# Made in Blockbench 5.1.6
mtllib burstyworsty irons.mtl

o unknown
v 0.5630495 0.4502195 0.03168649999999999
v -0.8300825 0.40966350000000007 -0.021680500000000002
v -0.8300825 0.4454755 0.0023835
v -0.8300825 0.4454755 0.00006950000000000012
v -0.8300825 0.40966350000000007 0.0241335
v 0.8173435 0.2745955000000001 -0.09036949999999999
v 0.6743885000000001 0.12752850000000007 -0.1250605
v 0.8114805 0.25745850000000003 -0.0659155
v 0.8201565000000001 0.22989550000000006 -0.056374499999999994
v 0.7228745000000001 0.09852650000000007 -0.12223049999999999
v 0.8382895 0.20805250000000006 -0.0673355
v 0.7344685000000001 0.09235850000000007 -0.1498865
v 0.9740225 0.25864850000000006 0.0604335
v 0.9997035000000001 0.3052405 0.042444499999999996
v 0.9815965000000001 0.28807650000000007 0.05980350000000001
v 1.0177355 0.30008650000000003 0.018525499999999997
v 0.8343095 0.2712675000000001 -0.1154115
v 1.1196675 0.18952950000000005 0.17786949999999999
v 1.1464485 0.19832850000000005 0.1662135
v 0.9814155 0.23419550000000008 0.043966500000000006
v 1.1612395 0.19336450000000008 0.1400025
v 1.1594645000000001 0.10119650000000008 0.2065805
v 1.0965855 0.1721225000000001 0.1681405
v 1.0907205 0.15630350000000007 0.14272649999999998
v 1.1335325 0.09218750000000006 0.1932845
v 1.1993415 0.11473050000000007 0.1691135
v 1.1867245 0.11053450000000006 0.19656849999999998
v 1.1899255 0.11132650000000008 0.1403005
v 1.2178805000000001 0.026331500000000077 0.1439985
v 1.2060955 0.009479500000000071 0.16667949999999998
v 1.1495455 0.00843750000000007 0.1657455
v 1.1241155 0.08878350000000007 0.1644705
v 1.1777905 0.0020675000000000693 0.1756885
v 1.2212505 -0.10565749999999993 0.1398245
v 1.2340725000000001 -0.08932649999999993 0.11735350000000001
v 1.1655415 -0.11217349999999993 0.1327545
v 1.2238205 -0.07569549999999993 0.09195450000000001
v 1.1928635 -0.11512049999999993 0.1462035
v 1.2113705000000001 -0.19381749999999992 0.0515665
v 1.2514585 -0.15466849999999993 0.043800500000000006
v 1.1552895 -0.09854249999999992 0.1073555
v 1.2396755000000002 -0.18230249999999992 0.04969850000000001
v 1.1831245000000001 -0.18246749999999992 0.048308500000000004
v 1.1714835000000001 -0.15490249999999994 0.0418355
v 1.1822375 -0.19393749999999993 -0.0593205
v 1.2080665000000002 -0.20856849999999993 -0.0665575
v 1.2351375 -0.20023149999999992 -0.0780105
v 1.2016705 -0.20975049999999992 -0.11554049999999999
v 1.2475965 -0.17380949999999992 -0.0869685
v 1.1836305 -0.21192849999999994 -0.0909785
v 1.1630755000000002 -0.19371649999999993 -0.0775865
v 1.1207135000000001 -0.27619249999999995 -0.14798350000000002
v 1.1727835 -0.16490749999999993 -0.06053650000000001
v 1.1832655 -0.12726849999999992 0.035936499999999996
v 1.1852415 -0.13848649999999993 -0.0694955
v 1.1681135 -0.08221149999999992 0.0848845
v 1.1520465 -0.16578149999999992 -0.08320849999999999
v 1.2115715 -0.11575449999999993 0.0340695
v 1.1379035 0.024857500000000074 0.14267849999999999
v 1.1496875 0.04171050000000007 0.11999749999999999
v 1.1964985000000001 -0.07274849999999992 0.0785055
v 1.1367315 0.09297950000000008 0.13701649999999999
v 1.1779915 0.04912250000000007 0.1109895
v 1.1055125 0.15133950000000007 0.11651450000000001
v 1.1639915 0.10231650000000006 0.1270045
v 0.9994465 0.2290415000000001 0.0200485
v 1.1322935 0.16013850000000007 0.10485850000000001
v 1.0175525 0.24620450000000008 0.002689500000000001
v 0.8552565000000001 0.20472450000000006 -0.0923775
v 1.1553765 0.17754550000000005 0.1145865
v 0.8611185 0.22186150000000007 -0.11683149999999999
v 0.7259785000000001 0.09820450000000008 -0.1787135
v 0.7023785 0.11263850000000009 -0.1918245
v 0.8524425 0.24942450000000008 -0.1263715
v 1.0251284999999999 0.27563250000000006 0.002058499999999998
v 1.2062395000000001 0.04275250000000008 0.12093250000000001
v 1.2398175 -0.12710349999999992 0.0373265
v 1.2123125000000001 -0.13014949999999992 -0.0809475
v 1.2381425000000001 -0.14478049999999992 -0.0881845
v 1.1956025000000001 -0.16052249999999993 -0.1425065
v 1.1570065 -0.14448949999999994 -0.10455249999999999
v 1.2066305 -0.18845749999999994 -0.1368845
v 1.1750475 -0.14231049999999992 -0.1291135
v 1.1026255 -0.23823849999999994 -0.1858295
v 1.0795525 -0.22116049999999993 -0.17518750000000002
v 1.0639735 -0.21980249999999993 -0.14886850000000001
v 1.0650115 -0.23496149999999993 -0.1222905
v 0.9931955 -0.3389344999999999 -0.1543005
v 1.1196755 -0.2610334999999999 -0.1745615
v 1.0247675 -0.3607864999999999 -0.19477750000000002
v 1.0003805 -0.3482934999999999 -0.18209350000000002
v 1.0520705 -0.3690944999999999 -0.18492150000000002
v 0.9762315 -0.4575744999999999 -0.1199315
v 1.0273955 -0.47725149999999994 -0.12880350000000002
v 0.9981195 -0.47273449999999995 -0.1338695
v 1.0662975 -0.36835249999999997 -0.1582995
v 0.9904105000000001 -0.5678234999999999 -0.0585335
v 1.0469115 -0.46847949999999994 -0.1076995
v 1.0591135 -0.35899349999999997 -0.1305065
v 0.9494965000000001 -0.5299824999999999 -0.0559475
v 1.1051335 -0.2748344999999999 -0.1216645
v 1.0820595 -0.25775649999999994 -0.1110225
v 1.0347264999999999 -0.34649949999999996 -0.1178225
v 1.0074235 -0.3381915 -0.1276785
v 0.9745565 -0.4406515 -0.0951525
v 0.9940705000000001 -0.4318804999999999 -0.0740495
v 0.9507935000000001 -0.5132595 -0.0308405
v 1.0233475 -0.43639649999999996 -0.0689825
v 0.9690365000000001 -0.5122104999999999 -0.0068045000000000015
v 1.0452355 -0.4515564999999999 -0.0829215
v 0.9935425 -0.5274515 0.002080499999999999
v 1.0086565 -0.5667745 -0.0344975
v 1.0099535 -0.5500524999999999 -0.009390500000000001
v 0.8811395000000001 -0.5992504999999999 0.041108500000000006
v 0.8919935 -0.6377505 0.0011084999999999984
v 0.8888145000000001 -0.6264744999999999 0.0293935
v 0.8734645000000001 -0.5720274999999999 0.0293935
v 0.8506355000000001 -0.6078505 0.041108500000000006
v 0.8583105000000001 -0.6350745 0.0293935
v 0.8614915000000001 -0.6463504999999999 0.0011084999999999984
v 0.8429615 -0.5806275 0.0293935
v 0.8888145000000001 -0.6264744999999999 -0.027175500000000002
v 0.8583105000000001 -0.6350745 -0.027175500000000002
v 0.8702855 -0.5607515 0.0011084999999999984
v 0.8397815000000001 -0.5693514999999999 0.0011084999999999984
v 0.8429615 -0.5806275 -0.027175500000000002
v 0.8734645000000001 -0.5720274999999999 -0.027175500000000002
v 0.8506355000000001 -0.6078505 -0.038891499999999996
v 0.9659065 -0.5525834999999999 -0.0674185
v 0.8811395000000001 -0.5992514999999999 -0.038891499999999996
v -0.42314549999999995 -0.10006949999999992 0.15510149999999998
v -0.3311105 -0.06875349999999993 0.1276245
v -0.40897649999999997 -0.09654749999999993 0.1820115
v -0.32654949999999994 -0.04157049999999993 0.1404635
v -0.46190149999999996 -0.04976049999999993 0.2037515
v -0.5460145 -0.15610949999999993 0.1903675
v -0.4363825 -0.06097349999999993 0.21641249999999998
v -0.5574914999999999 -0.13020449999999992 0.1787695
v -0.4760694999999999 -0.05328249999999993 0.17684149999999998
v -0.3582265 -0.0013094999999999218 0.1173955
v -0.33778049999999993 -0.013634499999999924 0.1362265
v -0.3759095 -0.011814499999999922 0.0950015
v -0.4705864999999999 -0.06947649999999993 0.15144749999999998
v -0.27820449999999997 0.009258500000000072 0.0231695
v -0.3032465 -0.006413499999999933 0.015131500000000003
v -0.38047149999999996 -0.03899749999999993 0.0821625
v -0.4486644999999999 -0.08885649999999992 0.1424415
v -0.36923949999999994 -0.06693349999999992 0.0863995
v -0.31017949999999994 -0.036080499999999925 0.012122499999999998
v -0.3487935 -0.07925849999999993 0.10523149999999999
v -0.2949425 -0.06236449999999993 0.015902499999999996
v -0.26646249999999994 -0.06986749999999993 0.0242595
v -0.28803449999999997 -0.013072499999999931 -0.062033500000000005
v -0.2794845 -0.06734049999999993 -0.0497275
v -0.25026550000000003 -0.07344849999999993 -0.043617500000000003
v -0.24142249999999996 -0.054195499999999924 0.032296500000000006
v -0.2344895 -0.024528499999999925 0.035306500000000005
v -0.29512949999999993 -0.042332499999999926 -0.057355500000000004
v -0.2497245 0.0017545000000000754 0.0315255
v -0.21749549999999998 -0.027816499999999925 -0.0472845
v -0.2331405 -0.002808499999999922 -0.054913500000000004
v -0.2623575 0.0032995000000000663 -0.06102250000000001
v -0.2803255 -0.039001499999999925 -0.1307905
v -0.22458949999999997 -0.05707649999999993 -0.042606500000000005
v -0.24308749999999998 -0.08869449999999993 -0.0916345
v -0.2173245 -0.07334049999999993 -0.0966505
v -0.2100135 -0.04792749999999993 -0.1116645
v -0.20969249999999998 -0.09883949999999993 -0.1235825
v -0.2722105 -0.08499749999999993 -0.09955649999999999
v -0.23572649999999998 -0.11192849999999993 -0.1147995
v -0.28763549999999993 -0.06441349999999993 -0.1157755
v -0.26314950000000004 -0.11586949999999993 -0.1273915
v -0.2665075 -0.09378649999999993 -0.1789965
v -0.1904505 -0.14130549999999992 -0.1270915
v -0.27589949999999996 -0.10835449999999992 -0.15398250000000002
v -0.24064649999999996 -0.1670224999999999 -0.1290875
v -0.21686549999999996 -0.1524844999999999 -0.1165985
v -0.16219749999999997 -0.24732049999999992 -0.0659165
v -0.18287649999999997 -0.2684484999999999 -0.0735875
v -0.24785949999999998 -0.17640549999999994 -0.1572435
v -0.2342835 -0.17513549999999994 -0.1845725
v -0.18456549999999997 -0.2902864999999999 -0.0948735
v -0.1662755 -0.30004249999999993 -0.11730349999999999
v -0.20786949999999996 -0.16395749999999992 -0.1950665
v -0.11702449999999998 -0.3572384999999999 -0.0064715000000000016
v -0.13127349999999996 -0.2848514999999999 -0.0109365
v -0.1478745 -0.30984749999999994 -0.0048655
v -0.14197249999999997 -0.33983149999999995 -0.003015500000000001
v -0.09799149999999998 -0.28985549999999993 0.1105645
v -0.09248649999999997 -0.2691974999999999 0.08927550000000001
v -0.8163665 0.4454755 0.00006950000000000012
v -0.8300825 0.4454755 0.00006950000000000012
v -0.8300825 0.4454755 0.0023835
v -0.8163665 0.4454755 0.0023835
v 0.5805075000000001 0.3986465000000001 0.03168649999999999
v 0.5805075000000001 0.4502195 0.03168649999999999
v 0.5630495 0.3986465000000001 0.03168649999999999
v 0.5805075000000001 0.4618945000000001 0.029364499999999998
v 0.5630495 0.4618945000000001 0.029364499999999998
v 0.5805075000000001 0.47179150000000003 0.022751499999999997
v 0.5630495 0.47179150000000003 0.022751499999999997
v 0.5805075000000001 0.4784045 0.012854500000000001
v 0.5630495 0.4784045 0.012854500000000001
v 0.5805075000000001 0.48072550000000003 0.0011795
v 0.5630495 0.48072550000000003 0.0011795
v 0.5805075000000001 0.4784045 -0.010495500000000001
v 0.5630495 0.4784045 -0.010495500000000001
v 0.5805075000000001 0.47179150000000003 -0.0203925
v 0.5630495 0.47179150000000003 -0.0203925
v 0.5805075000000001 0.4618945000000001 -0.0270055
v 0.5630495 0.4618945000000001 -0.0270055
v 0.5805075000000001 0.4502195 -0.0293275
v 0.5630495 0.4502195 -0.0293275
v 0.5805075000000001 0.3986465000000001 -0.0293275
v 0.5630495 0.3986465000000001 -0.0293275
v 0.5805075000000001 0.42864750000000007 -0.0203925
v 0.5805075000000001 0.3986465000000001 -0.0270055
v 0.5805075000000001 0.4385445 -0.0270055
v 0.5805075000000001 0.3986465000000001 -0.0293275
v 0.5805075000000001 0.4502195 -0.0293275
v 0.5805075000000001 0.3986465000000001 -0.0203925
v 0.5805075000000001 0.44820250000000006 -0.0240055
v 0.5805075000000001 0.4385635 -0.0220885
v 0.5805075000000001 0.4578405000000001 -0.0220885
v 0.5805075000000001 0.4618945000000001 -0.0270055
v 0.5805075000000001 0.4660115 -0.0166285
v 0.5805075000000001 0.47179150000000003 -0.0203925
v 0.5805075000000001 0.4714705 -0.0084585
v 0.5805075000000001 0.4784045 -0.010495500000000001
v 0.5805075000000001 0.47338650000000004 0.0011795
v 0.5805075000000001 0.48072550000000003 0.0011795
v 0.5805075000000001 0.4784045 0.012854500000000001
v 0.5805075000000001 0.4714705 0.0108175
v 0.5805075000000001 0.47179150000000003 0.022751499999999997
v 0.5805075000000001 0.4660115 0.018988500000000002
v 0.5805075000000001 0.4618945000000001 0.029364499999999998
v 0.5805075000000001 0.4578405000000001 0.0244475
v 0.5805075000000001 0.4502195 0.03168649999999999
v 0.5805075000000001 0.44820250000000006 0.026364500000000003
v 0.5805075000000001 0.4385445 0.029364499999999998
v 0.5805075000000001 0.3986465000000001 0.03168649999999999
v 0.5805075000000001 0.4385635 0.0244475
v 0.5805075000000001 0.3986465000000001 0.029364499999999998
v 0.5805075000000001 0.42864750000000007 0.022751499999999997
v 0.5805075000000001 0.4303945 0.018988500000000002
v 0.5805075000000001 0.3986465000000001 0.022751499999999997
v 0.5805075000000001 0.4220345000000001 0.012854500000000001
v 0.5805075000000001 0.4249345 0.0108175
v 0.5805075000000001 0.3986465000000001 0.012854500000000001
v 0.5805075000000001 0.4197115 0.0011795
v 0.5805075000000001 0.42301750000000005 0.0011795
v 0.5805075000000001 0.3986465000000001 0.0011795
v 0.5805075000000001 0.4249345 -0.0084585
v 0.5805075000000001 0.3986465000000001 -0.010495500000000001
v 0.5805075000000001 0.4220345000000001 -0.010495500000000001
v 0.5805075000000001 0.4303945 -0.0166285
v -0.8300825 0.4454755 0.0023835
v -0.8300825 0.40966350000000007 0.0241335
v -0.8163665 0.40966350000000007 0.0241335
v -0.8163665 0.4454755 0.0023835
v -0.8163665 0.4454755 0.00006950000000000012
v -0.8300825 0.40966350000000007 -0.021680500000000002
v -0.8300825 0.4454755 0.00006950000000000012
v -0.8163665 0.40966350000000007 -0.021680500000000002
v 0.5553855 0.38328450000000003 0.034570500000000004
v 0.5553855 0.4161115000000001 0.034570500000000004
v 0.5485875 0.39969850000000007 0.034570500000000004
v 0.5717995 0.37648550000000003 0.034570500000000004
v 0.5882125 0.4161115000000001 0.034570500000000004
v 0.5717995 0.4229105000000001 0.034570500000000004
v 0.5882125 0.38328450000000003 0.034570500000000004
v 0.5950105 0.39969850000000007 0.034570500000000004
v -0.8397114999999999 0.38328450000000003 0.034570500000000004
v -0.8397114999999999 0.4161115000000001 0.034570500000000004
v -0.8465115 0.39969850000000007 0.034570500000000004
v -0.8232995 0.37648550000000003 0.034570500000000004
v -0.8068865 0.4161115000000001 0.034570500000000004
v -0.8232995 0.4229105000000001 0.034570500000000004
v -0.8068865 0.38328450000000003 0.034570500000000004
v -0.8000864999999999 0.39969850000000007 0.034570500000000004
v 0.5882125 0.4161115000000001 -0.0321175
v 0.5882125 0.38328450000000003 -0.0321175
v 0.5717995 0.37648550000000003 -0.0321175
v 0.5950105 0.39969850000000007 -0.0321175
v 0.5553855 0.4161115000000001 -0.0321175
v 0.5717995 0.4229105000000001 -0.0321175
v 0.5553855 0.38328450000000003 -0.0321175
v 0.5485875 0.39969850000000007 -0.0321175
v -0.8068865 0.4161115000000001 -0.0321175
v -0.8068865 0.38328450000000003 -0.0321175
v -0.8232995 0.37648550000000003 -0.0321175
v -0.8000864999999999 0.39969850000000007 -0.0321175
v -0.8397114999999999 0.4161115000000001 -0.0321175
v -0.8232995 0.4229105000000001 -0.0321175
v -0.8397114999999999 0.38328450000000003 -0.0321175
v -0.8465115 0.39969850000000007 -0.0321175
v -0.8232995 0.4229105000000001 -0.0321175
v -0.8068865 0.4161115000000001 0.034570500000000004
v -0.8068865 0.4161115000000001 -0.0321175
v -0.8000864999999999 0.39969850000000007 0.034570500000000004
v -0.8232995 0.4229105000000001 0.034570500000000004
v -0.8000864999999999 0.39969850000000007 -0.0321175
v -0.8397114999999999 0.4161115000000001 -0.0321175
v -0.8068865 0.38328450000000003 0.034570500000000004
v -0.8397114999999999 0.4161115000000001 0.034570500000000004
v -0.8068865 0.38328450000000003 -0.0321175
v -0.8465115 0.39969850000000007 -0.0321175
v -0.8232995 0.37648550000000003 0.034570500000000004
v -0.8465115 0.39969850000000007 0.034570500000000004
v -0.8232995 0.37648550000000003 -0.0321175
v -0.8397114999999999 0.38328450000000003 -0.0321175
v -0.8397114999999999 0.38328450000000003 0.034570500000000004
v 0.5630495 0.44820250000000006 0.026364500000000003
v 0.5805075000000001 0.44820250000000006 0.026364500000000003
v 0.5805075000000001 0.4385635 0.0244475
v 0.5630495 0.4578405000000001 0.0244475
v 0.5630495 0.4385635 0.0244475
v 0.5805075000000001 0.4578405000000001 0.0244475
v 0.5805075000000001 0.4303945 0.018988500000000002
v 0.5630495 0.4660115 0.018988500000000002
v 0.5630495 0.4303945 0.018988500000000002
v 0.5805075000000001 0.4660115 0.018988500000000002
v 0.5630495 0.4249345 0.0108175
v 0.5630495 0.4714705 0.0108175
v 0.5805075000000001 0.4249345 0.0108175
v 0.5805075000000001 0.4714705 0.0108175
v 0.5630495 0.42301750000000005 0.0011795
v 0.5630495 0.47338650000000004 0.0011795
v 0.5805075000000001 0.42301750000000005 0.0011795
v 0.5805075000000001 0.47338650000000004 0.0011795
v 0.5630495 0.4249345 -0.0084585
v 0.5630495 0.4714705 -0.0084585
v 0.5805075000000001 0.4249345 -0.0084585
v 0.5805075000000001 0.4714705 -0.0084585
v 0.5630495 0.4303945 -0.0166285
v 0.5630495 0.4660115 -0.0166285
v 0.5805075000000001 0.4303945 -0.0166285
v 0.5805075000000001 0.4660115 -0.0166285
v 0.5630495 0.4385635 -0.0220885
v 0.5805075000000001 0.4578405000000001 -0.0220885
v 0.5805075000000001 0.4385635 -0.0220885
v 0.5630495 0.4578405000000001 -0.0220885
v 0.5630495 0.44820250000000006 -0.0240055
v 0.5805075000000001 0.44820250000000006 -0.0240055
v -0.1346435 -0.23927949999999992 -0.0763525
v -0.10189549999999997 -0.27948349999999994 -0.0176735
v -0.08335949999999998 -0.3140414999999999 0.1211145
v -0.07006849999999998 -0.2641674999999999 0.0697175
v -0.07694849999999998 -0.29689049999999995 -0.021129500000000002
v -0.11635349999999997 -0.24903649999999994 -0.0987835
v -0.1768735 -0.14003549999999992 -0.15442050000000002
v -0.2003015 -0.08427049999999993 -0.14859650000000002
v -0.21305149999999998 -0.07675649999999992 -0.17518850000000002
v -0.22543849999999996 -0.027344499999999924 -0.1278825
v -0.2545625 -0.023646499999999925 -0.1358055
v -0.24047549999999998 -0.08069749999999992 -0.18778050000000002
v -0.1840895 -0.14941849999999993 -0.1825775
v -0.1180425 -0.2708744999999999 -0.1200685
v -0.13872149999999997 -0.29200249999999994 -0.1277405
v -0.07104649999999998 -0.32687349999999993 -0.0192805
v -0.029241499999999976 -0.30189849999999996 0.0738985
v -0.08764749999999999 -0.3518705 -0.013208500000000001
v -0.03474749999999999 -0.32255749999999994 0.09518750000000001
v -0.05716249999999998 -0.3275864999999999 0.11474550000000001
v 0.02649750000000002 -0.20745749999999993 0.13578949999999998
v -0.04387149999999998 -0.27771349999999995 0.0633475
v 0.02137550000000002 -0.19686049999999994 0.10752750000000001
v -0.019371499999999986 -0.20427949999999995 0.1687425
v 0.009619500000000017 -0.21053049999999993 0.1611455
v 0.12048850000000001 -0.08458449999999992 0.1111225
v 0.11954550000000001 -0.056958499999999926 0.1242815
v 0.10638850000000001 -0.09772649999999992 0.0873375
v -0.04349249999999999 -0.1923654999999999 0.15413149999999998
v 0.16166850000000002 -0.08324049999999993 0.07601150000000001
v 0.08550450000000001 -0.08868649999999993 0.0668585
v 0.08322550000000001 -0.021990499999999927 0.0986275
v -0.04861449999999998 -0.18176849999999994 0.1258695
v -0.03173549999999997 -0.17869549999999992 0.1005125
v -0.002744499999999983 -0.18494649999999993 0.0929155
v 0.07007050000000001 -0.06275849999999993 0.0616835
v 0.0691255 -0.03513249999999993 0.0748425
v 0.12194250000000002 -0.05778849999999992 0.019342500000000002
v 0.1343175 -0.03011749999999993 0.0230945
v 0.15470350000000002 -0.018005499999999924 0.04234550000000001
v 0.12482750000000002 -0.08480949999999993 0.0332865
v 0.31177750000000004 -0.11241049999999993 -0.056635500000000005
v 0.3187995 -0.08422149999999992 -0.0478335
v 0.10410950000000002 -0.031030499999999926 0.11910549999999999
v 0.17115950000000002 -0.028548499999999928 0.0658185
v 0.3262935 -0.07121249999999993 -0.021451500000000002
v 0.17404450000000002 -0.055569499999999925 0.0797635
v 0.4655205 -0.09477449999999993 -0.0443285
v 0.3298705 -0.08100449999999992 0.0070565
v 0.4702315 -0.08409249999999993 -0.016282500000000002
v 0.3274355 -0.10786249999999993 0.0209915
v 0.3204135 -0.13605149999999994 0.012189500000000002
v 0.47961050000000005 -0.09611849999999993 0.009989499999999998
v 0.48816550000000003 -0.12380849999999993 0.0190985
v 0.5835905 -0.01321049999999993 -0.0766135
v 0.6104065 -0.017410499999999926 -0.0624555
v 0.49088350000000003 -0.15094049999999992 0.005708499999999998
v 0.4861725 -0.16162249999999995 -0.0223375
v 0.6393405000000001 -0.06124849999999993 -0.0834565
v 0.6335005 -0.037308499999999925 -0.0652895
v 0.6843105 0.006646500000000069 -0.1397195
v 0.6754005000000001 0.021764500000000075 -0.11477949999999999
v 0.6245095 -0.07520649999999993 -0.10631349999999999
v 0.3129195 -0.14905949999999993 -0.0141925
v 0.5976925000000001 -0.07100549999999993 -0.1204715
v 0.4767935 -0.1495964999999999 -0.0486095
v 0.1412815 -0.09535149999999992 0.056760500000000005
v 0.3093425 -0.13926749999999993 -0.0427005
v 0.4682385 -0.12190749999999992 -0.057718500000000006
v 0.5745995 -0.05110749999999993 -0.11763749999999999
v 0.6480355000000001 0.01229450000000007 -0.1824675
v 0.5687575 -0.02716849999999993 -0.0994705
v 0.6241025 0.02975250000000007 -0.17523450000000002
v 0.6729765000000001 0.002723500000000073 -0.1677565
v 0.6265265000000001 0.04879350000000007 -0.12225749999999999
v 0.6151925 0.04487050000000006 -0.1502945
v 0.6514665000000001 0.03922250000000008 -0.1075465
v 0.6774925 0.12720650000000008 -0.18154250000000002
v 0.6658995000000001 0.13337350000000006 -0.1538875
v 0.6979885 0.11309450000000007 -0.11194749999999999
v 0.5630495 0.3986465000000001 0.029364499999999998
v 0.5630495 0.42864750000000007 0.022751499999999997
v 0.5630495 0.3986465000000001 0.022751499999999997
v 0.5630495 0.4220345000000001 0.012854500000000001
v 0.5630495 0.3986465000000001 0.012854500000000001
v 0.5630495 0.4385445 0.029364499999999998
v 0.5630495 0.3986465000000001 0.03168649999999999
v 0.5630495 0.4502195 0.03168649999999999
v 0.5630495 0.4385635 0.0244475
v 0.5630495 0.4303945 0.018988500000000002
v 0.5630495 0.44820250000000006 0.026364500000000003
v 0.5630495 0.4578405000000001 0.0244475
v 0.5630495 0.4618945000000001 0.029364499999999998
v 0.5630495 0.4660115 0.018988500000000002
v 0.5630495 0.47179150000000003 0.022751499999999997
v 0.5630495 0.4714705 0.0108175
v 0.5630495 0.4784045 0.012854500000000001
v 0.5630495 0.47338650000000004 0.0011795
v 0.5630495 0.48072550000000003 0.0011795
v 0.5630495 0.4784045 -0.010495500000000001
v 0.5630495 0.4714705 -0.0084585
v 0.5630495 0.47179150000000003 -0.0203925
v 0.5630495 0.4660115 -0.0166285
v 0.5630495 0.4618945000000001 -0.0270055
v 0.5630495 0.4578405000000001 -0.0220885
v 0.5630495 0.4502195 -0.0293275
v 0.5630495 0.44820250000000006 -0.0240055
v 0.5630495 0.4385445 -0.0270055
v 0.5630495 0.3986465000000001 -0.0293275
v 0.5630495 0.4385635 -0.0220885
v 0.5630495 0.3986465000000001 -0.0270055
v 0.5630495 0.42864750000000007 -0.0203925
v 0.5630495 0.4303945 -0.0166285
v 0.5630495 0.3986465000000001 -0.0203925
v 0.5630495 0.4220345000000001 -0.010495500000000001
v 0.5630495 0.4249345 -0.0084585
v 0.5630495 0.3986465000000001 -0.010495500000000001
v 0.5630495 0.4197115 0.0011795
v 0.5630495 0.42301750000000005 0.0011795
v 0.5630495 0.3986465000000001 0.0011795
v 0.5630495 0.4249345 0.0108175
v -0.9425504999999998 0.030018500000000073 -0.15434150000000002
v -0.9308345 0.05830250000000006 -0.15434150000000002
v -0.9425504999999998 0.030018500000000073 -0.1226485
v -0.9308345 0.05830250000000006 -0.1226485
v -0.9708334999999999 0.01830250000000007 -0.1226485
v -0.9425504999999998 0.08658650000000007 -0.15434150000000002
v -0.9425504999999998 0.08658650000000007 -0.1226485
v -0.8934655 0.044336500000000084 -0.2087565
v -0.9708334999999999 0.09830250000000007 -0.15434150000000002
v -0.9708334999999999 0.09830250000000007 -0.1226485
v -0.9080245 0.044132500000000074 -0.23568550000000002
v -0.9991185 0.08658650000000007 -0.15434150000000002
v -0.9991185 0.08658650000000007 -0.1226485
v -0.9300065 0.02694750000000007 -0.24827950000000001
v -1.0108335 0.05830250000000006 -0.15434150000000002
v -1.0108335 0.05830250000000006 -0.1226485
v -0.9465375 0.002849500000000074 -0.23915850000000002
v -0.9991185 0.030018500000000073 -0.15434150000000002
v -0.9991185 0.030018500000000073 -0.1226485
v -0.8162444999999999 -0.07667249999999992 -0.2570375
v -0.9708334999999999 0.01830250000000007 -0.15434150000000002
v -0.9479335 -0.014045499999999933 -0.2136685
v -0.9333765 -0.013841499999999923 -0.1867395
v -0.8509494999999999 -0.10217749999999992 -0.22036750000000002
v -0.8379685 -0.09596249999999992 -0.2473865
v -0.8475834999999999 -0.09167749999999993 -0.19180850000000002
v -0.9113925 0.0033435000000000686 -0.1741455
v -0.8948605000000001 0.027441500000000077 -0.1832655
v -0.8081195 -0.051323499999999925 -0.18809250000000002
v -0.8298415 -0.07061249999999993 -0.1784405
v -0.7795934999999999 -0.12446549999999992 -0.15203850000000002
v -0.7948295 -0.1485404999999999 -0.1632425
v -0.7511114999999999 -0.11361449999999992 -0.1549335
v -0.7951385 -0.045108499999999926 -0.2151105
v -0.7985045 -0.05560849999999993 -0.2436695
v -0.7260715 -0.12234349999999992 -0.1702315
v -0.7019004999999999 -0.1757384999999999 -0.0408615
v -0.6767065 -0.16599149999999993 -0.0542415
v -0.7191384999999999 -0.14553849999999993 -0.1889705
v -0.6546035 -0.17897449999999993 -0.0701065
v -0.6295934999999999 -0.16165349999999992 0.0705665
v -0.7154284999999999 -0.20250549999999992 -0.037804500000000005
v -0.6011124999999999 -0.15669049999999993 0.060491500000000004
v -0.6448284999999999 -0.18593349999999992 0.0813175
v -0.5528725 -0.11402449999999993 0.15319349999999998
v -0.5760715 -0.17395249999999993 0.056994500000000003
v -0.5348645 -0.11704649999999993 0.1286215
v -0.6378965 -0.21530849999999993 0.0864475
v -0.7093655 -0.23061249999999991 -0.0468615
v -0.6872625 -0.24359449999999994 -0.0627275
v -0.7878955 -0.17173649999999993 -0.18198150000000002
v -0.7628554999999999 -0.18046449999999992 -0.19727950000000002
v -0.7343755 -0.16961349999999992 -0.2001745
v -0.6128555 -0.23257049999999993 0.08294950000000001
v -0.6620674999999999 -0.23384749999999993 -0.0761075
v -0.6485394999999999 -0.20708049999999995 -0.0791645
v -0.5691394999999999 -0.20332749999999994 0.0621235
v -0.5843744999999999 -0.22760749999999993 0.07287450000000001
v -0.5251644999999999 -0.17656349999999993 0.18119149999999998
v -0.5025375 -0.16340449999999992 0.13104349999999998
v -0.5071565 -0.17958449999999992 0.1566195
v -0.5140144999999999 -0.13750049999999991 0.1194465
v -0.4144605 -0.08035349999999992 0.2074075
v -0.8163665 0.40966350000000007 -0.021680500000000002
v -0.8163665 0.40966350000000007 0.0241335
v -0.8300825 0.40966350000000007 -0.021680500000000002
v -0.8300825 0.40966350000000007 0.0241335
v 0.5717995 0.4229105000000001 -0.0321175
v 0.5882125 0.4161115000000001 0.034570500000000004
v 0.5882125 0.4161115000000001 -0.0321175
v 0.5950105 0.39969850000000007 0.034570500000000004
v 0.5717995 0.4229105000000001 0.034570500000000004
v 0.5950105 0.39969850000000007 -0.0321175
v 0.5553855 0.4161115000000001 -0.0321175
v 0.5882125 0.38328450000000003 0.034570500000000004
v 0.5553855 0.4161115000000001 0.034570500000000004
v 0.5882125 0.38328450000000003 -0.0321175
v 0.5485875 0.39969850000000007 -0.0321175
v 0.5717995 0.37648550000000003 0.034570500000000004
v 0.5485875 0.39969850000000007 0.034570500000000004
v 0.5717995 0.37648550000000003 -0.0321175
v 0.5553855 0.38328450000000003 -0.0321175
v 0.5553855 0.38328450000000003 0.034570500000000004
v -0.8163665 0.4454755 0.00006950000000000012
v -0.8163665 0.40966350000000007 0.0241335
v -0.8163665 0.40966350000000007 -0.021680500000000002
v -0.8163665 0.4454755 0.0023835
vt 0 0
vt 0 0
vt 0 0
vt 0 0
vt 0 0
vt 0 0
vt 0 0
vt 0 0
vt 0 0
vt 0 0
vt 0 0
vt 0 0
vt 0 0
vt 0 0
vt 0 0
vt 0 0
vt 0 0
vt 0 0
vt 0 0
vt 0 0
vt 0 0
vt 0 0
vt 0 0
vt 0 0
vt 0 0
vt 0 0
vt 0 0
vt 0 0
vt 0 0
vt 0 0
vt 0 0
vt 0 0
vt 0 0
vt 0 0
vt 0 0
vt 0 0
vt 0 0
vt 0 0
vt 0 0
vt 0 0
vt 0 0
vt 0 0
vt 0 0
vt 0 0
vt 0 0
vt 0 0
vt 0 0
vt 0 0
vt 0 0
vt 0 0
vt 0 0
vt 0 0
vt 0 0
vt 0 0
vt 0 0
vt 0 0
vt 0 0
vt 0 0
vt 0 0
vt 0 0
vt 0 0
vt 0 0
vt 0 0
vt 0 0
vt 0 0
vt 0 0
vt 0 0
vt 0 0
vt 0 0
vt 0 0
vt 0 0
vt 0 0
vt 0 0
vt 0 0
vt 0 0
vt 0 0
vt 0 0
vt 0 0
vt 0 0
vt 0 0
vt 0 0
vt 0 0
vt 0 0
vt 0 0
vt 0 0
vt 0 0
vt 0 0
vt 0 0
vt 0 0
vt 0 0
vt 0 0
vt 0 0
vt 0 0
vt 0 0
vt 0 0
vt 0 0
vt 0 0
vt 0 0
vt 0 0
vt 0 0
vt 0 0
vt 0 0
vt 0 0
vt 0 0
vt 0 0
vt 0 0
vt 0 0
vt 0 0
vt 0 0
vt 0 0
vt 0 0
vt 0 0
vt 0 0
vt 0 0
vt 0 0
vt 0 0
vt 0 0
vt 0 0
vt 0 0
vt 0 0
vt 0 0
vt 0 0
vt 0 0
vt 0 0
vt 0 0
vt 0 0
vt 0 0
vt 0 0
vt 0 0
vt 0 0
vt 0 0
vt 0 0
vt 0 0
vt 0 0
vt 0 0
vt 0 0
vt 0 0
vt 0 0
vt 0 0
vt 0 0
vt 0 0
vt 0 0
vt 0 0
vt 0 0
vt 0 0
vt 0 0
vt 0 0
vt 0 0
vt 0 0
vt 0 0
vt 0 0
vt 0 0
vt 0 0
vt 0 0
vt 0 0
vt 0 0
vt 0 0
vt 0 0
vt 0 0
vt 0 0
vt 0 0
vt 0 0
vt 0 0
vt 0 0
vt 0 0
vt 0 0
vt 0 0
vt 0 0
vt 0 0
vt 0 0
vt 0 0
vt 0 0
vt 0 0
vt 0 0
vt 0 0
vt 0 0
vt 0 0
vt 0 0
vt 0 0
vt 0 0
vt 0 0
vt 0 0
vt 0 0
vt 0 0
vt 0 0
vt 0 0
vt 0 0
vt 0 0
vt 0 0
vt 0 0
vt 0 0
vt 0 0
vt 0 0
vt 0 0
vt 0 0
vt 0 0
vt 0 0
vt 0 0
vt 0 0
vt 0 0
vt 0 0
vt 0 0
vt 0 0
vt 0 0
vt 0 0
vt 0 0
vt 0 0
vt 0 0
vt 0 0
vt 0 0
vt 0 0
vt 0 0
vt 0 0
vt 0 0
vt 0 0
vt 0 0
vt 0 0
vt 0 0
vt 0 0
vt 0 0
vt 0 0
vt 0 0
vt 0 0
vt 0 0
vt 0 0
vt 0 0
vt 0 0
vt 0 0
vt 0 0
vt 0 0
vt 0 0
vt 0 0
vt 0 0
vt 0 0
vt 0 0
vt 0 0
vt 0 0
vt 0 0
vt 0 0
vt 0 0
vt 0 0
vt 0 0
vt 0 0
vt 0 0
vt 0 0
vt 0 0
vt 0 0
vt 0 0
vt 0 0
vt 0 0
vt 0 0
vt 0 0
vt 0 0
vt 0 0
vt 0 0
vt 0 0
vt 0 0
vt 0 0
vt 0 0
vt 0 0
vt 0 0
vt 0 0
vt 0 0
vt 0 0
vt 0 0
vt 0 0
vt 0 0
vt 0 0
vt 0 0
vt 0 0
vt 0 0
vt 0 0
vt 0 0
vt 0 0
vt 0 0
vt 0 0
vt 0 0
vt 0 0
vt 0 0
vt 0 0
vt 0 0
vt 0 0
vt 0 0
vt 0 0
vt 0 0
vt 0 0
vt 0 0
vt 0 0
vt 0 0
vt 0 0
vt 0 0
vt 0 0
vt 0 0
vt 0 0
vt 0 0
vt 0 0
vt 0 0
vt 0 0
vt 0 0
vt 0 0
vt 0 0
vt 0 0
vt 0 0
vt 0 0
vt 0 0
vt 0 0
vt 0 0
vt 0 0
vt 0 0
vt 0 0
vt 0 0
vt 0 0
vt 0 0
vt 0 0
vt 0 0
vt 0 0
vt 0 0
vt 0 0
vt 0 0
vt 0 0
vt 0 0
vt 0 0
vt 0 0
vt 0 0
vt 0 0
vt 0 0
vt 0 0
vt 0 0
vt 0 0
vt 0 0
vt 0 0
vt 0 0
vt 0 0
vt 0 0
vt 0 0
vt 0 0
vt 0 0
vt 0 0
vt 0 0
vt 0 0
vt 0 0
vt 0 0
vt 0 0
vt 0 0
vt 0 0
vt 0 0
vt 0 0
vt 0 0
vt 0 0
vt 0 0
vt 0 0
vt 0 0
vt 0 0
vt 0 0
vt 0 0
vt 0 0
vt 0 0
vt 0 0
vt 0 0
vt 0 0
vt 0 0
vt 0 0
vt 0 0
vt 0 0
vt 0 0
vt 0 0
vt 0 0
vt 0 0
vt 0 0
vt 0 0
vt 0 0
vt 0 0
vt 0 0
vt 0 0
vt 0 0
vt 0 0
vt 0 0
vt 0 0
vt 0 0
vt 0 0
vt 0 0
vt 0 0
vt 0 0
vt 0 0
vt 0 0
vt 0 0
vt 0 0
vt 0 0
vt 0 0
vt 0 0
vt 0 0
vt 0 0
vt 0 0
vt 0 0
vt 0 0
vt 0 0
vt 0 0
vt 0 0
vt 0 0
vt 0 0
vt 0 0
vt 0 0
vt 0 0
vt 0 0
vt 0 0
vt 0 0
vt 0 0
vt 0 0
vt 0 0
vt 0 0
vt 0 0
vt 0 0
vt 0 0
vt 0 0
vt 0 0
vt 0 0
vt 0 0
vt 0 0
vt 0 0
vt 0 0
vt 0 0
vt 0 0
vt 0 0
vt 0 0
vt 0 0
vt 0 0
vt 0 0
vt 0 0
vt 0 0
vt 0 0
vt 0 0
vt 0 0
vt 0 0
vt 0 0
vt 0 0
vt 0 0
vt 0 0
vt 0 0
vt 0 0
vt 0 0
vt 0 0
vt 0 0
vt 0 0
vt 0 0
vt 0 0
vt 0 0
vt 0 0
vt 0 0
vt 0 0
vt 0 0
vt 0 0
vt 0 0
vt 0 0
vt 0 0
vt 0 0
vt 0 0
vt 0 0
vt 0 0
vt 0 0
vt 0 0
vt 0 0
vt 0 0
vt 0 0
vt 0 0
vt 0 0
vt 0 0
vt 0 0
vt 0 0
vt 0 0
vt 0 0
vt 0 0
vt 0 0
vt 0 0
vt 0 0
vt 0 0
vt 0 0
vt 0 0
vt 0 0
vt 0 0
vt 0 0
vt 0 0
vt 0 0
vt 0 0
vt 0 0
vt 0 0
vt 0 0
vt 0 0
vt 0 0
vt 0 0
vt 0 0
vt 0 0
vt 0 0
vt 0 0
vt 0 0
vt 0 0
vt 0 0
vt 0 0
vt 0 0
vt 0 0
vt 0 0
vt 0 0
vt 0 0
vt 0 0
vt 0 0
vt 0 0
vt 0 0
vt 0 0
vt 0 0
vt 0 0
vt 0 0
vt 0 0
vt 0 0
vt 0 0
vt 0 0
vt 0 0
vt 0 0
vt 0 0
vt 0 0
vt 0 0
vt 0 0
vt 0 0
vt 0 0
vt 0 0
vt 0 0
vt 0 0
vt 0 0
vt 0 0
vt 0 0
vt 0 0
vt 0 0
vt 0 0
vt 0 0
vt 0 0
vt 0 0
vt 0 0
vt 0 0
vt 0 0
vt 0 0
vt 0 0
vt 0 0
vt 0 0
vt 0 0
vt 0 0
vt 0 0
vt 0 0
vt 0 0
vt 0 0
vt 0 0
vt 0 0
vt 0 0
vt 0 0
vt 0 0
vt 0 0
vt 0 0
vt 0 0
vt 0 0
vt 0 0
vt 0 0
vt 0 0
vt 0 0
vt 0 0
vt 0 0
vt 0 0
vt 0 0
vt 0 0
vt 0 0
vt 0 0
vt 0 0
vt 0 0
vt 0 0
vt 0 0
vt 0 0
vt 0 0
vt 0 0
vt 0 0
vt 0 0
vt 0 0
vt 0 0
vt 0 0
vt 0 0
vt 0 0
vt 0 0
vt 0 0
vt 0 0
vt 0 0
vt 0 0
vt 0 0
vt 0 0
vt 0 0
vt 0 0
vt 0 0
vt 0 0
vt 0 0
vt 0 0
vt 0 0
vt 0 0
vt 0 0
vt 0 0
vt 0 0
vt 0 0
vt 0 0
vt 0 0
vt 0 0
vt 0 0
vt 0 0
vt 0 0
vt 0 0
vt 0 0
vt 0 0
vt 0 0
vt 0 0
vt 0 0
vt 0 0
vt 0 0
vt 0 0
vt 0 0
vt 0 0
vt 0 0
vt 0 0
vt 0 0
vt 0 0
vt 0 0
vt 0 0
vt 0 0
vt 0 0
vt 0 0
vt 0 0
vt 0 0
vt 0 0
vt 0 0
vt 0 0
vt 0 0
vt 0 0
vt 0 0
vt 0 0
vt 0 0
vt 0 0
vt 0 0
vt 0 0
vt 0 0
vt 0 0
vt 0 0
vt 0 0
vt 0 0
vt 0 0
vt 0 0
vt 0 0
vt 0 0
vt 0 0
vt 0 0
vt 0 0
vt 0 0
vt 0 0
vt 0 0
vt 0 0
vt 0 0
vt 0 0
vt 0 0
vt 0 0
vt 0 0
vt 0 0
vt 0 0
vt 0 0
vt 0 0
vt 0 0
vt 0 0
vt 0 0
vt 0 0
vt 0 0
vt 0 0
vt 0 0
vt 0 0
vt 0 0
vt 0 0
vt 0 0
vt 0 0
vt 0 0
vt 0 0
vt 0 0
vt 0 0
vt 0 0
vt 0 0
vt 0 0
vt 0 0
vt 0 0
vt 0 0
vt 0 0
vt 0 0
vt 0 0
vt 0 0
vt 0 0
vt 0 0
vt 0 0
vt 0 0
vt 0 0
vt 0 0
vt 0 0
vt 0 0
vt 0 0
vt 0 0
vt 0 0
vt 0 0
vt 0 0
vt 0 0
vt 0 0
vt 0 0
vt 0 0
vt 0 0
vt 0 0
vt 0 0
vt 0 0
vt 0 0
vt 0 0
vt 0 0
vt 0 0
vt 0 0
vt 0 0
vt 0 0
vt 0 0
vt 0 0
vt 0 0
vt 0 0
vt 0 0
vt 0 0
vt 0 0
vt 0 0
vt 0 0
vt 0 0
vt 0 0
vt 0 0
vt 0 0
vt 0 0
vt 0 0
vt 0 0
vt 0 0
vt 0 0
vt 0 0
vt 0 0
vt 0 0
vt 0 0
vt 0 0
vt 0 0
vt 0 0
vt 0 0
vt 0 0
vt 0 0
vt 0 0
vt 0 0
vt 0 0
vt 0 0
vt 0 0
vt 0 0
vt 0 0
vt 0 0
vt 0 0
vt 0 0
vt 0 0
vt 0 0
vt 0 0
vt 0 0
vt 0 0
vt 0 0
vt 0 0
vt 0 0
vt 0 0
vt 0 0
vt 0 0
vt 0 0
vt 0 0
vt 0 0
vt 0 0
vt 0 0
vt 0 0
vt 0 0
vt 0 0
vt 0 0
vt 0 0
vt 0 0
vt 0 0
vt 0 0
vt 0 0
vt 0 0
vt 0 0
vt 0 0
vt 0 0
vt 0 0
vt 0 0
vt 0 0
vt 0 0
vt 0 0
vt 0 0
vt 0 0
vt 0 0
vt 0 0
vt 0 0
vt 0 0
vt 0 0
vt 0 0
vt 0 0
vt 0 0
vt 0 0
vt 0 0
vt 0 0
vt 0 0
vt 0 0
vt 0 0
vt 0 0
vt 0 0
vt 0 0
vt 0 0
vt 0 0
vt 0 0
vt 0 0
vt 0 0
vt 0 0
vt 0 0
vt 0 0
vt 0 0
vt 0 0
vt 0 0
vt 0 0
vt 0 0
vt 0 0
vt 0 0
vt 0 0
vt 0 0
vt 0 0
vt 0 0
vt 0 0
vt 0 0
vt 0 0
vt 0 0
vt 0 0
vt 0 0
vt 0 0
vt 0 0
vt 0 0
vt 0 0
vt 0 0
vt 0 0
vt 0 0
vt 0 0
vt 0 0
vt 0 0
vt 0 0
vt 0 0
vt 0 0
vt 0 0
vt 0 0
vt 0 0
vt 0 0
vt 0 0
vt 0 0
vt 0 0
vt 0 0
vt 0 0
vt 0 0
vt 0 0
vt 0 0
vt 0 0
vt 0 0
vt 0 0
vt 0 0
vt 0 0
vt 0 0
vt 0 0
vt 0 0
vt 0 0
vt 0 0
vt 0 0
vt 0 0
vt 0 0
vt 0 0
vt 0 0
vt 0 0
vt 0 0
vt 0 0
vt 0 0
vt 0 0
vt 0 0
vt 0 0
vt 0 0
vt 0 0
vt 0 0
vt 0 0
vt 0 0
vt 0 0
vt 0 0
vt 0 0
vt 0 0
vt 0 0
vt 0 0
vt 0 0
vt 0 0
vt 0 0
vt 0 0
vt 0 0
vt 0 0
vt 0 0
vt 0 0
vt 0 0
vt 0 0
vt 0 0
vt 0 0
vt 0 0
vt 0 0
vt 0 0
vt 0 0
vt 0 0
vt 0 0
vt 0 0
vt 0 0
vt 0 0
vt 0 0
vt 0 0
vt 0 0
vt 0 0
vt 0 0
vt 0 0
vt 0 0
vt 0 0
vt 0 0
vt 0 0
vt 0 0
vt 0 0
vt 0 0
vt 0 0
vt 0 0
vt 0 0
vt 0 0
vt 0 0
vt 0 0
vt 0 0
vt 0 0
vt 0 0
vt 0 0
vt 0 0
vt 0 0
vt 0 0
vt 0 0
vt 0 0
vt 0 0
vt 0 0
vt 0 0
vt 0 0
vt 0 0
vt 0 0
vt 0 0
vt 0 0
vt 0 0
vt 0 0
vt 0 0
vt 0 0
vt 0 0
vt 0 0
vt 0 0
vt 0 0
vt 0 0
vt 0 0
vt 0 0
vt 0 0
vt 0 0
vt 0 0
vt 0 0
vt 0 0
vt 0 0
vt 0 0
vt 0 0
vt 0 0
vt 0 0
vt 0 0
vt 0 0
vt 0 0
vt 0 0
vt 0 0
vt 0 0
vt 0 0
vt 0 0
vt 0 0
vt 0 0
vt 0 0
vt 0 0
vt 0 0
vt 0 0
vt 0 0
vt 0 0
vt 0 0
vt 0 0
vt 0 0
vt 0 0
vt 0 0
vt 0 0
vt 0 0
vt 0 0
vt 0 0
vt 0 0
vt 0 0
vt 0 0
vt 0 0
vt 0 0
vt 0 0
vt 0 0
vt 0 0
vt 0 0
vt 0 0
vt 0 0
vt 0 0
vt 0 0
vt 0 0
vt 0 0
vt 0 0
vt 0 0
vt 0 0
vt 0 0
vt 0 0
vt 0 0
vt 0 0
vt 0 0
vt 0 0
vt 0 0
vt 0 0
vt 0 0
vt 0 0
vt 0 0
vt 0 0
vt 0 0
vt 0 0
vt 0 0
vt 0 0
vt 0 0
vt 0 0
vt 0 0
vt 0 0
vt 0 0
vt 0 0
vt 0 0
vt 0 0
vt 0 0
vt 0 0
vt 0 0
vt 0 0
vt 0 0
vt 0 0
vt 0 0
vt 0 0
vt 0 0
vt 0 0
vt 0 0
vt 0 0
vt 0 0
vt 0 0
vt 0 0
vt 0 0
vt 0 0
vt 0 0
vt 0 0
vt 0 0
vt 0 0
vt 0 0
vt 0 0
vt 0 0
vt 0 0
vt 0 0
vt 0 0
vt 0 0
vt 0 0
vt 0 0
vt 0 0
vt 0 0
vt 0 0
vt 0 0
vt 0 0
vt 0 0
vt 0 0
vt 0 0
vt 0 0
vt 0 0
vt 0 0
vt 0 0
vt 0 0
vt 0 0
vt 0 0
vt 0 0
vt 0 0
vt 0 0
vt 0 0
vt 0 0
vt 0 0
vt 0 0
vt 0 0
vt 0 0
vt 0 0
vt 0 0
vt 0 0
vt 0 0
vt 0 0
vt 0 0
vt 0 0
vt 0 0
vt 0 0
vt 0 0
vt 0 0
vt 0 0
vt 0 0
vt 0 0
vt 0 0
vt 0 0
vt 0 0
vt 0 0
vt 0 0
vt 0 0
vt 0 0
vt 0 0
vt 0 0
vt 0 0
vt 0 0
vt 0 0
vt 0 0
vt 0 0
vt 0 0
vt 0 0
vt 0 0
vt 0 0
vt 0 0
vt 0 0
vt 0 0
vt 0 0
vt 0 0
vt 0 0
vt 0 0
vt 0 0
vt 0 0
vt 0 0
vt 0 0
vt 0 0
vt 0 0
vt 0 0
vt 0 0
vt 0 0
vt 0 0
vt 0 0
vt 0 0
vt 0 0
vt 0 0
vt 0 0
vt 0 0
vt 0 0
vt 0 0
vt 0 0
vt 0 0
vt 0 0
vt 0 0
vt 0 0
vt 0 0
vt 0 0
vt 0 0
vt 0 0
vt 0 0
vt 0 0
vt 0 0
vt 0 0
vt 0 0
vt 0 0
vt 0 0
vt 0 0
vt 0 0
vt 0 0
vt 0 0
vt 0 0
vt 0 0
vt 0 0
vt 0 0
vt 0 0
vt 0 0
vt 0 0
vt 0 0
vt 0 0
vt 0 0
vt 0 0
vt 0 0
vt 0 0
vt 0 0
vt 0 0
vt 0 0
vt 0 0
vt 0 0
vt 0 0
vt 0 0
vt 0 0
vt 0 0
vt 0 0
vt 0 0
vt 0 0
vt 0 0
vt 0 0
vt 0 0
vt 0 0
vt 0 0
vt 0 0
vt 0 0
vt 0 0
vt 0 0
vt 0 0
vt 0 0
vt 0 0
vt 0 0
vt 0 0
vt 0 0
vt 0 0
vt 0 0
vt 0 0
vt 0 0
vt 0 0
vt 0 0
vt 0 0
vt 0 0
vt 0 0
vt 0 0
vt 0 0
vt 0 0
vt 0 0
vt 0 0
vt 0 0
vt 0 0
vt 0 0
vt 0 0
vt 0 0
vt 0 0
vt 0 0
vt 0 0
vt 0 0
vt 0 0
vt 0 0
vt 0 0
vt 0 0
vt 0 0
vt 0 0
vt 0 0
vt 0 0
vt 0 0
vt 0 0
vt 0 0
vt 0 0
vt 0 0
vt 0 0
vt 0 0
vt 0 0
vt 0 0
vt 0 0
vt 0 0
vt 0 0
vt 0 0
vt 0 0
vt 0 0
vt 0 0
vt 0 0
vt 0 0
vt 0 0
vt 0 0
vt 0 0
vt 0 0
vt 0 0
vt 0 0
vt 0 0
vt 0 0
vt 0 0
vt 0 0
vt 0 0
vt 0 0
vt 0 0
vt 0 0
vt 0 0
vt 0 0
vt 0 0
vt 0 0
vt 0 0
vt 0 0
vt 0 0
vt 0 0
vt 0 0
vt 0 0
vt 0 0
vt 0 0
vt 0 0
vt 0 0
vt 0 0
vt 0 0
vt 0 0
vt 0 0
vt 0 0
vt 0 0
vt 0 0
vt 0 0
vt 0 0
vt 0 0
vt 0 0
vt 0 0
vt 0 0
vt 0 0
vt 0 0
vt 0 0
vt 0 0
vt 0 0
vt 0 0
vt 0 0
vt 0 0
vt 0 0
vt 0 0
vt 0 0
vt 0 0
vt 0 0
vt 0 0
vt 0 0
vt 0 0
vt 0 0
vt 0 0
vt 0 0
vt 0 0
vt 0 0
vt 0 0
vt 0 0
vt 0 0
vt 0 0
vt 0 0
vt 0 0
vt 0 0
vt 0 0
vt 0 0
vt 0 0
vt 0 0
vt 0 0
vt 0 0
vt 0 0
vt 0 0
vt 0 0
vt 0 0
vt 0 0
vt 0 0
vt 0 0
vt 0 0
vt 0 0
vt 0 0
vt 0 0
vt 0 0
vt 0 0
vt 0 0
vt 0 0
vt 0 0
vt 0 0
vt 0 0
vt 0 0
vt 0 0
vt 0 0
vt 0 0
vt 0 0
vt 0 0
vt 0 0
vt 0 0
vt 0 0
vt 0 0
vt 0 0
vt 0 0
vt 0 0
vt 0 0
vt 0 0
vt 0 0
vt 0 0
vt 0 0
vt 0 0
vt 0 0
vt 0 0
vt 0 0
vt 0 0
vt 0 0
vt 0 0
vt 0 0
vt 0 0
vt 0 0
vt 0 0
vt 0 0
vt 0 0
vt 0 0
vt 0 0
vt 0 0
vt 0 0
vt 0 0
vt 0 0
vt 0 0
vt 0 0
vt 0 0
vt 0 0
vt 0 0
vt 0 0
vt 0 0
vt 0 0
vt 0 0
vt 0 0
vt 0 0
vt 0 0
vt 0 0
vt 0 0
vt 0 0
vt 0 0
vt 0 0
vt 0 0
vt 0 0
vt 0 0
vt 0 0
vt 0 0
vt 0 0
vt 0 0
vt 0 0
vt 0 0
vt 0 0
vt 0 0
vt 0 0
vt 0 0
vt 0 0
vt 0 0
vt 0 0
vt 0 0
vt 0 0
vt 0 0
vt 0 0
vt 0 0
vt 0 0
vt 0 0
vt 0 0
vt 0 0
vt 0 0
vt 0 0
vt 0 0
vt 0 0
vt 0 0
vt 0 0
vt 0 0
vt 0 0
vt 0 0
vt 0 0
vt 0 0
vt 0 0
vt 0 0
vt 0 0
vt 0 0
vt 0 0
vt 0 0
vt 0 0
vt 0 0
vt 0 0
vt 0 0
vt 0 0
vt 0 0
vt 0 0
vt 0 0
vt 0 0
vt 0 0
vt 0 0
vt 0 0
vt 0 0
vt 0 0
vt 0 0
vt 0 0
vt 0 0
vt 0 0
vt 0 0
vt 0 0
vt 0 0
vt 0 0
vt 0 0
vt 0 0
vt 0 0
vt 0 0
vt 0 0
vt 0 0
vt 0 0
vt 0 0
vt 0 0
vt 0 0
vt 0 0
vt 0 0
vt 0 0
vt 0 0
vt 0 0
vt 0 0
vt 0 0
vt 0 0
vt 0 0
vt 0 0
vt 0 0
vt 0 0
vt 0 0
vt 0 0
vt 0 0
vt 0 0
vt 0 0
vt 0 0
vt 0 0
vt 0 0
vt 0 0
vt 0 0
vt 0 0
vt 0 0
vt 0 0
vt 0 0
vt 0 0
vt 0 0
vt 0 0
vt 0 0
vt 0 0
vt 0 0
vt 0 0
vt 0 0
vt 0 0
vt 0 0
vt 0 0
vt 0 0
vt 0 0
vt 0 0
vt 0 0
vt 0 0
vt 0 0
vt 0 0
vt 0 0
vt 0 0
vt 0 0
vt 0 0
vt 0 0
vt 0 0
vt 0 0
vt 0 0
vt 0 0
vt 0 0
vt 0 0
vt 0 0
vt 0 0
vt 0 0
vt 0 0
vt 0 0
vt 0 0
vt 0 0
vt 0 0
vt 0 0
vt 0 0
vt 0 0
vt 0 0
vt 0 0
vt 0 0
vt 0 0
vt 0 0
vt 0 0
vt 0 0
vt 0 0
vt 0 0
vt 0 0
vt 0 0
vt 0 0
vt 0 0
vt 0 0
vt 0 0
vt 0 0
vt 0 0
vt 0 0
vt 0 0
vt 0 0
vt 0 0
vt 0 0
vt 0 0
vt 0 0
vt 0 0
vt 0 0
vt 0 0
vt 0 0
vt 0 0
vt 0 0
vt 0 0
vt 0 0
vt 0 0
vt 0 0
vt 0 0
vt 0 0
vt 0 0
vt 0 0
vt 0 0
vt 0 0
vt 0 0
vt 0 0
vt 0 0
vt 0 0
vt 0 0
vt 0 0
vt 0 0
vt 0 0
vt 0 0
vt 0 0
vt 0 0
vt 0 0
vt 0 0
vt 0 0
vt 0 0
vt 0 0
vt 0 0
vt 0 0
vt 0 0
vt 0 0
vt 0 0
vt 0 0
vt 0 0
vt 0 0
vt 0 0
vt 0 0
vt 0 0
vt 0 0
vt 0 0
vt 0 0
vt 0 0
vt 0 0
vt 0 0
vt 0 0
vt 0 0
vt 0 0
vt 0 0
vt 0 0
vt 0 0
vt 0 0
vt 0 0
vt 0 0
vt 0 0
vt 0 0
vt 0 0
vt 0 0
vt 0 0
vt 0 0
vt 0 0
vt 0 0
vt 0 0
vt 0 0
vt 0 0
vt 0 0
vt 0 0
vt 0 0
vt 0 0
vt 0 0
vt 0 0
vt 0 0
vt 0 0
vt 0 0
vt 0 0
vt 0 0
vt 0 0
vt 0 0
vt 0 0
vt 0 0
vt 0 0
vt 0 0
vt 0 0
vt 0 0
vt 0 0
vt 0 0
vt 0 0
vt 0 0
vt 0 0
vt 0 0
vt 0 0
vt 0 0
vt 0 0
vt 0 0
vt 0 0
vt 0 0
vt 0 0
vt 0 0
vt 0 0
vt 0 0
vt 0 0
vt 0 0
vt 0 0
vt 0 0
vt 0 0
vt 0 0
vt 0 0
vt 0 0
vt 0 0
vt 0 0
vt 0 0
vt 0 0
vt 0 0
vt 0 0
vt 0 0
vt 0 0
vt 0 0
vt 0 0
vt 0 0
vt 0 0
vt 0 0
vt 0 0
vt 0 0
vt 0 0
vt 0 0
vt 0 0
vt 0 0
vt 0 0
vt 0 0
vt 0 0
vt 0 0
vt 0 0
vt 0 0
vt 0 0
vt 0 0
vt 0 0
vt 0 0
vt 0 0
vt 0 0
vt 0 0
vt 0 0
vt 0 0
vt 0 0
vt 0 0
vt 0 0
vt 0 0
vt 0 0
vt 0 0
vt 0 0
vt 0 0
vt 0 0
vt 0 0
vt 0 0
vt 0 0
vt 0 0
vt 0 0
vt 0 0
vt 0 0
vt 0 0
vt 0 0
vt 0 0
vt 0 0
vt 0 0
vt 0 0
vt 0 0
vt 0 0
vt 0 0
vt 0 0
vt 0 0
vt 0 0
vt 0 0
vt 0 0
vt 0 0
vt 0 0
vt 0 0
vt 0 0
vt 0 0
vt 0 0
vt 0 0
vt 0 0
vt 0 0
vt 0 0
vt 0 0
vt 0 0
vt 0 0
vt 0 0
vt 0 0
vt 0 0
vt 0 0
vt 0 0
vt 0 0
vt 0 0
vt 0 0
vt 0 0
vt 0 0
vt 0 0
vt 0 0
vt 0 0
vt 0 0
vt 0 0
vt 0 0
vt 0 0
vt 0 0
vt 0 0
vt 0 0
vt 0 0
vt 0 0
vt 0 0
vt 0 0
vt 0 0
vt 0 0
vt 0 0
vt 0 0
vt 0 0
vt 0 0
vt 0 0
vt 0 0
vt 0 0
vt 0 0
vt 0 0
vt 0 0
vt 0 0
vt 0 0
vt 0 0
vt 0 0
vt 0 0
vt 0 0
vt 0 0
vt 0 0
vt 0 0
vt 0 0
vt 0 0
vt 0 0
vt 0 0
vt 0 0
vt 0 0
vt 0 0
vt 0 0
vt 0 0
vt 0 0
vt 0 0
vt 0 0
vt 0 0
vt 0 0
vt 0 0
vt 0 0
vt 0 0
vt 0 0
vt 0 0
vt 0 0
vt 0 0
vt 0 0
vt 0 0
vt 0 0
vt 0 0
vt 0 0
vt 0 0
vt 0 0
vt 0 0
vt 0 0
vt 0 0
vt 0 0
vt 0 0
vt 0 0
vt 0 0
vt 0 0
vt 0 0
vt 0 0
vt 0 0
vt 0 0
vt 0 0
vt 0 0
vt 0 0
vt 0 0
vt 0 0
vt 0 0
vt 0 0
vt 0 0
vt 0 0
vt 0 0
vt 0 0
vt 0 0
vt 0 0
vt 0 0
vt 0 0
vt 0 0
vt 0 0
vt 0 0
vt 0 0
vt 0 0
vt 0 0
vt 0 0
vt 0 0
vt 0 0
vt 0 0
vt 0 0
vt 0 0
vt 0 0
vt 0 0
vt 0 0
vt 0 0
vt 0 0
vt 0 0
vt 0 0
vt 0 0
vt 0 0
vt 0 0
vt 0 0
vt 0 0
vt 0 0
vt 0 0
vt 0 0
vt 0 0
vt 0 0
vt 0 0
vt 0 0
vt 0 0
vt 0 0
vt 0 0
vt 0 0
vt 0 0
vt 0 0
vt 0 0
vt 0 0
vt 0 0
vt 0 0
vt 0 0
vt 0 0
vt 0 0
vt 0 0
vt 0 0
vt 0 0
vt 0 0
vt 0 0
vt 0 0
vt 0 0
vt 0 0
vt 0 0
vt 0 0
vt 0 0
vt 0 0
vt 0 0
vt 0 0
vt 0 0
vt 0 0
vt 0 0
vt 0 0
vt 0 0
vt 0 0
vt 0 0
vt 0 0
vt 0 0
vt 0 0
vt 0 0
vt 0 0
vt 0 0
vt 0 0
vt 0 0
vt 0 0
vt 0 0
vt 0 0
vt 0 0
vt 0 0
vt 0 0
vt 0 0
vt 0 0
vt 0 0
vt 0 0
vt 0 0
vt 0 0
vt 0 0
vt 0 0
vt 0 0
vt 0 0
vt 0 0
vt 0 0
vt 0 0
vt 0 0
vt 0 0
vt 0 0
vt 0 0
vt 0 0
vt 0 0
vt 0 0
vt 0 0
vt 0 0
vt 0 0
vt 0 0
vt 0 0
vt 0 0
vt 0 0
vt 0 0
vt 0 0
vt 0 0
vt 0 0
vt 0 0
vt 0 0
vt 0 0
vt 0 0
vt 0 0
vt 0 0
vt 0 0
vt 0 0
vt 0 0
vt 0 0
vt 0 0
vt 0 0
vt 0 0
vt 0 0
vt 0 0
vt 0 0
vt 0 0
vt 0 0
vt 0 0
vt 0 0
vt 0 0
vt 0 0
vt 0 0
vt 0 0
vt 0 0
vt 0 0
vt 0 0
vt 0 0
vt 0 0
vt 0 0
vt 0 0
vt 0 0
vt 0 0
vt 0 0
vt 0 0
vt 0 0
vt 0 0
vt 0 0
vt 0 0
vt 0 0
vt 0 0
vt 0 0
vt 0 0
vt 0 0
vt 0 0
vt 0 0
vt 0 0
vt 0 0
vt 0 0
vt 0 0
vt 0 0
vt 0 0
vt 0 0
vt 0 0
vt 0 0
vt 0 0
vt 0 0
vt 0 0
vt 0 0
vt 0 0
vt 0 0
vt 0 0
vt 0 0
vt 0 0
vt 0 0
vt 0 0
vt 0 0
vt 0 0
vt 0 0
vt 0 0
vt 0 0
vt 0 0
vt 0 0
vt 0 0
vt 0 0
vt 0 0
vt 0 0
vt 0 0
vt 0 0
vt 0 0
vt 0 0
vt 0 0
vt 0 0
vt 0 0
vt 0 0
vt 0 0
vt 0 0
vt 0 0
vt 0 0
vt 0 0
vt 0 0
vt 0 0
vt 0 0
vt 0 0
vt 0 0
vt 0 0
vt 0 0
vt 0 0
vt 0 0
vt 0 0
vt 0 0
vt 0 0
vt 0 0
vt 0 0
vt 0 0
vt 0 0
vt 0 0
vt 0 0
vt 0 0
vt 0 0
vt 0 0
vt 0 0
vt 0 0
vt 0 0
vt 0 0
vt 0 0
vt 0 0
vt 0 0
vt 0 0
vt 0 0
vt 0 0
vt 0 0
vt 0 0
vt 0 0
vt 0 0
vt 0 0
vt 0 0
vt 0 0
vt 0 0
vt 0 0
vt 0 0
vt 0 0
vt 0 0
vt 0 0
vt 0 0
vt 0 0
vt 0 0
vt 0 0
vt 0 0
vt 0 0
vt 0 0
vt 0 0
vt 0 0
vt 0 0
vt 0 0
vt 0 0
vt 0 0
vt 0 0
vt 0 0
vt 0 0
vt 0 0
vt 0 0
vt 0 0
vt 0 0
vt 0 0
vt 0 0
vt 0 0
vt 0 0
vt 0 0
vt 0 0
vt 0 0
vt 0 0
vt 0 0
vt 0 0
vt 0 0
vt 0 0
vt 0 0
vt 0 0
vt 0 0
vt 0 0
vt 0 0
vt 0 0
vt 0 0
vt 0 0
vt 0 0
vt 0 0
vt 0 0
vt 0 0
vt 0 0
vt 0 0
vt 0 0
vt 0 0
vt 0 0
vt 0 0
vt 0 0
vt 0 0
vt 0 0
vt 0 0
vt 0 0
vt 0 0
vt 0 0
vt 0 0
vt 0 0
vt 0 0
vt 0 0
vt 0 0
vt 0 0
vt 0 0
vt 0 0
vt 0 0
vt 0 0
vt 0 0
vt 0 0
vt 0 0
vt 0 0
vt 0 0
vt 0 0
vt 0 0
vt 0 0
vt 0 0
vt 0 0
vt 0 0
vt 0 0
vt 0 0
vt 0 0
vt 0 0
vt 0 0
vt 0 0
vt 0 0
vt 0 0
vt 0 0
vt 0 0
vt 0 0
vt 0 0
vt 0 0
vt 0 0
vt 0 0
vt 0 0
vt 0 0
vt 0 0
vt 0 0
vt 0 0
vt 0 0
vt 0 0
vt 0 0
vt 0 0
vt 0 0
vt 0 0
vt 0 0
vt 0 0
vt 0 0
vt 0 0
vt 0 0
vt 0 0
vt 0 0
vt 0 0
vt 0 0
vt 0 0
vt 0 0
vt 0 0
vt 0 0
vt 0 0
vt 0 0
vt 0 0
vt 0 0
vt 0 0
vt 0 0
vt 0 0
vt 0 0
vt 0 0
vt 0 0
vt 0 0
vt 0 0
vt 0 0
vt 0 0
vt 0 0
vt 0 0
vt 0 0
vt 0 0
vt 0 0
vt 0 0
vt 0 0
vt 0 0
vt 0 0
vt 0 0
vt 0 0
vt 0 0
vt 0 0
vt 0 0
vt 0 0
vt 0 0
vt 0 0
vt 0 0
vt 0 0
vt 0 0
vt 0 0
vt 0 0
vt 0 0
vt 0 0
vt 0 0
vt 0 0
vt 0 0
vt 0 0
vt 0 0
vt 0 0
vt 0 0
vt 0 0
vt 0 0
vt 0 0
vt 0 0
vt 0 0
vt 0 0
vt 0 0
vt 0 0
vt 0 0
vt 0 0
vt 0 0
vt 0 0
vt 0 0
vt 0 0
vt 0 0
vt 0 0
vt 0 0
vt 0 0
vt 0 0
vt 0 0
vt 0 0
vt 0 0
vt 0 0
vt 0 0
vt 0 0
vt 0 0
vt 0 0
vt 0 0
vt 0 0
vt 0 0
vt 0 0
vt 0 0
vt 0 0
vt 0 0
vt 0 0
vt 0 0
vt 0 0
vt 0 0
vt 0 0
vt 0 0
vt 0 0
vt 0 0
vt 0 0
vt 0 0
vt 0 0
vt 0 0
vt 0 0
vt 0 0
vt 0 0
vt 0 0
vt 0 0
vt 0 0
vt 0 0
vt 0 0
vt 0 0
vt 0 0
vt 0 0
vt 0 0
vt 0 0
vt 0 0
vt 0 0
vt 0 0
vt 0 0
vt 0 0
vt 0 0
vt 0 0
vt 0 0
vt 0 0
vt 0 0
vt 0 0
vt 0 0
vt 0 0
vt 0 0
vt 0 0
vt 0 0
vt 0 0
vt 0 0
vt 0 0
vt 0 0
vt 0 0
vt 0 0
vt 0 0
vt 0 0
vt 0 0
vt 0 0
vt 0 0
vt 0 0
vt 0 0
vt 0 0
vt 0 0
vt 0 0
vt 0 0
vt 0 0
vt 0 0
vt 0 0
vt 0 0
vt 0 0
vt 0 0
vt 0 0
vt 0 0
vt 0 0
vt 0 0
vt 0 0
vt 0 0
vt 0 0
vt 0 0
vt 0 0
vt 0 0
vt 0 0
vt 0 0
vt 0 0
vt 0 0
vt 0 0
vt 0 0
vt 0 0
vt 0 0
vt 0 0
vt 0 0
vt 0 0
vt 0 0
vt 0 0
vt 0 0
vt 0 0
vt 0 0
vt 0 0
vt 0 0
vt 0 0
vt 0 0
vt 0 0
vt 0 0
vt 0 0
vt 0 0
vt 0 0
vt 0 0
vt 0 0
vt 0 0
vt 0 0
vt 0 0
vt 0 0
vt 0 0
vt 0 0
vt 0 0
vt 0 0
vt 0 0
vt 0 0
vt 0 0
vt 0 0
vt 0 0
vt 0 0
vt 0 0
vt 0 0
vt 0 0
vt 0 0
vt 0 0
vt 0 0
vt 0 0
vt 0 0
vt 0 0
vt 0 0
vt 0 0
vt 0 0
vt 0 0
vt 0 0
vt 0 0
vt 0 0
vt 0 0
vt 0 0
vt 0 0
vt 0 0
vt 0 0
vt 0 0
vt 0 0
vt 0 0
vt 0 0
vt 0 0
vt 0 0
vt 0 0
vt 0 0
vt 0 0
vt 0 0
vt 0 0
vt 0 0
vt 0 0
vt 0 0
vt 0 0
vt 0 0
vt 0 0
vt 0 0
vt 0 0
vt 0 0
vt 0 0
vt 0 0
vt 0 0
vt 0 0
vt 0 0
vt 0 0
vt 0 0
vt 0 0
vt 0 0
vt 0 0
vt 0 0
vt 0 0
vt 0 0
vt 0 0
vt 0 0
vt 0 0
vt 0 0
vt 0 0
vt 0 0
vt 0 0
vt 0 0
vt 0 0
vt 0 0
vt 0 0
vt 0 0
vt 0 0
vt 0 0
vt 0 0
vt 0 0
vt 0 0
vt 0 0
vt 0 0
vt 0 0
vt 0 0
vt 0 0
vt 0 0
vt 0 0
vt 0 0
vt 0 0
vt 0 0
vt 0 0
vt 0 0
vt 0 0
vt 0 0
vt 0 0
vt 0 0
vt 0 0
vt 0 0
vt 0 0
vt 0 0
vt 0 0
vt 0 0
vt 0 0
vt 0 0
vt 0 0
vt 0 0
vt 0 0
vt 0 0
vt 0 0
vt 0 0
vt 0 0
vt 0 0
vt 0 0
vt 0 0
vt 0 0
vt 0 0
vt 0 0
vt 0 0
vt 0 0
vt 0 0
vt 0 0
vt 0 0
vt 0 0
vt 0 0
vt 0 0
vt 0 0
vt 0 0
vt 0 0
vt 0 0
vt 0 0
vt 0 0
vt 0 0
vt 0 0
vt 0 0
vt 0 0
vt 0 0
vt 0 0
vt 0 0
vt 0 0
vt 0 0
vt 0 0
vt 0 0
vt 0 0
vt 0 0
vt 0 0
vt 0 0
vt 0 0
vt 0 0
vt 0 0
vt 0 0
vt 0 0
vt 0 0
vt 0 0
vt 0 0
vt 0 0
vt 0 0
vt 0 0
vt 0 0
vt 0 0
vt 0 0
vt 0 0
vt 0 0
vt 0 0
vt 0 0
vt 0 0
vn -1 0 0
vn -1 0 0
vn -0.7211940848926123 0.6365857287785202 0.27319901506306354
vn -0.500064724550702 0.1385000101170745 0.8548409316695129
vn 0.0002861880611136192 -0.44831633139358984 0.8938749269904525
vn 0.5294556495199318 -0.7533853090318493 0.38998370648837644
vn -0.6121346713310525 0.07964773320008639 0.7867320908355732
vn -0.38046430235245937 -0.647288879204537 0.6605028550230427
vn -0.44967350364886094 0.7785493569908697 0.4377837809298804
vn -0.6053153143347599 0.17242836879654827 0.7770854701163652
vn -0.42429459660991314 0.8250437339396967 0.37319824808602
vn -0.03965459443910738 0.9866444852745546 -0.15798788819773227
vn -0.007005162484239375 0.9764386751699161 -0.21568134210215914
vn -0.05128473853271389 0.7363839784281991 0.6746173077440933
vn -0.57080182178668 0.16413272983775176 0.8045158340523911
vn 0.02409142925980396 0.7704943304327717 0.6369914362118023
vn -0.425465072878168 -0.5904649553570842 0.6858065385047971
vn 0.5114363262660967 0.8497844329781509 0.12766871834337967
vn 0.48405088966839466 0.8562389307515139 0.18041515922100282
vn 0.2520975595040068 0.39998593673600347 0.8811685825683673
vn -0.5315964054772389 0.25314633057460184 0.8082834880166079
vn -0.443661180570947 0.0899365580311513 0.8916704393350174
vn -0.7458345323667642 -0.4745305622179101 0.4674950222733974
vn -0.7474764416221557 -0.511452190319951 0.4239052090229662
vn -0.47156167169474533 0.058806095974234904 0.8798701227253523
vn -0.8790341970110553 -0.2864115188699511 0.3811395050945741
vn 0.7869071636538184 0.5099353517806785 0.34748101069643883
vn 0.7585422741133826 0.49464964842875586 0.42418786367859024
vn 0.19282582133448142 0.39848758342180346 0.896674884495676
vn 0.8920323383454393 0.3107222183914408 -0.3282225012759934
vn 0.9025014031113529 0.06846595331592756 0.42521010173628376
vn 0.9015398965675774 0.2822487302290755 -0.3279656524409177
vn 0.39518769686082544 -0.1900623441395801 0.8987229771125272
vn 0.8785638737308045 0.027375175664591574 0.47683972100953986
vn -0.3277487280318249 -0.35108051299818077 0.8771107368322743
vn -0.8844295000347381 -0.331728323440465 0.32823890521338495
vn -0.9021422312159512 -0.28032924457057307 0.3279556514152442
vn 0.3476657980903124 -0.2197804151886014 0.9114960570061466
vn -0.37945721914583314 -0.33848861614211345 0.8610677531880451
vn 0.33922193068859313 -0.17110363296960668 0.9250146098978683
vn 0.8825646709777276 0.015294027073133192 0.46994222440408745
vn 0.8688916551007537 -0.0010874180833076817 0.49500112042114136
vn -0.3753652514769284 -0.2905361223548588 0.8801645809680511
vn 0.9413593591592425 0.19519234423690784 -0.27521356375477
vn -0.448445531678343 -0.2719079277994912 0.8514474052561997
vn 0.27797295683690615 -0.20060564647836668 0.9394085425779054
vn 0.36888305499248675 -0.6779259145316925 0.6358787196830686
vn -0.3546958071024893 -0.7518265863481782 0.555830611323233
vn 0.905580745747632 -0.1873977062615018 0.3805333265551002
vn -0.9411558120783339 -0.19945246492757723 0.27284510555530544
vn 0.3226175809126789 -0.6874826217576844 0.6506039819023796
vn 0.8653901994075479 -0.2803521693519502 0.41533415933320467
vn -0.36532158202562914 -0.7514359970464236 0.5494397911046658
vn -0.9246056005904902 -0.364440943286795 0.11084801402339077
vn -0.8977895346491322 -0.41827844906726785 0.13790246741946174
vn -0.3809582240397331 -0.9190501332191986 0.10108256113823867
vn -0.9241486461361105 -0.37900480715930895 0.04800662449005458
vn 0.3806684774097286 -0.9188340235899064 0.10409393546284391
vn -0.4629343886528722 -0.8778764352898145 0.12257534893052327
vn 0.33789804971472276 -0.933621297358608 0.11906376912149509
vn 0.9213178614095046 -0.3882007791571563 0.02176128005412447
vn 0.2886521094851506 -0.9573228769993275 -0.014590026165278743
vn 0.9083786603333247 -0.41674977350252795 0.034173611700055465
vn 0.7047655856639888 -0.5022111480894975 -0.501088247715234
vn -0.3397600029414316 -0.8240394921021799 0.4533454045837676
vn 0.12930507369617514 -0.9915798439458041 0.007043507424681709
vn -0.4225747034399563 -0.7958373851430842 0.4336743898609319
vn 0.5237414784485706 -0.7917101973555507 0.3144675295729926
vn -0.9509156979887189 -0.30891933288029466 0.018115769136894368
vn -0.6784042649591706 -0.19121742776219086 0.7093684152858928
vn -0.9225103475125593 0.38283277237815533 -0.049129696981690694
vn -0.8547794599840189 0.2698013035831896 -0.44335012278586394
vn -0.9105995721399315 0.4088278375778725 -0.06056581907292906
vn -0.9007208548947667 0.1427896224246438 -0.4102597534312481
vn -0.7264082531163287 -0.1518996539999931 0.6702667714568328
vn -0.6484221247271793 0.5003089986518418 0.5737940867874831
vn -0.3806394578846173 0.9187555330367475 -0.10488981654892467
vn -0.3100662612806197 0.6497245785093558 -0.6940582725508706
vn -0.8734409931675821 0.016244806583262748 -0.48665895421074984
vn -0.9248706510956248 -0.21924819103787674 0.31071612360573403
vn -0.921662080954191 -0.2875785311048282 0.2604565164836151
vn -0.8870492805101208 -0.0010815598673726524 -0.4616734822087256
vn -0.8786917949587633 -0.027044356360748135 -0.4766228406834692
vn -0.28369159199459876 0.2221335440980777 -0.9328321227412775
vn -0.3612677301105911 0.605809595189086 -0.7088584919132851
vn -0.9002583495460688 -0.0858179368965341 -0.4268139943575079
vn -0.7508951659867599 -0.507489333818865 -0.42262397679000835
vn -0.34308980660681465 0.19292696524800598 -0.9192761123202828
vn -0.3469138279542464 0.21535386153123967 -0.9128381621611333
vn -0.7759029759604389 -0.5333946990020902 -0.33684516765452377
vn -0.5014371189351506 -0.8567299627500943 -0.12072525286880989
vn -0.3904463895112316 0.1696626589143712 -0.9048570047735439
vn -0.47528021780102786 -0.8627825232049148 -0.17238048677030784
vn 0.009281714185126456 -0.9760554575880458 0.21732370670126241
vn -0.2366782700299076 -0.4322843690311989 -0.8701227619060131
vn -0.17558421054599038 -0.4345813473271409 -0.8833511405790274
vn 0.06345114615431625 -0.7419761527768343 -0.667416916748588
vn -0.019837300531668007 -0.7755201742306352 -0.6310110465506145
vn 0.041964967677158384 -0.9863040246439738 0.1595095998959145
vn 0.42745134709854066 -0.824949276858206 -0.3697891784176037
vn 0.49374707686809977 -0.7531991055851118 0.4346319493893591
vn 0.44695518647796956 -0.09563359450396607 -0.8894297481435478
vn 0.5310947368811426 -0.2522103688488333 -0.8089056250900258
vn 0.7217051484012611 -0.636170949313091 -0.2728153258546787
vn 0.4539236486532781 -0.7771810412413129 -0.4358244489795908
vn 0.7149489588542851 -0.6136869703001476 -0.33501684840765794
vn 0.45811747198748637 -0.056735665894814886 -0.8870791656189807
vn 0.4994703501136224 -0.13876165425957956 -0.8551459364719688
vn 0.6129568597765674 -0.07915592624920625 -0.7861413533153436
vn -0.010828033600056231 0.4412517095831507 -0.8973180497896512
vn 0.38055139549730493 0.6473001985108565 -0.6604415859051121
vn 0.60454822708652 -0.17231178676197584 -0.777708228881141
vn 0.4218861840439607 0.5907059456934648 -0.6878070466600462
vn 0.5711256774172891 -0.16427667627054865 -0.804256572387285
vn 0.7491212005828238 0.5106343779681326 -0.4219833632673772
vn 0.7470925849850234 0.4731834167190778 -0.4668512863883479
vn 0.8699881294654933 0.3027927665689101 -0.38914932237211725
vn 0.4787999605318789 -0.08933534767028664 -0.8733669294467821
vn 0.3280107072181121 0.350445143636923 -0.8772668791488543
vn 0.379074248351309 0.33393210394991496 -0.8630133626940394
vn 0.9212481513081687 0.291809970387732 -0.25719406076655915
vn 0.37542392747539244 0.29152015101324885 -0.879814114590215
vn 0.9248539908741455 0.21416463076008463 -0.31429064016537706
vn 0.4483362674873389 0.2746488440630057 -0.8506248313506821
vn 0.3644257334399148 0.7278835550069835 -0.5808437097508896
vn 0.360203075387797 0.7296955054603327 -0.581204106826649
vn 0.8962772163905373 0.4224268005022651 -0.13506572324853522
vn 0.9247054252967207 0.3655737236915942 -0.10618723545263216
vn 0.3815908971100981 0.9174757085536498 -0.11236864089544299
vn 0.9246559564508218 0.3751837034300846 -0.0651809088652677
vn 0.46090932458334366 0.8779041971308971 -0.12979528177896688
vn 0.949214288376109 0.30608371016481156 -0.07283541112934423
vn -0.33788103073510173 0.9336322802496331 -0.11902593979992707
vn 0.7381430649744817 0.21358764206381486 -0.6399415088800678
vn 0.32275989315607245 0.8110943011097592 -0.48780332725100617
vn -0.27254611331008133 0.960567927659296 0.05502610718462488
vn 0.7394183596857963 0.1603071105493955 -0.6538823439020741
vn 0.7065290524799491 -0.5762949677473723 -0.41073203935271513
vn 0.3769979273059275 0.7859196345624995 -0.49010497938317454
vn -0.22002386026818957 0.9725815126089504 -0.07533061956449245
vn -0.6718733913748705 0.596561952313846 0.4389760620055753
vn -0.0640658561200489 0.543288892553643 -0.8370978110755288
vn 0.43037496808994835 -0.011744932520555392 -0.9025737883417974
vn -0.513844230695097 0.8013212331288646 -0.3063468425138405
vn -0.012974564986328305 0.5161345139443205 -0.8564092620814394
vn -0.6828830670662098 0.5903831910999763 0.4302538836325075
vn -0.4923953532267832 0.8041682926390408 -0.33295671375522906
vn -0.673994129077534 0.630062856532348 0.385684729782389
vn -0.7501569778570217 0.46702426073901915 -0.4681376383646085
vn -0.8250758653625284 0.4763322643157724 0.3039035872905819
vn -0.42049603309420025 0.016549475909350374 0.9071434291219703
vn 0.4599040463704686 -0.09255392870268037 -0.8831319484730291
vn 0.6808510822464874 -0.5915291891458562 -0.4318970041482493
vn -0.25953748106358104 0.233316462850653 -0.9371252446103624
vn 0.37387114717919345 -0.17096961775603398 -0.9115863947598547
vn 0.672719896844664 -0.6310940181090949 -0.3862230970517196
vn -0.33768780582702757 0.25944435562089646 -0.9047958731847674
vn -0.7789156131413787 0.5052495880811929 -0.37150144191964474
vn 0.3097967729549123 -0.10319806753755469 -0.9451857586333159
vn 0.8196281563441693 -0.483279568734747 -0.30765328500020167
vn -0.5594916408240554 -0.31293273846347225 -0.7674908501381357
vn -0.9613962455576519 0.05964904096970109 -0.26862473999809866
vn 0.1633282026614037 -0.48347220118375367 -0.8599875167105226
vn -0.6362031332360893 -0.2463499419239757 -0.731134241692069
vn 0.07463040769907947 -0.49023348140466977 -0.8683901404072519
vn 0.8113306474949464 -0.4042184894024245 -0.42231504029652195
vn 0.8023681467539376 -0.4270947309486189 -0.4168878120916686
vn 0.039220649525624186 -0.6224665389179309 -0.7816630658911294
vn 0.7484483048447033 -0.4088110272674057 -0.5222055907012666
vn 0.6983228515473546 -0.5944741297824567 -0.3986799518738839
vn 0.7808409054832495 -0.5025850272586346 0.37107380761721315
vn 0.9625135752778404 -0.05181002169962983 0.26623925153394057
vn -0.6621517679892726 -0.34386890934702746 -0.6658146959426222
vn 0.7529690480579292 -0.46106967580735936 0.4695235528891311
vn 0.5039197467396163 -0.794322074505219 0.33928944987960696
vn 0.08826658037797183 -0.5235238761131524 0.8474265525270257
vn 0.033517028370732505 -0.49555702856590234 0.8679284764588204
vn -0.44831344937462564 0.10359636958045079 0.8878529401424405
vn 0.32906596771610996 -0.2748566851964414 0.903420938153353
vn 0.27190489724376726 -0.21686831124704162 0.9375691240819063
vn -0.38080287807675783 0.1649475854458539 0.9098249623438789
vn -0.3125273435708688 0.09426502433186908 0.9452199557289553
vn -0.8027786157134521 0.4260661705564473 0.4171499879666282
vn -0.9854987540779107 0.10152818526846003 -0.13595673321678156
vn -0.8144257840866715 0.3959182828575934 0.42421616602141055
vn -0.9635806933979248 0.18598197419711335 -0.1921534610266455
vn -0.1518840668350493 0.5072368167143454 0.8483171824330472
vn -0.7488312507039268 0.4064050991161948 0.5235328579769839
vn -0.9685533636239684 0.22723996540861527 -0.10132314609104992
vn -0.7011140864189017 0.5874442341880922 0.40416371626378667
vn -0.07635505345382043 0.48343594415162977 0.8720433439424252
vn 0.5646768252734387 0.337662050944644 0.7530766377673438
vn -0.031929500666146096 0.6473962917277679 0.7614844374275456
vn -0.6520757155791578 0.5957470204513003 0.4689165690987334
vn 0.6436604631316699 0.2713654118253915 0.7155850903044025
vn 0.9886447204371352 -0.08426388236165203 0.12442353025501544
vn 0.08147730318630629 0.5964910247071729 0.7984734851635801
vn 0.6563094905640466 0.318843659575314 0.6838103343356131
vn 0.9537702436067774 -0.21420034309661212 0.2108092394264598
vn 0.6493979800849501 -0.6003441066232746 -0.4667646270919521
vn 0.7391959303457933 0.21235398152043466 0.6391362633215519
vn 0.9596705281919106 -0.25431940326314156 0.11980867432593924
vn -0.010816512968630102 0.4905681010189634 0.871335722503013
vn 0.4117639192484985 -0.15664618028726698 0.8977262661894911
vn 0.5609951452844372 -0.702067814113892 0.4386174088572351
vn 0.4312360877576973 -0.8543386880441725 -0.29007040994627176
vn 0.43462413360859004 -0.24981332894933678 0.865271727935354
vn 0.577487282440519 -0.7339616812409688 0.35750341129756347
vn 0.08429961854828427 0.41383863657532943 0.9064387222477238
vn -0.4276711509265151 0.8570992231548081 0.2871903694983777
vn 0.10383362629654244 -0.3682954577383382 0.9238923280661109
vn -0.10383664225242614 0.3683061552637193 0.9238877246292424
vn 0.10383362629654244 -0.3682954577383382 0.9238923280661109
vn 0.2506965780444709 -0.8892149321707542 0.38268528866596574
vn 0.25071350633851136 -0.889216670969454 0.3826701579813234
vn -0.10384064610474808 0.3683082823410626 0.9238864266648389
vn 0.25071220829157037 -0.889212067129013 -0.38268170623340736
vn 0.37190636844395736 -0.8471380291406106 -0.3795297257061552
vn 0.25069527998253144 -0.8892103279752426 -0.3826968372179756
vn -0.2507058922770676 0.8892188176892337 0.3826701580276689
vn -0.3532192389500858 0.85469830762066 0.3804299832898323
vn -0.2506974283589524 0.8892179482164513 0.38267772339650585
vn -0.25069613034393196 0.8892133441873602 -0.38268927179855655
vn -0.5757008134026665 0.7352126986902076 -0.3578140035439786
vn -0.2507045942695474 0.8892142138376771 -0.38268170627975373
vn -0.5563307355375856 0.7045651493033133 -0.44054972827526406
vn -0.10384821189190062 0.36833511713240136 -0.9238748780943854
vn -0.42083294287448497 0.1486342404901239 -0.8948784815523975
vn 0.01263084893035124 -0.4883848112156749 -0.872536954993385
vn -0.7454241882786673 -0.22227179197577965 -0.6284409518968077
vn -0.09712993778215187 -0.6132068510699754 -0.7839280151820577
vn -0.07824179683112059 -0.4126338900894527 -0.9075304369431821
vn -0.4303233420485734 0.2517415501153846 -0.8668610114854918
vn -0.10383000605861895 0.36832544537877676 -0.9238807802570594
vn 0.10384420776911928 -0.3683329899754875 -0.9238761762317077
vn 0.10383000605861878 -0.36832544537877615 -0.9238807802570597
vn 0.3112525349948412 -0.9495012619529 -0.03961329333867655
vn 0.6157080349105324 -0.418618180170578 0.6675795345704392
vn -0.37254554722723476 0.1800814338158214 0.910373820161805
vn -0.41172672488770257 0.21416494753040916 0.8857846686766164
vn -0.6607370615804989 0.7057946707399539 0.2555003291760075
vn 0.08307943731328109 0.8232163741858145 0.5616160684738908
vn -0.37088779640005365 0.9257157116468638 0.07411250698534713
vn 0.02349041567408838 0.8479820239302934 0.5295041902218922
vn -0.43480176250203273 0.8971821919991747 -0.07753413238491938
vn -0.6481562491689359 0.5708630288215402 -0.5039929354544108
vn 0.2557342305242855 0.9124192426654892 0.3195170245102546
vn -0.29476710487330793 0.9333081889923842 -0.20505652451059617
vn -0.4428601601561788 0.8515522791596802 -0.2805950719531577
vn -0.6387272681326047 0.4136321404022215 -0.6487957531998315
vn -0.6911792256983875 0.40021339499020003 -0.6017478844444704
vn -0.5407049086398773 -0.23647441713350847 -0.8072905621980908
vn -0.48610412487759963 -0.31884972875436035 -0.8136569487506722
vn -0.12283729479374263 -0.8527468127381046 -0.5076749672504632
vn -0.6915356957325377 0.23102380503481013 -0.6844022085257712
vn -0.6501849601900073 -0.3626725533685483 -0.6676287415741299
vn -0.08023738633402329 -0.8717154876648506 -0.4833984592440447
vn 0.3582099782601661 -0.9215982079983874 0.14947359127622645
vn -0.25135419775229656 -0.9120504034315424 -0.32401408746019106
vn -0.602070256950742 -0.44441944589202603 -0.6633270398591422
vn 0.301976688563744 -0.9323320569292601 0.19891459269276957
vn -0.16706547228280144 -0.9454915894698286 -0.2795259955938657
vn -0.9476405979994171 0.2425284532225201 -0.20774322227403477
vn -0.4831994394455713 0.8589693145908568 -0.16938128087483376
vn -0.8438542549047482 -0.5121865459051225 -0.15992166417634743
vn -0.25223619042622714 -0.9676225296682192 -0.009140258078461042
vn -0.209515440835035 -0.9774916820257749 0.02476472535932183
vn 0.4411134865180238 -0.850976164052376 0.2850586961076918
vn 0.48588185675735046 -0.8590188682793843 0.1612619149521526
vn 0.7255640310932734 -0.2351760536948242 0.646721779865352
vn 0.7231191539527759 -0.3904480457124635 0.5697797932411607
vn 0.6695740028663247 0.3671146482793788 0.6456759943689057
vn -0.822679214616664 -0.5538233656445813 -0.12836895849003827
vn -0.9546632762274222 0.19561200264901324 -0.22439691050094046
vn 0.6444668437305427 0.4612926368182354 0.6098127503990647
vn 0.16711129282523757 0.9454874260242405 0.2795126885140175
vn 0.9483204961994751 -0.24239340562224027 0.20477713104454257
vn 0.8451639694415566 0.5119860467621447 0.15351922576232144
vn 0.255348705990151 0.9668468567539455 -0.002047909707742914
vn 0.8226208591645934 0.5538590506126323 0.12858877914413824
vn -0.5264177282638497 0.8353762466043094 -0.15821157346674639
vn 0.21045896506190123 0.9771560379988427 -0.029548289755548754
vn -0.49265839676142953 0.7945744225420457 -0.35487912187452286
vn -0.9614884231624022 0.20363071450389295 -0.18459291491092417
vn 0.9550944002977589 -0.1960384565861819 0.2221792295854232
vn 0.5272791217895875 -0.8362286646490301 0.1506597097571256
vn 0.49843177784451015 -0.802010343652399 0.32915827729121727
vn -0.2492355415936415 -0.9331582406893986 0.25903154757672087
vn 0.9606533143880094 -0.20251751197994358 0.19008384175617382
vn 0.5305728047578477 -0.7893602355092705 0.3088736269870572
vn 0.9692504996113144 -0.17921675251858543 0.1686262868591661
vn 0.8545171568569654 0.515734111415591 -0.06179607559917906
vn 0.47085954039208494 -0.5701336093462401 0.6732302434647328
vn 0.9394867999819757 -0.07245809412447396 0.33483485071819497
vn -0.20026601752687043 -0.9323155984145846 0.30113310541483596
vn -0.8542319189741626 -0.5166061482784841 0.05836022760912581
vn -0.2655235996340115 -0.7215961598790299 0.6393717229321568
vn 0.49767405031532796 -0.5282396804955268 0.6879559430608332
vn -0.832276839872884 -0.5453805520927524 0.09937462055379448
vn -0.9678551425263477 0.167620055049285 -0.18750984035665377
vn -0.8572021456217351 -0.4601221004864205 0.23128366605849637
vn -0.218818342246159 -0.6880477801619967 0.6918878415688423
vn -0.9366881556891425 0.06628914485130039 -0.3438328783966947
vn 0.29444423729354036 0.05457843682151835 0.9541088959645776
vn -0.8431513763057238 -0.4629528871551557 0.2734417321998782
vn -0.9424668136465828 0.03715578667052329 -0.33222846460192446
vn -0.38511874824567294 -0.1992957850382988 0.9010908610210484
vn -0.8678499416859784 -0.39190514059768006 0.3053634547367394
vn 0.32633034374126235 0.11011884931558688 0.9388196556203543
vn -0.3538789080705354 -0.2050538276478235 0.9125363807486155
vn -0.5274624181521036 0.14345541411962226 0.8373792101532633
vn 0.11641082302809583 0.5194931562060678 0.8465077559815855
vn -0.4985257338507289 0.1800569231658377 0.8479691015058533
vn -0.8619913550224171 -0.3716959393927064 0.34469266384069047
vn -0.8859003425776018 -0.32173363138304606 0.33416770259551726
vn -0.8406502685022984 -0.32564813959438693 -0.43273596481657056
vn -0.8257345014252785 -0.2940986453538458 -0.48131956116179175
vn -0.8836921634962995 -0.2898720475251678 0.36750830771398385
vn -0.7106056804063939 -0.5918243905917111 -0.3805042150553866
vn -0.7312701403645312 -0.5919906393015327 -0.3388083009470129
vn -0.11654056795640073 -0.5193721370060752 -0.8465641613735739
vn -0.34208020232377995 -0.07128158353102047 -0.9369632175424134
vn -0.5963324459464421 -0.7899574619342198 -0.14267032713910613
vn -0.6512494289190167 0.40422951150397646 0.642240362607265
vn -0.9157732969340718 -0.24181835715995229 0.3207540346791638
vn -0.5786502270810954 0.5340252232188638 0.6164259693304942
vn -0.9256673192747238 -0.1610850169440137 0.342332632600069
vn -0.5796498824625996 -0.7986067706146491 -0.16196678576033974
vn -0.8976073122831438 -0.15113517209155206 0.41407640924434186
vn -0.7885898626001488 0.5760172971586843 0.21524428442651491
vn -0.8241913236781565 0.49783006891340065 0.2699516335555817
vn 0 1 0
vn 0 1 0
vn 0 0 1
vn 0 0 1
vn 0 0.1950659261822595 0.9807901327208881
vn 0 0.1950659261822595 0.9807901327208881
vn 0 0.5555723251289031 0.8314682143959952
vn 0 0.5555723251289031 0.8314682143959952
vn 0 0.8314682143959975 0.5555723251288994
vn 0 0.8314682143959975 0.5555723251288994
vn 0 0.9808062019057313 0.19498511302982605
vn 0 0.9808062019057313 0.19498511302982605
vn 0 0.9808062019057313 -0.19498511302982605
vn 0 0.9808062019057313 -0.19498511302982605
vn 0 0.8314682143959976 -0.5555723251288992
vn 0 0.8314682143959976 -0.5555723251288992
vn 0 0.555572325128903 -0.8314682143959952
vn 0 0.555572325128903 -0.8314682143959952
vn 0 0.19506592618225974 -0.9807901327208881
vn 0 0.19506592618225974 -0.9807901327208881
vn 0 0 -1
vn 0 0 -1
vn 1 0 0
vn 1 0 0
vn 1 0 0
vn 1 0 0
vn 1 0 0
vn 1 0 0
vn 1 0 0
vn 1 0 0
vn 1 0 0
vn 1 0 0
vn 1 0 0
vn 1 0 0
vn 1 0 0
vn 1 0 0
vn 1 0 0
vn 1 0 0
vn 1 0 0
vn 1 0 0
vn 1 0 0
vn 1 0 0
vn 1 0 0
vn 1 0 0
vn 1 0 0
vn 1 0 0
vn 1 0 0
vn 1 0 0
vn 1 0 0
vn 1 0 0
vn 1 0 0
vn 1 0 0
vn 1 0 0
vn 1 0 0
vn 1 0 0
vn 1 0 0
vn 1 0 0
vn 1 0 0
vn 1 0 0
vn 1 0 0
vn 1 0 0
vn 1 0 0
vn 1 0 0
vn 1 0 0
vn 1 0 0
vn 1 0 0
vn 1 0 0
vn 1 0 0
vn 1 0 0
vn 1 0 0
vn 0 0.519100198210471 0.854713393025902
vn 0 0.519100198210471 0.854713393025902
vn 0 0.519100198210471 -0.8547133930259018
vn 0 0.519100198210471 -0.8547133930259018
vn 0 0 1
vn 0 0 1
vn 0 0 1
vn 0 0 1
vn 0 0 1
vn 0 0 1
vn 0 0 1
vn 0 0 1
vn 0 0 1
vn 0 0 1
vn 0 0 1
vn 0 0 1
vn 0 0 -1
vn 0 0 -1
vn 0 0 -1
vn 0 0 -1
vn 0 0 -1
vn 0 0 -1
vn 0 0 -1
vn 0 0 -1
vn 0 0 -1
vn 0 0 -1
vn 0 0 -1
vn 0 0 -1
vn 0.38270807002982676 0.9238693268715252 0
vn 0.9238494238666106 0.38275611297709106 0
vn 0.38270807002982676 0.9238693268715252 0
vn 0.9238494238666106 0.38275611297709106 0
vn -0.3827279731605314 0.9238610818518289 0
vn 0.9238576694923548 -0.3827362100979666 0
vn -0.3827279731605314 0.9238610818518289 0
vn 0.9238576694923548 -0.3827362100979666 0
vn -0.9238494238666106 0.38275611297709106 0
vn 0.3827080700298242 -0.9238693268715265 0
vn -0.9238494238666106 0.38275611297709106 0
vn 0.3827080700298242 -0.9238693268715265 0
vn -0.9238576694923548 -0.3827362100979666 0
vn -0.3827279731605288 -0.9238610818518301 0
vn -0.9238576694923548 -0.3827362100979666 0
vn -0.3827279731605288 -0.9238610818518301 0
vn 0 0.19505936167665364 -0.9807914382896583
vn 0 -0.1950788300935237 -0.9807875662187722
vn 0 0.19505936167665364 -0.9807914382896583
vn 0 -0.1950788300935237 -0.9807875662187722
vn 0 0.555615878189444 -0.8314391113628062
vn 0 -0.5555218540088234 -0.8315019360883051
vn 0 0.555615878189444 -0.8314391113628062
vn 0 -0.5555218540088234 -0.8315019360883051
vn 0 0.8314549298589458 -0.5555922062207637
vn 0 -0.8315019360883076 -0.5555218540088195
vn 0 0.8314549298589458 -0.5555922062207637
vn 0 -0.8315019360883076 -0.5555218540088195
vn 0 0.980787566218773 -0.19507883009351892
vn 0 -0.9808070320414671 -0.1949809372682589
vn 0 0.980787566218773 -0.19507883009351892
vn 0 -0.9808070320414671 -0.1949809372682589
vn 0 0.980787566218773 0.19507883009351892
vn 0 -0.9808070320414671 0.1949809372682589
vn 0 0.980787566218773 0.19507883009351892
vn 0 -0.9808070320414671 0.1949809372682589
vn 0 0.8314235153041025 0.5556392158580681
vn 0 -0.8314705277127162 0.5555688630090221
vn 0 0.8314235153041025 0.5556392158580681
vn 0 -0.8314705277127162 0.5555688630090221
vn 0 0.5556862316743242 0.8313920927742754
vn 0 -0.5555922062207659 0.8314549298589445
vn 0 0.5556862316743242 0.8313920927742754
vn 0 -0.5555922062207659 0.8314549298589445
vn 0 0.19505936167665344 0.9807914382896583
vn 0 -0.19507883009352348 0.9807875662187722
vn 0 0.19505936167665344 0.9807914382896583
vn 0 -0.19507883009352348 0.9807875662187722
vn -0.02249260613557353 0.8197701019126824 0.5722508738999884
vn 0.1629946502961677 0.5253438564444147 0.8351326699818061
vn -0.018610076133221888 0.8199295145189617 0.5721619143975033
vn -0.8349665461796812 -0.3054732843607448 0.4577302036163158
vn -0.48902638979405 -0.7788542441577573 0.39273306003244357
vn -0.20054395029977962 0.9747905029780571 -0.09780388183475257
vn -0.25999193896361733 0.9643151510952722 -0.050004810189034944
vn 0.5786721276761218 0.7864646720643508 0.2158978653102051
vn 0.5103601287628176 0.79602827254516 -0.3253790532255711
vn 0.7312831547870037 0.5919927674216549 0.3387764909866356
vn 0.6136772128759547 0.7722347066252637 0.16448050425565147
vn 0.7119503997838685 0.5898182544707727 0.38110504449644944
vn 0.8348924856147405 0.34271363702104896 0.4306993156064278
vn 0.8246050164529606 0.296090353136655 0.4820343033644223
vn 0.9464107045870601 -0.06794401784855784 0.3157378480347574
vn 0.8666602052540641 0.3958183262969622 -0.30369053524345385
vn 0.8569394273748842 0.4617383073147709 -0.2290252243061801
vn 0.8405196458280104 0.46951826593936385 -0.27033187552793086
vn 0.8314259229285694 0.5472355150329021 -0.09625084814717773
vn 0.2527805908762516 0.9248142553198024 -0.28428958129613635
vn 0.20298834515143854 0.9277619157429423 -0.3131350498262152
vn 0.2688072094910076 0.7004017382402551 -0.6611959537048656
vn -0.529617084757646 0.778910399729408 -0.3358635626652378
vn -0.4570426253985813 0.534692218776605 -0.7107856707535144
vn 0.21983662223240932 0.6860877845033186 -0.6935094891065103
vn -0.49227830041424353 0.5017155570846011 -0.7112971072066527
vn -0.30344359808690186 -0.035508569460243215 -0.9521875467968283
vn 0.37924892410581373 0.2270169605673925 -0.8970136861716914
vn 0.8589458025921529 0.37754173478178865 -0.34593980214378317
vn 0.3396925443597187 0.2281821972426759 -0.9124373184870977
vn 0.8860301271890288 0.32137865283320277 -0.33416519150939306
vn 0.883099190912644 0.2906729462885619 -0.3683002271318342
vn 0.5276657468010566 -0.14392043655809156 -0.8371712892794471
vn 0.9173832544763363 0.23914114335100506 -0.3181500871651304
vn 0.49705128064559995 -0.17811044550947222 -0.8492447783819377
vn -0.16246270213808242 -0.526513867824079 -0.8344992614753599
vn 0.9257340289215041 0.1611272933570122 -0.34213228878929736
vn 0.6803948447497336 -0.4582740961679614 -0.5718808512438796
vn 0.07196521660283468 -0.8729489840285338 -0.48247391523569216
vn 0.8870061665690191 0.147621213885234 -0.4375248994966846
vn 0.6192108727377443 -0.5478689604052259 -0.5625099975181401
vn 0.04994027485579977 -0.8758070635624285 -0.4800707826576033
vn 0.7926983778553278 -0.5753750582315613 -0.20142696967029847
vn 0.21229099558872497 -0.9644769837493299 0.15721539685966787
vn 0.825373210269486 -0.4966588395007629 -0.2684940612289194
vn 0.29141023549644124 -0.9524419724219255 0.08907504598337676
vn -0.34951903731547324 -0.8555657697468191 0.3818948234679257
vn 0.8935316149122454 -0.41493250898701856 -0.1715583461626186
vn 0.6209770974071085 -0.5331182231678059 0.5746063040223663
vn 0.8489280118138435 0.33531334653099504 -0.4085170625518353
vn 0.3654633700812492 0.8665795248899506 -0.33981826344439386
vn 0.8952766095213748 -0.33880731165605066 -0.2892911993343592
vn 0.5712126207487825 -0.012505169287437614 -0.8207068676685971
vn 0.013184185232945568 -0.40448463610215063 0.9144497560921838
vn -0.5908956070773324 -0.005581597998436482 0.8067287197692263
vn 0.7146963432327784 -0.5689853487539148 0.4067736592665268
vn 0.14002017924175814 -0.4328751397847884 0.8905130334595928
vn 0.7530270544982898 -0.4872524768045046 0.4421937121234378
vn 0.7058534256321548 -0.6116611408105567 -0.3572696325545743
vn 0.6577167032413311 -0.3055132528708483 0.6885276977708508
vn 0.26207564815032397 0.04382230821662368 0.9640518450525132
vn 0.7485498393791254 -0.6582281245428557 -0.08005544345190073
vn -0.5422236649585191 -0.0710308433187585 0.8372264427598889
vn -0.8906553295239698 0.41908509561832746 0.1763540944268849
vn 0.3008055878023566 -0.8989685009724343 0.31838912136920333
vn 0.6207614280161939 -0.3197750513068319 0.7158206242132233
vn 0.459765582810691 -0.538145085728738 -0.7064102742519782
vn -0.27222089693821294 0.4750699499572019 0.8367821257160175
vn -0.8989388080867908 0.33095807790201126 0.2870117941599373
vn -0.6882583773861864 0.6294185588114342 0.36073907991992105
vn -0.7287384788837677 0.5412635052760472 -0.4194926069079868
vn -0.6309785135673849 0.4974700380237786 -0.5953063721185202
vn -0.043088974906760946 0.35569740110892695 -0.9336073580932402
vn 0.5303645908704605 0.03485457799252683 -0.8470528667939046
vn -0.161842756820887 0.36409163872160705 -0.9171936549484139
vn 0.27183947331641023 -0.4756695244458925 -0.8365654811552262
vn -0.2695966731795275 -0.08453203210224391 -0.9592559456991635
vn -0.7440938154737389 0.5081378113676775 -0.43372843857902604
vn -0.04580380049492148 -0.2216759394544224 -0.9740440389054392
vn -0.6691288584738722 0.3007984718852627 -0.6795490049061537
vn -0.7598092138701151 0.6431596409450276 0.09505595603401575
vn -0.5346859320985655 -0.4597922843513186 -0.7090148159713481
vn -0.6171384803101687 0.3210683044733215 -0.718369849021437
vn -0.3145913324174892 0.8974037564247097 -0.3093522127326861
vn -0.5961514772779436 0.3636661341606734 -0.7157865317285292
vn -0.2758629884170942 0.9178622366369741 -0.28535684007460144
vn -0.56288782438465 -0.4257018896192714 -0.708473851552827
vn -0.2946026577006359 0.2565699808197963 -0.9205330624251643
vn -0.440338118909832 -0.44841147478292176 -0.7778364161685645
vn -0.2472141320568869 0.34438499107190407 -0.9056953962761238
vn 0.030351369891637822 0.8312207214621102 -0.5551134177424555
vn 0.15415252557256007 0.9523450072732723 0.26320331681282544
vn -0.4633754377775394 0.5330802125200464 0.707890309782565
vn 0.06445962628211689 0.23212562435123354 0.9705476037264325
vn 0.19283294080933908 0.9385189617556249 0.2863522574801292
vn 0.5411224786949294 0.46237638893983946 0.7024204851810704
vn 0.1009558898587449 0.8806329144910117 -0.4629185438259042
vn 0.34882062103696976 0.9217415890814495 0.16945978076519194
vn 0.566136342848996 0.4249655685435509 0.7063242221940436
vn 0.07465367640830471 0.8858115471695814 -0.45800079857982406
vn 0.38740228238373514 0.8857598843363998 0.25563430697823086
vn 0.43695941218838463 0.4489127575950701 0.7794509658524847
vn 0.5949331549196596 -0.3633049562274521 0.7169826008752997
vn 0.07331315569642435 0.9460095803899559 0.31573890322900006
vn 0.09597461655443372 0.9247292658026333 -0.3683268357659439
vn 0.44126188400583216 0.38143613145886535 0.8122773093847437
vn 0.28700915858904175 -0.25361976050191576 0.9237438822362839
vn 0.23221625511952618 -0.3421490822881819 0.9104996520304761
vn 0.028857153204142928 0.4582875394020705 0.8883354073421528
vn 0.0849393963548722 0.9171085942510603 0.38948315149402035
vn 0.043297543363583164 0.3242419226371249 0.9449828031997511
vn -0.01790672181556194 -0.2939422506035434 0.9556554309079942
vn -0.26817639287294087 0.8361435554357843 0.47848236854545
vn -0.593174356542113 0.7804442269571964 -0.19761323677839618
vn -0.17220176950388813 0.8066112611068654 0.5654421491499568
vn 0.2665363669627913 0.3744983290260883 0.888093106967363
vn -0.0045996087066900926 -0.4429197613186642 0.8965494568807475
vn -0.06722829801261632 -0.9285894608802956 0.3649684494423719
vn 0.6172376536795651 -0.2976026712139361 0.7283202104613569
vn 0.5913676491371318 -0.7816234934834144 0.19836586901179615
vn 0.6215902255432986 -0.3716489777179159 0.6895669864996868
vn 0.35148755327848585 0.2807411319186043 0.8931074497166421
vn 0.8569489460008329 -0.16219627482386528 0.4892145463713468
vn 0.4291647376183554 0.38149126929014326 0.8187075420688169
vn 0.8617808667984145 -0.23432298435190313 0.4499182999441027
vn 0.7758587669983629 -0.6182171760919521 -0.12589955066112274
vn 0.5770078158793989 -0.8080181685636287 0.11903201117835872
vn -0.04338157911516836 -0.8911150110746272 0.4516990985500652
vn -0.10613171247255557 -0.8795488815880383 0.46382089701184637
vn 0.16791187766069032 -0.8119988498778334 -0.5589843192233012
vn 0.7674978241137019 -0.3886631893044709 0.5097921294610286
vn -0.08481376722451953 -0.9171023810550616 -0.3895251565076663
vn 0.2615642794458385 -0.8388696358797789 -0.4773697327197304
vn -0.030549839393839227 -0.8311363174071883 0.5552288980229939
vn 0.2948948060213979 -0.9179852031630442 0.26521730742036204
vn -0.16041811391905375 -0.9529820485591274 -0.2570821733428875
vn -0.16711782597192154 -0.9378816878212056 -0.30405521191399637
vn -0.3556779836058083 -0.9201232613133071 -0.1639095969376719
vn -0.3702423967388772 -0.8918433298433357 -0.2598769760309731
vn -0.0695203858904231 -0.9461238288286608 -0.3162540378686756
vn -0.4459034709054052 -0.3800502411443484 -0.8103899733095389
vn -0.05346111686787898 -0.3269188887600746 -0.9435390554476891
vn -0.033940994044418624 -0.4578638093396974 -0.8883742122665527
vn -0.279810190014163 -0.3769269676927434 -0.8829679034881119
vn 0.01132215920315954 0.2954670844900149 -0.9552858267000244
vn 0.05343449893773718 0.4462079149690823 -0.8933326653281058
vn -0.3360159406767588 -0.2610812689519768 -0.9049474341714765
vn -0.61191677959785 0.29987602001176217 -0.7318689961109854
vn -0.41770745014421995 -0.3663584800239314 -0.8314456988935409
vn 0.2602609341498425 -0.6727474776466273 -0.6925857906971179
vn -0.6158262090762947 0.37539759466993605 -0.6927010366173464
vn -0.5852056353842965 0.8032834608223179 -0.11077023916098444
vn -0.4708781099340334 -0.3021214187522168 -0.8288524922542612
vn -0.8519380614816708 0.16837718510563535 -0.49583330155885635
vn 0.16721482180867353 -0.6724586316785125 -0.7209983301288265
vn 0.7454866215045682 -0.6315723590630795 -0.21299308069794512
vn 0.8196596587343205 -0.5104897071133647 -0.2599198006594509
vn 0.3981821871814895 -0.2965860801288029 -0.868036659873992
vn -0.2562107749532645 0.04873327894644771 -0.9653916854422226
vn 0.806545546123596 -0.48629378910835375 -0.336158642165913
vn 0.32657220426217054 -0.284708173604314 -0.9012723513379532
vn -0.7724288647552789 0.6235703665157347 0.12047259811385821
vn -0.25529882707267554 0.6815967750788596 0.6857465603978007
vn -0.8606330073847863 0.23663023682291548 -0.45090681700430024
vn -0.7458040868470484 0.631133378039252 0.2131828397573387
vn -0.15862191389152377 0.6828192864251232 0.7131598071395187
vn -0.76811034845615 0.3878286518973073 -0.5095050827637432
vn -0.32105125305682075 0.11503989578256826 -0.9400488898397684
vn -0.8208091341165089 0.5082403842952594 0.26069920813518765
vn -0.4065821358607592 0.27813726796625804 0.8702474515717752
vn 0.47537235809670264 0.3106938742857955 0.8230980729165042
vn -0.7912234067854914 0.4359125349056061 -0.42888900949654785
vn -0.8113069429985765 0.4784689256894617 0.33592935476358254
vn -0.5345513217044483 0.7491716783867646 -0.391147901396883
vn -0.7139107912383611 0.614946862705018 0.3349204953457955
vn -0.07690834062394065 0.48389046224728355 -0.8717425810917936
vn -0.5007406865392461 0.7463441837919711 -0.43843941903540223
vn -0.338259558695003 0.2667880370213644 0.9024436903506772
vn 0.24850968456064662 -0.05985098967486078 0.9667785660193899
vn 0.30815980707911117 -0.13799092101025823 0.9412736260087742
vn 0.7863492881267695 -0.44469795773584025 0.4288339112618031
vn -0.4580384612951075 0.057008916483364126 0.8871024469675436
vn 0.07259330761744202 -0.48940624330912874 0.869029194388316
vn -1 0 0
vn -1 0 0
vn -1 0 0
vn -1 0 0
vn -1 0 0
vn -1 0 0
vn -1 0 0
vn -1 0 0
vn -1 0 0
vn -1 0 0
vn -1 0 0
vn -1 0 0
vn -1 0 0
vn -1 0 0
vn -1 0 0
vn -1 0 0
vn -1 0 0
vn -1 0 0
vn -1 0 0
vn -1 0 0
vn -1 0 0
vn -1 0 0
vn -1 0 0
vn -1 0 0
vn -1 0 0
vn -1 0 0
vn -1 0 0
vn -1 0 0
vn -1 0 0
vn -1 0 0
vn -1 0 0
vn -1 0 0
vn -1 0 0
vn -1 0 0
vn -1 0 0
vn -1 0 0
vn -1 0 0
vn -1 0 0
vn -1 0 0
vn -1 0 0
vn -1 0 0
vn -1 0 0
vn -1 0 0
vn -1 0 0
vn -1 0 0
vn -1 0 0
vn -1 0 0
vn -1 0 0
vn 0.923875102404542 -0.382694127413784 0
vn 0.923875102404542 -0.382694127413784 0
vn 0.38270567654931825 -0.9238703183547616 0
vn 0.9238751024045418 0.3826941274137838 0
vn 0.9238751024045418 0.3826941274137838 0
vn 0.8141986413136155 0.33726316226948755 0.4725824074794235
vn 0.38270567654931825 0.9238703183547616 0
vn 0.38270567654931825 0.9238703183547616 0
vn 0.3645259359605973 0.8799835307932393 -0.3045485635242999
vn 0.4550760378057516 0.8539017122945848 -0.2525028030644299
vn -0.3826825789154896 0.9238798860212243 0
vn -0.3826825789154896 0.9238798860212243 0
vn -0.20391816273586594 0.7348671667745236 -0.6468289032682549
vn -0.28898447601931126 0.6976720642033329 -0.6555468430631824
vn -0.9238866509451154 0.3826662464934928 0
vn -0.6790138261603147 0.28124193796733243 -0.6781173911731722
vn -0.9238866509451154 0.3826662464934928 0
vn -0.7005123235549331 0.22409795310843628 -0.677541579506585
vn -0.9238866509451155 -0.38266624649349307 0
vn -0.8424579224002153 -0.3489391373539264 -0.4104949785415291
vn -0.9238866509451155 -0.38266624649349307 0
vn 0.24675104055726493 0.3473663555197241 -0.9046825625802964
vn -0.24663390637787258 -0.1904616969471214 -0.9502084288306507
vn -0.3826825789154896 -0.9238798860212243 0
vn -0.3826825789154896 -0.9238798860212243 0
vn 0.38270567654931825 -0.9238703183547616 0
vn -0.360515041371487 -0.8703625764076944 0.33540705200379384
vn -0.8110050365602056 -0.4662174617803019 -0.35342907209949814
vn 0.22680935994595086 -0.5475289456598957 0.8054623317731695
vn -0.48358204042167324 -0.8333504144251481 0.26772279872854543
vn -0.6146875536892106 -0.6415464670339524 -0.45888706886970315
vn -0.6194312023818747 -0.7075063737401097 0.3402054035915145
vn -0.6205653044812783 -0.6446677064129975 -0.44643280701832794
vn -0.24886832662611283 -0.1944348180780476 -0.9488201397110388
vn -0.6225371736736224 -0.7079058692902205 0.3336416455104421
vn 0.003146426781148354 -0.5937219221818429 0.8046641405699703
vn -0.2539897913089634 -0.3389486648699372 0.9058713973261968
vn 0.5171004684747165 -0.031031769924593527 0.8553619904803906
vn 0.4991769846451764 -0.20677264715396715 0.8414674149303053
vn 0.7596427651057829 0.522172204190602 0.38765843031355424
vn 0.23410803171717756 0.19950196728034722 0.9515210951612058
vn 0.6106586677291478 0.6442788252132493 0.4604354318567346
vn -0.2666232504021442 -0.3462406851667625 0.8994606329797022
vn 0.23778142041843525 0.20708823731600753 0.9489860157395051
vn -0.5332886296073219 -0.0849586543374651 0.8416562627252956
vn 0.00440831076183086 0.4435127476055119 0.8962572228482383
vn -0.525999309363823 -0.061867629891020244 0.8482317625038861
vn -0.7697896269832784 -0.5643496070187384 0.29821712098191294
vn -0.06789143227478693 0.419687057899521 0.9051262491251275
vn 0.617917820528153 0.6476052900118845 0.4458530648345486
vn 0.5422897024677594 0.7235984663231835 0.426997819821326
vn 0.6224568619115374 0.7079698610762072 -0.3336557070798837
vn 0.6194688127154857 0.7074417747051891 -0.3402712527893576
vn 0.5244017346102285 0.7267466195245734 0.4436689889403905
vn 0.7909694736210471 0.5381761963435526 -0.2910904902067907
vn -0.2498678460070487 0.8010027995522251 0.5440225865175967
vn -0.7604171591438607 0.19259722252873232 0.6202193595445071
vn 0.25701325827469373 0.35418749775894975 -0.8991637234131946
vn -0.06859667205944066 0.8634138722852027 0.49981094598642145
vn 0.41172226460303946 0.8967535047042237 0.16222801432193226
vn 0.5844895608163476 0.022493269039781237 -0.8110893946690569
vn 0.7983171447565754 0.5044220002704911 -0.3290109147594131
vn 0.5472134192278726 0.8331022500337197 0.08061088515637452
vn 0.8162409449325573 0.49052637391324805 -0.30517961319709197
vn -0.31867723542846965 0.9438168060495243 0.08749089231538577
vn -0.679002251725666 0.41252207901038546 0.6072738068453346
vn -0.7764017180275127 0.4435290477462496 0.4477525611866806
vn -0.16233184768847084 0.9863669141572396 0.026994108282584646
vn 0.32394682437507827 0.9016419506938697 -0.2865314079228589
vn -0.7199441858473895 0.603502934816647 0.3427310562704137
vn -0.2622282157562011 0.9211795898352891 -0.28751439291313363
vn -0.7276738864707293 0.6020934422851324 0.3285942813042009
vn 0.50083393786881 0.7955891934275625 -0.3408859075704096
vn -0.24826931692372123 0.9225487520175223 -0.2954084400032287
vn 0.338465228318038 0.632188676668419 -0.6969783112205513
vn -0.47036717208446566 0.7656005230891436 -0.4388741989122768
vn -0.7165881362207837 0.6406264644490555 0.2758607911159666
vn -0.6463232824120945 0.6921835618505314 0.32116682785737305
vn -0.737457344775312 -0.024541779449529667 0.674947676267129
vn -0.8482995621657794 -0.10971723987737109 0.5180250767125453
vn -0.7324936734007101 -0.054346291980754295 0.6786011339335328
vn -0.8159690500347889 -0.3291519330639324 0.47524048054179957
vn -0.8572000800557071 -0.31595120917291036 0.40667291054933213
vn -0.32886876423987943 -0.9019564129860356 0.27985704382898546
vn -0.834990380716899 -0.4745866364555086 0.2784934265078712
vn -0.5352971762231981 -0.8427970683613701 -0.05612516983448988
vn -0.7820321157695973 -0.5160644536797111 0.3494327539787713
vn -0.5404567387236381 -0.7252698392857794 -0.42648584242690785
vn -0.5239264234635173 -0.7279532899769574 -0.442250054164441
vn -0.4204469325143565 -0.8890926835650307 -0.18093804732670404
vn 0.040222024381417254 -0.4829352072823698 -0.8747318299466387
vn 0.08681008583785291 -0.4631623878934715 -0.8820116844110638
vn 0.2559853216753876 -0.8118664638723416 -0.5247326556696926
vn 0.5797449829224078 0.012228211381707488 -0.8147062204394302
vn -0.5071278312849444 -0.8004248530781356 0.3195957091562307
vn -0.35062374266843793 -0.6460254253155939 0.6780222274549583
vn 0.07412226171843982 -0.8673017802470394 -0.4922331889440808
vn 0.31713427101903596 -0.9440487744486273 -0.0905415131708625
vn 0.767833944854333 -0.20321162237026139 -0.6075656916441874
vn 0.6780411821944419 -0.4121849781696559 -0.6085751383515794
vn 0.8691226592059088 0.31136557035739115 -0.38428802329875755
vn 0.8197513220323405 0.32814149383355423 -0.4693942160390492
vn 0.7852987430220644 -0.44593770753538864 -0.4294711226683909
vn 0.8438932780630788 0.10736213066466595 -0.5256591178121943
vn 0.1574989297020809 -0.986675613515459 -0.04080834273272822
vn 0.716736333335473 -0.604032671026965 -0.3484731852077745
vn 0.26291724237811814 -0.9202247780253089 0.2899325465837819
vn -0.34178604817437047 -0.65202334516662 0.6767923275503924
vn 0.7187520426437919 -0.6037034795096489 -0.3448733246038606
vn 0.7058333866726575 0.04310810639366664 -0.7070650050888951
vn 0.25080051125578734 -0.9213278780423287 0.29707582314260433
vn 0.7081511975202496 -0.647434737392137 -0.2816915729456799
vn 0.7096417495266755 -0.0010132309181305741 -0.7045619636993087
vn 0.3232403822891184 0.6415461680870597 -0.6956537712615342
vn 0.6481917638698698 -0.6909523347761 -0.32005047776674767
vn 0.01197472810575448 0.4193846098090995 -0.9077296706300079
vn 0.4495228999392772 -0.191450668933703 -0.8725112055412357
vn 0.00293285353126557 0.42414937849628315 -0.905587490578012
vn 0.3891220361875746 -0.14204358075574314 -0.9101690294221854
vn -0.35793111859947957 0.7503313767494993 -0.5557770590833401
vn 0.5149984131278029 -0.7195312248145075 0.4658878094485619
vn 0.07537868054915636 -0.3431753829137249 0.9362418016093313
vn 0.07875391437049147 -0.3454302901007425 0.9351340736238
vn 0.45377213179516646 -0.7037034158920529 0.5467104854197755
vn 0.6619832235123089 -0.7043080017333488 -0.25637560430475786
vn 0.5415205207259036 0.2378856008703734 0.8063286963337519
vn 0.640397212975038 -0.5773928481511832 0.5064670853250668
vn 0.4818163961539743 0.3175703736947765 0.8167019151125805
vn 0 -1 0
vn 0 -1 0
vn 0.38270807002982793 0.9238693268715249 0
vn 0.9238892282354288 0.3826600239776084 0
vn 0.38270807002982793 0.9238693268715249 0
vn 0.9238892282354288 0.3826600239776084 0
vn -0.3826881687914892 0.9238775706050109 0
vn 0.9238974700766789 -0.38264012438048445 0
vn -0.3826881687914892 0.9238775706050109 0
vn 0.9238974700766789 -0.38264012438048445 0
vn -0.9238892282354298 0.3826600239776057 0
vn 0.3827080700298252 -0.9238693268715259 0
vn -0.9238892282354298 0.3826600239776057 0
vn 0.3827080700298252 -0.9238693268715259 0
vn -0.9238974700766799 -0.3826401243804817 0
vn -0.38268816879148654 -0.9238775706050119 0
vn -0.9238974700766799 -0.3826401243804817 0
vn -0.38268816879148654 -0.9238775706050119 0
vn 1 0 0
vn 1 0 0
usemtl none
f 2/1/1 3/2/1 4/3/1
f 3/4/2 2/5/2 5/6/2
f 6/7/3 7/8/3 8/9/3
f 8/10/4 7/11/4 9/12/4
f 9/13/5 10/14/5 11/15/5
f 12/16/6 11/17/6 10/18/6
f 13/19/7 8/20/7 9/21/7
f 11/22/8 13/23/8 9/24/8
f 8/25/9 14/26/9 6/27/9
f 15/28/10 8/29/10 13/30/10
f 14/31/11 8/32/11 15/33/11
f 6/34/12 16/35/12 17/36/12
f 16/37/13 6/38/13 14/39/13
f 18/40/14 14/41/14 15/42/14
f 13/43/15 18/44/15 15/45/15
f 19/46/16 14/47/16 18/48/16
f 13/49/17 11/50/17 20/51/17
f 21/52/18 14/53/18 19/54/18
f 14/55/19 21/56/19 16/57/19
f 22/58/20 19/59/20 18/60/20
f 18/61/21 13/62/21 23/63/21
f 23/64/22 22/65/22 18/66/22
f 23/67/23 13/68/23 24/69/23
f 24/70/24 13/71/24 20/72/24
f 22/73/25 23/74/25 25/75/25
f 24/76/26 25/77/26 23/78/26
f 19/79/27 26/80/27 21/81/27
f 26/82/28 19/83/28 27/84/28
f 19/85/29 22/86/29 27/87/29
f 28/88/30 21/89/30 26/90/30
f 27/91/31 29/92/31 26/93/31
f 29/94/32 28/95/32 26/96/32
f 22/97/33 30/98/33 27/99/33
f 29/100/34 27/101/34 30/102/34
f 31/103/35 22/104/35 25/105/35
f 25/106/36 24/107/36 32/108/36
f 32/109/37 31/110/37 25/111/37
f 30/112/38 22/113/38 33/114/38
f 33/115/39 22/116/39 31/117/39
f 33/118/40 34/119/40 30/120/40
f 30/121/41 35/122/41 29/123/41
f 35/124/42 30/125/42 34/126/42
f 36/127/43 33/128/43 31/129/43
f 37/130/44 29/131/44 35/132/44
f 38/133/45 33/134/45 36/135/45
f 34/136/46 33/137/46 38/138/46
f 39/139/47 34/140/47 38/141/47
f 36/142/48 39/143/48 38/144/48
f 34/145/49 40/146/49 35/147/49
f 36/148/50 31/149/50 41/150/50
f 42/151/51 34/152/51 39/153/51
f 40/154/52 34/155/52 42/156/52
f 39/157/53 36/158/53 43/159/53
f 36/160/54 44/161/54 43/162/54
f 44/163/55 36/164/55 41/165/55
f 45/166/56 39/167/56 43/168/56
f 44/169/57 45/170/57 43/171/57
f 46/172/58 42/173/58 39/174/58
f 46/175/59 39/176/59 45/177/59
f 47/178/60 42/179/60 46/180/60
f 47/181/61 40/182/61 42/183/61
f 46/184/62 48/185/62 47/186/62
f 49/187/63 40/188/63 47/189/63
f 48/190/64 49/191/64 47/192/64
f 45/193/65 50/194/65 46/195/65
f 48/196/66 46/197/66 50/198/66
f 50/199/67 45/200/67 51/201/67
f 50/202/68 52/203/68 48/204/68
f 45/205/69 44/206/69 53/207/69
f 53/208/70 51/209/70 45/210/70
f 54/211/71 53/212/71 44/213/71
f 41/214/72 54/215/72 44/216/72
f 53/217/73 54/218/73 55/219/73
f 54/220/74 41/221/74 56/222/74
f 51/223/75 53/224/75 57/225/75
f 55/226/76 57/227/76 53/228/76
f 58/229/77 55/230/77 54/231/77
f 56/232/78 58/233/78 54/234/78
f 41/235/79 59/236/79 56/237/79
f 59/238/80 41/239/80 31/240/80
f 31/241/81 32/242/81 59/243/81
f 60/244/82 56/245/82 59/246/82
f 60/247/83 59/248/83 32/249/83
f 60/250/84 61/251/84 56/252/84
f 58/253/85 56/254/85 61/255/85
f 62/256/86 60/257/86 32/258/86
f 32/259/87 24/260/87 62/261/87
f 63/262/88 61/263/88 60/264/88
f 62/265/89 63/266/89 60/267/89
f 64/268/90 62/269/90 24/270/90
f 24/271/91 20/272/91 64/273/91
f 63/274/92 62/275/92 65/276/92
f 64/277/93 20/278/93 66/279/93
f 11/280/94 66/281/94 20/282/94
f 67/283/95 62/284/95 64/285/95
f 62/286/96 67/287/96 65/288/96
f 68/289/97 64/290/97 66/291/97
f 64/292/98 68/293/98 67/294/98
f 66/295/99 11/296/99 69/297/99
f 69/298/100 68/299/100 66/300/100
f 11/301/101 12/302/101 69/303/101
f 70/304/102 65/305/102 67/306/102
f 68/307/103 70/308/103 67/309/103
f 12/310/104 71/311/104 69/312/104
f 68/313/105 69/314/105 71/315/105
f 72/316/106 71/317/106 12/318/106
f 73/319/107 71/320/107 72/321/107
f 71/322/108 73/323/108 74/324/108
f 74/325/109 68/326/109 71/327/109
f 73/328/110 17/329/110 74/330/110
f 17/331/111 16/332/111 74/333/111
f 68/334/112 74/335/112 75/336/112
f 75/337/113 74/338/113 16/339/113
f 70/340/114 68/341/114 75/342/114
f 16/343/115 70/344/115 75/345/115
f 70/346/116 16/347/116 21/348/116
f 21/349/117 28/350/117 70/351/117
f 65/352/118 70/353/118 28/354/118
f 28/355/119 63/356/119 65/357/119
f 63/358/120 28/359/120 76/360/120
f 28/361/121 29/362/121 76/363/121
f 76/364/122 61/365/122 63/366/122
f 29/367/123 37/368/123 76/369/123
f 61/370/124 76/371/124 37/372/124
f 37/373/125 58/374/125 61/375/125
f 58/376/126 37/377/126 77/378/126
f 35/379/127 77/380/127 37/381/127
f 77/382/128 35/383/128 40/384/128
f 77/385/129 78/386/129 58/387/129
f 40/388/130 79/389/130 77/390/130
f 78/391/131 77/392/131 79/393/131
f 79/394/132 40/395/132 49/396/132
f 55/397/133 58/398/133 78/399/133
f 49/400/134 80/401/134 79/402/134
f 80/403/135 78/404/135 79/405/135
f 78/406/136 81/407/136 55/408/136
f 80/409/137 49/410/137 82/411/137
f 82/412/138 49/413/138 48/414/138
f 78/415/139 80/416/139 83/417/139
f 81/418/140 78/419/140 83/420/140
f 57/421/141 55/422/141 81/423/141
f 80/424/142 84/425/142 83/426/142
f 82/427/143 84/428/143 80/429/143
f 83/430/144 85/431/144 81/432/144
f 85/433/145 83/434/145 84/435/145
f 81/436/146 86/437/146 57/438/146
f 85/439/147 86/440/147 81/441/147
f 57/442/148 86/443/148 87/444/148
f 85/445/149 88/446/149 86/447/149
f 86/448/150 88/449/150 87/450/150
f 57/451/151 87/452/151 51/453/151
f 84/454/152 82/455/152 89/456/152
f 48/457/153 89/458/153 82/459/153
f 84/460/154 90/461/154 85/462/154
f 89/463/155 90/464/155 84/465/155
f 89/466/156 48/467/156 52/468/156
f 91/469/157 85/470/157 90/471/157
f 88/472/158 85/473/158 91/474/158
f 90/475/159 89/476/159 92/477/159
f 52/478/160 92/479/160 89/480/160
f 90/481/161 93/482/161 91/483/161
f 93/484/162 88/485/162 91/486/162
f 92/487/163 94/488/163 90/489/163
f 93/490/164 90/491/164 95/492/164
f 94/493/165 95/494/165 90/495/165
f 96/496/166 94/497/166 92/498/166
f 92/499/167 52/500/167 96/501/167
f 94/502/168 97/503/168 95/504/168
f 94/505/169 96/506/169 98/507/169
f 98/508/170 97/509/170 94/510/170
f 52/511/171 99/512/171 96/513/171
f 99/514/172 98/515/172 96/516/172
f 95/517/173 100/518/173 93/519/173
f 99/520/174 52/521/174 101/522/174
f 52/523/175 50/524/175 101/525/175
f 51/526/176 101/527/176 50/528/176
f 101/529/177 51/530/177 102/531/177
f 87/532/178 102/533/178 51/534/178
f 99/535/179 101/536/179 103/537/179
f 102/538/180 103/539/180 101/540/180
f 87/541/181 104/542/181 102/543/181
f 103/544/182 102/545/182 104/546/182
f 104/547/183 87/548/183 88/549/183
f 88/550/184 93/551/184 105/552/184
f 88/553/185 105/554/185 104/555/185
f 100/556/186 105/557/186 93/558/186
f 106/559/187 103/560/187 104/561/187
f 106/562/188 104/563/188 105/564/188
f 105/565/189 100/566/189 107/567/189
f 107/568/190 106/569/190 105/570/190
f 108/571/191 103/572/191 106/573/191
f 103/574/192 108/575/192 99/576/192
f 109/577/193 108/578/193 106/579/193
f 109/580/194 106/581/194 107/582/194
f 110/583/195 99/584/195 108/585/195
f 98/586/196 99/587/196 110/588/196
f 111/589/197 108/590/197 109/591/197
f 111/592/198 110/593/198 108/594/198
f 110/595/199 112/596/199 98/597/199
f 97/598/200 98/599/200 112/600/200
f 113/601/201 110/602/201 111/603/201
f 112/604/202 110/605/202 113/606/202
f 109/607/203 114/608/203 111/609/203
f 111/610/204 114/611/204 113/612/204
f 113/613/205 115/614/205 112/615/205
f 115/616/206 97/617/206 112/618/206
f 114/619/207 116/620/207 113/621/207
f 115/622/208 113/623/208 116/624/208
f 114/625/209 109/626/209 117/627/209
f 107/628/210 117/629/210 109/630/210
f 118/631/211 116/632/211 114/633/211
f 117/634/212 118/635/212 114/636/212
f 116/637/213 118/638/213 119/639/213
f 120/640/214 116/641/214 119/642/214
f 115/643/215 116/644/215 120/645/215
f 118/646/216 117/647/216 121/648/216
f 120/649/217 122/650/217 115/651/217
f 97/652/218 115/653/218 122/654/218
f 122/655/219 120/656/219 123/657/219
f 124/658/220 121/659/220 117/660/220
f 117/661/221 107/662/221 124/663/221
f 124/664/222 125/665/222 121/666/222
f 124/667/223 126/668/223 125/669/223
f 124/670/224 107/671/224 127/672/224
f 126/673/225 124/674/225 127/675/225
f 100/676/226 127/677/226 107/678/226
f 127/679/227 128/680/227 126/681/227
f 129/682/228 127/683/228 100/684/228
f 97/685/229 122/686/229 129/687/229
f 100/688/230 95/689/230 129/690/230
f 129/691/231 95/692/231 97/693/231
f 129/694/232 122/695/232 130/696/232
f 127/697/233 129/698/233 130/699/233
f 128/700/234 127/701/234 130/702/234
f 123/703/235 130/704/235 122/705/235
f 130/706/236 123/707/236 128/708/236
f 131/709/237 132/710/237 133/711/237
f 134/712/238 133/713/238 132/714/238
f 135/715/239 136/716/239 137/717/239
f 136/718/240 135/719/240 138/720/240
f 139/721/241 138/722/241 135/723/241
f 137/724/242 140/725/242 135/726/242
f 135/727/243 140/728/243 139/729/243
f 140/730/244 137/731/244 141/732/244
f 140/733/245 142/734/245 139/735/245
f 139/736/246 142/737/246 143/738/246
f 141/739/247 144/740/247 140/741/247
f 140/742/248 145/743/248 142/744/248
f 145/745/249 140/746/249 144/747/249
f 146/748/250 143/749/250 142/750/250
f 142/751/251 145/752/251 146/753/251
f 143/754/252 146/755/252 147/756/252
f 146/757/253 148/758/253 147/759/253
f 147/760/254 148/761/254 131/762/254
f 149/763/255 146/764/255 145/765/255
f 146/766/256 149/767/256 148/768/256
f 131/769/257 148/770/257 150/771/257
f 132/772/258 131/773/258 150/774/258
f 148/775/259 151/776/259 150/777/259
f 151/778/260 148/779/260 149/780/260
f 150/781/261 152/782/261 132/783/261
f 150/784/262 151/785/262 152/786/262
f 153/787/263 149/788/263 145/789/263
f 144/790/264 153/791/264 145/792/264
f 149/793/265 154/794/265 151/795/265
f 151/796/266 155/797/266 152/798/266
f 155/799/267 151/800/267 154/801/267
f 132/802/268 152/803/268 156/804/268
f 155/805/269 156/806/269 152/807/269
f 157/808/270 132/809/270 156/810/270
f 132/811/271 157/812/271 134/813/271
f 157/814/272 141/815/272 134/816/272
f 154/817/273 149/818/273 158/819/273
f 149/820/274 153/821/274 158/822/274
f 159/823/275 141/824/275 157/825/275
f 144/826/276 141/827/276 159/828/276
f 156/829/277 160/830/277 157/831/277
f 160/832/278 159/833/278 157/834/278
f 161/835/279 144/836/279 159/837/279
f 161/838/280 159/839/280 160/840/280
f 153/841/281 144/842/281 162/843/281
f 162/844/282 144/845/282 161/846/282
f 162/847/283 163/848/283 153/849/283
f 163/850/284 158/851/284 153/852/284
f 160/853/285 156/854/285 164/855/285
f 164/856/286 156/857/286 155/858/286
f 165/859/287 164/860/287 155/861/287
f 154/862/288 165/863/288 155/864/288
f 166/865/289 160/866/289 164/867/289
f 166/868/290 164/869/290 165/870/290
f 167/871/291 160/872/291 166/873/291
f 167/874/292 161/875/292 160/876/292
f 165/877/293 168/878/293 166/879/293
f 166/880/294 168/881/294 167/882/294
f 165/883/295 154/884/295 169/885/295
f 158/886/296 169/887/296 154/888/296
f 169/889/297 170/890/297 165/891/297
f 168/892/298 165/893/298 170/894/298
f 169/895/299 158/896/299 171/897/299
f 158/898/300 163/899/300 171/900/300
f 171/901/301 172/902/301 169/903/301
f 170/904/302 169/905/302 172/906/302
f 173/907/303 171/908/303 163/909/303
f 170/910/304 174/911/304 168/912/304
f 172/913/305 171/914/305 175/915/305
f 171/916/306 173/917/306 175/918/306
f 176/919/307 170/920/307 172/921/307
f 175/922/308 176/923/308 172/924/308
f 174/925/309 170/926/309 177/927/309
f 170/928/310 176/929/310 177/930/310
f 176/931/311 178/932/311 177/933/311
f 178/934/312 174/935/312 177/936/312
f 178/937/313 176/938/313 179/939/313
f 176/940/314 175/941/314 180/942/314
f 180/943/315 179/944/315 176/945/315
f 180/946/316 175/947/316 181/948/316
f 173/949/317 181/950/317 175/951/317
f 179/952/318 180/953/318 182/954/318
f 181/955/319 183/956/319 180/957/319
f 182/958/320 180/959/320 183/960/320
f 184/961/321 183/962/321 181/963/321
f 173/964/322 184/965/322 181/966/322
f 185/967/323 182/968/323 183/969/323
f 179/970/324 186/971/324 178/972/324
f 182/973/325 187/974/325 179/975/325
f 186/976/326 179/977/326 187/978/326
f 187/979/327 182/980/327 188/981/327
f 182/982/328 185/983/328 188/984/328
f 188/985/329 189/986/329 187/987/329
f 187/988/330 190/989/330 186/990/330
f 190/991/331 187/992/331 189/993/331
f 191/994/332 192/995/332 193/996/332
f 191/997/333 193/998/333 194/999/333
f 195/1000/334 196/1001/334 197/1002/334
f 197/1003/335 196/1004/335 1/1005/335
f 1/1006/336 196/1007/336 198/1008/336
f 1/1009/337 198/1010/337 199/1011/337
f 199/1012/338 198/1013/338 200/1014/338
f 199/1015/339 200/1016/339 201/1017/339
f 202/1018/340 201/1019/340 200/1020/340
f 202/1021/341 203/1022/341 201/1023/341
f 204/1024/342 203/1025/342 202/1026/342
f 205/1027/343 203/1028/343 204/1029/343
f 206/1030/344 205/1031/344 204/1032/344
f 207/1033/345 205/1034/345 206/1035/345
f 208/1036/346 207/1037/346 206/1038/346
f 208/1039/347 209/1040/347 207/1041/347
f 209/1042/348 208/1043/348 210/1044/348
f 209/1045/349 210/1046/349 211/1047/349
f 211/1048/350 210/1049/350 212/1050/350
f 211/1051/351 212/1052/351 213/1053/351
f 212/1054/352 214/1055/352 213/1056/352
f 213/1057/353 214/1058/353 215/1059/353
f 216/1060/354 217/1061/354 218/1062/354
f 219/1063/355 218/1064/355 217/1065/355
f 219/1066/356 220/1067/356 218/1068/356
f 217/1069/357 216/1070/357 221/1071/357
f 220/1072/358 222/1073/358 218/1074/358
f 223/1075/359 218/1076/359 222/1077/359
f 218/1078/360 223/1079/360 216/1080/360
f 222/1081/361 220/1082/361 224/1083/361
f 225/1084/362 224/1085/362 220/1086/362
f 225/1087/363 226/1088/363 224/1089/363
f 226/1090/364 225/1091/364 227/1092/364
f 227/1093/365 228/1094/365 226/1095/365
f 229/1096/366 228/1097/366 227/1098/366
f 228/1099/367 229/1100/367 230/1101/367
f 231/1102/368 230/1103/368 229/1104/368
f 232/1105/369 230/1106/369 231/1107/369
f 230/1108/370 232/1109/370 233/1110/370
f 234/1111/371 233/1112/371 232/1113/371
f 233/1114/372 234/1115/372 235/1116/372
f 235/1117/373 234/1118/373 236/1119/373
f 235/1120/374 236/1121/374 237/1122/374
f 238/1123/375 237/1124/375 236/1125/375
f 237/1126/376 238/1127/376 239/1128/376
f 240/1129/377 239/1130/377 238/1131/377
f 238/1132/378 241/1133/378 240/1134/378
f 239/1135/379 240/1136/379 242/1137/379
f 243/1138/380 240/1139/380 241/1140/380
f 244/1141/381 242/1142/381 240/1143/381
f 240/1144/382 243/1145/382 244/1146/382
f 242/1147/383 244/1148/383 245/1149/383
f 246/1150/384 244/1151/384 243/1152/384
f 247/1153/385 245/1154/385 244/1155/385
f 244/1156/386 246/1157/386 247/1158/386
f 245/1159/387 247/1160/387 248/1161/387
f 249/1162/388 247/1163/388 246/1164/388
f 250/1165/389 248/1166/389 247/1167/389
f 247/1168/390 249/1169/390 250/1170/390
f 248/1171/391 250/1172/391 251/1173/391
f 252/1174/392 250/1175/392 249/1176/392
f 250/1177/393 253/1178/393 251/1179/393
f 254/1180/394 250/1181/394 252/1182/394
f 253/1183/395 250/1184/395 255/1185/395
f 250/1186/396 254/1187/396 255/1188/396
f 221/1189/397 255/1190/397 254/1191/397
f 255/1192/398 256/1193/398 253/1194/398
f 255/1195/399 221/1196/399 216/1197/399
f 255/1198/400 216/1199/400 256/1200/400
f 216/1201/401 223/1202/401 256/1203/401
f 257/1204/402 258/1205/402 259/1206/402
f 259/1207/403 260/1208/403 257/1209/403
f 261/1210/404 262/1211/404 263/1212/404
f 262/1213/405 261/1214/405 264/1215/405
f 265/1216/406 266/1217/406 267/1218/406
f 268/1219/407 266/1220/407 265/1221/407
f 268/1222/408 269/1223/408 266/1224/408
f 266/1225/409 269/1226/409 270/1227/409
f 271/1228/410 269/1229/410 268/1230/410
f 269/1231/411 271/1232/411 272/1233/411
f 273/1234/412 274/1235/412 275/1236/412
f 276/1237/413 274/1238/413 273/1239/413
f 276/1240/414 277/1241/414 274/1242/414
f 274/1243/415 277/1244/415 278/1245/415
f 279/1246/416 277/1247/416 276/1248/416
f 277/1249/417 279/1250/417 280/1251/417
f 281/1252/418 282/1253/418 283/1254/418
f 282/1255/419 281/1256/419 284/1257/419
f 285/1258/420 281/1259/420 283/1260/420
f 281/1261/421 285/1262/421 286/1263/421
f 285/1264/422 283/1265/422 287/1266/422
f 285/1267/423 287/1268/423 288/1269/423
f 289/1270/424 290/1271/424 291/1272/424
f 290/1273/425 289/1274/425 292/1275/425
f 293/1276/426 289/1277/426 291/1278/426
f 289/1279/427 293/1280/427 294/1281/427
f 293/1282/428 291/1283/428 295/1284/428
f 293/1285/429 295/1286/429 296/1287/429
f 297/1288/430 298/1289/430 299/1290/430
f 300/1291/431 299/1292/431 298/1293/431
f 298/1294/432 297/1295/432 301/1296/432
f 299/1297/433 300/1298/433 302/1299/433
f 303/1300/434 301/1301/434 297/1302/434
f 304/1303/435 302/1304/435 300/1305/435
f 301/1306/436 303/1307/436 305/1308/436
f 302/1309/437 304/1310/437 306/1311/437
f 307/1312/438 305/1313/438 303/1314/438
f 308/1315/439 306/1316/439 304/1317/439
f 305/1318/440 307/1319/440 309/1320/440
f 306/1321/441 308/1322/441 310/1323/441
f 311/1324/442 309/1325/442 307/1326/442
f 312/1327/443 310/1328/443 308/1329/443
f 309/1330/444 311/1331/444 312/1332/444
f 310/1333/445 312/1334/445 311/1335/445
f 313/1336/446 314/1337/446 315/1338/446
f 316/1339/447 314/1340/447 313/1341/447
f 313/1342/448 315/1343/448 317/1344/448
f 316/1345/449 318/1346/449 314/1347/449
f 317/1348/450 315/1349/450 319/1350/450
f 320/1351/451 318/1352/451 316/1353/451
f 317/1354/452 319/1355/452 321/1356/452
f 320/1357/453 322/1358/453 318/1359/453
f 321/1360/454 319/1361/454 323/1362/454
f 324/1363/455 322/1364/455 320/1365/455
f 325/1366/456 323/1367/456 319/1368/456
f 324/1369/457 326/1370/457 322/1371/457
f 323/1372/458 325/1373/458 327/1374/458
f 328/1375/459 326/1376/459 324/1377/459
f 329/1378/460 327/1379/460 325/1380/460
f 328/1381/461 330/1382/461 326/1383/461
f 327/1384/462 329/1385/462 331/1386/462
f 332/1387/463 330/1388/463 328/1389/463
f 333/1390/464 331/1391/464 329/1392/464
f 332/1393/465 334/1394/465 330/1395/465
f 331/1396/466 333/1397/466 335/1398/466
f 336/1399/467 334/1400/467 332/1401/467
f 337/1402/468 335/1403/468 333/1404/468
f 336/1405/469 338/1406/469 334/1407/469
f 337/1408/470 339/1409/470 335/1410/470
f 336/1411/471 340/1412/471 338/1413/471
f 339/1414/472 337/1415/472 341/1416/472
f 340/1417/473 336/1418/473 342/1419/473
f 341/1420/474 343/1421/474 339/1422/474
f 342/1423/475 344/1424/475 340/1425/475
f 343/1426/476 341/1427/476 344/1428/476
f 344/1429/477 342/1430/477 343/1431/477
f 178/1432/478 186/1433/478 345/1434/478
f 174/1435/479 178/1436/479 345/1437/479
f 346/1438/480 345/1439/480 186/1440/480
f 189/1441/481 188/1442/481 347/1443/481
f 185/1444/482 347/1445/482 188/1446/482
f 186/1447/483 348/1448/483 346/1449/483
f 348/1450/484 186/1451/484 190/1452/484
f 349/1453/485 345/1454/485 346/1455/485
f 346/1456/486 348/1457/486 349/1458/486
f 350/1459/487 174/1460/487 345/1461/487
f 345/1462/488 349/1463/488 350/1464/488
f 174/1465/489 350/1466/489 351/1467/489
f 351/1468/490 168/1469/490 174/1470/490
f 168/1471/491 351/1472/491 352/1473/491
f 168/1474/492 352/1475/492 167/1476/492
f 351/1477/493 353/1478/493 352/1479/493
f 167/1480/494 352/1481/494 354/1482/494
f 352/1483/495 353/1484/495 354/1485/495
f 354/1486/496 161/1487/496 167/1488/496
f 354/1489/497 162/1490/497 161/1491/497
f 355/1492/498 162/1493/498 354/1494/498
f 353/1495/499 355/1496/499 354/1497/499
f 163/1498/500 162/1499/500 355/1500/500
f 356/1501/501 163/1502/501 355/1503/501
f 356/1504/502 355/1505/502 353/1506/502
f 163/1507/503 356/1508/503 173/1509/503
f 184/1510/504 173/1511/504 356/1512/504
f 353/1513/505 184/1514/505 356/1515/505
f 353/1516/506 351/1517/506 357/1518/506
f 184/1519/507 353/1520/507 357/1521/507
f 350/1522/508 357/1523/508 351/1524/508
f 358/1525/509 357/1526/509 350/1527/509
f 358/1528/510 184/1529/510 357/1530/510
f 349/1531/511 358/1532/511 350/1533/511
f 184/1534/512 358/1535/512 359/1536/512
f 183/1537/513 184/1538/513 359/1539/513
f 360/1540/514 358/1541/514 349/1542/514
f 358/1543/515 360/1544/515 359/1545/515
f 359/1546/516 185/1547/516 183/1548/516
f 349/1549/517 361/1550/517 360/1551/517
f 362/1552/518 359/1553/518 360/1554/518
f 185/1555/519 359/1556/519 362/1557/519
f 361/1558/520 362/1559/520 360/1560/520
f 363/1561/521 185/1562/521 362/1563/521
f 362/1564/522 361/1565/522 363/1566/522
f 185/1567/523 363/1568/523 364/1569/523
f 347/1570/524 185/1571/524 364/1572/524
f 361/1573/525 365/1574/525 363/1575/525
f 365/1576/526 364/1577/526 363/1578/526
f 361/1579/527 349/1580/527 366/1581/527
f 366/1582/528 349/1583/528 348/1584/528
f 365/1585/529 361/1586/529 367/1587/529
f 366/1588/530 367/1589/530 361/1590/530
f 364/1591/531 368/1592/531 347/1593/531
f 368/1594/532 189/1595/532 347/1596/532
f 369/1597/533 364/1598/533 365/1599/533
f 368/1600/534 364/1601/534 369/1602/534
f 365/1603/535 370/1604/535 369/1605/535
f 367/1606/536 370/1607/536 365/1608/536
f 371/1609/537 369/1610/537 370/1611/537
f 371/1612/538 368/1613/538 369/1614/538
f 370/1615/539 367/1616/539 372/1617/539
f 189/1618/540 368/1619/540 373/1620/540
f 373/1621/541 190/1622/541 189/1623/541
f 372/1624/542 374/1625/542 370/1626/542
f 370/1627/543 374/1628/543 371/1629/543
f 367/1630/544 375/1631/544 372/1632/544
f 368/1633/545 376/1634/545 373/1635/545
f 190/1636/546 373/1637/546 377/1638/546
f 373/1639/547 376/1640/547 377/1641/547
f 378/1642/548 190/1643/548 377/1644/548
f 190/1645/549 378/1646/549 348/1647/549
f 378/1648/550 366/1649/550 348/1650/550
f 367/1651/551 366/1652/551 379/1653/551
f 366/1654/552 378/1655/552 379/1656/552
f 379/1657/553 375/1658/553 367/1659/553
f 378/1660/554 380/1661/554 379/1662/554
f 377/1663/555 380/1664/555 378/1665/555
f 379/1666/556 380/1667/556 375/1668/556
f 380/1669/557 377/1670/557 381/1671/557
f 377/1672/558 376/1673/558 381/1674/558
f 380/1675/559 382/1676/559 375/1677/559
f 381/1678/560 382/1679/560 380/1680/560
f 376/1681/561 383/1682/561 381/1683/561
f 382/1684/562 381/1685/562 383/1686/562
f 383/1687/563 376/1688/563 384/1689/563
f 382/1690/564 385/1691/564 375/1692/564
f 383/1693/565 386/1694/565 382/1695/565
f 382/1696/566 386/1697/566 385/1698/566
f 386/1699/567 383/1700/567 387/1701/567
f 384/1702/568 387/1703/568 383/1704/568
f 388/1705/569 384/1706/569 376/1707/569
f 376/1708/570 368/1709/570 388/1710/570
f 388/1711/571 368/1712/571 371/1713/571
f 384/1714/572 388/1715/572 389/1716/572
f 371/1717/573 389/1718/573 388/1719/573
f 387/1720/574 384/1721/574 390/1722/574
f 389/1723/575 390/1724/575 384/1725/575
f 389/1726/576 371/1727/576 391/1728/576
f 390/1729/577 392/1730/577 387/1731/577
f 390/1732/578 389/1733/578 393/1734/578
f 391/1735/579 393/1736/579 389/1737/579
f 374/1738/580 391/1739/580 371/1740/580
f 393/1741/581 394/1742/581 390/1743/581
f 392/1744/582 390/1745/582 394/1746/582
f 393/1747/583 391/1748/583 395/1749/583
f 374/1750/584 396/1751/584 391/1752/584
f 395/1753/585 391/1754/585 396/1755/585
f 395/1756/586 397/1757/586 393/1758/586
f 394/1759/587 393/1760/587 397/1761/587
f 397/1762/588 395/1763/588 398/1764/588
f 396/1765/589 398/1766/589 395/1767/589
f 397/1768/590 399/1769/590 394/1770/590
f 394/1771/591 399/1772/591 392/1773/591
f 399/1774/592 397/1775/592 400/1776/592
f 398/1777/593 400/1778/593 397/1779/593
f 398/1780/594 396/1781/594 401/1782/594
f 401/1783/595 396/1784/595 402/1785/595
f 401/1786/596 403/1787/596 398/1788/596
f 402/1789/597 403/1790/597 401/1791/597
f 404/1792/598 398/1793/598 403/1794/598
f 400/1795/599 398/1796/599 404/1797/599
f 403/1798/600 405/1799/600 404/1800/600
f 406/1801/601 400/1802/601 404/1803/601
f 404/1804/602 405/1805/602 406/1806/602
f 407/1807/603 405/1808/603 403/1809/603
f 403/1810/604 402/1811/604 407/1812/604
f 408/1813/605 402/1814/605 396/1815/605
f 408/1816/606 396/1817/606 374/1818/606
f 402/1819/607 409/1820/607 407/1821/607
f 405/1822/608 12/1823/608 406/1824/608
f 402/1825/609 408/1826/609 410/1827/609
f 410/1828/610 409/1829/610 402/1830/610
f 411/1831/611 408/1832/611 374/1833/611
f 374/1834/612 372/1835/612 411/1836/612
f 375/1837/613 411/1838/613 372/1839/613
f 411/1840/614 375/1841/614 385/1842/614
f 385/1843/615 408/1844/615 411/1845/615
f 408/1846/616 385/1847/616 412/1848/616
f 412/1849/617 410/1850/617 408/1851/617
f 412/1852/618 385/1853/618 386/1854/618
f 410/1855/619 412/1856/619 413/1857/619
f 386/1858/620 413/1859/620 412/1860/620
f 413/1861/621 409/1862/621 410/1863/621
f 387/1864/622 413/1865/622 386/1866/622
f 413/1867/623 387/1868/623 392/1869/623
f 409/1870/624 413/1871/624 414/1872/624
f 392/1873/625 414/1874/625 413/1875/625
f 414/1876/626 415/1877/626 409/1878/626
f 415/1879/627 407/1880/627 409/1881/627
f 414/1882/628 392/1883/628 416/1884/628
f 392/1885/629 399/1886/629 416/1887/629
f 415/1888/630 414/1889/630 417/1890/630
f 416/1891/631 417/1892/631 414/1893/631
f 407/1894/632 415/1895/632 418/1896/632
f 405/1897/633 407/1898/633 418/1899/633
f 418/1900/634 12/1901/634 405/1902/634
f 73/1903/635 418/1904/635 415/1905/635
f 417/1906/636 73/1907/636 415/1908/636
f 12/1909/637 418/1910/637 72/1911/637
f 418/1912/638 73/1913/638 72/1914/638
f 399/1915/639 419/1916/639 416/1917/639
f 400/1918/640 419/1919/640 399/1920/640
f 417/1921/641 416/1922/641 420/1923/641
f 419/1924/642 420/1925/642 416/1926/642
f 419/1927/643 400/1928/643 421/1929/643
f 420/1930/644 422/1931/644 417/1932/644
f 73/1933/645 417/1934/645 422/1935/645
f 7/1936/646 420/1937/646 419/1938/646
f 421/1939/647 7/1940/647 419/1941/647
f 400/1942/648 406/1943/648 421/1944/648
f 422/1945/649 420/1946/649 423/1947/649
f 420/1948/650 7/1949/650 423/1950/650
f 6/1951/651 422/1952/651 423/1953/651
f 7/1954/652 6/1955/652 423/1956/652
f 422/1957/653 17/1958/653 73/1959/653
f 17/1960/654 422/1961/654 6/1962/654
f 7/1963/655 421/1964/655 424/1965/655
f 10/1966/656 421/1967/656 406/1968/656
f 421/1969/657 10/1970/657 424/1971/657
f 10/1972/658 406/1973/658 12/1974/658
f 9/1975/659 7/1976/659 424/1977/659
f 10/1978/660 9/1979/660 424/1980/660
f 425/1981/661 426/1982/661 427/1983/661
f 428/1984/662 427/1985/662 426/1986/662
f 427/1987/663 428/1988/663 429/1989/663
f 426/1990/664 425/1991/664 430/1992/664
f 430/1993/665 425/1994/665 431/1995/665
f 431/1996/666 432/1997/666 430/1998/666
f 433/1999/667 426/2000/667 430/2001/667
f 426/2002/668 433/2003/668 434/2004/668
f 434/2005/669 428/2006/669 426/2007/669
f 430/2008/670 435/2009/670 433/2010/670
f 432/2011/671 435/2012/671 430/2013/671
f 435/2014/672 432/2015/672 436/2016/672
f 437/2017/673 436/2018/673 432/2019/673
f 436/2020/674 437/2021/674 438/2022/674
f 439/2023/675 438/2024/675 437/2025/675
f 438/2026/676 439/2027/676 440/2028/676
f 439/2029/677 441/2030/677 440/2031/677
f 441/2032/678 442/2033/678 440/2034/678
f 442/2035/679 441/2036/679 443/2037/679
f 444/2038/680 442/2039/680 443/2040/680
f 442/2041/681 444/2042/681 445/2043/681
f 446/2044/682 445/2045/682 444/2046/682
f 445/2047/683 446/2048/683 447/2049/683
f 448/2050/684 447/2051/684 446/2052/684
f 447/2053/685 448/2054/685 449/2055/685
f 450/2056/686 449/2057/686 448/2058/686
f 449/2059/687 450/2060/687 451/2061/687
f 452/2062/688 451/2063/688 450/2064/688
f 450/2065/689 453/2066/689 452/2067/689
f 451/2068/690 452/2069/690 454/2070/690
f 452/2071/691 453/2072/691 455/2073/691
f 456/2074/692 454/2075/692 452/2076/692
f 452/2077/693 455/2078/693 456/2079/693
f 454/2080/694 456/2081/694 457/2082/694
f 456/2083/695 455/2084/695 458/2085/695
f 459/2086/696 457/2087/696 456/2088/696
f 456/2089/697 458/2090/697 459/2091/697
f 457/2092/698 459/2093/698 460/2094/698
f 459/2095/699 458/2096/699 461/2097/699
f 462/2098/700 460/2099/700 459/2100/700
f 461/2101/701 462/2102/701 459/2103/701
f 460/2104/702 462/2105/702 463/2106/702
f 462/2107/703 461/2108/703 464/2109/703
f 429/2110/704 462/2111/704 464/2112/704
f 462/2113/705 465/2114/705 463/2115/705
f 462/2116/706 429/2117/706 428/2118/706
f 462/2119/707 428/2120/707 465/2121/707
f 428/2122/708 434/2123/708 465/2124/708
f 466/2125/709 467/2126/709 468/2127/709
f 467/2128/710 469/2129/710 468/2130/710
f 466/2131/711 468/2132/711 470/2133/711
f 467/2134/712 471/2135/712 469/2136/712
f 471/2137/713 472/2138/713 469/2139/713
f 467/2140/714 473/2141/714 471/2142/714
f 471/2143/715 474/2144/715 472/2145/715
f 474/2146/716 475/2147/716 472/2148/716
f 471/2149/717 476/2150/717 474/2151/717
f 476/2152/718 471/2153/718 473/2154/718
f 474/2155/719 477/2156/719 475/2157/719
f 477/2158/720 478/2159/720 475/2160/720
f 479/2161/721 474/2162/721 476/2163/721
f 474/2164/722 479/2165/722 477/2166/722
f 477/2167/723 480/2168/723 478/2169/723
f 479/2170/724 480/2171/724 477/2172/724
f 480/2173/725 481/2174/725 478/2175/725
f 480/2176/726 479/2177/726 482/2178/726
f 480/2179/727 483/2180/727 481/2181/727
f 482/2182/728 483/2183/728 480/2184/728
f 483/2185/729 484/2186/729 481/2187/729
f 476/2188/730 485/2189/730 479/2190/730
f 485/2191/731 482/2192/731 479/2193/731
f 483/2194/732 486/2195/732 484/2196/732
f 486/2197/733 470/2198/733 484/2199/733
f 486/2200/734 466/2201/734 470/2202/734
f 487/2203/735 486/2204/735 483/2205/735
f 483/2206/736 482/2207/736 487/2208/736
f 488/2209/737 466/2210/737 486/2211/737
f 486/2212/738 487/2213/738 488/2214/738
f 482/2215/739 489/2216/739 487/2217/739
f 487/2218/740 489/2219/740 488/2220/740
f 489/2221/741 482/2222/741 490/2223/741
f 482/2224/742 485/2225/742 490/2226/742
f 491/2227/743 488/2228/743 489/2229/743
f 466/2230/744 488/2231/744 492/2232/744
f 488/2233/745 491/2234/745 492/2235/745
f 493/2236/746 466/2237/746 492/2238/746
f 466/2239/747 493/2240/747 467/2241/747
f 473/2242/748 467/2243/748 493/2244/748
f 492/2245/749 494/2246/749 493/2247/749
f 494/2248/750 473/2249/750 493/2250/750
f 492/2251/751 491/2252/751 495/2253/751
f 494/2254/752 492/2255/752 495/2256/752
f 491/2257/753 496/2258/753 495/2259/753
f 496/2260/754 494/2261/754 495/2262/754
f 496/2263/755 491/2264/755 497/2265/755
f 489/2266/756 497/2267/756 491/2268/756
f 494/2269/757 496/2270/757 498/2271/757
f 499/2272/758 473/2273/758 494/2274/758
f 498/2275/759 499/2276/759 494/2277/759
f 500/2278/760 473/2279/760 499/2280/760
f 473/2281/761 500/2282/761 476/2283/761
f 501/2284/762 499/2285/762 498/2286/762
f 501/2287/763 500/2288/763 499/2289/763
f 496/2290/764 502/2291/764 498/2292/764
f 497/2293/765 502/2294/765 496/2295/765
f 485/2296/766 476/2297/766 500/2298/766
f 503/2299/767 498/2300/767 502/2301/767
f 498/2302/768 503/2303/768 501/2304/768
f 504/2305/769 485/2306/769 500/2307/769
f 504/2308/770 500/2309/770 501/2310/770
f 505/2311/771 501/2312/771 503/2313/771
f 501/2314/772 505/2315/772 504/2316/772
f 502/2317/773 506/2318/773 503/2319/773
f 502/2320/774 497/2321/774 507/2322/774
f 507/2323/775 506/2324/775 502/2325/775
f 508/2326/776 503/2327/776 506/2328/776
f 503/2329/777 508/2330/777 505/2331/777
f 506/2332/778 507/2333/778 509/2334/778
f 506/2335/779 510/2336/779 508/2337/779
f 509/2338/780 510/2339/780 506/2340/780
f 511/2341/781 505/2342/781 508/2343/781
f 512/2344/782 508/2345/782 510/2346/782
f 508/2347/783 512/2348/783 511/2349/783
f 139/2350/784 512/2351/784 510/2352/784
f 510/2353/785 509/2354/785 138/2355/785
f 138/2356/786 139/2357/786 510/2358/786
f 138/2359/787 509/2360/787 136/2361/787
f 513/2362/788 509/2363/788 507/2364/788
f 513/2365/789 136/2366/789 509/2367/789
f 514/2368/790 513/2369/790 507/2370/790
f 497/2371/791 514/2372/791 507/2373/791
f 515/2374/792 513/2375/792 514/2376/792
f 514/2377/793 497/2378/793 516/2379/793
f 516/2380/794 515/2381/794 514/2382/794
f 497/2383/795 489/2384/795 516/2385/795
f 490/2386/796 516/2387/796 489/2388/796
f 516/2389/797 490/2390/797 517/2391/797
f 515/2392/798 516/2393/798 517/2394/798
f 485/2395/799 517/2396/799 490/2397/799
f 517/2398/800 485/2399/800 518/2400/800
f 518/2401/801 515/2402/801 517/2403/801
f 518/2404/802 485/2405/802 504/2406/802
f 513/2407/803 515/2408/803 519/2409/803
f 519/2410/804 136/2411/804 513/2412/804
f 515/2413/805 518/2414/805 520/2415/805
f 520/2416/806 519/2417/806 515/2418/806
f 504/2419/807 521/2420/807 518/2421/807
f 520/2422/808 518/2423/808 521/2424/808
f 521/2425/809 504/2426/809 505/2427/809
f 505/2428/810 522/2429/810 521/2430/810
f 521/2431/811 522/2432/811 520/2433/811
f 522/2434/812 505/2435/812 511/2436/812
f 519/2437/813 520/2438/813 523/2439/813
f 520/2440/814 522/2441/814 523/2442/814
f 523/2443/815 524/2444/815 519/2445/815
f 136/2446/816 519/2447/816 524/2448/816
f 525/2449/817 523/2450/817 522/2451/817
f 511/2452/818 525/2453/818 522/2454/818
f 524/2455/819 523/2456/819 526/2457/819
f 526/2458/820 523/2459/820 525/2460/820
f 525/2461/821 511/2462/821 527/2463/821
f 511/2464/822 512/2465/822 527/2466/822
f 525/2467/823 131/2468/823 526/2469/823
f 512/2470/824 143/2471/824 527/2472/824
f 527/2473/825 147/2474/825 525/2475/825
f 527/2476/826 143/2477/826 147/2478/826
f 525/2479/827 147/2480/827 131/2481/827
f 512/2482/828 139/2483/828 143/2484/828
f 526/2485/829 528/2486/829 524/2487/829
f 524/2488/830 137/2489/830 136/2490/830
f 137/2491/831 524/2492/831 528/2493/831
f 528/2494/832 526/2495/832 133/2496/832
f 133/2497/833 526/2498/833 131/2499/833
f 528/2500/834 141/2501/834 137/2502/834
f 133/2503/835 134/2504/835 528/2505/835
f 141/2506/836 528/2507/836 134/2508/836
f 529/2509/837 530/2510/837 531/2511/837
f 531/2512/838 530/2513/838 532/2514/838
f 533/2515/839 534/2516/839 535/2517/839
f 536/2518/840 535/2519/840 534/2520/840
f 534/2521/841 533/2522/841 537/2523/841
f 535/2524/842 536/2525/842 538/2526/842
f 539/2527/843 537/2528/843 533/2529/843
f 540/2530/844 538/2531/844 536/2532/844
f 537/2533/845 539/2534/845 541/2535/845
f 538/2536/846 540/2537/846 542/2538/846
f 543/2539/847 541/2540/847 539/2541/847
f 544/2542/848 542/2543/848 540/2544/848
f 541/2545/849 543/2546/849 545/2547/849
f 542/2548/850 544/2549/850 546/2550/850
f 547/2551/851 545/2552/851 543/2553/851
f 548/2554/852 546/2555/852 544/2556/852
f 545/2557/853 547/2558/853 548/2559/853
f 546/2560/854 548/2561/854 547/2562/854
f 549/2563/855 550/2564/855 551/2565/855
f 550/2566/856 549/2567/856 552/2568/856