# Blender 5.2.0 LTS
# www.blender.org
mtllib bursty worsty.mtl
o Electro_Rifle
v -1.210041 0.448220 0.017308
v -1.206012 0.458608 -0.159229
v -1.204029 0.434765 0.016654
v -1.200000 0.445153 -0.159883
v -1.209299 0.421018 0.015725
v -1.205270 0.431407 -0.160812
v 0.300003 0.664383 0.064490
v 0.304032 0.674772 -0.112047
v 0.306016 0.650928 0.063836
v 0.310045 0.661317 -0.112701
v 0.300745 0.637181 0.062906
v 0.304774 0.647570 -0.113631
v -0.244812 0.473182 0.040805
v -0.240784 0.483571 -0.135732
v -0.238800 0.459727 0.040150
v -0.234771 0.470116 -0.136387
v -0.244070 0.445980 0.039221
v -0.240042 0.456369 -0.137316
v -1.094216 0.628326 0.030551
v -1.090187 0.638715 -0.145987
v -1.088203 0.614872 0.029896
v -1.084174 0.625260 -0.146641
v -1.093474 0.601125 0.028967
v -1.089445 0.611513 -0.147570
v -0.941922 0.455154 0.023835
v -0.937893 0.465542 -0.152702
v -0.935910 0.441699 0.023181
v -0.931881 0.452087 -0.153356
v -0.941180 0.427952 0.022251
v -0.937151 0.438341 -0.154286
v 0.197583 0.484623 0.051574
v 0.201612 0.495012 -0.124963
v 0.203596 0.471168 0.050920
v 0.207625 0.481557 -0.125617
v 0.198325 0.457421 0.049991
v 0.202354 0.467810 -0.126546
v -1.282730 0.326827 -0.200053
v -1.288182 0.312766 0.038872
v -1.280569 0.247610 -0.204665
v -1.286021 0.233550 0.034260
v -1.288538 0.397311 -0.036330
v -1.282021 0.158404 -0.050240
v -1.286730 0.401973 -0.115552
v -1.280213 0.163066 -0.129462
v -1.219786 0.463891 -0.159232
v -1.223815 0.453502 0.017305
v -1.233253 0.457904 -0.159892
v -1.237282 0.447515 0.016645
v -1.340718 0.364715 -0.118977
v -1.342526 0.360053 -0.039754
v 0.276791 0.674067 -0.112710
v 0.286229 0.669664 0.064487
v 0.290257 0.680053 -0.112050
v 0.272762 0.663679 0.063827
v -0.268025 0.482866 -0.136395
v -0.258586 0.478464 0.040802
v -0.254558 0.488853 -0.135735
v -0.272054 0.472478 0.040142
v -1.117428 0.638011 -0.146650
v -1.107990 0.633608 0.030547
v -1.103961 0.643996 -0.145990
v -1.121457 0.627622 0.029887
v -0.965134 0.464838 -0.153365
v -0.955696 0.460436 0.023832
v -0.951667 0.470825 -0.152705
v -0.969163 0.454449 0.023172
v -1.338513 0.323296 -0.165552
v -1.342330 0.313454 0.001696
v 0.187838 0.500294 -0.124966
v 0.183809 0.489905 0.051571
v 0.174371 0.494307 -0.125626
v 0.170343 0.483919 0.050911
v -1.340169 0.234238 -0.002917
v -0.277325 0.458731 0.039213
v -0.271312 0.445276 0.038558
v -0.257537 0.439994 0.038562
v 0.171085 0.456717 0.049327
v 0.165071 0.470172 0.049982
v 0.184859 0.451435 0.049331
v -0.968421 0.427247 0.021588
v -0.974434 0.440702 0.022243
v -0.954647 0.421965 0.021592
v -1.236540 0.420313 0.015061
v -1.242553 0.433768 0.015716
v -1.222766 0.415031 0.015065
v 0.273504 0.636477 0.062243
v 0.267491 0.649932 0.062898
v 0.287278 0.631195 0.062247
v -1.126727 0.613875 0.028958
v -1.120715 0.600420 0.028304
v -1.106941 0.595138 0.028307
v -1.337964 0.192818 -0.049492
v -1.336352 0.244080 -0.170164
v -1.336156 0.197480 -0.128714
v -1.238525 0.444157 -0.160821
v -1.232511 0.430702 -0.161476
v 0.271519 0.660321 -0.113639
v 0.277533 0.646866 -0.114294
v -0.273296 0.469120 -0.137324
v -0.267283 0.455664 -0.137979
v -1.122699 0.624264 -0.147579
v -1.116686 0.610809 -0.148234
v -0.970406 0.451091 -0.154294
v -0.964392 0.437636 -0.154949
v 0.169100 0.480561 -0.126555
v 0.175113 0.467106 -0.127210
v -1.218737 0.425420 -0.161472
v 0.291307 0.641584 -0.114290
v -0.253508 0.450382 -0.137975
v -1.102912 0.605527 -0.148230
v -0.950618 0.432354 -0.154945
v 0.188888 0.461823 -0.127206
v -1.327240 0.234418 -0.086568
v -1.326877 0.249348 -0.117368
v -1.327439 0.281675 -0.128603
v -1.328598 0.312464 -0.113693
v -1.328317 0.245633 -0.054246
v -1.329675 0.323679 -0.081371
v -1.330039 0.308750 -0.050571
v -1.329476 0.276422 -0.039335
v -1.701125 0.189166 -0.021678
v -1.705259 0.340720 -0.012854
v -1.701800 0.349639 -0.164421
v -1.704386 0.376567 -0.086810
v -1.690269 0.348516 -0.088138
v -1.488760 0.411788 -0.079816
v -1.476348 0.347286 -0.006556
v -1.475466 0.383457 -0.081180
v -1.481297 0.138211 -0.095745
v -1.472176 0.194361 -0.015460
v -1.484598 0.172582 0.003319
v -1.480183 0.183967 -0.190144
v -1.469567 0.167189 -0.093772
v -1.481997 0.196501 -0.092331
v -1.472857 0.356286 -0.159492
v -1.483892 0.216232 -0.035465
v -1.485931 0.270401 -0.009232
v -1.468686 0.203360 -0.168397
v -1.485460 0.377416 -0.178881
v -1.481358 0.222767 -0.146518
v -1.482347 0.279643 -0.166286
v -1.486921 0.327278 -0.029000
v -1.486281 0.353544 -0.083187
v -1.484387 0.333813 -0.140053
v -1.470049 0.281687 -0.195619
v -1.481907 0.283049 -0.224580
v -1.580750 0.207507 -0.163205
v -1.581980 0.278176 -0.187766
v -1.593953 0.276155 -0.158660
v -1.581545 0.174871 -0.095876
v -1.593270 0.146419 -0.097817
v -1.583899 0.199387 -0.025219
v -1.592246 0.188464 -0.184559
v -1.596303 0.178003 -0.006789
v -1.586433 0.266692 0.007376
v -1.597065 0.268129 -0.022281
v -1.597925 0.317519 -0.039446
v -1.593830 0.279508 -0.216201
v -1.597095 0.366220 -0.174210
v -1.587663 0.337363 -0.017185
v -1.601151 0.355759 0.003561
v -1.597369 0.340327 -0.086500
v -1.600127 0.397804 -0.083181
v -1.586868 0.369999 -0.084514
v -1.584514 0.345483 -0.155171
v -1.595724 0.323194 -0.135880
v -1.489875 0.366031 0.014583
v -1.488151 0.266949 0.049018
v -1.474985 0.268959 0.020667
v -1.599567 0.264714 0.035203
v -1.593649 0.203958 -0.094440
v -1.595294 0.221091 -0.045060
v -1.593094 0.226766 -0.141494
v -1.688369 0.328723 -0.145184
v -1.690911 0.322167 -0.033779
v -1.699017 0.275709 -0.200222
v -1.700363 0.317460 -0.090196
v -1.686323 0.274382 -0.171500
v -1.697666 0.198085 -0.173245
v -1.697958 0.272289 -0.140990
v -1.699205 0.305399 -0.124955
v -1.685330 0.217327 -0.151670
v -1.698539 0.162237 -0.099289
v -1.700754 0.301405 -0.057074
v -1.700149 0.266639 -0.044991
v -1.697745 0.221469 -0.095785
v -1.698903 0.233529 -0.061026
v -1.697354 0.237523 -0.128907
v -1.685972 0.190978 -0.097311
v -1.687873 0.210771 -0.040265
v -1.689919 0.265111 -0.013949
v -1.703908 0.263095 0.014123
v -1.792212 0.318307 -0.037639
v -1.789244 0.209542 -0.043972
v -1.791242 0.262599 -0.018278
v -1.766822 0.265286 -0.052991
v -1.791585 0.344034 -0.090714
v -1.767346 0.295436 -0.063470
v -1.789729 0.324708 -0.146413
v -1.767007 0.309359 -0.092194
v -1.757587 0.267950 -0.094416
v -1.766003 0.298900 -0.122337
v -1.787732 0.271651 -0.172107
v -1.786762 0.215943 -0.152745
v -1.764922 0.270186 -0.136243
v -1.787389 0.190217 -0.099670
v -1.764397 0.240037 -0.125764
v -1.764736 0.226114 -0.097041
v -1.765741 0.236573 -0.066897
v -1.777315 0.300860 -0.124616
v -1.778392 0.312074 -0.092294
v -1.778756 0.297145 -0.061494
v -1.762613 0.339236 -0.014250
v -1.734331 0.347485 -0.005111
v -1.733365 0.387106 -0.086851
v -1.761739 0.375084 -0.088206
v -1.759154 0.348156 -0.165817
v -1.730508 0.357343 -0.172631
v -1.517810 0.422679 -0.079838
v -1.513553 0.224837 -0.044521
v -1.511960 0.208251 -0.092323
v -1.511422 0.230330 -0.137874
v -1.541230 0.194969 -0.093773
v -1.543125 0.214700 -0.036907
v -1.540590 0.221235 -0.147960
v -1.546214 0.410302 -0.081215
v -1.547329 0.364545 0.013184
v -1.514228 0.385384 -0.187329
v -1.542914 0.375930 -0.180279
v -1.628670 0.408436 -0.083206
v -1.625363 0.373997 -0.182463
v -1.653569 0.364760 -0.175584
v -1.656602 0.396344 -0.084555
v -1.657626 0.354298 0.002186
v -1.519019 0.373031 0.022590
v -1.629786 0.362590 0.011376
v -1.652492 0.202436 -0.095873
v -1.654137 0.219569 -0.046493
v -1.651937 0.225244 -0.142927
v -1.624755 0.229725 -0.054132
v -1.622960 0.234356 -0.132822
v -1.623413 0.215744 -0.094426
v -1.759515 0.235916 -0.130420
v -1.728920 0.245846 -0.119402
v -1.730026 0.242993 -0.070916
v -1.761064 0.231921 -0.062539
v -1.759906 0.219862 -0.097298
v -1.729199 0.234379 -0.095743
v -1.946254 0.314324 -0.041389
v -1.943772 0.320725 -0.150162
v -1.945628 0.340051 -0.094464
v -1.910933 0.364542 -0.092231
v -1.908509 0.339291 -0.165005
v -1.911752 0.330928 -0.022885
v -1.869475 0.373899 -0.090734
v -1.866851 0.346569 -0.169503
v -1.870362 0.337516 -0.015675
v -1.828384 0.333084 -0.020856
v -1.825141 0.341447 -0.162975
v -1.827566 0.366698 -0.090202
v -1.777034 0.234029 -0.065169
v -1.778193 0.264817 -0.050258
v -1.758479 0.187682 -0.023074
v -1.729761 0.179978 -0.014864
v -1.732838 0.261689 0.024707
v -1.761262 0.261612 0.012727
v -1.512254 0.278141 -0.154491
v -1.541580 0.278111 -0.167728
v -1.513969 0.323676 -0.132439
v -1.543620 0.332281 -0.141495
v -1.625106 0.313038 -0.128240
v -1.652796 0.274633 -0.160092
v -1.623661 0.274655 -0.146828
v -1.654567 0.321672 -0.137312
v -1.542052 0.171097 0.001920
v -1.513293 0.163128 0.010368
v -1.517148 0.265521 0.059954
v -1.545605 0.265463 0.047619
v -1.652777 0.176542 -0.008164
v -1.624499 0.168766 0.000090
v -1.628059 0.263315 0.045879
v -1.656041 0.263253 0.033828
v -1.760119 0.270681 -0.142503
v -1.761366 0.303792 -0.126468
v -1.730242 0.294328 -0.116579
v -1.729352 0.270678 -0.128032
v -1.866166 0.183699 -0.024631
v -1.868991 0.258732 0.011706
v -1.907875 0.188819 -0.031159
v -1.824508 0.190975 -0.029130
v -1.910485 0.258142 0.002411
v -1.943287 0.205558 -0.047722
v -1.945285 0.258615 -0.022028
v -1.827118 0.260298 0.004441
v -1.755893 0.160754 -0.100685
v -1.773946 0.262938 -0.015995
v -1.771900 0.208598 -0.042311
v -1.774938 0.319994 -0.035825
v -1.762310 0.265032 -0.046504
v -1.769999 0.188805 -0.099356
v -1.774297 0.346343 -0.090184
v -1.762524 0.315852 -0.091709
v -1.762915 0.299797 -0.058587
v -1.772396 0.326550 -0.147229
v -1.545164 0.268869 -0.010674
v -1.554664 0.192227 -0.017468
v -1.552055 0.165056 -0.095780
v -1.546154 0.325746 -0.030442
v -1.551174 0.201227 -0.170405
v -1.558836 0.345152 -0.008564
v -1.545514 0.352012 -0.084629
v -1.557955 0.381324 -0.083188
v -1.555345 0.354152 -0.161500
v -1.539361 0.281563 -0.225978
v -1.537637 0.182481 -0.191543
v -1.552537 0.279553 -0.197627
v -1.648720 0.187004 -0.185934
v -1.650304 0.278048 -0.217576
v -1.663428 0.276070 -0.189749
v -1.662199 0.205400 -0.165188
v -1.669111 0.335256 -0.019168
v -1.665962 0.343376 -0.157154
v -1.668316 0.367892 -0.086497
v -1.656212 0.338805 -0.087932
v -1.656768 0.315997 -0.040878
v -1.667882 0.264586 0.005393
v -1.655908 0.266607 -0.023713
v -1.538751 0.136725 -0.097144
v -1.557473 0.266825 0.018659
v -1.649744 0.144958 -0.099192
v -1.665348 0.197280 -0.027202
v -1.662993 0.172764 -0.097858
v -1.755020 0.196602 -0.174641
v -1.756370 0.274225 -0.201619
v -1.770350 0.272209 -0.173546
v -1.769357 0.215154 -0.153715
v -1.940805 0.211959 -0.156495
v -1.941432 0.186233 -0.103420
v -1.967004 0.231368 -0.071797
v -1.966000 0.220909 -0.101940
v -1.968085 0.260081 -0.057890
v -1.975430 0.262316 -0.099719
v -1.965660 0.234832 -0.130664
v -1.966185 0.264981 -0.141143
v -1.941775 0.267668 -0.175856
v -1.968610 0.290231 -0.068370
v -1.968270 0.304154 -0.097093
v -1.967266 0.293695 -0.127236
v -1.775957 0.222814 -0.097491
v -1.775594 0.237743 -0.128291
v -1.726903 0.150216 -0.100644
v -1.509712 0.125833 -0.097122
v -1.516099 0.318183 -0.039086
v -1.515561 0.340262 -0.084637
v -1.621192 0.134327 -0.099166
v -1.620075 0.180173 -0.193749
v -1.626902 0.308407 -0.049551
v -1.626448 0.327018 -0.087947
v -1.508502 0.175481 -0.199550
v -1.725938 0.189836 -0.182384
v -1.731070 0.302942 -0.091751
v -1.731349 0.291475 -0.068093
v -1.863541 0.156369 -0.103400
v -1.822083 0.165726 -0.101903
v -1.905451 0.163570 -0.103933
v -1.904632 0.197183 -0.173279
v -1.862655 0.192751 -0.178459
v -1.821265 0.199339 -0.171249
v -1.776156 0.270070 -0.139527
v -1.727431 0.275631 -0.212202
v -1.515267 0.270371 -0.022469
v -1.510373 0.282991 -0.236915
v -1.621803 0.279447 -0.228252
v -1.626200 0.268107 -0.035545
v -1.730917 0.266643 -0.059463
v -1.864026 0.271534 -0.205841
v -1.905899 0.269969 -0.198575
v -1.822531 0.272125 -0.196546
v 1.228484 0.483230 0.114654
v 1.243522 -0.068007 0.082558
v 1.234315 0.498265 -0.140838
v 1.249352 -0.052972 -0.172934
v 0.589863 0.109728 -0.178410
v 0.579726 0.481336 -0.156773
v 0.584032 0.094693 0.077082
v 0.573895 0.466301 0.098719
v 0.309448 -0.224104 -0.107762
v 0.453946 0.088823 -0.086050
v 0.452511 0.085123 -0.023175
v 0.308014 -0.227804 -0.044887
v 0.364088 0.630022 -0.105017
v 0.403950 0.491907 0.048420
v 0.407602 0.501324 -0.111598
v 0.405588 0.431862 0.044924
v 0.409240 0.441279 -0.115094
v 0.360436 0.620606 0.055001
v 0.351310 0.658174 -0.063404
v 0.331822 0.713009 -0.100870
v 0.330907 0.710650 -0.060782
v 0.349488 0.653475 0.016437
v 0.328170 0.703592 0.059148
v 0.329085 0.705951 0.019060
v 0.415048 0.130728 -0.084471
v 0.199056 0.425595 -0.072048
v 0.197622 0.421895 -0.009173
v 0.413613 0.127028 -0.021596
v -0.012621 0.377943 -0.016558
v -0.207743 0.080702 -0.101628
v -0.011186 0.381643 -0.079433
v -0.209178 0.077002 -0.038753
v -0.329285 0.075971 -0.201373
v -0.339694 0.457559 -0.179155
v -0.335116 0.060936 0.054119
v -0.345525 0.442524 0.076337
v -0.705462 0.092676 -0.112282
v -0.453997 0.357498 -0.090959
v -0.455432 0.353798 -0.028084
v -0.706897 0.088976 -0.049407
v -0.304273 0.597603 0.038477
v -0.300621 0.607020 -0.121540
v -0.300235 0.592869 -0.122364
v -0.303887 0.583452 0.037654
v -0.297569 0.495134 -0.128055
v -0.301221 0.485717 0.031963
v -1.199586 0.604941 -0.142178
v -1.203238 0.595525 0.017840
v -1.200038 0.478238 0.011011
v -1.196387 0.487654 -0.149007
v -1.082165 0.671146 -0.015761
v -1.083092 0.668754 0.024891
v -1.043688 0.617094 -0.018064
v -0.896605 0.458273 0.016761
v -0.892953 0.467689 -0.143257
v -1.041892 0.621726 -0.096777
v -1.079441 0.678170 -0.135127
v -1.080368 0.675778 -0.094475
v -0.874410 0.130676 -0.113901
v -1.139958 0.382128 -0.105164
v -1.141393 0.378428 -0.042289
v -0.875844 0.126976 -0.051026
v -1.184127 0.042624 -0.222843
v -1.194332 0.416737 -0.201061
v -1.189957 0.027589 0.032649
v -1.200163 0.401702 0.054431
v -1.263226 0.673417 -0.139601
v -1.264153 0.671025 -0.098948
v -1.266877 0.664001 0.020417
v -1.265950 0.666393 -0.020235
v -0.268487 0.697484 -0.115484
v -0.269402 0.695125 -0.075395
v -0.271224 0.690426 0.004446
v -0.272139 0.688067 0.044534
v -1.262653 0.616016 -0.102151
v -1.264449 0.611384 -0.023438
v -0.343791 0.640197 -0.080325
v -0.345613 0.635499 -0.000484
v -0.386127 0.610620 -0.123280
v -0.389779 0.601204 0.036738
v -0.382588 0.480888 -0.130834
v -0.386240 0.471472 0.029184
v -0.497552 0.398741 -0.089526
v -0.749018 0.133919 -0.110849
v -0.750453 0.130219 -0.047974
v -0.498987 0.395041 -0.026651
v 0.298840 0.503932 0.046729
v 0.302492 0.513349 -0.113289
v -0.439632 0.454974 -0.181587
v -0.445462 0.439939 0.073904
v 0.479789 0.478752 -0.159206
v 0.473958 0.463717 0.096286
v 1.064422 0.493871 -0.144974
v 1.058591 0.478836 0.110518
v -1.294270 0.414152 -0.203494
v -1.300101 0.399117 0.051998
v -1.017903 0.492256 -0.144663
v -1.021555 0.482840 0.015355
v -1.040733 0.474812 -0.146211
v -1.044384 0.465395 0.013807
v -1.170292 0.471461 -0.149365
v -1.173944 0.462045 0.010653
v 0.594105 -0.333847 -0.107724
v 0.294975 -0.194964 -0.106378
v 0.293540 -0.198664 -0.043503
v 0.592670 -0.337547 -0.044849
v 1.017199 0.328067 -0.059117
v 0.743547 0.086168 -0.079597
v 0.742112 0.082468 -0.016722
v 1.015764 0.324367 0.003758
v -1.289895 0.025004 0.030216
v -0.435053 0.058352 0.051687
v 0.484095 0.092109 0.074649
v 1.073629 -0.072400 0.078422
v -1.261008 0.448849 0.007890
v -0.894967 0.398228 0.013264
v -1.259370 0.388804 0.004394
v -0.384602 0.411427 0.025688
v 0.271209 0.596753 0.051561
v 0.258686 0.639860 0.053812
v -0.262602 0.626379 0.041122
v -0.997335 0.464694 0.014840
v -1.124975 0.597549 0.019745
v -1.215066 0.458222 0.009490
v -1.182637 0.334992 -0.045787
v -0.917089 0.083540 -0.054524
v 0.781909 0.037598 -0.018454
v 1.055561 0.279497 0.002026
v 0.152737 0.382219 -0.012533
v 0.368729 0.087353 -0.024955
v -0.256162 0.114303 -0.037630
v -0.059605 0.415242 -0.015435
v 0.256114 -0.197704 -0.044300
v 0.400611 0.115222 -0.022588
v 0.273494 -0.255090 -0.047281
v 0.572624 -0.393973 -0.048627
v -1.284065 0.040039 -0.225276
v -1.255719 0.398220 -0.155624
v -1.257357 0.458265 -0.152128
v -1.181203 0.338692 -0.108662
v -0.915654 0.087240 -0.117399
v -0.429222 0.073387 -0.203805
v -0.058170 0.418942 -0.078310
v -0.254727 0.118003 -0.100505
v -1.121323 0.606965 -0.140273
v 0.154172 0.385919 -0.075407
v 0.370164 0.091053 -0.087830
v 0.274861 0.606170 -0.108457
v 0.262338 0.649277 -0.106206
v 0.402046 0.118922 -0.085463
v 0.257549 -0.194004 -0.107175
v 0.489926 0.107144 -0.180843
v 1.079459 -0.057365 -0.177070
v 0.783344 0.041298 -0.081329
v 1.056996 0.283197 -0.060849
v 0.274929 -0.251390 -0.110156
v 0.574059 -0.390273 -0.111502
v -0.258950 0.635796 -0.118896
v -0.380950 0.420843 -0.134330
v -0.891315 0.407644 -0.146754
v -0.993683 0.474110 -0.145178
v -1.211414 0.467638 -0.150528
v 1.071371 0.236764 -0.135075
v 1.066671 0.224644 0.070873
v 1.077834 -0.000185 -0.148871
v 1.073134 -0.012305 0.057077
v 1.065089 0.467021 -0.121669
v 1.060390 0.454902 0.084280
v 0.643759 0.180075 -0.148170
v 0.639059 0.167955 0.057779
v 0.633527 0.370749 0.069586
v 0.638227 0.382868 -0.136362
v 0.495308 0.125126 -0.145783
v 0.486372 0.452701 -0.126710
v 0.482081 0.441638 0.061294
v 0.491017 0.114062 0.042221
v 0.591852 -0.296684 -0.154226
v 0.441538 0.153031 -0.131192
v 0.437892 0.143629 0.028572
v 0.588206 -0.306085 0.005538
v 0.598552 -0.337038 0.003953
v 0.602198 -0.327637 -0.155812
v 0.619243 -0.398946 0.000782
v 0.622889 -0.389544 -0.158983
v -0.433187 0.428033 -0.154020
v -0.437699 0.416399 0.043691
v -0.424301 0.102281 -0.172987
v -0.428813 0.090646 0.024724
v 0.363319 -0.374718 -0.164034
v 0.359673 -0.384120 -0.004269
v 0.376391 -0.414285 -0.166064
v 0.372745 -0.423686 -0.006300
v 0.351475 -0.359309 -0.002996
v 0.355121 -0.349907 -0.162761
v 0.231724 0.003105 0.015598
v 0.235370 0.012507 -0.144167
v -0.262424 0.138529 -0.162287
v -0.268858 0.374384 -0.148554
v -0.273149 0.363320 0.039450
v -0.266715 0.127465 0.025717
v -1.132625 0.141336 -0.186854
v -1.138383 0.352423 -0.174563
v -1.142895 0.340788 0.023148
v -1.137137 0.129701 0.010857
v 0.778546 0.071884 -0.151461
v 0.773846 0.059764 0.054488
v 0.991602 0.077394 -0.146274
v 0.986902 0.065274 0.059674
v -0.349907 0.431074 -0.147068
v -0.354197 0.420010 0.040936
v 0.556366 0.453865 -0.134052
v 0.551666 0.441745 0.071896
v -0.488536 0.157993 -0.171174
v -0.493048 0.146358 0.026536
v 0.149835 0.056165 -0.143549
v 0.146189 0.046764 0.016215
v -1.207131 0.396500 0.024960
v -1.202619 0.408135 -0.172751
v -0.035034 0.085919 -0.160194
v 0.410671 0.144984 0.042207
v -0.039324 0.074855 0.027811
v 0.414961 0.156047 -0.145797
v 0.190761 0.091758 -0.154697
v 0.186470 0.080695 0.033307
v 0.539892 -0.359676 -0.159119
v 0.536246 -0.369078 0.000645
v 0.559736 0.145931 0.054672
v 0.756034 -0.020505 0.049358
v 0.989078 -0.014479 0.055031
v 0.978326 0.379666 0.077980
v 0.982614 0.222470 0.068827
v -0.498806 0.357445 0.038827
v -1.198245 0.070748 0.005994
v 0.404237 0.380838 0.055939
v 0.214472 0.025673 0.030708
v -0.345261 0.092435 0.021863
v 0.296556 -0.506102 -0.012888
v 0.275864 -0.444194 -0.009717
v 0.296503 -0.402952 -0.006819
v 0.523036 -0.329511 0.002672
v 0.514806 -0.304806 0.003938
v 0.394181 0.057281 0.022493
v -0.494294 0.369080 -0.158884
v -0.340971 0.103498 -0.166141
v 0.300149 -0.393550 -0.166584
v 0.279510 -0.434793 -0.169482
v 0.300202 -0.496700 -0.172653
v -1.193733 0.082382 -0.191717
v 0.526682 -0.320110 -0.157092
v 0.518452 -0.295404 -0.155826
v 0.397827 0.066683 -0.137271
v 0.408527 0.391902 -0.132065
v 0.564436 0.158051 -0.151276
v 0.987314 0.234590 -0.137121
v 0.983026 0.391785 -0.127969
v -0.059996 0.029527 -0.164082
v 0.218763 0.036736 -0.157296
v 0.760734 -0.008386 -0.156591
v 0.993778 -0.002359 -0.150918
v 0.297174 0.686008 -0.044580
v 0.298141 0.656458 -0.052923
v 0.297055 0.696273 -0.050605
v 0.298194 0.656595 -0.055241
v 0.296790 0.708061 -0.052244
v 0.297990 0.656070 -0.046323
v 0.296723 0.705735 -0.047050
v 0.296942 0.696005 -0.045697
v 0.296417 0.715241 -0.044576
v 0.296419 0.719575 -0.049248
v 0.296071 0.723074 -0.038653
v 0.295999 0.729063 -0.042073
v 0.295736 0.728042 -0.030182
v 0.295594 0.735082 -0.031812
v 0.295464 0.729389 -0.020451
v 0.295264 0.736713 -0.020025
v 0.295062 0.733710 -0.008508
v 0.295297 0.726910 -0.010944
v 0.295016 0.726530 0.000985
v 0.295259 0.720982 -0.003106
v 0.295135 0.716265 0.007010
v 0.295358 0.712508 0.001867
v 0.295400 0.704477 0.008649
v 0.295576 0.702777 0.003220
v 0.295771 0.692963 0.005653
v 0.296804 0.653012 0.005652
v 0.295882 0.693271 0.000747
v 0.296857 0.653148 0.003335
v 0.296191 0.683474 -0.001522
v 0.296229 0.685439 -0.005176
v 0.297008 0.653536 -0.003265
v 0.296596 0.677456 -0.011783
v 0.296564 0.680470 -0.013648
v 0.297233 0.654118 -0.013142
v 0.296925 0.675825 -0.023570
v 0.296835 0.679123 -0.023378
v 0.297499 0.654803 -0.024794
v 0.297003 0.681602 -0.032886
v 0.297765 0.655489 -0.036446
v 0.297128 0.678828 -0.035087
v 0.297040 0.687531 -0.040722
v -1.090256 0.634413 -0.024207
v -1.088737 0.638329 -0.090762
v -1.083014 0.618209 -0.024995
v -1.081496 0.622126 -0.091551
v -1.089362 0.601653 -0.026114
v -1.087843 0.605570 -0.092670
v -1.211743 0.254842 -0.206848
v -1.200804 0.283371 -0.204920
v 0.303963 0.670469 0.009733
v 0.305482 0.674386 -0.056823
v 0.311205 0.654266 0.008945
v 0.312723 0.658182 -0.057611
v 0.304857 0.637710 0.007825
v 0.306376 0.641627 -0.058730
v -1.099743 0.665497 -0.057164
v -1.099317 0.628346 -0.035228
v -1.098273 0.631036 -0.080951
v -1.099796 0.665361 -0.054854
v 0.585803 -0.317328 -0.047152
v 0.582964 -0.304496 -0.074803
v 0.587092 -0.314005 -0.103608
v -1.113451 0.665143 -0.057497
v -1.113504 0.665007 -0.055188
v 0.277569 0.726078 0.000560
v 0.277615 0.733259 -0.008933
v 0.277817 0.736262 -0.020450
v 0.278147 0.734630 -0.032236
v 0.278552 0.728612 -0.042498
v -1.105325 0.644690 -0.090767
v -1.106844 0.640773 -0.024211
v -1.121542 0.637481 -0.091561
v -1.123061 0.633564 -0.025005
v 0.278782 0.684988 -0.005601
v 0.279117 0.680019 -0.014073
v 0.279388 0.678672 -0.023803
v 0.279556 0.681151 -0.033310
v 0.279593 0.687079 -0.041147
v 0.288894 0.680747 -0.056827
v 0.287375 0.676830 0.009729
v 0.272677 0.673537 -0.057621
v 0.271158 0.669621 0.008934
v 0.593948 -0.344984 -0.036855
v 0.602626 -0.371266 -0.049942
v 0.279357 0.652560 0.005228
v 0.277953 0.704026 0.008224
v 0.277688 0.715813 0.006585
v -1.113024 0.627991 -0.035562
v 0.272051 0.636862 0.007027
v 0.264810 0.653066 0.007815
v 0.288639 0.630502 0.007031
v -1.122168 0.600805 -0.026913
v -1.129409 0.617009 -0.026124
v -1.105580 0.594445 -0.026908
v 0.278624 0.722623 -0.039077
v 0.279495 0.695553 -0.046121
v 0.278970 0.714790 -0.045001
v 0.279276 0.705284 -0.047474
v -1.111981 0.630682 -0.081285
v -1.127890 0.620926 -0.092680
v -1.120649 0.604721 -0.093468
v 0.279410 0.652697 0.002910
v 0.278744 0.683023 -0.001947
v 0.279561 0.653085 -0.003690
v 0.279149 0.677005 -0.012208
v 0.279786 0.653666 -0.013567
v 0.278324 0.692511 0.005228
v 0.278435 0.692820 0.000322
v 0.278129 0.702326 0.002796
v 0.277911 0.712056 0.001442
v 0.277812 0.720531 -0.003531
v 0.277850 0.726459 -0.011369
v 0.278017 0.728938 -0.020876
v 0.278289 0.727591 -0.030606
v 0.278972 0.719124 -0.049673
v 0.279343 0.707609 -0.052669
v 0.279608 0.695822 -0.051030
v 0.280747 0.656144 -0.055665
v 0.280694 0.656007 -0.053348
v 0.279727 0.685557 -0.045005
v 0.280543 0.655619 -0.046748
v 0.279681 0.678376 -0.035512
v 0.280318 0.655038 -0.036871
v 0.279478 0.675374 -0.023995
v 0.280052 0.654352 -0.025219
v 0.266329 0.656983 -0.058740
v 0.273570 0.640778 -0.059529
v 0.561867 0.475287 -0.097976
v 0.579485 0.473875 -0.122749
v 0.606755 -0.380775 -0.078749
v 0.603914 -0.367943 -0.106399
v -1.104061 0.598362 -0.093464
v 0.290158 0.634418 -0.059524
v 0.595770 -0.340286 -0.116696
v -0.058253 0.024348 0.024649
vn 0.6171 0.7186 -0.3206
vn 0.7512 0.3073 0.5842
vn 0.9695 -0.0947 -0.2258
vn 0.7698 0.2658 0.5803
vn 0.7708 0.3927 -0.5016
vn 0.6844 0.4705 0.5569
vn 0.9771 0.2117 0.0220
vn 0.7599 -0.3658 0.5374
vn 0.6531 -0.6449 -0.3970
vn 0.5969 -0.7911 0.1334
vn 0.8096 -0.2257 -0.5419
vn 0.9512 0.1443 0.2726
vn 0.5572 0.8290 0.0487
vn 0.7512 0.3073 0.5841
vn 0.9696 -0.0947 -0.2258
vn 0.7698 0.2659 0.5802
vn 0.7677 0.4145 -0.4886
vn 0.5737 0.7649 0.2928
vn 0.9270 0.0998 -0.3615
vn 0.7744 -0.3465 0.5294
vn 0.7983 -0.2847 -0.5307
vn 0.6869 -0.5746 0.4450
vn 0.7954 -0.2434 -0.5550
vn 0.8271 -0.1600 0.5388
vn 0.5547 0.8306 0.0487
vn 0.7593 0.2858 0.5846
vn 0.8469 0.2072 -0.4898
vn 0.9189 -0.0518 0.3911
vn 0.7662 0.4142 -0.4913
vn 0.5712 0.7663 0.2940
vn 0.9298 0.0919 -0.3563
vn 0.7728 -0.3461 0.5321
vn 0.7968 -0.2840 -0.5333
vn 0.6849 -0.5753 0.4472
vn 0.8003 -0.2462 -0.5467
vn 0.8316 -0.1638 0.5306
vn 0.5572 0.8289 0.0488
vn 0.9696 -0.0946 -0.2258
vn 0.7698 0.2659 0.5803
vn 0.7678 0.4145 -0.4886
vn 0.5738 0.7649 0.2928
vn 0.9270 0.0998 -0.3614
vn 0.6870 -0.5746 0.4449
vn 0.7955 -0.2434 -0.5549
vn 0.8272 -0.1601 0.5386
vn 0.6172 0.7186 -0.3206
vn 0.9771 0.2117 0.0219
vn 0.6532 -0.6448 -0.3969
vn 0.5969 -0.7911 0.1333
vn 0.9512 0.1444 0.2726
vn 0.7708 0.3928 -0.5016
vn 0.6844 0.4706 0.5569
vn 0.9771 0.2116 0.0220
vn 0.7599 -0.3659 0.5374
vn 0.5969 -0.7912 0.1334
vn 0.7509 -0.5615 0.3476
vn 0.7769 -0.1371 -0.6145
vn 0.7349 0.5831 0.3463
vn 0.7393 0.1115 0.6640
vn 0.7762 -0.6269 -0.0670
vn 0.7369 0.6000 -0.3114
vn 0.7665 -0.3099 -0.5626
vn 0.7449 0.6526 -0.1386
vn 0.7522 -0.3086 0.5822
vn 0.7212 0.3483 0.5988
vn 0.7719 -0.6260 0.1108
vn 0.7710 0.1054 -0.6281
vn 0.7984 0.5985 0.0662
vn 0.2991 0.8165 -0.4939
vn -0.2126 0.9757 0.0526
vn 0.0572 0.9044 -0.4229
vn 0.3312 0.7428 0.5818
vn 0.7532 0.6326 -0.1802
vn 0.0195 0.8969 0.4418
vn -0.3450 0.7987 -0.4929
vn -0.3698 0.7361 0.5670
vn -0.5739 0.6936 -0.4353
vn -0.3304 0.7331 0.5945
vn -0.1615 0.8610 -0.4823
vn -0.8856 0.2936 0.3599
vn 0.0068 0.9958 0.0913
vn -0.6430 0.4861 -0.5919
vn -0.1903 0.8414 0.5058
vn -0.1254 0.9112 -0.3925
vn -0.9396 0.2644 -0.2173
vn 0.1587 0.9845 0.0744
vn -0.3509 0.7893 -0.5038
vn -0.5140 0.6656 0.5411
vn 0.3212 0.7388 0.5924
vn 0.6666 0.6687 -0.3292
vn -0.6981 0.6265 -0.3465
vn -0.3125 0.7492 0.5840
vn 0.1133 0.9767 -0.1824
vn 0.7780 0.5890 0.2187
vn 0.2989 0.8165 -0.4939
vn -0.2127 0.9757 0.0526
vn 0.1587 0.9845 0.0743
vn -0.3333 0.8039 -0.4926
vn -0.7860 0.5654 0.2500
vn -0.1863 0.9756 -0.1159
vn 0.3026 0.7537 0.5834
vn 0.7988 0.5992 0.0535
vn -0.3735 0.7859 -0.4928
vn -0.3125 0.7491 0.5841
vn 0.1132 0.9767 -0.1824
vn 0.5368 0.6686 0.5147
vn 0.2772 0.8235 -0.4950
vn -0.0736 0.8948 0.4404
vn 0.1393 0.9875 0.0740
vn -0.3488 0.7848 -0.5123
vn -0.5144 0.6592 0.5485
vn 0.0573 0.9044 -0.4229
vn 0.3197 0.7332 0.6002
vn 0.6703 0.6620 -0.3353
vn -0.7014 0.6195 -0.3526
vn -0.3177 0.7592 0.5680
vn 0.0953 0.9800 -0.1749
vn 0.7833 0.5811 0.2209
vn 0.2990 0.8165 -0.4939
vn 0.0196 0.8969 0.4418
vn -0.7860 0.5655 0.2500
vn -0.3736 0.7859 -0.4928
vn -0.3304 0.7330 0.5945
vn 0.5368 0.6685 0.5147
vn 0.5294 0.8318 -0.1667
vn -0.0159 0.7944 -0.6072
vn -0.2714 0.7000 0.6605
vn -0.2032 0.7878 -0.5814
vn 0.1045 0.7742 0.6243
vn 0.2493 0.8526 -0.4594
vn 0.7983 0.5986 0.0662
vn -0.9489 0.1701 0.2658
vn -0.2042 -0.5478 0.8113
vn -0.1436 0.3863 0.9111
vn 0.0071 -0.1671 0.9859
vn -0.6711 0.5592 0.4868
vn -0.9624 -0.1009 0.2522
vn -0.5603 0.0476 0.8269
vn 0.2794 -0.5005 0.8194
vn 0.1142 0.4811 0.8692
vn -0.5559 -0.1665 0.8144
vn 0.5256 -0.1076 0.8439
vn -0.2834 0.4108 0.8665
vn -0.2194 -0.5434 0.8103
vn 0.5005 -0.2011 0.8420
vn -0.2300 0.4581 0.8586
vn 0.0306 -0.5958 0.8025
vn 0.5188 0.0089 0.8548
vn -0.5530 -0.0533 0.8315
vn 0.4323 0.2482 0.8669
vn -0.5377 -0.2301 0.8111
vn 0.0931 -0.5846 0.8060
vn 0.5232 0.0272 0.8518
vn -0.5679 -0.0181 0.8229
vn -0.5043 -0.2654 0.8217
vn -0.2138 0.4737 0.8544
vn -0.0496 -0.6051 0.7946
vn 0.4416 0.2133 0.8715
vn 0.5077 0.1351 0.8509
vn -0.5496 0.0875 0.8308
vn -0.2579 -0.5232 0.8122
vn -0.4715 -0.3568 0.8065
vn 0.5383 -0.0801 0.8389
vn -0.4076 0.3279 0.8522
vn 0.0711 0.5011 0.8625
vn -0.5606 -0.0565 0.8261
vn 0.4378 -0.3696 0.8196
vn -0.3965 -0.4367 0.8075
vn 0.5040 0.1453 0.8514
vn -0.5668 -0.0465 0.8225
vn -0.5206 -0.2684 0.8105
vn 0.5388 -0.0695 0.8396
vn -0.2834 0.4107 0.8666
vn 0.4416 0.2134 0.8715
vn -0.5496 0.0874 0.8308
vn -0.4076 0.3279 0.8523
vn -0.5606 -0.0565 0.8262
vn -0.3964 -0.4368 0.8075
vn 0.5040 0.1452 0.8514
vn -0.5667 -0.0465 0.8226
vn -0.5205 -0.2683 0.8106
vn 0.5388 -0.0694 0.8396
vn -0.4714 -0.3568 0.8065
vn -0.4076 0.3280 0.8522
vn -0.1551 -0.5787 0.8007
vn 0.0011 0.5081 0.8613
vn -0.3915 -0.4415 0.8074
vn 0.2897 -0.5012 0.8154
vn -0.0044 -0.5899 0.8075
vn 0.2751 0.4245 0.8626
vn -0.4853 0.2577 0.8355
vn -0.5638 -0.1680 0.8086
vn -0.1391 0.4955 0.8574
vn -0.5552 -0.1603 0.8161
vn 0.3741 -0.4217 0.8260
vn 0.0581 -0.5907 0.8048
vn 0.0785 0.4998 0.8626
vn -0.2280 -0.5372 0.8120
vn -0.5683 0.0493 0.8214
vn 0.2842 -0.5072 0.8136
vn 0.1141 0.4812 0.8691
vn -0.5637 -0.1681 0.8087
vn 0.5256 -0.1077 0.8439
vn -0.2834 0.4106 0.8666
vn -0.1116 -0.5900 0.7996
vn 0.5268 -0.1148 0.8422
vn -0.4191 0.3400 0.8419
vn 0.3248 0.3787 0.8666
vn -0.4677 -0.3657 0.8047
vn 0.1476 -0.5534 0.8197
vn -0.1392 0.4955 0.8574
vn 0.3801 -0.4270 0.8205
vn 0.0583 -0.5907 0.8048
vn 0.0786 0.4997 0.8626
vn -0.2278 -0.5372 0.8121
vn -0.2310 0.5710 0.7878
vn 0.0812 -0.6300 0.7724
vn 0.2272 0.4718 0.8519
vn 0.5525 -0.2037 0.8082
vn -0.0451 0.6061 0.7941
vn -0.2368 -0.6729 0.7008
vn -0.7956 0.1333 -0.5910
vn -0.8085 -0.3606 0.4651
vn -0.8365 0.2774 0.4725
vn -0.8183 -0.0811 0.5691
vn -0.8110 0.4844 -0.3280
vn -0.7976 -0.5514 -0.2443
vn -0.8097 0.2037 -0.5503
vn -0.7870 -0.5922 -0.1734
vn -0.8228 0.1013 0.5593
vn -0.8283 -0.1127 0.5488
vn -0.8252 0.5249 0.2086
vn -0.7852 -0.3289 -0.5247
vn -0.6015 0.7975 0.0460
vn -0.7751 0.2956 -0.5584
vn -0.9280 -0.1026 0.3581
vn -0.9606 -0.1880 -0.2044
vn -0.7876 0.3127 0.5309
vn -0.6965 0.5496 -0.4614
vn -0.9299 0.0067 0.3677
vn -0.7485 -0.3413 -0.5686
vn -0.7800 -0.3873 0.4915
vn -0.5717 -0.7707 -0.2814
vn -0.7793 -0.3490 0.5205
vn -0.8019 -0.1778 -0.5704
vn -0.7734 0.3194 -0.5476
vn -0.7984 0.2548 0.5455
vn -0.8669 0.0754 -0.4927
vn -0.5717 -0.7707 -0.2815
vn -0.6544 0.6419 0.3996
vn -0.7734 0.3193 -0.5476
vn -0.7984 0.2548 0.5456
vn -0.7896 0.2896 0.5411
vn -0.5980 0.7887 -0.1424
vn -0.9872 0.1593 -0.0004
vn -0.7514 -0.3180 -0.5782
vn -0.6161 -0.7210 0.3172
vn -0.6713 -0.5017 -0.5456
vn -0.7944 -0.3307 0.5095
vn -0.8663 -0.0580 -0.4961
vn -0.6472 0.6453 0.4059
vn -0.7836 0.3225 -0.5310
vn -0.8079 0.2597 0.5290
vn -0.8742 0.0862 -0.4779
vn -0.7845 0.2873 0.5495
vn -0.5900 0.7944 -0.1446
vn -0.7461 -0.3154 -0.5864
vn -0.6087 -0.7247 0.3230
vn -0.6648 -0.5019 -0.5533
vn -0.7944 -0.3306 0.5095
vn -0.8663 -0.0580 -0.4962
vn -0.9280 -0.1027 0.3581
vn -0.7485 -0.3412 -0.5686
vn -0.6016 0.7975 0.0460
vn -0.9280 -0.1026 0.3580
vn -0.9607 -0.1880 -0.2044
vn -0.7876 0.3128 0.5309
vn -0.5716 -0.7707 -0.2815
vn -0.8019 -0.1779 -0.5704
vn 0.0429 -0.9865 0.1581
vn -0.9341 -0.3128 0.1717
vn -0.1641 -0.8209 -0.5470
vn -0.6450 -0.5194 0.5606
vn -0.9487 -0.3002 -0.0993
vn 0.0563 -0.9844 -0.1666
vn 0.7908 -0.5639 -0.2382
vn 0.3164 -0.8006 0.5089
vn 0.3412 -0.7363 -0.5843
vn 0.0833 -0.9008 0.4262
vn 0.3861 -0.7289 -0.5655
vn 0.7753 -0.5930 0.2175
vn 0.2129 -0.9596 -0.1839
vn -0.3268 -0.8161 0.4766
vn -0.5105 -0.6776 -0.5293
vn -0.5578 -0.7229 0.4078
vn -0.2474 -0.7544 -0.6080
vn 0.0726 -0.9407 0.3315
vn -0.3256 -0.7979 0.5073
vn 0.1189 -0.7677 -0.6296
vn 0.5773 -0.8095 0.1070
vn 0.5921 -0.7796 -0.2041
vn -0.0585 -0.7961 0.6023
vn -0.2024 -0.7123 -0.6721
vn -0.7989 -0.6001 -0.0408
vn 0.7907 -0.5639 -0.2382
vn 0.2920 -0.8044 0.5174
vn -0.0225 -0.8984 -0.4386
vn 0.2129 -0.9596 -0.1840
vn -0.3553 -0.8050 0.4750
vn -0.5106 -0.6776 -0.5293
vn -0.1508 -0.9824 0.1102
vn 0.3860 -0.7289 -0.5655
vn 0.3455 -0.7985 0.4930
vn -0.2583 -0.7582 -0.5986
vn -0.2988 -0.8166 0.4939
vn 0.2950 -0.8087 0.5089
vn -0.0150 -0.9014 -0.4327
vn 0.1549 -0.9358 -0.3168
vn -0.1410 -0.9841 0.1080
vn 0.3861 -0.7288 -0.5655
vn 0.3456 -0.7984 0.4930
vn -0.2584 -0.7582 -0.5986
vn 0.2921 -0.8044 0.5173
vn -0.0223 -0.8984 -0.4386
vn 0.1550 -0.9358 -0.3168
vn -0.3553 -0.8051 0.4750
vn -0.1506 -0.9824 0.1101
vn 0.3411 -0.7364 -0.5843
vn 0.0832 -0.9008 0.4263
vn 0.3860 -0.7288 -0.5655
vn 0.3861 -0.7288 -0.5654
vn 0.7753 -0.5929 0.2175
vn -0.3268 -0.8161 0.4767
vn -0.5579 -0.7228 0.4078
vn -0.2475 -0.7544 -0.6080
vn 0.0725 -0.9406 0.3315
vn -0.3322 -0.5506 -0.7658
vn -0.9248 -0.2186 -0.3114
vn -0.3176 0.5916 -0.7410
vn -0.6168 -0.5925 -0.5181
vn -0.8703 0.3588 -0.3374
vn -0.0197 0.3516 -0.9360
vn -0.5170 -0.0720 -0.8530
vn 0.3863 0.4460 -0.8074
vn -0.1609 -0.4672 -0.8694
vn -0.5228 0.1422 -0.8405
vn 0.5665 0.0667 -0.8214
vn 0.2834 -0.4106 -0.8666
vn 0.5461 0.1719 -0.8199
vn -0.1772 -0.4634 -0.8683
vn -0.4882 0.2156 -0.8457
vn 0.0388 0.5975 -0.8009
vn 0.5532 -0.0389 -0.8321
vn -0.3278 -0.3548 -0.8756
vn 0.4168 -0.3178 -0.8516
vn -0.5088 0.2031 -0.8366
vn 0.5658 0.0801 -0.8206
vn 0.5318 -0.1439 -0.8346
vn -0.5274 -0.0104 -0.8496
vn 0.4956 0.2836 -0.8209
vn -0.2796 0.5007 -0.8192
vn 0.5696 -0.0423 -0.8208
vn 0.2424 -0.4506 -0.8592
vn -0.5285 0.0350 -0.8482
vn 0.5623 0.1751 -0.8082
vn -0.4571 -0.1841 -0.8702
vn -0.5114 0.1581 -0.8447
vn 0.3071 0.5255 -0.7934
vn 0.3502 -0.4002 -0.8469
vn -0.0716 -0.5010 -0.8625
vn -0.1084 0.5914 -0.7990
vn 0.2541 -0.4262 -0.8682
vn 0.5623 0.1750 -0.8082
vn -0.4325 -0.2483 -0.8668
vn -0.4494 0.3330 -0.8289
vn -0.5032 -0.1147 -0.8565
vn -0.2448 0.5102 -0.8245
vn -0.2795 0.5007 -0.8192
vn 0.5697 -0.0423 -0.8208
vn 0.2423 -0.4506 -0.8592
vn 0.3070 0.5255 -0.7934
vn -0.0716 -0.5011 -0.8624
vn 0.5622 0.1751 -0.8082
vn -0.4325 -0.2482 -0.8668
vn -0.4495 0.3331 -0.8289
vn 0.5696 -0.0424 -0.8209
vn -0.5033 -0.1148 -0.8565
vn -0.0421 0.6027 -0.7968
vn 0.3179 -0.4020 -0.8587
vn 0.0339 -0.4976 -0.8668
vn 0.1749 0.5836 -0.7930
vn 0.2424 -0.4505 -0.8592
vn -0.4414 -0.2133 -0.8716
vn 0.4680 0.3789 -0.7984
vn -0.0890 -0.4803 -0.8726
vn -0.3262 0.4871 -0.8101
vn -0.5358 -0.0115 -0.8442
vn 0.4957 0.2835 -0.8209
vn 0.1093 0.5985 -0.7937
vn 0.0509 -0.4969 -0.8663
vn -0.1736 -0.4626 -0.8694
vn -0.0421 0.6025 -0.7970
vn 0.3222 -0.4092 -0.8536
vn 0.0339 -0.4976 -0.8667
vn 0.1748 0.5834 -0.7931
vn -0.2889 0.5138 -0.8078
vn 0.5527 0.1802 -0.8137
vn -0.2501 -0.4293 -0.8679
vn -0.4628 -0.2145 -0.8601
vn 0.3090 0.5150 -0.7996
vn -0.1516 -0.4522 -0.8789
vn 0.4230 -0.3238 -0.8463
vn -0.5168 0.2052 -0.8312
vn -0.5356 -0.0114 -0.8444
vn 0.4957 0.2836 -0.8209
vn -0.3009 -0.5235 -0.7971
vn 0.0392 0.6378 -0.7692
vn 0.1134 -0.5194 -0.8470
vn 0.3915 0.5054 -0.7689
vn -0.0294 -0.6049 -0.7957
vn -0.2369 0.6607 -0.7123
vn 0.5433 0.0089 0.8395
vn 0.4704 0.1939 0.8609
vn 0.1304 -0.7096 0.6925
vn -0.0219 -0.0562 0.9982
vn -0.0228 -0.0587 0.9980
vn -0.0218 -0.0615 0.9979
vn -0.0229 -0.0570 0.9981
vn -0.0219 -0.0543 0.9983
vn -0.0221 -0.0516 0.9984
vn 0.2420 0.4346 0.8675
vn 0.5380 -0.1427 0.8308
vn -0.0225 -0.0541 0.9983
vn 0.9994 0.0240 0.0240
vn 0.9993 0.0276 0.0242
vn 0.9994 0.0252 0.0254
vn 0.9994 0.0240 0.0247
vn 0.9994 0.0273 0.0234
vn 0.9993 0.0260 0.0261
vn 0.9994 0.0245 0.0233
vn 0.9993 0.0275 0.0242
vn 0.9993 0.0255 0.0262
vn 0.9993 0.0269 0.0256
vn 0.9994 0.0242 0.0246
vn 0.9994 0.0271 0.0231
vn 0.9994 0.0255 0.0226
vn 0.9994 0.0246 0.0255
vn 0.9993 0.0275 0.0249
vn 0.9994 0.0241 0.0244
vn 0.9994 0.0266 0.0231
vn 0.8836 0.4507 -0.1269
vn 0.8836 0.4511 -0.1256
vn 0.8851 0.4477 -0.1271
vn 0.8758 0.4309 0.2177
vn 0.8757 0.4304 0.2189
vn 0.8757 0.4289 0.2219
vn 0.8896 0.4065 0.2082
vn 0.8892 0.4082 0.2068
vn 0.8884 0.4083 0.2100
vn 0.9108 -0.3793 0.1629
vn 0.9104 -0.3808 0.1619
vn 0.9111 -0.3793 0.1613
vn 0.9107 -0.3803 0.1610
vn 0.9111 -0.3789 0.1624
vn 0.9098 -0.3818 0.1628
vn 0.9183 -0.3608 -0.1629
vn 0.9177 -0.3608 -0.1663
vn 0.9184 -0.3599 -0.1645
vn 0.9135 0.3924 -0.1070
vn 0.9133 0.3939 -0.1037
vn 0.9138 0.3923 -0.1049
vn 0.8966 0.4270 -0.1172
vn 0.8970 0.4258 -0.1186
vn 0.8959 0.4277 -0.1200
vn 0.9133 0.3931 -0.1068
vn 0.9136 0.3929 -0.1049
vn 0.9154 0.3881 -0.1073
vn 0.9242 0.1932 -0.3293
vn 0.9238 0.1952 -0.3294
vn 0.9257 0.1950 -0.3242
vn 0.9182 -0.3596 -0.1662
vn 0.9186 -0.3601 -0.1630
vn 0.9177 -0.3617 -0.1645
vn 0.8968 0.4261 -0.1189
vn 0.8963 0.4274 -0.1184
vn 0.8970 0.4261 -0.1173
vn 0.9074 0.3716 0.1962
vn 0.9072 0.3743 0.1921
vn 0.9059 0.3773 0.1922
vn 0.9089 0.3710 0.1902
vn 0.9065 0.3767 0.1907
vn 0.9066 0.3747 0.1939
vn 0.9072 0.1528 0.3920
vn 0.9078 0.1507 0.3914
vn 0.9084 0.1557 0.3880
vn 0.9324 -0.1032 -0.3464
vn 0.9339 -0.1056 -0.3416
vn 0.9319 -0.1052 -0.3472
vn 0.9333 -0.3278 -0.1468
vn 0.9330 -0.3276 -0.1492
vn 0.9348 -0.3226 -0.1485
vn 0.9332 -0.3269 -0.1491
vn 0.9335 -0.3272 -0.1468
vn 0.9327 -0.3295 -0.1465
vn 0.9262 -0.3453 0.1515
vn 0.9266 -0.3451 0.1496
vn 0.9279 -0.3404 0.1521
vn 0.9159 -0.1455 0.3740
vn 0.9155 -0.1474 0.3743
vn 0.9176 -0.1473 0.3691
vn 0.9268 -0.3442 0.1502
vn 0.9264 -0.3448 0.1516
vn 0.9260 -0.3469 0.1491
vn 0.9158 -0.1475 0.3736
vn 0.9163 -0.1461 0.3729
vn 0.9159 -0.1465 0.3738
vn 0.9075 0.1532 0.3911
vn 0.9077 0.1517 0.3911
vn 0.9081 0.1508 0.3907
vn 0.9083 0.2095 -0.3621
vn 0.9085 0.2087 -0.3620
vn 0.9081 0.2089 -0.3628
vn 0.9171 -0.1151 -0.3816
vn 0.9174 -0.1168 -0.3803
vn 0.9172 -0.1165 -0.3810
vn 0.9084 0.2087 -0.3624
vn 0.9083 0.2095 -0.3620
vn 0.9085 0.2100 -0.3614
vn 0.9173 -0.1172 -0.3807
vn 0.9168 -0.1156 -0.3821
vn 0.9174 -0.1154 -0.3810
vn 0.9104 0.1521 0.3849
vn 0.9107 0.1497 0.3850
vn 0.9108 0.1491 0.3849
vn 0.9154 -0.3675 -0.1646
vn 0.9152 -0.3664 -0.1675
vn 0.9160 -0.3642 -0.1680
vn 0.9080 -0.3865 0.1615
vn 0.9089 -0.3833 0.1644
vn 0.9077 -0.3860 0.1648
vn 0.9146 -0.3681 -0.1672
vn 0.9157 -0.3649 -0.1686
vn 0.9162 -0.3649 -0.1654
vn 0.9148 -0.1168 -0.3868
vn 0.9146 -0.1185 -0.3867
vn 0.9140 -0.1170 -0.3886
vn 0.9082 -0.3842 0.1659
vn 0.9074 -0.3876 0.1626
vn 0.9083 -0.3856 0.1623
vn 0.8964 -0.1654 0.4113
vn 0.8970 -0.1640 0.4105
vn 0.8952 -0.1662 0.4136
vn 0.9266 0.1938 -0.3221
vn 0.9270 0.1909 -0.3229
vn 0.9269 0.1913 -0.3230
vn 0.9350 -0.1043 -0.3389
vn 0.9349 -0.1019 -0.3401
vn 0.9350 -0.1017 -0.3397
vn 0.9145 -0.1169 -0.3872
vn 0.9153 -0.1186 -0.3848
vn 0.9056 0.2104 -0.3681
vn 0.9056 0.2120 -0.3674
vn 0.9055 0.2138 -0.3666
vn 0.9356 -0.1031 -0.3378
vn 0.9342 -0.1043 -0.3412
vn 0.8874 0.1651 0.4305
vn 0.8867 0.1634 0.4325
vn 0.8877 0.1633 0.4304
vn 0.9358 -0.3216 -0.1445
vn 0.9352 -0.3220 -0.1474
vn 0.9367 -0.3191 -0.1440
vn 0.8863 0.4114 0.2124
vn 0.8870 0.4117 0.2090
vn 0.8851 0.4148 0.2111
vn 0.9357 -0.3206 -0.1473
vn 0.9359 -0.3213 -0.1445
vn 0.9357 -0.3220 -0.1441
vn 0.8868 0.4108 0.2118
vn 0.8860 0.4142 0.2083
vn 0.8859 0.4133 0.2108
vn 0.8937 0.4330 -0.1178
vn 0.8948 0.4300 -0.1206
vn 0.8937 0.4320 -0.1210
vn 0.8942 0.4308 -0.1220
vn 0.8930 0.4340 -0.1189
vn 0.8945 0.4310 -0.1188
vn 0.9292 -0.3385 0.1483
vn 0.9287 -0.3387 0.1510
vn 0.9288 -0.3396 0.1482
vn 0.9059 0.2103 -0.3675
vn 0.9045 0.2126 -0.3696
vn 0.9187 -0.1436 0.3679
vn 0.9185 -0.1460 0.3675
vn 0.9195 -0.1446 0.3656
vn 0.9283 -0.3402 0.1504
vn 0.9291 -0.3388 0.1482
vn 0.9300 -0.3364 0.1478
vn 0.9189 -0.1459 0.3666
vn 0.9189 -0.1435 0.3674
vn 0.8905 0.1622 0.4252
vn 0.8906 0.1638 0.4243
vn 0.8892 0.1639 0.4270
vn 0.8992 -0.1619 0.4064
vn 0.8986 -0.1651 0.4065
vn 0.8995 -0.1633 0.4052
vn 0.8901 0.1656 0.4247
vn 0.8901 0.1620 0.4259
vn 0.8907 0.1624 0.4245
vn 0.8992 -0.1650 0.4051
vn 0.8994 -0.1618 0.4060
vn 0.8988 -0.1626 0.4071
vn 0.8894 0.4067 0.2087
vn 0.8895 0.4074 0.2069
vn 0.8886 0.4084 0.2086
vn 0.9322 -0.1056 -0.3463
vn 0.9320 -0.1022 -0.3477
vn 0.9327 -0.1038 -0.3455
vn 0.9240 0.1953 -0.3287
vn 0.9245 0.1933 -0.3287
vn 0.9235 0.1936 -0.3312
vn 0.8965 -0.1638 0.4117
vn 0.8967 -0.1671 0.4100
vn 0.8874 0.1634 0.4311
vn 0.8881 0.1657 0.4287
vn 0.8873 0.1651 0.4305
vn 0.9269 0.1909 -0.3232
vn 0.9262 0.1939 -0.3234
vn 0.9273 0.1927 -0.3210
vn 0.9156 0.3880 -0.1056
vn 0.9165 0.3866 -0.1031
vn 0.9175 0.3842 -0.1032
vn 0.9162 0.3864 -0.1062
vn 0.9162 0.3873 -0.1029
vn 0.9166 0.3863 -0.1031
vn 0.9098 0.3693 0.1892
vn 0.9091 0.3697 0.1921
vn 0.9103 0.3673 0.1911
vn 0.9096 0.3684 0.1921
vn 0.9100 0.3688 0.1896
vn 0.9095 0.3701 0.1891
vn 0.9098 0.1516 0.3863
vn 0.9107 0.1491 0.3852
vn 0.9117 0.1494 0.3828
vn 0.8839 0.4504 -0.1256
vn 0.8829 0.4518 -0.1280
vn 0.8757 0.4303 0.2189
vn 0.8760 0.4303 0.2177
vn 0.8753 0.4317 0.2180
vn 0.8959 0.2235 -0.3840
vn 0.8964 0.2194 -0.3851
vn 0.8956 0.2193 -0.3870
vn 0.9391 -0.3141 0.1396
vn 0.9388 -0.3139 0.1420
vn 0.9388 -0.3144 0.1404
vn 0.9449 -0.2982 -0.1352
vn 0.9454 -0.2975 -0.1332
vn 0.9451 -0.2983 -0.1334
vn 0.8966 0.2224 -0.3830
vn 0.8959 0.2190 -0.3865
vn 0.8957 0.2208 -0.3859
vn 0.9053 -0.1241 -0.4062
vn 0.9065 -0.1263 -0.4029
vn 0.9052 -0.1255 -0.4061
vn 0.9289 -0.1339 0.3454
vn 0.9292 -0.1318 0.3452
vn 0.9291 -0.1321 0.3455
vn 0.9291 -0.1318 0.3455
vn 0.9286 -0.1334 0.3463
vn 0.9294 -0.1318 0.3446
vn 0.9385 -0.3148 0.1420
vn 0.9389 -0.3147 0.1395
vn 0.9389 -0.3140 0.1411
vn 0.9214 0.1434 0.3612
vn 0.9216 0.1414 0.3614
vn 0.9219 0.1416 0.3607
vn 0.9056 -0.1241 -0.4056
vn 0.9053 -0.1256 -0.4058
vn 0.9048 -0.1242 -0.4072
vn 0.9056 -0.3858 -0.1761
vn 0.9065 -0.3825 -0.1786
vn 0.9068 -0.3837 -0.1745
vn 0.9452 -0.2983 -0.1326
vn 0.9446 -0.2992 -0.1349
vn 0.9454 -0.2977 -0.1330
vn 0.9442 -0.0929 -0.3159
vn 0.9443 -0.0940 -0.3153
vn 0.9438 -0.0949 -0.3165
vn 0.9211 0.1429 0.3623
vn 0.9218 0.1411 0.3612
vn 0.9219 0.1419 0.3605
vn 0.9209 0.3460 0.1795
vn 0.9208 0.3467 0.1784
vn 0.9208 0.3466 0.1789
vn 0.9211 0.3458 0.1787
vn 0.9205 0.3464 0.1807
vn 0.9271 0.3625 -0.0952
vn 0.9271 0.3627 -0.0950
vn 0.9272 0.3623 -0.0949
vn 0.9062 -0.3854 -0.1742
vn 0.9064 -0.3842 -0.1755
vn 0.9072 -0.3814 -0.1775
vn 0.9271 0.3627 -0.0949
vn 0.9272 0.3624 -0.0949
vn 0.8985 -0.4046 0.1703
vn 0.8998 -0.4014 0.1711
vn 0.9368 0.1800 -0.2999
vn 0.9368 0.1805 -0.2999
vn 0.9368 0.1806 -0.2996
vn 0.8989 -0.4026 0.1732
vn 0.8987 -0.4047 0.1691
vn 0.9368 0.1805 -0.2998
vn 0.9369 0.1803 -0.2994
vn 0.8862 -0.1744 0.4291
vn 0.8867 -0.1735 0.4286
vn 0.9443 -0.0929 -0.3155
vn 0.9442 -0.0951 -0.3155
vn 0.9442 -0.0933 -0.3158
vn 0.8864 -0.1733 0.4293
vn 0.8868 -0.1771 0.4270
vn 0.8766 0.1699 0.4502
vn 0.8782 0.1722 0.4462
vn 0.8768 0.1714 0.4492
vn 0.8773 0.1742 0.4473
vn 0.8760 0.1717 0.4508
vn 0.8774 0.1705 0.4485
vn 0.7903 0.2144 0.5739
vn 0.7920 0.2109 0.5730
vn 0.7918 0.2138 0.5722
vn 0.8040 -0.2354 0.5460
vn 0.8040 -0.2324 0.5473
vn 0.8024 -0.2352 0.5485
vn 0.7925 0.2115 0.5720
vn 0.7911 0.2148 0.5727
vn 0.7913 0.2130 0.5732
vn 0.7899 0.5481 0.2750
vn 0.7902 0.5474 0.2757
vn 0.7904 0.5485 0.2729
vn 0.7904 0.5473 0.2751
vn 0.7884 0.5502 0.2751
vn 0.9704 0.0942 0.2224
vn 0.9708 0.0947 0.2206
vn 0.9699 0.2144 0.1154
vn 0.9699 0.2134 0.1176
vn 0.8001 0.5745 -0.1727
vn 0.8006 0.5737 -0.1731
vn 0.8002 0.5737 -0.1750
vn 0.9736 0.2239 -0.0453
vn 0.9741 0.2215 -0.0454
vn 0.8011 0.5736 -0.1708
vn 0.8003 0.5740 -0.1735
vn 0.8163 0.2744 -0.5083
vn 0.8147 0.2766 -0.5096
vn 0.8165 0.2770 -0.5066
vn 0.8170 0.2746 -0.5070
vn 0.8160 0.2766 -0.5076
vn 0.8150 0.2786 -0.5080
vn 0.8273 -0.1731 -0.5343
vn 0.8287 -0.1691 -0.5335
vn 0.8285 -0.1721 -0.5330
vn 0.9792 0.1170 -0.1655
vn 0.9792 0.1191 -0.1645
vn 0.8292 -0.1696 -0.5326
vn 0.8282 -0.1733 -0.5330
vn 0.8282 -0.1711 -0.5337
vn 0.9836 -0.0436 -0.1748
vn 0.9840 -0.0438 -0.1726
vn 0.8296 -0.5063 -0.2356
vn 0.8299 -0.5054 -0.2362
vn 0.8300 -0.5065 -0.2335
vn 0.9841 -0.1639 -0.0678
vn 0.9845 -0.1616 -0.0685
vn 0.8301 -0.5053 -0.2357
vn 0.8289 -0.5064 -0.2379
vn 0.9805 -0.1734 0.0928
vn 0.9806 -0.1719 0.0947
vn 0.8194 -0.5326 0.2121
vn 0.8198 -0.5317 0.2126
vn 0.8180 -0.5342 0.2133
vn 0.8195 -0.5320 0.2130
vn 0.8201 -0.5323 0.2099
vn 0.9748 -0.0665 0.2130
vn 0.9749 -0.0680 0.2119
vn 0.8029 -0.2365 0.5471
vn 0.8047 -0.2329 0.5462
vn 0.8035 -0.2347 0.5471
vn -0.0181 0.9447 -0.3274
vn -0.0156 0.9445 -0.3282
vn -0.0175 0.9440 -0.3294
vn -0.0164 0.9445 -0.3282
vn -0.0181 0.9444 -0.3283
vn -0.0164 0.9447 -0.3274
vn -0.0351 0.8990 0.4366
vn -0.0339 0.8995 0.4356
vn -0.0354 0.8999 0.4347
vn -0.0330 0.8995 0.4356
vn -0.0356 0.8995 0.4355
vn -0.3736 0.8364 0.4010
vn -0.3726 0.8371 0.4006
vn 0.3088 0.8545 0.4178
vn 0.3100 0.8541 0.4177
vn -0.3734 0.8370 0.4000
vn -0.3705 0.8372 0.4023
vn -0.3572 0.8787 -0.3168
vn -0.3569 0.8792 -0.3156
vn -0.3560 0.8780 -0.3199
vn -0.3560 0.8792 -0.3167
vn 0.3264 0.8963 -0.3001
vn 0.3251 0.8968 -0.3001
vn 0.3260 0.8969 -0.2989
vn 0.3265 0.8952 -0.3032
vn 0.3100 0.8541 0.4176
vn 0.3097 0.8547 0.4166
vn 0.3069 0.8552 0.4176
vn 0.3351 0.8938 -0.2980
vn 0.3352 0.8935 -0.2988
vn 0.3344 0.8936 -0.2993
vn 0.3482 0.8894 -0.2961
vn 0.3486 0.8890 -0.2969
vn 0.3455 0.8889 -0.3009
vn 0.3477 0.8894 -0.2967
vn 0.3310 0.8454 0.4192
vn 0.3323 0.8472 0.4146
vn 0.3322 0.8476 0.4137
vn 0.3318 0.8477 0.4140
vn -0.3793 0.8702 -0.3146
vn -0.3784 0.8707 -0.3142
vn -0.3955 0.8283 0.3968
vn -0.3948 0.8289 0.3964
vn -0.3790 0.8706 -0.3136
vn -0.3747 0.8717 -0.3158
vn -0.3953 0.8288 0.3959
vn -0.3942 0.8267 0.4015
vn -0.3824 0.8337 0.3984
vn -0.3824 0.8332 0.3994
vn -0.3821 0.8330 0.4001
vn 0.3347 0.8939 -0.2983
vn -0.3656 0.8758 -0.3151
vn -0.3661 0.8753 -0.3159
vn -0.3661 0.8757 -0.3149
vn -0.3654 0.8755 -0.3162
vn 0.3170 0.8520 0.4167
vn 0.3169 0.8528 0.4151
vn 0.3149 0.8524 0.4175
vn 0.3332 0.8947 -0.2975
vn 0.3333 0.8941 -0.2991
vn 0.3326 0.8937 -0.3013
vn 0.3325 0.8949 -0.2978
vn -0.3624 0.8768 -0.3159
vn -0.3640 0.8761 -0.3161
vn -0.3637 0.8768 -0.3145
vn -0.3625 0.8762 -0.3175
vn -0.3800 0.8349 0.3983
vn -0.3803 0.8340 0.3998
vn -0.3789 0.8339 0.4012
vn -0.3819 0.8338 0.3987
vn 0.3180 0.8518 0.4163
vn 0.3189 0.8514 0.4164
vn 0.3189 0.8514 0.4165
vn 0.3187 0.8519 0.4156
vn 0.3184 0.8512 0.4172
vn 0.3162 0.8529 0.4154
vn -0.3804 0.8340 0.3998
vn -0.3788 0.8347 0.3997
vn -0.3819 0.8693 -0.3137
vn -0.3805 0.8691 -0.3162
vn -0.3821 0.8691 -0.3143
vn -0.3982 0.8276 0.3957
vn -0.3983 0.8272 0.3963
vn -0.3964 0.8273 0.3979
vn -0.3821 0.8690 -0.3143
vn -0.3816 0.8694 -0.3140
vn -0.3978 0.8276 0.3960
vn 0.3515 0.8880 -0.2964
vn 0.3511 0.8882 -0.2963
vn 0.3353 0.8462 0.4141
vn 0.3350 0.8465 0.4139
vn 0.3513 0.8882 -0.2960
vn 0.3507 0.8876 -0.2987
vn 0.3333 0.8463 0.4156
vn 0.3353 0.8464 0.4137
vn -0.3927 0.8648 -0.3127
vn -0.3922 0.8649 -0.3133
vn -0.3929 0.8646 -0.3131
vn -0.4089 0.8233 0.3937
vn -0.4090 0.8230 0.3941
vn -0.4088 0.8228 0.3948
vn -0.3925 0.8648 -0.3130
vn -0.4087 0.8233 0.3939
vn 0.3625 0.8842 -0.2947
vn 0.3622 0.8844 -0.2945
vn 0.3464 0.8426 0.4125
vn 0.3460 0.8427 0.4124
vn 0.3625 0.8843 -0.2943
vn 0.3624 0.8841 -0.2950
vn 0.3459 0.8424 0.4131
vn 0.3461 0.8428 0.4122
vn -0.5533 0.7517 0.3589
vn -0.5535 0.7530 0.3559
vn -0.5561 0.7502 0.3578
vn -0.5401 0.7885 -0.2942
vn -0.5387 0.7910 -0.2900
vn -0.5381 0.7905 -0.2925
vn -0.5374 0.7915 -0.2910
vn -0.5388 0.7891 -0.2948
vn -0.5390 0.7905 -0.2909
vn -0.5540 0.7521 0.3568
vn -0.5550 0.7500 0.3597
vn -0.5523 0.7534 0.3568
vn -0.1968 0.9242 -0.3272
vn -0.1962 0.9247 -0.3262
vn -0.1940 0.9249 -0.3271
vn -0.2140 0.8788 0.4266
vn -0.2135 0.8806 0.4231
vn -0.2139 0.8800 0.4240
vn -0.1955 0.9244 -0.3274
vn -0.2128 0.8803 0.4240
vn 0.1461 0.8897 0.4326
vn 0.1473 0.8894 0.4328
vn 0.1645 0.9336 -0.3184
vn 0.1634 0.9339 -0.3180
vn 0.1469 0.8899 0.4318
vn 0.1453 0.8888 0.4346
vn 0.1641 0.9340 -0.3174
vn 0.1645 0.9336 -0.3185
vn 0.1625 0.9332 -0.3204
vn 0.4942 0.7801 0.3836
vn 0.4968 0.7775 0.3857
vn 0.4966 0.7793 0.3823
vn 0.4981 0.7773 0.3844
vn 0.4954 0.7802 0.3818
vn 0.4957 0.7788 0.3843
vn 0.5106 0.8181 -0.2645
vn 0.5130 0.8156 -0.2676
vn 0.5102 0.8176 -0.2670
vn 0.5116 0.8172 -0.2655
vn 0.5117 0.8160 -0.2689
vn 0.5094 0.8186 -0.2656
vn -0.0124 -0.4362 0.8998
vn -0.0106 -0.4362 0.8998
vn -0.0097 -0.4362 0.8998
vn -0.0122 -0.4354 0.9001
vn -0.0112 -0.4373 0.8992
vn -0.0328 0.3276 0.9442
vn -0.0314 0.3268 0.9446
vn -0.0315 0.3276 0.9443
vn -0.0306 0.3276 0.9443
vn -0.0327 0.3283 0.9440
vn -0.0323 0.3262 0.9448
vn -0.3517 -0.4187 0.8373
vn -0.3507 -0.4182 0.8379
vn 0.3318 -0.4010 0.8539
vn 0.3311 -0.4003 0.8545
vn -0.3516 -0.4176 0.8379
vn -0.3517 -0.4187 0.8372
vn -0.3486 -0.4198 0.8380
vn -0.3711 0.2980 0.8795
vn -0.3702 0.3023 0.8784
vn -0.3713 0.2990 0.8790
vn -0.3703 0.2986 0.8796
vn 0.3122 0.3167 0.8957
vn 0.3116 0.3157 0.8962
vn 0.3342 0.3136 0.8888
vn 0.3345 0.3146 0.8883
vn 0.3301 0.3170 0.8891
vn 0.3336 0.3143 0.8888
vn -0.3932 0.2957 0.8706
vn -0.3929 0.2947 0.8711
vn -0.3891 0.2985 0.8715
vn -0.3923 0.2954 0.8711
vn -0.3933 0.2957 0.8706
vn -0.3738 -0.4156 0.8292
vn -0.3730 -0.4150 0.8298
vn -0.3737 -0.4146 0.8297
vn -0.3739 -0.4156 0.8292
vn -0.3723 -0.4201 0.8276
vn 0.3532 -0.3962 0.8475
vn 0.3539 -0.3968 0.8469
vn 0.3540 -0.3968 0.8469
vn 0.3538 -0.3958 0.8474
vn 0.3510 -0.4009 0.8462
vn -0.3767 -0.4152 0.8281
vn 0.3566 -0.3959 0.8462
vn 0.3569 -0.3962 0.8459
vn 0.3569 -0.3957 0.8462
vn 0.3547 -0.3977 0.8462
vn -0.3745 -0.4169 0.8282
vn -0.3607 -0.4175 0.8340
vn -0.3598 -0.4177 0.8343
vn 0.3407 -0.3994 0.8512
vn 0.3398 -0.3993 0.8515
vn -0.3605 -0.4167 0.8345
vn -0.3602 -0.4183 0.8338
vn -0.3800 0.2968 0.8761
vn -0.3793 0.2982 0.8759
vn -0.3802 0.2977 0.8757
vn -0.3792 0.2976 0.8761
vn 0.3212 0.3159 0.8928
vn 0.3206 0.3152 0.8932
vn 0.3211 0.3149 0.8932
vn 0.3204 0.3166 0.8928
vn 0.3405 -0.3985 0.8516
vn 0.3400 -0.4001 0.8511
vn 0.3407 -0.3994 0.8511
vn -0.3586 -0.4178 0.8348
vn -0.3572 -0.4171 0.8357
vn 0.3388 -0.3997 0.8517
vn 0.3378 -0.3986 0.8526
vn -0.3584 -0.4162 0.8356
vn -0.3568 -0.4184 0.8353
vn -0.3780 0.2964 0.8771
vn -0.3775 0.2999 0.8761
vn -0.3781 0.2980 0.8765
vn 0.3386 -0.3982 0.8525
vn 0.3368 -0.4005 0.8521
vn 0.3189 0.3145 0.8941
vn 0.3192 0.3161 0.8934
vn 0.3185 0.3180 0.8930
vn 0.3176 0.3161 0.8940
vn -0.3771 0.2969 0.8773
vn -0.3961 0.2953 0.8695
vn -0.3951 0.2976 0.8691
vn 0.3372 0.3138 0.8876
vn 0.3375 0.3143 0.8873
vn 0.3366 0.3165 0.8869
vn 0.3370 0.3142 0.8875
vn -0.3872 -0.4131 0.8243
vn -0.3875 -0.4136 0.8239
vn -0.3873 -0.4142 0.8237
vn 0.3679 -0.3940 0.8423
vn 0.3675 -0.3938 0.8425
vn 0.3677 -0.3948 0.8420
vn -0.3869 -0.4134 0.8242
vn 0.3674 -0.3940 0.8425
vn -0.4063 0.2933 0.8654
vn -0.4068 0.2936 0.8650
vn 0.3486 0.3131 0.8834
vn 0.3482 0.3128 0.8837
vn -0.4066 0.2930 0.8653
vn -0.4062 0.2941 0.8652
vn 0.3486 0.3127 0.8836
vn 0.3480 0.3137 0.8835
vn 0.3317 -0.3999 0.8544
vn 0.3288 -0.4022 0.8545
vn 0.3319 -0.4010 0.8539
vn 0.3122 0.3155 0.8961
vn 0.3123 0.3167 0.8956
vn 0.3111 0.3198 0.8950
vn -0.1911 -0.4337 0.8806
vn -0.1899 -0.4331 0.8811
vn 0.1689 -0.4241 0.8897
vn 0.1702 -0.4243 0.8894
vn -0.1908 -0.4325 0.8812
vn -0.1911 -0.4336 0.8806
vn -0.1883 -0.4345 0.8807
vn -0.5320 -0.3856 0.7538
vn -0.5347 -0.3836 0.7529
vn -0.5342 -0.3872 0.7515
vn -0.5330 -0.3832 0.7544
vn -0.5355 -0.3863 0.7510
vn -0.5334 -0.3859 0.7527
vn -0.5540 0.2658 0.7890
vn -0.5508 0.2634 0.7920
vn -0.5507 0.2658 0.7913
vn -0.5498 0.2656 0.7920
vn -0.5528 0.2675 0.7892
vn -0.5525 0.2645 0.7904
vn -0.2116 0.3176 0.9243
vn -0.2114 0.3165 0.9247
vn -0.2106 0.3202 0.9236
vn -0.2108 0.3168 0.9248
vn 0.1497 0.3269 0.9331
vn 0.1487 0.3261 0.9336
vn 0.1470 0.3278 0.9332
vn 0.1495 0.3257 0.9336
vn 0.1697 -0.4232 0.8900
vn 0.1693 -0.4267 0.8884
vn 0.4984 0.2949 0.8152
vn 0.4967 0.2914 0.8176
vn 0.4991 0.2915 0.8160
vn 0.5141 -0.3570 0.7799
vn 0.5170 -0.3596 0.7768
vn 0.5163 -0.3563 0.7788
vn 0.4998 0.2940 0.8147
vn 0.4972 0.2934 0.8165
vn 0.4979 0.2904 0.8172
vn 0.5181 -0.3579 0.7768
vn 0.5154 -0.3557 0.7797
vn 0.5150 -0.3586 0.7786
vn -0.8960 -0.2204 0.3855
vn -0.8961 -0.2192 0.3859
vn -0.8963 -0.2231 0.3834
vn -0.8965 -0.2193 0.3851
vn -0.8951 -0.2218 0.3868
vn -0.8840 -0.4491 0.1300
vn -0.8841 -0.4502 0.1256
vn -0.8833 -0.4518 0.1252
vn -0.9054 0.1252 0.4056
vn -0.9067 0.1260 0.4025
vn -0.9293 0.1315 -0.3451
vn -0.9292 0.1342 -0.3444
vn -0.9291 0.1322 -0.3453
vn -0.9217 -0.1416 -0.3612
vn -0.9220 -0.1415 -0.3605
vn -0.9059 0.1280 0.4036
vn -0.9057 0.1241 0.4053
vn -0.8847 -0.4479 0.1290
vn -0.8837 -0.4511 0.1248
vn -0.8838 -0.4504 0.1268
vn -0.9069 0.3836 0.1743
vn -0.9065 0.3840 0.1754
vn -0.9066 0.3843 0.1743
vn -0.9069 0.3819 0.1780
vn -0.8987 0.4047 -0.1690
vn -0.8986 0.4044 -0.1702
vn -0.8998 0.4013 -0.1713
vn -0.9210 -0.3464 -0.1781
vn -0.9208 -0.3466 -0.1789
vn -0.9208 -0.3469 -0.1781
vn -0.9211 -0.3458 -0.1791
vn -0.9218 -0.1408 -0.3611
vn -0.9220 -0.1417 -0.3604
vn -0.9269 -0.3627 0.0971
vn -0.9274 -0.3619 0.0948
vn -0.9271 -0.3627 0.0950
vn -0.8986 0.4043 -0.1702
vn -0.8990 0.4041 -0.1690
vn -0.8981 0.4060 -0.1692
vn -0.9156 0.1476 -0.3740
vn -0.9158 0.1455 -0.3745
vn -0.9175 0.1432 -0.3709
vn -0.9264 0.3455 -0.1496
vn -0.9260 0.3459 -0.1513
vn -0.9262 0.3436 -0.1553
vn -0.9262 0.3453 -0.1516
vn -0.9267 0.3447 -0.1499
vn -0.9262 0.3465 -0.1487
vn -0.9337 0.3243 0.1516
vn -0.9324 0.3299 0.1477
vn -0.9335 0.3271 0.1471
vn -0.9328 0.3293 0.1462
vn -0.9349 0.3236 0.1456
vn -0.9330 0.3274 0.1491
vn -0.9078 -0.1507 -0.3915
vn -0.9074 -0.1532 -0.3915
vn -0.9097 -0.1504 -0.3872
vn -0.9322 0.1031 0.3469
vn -0.9318 0.1052 0.3474
vn -0.9330 0.1080 0.3433
vn -0.9061 -0.3762 -0.1936
vn -0.9067 -0.3756 -0.1918
vn -0.9074 -0.3718 -0.1961
vn -0.9069 -0.3751 -0.1918
vn -0.9064 -0.3752 -0.1940
vn -0.9056 -0.3777 -0.1928
vn -0.9135 -0.3929 0.1059
vn -0.9138 -0.3921 0.1056
vn -0.9134 -0.3938 0.1034
vn -0.9181 0.3614 0.1628
vn -0.9184 0.3601 0.1642
vn -0.9181 0.3597 0.1664
vn -0.9108 0.3794 -0.1627
vn -0.9107 0.3800 -0.1622
vn -0.9097 0.3824 -0.1620
vn -0.9182 0.3603 0.1647
vn -0.9179 0.3617 0.1630
vn -0.9184 0.3604 0.1631
vn -0.9136 -0.3929 0.1050
vn -0.9144 -0.3897 0.1096
vn -0.9242 -0.1931 0.3295
vn -0.9259 -0.1925 0.3250
vn -0.9241 -0.1942 0.3292
vn -0.9107 0.3796 -0.1629
vn -0.9110 0.3795 -0.1613
vn -0.8899 -0.1625 -0.4263
vn -0.8903 -0.1641 -0.4248
vn -0.8905 -0.1623 -0.4251
vn -0.8991 0.1619 -0.4067
vn -0.8993 0.1635 -0.4057
vn -0.8981 0.1639 -0.4082
vn -0.8905 -0.1636 -0.4245
vn -0.8902 -0.1621 -0.4258
vn -0.8897 -0.1656 -0.4255
vn -0.8990 0.1652 -0.4057
vn -0.8991 0.1629 -0.4063
vn -0.8993 0.1619 -0.4062
vn -0.9321 0.1056 0.3466
vn -0.9325 0.1033 0.3460
vn -0.9315 0.1035 0.3488
vn -0.9240 -0.1942 0.3293
vn -0.9239 -0.1924 0.3308
vn -0.9245 -0.1936 0.3284
vn -0.8876 -0.1633 -0.4308
vn -0.8873 -0.1653 -0.4306
vn -0.8877 -0.1666 -0.4292
vn -0.8966 0.1636 -0.4115
vn -0.8972 0.1657 -0.4093
vn -0.8963 0.1656 -0.4113
vn -0.8874 -0.1654 -0.4302
vn -0.8879 -0.1633 -0.4302
vn -0.8868 -0.1634 -0.4323
vn -0.9346 0.1046 0.3399
vn -0.9349 0.1019 0.3401
vn -0.9348 0.1017 0.3404
vn -0.9159 0.3645 0.1681
vn -0.9147 0.3674 0.1683
vn -0.9159 0.3659 0.1647
vn -0.9269 -0.1936 0.3215
vn -0.9267 -0.1912 0.3234
vn -0.9269 -0.1913 0.3230
vn -0.8965 0.1657 -0.4109
vn -0.8955 0.1670 -0.4125
vn -0.8971 0.1638 -0.4103
vn -0.9083 0.3842 -0.1657
vn -0.9085 0.3852 -0.1621
vn -0.9079 0.3866 -0.1619
vn -0.9268 -0.1910 0.3233
vn -0.9276 -0.1920 0.3205
vn -0.9268 -0.1936 0.3219
vn -0.9154 0.3675 0.1645
vn -0.9163 0.3638 0.1672
vn -0.9155 0.3662 0.1667
vn -0.9088 0.3834 -0.1649
vn -0.9083 0.3859 -0.1615
vn -0.9081 0.3851 -0.1645
vn -0.9165 -0.3865 0.1036
vn -0.9156 -0.3882 0.1051
vn -0.9175 -0.3840 0.1034
vn -0.9161 -0.3866 0.1060
vn -0.9162 -0.3870 0.1034
vn -0.9098 -0.3692 -0.1897
vn -0.9097 -0.3680 -0.1922
vn -0.9097 -0.3696 -0.1892
vn -0.9093 -0.3691 -0.1924
vn -0.9098 -0.3680 -0.1921
vn -0.9107 -0.1492 -0.3852
vn -0.9096 -0.1513 -0.3869
vn -0.9118 -0.1481 -0.3831
vn -0.9111 -0.1516 -0.3833
vn -0.9107 -0.1497 -0.3850
vn -0.9106 -0.1493 -0.3854
vn -0.8967 -0.4263 0.1190
vn -0.8970 -0.4261 0.1176
vn -0.8964 -0.4274 0.1175
vn -0.8893 -0.4079 -0.2070
vn -0.8893 -0.4069 -0.2087
vn -0.8886 -0.4078 -0.2102
vn -0.8970 -0.4259 0.1185
vn -0.8966 -0.4271 0.1173
vn -0.8956 -0.4286 0.1189
vn -0.8895 -0.4073 -0.2071
vn -0.8891 -0.4067 -0.2101
vn -0.8886 -0.4086 -0.2085
vn -0.9071 -0.2107 0.3644
vn -0.9082 -0.2088 0.3627
vn -0.9085 -0.2099 0.3614
vn -0.9083 -0.2088 0.3624
vn -0.9078 -0.2121 0.3617
vn -0.9078 -0.2101 0.3630
vn -0.9171 0.1155 0.3816
vn -0.9165 0.1190 0.3820
vn -0.9172 0.1174 0.3807
vn -0.9160 0.1456 -0.3737
vn -0.9157 0.1476 -0.3737
vn -0.9154 0.1447 -0.3757
vn -0.9170 0.1191 0.3806
vn -0.9173 0.1155 0.3811
vn -0.9166 0.1174 0.3823
vn -0.9076 -0.1532 -0.3910
vn -0.9081 -0.1515 -0.3904
vn -0.9067 -0.1510 -0.3937
vn -0.9055 -0.2124 0.3673
vn -0.9059 -0.2102 0.3677
vn -0.9058 -0.2135 0.3660
vn -0.9148 0.1166 0.3866
vn -0.9145 0.1185 0.3869
vn -0.9154 0.1189 0.3847
vn -0.9062 -0.2103 0.3667
vn -0.9057 -0.2124 0.3670
vn -0.9045 -0.2138 0.3689
vn -0.8941 -0.4309 0.1220
vn -0.8944 -0.4314 0.1183
vn -0.8935 -0.4334 0.1178
vn -0.9147 0.1189 0.3863
vn -0.9153 0.1170 0.3854
vn -0.9147 0.1158 0.3873
vn -0.8945 -0.4302 0.1215
vn -0.8939 -0.4327 0.1173
vn -0.8936 -0.4323 0.1209
vn -0.9187 0.1436 -0.3680
vn -0.9188 0.1462 -0.3667
vn -0.9185 0.1435 -0.3685
vn -0.8862 -0.4139 -0.2082
vn -0.8873 -0.4103 -0.2106
vn -0.8860 -0.4127 -0.2112
vn -0.9286 0.3389 -0.1513
vn -0.9293 0.3383 -0.1480
vn -0.9289 0.3396 -0.1478
vn -0.9357 0.3206 0.1473
vn -0.9355 0.3224 0.1442
vn -0.9360 0.3210 0.1444
vn -0.9291 0.3389 -0.1478
vn -0.9281 0.3408 -0.1502
vn -0.9298 0.3365 -0.1493
vn -0.9183 0.1464 -0.3678
vn -0.9195 0.1440 -0.3657
vn -0.8867 -0.4109 -0.2120
vn -0.8852 -0.4146 -0.2110
vn -0.8871 -0.4115 -0.2090
vn -0.9352 0.3220 0.1473
vn -0.9358 0.3216 0.1441
vn -0.9363 0.3194 0.1461
vn -0.9341 0.1040 0.3415
vn -0.9357 0.1017 0.3377
vn -0.8866 0.1772 -0.4272
vn -0.8854 0.1747 -0.4307
vn -0.8869 0.1732 -0.4283
vn -0.8770 -0.1701 -0.4494
vn -0.8770 -0.1713 -0.4490
vn -0.8783 -0.1721 -0.4460
vn -0.8861 0.1727 -0.4302
vn -0.8872 0.1763 -0.4263
vn -0.8864 0.1743 -0.4289
vn -0.8763 -0.4278 -0.2214
vn -0.8748 -0.4314 -0.2203
vn -0.8764 -0.4295 -0.2178
vn -0.8773 -0.1701 -0.4488
vn -0.8770 -0.1691 -0.4497
vn -0.8755 -0.4317 -0.2172
vn -0.8773 -0.4270 -0.2192
vn -0.8759 -0.4301 -0.2188
vn -0.9365 -0.1825 0.2993
vn -0.9368 -0.1805 0.2998
vn -0.9370 -0.1799 0.2995
vn -0.9439 0.0956 0.3162
vn -0.9445 0.0930 0.3152
vn -0.9442 0.0933 0.3158
vn -0.9362 -0.1824 0.3005
vn -0.9368 -0.1798 0.3000
vn -0.9370 -0.1803 0.2992
vn -0.9272 -0.3626 0.0942
vn -0.9265 -0.3638 0.0967
vn -0.9272 -0.3622 0.0954
vn -0.9451 0.2983 0.1334
vn -0.9454 0.2976 0.1331
vn -0.9451 0.2973 0.1355
vn -0.9443 0.0926 0.3157
vn -0.9435 0.0948 0.3174
vn -0.9444 0.0938 0.3152
vn -0.9288 0.1344 -0.3454
vn -0.9291 0.1315 -0.3456
vn -0.9294 0.1318 -0.3447
vn -0.9388 0.3144 -0.1404
vn -0.9381 0.3160 -0.1417
vn -0.9390 0.3138 -0.1408
vn -0.9389 0.3144 -0.1404
vn -0.9388 0.3141 -0.1411
vn -0.9390 0.3143 -0.1400
vn -0.9452 0.2977 0.1339
vn -0.9452 0.2980 0.1331
vn -0.8000 -0.5747 0.1725
vn -0.8006 -0.5736 0.1733
vn -0.8015 -0.5729 0.1713
vn -0.8008 -0.5735 0.1728
vn -0.8002 -0.5745 0.1722
vn -0.7988 -0.5763 0.1725
vn -0.8170 -0.2744 0.5071
vn -0.8157 -0.2787 0.5069
vn -0.8158 -0.2767 0.5078
vn -0.8149 -0.2782 0.5086
vn -0.8161 -0.2744 0.5085
vn -0.8166 -0.2769 0.5064
vn -0.9736 -0.2239 0.0450
vn -0.9735 -0.2241 0.0453
vn -0.9736 -0.2233 0.0476
vn -0.9795 -0.1178 0.1635
vn -0.9792 -0.1171 0.1657
vn -0.9792 -0.1167 0.1658
vn -0.7900 -0.5480 -0.2750
vn -0.7905 -0.5471 -0.2753
vn -0.7900 -0.5469 -0.2771
vn -0.7901 -0.5474 -0.2758
vn -0.7900 -0.5480 -0.2749
vn -0.7911 -0.5474 -0.2731
vn -0.9704 -0.2123 -0.1154
vn -0.9698 -0.2147 -0.1155
vn -0.8284 0.1687 0.5341
vn -0.8270 0.1718 0.5354
vn -0.8285 0.1721 0.5328
vn -0.7912 -0.2153 -0.5724
vn -0.7925 -0.2111 -0.5721
vn -0.7914 -0.2129 -0.5730
vn -0.9703 -0.0943 -0.2226
vn -0.9708 -0.0950 -0.2204
vn -0.7920 -0.2135 -0.5719
vn -0.7917 -0.2107 -0.5734
vn -0.7902 -0.2147 -0.5740
vn -0.9836 0.0437 0.1750
vn -0.9838 0.0455 0.1736
vn -0.8277 0.1733 0.5338
vn -0.8292 0.1691 0.5327
vn -0.8283 0.1710 0.5336
vn -0.9844 0.1621 0.0691
vn -0.9841 0.1641 0.0679
vn -0.9749 0.0685 -0.2118
vn -0.9747 0.0666 -0.2133
vn -0.9804 0.1736 -0.0929
vn -0.9806 0.1717 -0.0944
vn -0.8022 0.2353 -0.5487
vn -0.8038 0.2324 -0.5476
vn -0.8040 0.2356 -0.5460
vn -0.8046 0.2327 -0.5463
vn -0.8029 0.2369 -0.5470
vn -0.8036 0.2346 -0.5469
vn -0.8297 0.5061 0.2355
vn -0.8302 0.5052 0.2356
vn -0.8286 0.5069 0.2375
vn -0.8199 0.5316 -0.2125
vn -0.8195 0.5324 -0.2120
vn -0.8183 0.5335 -0.2138
vn -0.8196 0.5319 -0.2130
vn -0.8205 0.5315 -0.2102
vn -0.8308 0.5052 0.2337
vn -0.8300 0.5053 0.2362
vn 0.0148 -0.9445 0.3282
vn 0.0165 -0.9447 0.3274
vn 0.0164 -0.9444 0.3282
vn 0.0339 -0.8995 -0.4356
vn 0.0323 -0.8999 -0.4349
vn 0.0332 -0.8989 -0.4370
vn 0.0321 -0.8996 -0.4356
vn 0.0348 -0.8996 -0.4354
vn 0.0173 -0.9444 0.3282
vn 0.0149 -0.9442 0.3290
vn 0.0157 -0.9450 0.3267
vn -0.3260 -0.8968 0.2990
vn -0.3231 -0.8971 0.3013
vn -0.3263 -0.8964 0.3001
vn -0.3252 -0.8969 0.2996
vn 0.3573 -0.8786 0.3168
vn 0.3562 -0.8791 0.3167
vn 0.3660 -0.8757 0.3150
vn 0.3660 -0.8754 0.3159
vn 0.3655 -0.8753 0.3167
vn 0.3822 -0.8338 -0.3984
vn 0.3816 -0.8334 -0.3999
vn 0.3823 -0.8333 -0.3994
vn 0.3954 -0.8284 -0.3969
vn 0.3950 -0.8289 -0.3961
vn 0.3924 -0.8278 -0.4010
vn -0.3321 -0.8476 -0.4138
vn -0.3324 -0.8471 -0.4146
vn -0.3281 -0.8476 -0.4170
vn -0.3324 -0.8471 -0.4145
vn -0.3316 -0.8475 -0.4143
vn 0.3946 -0.8289 -0.3966
vn 0.3954 -0.8284 -0.3968
vn 0.3792 -0.8702 0.3146
vn 0.3785 -0.8707 0.3140
vn -0.3480 -0.8894 0.2963
vn -0.3487 -0.8890 0.2968
vn -0.3485 -0.8893 0.2960
vn -0.3445 -0.8897 0.2995
vn 0.3791 -0.8706 0.3136
vn 0.3759 -0.8702 0.3185
vn 0.3638 -0.8768 0.3146
vn 0.3641 -0.8761 0.3161
vn 0.3635 -0.8756 0.3182
vn 0.3804 -0.8347 -0.3982
vn 0.3784 -0.8346 -0.4004
vn 0.3805 -0.8339 -0.3997
vn 0.3800 -0.8348 -0.3984
vn -0.3169 -0.8520 -0.4167
vn -0.3161 -0.8529 -0.4155
vn 0.3983 -0.8272 -0.3963
vn 0.3982 -0.8274 -0.3960
vn 0.3975 -0.8265 -0.3987
vn 0.3820 -0.8692 0.3139
vn 0.3821 -0.8690 0.3143
vn 0.3813 -0.8685 0.3167
vn 0.3819 -0.8692 0.3141
vn 0.3981 -0.8274 -0.3962
vn -0.3515 -0.8880 0.2964
vn -0.3505 -0.8876 0.2989
vn -0.3353 -0.8462 -0.4141
vn -0.3328 -0.8468 -0.4149
vn -0.3353 -0.8937 0.2980
vn -0.3349 -0.8933 0.2997
vn -0.3353 -0.8934 0.2988
vn -0.3189 -0.8519 -0.4155
vn -0.3190 -0.8514 -0.4164
vn -0.3182 -0.8515 -0.4169
vn -0.3182 -0.8519 -0.4160
vn 0.3816 -0.8339 -0.3988
vn -0.3351 -0.8938 0.2980
vn 0.3655 -0.8758 0.3153
vn -0.3329 -0.8948 0.2975
vn -0.3312 -0.8946 0.2999
vn -0.3332 -0.8941 0.2991
vn -0.3317 -0.8949 0.2984
vn 0.3625 -0.8768 0.3160
vn -0.3168 -0.8528 -0.4152
vn -0.3161 -0.8513 -0.4187
vn 0.3737 -0.8364 -0.4010
vn 0.3730 -0.8371 -0.4002
vn -0.3099 -0.8541 -0.4177
vn -0.3093 -0.8548 -0.4168
vn 0.3735 -0.8370 -0.3999
vn 0.3704 -0.8372 -0.4023
vn 0.3736 -0.8364 -0.4010
vn -0.3098 -0.8547 -0.4166
vn -0.3087 -0.8530 -0.4207
vn 0.3570 -0.8791 0.3157
vn 0.3572 -0.8787 0.3168
vn 0.3560 -0.8780 0.3200
vn -0.3625 -0.8842 0.2947
vn -0.3624 -0.8845 0.2939
vn -0.3619 -0.8843 0.2951
vn -0.3619 -0.8845 0.2943
vn -0.3464 -0.8426 -0.4125
vn -0.3456 -0.8429 -0.4124
vn -0.3459 -0.8430 -0.4120
vn -0.3463 -0.8426 -0.4125
vn -0.3458 -0.8425 -0.4131
vn 0.3929 -0.8646 0.3131
vn 0.3922 -0.8650 0.3130
vn 0.4084 -0.8235 -0.3937
vn 0.4091 -0.8230 -0.3941
vn 0.3924 -0.8651 0.3125
vn 0.3922 -0.8648 0.3135
vn 0.4090 -0.8234 -0.3933
vn 0.4089 -0.8227 -0.3949
vn -0.1633 -0.9340 0.3179
vn -0.1644 -0.9336 0.3184
vn 0.1968 -0.9242 0.3272
vn 0.1958 -0.9247 0.3264
vn 0.1942 -0.9245 0.3281
vn 0.1966 -0.9247 0.3260
vn -0.1645 -0.9336 0.3184
vn -0.1641 -0.9340 0.3172
vn -0.1626 -0.9333 0.3203
vn -0.5098 -0.8185 0.2649
vn -0.5117 -0.8160 0.2688
vn -0.5117 -0.8172 0.2654
vn -0.1469 -0.8900 -0.4316
vn -0.1473 -0.8894 -0.4328
vn -0.1453 -0.8888 -0.4346
vn -0.1459 -0.8897 -0.4325
vn 0.2127 -0.8804 -0.4238
vn 0.2139 -0.8800 -0.4240
vn 0.2135 -0.8806 -0.4230
vn 0.2130 -0.8791 -0.4264
vn -0.4946 -0.7804 -0.3826
vn -0.4966 -0.7793 -0.3821
vn -0.4967 -0.7775 -0.3856
vn -0.5129 -0.8157 0.2676
vn -0.5109 -0.8180 0.2643
vn -0.5105 -0.8172 0.2675
vn -0.4958 -0.7801 -0.3815
vn -0.4980 -0.7773 -0.3844
vn -0.4953 -0.7793 -0.3840
vn 0.5391 -0.7890 0.2946
vn 0.5371 -0.7914 0.2918
vn 0.5399 -0.7898 0.2912
vn 0.5520 -0.7530 -0.3581
vn 0.5547 -0.7502 -0.3599
vn 0.5542 -0.7521 -0.3567
vn 0.5559 -0.7501 -0.3582
vn 0.5531 -0.7531 -0.3563
vn 0.5533 -0.7517 -0.3589
vn 0.5404 -0.7885 0.2937
vn 0.5380 -0.7905 0.2926
vn 0.5384 -0.7912 0.2901
vn 0.0324 -0.3275 -0.9443
vn 0.0303 -0.3283 -0.9441
vn 0.0307 -0.3261 -0.9448
vn 0.0302 -0.3277 -0.9443
vn 0.0316 -0.3268 -0.9446
vn 0.0315 -0.3277 -0.9443
vn 0.0106 0.4361 -0.8998
vn 0.0098 0.4347 -0.9005
vn 0.0100 0.4372 -0.8993
vn 0.0088 0.4360 -0.8999
vn 0.0106 0.4362 -0.8998
vn 0.0115 0.4361 -0.8998
vn -0.3317 0.4010 -0.8539
vn -0.3310 0.4002 -0.8546
vn 0.3518 0.4187 -0.8372
vn 0.3511 0.4178 -0.8380
vn 0.3737 0.4156 -0.8292
vn 0.3735 0.4149 -0.8297
vn 0.3706 0.4196 -0.8286
vn 0.3729 0.4154 -0.8297
vn 0.3931 -0.2957 -0.8706
vn 0.3925 -0.2952 -0.8711
vn 0.3930 -0.2949 -0.8710
vn 0.3901 -0.2999 -0.8706
vn -0.3540 0.3968 -0.8469
vn -0.3530 0.3966 -0.8474
vn -0.3339 -0.3138 -0.8888
vn -0.3346 -0.3146 -0.8883
vn -0.3536 0.3959 -0.8475
vn -0.3541 0.3968 -0.8469
vn -0.3542 0.4012 -0.8447
vn -0.3345 -0.3135 -0.8887
vn -0.3333 -0.3192 -0.8872
vn 0.3799 -0.2967 -0.8761
vn 0.3801 -0.2977 -0.8757
vn 0.3795 -0.2983 -0.8758
vn 0.3604 0.4167 -0.8345
vn 0.3600 0.4180 -0.8341
vn 0.3606 0.4175 -0.8341
vn 0.3598 0.4174 -0.8345
vn -0.3408 0.3993 -0.8511
vn -0.3398 0.3993 -0.8515
vn -0.3406 0.3984 -0.8516
vn -0.3400 0.3998 -0.8512
vn -0.3212 -0.3149 -0.8931
vn -0.3208 -0.3166 -0.8926
vn -0.3213 -0.3159 -0.8928
vn 0.3782 -0.2980 -0.8764
vn 0.3767 -0.2985 -0.8769
vn -0.3191 -0.3161 -0.8934
vn -0.3175 -0.3161 -0.8940
vn 0.3778 -0.2966 -0.8771
vn 0.3782 -0.2999 -0.8758
vn 0.3960 -0.2948 -0.8696
vn 0.3961 -0.2953 -0.8695
vn 0.3939 -0.2969 -0.8699
vn 0.3584 0.4163 -0.8357
vn 0.3569 0.4177 -0.8355
vn 0.3587 0.4177 -0.8348
vn 0.3587 0.4178 -0.8348
vn 0.3570 0.4179 -0.8354
vn -0.3386 0.3997 -0.8518
vn -0.3376 0.3987 -0.8527
vn -0.3385 0.3982 -0.8526
vn -0.3387 0.3997 -0.8518
vn -0.3381 0.4015 -0.8512
vn -0.3188 -0.3145 -0.8941
vn -0.3173 -0.3166 -0.8939
vn -0.3192 -0.3161 -0.8934
vn -0.3375 -0.3143 -0.8873
vn -0.3374 -0.3168 -0.8864
vn -0.3212 -0.3159 -0.8928
vn -0.3204 -0.3154 -0.8932
vn 0.3791 -0.2975 -0.8762
vn -0.3569 0.3962 -0.8459
vn -0.3555 0.3983 -0.8456
vn 0.3763 0.4151 -0.8283
vn 0.3767 0.4152 -0.8281
vn 0.3957 -0.2950 -0.8697
vn 0.3765 0.4148 -0.8283
vn 0.3747 0.4167 -0.8283
vn 0.3518 0.4174 -0.8378
vn 0.3487 0.4198 -0.8380
vn 0.3711 -0.2979 -0.8795
vn 0.3714 -0.2990 -0.8790
vn 0.3704 -0.3022 -0.8784
vn 0.3702 -0.2990 -0.8795
vn -0.3122 -0.3167 -0.8957
vn -0.3110 -0.3168 -0.8961
vn -0.3118 -0.3156 -0.8962
vn -0.3113 -0.3199 -0.8949
vn -0.3316 0.3999 -0.8545
vn -0.3318 0.4010 -0.8539
vn -0.3286 0.4019 -0.8547
vn -0.3486 -0.3131 -0.8834
vn -0.3485 -0.3124 -0.8837
vn -0.3481 -0.3138 -0.8834
vn -0.3480 -0.3127 -0.8838
vn 0.4066 -0.2932 -0.8653
vn 0.4068 -0.2936 -0.8650
vn 0.4061 -0.2939 -0.8652
vn 0.4064 -0.2935 -0.8653
vn -0.3679 0.3940 -0.8423
vn -0.3672 0.3940 -0.8426
vn 0.3872 0.4134 -0.8241
vn 0.3876 0.4136 -0.8239
vn -0.3674 0.3936 -0.8427
vn -0.3678 0.3947 -0.8419
vn 0.3875 0.4132 -0.8241
vn 0.3873 0.4138 -0.8239
vn -0.1486 -0.3261 -0.9336
vn -0.1497 -0.3269 -0.9331
vn 0.2116 -0.3176 -0.9243
vn 0.2106 -0.3169 -0.9248
vn -0.4996 -0.2942 -0.8147
vn -0.4975 -0.2905 -0.8174
vn -0.4976 -0.2936 -0.8162
vn -0.5151 0.3559 -0.7798
vn -0.5182 0.3577 -0.7768
vn -0.5148 0.3583 -0.7788
vn -0.4963 -0.2924 -0.8175
vn -0.4983 -0.2950 -0.8153
vn -0.4992 -0.2914 -0.8160
vn -0.1495 -0.3256 -0.9336
vn -0.1469 -0.3274 -0.9334
vn -0.5140 0.3578 -0.7796
vn -0.5170 0.3570 -0.7780
vn -0.5171 0.3595 -0.7768
vn -0.1701 0.4231 -0.8900
vn -0.1702 0.4243 -0.8894
vn -0.1697 0.4268 -0.8883
vn -0.1695 0.4233 -0.8900
vn 0.1901 0.4332 -0.8810
vn 0.1911 0.4336 -0.8806
vn 0.5321 0.3849 -0.7542
vn 0.5342 0.3872 -0.7515
vn 0.5346 0.3837 -0.7529
vn 0.1908 0.4326 -0.8812
vn 0.1884 0.4345 -0.8807
vn 0.2106 -0.3201 -0.9237
vn 0.2114 -0.3164 -0.9248
vn 0.5355 0.3862 -0.7510
vn 0.5333 0.3830 -0.7543
vn 0.5334 0.3858 -0.7527
vn 0.5527 -0.2674 -0.7893
vn 0.5503 -0.2643 -0.7920
vn 0.5526 -0.2643 -0.7905
vn 0.5539 -0.2658 -0.7890
vn 0.5507 -0.2658 -0.7912
vn 0.5514 -0.2633 -0.7916
vn 0.8096 -0.3882 -0.4403
vn 0.7800 0.5973 -0.1865
vn 0.7831 -0.2392 0.5741
vn 0.7661 0.4289 0.4786
vn 0.8019 -0.5758 0.1595
vn 0.8024 0.1095 -0.5867
vn 0.7621 0.4321 0.4822
vn 0.7985 -0.5232 0.2977
vn 0.7992 0.2479 -0.5476
vn 0.7793 -0.0843 0.6210
vn 0.8060 -0.3915 -0.4440
vn 0.7814 0.5956 -0.1863
vn 0.9774 0.1625 0.1348
vn 0.5024 -0.8646 -0.0050
vn 0.7664 -0.2505 -0.5916
vn 0.7312 -0.3751 0.5697
vn 0.4950 -0.8421 -0.2140
vn 0.9843 0.1489 0.0947
vn 0.9275 -0.2012 0.3150
vn 0.7424 0.4765 -0.4709
vn 0.7219 0.4235 0.5473
vn 0.8322 -0.1553 0.5323
vn 0.8547 -0.3405 -0.3918
vn 0.8507 0.2388 -0.4684
vn 0.8565 0.0533 -0.5133
vn 0.8156 0.5756 0.0583
vn 0.8507 -0.5058 0.1428
vn 0.6373 0.7515 -0.1707
vn 0.8135 0.1058 0.5719
vn 0.8596 0.1149 -0.4978
vn 0.7451 0.4378 -0.5032
vn 0.6704 0.4972 0.5508
vn 0.7426 0.0667 0.6664
vn 0.5728 0.7880 0.2258
vn 0.9636 -0.2543 0.0821
vn 0.8583 -0.0945 -0.5044
vn 0.5057 0.7972 -0.3298
vn 0.8905 -0.1075 0.4421
vn 0.9390 -0.1993 -0.2803
vn 0.6723 0.6154 -0.4115
vn 0.6785 0.2289 0.6980
vn 0.9268 -0.3111 -0.2104
vn 0.9680 -0.2510 -0.0021
vn 0.5790 0.8139 -0.0480
vn 0.6417 0.3194 0.6973
vn 0.9334 -0.1221 -0.3373
vn 0.4563 0.8504 0.2619
vn 0.9539 -0.2776 0.1138
vn 0.2978 0.9406 0.1632
vn 0.9951 0.0555 -0.0818
vn 0.6722 0.5173 -0.5297
vn 0.6317 0.4403 0.6381
vn 0.9966 0.0317 -0.0756
vn 0.3219 0.9464 0.0276
vn 0.6837 -0.4069 -0.6058
vn 0.9920 0.0194 0.1249
vn 0.3714 -0.9284 -0.0108
vn 0.6718 -0.4822 0.5624
vn 0.3541 -0.9233 -0.1487
vn 0.9893 -0.0078 0.1459
vn 0.7621 0.4320 0.4822
vn 0.7984 -0.5260 0.2930
vn 0.7988 0.2503 -0.5470
vn 0.7790 -0.0833 0.6215
vn 0.7810 0.5975 -0.1817
vn 0.9820 -0.1517 0.1121
vn 0.1920 -0.9799 -0.0533
vn 0.6031 -0.5099 -0.6135
vn 0.5780 -0.5939 0.5596
vn 0.1830 -0.9690 -0.1661
vn 0.6259 -0.5287 -0.5733
vn 0.7879 -0.5687 0.2363
vn 0.8002 0.0063 -0.5998
vn 0.8024 0.2434 0.5448
vn 0.8302 0.0550 -0.5547
vn 0.8076 0.0003 0.5897
vn 0.8031 -0.5894 -0.0872
vn 0.8303 -0.5173 0.2073
vn 0.8364 -0.2495 -0.4879
vn 0.6108 0.7746 0.1638
vn 0.6088 0.3295 0.7217
vn 0.8328 -0.5535 -0.0136
vn 0.7091 0.3865 -0.5897
vn 0.7751 0.6298 -0.0513
vn 0.7359 -0.3762 0.5630
vn 0.7928 -0.4847 -0.3694
vn 0.7557 -0.6535 0.0423
vn 0.7931 0.3537 -0.4959
vn 0.7799 0.5535 0.2921
vn 0.9032 0.0780 0.4221
vn 0.7829 0.3605 -0.5070
vn 0.3373 0.9372 0.0885
vn 0.9366 0.1327 -0.3244
vn 0.1004 0.9834 -0.1508
vn 0.3738 0.8756 0.3060
vn 0.3102 0.7305 0.6084
vn 0.9835 0.1467 0.1054
vn 0.3504 0.7575 -0.5508
vn 0.9287 0.2372 -0.2850
vn 0.1272 0.9519 0.2787
vn 0.9957 0.0883 -0.0286
vn 0.9132 0.0923 0.3970
vn 0.3147 0.9286 -0.1964
vn 0.1199 0.9610 0.2492
vn 0.2764 0.9600 0.0440
vn 0.7385 0.3216 0.5926
vn 0.8984 0.1673 -0.4060
vn 0.1231 0.9792 0.1612
vn 0.9747 0.2196 0.0417
vn 0.5731 0.6237 -0.5315
vn 0.5347 0.5497 0.6418
vn 0.9772 0.2025 -0.0644
vn 0.1383 0.9885 0.0613
vn 0.7985 -0.5239 0.2965
vn 0.7991 0.2485 -0.5475
vn 0.7792 -0.0841 0.6211
vn 0.7813 0.5961 -0.1851
vn 0.5796 0.8108 0.0822
vn -0.3984 0.8217 -0.4076
vn -0.5573 0.7901 0.2551
vn -0.6074 0.7939 -0.0279
vn 0.5183 0.7956 0.3136
vn 0.4171 0.8104 -0.4114
vn 0.2915 0.8346 -0.4675
vn -0.5930 0.8052 -0.0048
vn 0.1045 0.7468 0.6568
vn -0.4279 0.7649 0.4815
vn 0.5906 0.7882 0.1730
vn -0.4754 0.8258 -0.3035
vn -0.6082 0.7913 0.0638
vn 0.4073 0.7978 0.4446
vn 0.5660 0.8158 -0.1187
vn -0.2142 0.7708 0.6000
vn 0.5889 0.8064 0.0546
vn -0.2986 0.8139 -0.4985
vn -0.6292 0.7743 0.0672
vn 0.4026 0.7740 0.4887
vn 0.1870 0.8455 -0.5001
vn -0.1388 0.7543 0.6417
vn 0.5644 0.8249 0.0311
vn -0.0326 0.8435 -0.5361
vn 0.6306 0.7250 0.2769
vn -0.0665 0.8510 -0.5209
vn -0.0890 0.7425 0.6639
vn -0.5611 0.8155 -0.1421
vn 0.0143 0.6817 0.7315
vn 0.6720 0.7353 -0.0876
vn 0.5317 0.8441 0.0688
vn -0.4485 0.7594 -0.4713
vn -0.6876 0.7256 0.0270
vn -0.6874 0.7261 -0.0120
vn 0.5077 0.8352 0.2115
vn 0.4835 0.8559 -0.1836
vn -0.7338 0.4444 0.5138
vn -0.0741 0.9871 -0.1417
vn -0.5750 0.5840 -0.5730
vn -0.7726 0.4809 -0.4146
vn -0.9442 0.3048 0.1247
vn -0.1243 0.9232 0.3638
vn -0.3024 0.7836 0.5426
vn -0.5359 0.6590 -0.5278
vn -0.6146 0.5571 0.5584
vn -0.4896 0.6429 0.5890
vn -0.3538 0.7892 -0.5020
vn -0.8479 0.4192 -0.3245
vn -0.9500 0.3067 -0.0582
vn -0.6492 0.5300 0.5456
vn -0.0796 0.9792 -0.1867
vn -0.0688 0.9740 0.2159
vn -0.8421 0.3994 -0.3623
vn -0.8279 0.3518 0.4369
vn -0.6523 0.7250 0.2209
vn 0.4225 0.7432 0.5187
vn 0.4933 0.7796 -0.3859
vn -0.0527 0.7136 0.6986
vn 0.6479 0.7617 -0.0074
vn -0.3409 0.8432 -0.4156
vn -0.9865 0.1402 0.0844
vn -0.1920 0.9800 0.0526
vn -0.1771 0.9828 -0.0523
vn -0.6045 0.5258 0.5984
vn -0.1730 0.9835 0.0533
vn -0.9798 0.1781 -0.0914
vn 0.7286 0.6457 0.2285
vn -0.0023 0.6734 -0.7392
vn -0.7168 0.6833 0.1388
vn -0.7658 0.6168 -0.1821
vn 0.0954 0.5924 0.8000
vn 0.6122 0.7413 -0.2752
vn 0.2613 0.7585 0.5970
vn -0.1222 0.8157 -0.5654
vn -0.6251 0.7679 0.1401
vn -0.5251 0.7902 -0.3159
vn -0.0116 0.7471 0.6646
vn 0.2959 0.8289 -0.4748
vn -0.6242 0.7680 0.1431
vn 0.2957 0.8290 -0.4746
vn 0.3339 0.7672 0.5476
vn -0.1857 0.8167 -0.5464
vn -0.5587 0.7571 0.3387
vn -0.5567 0.7898 -0.2576
vn -0.0162 0.7511 0.6600
vn 0.2967 0.8278 -0.4761
vn -0.6245 0.7680 0.1423
vn 0.2958 0.8290 -0.4746
vn -0.4654 0.6562 -0.5939
vn -0.9724 0.2164 0.0869
vn 0.0326 0.9929 0.1148
vn -0.3999 0.6388 0.6573
vn 0.0275 0.9841 -0.1755
vn -0.5707 0.5752 -0.5861
vn 0.6045 0.7881 0.1161
vn -0.1089 0.7916 -0.6013
vn -0.0979 0.7310 0.6753
vn 0.4337 0.6280 0.6462
vn 0.5786 0.6113 -0.5399
vn -0.1042 0.9946 0.0014
vn -0.5168 0.7675 -0.3792
vn 0.3288 0.7543 0.5683
vn 0.0546 0.8242 -0.5637
vn 0.3370 0.7609 -0.5544
vn 0.3117 0.6737 0.6701
vn 0.6780 0.4829 0.5542
vn -0.1822 0.9567 0.2270
vn 0.8515 0.5240 -0.0210
vn 0.3592 0.7743 -0.5209
vn 0.3716 0.6706 0.6421
vn 0.8579 0.5105 -0.0579
vn -0.1748 0.9844 0.0195
vn -0.9780 0.2047 0.0408
vn -0.8362 0.3852 -0.3903
vn -0.5343 0.6367 -0.5560
vn -0.8294 0.3204 0.4576
vn -0.1116 0.9922 -0.0549
vn -0.9743 0.2252 -0.0105
vn 0.1039 -0.6443 0.7577
vn 0.1262 0.5558 0.8217
vn -0.4229 0.4107 0.8078
vn -0.0876 0.5595 0.8242
vn -0.4441 -0.4950 0.7468
vn 0.5422 -0.2901 0.7886
vn 0.1020 -0.6449 0.7575
vn -0.4215 0.4122 0.8077
vn -0.0866 0.5599 0.8241
vn 0.5421 -0.2910 0.7883
vn 0.1046 -0.6441 0.7578
vn -0.4234 0.4102 0.8078
vn -0.0879 0.5594 0.8242
vn 0.5423 -0.2897 0.7886
vn 0.1194 -0.6426 0.7569
vn 0.1250 0.5509 0.8252
vn -0.2696 0.5114 0.8159
vn -0.0487 0.5644 0.8241
vn -0.4409 -0.4917 0.7509
vn 0.5468 -0.2835 0.7878
vn -0.5905 -0.3888 0.7072
vn 0.5275 -0.1213 0.8409
vn -0.0338 0.4937 0.8690
vn 0.0242 -0.5977 0.8014
vn 0.3072 -0.6297 0.7135
vn -0.4661 -0.3887 0.7948
vn 0.6523 -0.0789 0.7538
vn -0.5534 -0.0229 0.8326
vn 0.3088 -0.5057 0.8056
vn -0.3940 -0.4488 0.8021
vn 0.5437 -0.0597 0.8372
vn -0.0338 0.4842 0.8743
vn -0.5678 -0.0587 0.8211
vn -0.3428 -0.6701 0.6584
vn 0.5418 -0.0028 0.8405
vn -0.3591 -0.5110 0.7810
vn 0.4818 0.2071 0.8515
vn -0.3915 0.5605 0.7298
vn 0.6936 -0.0304 0.7197
vn -0.5672 -0.0205 0.8233
vn -0.7910 -0.0605 0.6088
vn 0.1849 0.4748 0.8604
vn -0.5825 0.0685 0.8100
vn 0.4408 -0.3713 0.8172
vn 0.0619 -0.5988 0.7985
vn 0.7578 -0.1253 0.6403
vn -0.4477 0.2938 0.8446
vn 0.5404 -0.0998 0.8354
vn -0.0343 0.5266 0.8494
vn -0.6347 -0.0981 0.7665
vn 0.3478 0.6491 0.6766
vn -0.3635 -0.4848 0.7955
vn 0.5466 -0.1172 0.8291
vn -0.2869 -0.5682 0.7713
vn 0.4914 0.1848 0.8511
vn 0.1029 0.5600 0.8221
vn -0.5681 -0.1383 0.8112
vn 0.3830 -0.5595 0.7350
vn 0.0449 0.5167 0.8550
vn 0.4734 0.3293 0.8170
vn -0.6290 0.1571 0.7613
vn 0.0056 -0.6330 0.7742
vn 0.3577 0.4772 0.8027
vn -0.6689 -0.0115 0.7432
vn 0.5240 -0.2716 0.8072
vn 0.6295 0.0409 0.7759
vn -0.5291 0.1741 0.8305
vn -0.4359 -0.4552 0.7764
vn -0.6020 -0.0736 0.7951
vn 0.5683 -0.0479 0.8214
vn 0.0059 0.6066 0.7950
vn -0.6795 0.0574 0.7314
vn 0.4839 -0.4113 0.7724
vn -0.5578 0.3521 0.7516
vn 0.3047 -0.5210 0.7973
vn 0.5975 -0.1268 0.7918
vn -0.2201 0.5400 0.8124
vn 0.0138 -0.6195 0.7849
vn 0.4948 0.3352 0.8018
vn -0.3801 -0.4917 0.7834
vn 0.6032 0.0962 0.7918
vn -0.5992 0.2194 0.7700
vn -0.5492 -0.2638 0.7930
vn 0.5650 -0.2000 0.8005
vn 0.2000 0.5522 0.8094
vn -0.4883 -0.4495 0.7480
vn 0.6283 0.0468 0.7766
vn 0.5319 -0.0341 0.8461
vn -0.6867 -0.0206 0.7267
vn 0.1751 0.4658 0.8674
vn -0.6535 -0.0096 0.7569
vn 0.2752 -0.5731 0.7719
vn -0.4769 -0.5058 0.7189
vn 0.5311 -0.0155 0.8472
vn -0.0228 -0.0586 0.9980
vn -0.1577 -0.6655 0.7296
vn 0.4704 0.2035 0.8587
vn -0.6293 -0.0960 0.7712
vn 0.5887 -0.1491 0.7945
vn 0.5303 -0.0055 0.8478
vn -0.6689 -0.0690 0.7401
vn -0.4275 -0.5019 0.7519
vn 0.5198 0.0660 0.8517
vn 0.5256 0.0345 0.8500
vn -0.6264 -0.1363 0.7675
vn -0.0228 -0.0588 0.9980
vn -0.6323 -0.0777 0.7709
vn 0.3815 -0.5117 0.7698
vn 0.4558 0.3128 0.8333
vn -0.4868 -0.4144 0.7690
vn 0.3257 -0.4843 0.8120
vn -0.4192 -0.4870 0.7663
vn 0.4177 -0.4535 0.7873
vn 0.3526 0.3629 0.8625
vn 0.3806 0.3723 0.8465
vn -0.4990 0.2779 0.8208
vn 0.4026 -0.4466 0.7991
vn -0.4176 -0.4681 0.7788
vn 0.4619 -0.3736 0.8044
vn -0.4399 0.3507 0.8267
vn -0.4025 0.3872 0.8295
vn -0.3849 -0.4968 0.7779
vn 0.4091 0.3428 0.8456
vn 0.3655 -0.4828 0.7958
vn 0.3478 0.4011 0.8474
vn -0.4464 -0.4384 0.7801
vn 0.4331 0.3062 0.8477
vn -0.4269 0.3565 0.8311
vn 0.3222 -0.5100 0.7976
vn -0.4703 -0.4023 0.7854
vn 0.3896 -0.4526 0.8021
vn -0.3579 0.4150 0.8364
vn 0.3075 0.4509 0.8379
vn -0.4255 -0.4814 0.7663
vn 0.4821 -0.2905 0.8265
vn -0.3442 -0.5452 0.7644
vn 0.3880 0.3880 0.8360
vn -0.5215 0.1897 0.8319
vn 0.1665 0.5180 0.8390
vn -0.3105 -0.5651 0.7644
vn 0.4918 -0.2694 0.8280
vn -0.2019 -0.6128 0.7640
vn 0.2749 0.4702 0.8387
vn -0.5293 0.1726 0.8307
vn -0.5735 0.0994 0.8131
vn 0.5007 -0.2914 0.8151
vn 0.2034 0.4802 0.8533
vn 0.5362 -0.1956 0.8211
vn -0.5381 0.1952 0.8200
vn -0.2407 -0.5764 0.7810
vn 0.6741 -0.0128 0.7385
vn -0.6407 -0.0286 0.7672
vn -0.1726 -0.6160 0.7686
vn 0.6220 0.2213 0.7511
vn -0.5989 -0.1527 0.7861
vn 0.4614 -0.4602 0.7585
vn 0.4479 0.2497 0.8585
vn -0.6834 -0.0040 0.7301
vn -0.3410 -0.5635 0.7525
vn 0.5919 -0.0748 0.8025
vn -0.2587 0.5780 0.7740
vn -0.5125 -0.4045 0.7574
vn -0.8126 0.4877 0.3193
vn -0.7701 -0.3597 -0.5269
vn -0.7696 -0.6369 0.0454
vn -0.7721 -0.6109 -0.1750
vn -0.8069 0.0127 0.5906
vn -0.7748 0.1750 -0.6075
vn -0.8550 0.5186 0.0112
vn -0.8261 0.0103 -0.5635
vn -0.8352 -0.3845 0.3931
vn -0.8457 -0.1030 0.5237
vn -0.8321 0.1991 -0.5177
vn -0.8204 -0.0207 -0.5714
vn -0.8377 0.4283 -0.3388
vn -0.7005 -0.6875 -0.1917
vn -0.8539 0.4202 0.3070
vn -0.7904 -0.5563 0.2565
vn -0.8503 0.5244 0.0457
vn -0.7246 0.5056 -0.4683
vn -0.8087 -0.1458 0.5699
vn -0.7402 0.6724 -0.0031
vn -0.7506 -0.4616 -0.4729
vn -0.7176 -0.5746 0.3935
vn -0.8450 0.5181 -0.1323
vn -0.6898 -0.1465 -0.7090
vn -0.7783 -0.6014 -0.1803
vn -0.7020 -0.6392 0.3141
vn -0.8487 0.5288 0.0068
vn -0.7347 0.5581 0.3857
vn -0.7765 -0.3429 -0.5286
vn -0.7673 -0.6322 0.1074
vn -0.1292 -0.9904 0.0499
vn -0.9741 -0.2190 -0.0562
vn -0.5464 -0.5558 -0.6265
vn -0.5712 -0.6108 0.5483
vn -0.9726 -0.1909 -0.1325
vn -0.1383 -0.9885 -0.0615
vn -0.7765 0.3558 0.5201
vn -0.8310 0.4535 -0.3220
vn -0.8087 -0.5526 -0.2018
vn -0.8134 -0.5814 0.0196
vn -0.7718 0.6351 0.0318
vn -0.8085 -0.2476 -0.5339
vn -0.8123 0.4901 0.3160
vn -0.7698 -0.3630 -0.5250
vn -0.7720 -0.6116 -0.1732
vn -0.8067 0.0120 0.5909
vn -0.7748 0.1751 -0.6075
vn -0.9966 -0.0312 0.0768
vn -0.3731 0.9242 0.0818
vn -0.6572 0.4759 -0.5845
vn -0.6978 0.4149 0.5839
vn -0.3494 0.9353 -0.0555
vn -0.9952 -0.0072 0.0972
vn -0.9000 -0.1796 0.3971
vn -0.3165 -0.7517 -0.5786
vn -0.1876 -0.9676 0.1692
vn -0.1473 -0.9744 -0.1698
vn -0.6149 -0.5138 0.5982
vn -0.9965 -0.0612 -0.0562
vn -0.3025 -0.9524 0.0385
vn -0.9902 -0.0428 -0.1333
vn -0.6472 -0.4481 -0.6167
vn -0.6610 -0.5075 0.5528
vn -0.9924 -0.0197 -0.1215
vn -0.3203 -0.9422 -0.0983
vn -0.7313 -0.1326 0.6690
vn -0.7024 0.2459 -0.6680
vn -0.6293 -0.7725 0.0852
vn -0.6325 -0.7245 -0.2738
vn -0.7313 -0.4815 0.4830
vn -0.8244 0.5658 0.0145
vn -0.8588 -0.0487 0.5100
vn -0.7870 -0.1572 -0.5966
vn -0.4930 -0.8666 0.0772
vn -0.6527 -0.3918 0.6485
vn -0.8674 0.1063 -0.4862
vn -0.6214 -0.4980 -0.6048
vn -0.9821 -0.1746 0.0702
vn -0.5040 0.8606 0.0735
vn -0.7389 0.3211 -0.5924
vn -0.7574 0.3076 0.5759
vn -0.4868 0.8630 -0.1348
vn -0.9872 -0.1563 0.0327
vn -0.8126 0.4868 0.3204
vn -0.7701 -0.3587 -0.5276
vn -0.7721 -0.6107 -0.1756
vn -0.8070 0.0130 0.5905
vn -0.8107 0.5284 0.2520
vn -0.7683 -0.4145 -0.4877
vn -0.7723 -0.6352 -0.0032
vn -0.7714 -0.6202 -0.1426
vn -0.8052 -0.0031 0.5929
vn -0.7786 0.1734 -0.6030
vn 0.9757 -0.2107 0.0609
vn 0.8483 -0.3439 -0.4026
vn 0.5606 -0.5687 -0.6019
vn 0.8087 -0.3740 0.4541
vn 0.1166 -0.9793 -0.1654
vn 0.9743 -0.2250 0.0074
vn -0.5270 -0.8178 0.2312
vn 0.3224 -0.7473 -0.5810
vn 0.6276 -0.7774 0.0423
vn 0.6303 -0.7651 -0.1313
vn -0.1696 -0.8259 0.5377
vn -0.5846 -0.8002 -0.1341
vn 0.1737 -0.9771 0.1228
vn -0.8487 -0.5157 -0.1177
vn -0.3330 -0.7070 -0.6239
vn -0.3997 -0.7398 0.5413
vn -0.8531 -0.4978 -0.1563
vn 0.1763 -0.9804 -0.0881
vn -0.4983 -0.8167 0.2910
vn 0.2240 -0.7434 -0.6303
vn 0.6194 -0.7811 0.0796
vn 0.6315 -0.7600 -0.1536
vn -0.1072 -0.8217 0.5598
vn -0.5002 -0.7858 -0.3637
vn 0.6201 -0.7807 0.0774
vn -0.5004 -0.7856 -0.3639
vn 0.6191 -0.7812 0.0803
vn -0.5316 -0.7509 -0.3918
vn 0.6605 -0.7417 -0.1162
vn -0.1328 -0.7530 0.6445
vn 0.5913 -0.7909 0.1578
vn -0.6658 -0.7368 0.1176
vn 0.4425 -0.7236 -0.5297
vn 0.6601 -0.4734 -0.5833
vn 0.4086 -0.7108 0.5726
vn 0.0986 -0.8401 -0.5335
vn 0.1759 -0.8675 0.4653
vn 0.4732 -0.6002 -0.6448
vn 0.6367 -0.5305 0.5597
vn -0.2221 -0.8144 0.5361
vn -0.0263 -0.7319 -0.6809
vn 0.3683 -0.7619 0.5328
vn 0.0355 -0.7766 0.6290
vn -0.3754 -0.7493 -0.5455
vn 0.3910 -0.7290 -0.5618
vn -0.2120 -0.5182 -0.8286
vn 0.0199 0.6564 -0.7542
vn 0.6322 -0.0381 -0.7739
vn 0.2480 0.6112 -0.7516
vn 0.0161 -0.5634 -0.8260
vn -0.4322 0.4723 -0.7682
vn -0.2078 -0.5201 -0.8284
vn 0.0192 0.6566 -0.7540
vn 0.2439 0.6131 -0.7514
vn 0.0168 -0.5637 -0.8258
vn -0.2133 -0.5175 -0.8286
vn 0.0202 0.6563 -0.7542
vn 0.2494 0.6105 -0.7517
vn 0.0159 -0.5633 -0.8261
vn -0.3744 -0.4226 -0.8254
vn 0.0153 0.6580 -0.7529
vn 0.6321 0.0106 -0.7749
vn 0.2388 0.6165 -0.7502
vn -0.0262 -0.5635 -0.8257
vn -0.4286 0.4692 -0.7721
vn -0.5218 0.0257 -0.8527
vn 0.0228 0.0587 -0.9980
vn 0.0563 -0.6102 -0.7902
vn -0.4671 -0.1881 -0.8640
vn -0.5365 0.0403 -0.8429
vn -0.6294 -0.0686 -0.7740
vn 0.7310 -0.2526 -0.6339
vn -0.5223 0.0425 -0.8517
vn 0.6734 0.0632 -0.7365
vn -0.5205 0.0953 -0.8485
vn 0.7869 0.0585 -0.6143
vn 0.6549 -0.2486 -0.7137
vn 0.4182 0.6153 -0.6682
vn 0.0477 -0.5116 -0.8579
vn -0.2835 0.4982 -0.8194
vn 0.6627 0.1630 -0.7309
vn -0.2383 -0.4595 -0.8556
vn -0.7570 0.0833 -0.6481
vn -0.3695 -0.3562 -0.8583
vn -0.1287 0.7273 -0.6741
vn 0.5888 -0.0215 -0.8080
vn 0.3983 0.5776 -0.7125
vn 0.5530 -0.1247 -0.8238
vn -0.5494 0.0020 -0.8355
vn 0.6759 -0.2035 -0.7083
vn -0.5394 -0.0128 -0.8419
vn 0.0828 0.6178 -0.7819
vn -0.1836 0.5807 -0.7931
vn 0.5794 0.0175 -0.8148
vn -0.5629 -0.1912 -0.8041
vn -0.4661 0.3324 -0.8200
vn 0.5965 0.4383 -0.6724
vn -0.3026 -0.4420 -0.8444
vn 0.4879 0.3561 -0.7970
vn -0.3403 -0.4134 -0.8446
vn -0.0760 0.6654 -0.7426
vn 0.6032 0.0260 -0.7972
vn -0.5590 -0.0539 -0.8274
vn -0.6194 0.3441 -0.7057
vn -0.5755 -0.0686 -0.8149
vn 0.4684 0.4812 -0.7410
vn -0.0476 -0.5328 -0.8449
vn 0.4238 -0.3742 -0.8248
vn -0.6874 0.0361 -0.7253
vn 0.1340 0.6394 -0.7571
vn -0.6391 0.0257 -0.7687
vn 0.4938 -0.3965 -0.7739
vn 0.5602 0.0634 -0.8259
vn -0.3841 -0.4645 -0.7980
vn -0.6281 -0.0258 -0.7777
vn 0.5506 0.1513 -0.8209
vn 0.2433 -0.4527 -0.8578
vn 0.5687 0.0680 -0.8197
vn -0.6319 0.0565 -0.7730
vn 0.6424 -0.1060 -0.7590
vn -0.6268 0.1275 -0.7687
vn -0.5478 0.3647 -0.7529
vn -0.0597 0.6823 -0.7286
vn 0.3538 -0.4181 -0.8367
vn 0.6535 0.0624 -0.7543
vn 0.4564 -0.4245 -0.7820
vn 0.5679 0.0841 -0.8188
vn -0.5958 -0.1227 -0.7937
vn 0.0228 0.0586 -0.9980
vn 0.0793 -0.5223 -0.8491
vn -0.3937 0.5389 -0.7447
vn 0.5406 0.3978 -0.7413
vn 0.6878 0.0960 -0.7195
vn -0.3308 -0.4066 -0.8516
vn -0.5427 0.3363 -0.7697
vn -0.5063 -0.1840 -0.8425
vn 0.5198 0.4894 -0.7002
vn 0.4846 -0.3345 -0.8083
vn -0.5312 0.4343 -0.7274
vn 0.1679 0.5775 -0.7989
vn 0.1043 -0.5486 -0.8296
vn -0.6183 0.0268 -0.7855
vn 0.5665 0.1011 -0.8179
vn -0.5486 -0.2285 -0.8043
vn 0.4611 0.3752 -0.8041
vn -0.2039 -0.5912 -0.7803
vn -0.5788 0.0930 -0.8102
vn 0.3453 -0.4541 -0.8213
vn -0.5377 0.3425 -0.7704
vn -0.6088 -0.0162 -0.7932
vn 0.5616 0.1384 -0.8158
vn 0.0228 0.0588 -0.9980
vn 0.5498 0.1921 -0.8129
vn -0.3980 -0.3821 -0.8340
vn -0.4434 -0.3023 -0.8438
vn 0.4174 0.4679 -0.7790
vn 0.4395 -0.3517 -0.8265
vn 0.4811 0.3973 -0.7815
vn -0.3802 -0.3721 -0.8467
vn -0.4028 0.4469 -0.7988
vn -0.4149 0.4565 -0.7871
vn 0.5072 -0.2939 -0.8102
vn -0.3582 -0.3579 -0.8623
vn 0.4442 -0.3697 -0.8161
vn -0.4779 0.3775 -0.7932
vn 0.4159 0.4364 -0.7979
vn 0.4307 0.4761 -0.7667
vn 0.0295 -0.5478 -0.8361
vn 0.5740 0.0263 -0.8185
vn -0.3942 -0.3818 -0.8360
vn 0.0069 0.6421 -0.7666
vn -0.5356 0.0826 -0.8404
vn 0.3706 -0.4338 -0.8213
vn -0.4107 0.4614 -0.7864
vn 0.4999 0.3271 -0.8020
vn -0.3344 0.5279 -0.7807
vn 0.4446 -0.3699 -0.8158
vn -0.4618 -0.2298 -0.8567
vn -0.3680 -0.3760 -0.8504
vn 0.3334 0.5271 -0.7817
vn 0.4892 -0.2820 -0.8253
vn -0.4516 0.3786 -0.8079
vn 0.4052 0.4722 -0.7829
vn -0.2963 -0.4308 -0.8524
vn -0.3053 -0.4251 -0.8521
vn 0.2570 0.5690 -0.7812
vn 0.5311 -0.2117 -0.8204
vn -0.4938 0.3078 -0.8133
vn 0.3426 0.5213 -0.7816
vn -0.2196 -0.4728 -0.8534
vn -0.4912 0.3549 -0.7955
vn 0.5793 -0.1515 -0.8009
vn -0.2337 -0.4456 -0.8642
vn 0.5269 -0.2618 -0.8086
vn -0.5432 0.2448 -0.8032
vn 0.2685 0.5447 -0.7945
vn -0.5516 0.0790 -0.8304
vn 0.6924 0.2348 -0.6822
vn -0.2064 -0.5036 -0.8389
vn 0.6256 -0.1000 -0.7737
vn -0.5698 -0.0480 -0.8204
vn 0.1164 0.7370 -0.6658
vn -0.6525 0.0544 -0.7558
vn 0.5179 0.2956 -0.8027
vn 0.1920 -0.5409 -0.8189
vn 0.6311 0.0361 -0.7749
vn -0.5718 -0.0999 -0.8143
vn -0.5278 0.4330 -0.7307
vn 0.8069 -0.4219 0.4133
vn 0.8277 -0.1124 -0.5498
vn 0.7813 0.6218 0.0544
vn 0.7763 0.4512 0.4402
vn 0.8306 -0.4830 -0.2771
vn 0.7869 0.5628 -0.2529
vn 0.8132 0.3589 -0.4580
vn 0.7841 0.4142 0.4621
vn 0.8128 -0.5665 0.1356
vn 0.7973 -0.3211 0.5110
vn 0.8067 -0.1033 -0.5818
vn 0.7982 0.5957 -0.0897
vn 0.7418 0.3954 0.5416
vn 0.6713 -0.7333 -0.1080
vn 0.7758 0.4925 -0.3943
vn 0.7192 -0.4887 0.4940
vn 0.6753 -0.4222 -0.6047
vn 0.7454 0.6560 0.1189
vn 0.7855 0.5309 0.3180
vn 0.7981 -0.5261 0.2936
vn 0.8111 -0.0054 -0.5849
vn 0.7909 0.0458 0.6102
vn 0.8167 -0.5014 -0.2857
vn 0.8020 0.5109 -0.3095
vn 0.5891 0.8009 0.1072
vn 0.8762 -0.1879 0.4438
vn 0.9384 -0.2610 -0.2267
vn 0.6174 0.6788 0.3976
vn 0.9481 -0.3180 -0.0082
vn 0.6474 0.6717 -0.3602
vn 0.7690 0.1954 0.6087
vn 0.9094 -0.1123 -0.4005
vn 0.6290 0.7583 -0.1713
vn 0.7736 0.3670 -0.5166
vn 0.6504 0.6099 0.4528
vn 0.8560 -0.0548 0.5140
vn 0.8063 0.1243 0.5783
vn 0.8795 0.0426 -0.4740
vn 0.6168 0.7201 -0.3178
vn 0.7392 0.3817 -0.5549
vn 0.6868 0.3644 0.6288
vn 0.9256 -0.2020 0.3201
vn 0.8528 -0.0071 0.5222
vn 0.8849 -0.3083 -0.3492
vn 0.8384 0.4714 0.2738
vn 0.8422 0.0800 0.5332
vn 0.8822 -0.4657 -0.0701
vn 0.8517 0.4108 -0.3253
vn 0.9442 -0.2420 0.2234
vn 0.8308 0.1973 -0.5204
vn 0.5032 0.7918 0.3462
vn 0.6501 0.2990 0.6986
vn 0.9535 -0.2166 -0.2094
vn 0.6271 0.4695 -0.6215
vn 0.7680 0.2476 0.5906
vn 0.9514 -0.2411 -0.1916
vn 0.7181 0.5316 -0.4492
vn 0.7480 0.2149 0.6280
vn 0.8135 0.2235 -0.5370
vn 0.6903 0.4921 0.5304
vn 0.5837 0.7587 0.2891
vn 0.8610 -0.5007 -0.0896
vn 0.7218 0.4957 -0.4830
vn 0.5745 0.8162 0.0611
vn 0.6751 0.0248 0.7373
vn 0.8146 -0.3078 -0.4916
vn 0.7192 0.6833 0.1263
vn 0.6911 -0.0232 0.7224
vn 0.7514 -0.4486 -0.4839
vn 0.7152 0.4532 0.5320
vn 0.7468 -0.6616 -0.0678
vn 0.7254 0.5623 -0.3970
vn 0.6371 0.7480 0.1860
vn 0.6402 -0.1833 0.7460
vn 0.7042 -0.3800 -0.5998
vn 0.6343 0.4248 0.6460
vn 0.7015 -0.6966 -0.1506
vn 0.6427 0.1747 -0.7459
vn 0.4051 0.7677 0.4966
vn 0.3955 0.8121 -0.4290
vn -0.7268 0.6801 0.0961
vn -0.4861 0.6589 0.5741
vn 0.6090 0.7931 -0.0030
vn -0.4683 0.7750 -0.4243
vn 0.8306 0.2778 0.4826
vn 0.4543 0.6755 -0.5808
vn 0.1365 0.8602 0.4914
vn 0.1372 0.9151 -0.3792
vn 0.5072 0.5223 0.6855
vn 0.8405 0.3562 -0.4082
vn -0.6281 0.7686 0.1210
vn 0.4517 0.7833 0.4270
vn 0.0892 0.8264 -0.5559
vn -0.2998 0.7503 0.5892
vn 0.5823 0.8109 -0.0582
vn -0.6172 0.7845 -0.0598
vn -0.6047 0.7756 0.1811
vn 0.4487 0.7863 0.4248
vn 0.0988 0.8310 -0.5474
vn -0.2738 0.7609 0.5883
vn 0.5571 0.8195 -0.1347
vn -0.6105 0.7818 -0.1271
vn -0.7764 0.6253 0.0794
vn 0.2270 0.6246 0.7472
vn 0.7007 0.6642 -0.2604
vn -0.6388 0.6061 0.4739
vn 0.7603 0.6487 0.0339
vn -0.1546 0.7133 -0.6836
vn 0.2754 0.9222 0.2716
vn -0.2746 0.7800 -0.5623
vn -0.6714 0.5858 0.4539
vn -0.7602 0.6015 -0.2457
vn -0.1109 0.7751 0.6220
vn -0.0881 0.8353 -0.5426
vn -0.5124 0.8431 0.1633
vn 0.4912 0.8698 -0.0469
vn -0.1900 0.8888 -0.4171
vn -0.5254 0.8500 0.0380
vn 0.3351 0.8409 0.4250
vn 0.1027 0.8831 -0.4577
vn -0.4136 0.8995 0.1410
vn 0.3078 0.6444 0.6999
vn 0.4394 0.6862 -0.5797
vn -0.2094 0.8280 0.5201
vn 0.7899 0.5808 -0.1968
vn 0.6899 0.6869 0.2285
vn -0.6195 0.7742 0.1299
vn 0.1863 0.7612 0.6211
vn 0.0174 0.8047 0.5934
vn -0.6750 0.5503 0.4914
vn 0.2398 0.9581 -0.1566
vn -0.1896 0.7490 -0.6348
vn -0.4073 0.7578 0.5097
vn -0.3725 0.8014 0.4679
vn -0.4574 0.8496 -0.2627
vn -0.8506 0.5220 0.0634
vn -0.0243 0.7917 0.6104
vn -0.0513 0.8896 -0.4539
vn -0.8864 0.4393 0.1461
vn 0.0725 0.7719 0.6316
vn 0.1874 0.8457 -0.4997
vn -0.6193 0.5058 0.6005
vn 0.4275 0.9030 -0.0428
vn -0.3514 0.6854 -0.6378
vn 0.4785 -0.3213 0.8172
vn -0.4195 0.3310 0.8453
vn -0.2398 -0.6315 0.7374
vn -0.5971 0.2075 0.7749
vn 0.3992 -0.5146 0.7588
vn -0.2425 0.4554 0.8566
vn -0.2182 -0.7694 0.6003
vn 0.4855 0.2101 0.8486
vn -0.5263 0.3221 0.7870
vn -0.6128 -0.0181 0.7901
vn -0.0351 -0.6764 0.7357
vn 0.2238 0.4458 0.8667
vn 0.1191 0.5007 0.8574
vn -0.6986 0.2948 0.6520
vn 0.3877 -0.4976 0.7759
vn 0.5890 -0.2235 0.7766
vn -0.5146 0.2814 0.8099
vn -0.4629 -0.5140 0.7222
vn -0.6937 -0.0214 0.7199
vn 0.5728 -0.1848 0.7986
vn 0.7004 0.2186 0.6794
vn 0.1580 0.5202 0.8393
vn -0.6093 0.0899 0.7878
vn 0.2544 -0.6325 0.7316
vn 0.5886 -0.0464 0.8071
vn -0.4319 0.4918 0.7561
vn -0.5160 -0.4038 0.7554
vn -0.0992 -0.6261 0.7734
vn 0.6193 0.0751 0.7816
vn -0.3444 0.4644 0.8159
vn -0.2202 0.5010 0.8369
vn -0.0885 -0.6550 0.7504
vn 0.6547 0.0448 0.7546
vn 0.1228 0.5868 0.8004
vn -0.4494 -0.4422 0.7762
vn 0.5141 -0.2525 0.8197
vn -0.5705 0.1466 0.8081
vn 0.2159 -0.6787 0.7020
vn 0.1852 0.4836 0.8555
vn -0.0929 0.4643 0.8808
vn -0.3041 -0.4572 0.8358
vn 0.2244 -0.7405 0.6334
vn 0.5041 -0.0436 0.8626
vn 0.4743 0.5163 0.7131
vn -0.5066 -0.1485 0.8493
vn -0.2942 0.3914 0.8719
vn 0.0108 -0.7795 0.6263
vn 0.6609 -0.3317 0.6732
vn -0.7560 -0.0006 0.6546
vn 0.4971 -0.1361 0.8570
vn 0.6003 0.3574 0.7154
vn 0.5118 -0.0288 0.8586
vn -0.5093 0.1256 0.8514
vn -0.6888 -0.3364 0.6422
vn 0.0673 0.4738 0.8781
vn -0.7282 0.1346 0.6720
vn 0.3250 -0.4442 0.8349
vn 0.4996 0.0645 0.8638
vn -0.7513 -0.0667 0.6566
vn -0.4392 -0.6865 0.5795
vn -0.1248 -0.7641 0.6329
vn 0.3239 0.3550 0.8769
vn -0.2013 0.7169 0.6675
vn 0.1726 -0.7090 0.6837
vn 0.6115 -0.2852 0.7381
vn -0.4562 0.3482 0.8189
vn 0.3991 0.1697 0.9011
vn -0.6082 -0.0647 0.7911
vn -0.5914 -0.3928 0.7043
vn -0.1330 0.5308 0.8370
vn -0.0563 -0.6495 0.7583
vn 0.6201 0.2322 0.7493
vn -0.0626 0.4202 0.9053
vn -0.6635 -0.2289 0.7123
vn 0.4993 -0.1804 0.8475
vn 0.5949 -0.0362 0.8030
vn -0.6623 0.2113 0.7188
vn -0.5163 -0.3886 0.7632
vn -0.7100 -0.0531 0.7022
vn 0.5908 -0.1182 0.7981
vn 0.6433 0.1431 0.7521
vn 0.0735 0.5081 0.8582
vn -0.6430 0.2368 0.7283
vn 0.4428 -0.4506 0.7751
vn -0.1737 -0.7091 0.6833
vn 0.4068 0.3222 0.8548
vn -0.6269 0.2653 0.7326
vn -0.6079 -0.1638 0.7769
vn -0.1917 -0.7155 0.6718
vn 0.5485 0.1964 0.8127
vn 0.2985 -0.4904 0.8188
vn 0.3132 0.4728 0.8236
vn -0.6746 -0.2702 0.6870
vn 0.6733 0.0587 0.7371
vn -0.6127 0.0443 0.7891
vn -0.5596 -0.4566 0.6916
vn -0.3163 -0.5204 0.7932
vn 0.5011 0.1082 0.8586
vn -0.4188 0.5267 0.7397
vn -0.0831 -0.6041 0.7926
vn 0.6480 -0.2030 0.7341
vn -0.4121 0.4073 0.8150
vn 0.3884 0.3097 0.8679
vn -0.5349 -0.2613 0.8035
vn 0.6000 -0.1501 0.7858
vn 0.5213 0.3775 0.7654
vn -0.5540 -0.2128 0.8049
vn 0.3013 -0.5069 0.8076
vn -0.3375 -0.5215 0.7837
vn 0.5001 0.3054 0.8103
vn -0.4152 0.3447 0.8419
vn -0.2733 -0.5731 0.7726
vn 0.5403 -0.0421 0.8404
vn -0.5223 0.1969 0.8297
vn 0.1353 -0.7756 0.6165
vn 0.0135 0.5789 0.8153
vn -0.4302 0.3485 0.8328
vn 0.3967 0.3244 0.8587
vn -0.5955 -0.1430 0.7905
vn 0.5473 -0.2378 0.8025
vn -0.1968 0.5539 0.8090
vn -0.7629 -0.1248 0.6343
vn 0.4844 -0.3912 0.7825
vn 0.2192 -0.7194 0.6591
vn 0.0743 0.5413 0.8375
vn -0.5177 0.2575 0.8159
vn -0.7331 -0.0854 0.6747
vn 0.5906 -0.0730 0.8037
vn 0.4229 0.5725 0.7024
vn -0.2496 0.4893 0.8356
vn -0.2651 -0.5946 0.7591
vn 0.4158 -0.6152 0.6698
vn 0.5681 0.1183 0.8144
vn 0.2108 0.6399 0.7389
vn -0.5800 -0.2616 0.7715
vn -0.6775 -0.7252 0.1229
vn -0.6735 0.2502 0.6955
vn -0.6762 0.4941 -0.5464
vn -0.6963 -0.4260 0.5777
vn -0.6942 0.7183 -0.0473
vn -0.6521 -0.0144 -0.7580
vn -0.7821 -0.6098 0.1285
vn -0.8557 0.5080 0.0990
vn -0.8245 0.3673 -0.4305
vn -0.7993 -0.3097 0.5150
vn -0.8373 0.5400 -0.0853
vn -0.7705 -0.6152 -0.1668
vn -0.5698 -0.8217 -0.0118
vn -0.9000 0.1309 0.4157
vn -0.7733 -0.0657 -0.6306
vn -0.6139 -0.7289 0.3029
vn -0.9270 0.3375 -0.1634
vn -0.5619 -0.7980 -0.2178
vn -0.5749 0.7209 0.3869
vn -0.7458 0.2592 -0.6137
vn -0.9124 -0.0511 0.4062
vn -0.9644 -0.1836 -0.1905
vn -0.7323 0.4041 0.5482
vn -0.5164 0.8455 -0.1359
vn -0.8581 -0.0142 0.5134
vn -0.7696 -0.2737 -0.5769
vn -0.6717 -0.6792 0.2960
vn -0.6840 -0.5429 -0.4872
vn -0.7763 -0.2676 0.5707
vn -0.9314 0.3259 -0.1622
vn -0.8576 -0.3028 0.4158
vn -0.8597 0.5093 -0.0380
vn -0.8345 -0.5188 -0.1855
vn -0.8628 0.3339 0.3796
vn -0.8494 0.3988 -0.3457
vn -0.8438 -0.5292 0.0896
vn -0.7745 0.0128 0.6325
vn -0.7244 -0.0483 -0.6877
vn -0.6985 -0.5810 0.4178
vn -0.7871 -0.3274 0.5229
vn -0.9024 0.4153 -0.1154
vn -0.7067 -0.4332 -0.5594
vn -0.9540 0.2175 0.2063
vn -0.7950 -0.1636 -0.5841
vn -0.6137 -0.7774 0.1378
vn -0.7696 -0.3564 0.5298
vn -0.9476 0.2486 -0.2004
vn -0.5819 -0.7610 -0.2869
vn -0.4155 -0.9089 0.0349
vn -0.8595 -0.0814 0.5046
vn -0.8026 -0.0547 -0.5940
vn -0.4920 -0.7332 0.4694
vn -0.9373 0.2991 -0.1791
vn -0.6180 -0.2516 -0.7448
vn -0.7340 -0.5343 0.4193
vn -0.7573 0.6527 0.0211
vn -0.6979 -0.6875 -0.2007
vn -0.7193 -0.6946 -0.0120
vn -0.7576 0.0614 0.6498
vn -0.7437 0.5309 -0.4062
vn -0.8294 0.3694 0.4191
vn -0.8244 0.3943 -0.4061
vn -0.7860 -0.5980 0.1570
vn -0.8029 -0.2885 0.5217
vn -0.8367 0.5445 -0.0583
vn -0.7750 -0.6013 -0.1944
vn -0.7287 0.4474 0.5184
vn -0.8019 -0.2592 -0.5383
vn -0.8141 -0.2936 0.5011
vn -0.8026 -0.5681 -0.1819
vn -0.7214 0.0016 0.6925
vn -0.7631 0.4646 -0.4493
vn -0.8104 0.1043 -0.5766
vn -0.6539 -0.7560 0.0310
vn -0.8286 0.4996 0.2527
vn -0.6753 -0.4498 0.5845
vn -0.8244 0.4396 -0.3565
vn -0.7113 -0.5804 -0.3964
vn 0.8237 -0.5670 0.0081
vn -0.3130 -0.9449 0.0959
vn -0.0769 -0.8416 -0.5345
vn 0.7373 -0.6103 0.2898
vn -0.3045 -0.9361 -0.1763
vn 0.4144 -0.6603 -0.6264
vn 0.9070 -0.4153 0.0696
vn -0.1499 -0.7964 0.5859
vn -0.2375 -0.7845 -0.5729
vn 0.6573 -0.5233 0.5423
vn -0.4587 -0.8829 -0.1006
vn 0.5156 -0.4854 -0.7061
vn 0.5526 -0.8329 0.0310
vn -0.4776 -0.8756 0.0715
vn -0.2862 -0.8362 -0.4678
vn 0.3414 -0.8590 0.3814
vn -0.4913 -0.8616 -0.1274
vn 0.1722 -0.8115 -0.5584
vn 0.5854 -0.8100 -0.0343
vn -0.4064 -0.8393 0.3612
vn -0.0824 -0.8544 -0.5130
vn 0.5039 -0.7104 0.4914
vn -0.2788 -0.9255 -0.2565
vn 0.6894 -0.6931 -0.2105
vn 0.7834 -0.6029 0.1508
vn -0.3117 -0.9498 0.0261
vn 0.0344 -0.8076 -0.5887
vn -0.2157 -0.9085 0.3580
vn -0.9219 -0.3280 0.2063
vn -0.4402 -0.6611 -0.6076
vn -0.6690 -0.5647 0.4834
vn -0.6438 -0.5038 -0.5759
vn -0.1539 -0.9247 -0.3482
vn -0.5528 -0.8333 0.0057
vn 0.3857 -0.7979 -0.4632
vn 0.5020 -0.8344 0.2273
vn 0.5716 -0.8136 -0.1064
vn -0.3642 -0.8500 0.3807
vn -0.1569 -0.7737 -0.6138
vn 0.0451 -0.8474 0.5290
vn -0.3958 -0.7790 -0.4864
vn 0.5895 -0.7760 -0.2243
vn -0.0427 -0.7599 -0.6487
vn 0.3265 -0.8348 0.4434
vn 0.0080 -0.8319 0.5548
vn 0.6953 -0.6997 0.1643
vn -0.6511 -0.7266 -0.2195
vn 0.1419 -0.6835 -0.7160
vn 0.7254 -0.6879 -0.0239
vn -0.1001 -0.7775 0.6208
vn -0.0843 -0.6815 -0.7269
vn -0.6498 -0.7075 0.2777
vn 0.1388 -0.6010 -0.7871
vn 0.5136 -0.7317 0.4482
vn 0.7040 -0.6103 -0.3632
vn -0.0996 -0.7166 0.6904
vn -0.3118 -0.7087 -0.6329
vn 0.7732 -0.6341 0.0104
vn -0.3586 -0.7374 0.5724
vn -0.6744 -0.6726 -0.3047
vn 0.6856 -0.6544 0.3190
vn -0.7229 -0.6879 -0.0647
vn 0.2913 -0.6309 -0.7191
vn 0.5546 -0.2304 -0.7996
vn -0.7248 0.0371 -0.6879
vn 0.2233 0.7052 -0.6729
vn -0.6533 0.3573 -0.6675
vn 0.6202 0.0025 -0.7844
vn -0.5577 -0.1150 -0.8221
vn -0.6475 -0.1648 -0.7440
vn 0.1031 0.6279 -0.7714
vn 0.2380 -0.5149 -0.8236
vn -0.1410 0.6172 -0.7741
vn 0.6632 0.3959 -0.6352
vn -0.2846 -0.4681 -0.8366
vn 0.4429 0.4525 -0.7740
vn -0.0799 -0.6458 -0.7593
vn -0.6260 0.0151 -0.7797
vn 0.3389 -0.6256 -0.7027
vn -0.4977 0.3383 -0.7986
vn 0.5474 0.3026 -0.7803
vn -0.3653 0.4464 -0.8169
vn 0.5923 -0.0786 -0.8018
vn 0.2236 -0.5647 -0.7944
vn -0.4812 -0.2699 -0.8341
vn 0.0430 0.7497 -0.6604
vn 0.2746 -0.4810 -0.8326
vn -0.1495 0.5749 -0.8044
vn 0.5024 -0.3790 -0.7771
vn -0.5663 -0.1627 -0.8080
vn -0.1098 -0.5300 -0.8409
vn -0.4295 0.4497 -0.7831
vn 0.4777 0.5793 -0.6605
vn 0.3238 -0.4936 -0.8071
vn -0.5376 0.2046 -0.8180
vn 0.3486 0.4917 -0.7980
vn 0.4896 -0.4873 -0.7230
vn -0.5838 0.0313 -0.8113
vn 0.5737 0.2067 -0.7925
vn -0.1089 0.6107 -0.7843
vn 0.6315 -0.0480 -0.7739
vn -0.1122 -0.6557 -0.7467
vn 0.5384 0.0426 -0.8416
vn -0.3411 -0.2973 -0.8918
vn -0.4687 0.5744 -0.6711
vn -0.0142 0.5642 -0.8255
vn 0.7350 0.0887 -0.6722
vn 0.0334 -0.4503 -0.8922
vn 0.5006 -0.1446 -0.8535
vn -0.7051 0.0417 -0.7078
vn -0.3725 0.6883 -0.6225
vn 0.1443 -0.6678 -0.7302
vn -0.1604 0.5331 -0.8307
vn 0.4362 0.6691 -0.6017
vn 0.0659 0.5823 -0.8103
vn 0.2414 -0.4185 -0.8755
vn -0.3339 -0.6320 -0.6993
vn 0.5536 0.0851 -0.8284
vn 0.1952 -0.6992 -0.6877
vn -0.4088 0.3377 -0.8478
vn 0.2768 0.5181 -0.8093
vn 0.0124 -0.7175 -0.6964
vn -0.7130 -0.1426 -0.6865
vn -0.7423 -0.0266 -0.6695
vn 0.5041 0.2761 -0.8183
vn 0.6680 -0.3316 -0.6661
vn -0.5677 -0.2881 -0.7711
vn 0.1799 0.6162 -0.7668
vn 0.6214 0.0196 -0.7832
vn -0.4549 0.4038 -0.7938
vn 0.6299 0.0310 -0.7761
vn 0.0163 -0.5561 -0.8309
vn 0.5569 0.2929 -0.7772
vn 0.5643 -0.3477 -0.7488
vn -0.5461 0.2234 -0.8074
vn -0.5721 0.0963 -0.8145
vn 0.2464 0.5626 -0.7892
vn 0.5187 -0.3057 -0.7984
vn 0.2072 -0.6042 -0.7694
vn -0.2117 0.5914 -0.7781
vn 0.1481 0.7021 -0.6965
vn 0.6659 -0.1350 -0.7337
vn -0.3950 -0.4040 -0.8251
vn -0.4771 0.3156 -0.8202
vn -0.0140 0.6368 -0.7709
vn 0.6180 0.3502 -0.7039
vn -0.3247 -0.4587 -0.8272
vn -0.5259 0.1919 -0.8286
vn 0.5528 -0.0517 -0.8317
vn 0.4682 -0.4557 -0.7571
vn 0.6255 0.0349 -0.7795
vn -0.5759 -0.0977 -0.8117
vn -0.6303 0.2380 -0.7390
vn 0.4921 0.3152 -0.8115
vn 0.0354 -0.6635 -0.7473
vn -0.6514 -0.0356 -0.7579
vn 0.5829 -0.1774 -0.7929
vn -0.6587 0.0310 -0.7518
vn -0.5628 0.4465 -0.6956
vn -0.1653 -0.6399 -0.7505
vn 0.1428 0.5772 -0.8040
vn 0.2637 -0.5085 -0.8197
vn -0.2326 0.5692 -0.7886
vn 0.7007 0.3037 -0.6456
vn -0.0266 -0.5646 -0.8249
vn 0.5997 0.1955 -0.7760
vn -0.4463 -0.3536 -0.8221
vn -0.5668 0.4882 -0.6636
vn 0.3240 -0.6265 -0.7089
vn -0.5380 0.2082 -0.8168
vn 0.1073 0.6116 -0.7838
vn 0.6164 -0.0058 -0.7874
vn -0.7001 -0.1261 -0.7028
vn -0.5053 0.5581 -0.6582
vn 0.5602 -0.1344 -0.8174
vn -0.5415 -0.0983 -0.8349
vn 0.4347 0.4226 -0.7953
vn -0.0829 -0.6871 -0.7218
vn -0.1259 0.6344 -0.7627
vn 0.4894 -0.3252 -0.8091
vn -0.4182 0.4021 -0.8145
vn 0.5788 0.0554 -0.8136
vn -0.0165 -0.5292 -0.8483
vn 0.2379 0.6100 -0.7558
vn 0.2308 -0.6619 -0.7132
vn -0.4486 -0.3236 -0.8331
vn 0.3398 -0.4100 -0.8464
vn -0.5336 -0.0544 -0.8440
vn 0.0549 0.7482 -0.6612
vn 0.5550 0.3261 -0.7653
vn 0.2054 -0.5191 -0.8297
vn -0.3442 0.4720 -0.8116
vn -0.2604 0.5902 -0.7641
vn 0.7015 0.2212 -0.6775
vn -0.1971 -0.4693 -0.8607
vn -0.5000 -0.1547 -0.8521
vn 0.3608 0.4717 -0.8046
vn 0.4069 -0.4176 -0.8124
vn -0.5710 0.2102 -0.7936
vn 0.6702 0.2088 -0.7122
vn 0.3975 -0.5558 -0.7301
vn -0.6314 0.2298 -0.7406
vn 0.5116 0.2797 -0.8124
vn -0.3085 -0.4017 -0.8622
vn -0.5874 -0.0369 -0.8085
vn 0.4457 0.4711 -0.7612
vn 0.5293 -0.3949 -0.7509
vn 0.5115 -0.1827 -0.8396
vn -0.5320 -0.3471 -0.7723
vn -0.1200 0.6333 -0.7646
vn -0.4193 -0.8763 -0.2372
vn 0.0055 -0.9996 -0.0275
vn 0.4639 -0.8324 0.3033
vn -0.1966 -0.8237 0.5319
vn -0.2421 -0.9693 -0.0434
vn 0.0870 -0.8457 -0.5265
vn -0.1286 -0.8595 0.4948
vn 0.9994 0.0258 0.0243
vn 0.7868 0.6108 0.0885
vn 0.9994 0.0258 0.0244
vn 0.7876 0.6139 0.0541
vn 0.8283 -0.5603 0.0090
vn 0.8223 -0.5267 0.2153
vn 0.8142 -0.0073 -0.5806
vn 0.9994 0.0259 0.0245
vn 0.7953 0.4501 -0.4061
vn 0.9994 0.0259 0.0244
vn 0.8171 -0.5660 -0.1097
vn 0.8175 -0.3936 -0.4204
vn 0.7856 0.6149 -0.0691
vn 0.8017 -0.0854 0.5916
vn 0.8211 -0.4644 -0.3319
vn 0.8285 -0.3834 0.4082
vn 0.8105 0.1628 -0.5626
vn 0.7923 0.4640 0.3962
vn 0.8106 0.1658 0.5617
vn 0.8192 -0.3860 -0.4242
vn 0.7825 0.6131 0.1082
vn 0.8110 0.0764 -0.5800
vn 0.8076 0.4570 0.3727
vn 0.8351 -0.4707 0.2846
vn 0.8169 -0.0382 0.5756
vn 0.8183 -0.0179 -0.5744
vn 0.7831 0.6218 -0.0113
vn 0.8483 -0.2630 -0.4597
vn 0.7971 0.5329 -0.2842
vn 0.8099 0.2973 0.5056
vn 0.7825 0.3287 0.5288
vn 0.8402 -0.5218 0.1477
vn 0.8185 0.0369 -0.5733
vn 0.8525 -0.3843 -0.3545
vn 0.8039 0.4394 -0.4008
vn 0.8235 -0.2275 0.5197
vn 0.8405 0.1042 -0.5317
vn 0.7849 0.5721 0.2378
vn 0.8365 -0.4255 0.3454
vn 0.7875 0.1283 0.6028
vn 0.8481 -0.2471 -0.4687
vn 0.7875 0.6160 0.0186
vn 0.8337 0.2938 -0.4676
vn 0.7852 0.1564 0.5991
vn 0.8452 -0.5324 -0.0467
vn 0.7979 -0.2749 0.5365
vn 0.8449 -0.0815 -0.5287
vn 0.7823 0.5751 0.2394
vn 0.7910 -0.1034 0.6030
vn 0.8472 -0.4985 -0.1835
vn 0.8252 0.4509 -0.3403
vn 0.8059 -0.4611 0.3713
vn 0.8390 0.1000 -0.5349
vn 0.7786 0.4497 0.4376
vn 0.7919 0.5980 -0.1238
vn 0.7987 -0.3650 0.4783
vn 0.8473 -0.4278 -0.3147
vn 0.8122 -0.5664 0.1398
vn 0.8056 0.3807 -0.4540
vn 0.7778 0.3704 0.5078
vn 0.9994 0.0259 0.0243
vn 0.8031 -0.4712 0.3648
vn 0.8233 -0.2606 -0.5042
vn 0.8215 -0.5598 -0.1088
vn 0.7953 0.6059 0.0198
vn 0.9994 0.0258 0.0245
vn 0.8162 -0.5741 -0.0656
vn 0.9994 0.0259 0.0242
vn 0.7764 0.2586 0.5748
vn 0.8238 0.0552 -0.5642
vn 0.8055 -0.5449 0.2330
vn 0.8168 -0.5082 -0.2730
vn 0.7871 -0.0627 0.6137
vn 0.8180 -0.5607 -0.1283
vn 0.8203 -0.3268 -0.4694
vn 0.9994 0.0257 0.0244
vn 0.7929 -0.3401 0.5055
vn 0.9994 0.0257 0.0243
vn 0.8169 -0.4343 -0.3795
vn 0.8132 -0.1062 -0.5723
vn 0.8101 -0.5434 0.2201
vn 0.7899 -0.2657 0.5527
vn 0.8171 -0.0657 -0.5728
vn 0.8149 -0.5539 -0.1707
vn 0.9994 0.0258 0.0242
vn 0.7994 -0.4680 0.3768
vn 0.8044 0.2143 -0.5541
vn 0.9994 0.0260 0.0245
vn 0.8168 -0.3535 -0.4560
vn 0.8065 -0.5556 0.2022
vn 0.7943 0.4580 -0.3990
vn 0.5606 0.8277 0.0247
vn 0.7695 0.2449 0.5899
vn 0.8217 0.2489 -0.5127
vn 0.9172 -0.0658 0.3929
vn 0.7339 0.4922 -0.4681
vn 0.5761 0.7636 0.2916
vn 0.8671 -0.0690 -0.4933
vn 0.7663 -0.3721 0.5238
vn 0.7888 -0.3139 -0.5285
vn 0.6699 -0.6235 0.4031
vn 0.7970 -0.2521 -0.5489
vn 0.9692 0.1975 0.1472
vn 0.5606 0.8277 0.0248
vn 0.7695 0.2449 0.5898
vn 0.8672 -0.0690 -0.4932
vn 0.7662 -0.3721 0.5239
vn 0.6699 -0.6235 0.4032
vn 0.7970 -0.2521 -0.5488
vn 0.8361 -0.5485 -0.0134
vn 0.7699 0.1379 -0.6231
vn 0.7099 0.5226 0.4722
vn 0.7508 0.5833 -0.3099
vn 0.8167 -0.2860 0.5012
vn 0.8188 -0.3095 -0.4835
vn -0.5918 0.8017 0.0835
vn 0.2420 0.7724 0.5872
vn 0.0156 0.8536 -0.5208
vn -0.3881 0.7839 0.4846
vn 0.5428 0.8393 -0.0305
vn -0.5506 0.7992 -0.2412
vn -0.1267 0.3273 0.9364
vn 0.4974 0.7877 0.3634
vn -0.5526 0.7640 0.3331
vn -0.5217 0.4894 0.6988
vn 0.4985 0.5674 0.6554
vn 0.1989 0.9751 0.0982
vn -0.2924 0.6761 0.6763
vn 0.4747 0.8798 -0.0258
vn -0.5597 0.8273 0.0480
vn 0.1936 0.6850 0.7024
vn 0.0951 0.9435 -0.3175
vn -0.5566 0.7513 0.3545
vn -0.0358 0.8981 0.4383
vn 0.5291 0.8270 -0.1898
vn -0.3984 0.7615 -0.5113
vn 0.4905 0.8644 0.1105
vn 0.3527 0.7770 -0.5215
vn -0.4886 0.8527 0.1848
vn -0.4739 0.8675 -0.1511
vn 0.5026 0.6063 -0.6163
vn -0.5660 0.6995 -0.4363
vn -0.5668 0.7045 -0.4270
vn 0.4801 0.8568 -0.1882
vn 0.1449 0.4453 -0.8836
vn 0.7950 0.5999 0.0902
vn 0.1935 0.8479 -0.4936
vn -0.1152 0.9053 0.4089
vn -0.2149 0.9750 -0.0571
vn 0.4120 0.7146 0.5653
vn 0.7517 0.6347 -0.1791
vn 0.0630 0.9170 0.3938
vn -0.3704 0.7889 -0.4903
vn -0.3981 0.7254 0.5616
vn -0.6251 0.6707 -0.3994
vn -0.2830 0.7526 0.5945
vn -0.1162 0.8786 -0.4632
vn 0.4572 0.4830 -0.7468
vn -0.6002 0.6356 -0.4855
vn 0.1269 0.9863 0.1052
vn -0.2538 0.9643 0.0752
vn 0.5444 0.8165 -0.1922
vn -0.4212 0.4659 -0.7782
vn 0.5494 0.7716 -0.3206
vn -0.6157 0.7624 -0.1992
vn 0.1081 0.8765 0.4692
vn -0.2416 0.8646 0.4405
vn 0.5277 0.8391 0.1322
vn -0.4396 0.7192 -0.5380
vn 0.5396 0.8418 0.0136
vn -0.6181 0.7768 0.1200
vn 0.0972 0.6244 0.7751
vn -0.2288 0.6204 0.7502
vn 0.5269 0.7240 0.4451
vn -0.4549 0.8666 -0.2049
vn 0.5456 0.7665 0.3388
vn -0.6293 0.6578 0.4138
vn 0.0750 0.2775 0.9578
vn -0.1847 0.2772 0.9429
vn 0.5214 0.4970 0.6936
vn -0.4762 0.8671 0.1460
vn -0.2148 0.9750 -0.0571
vn 0.4121 0.7146 0.5653
vn -0.3705 0.7889 -0.4903
vn -0.3981 0.7253 0.5616
vn -0.1161 0.8786 -0.4632
vn -0.0344 0.5363 0.8433
vn -0.0384 -0.6407 0.7668
vn 0.1569 0.5194 0.8400
vn -0.0345 0.5458 0.8372
vn -0.3201 -0.5585 0.7653
vn 0.5325 -0.2337 0.8135
vn 0.4913 0.3829 0.7823
vn -0.5950 0.2662 0.7583
vn -0.1602 -0.4255 0.8907
vn 0.0905 0.6770 0.7304
vn -0.5264 -0.1324 0.8399
vn 0.5318 0.0358 0.8461
vn 0.4510 0.6777 0.5808
vn -0.5386 0.6095 0.5817
vn -0.1438 -0.0542 0.9881
vn 0.0238 0.9011 0.4329
vn -0.5251 0.1907 0.8294
vn 0.4115 0.1300 0.9021
vn 0.1508 -0.0923 0.9843
vn 0.4491 0.7802 0.4354
vn -0.3302 0.8595 0.3902
vn -0.0589 0.9298 0.3633
vn -0.2956 -0.1067 0.9493
vn 0.5427 0.3792 0.7494
vn -0.0730 0.4988 0.8636
vn -0.0628 -0.6064 0.7927
vn 0.4393 0.2120 0.8730
vn -0.5081 0.1799 0.8423
vn 0.1544 -0.5810 0.7992
vn 0.5322 -0.0557 0.8448
vn -0.2029 0.4577 0.8656
vn -0.3080 -0.5276 0.7917
vn 0.5181 -0.2092 0.8293
vn 0.5140 0.1236 0.8488
vn -0.5789 -0.0302 0.8148
vn -0.2569 -0.5211 0.8139
vn -0.1477 0.4863 0.8612
vn -0.0366 -0.6079 0.7932
vn 0.2099 0.4384 0.8739
vn 0.1790 -0.5723 0.8002
vn 0.1563 0.4725 0.8674
vn -0.2683 -0.5152 0.8140
vn -0.0729 0.4987 0.8637
vn -0.0627 -0.6064 0.7927
vn 0.1543 -0.5810 0.7991
vn 0.5321 -0.0557 0.8449
vn -0.2029 0.4578 0.8656
vn -0.3079 -0.5275 0.7918
vn -0.5789 -0.0302 0.8149
vn -0.2568 -0.5211 0.8139
vn -0.1477 0.4864 0.8612
vn -0.0366 -0.6078 0.7932
vn 0.2099 0.4385 0.8739
vn 0.1791 -0.5723 0.8003
vn 0.1564 0.4726 0.8673
vn -0.6305 0.4307 0.6457
vn 0.0514 -0.1130 0.9923
vn 0.5561 0.5517 0.6216
vn 0.5399 -0.6768 0.5004
vn -0.4048 -0.1272 0.9055
vn -0.5294 -0.7135 0.4589
vn 0.5184 0.1881 0.8342
vn -0.4989 0.7213 0.4805
vn -0.4267 0.0047 0.9044
vn -0.5967 -0.4156 0.6865
vn 0.0962 -0.9522 0.2900
vn 0.5828 -0.3834 0.7165
vn -0.6122 0.2358 0.7547
vn 0.1334 -0.4650 0.8752
vn 0.5702 0.2310 0.7884
vn 0.5326 -0.4428 0.7213
vn -0.4388 0.2111 0.8734
vn -0.3017 -0.7093 0.6370
vn 0.5372 -0.1061 0.8368
vn -0.3567 0.6066 0.7105
vn -0.2714 -0.4331 0.8595
vn -0.6105 -0.1318 0.7810
vn 0.0763 -0.7757 0.6264
vn 0.5430 0.0153 0.8396
vn -0.7802 0.5151 0.3548
vn -0.8003 -0.4646 -0.3790
vn -0.7830 -0.6220 0.0034
vn -0.8133 -0.5347 0.2295
vn -0.7805 0.4507 0.4332
vn -0.7296 0.3477 -0.5890
vn -0.6049 0.7933 0.0696
vn -0.7986 0.2301 -0.5561
vn -0.9226 -0.0925 0.3746
vn -0.9568 -0.1823 -0.2264
vn -0.7581 0.3940 0.5197
vn -0.6984 0.5490 -0.4591
vn -0.8606 -0.1727 0.4792
vn -0.7235 -0.4024 -0.5610
vn -0.7689 -0.4154 0.4860
vn -0.5703 -0.7805 -0.2559
vn -0.7803 -0.3570 0.5135
vn -0.9738 0.1532 -0.1678
vn -0.9994 -0.0259 -0.0244
vn -0.9994 -0.0259 -0.0243
vn -0.9994 -0.0258 -0.0243
vn -0.9994 -0.0258 -0.0244
vn -0.7902 0.0143 -0.6127
vn -0.8191 0.5733 -0.0196
vn -0.7966 -0.5993 -0.0792
vn -0.8044 -0.2267 0.5491
vn -0.9994 -0.0259 -0.0242
vn -0.7767 -0.5986 -0.1960
vn -0.8070 0.0876 0.5840
vn -0.7760 -0.6268 0.0703
vn -0.7852 -0.6165 0.0587
vn -0.8166 0.5151 0.2603
vn -0.7931 -0.5362 -0.2889
vn -0.8123 -0.0602 0.5802
vn -0.8166 0.5705 0.0879
vn -0.7982 -0.0446 -0.6007
vn -0.7936 -0.5436 0.2733
vn -0.8133 -0.5818 -0.0068
vn -0.8164 0.0520 0.5751
vn -0.8179 0.4669 -0.3362
vn -0.8151 0.5781 -0.0387
vn -0.8084 -0.2989 -0.5072
vn -0.8051 -0.3628 0.4693
vn -0.8149 -0.5797 -0.0031
vn -0.8224 0.2856 0.4920
vn -0.8225 0.2476 -0.5121
vn -0.8091 0.5100 -0.2919
vn -0.8099 -0.2990 -0.5047
vn -0.8143 -0.1289 0.5659
vn -0.8201 0.1416 -0.5545
vn -0.8262 -0.4621 0.3223
vn -0.8239 0.4523 0.3416
vn -0.8100 -0.5038 -0.3003
vn -0.8175 -0.0743 0.5711
vn -0.8009 0.3449 -0.4896
vn -0.8253 0.3455 0.4466
vn -0.8128 -0.1445 -0.5643
vn -0.8233 -0.5472 0.1506
vn -0.8427 -0.0290 0.5376
vn -0.8156 0.5523 -0.1725
vn -0.8140 -0.2913 -0.5025
vn -0.7952 0.1544 -0.5863
vn -0.8307 -0.3745 0.4120
vn -0.8198 0.5705 0.0504
vn -0.8465 0.1674 0.5054
vn -0.7944 0.1820 -0.5795
vn -0.8137 -0.5770 -0.0707
vn -0.7834 -0.2538 -0.5673
vn -0.8362 -0.2270 0.4993
vn -0.8258 0.3727 0.4232
vn -0.8473 0.3629 0.3878
vn -0.8075 0.4358 -0.3975
vn -0.8169 -0.5722 0.0732
vn -0.7857 -0.2487 -0.5665
vn -0.8414 -0.0085 0.5403
vn -0.8204 0.5103 0.2579
vn -0.8229 0.5356 0.1898
vn -0.7962 0.3071 -0.5213
vn -0.8218 -0.5069 0.2604
vn -0.7787 -0.4571 -0.4299
vn -0.8237 0.2812 0.4924
vn -0.8133 0.5790 -0.0577
vn -0.9994 -0.0259 -0.0245
vn -0.7848 0.0103 -0.6196
vn -0.8065 -0.3616 0.4678
vn -0.7895 -0.6124 0.0406
vn -0.8271 0.5600 0.0482
vn -0.7800 -0.6032 -0.1663
vn -0.8067 0.5577 -0.1952
vn -0.8238 -0.0555 0.5642
vn -0.7792 -0.1067 -0.6176
vn -0.7829 -0.6175 0.0762
vn -0.7964 0.4162 -0.4387
vn -0.9994 -0.0260 -0.0245
vn -0.7740 -0.3957 -0.4943
vn -0.7915 -0.5089 0.3385
vn -0.9994 -0.0258 -0.0242
vn -0.7866 0.1732 -0.5927
vn -0.9994 -0.0257 -0.0243
vn -0.7761 -0.5948 -0.2095
vn -0.8011 -0.3069 0.5139
vn -0.7837 -0.1071 -0.6118
vn -0.7779 -0.1473 -0.6109
vn -0.7907 -0.5848 0.1812
vn -0.7741 -0.4751 -0.4183
vn -0.9994 -0.0257 -0.0244
vn -0.7679 -0.4130 -0.4896
vn -0.7981 -0.3812 0.4666
vn -0.6049 0.7932 0.0696
vn -0.9225 -0.0925 0.3746
vn -0.7581 0.3940 0.5196
vn -0.6984 0.5490 -0.4592
vn -0.7234 -0.4024 -0.5610
vn -0.7690 -0.4154 0.4859
vn -0.5703 -0.7806 -0.2559
vn -0.7804 -0.3570 0.5134
vn -0.9738 0.1533 -0.1678
vn 0.8339 -0.5463 -0.0786
vn 0.3102 -0.8010 0.5120
vn -0.1543 -0.9762 -0.1527
vn 0.1175 -0.8842 0.4521
vn 0.4703 -0.6855 -0.5557
vn 0.4906 -0.7269 0.4805
vn -0.0416 -0.8431 -0.5361
vn -0.4158 -0.7759 0.4745
vn -0.3616 -0.7249 -0.5863
vn -0.7894 -0.6068 0.0929
vn -0.2613 -0.7544 -0.6021
vn 0.2076 -0.9774 0.0390
vn 0.1785 -0.9837 -0.0214
vn -0.5133 -0.5044 -0.6944
vn 0.5654 -0.4684 -0.6789
vn 0.5786 -0.7618 -0.2914
vn -0.5360 -0.7703 -0.3455
vn -0.0732 -0.2880 -0.9548
vn 0.4299 -0.8756 0.2201
vn -0.5177 -0.7319 -0.4430
vn 0.5805 -0.7065 -0.4048
vn 0.6107 -0.7845 -0.1081
vn -0.2312 -0.9211 0.3131
vn -0.0950 -0.6339 -0.7676
vn 0.1318 -0.7124 0.6893
vn -0.5669 -0.8237 0.0144
vn 0.2799 -0.8647 -0.4171
vn 0.5582 -0.7491 0.3568
vn -0.5400 -0.7792 0.3183
vn -0.3824 -0.8662 -0.3215
vn 0.4691 -0.5019 0.7267
vn -0.5353 -0.8208 0.1994
vn 0.5782 -0.7748 0.2555
vn 0.5979 -0.6599 0.4549
vn -0.2836 -0.4244 0.8599
vn -0.1247 -0.9878 -0.0933
vn -0.1292 -0.7754 0.6181
vn -0.1290 -0.7234 -0.6783
vn 0.2856 -0.7837 0.5516
vn 0.0281 -0.7940 0.6073
vn -0.6205 -0.7668 -0.1645
vn 0.5108 -0.6923 -0.5097
vn -0.1542 -0.9762 -0.1527
vn 0.4704 -0.6855 -0.5557
vn -0.0416 -0.8431 -0.5362
vn -0.4158 -0.7758 0.4745
vn -0.2613 -0.7544 -0.6022
vn 0.2075 -0.9775 0.0389
vn 0.5214 0.3327 -0.7858
vn 0.0035 0.0547 -0.9985
vn -0.4545 0.7590 -0.4662
vn 0.1832 0.0781 -0.9800
vn -0.5576 0.4996 -0.6629
vn 0.5029 0.7013 -0.5053
vn 0.5303 -0.0053 -0.8478
vn -0.0164 -0.3328 -0.9429
vn -0.1174 0.7541 -0.6462
vn 0.1803 -0.3101 -0.9335
vn -0.5107 0.4504 -0.7323
vn 0.5772 0.3843 -0.7205
vn -0.5287 -0.1477 -0.8359
vn -0.1874 0.6041 -0.7746
vn 0.3475 -0.4477 -0.8239
vn 0.0708 -0.5443 -0.8359
vn -0.5756 0.0319 -0.8171
vn 0.0025 0.6316 -0.7753
vn -0.4547 0.1887 -0.8704
vn 0.1617 0.9511 -0.2631
vn 0.5486 0.2404 -0.8008
vn 0.6457 0.5261 -0.5535
vn -0.0694 0.0009 -0.9976
vn -0.6656 0.5104 -0.5444
vn -0.0625 -0.5048 -0.8610
vn -0.5250 -0.0386 -0.8502
vn 0.4695 0.3462 -0.8122
vn 0.0325 0.5992 -0.8000
vn 0.1559 -0.4940 -0.8554
vn -0.4393 -0.2121 -0.8730
vn 0.4908 -0.2537 -0.8335
vn -0.4145 -0.3054 -0.8573
vn 0.1270 0.5775 -0.8064
vn -0.5355 0.1306 -0.8344
vn 0.5655 0.1706 -0.8069
vn -0.4328 -0.2231 -0.8735
vn 0.1418 -0.4974 -0.8559
vn -0.2786 0.4995 -0.8203
vn 0.1184 0.5903 -0.7985
vn -0.0769 -0.5025 -0.8611
vn -0.1846 0.5608 -0.8071
vn 0.2932 -0.4019 -0.8675
vn 0.0324 0.5992 -0.7999
vn 0.1558 -0.4941 -0.8554
vn 0.4907 -0.2537 -0.8336
vn 0.5655 0.1705 -0.8069
vn -0.4328 -0.2232 -0.8735
vn 0.1417 -0.4974 -0.8559
vn -0.2787 0.4995 -0.8203
vn -0.0768 -0.5025 -0.8612
vn -0.1845 0.5608 -0.8071
vn 0.2933 -0.4020 -0.8674
vn 0.5748 -0.0087 -0.8182
vn -0.5430 -0.0153 -0.8396
vn -0.2163 0.7431 -0.6333
vn 0.2450 -0.6600 -0.7102
vn -0.5371 0.1060 -0.8368
vn 0.5805 0.1121 -0.8065
vn 0.1743 -0.3594 -0.9167
vn -0.5626 0.3807 -0.7339
vn 0.5931 0.3652 -0.7176
vn 0.5915 -0.2923 -0.7514
vn -0.5649 -0.2304 -0.7923
vn -0.1333 0.4649 -0.8752
vn 0.5616 0.2945 -0.7733
vn -0.5066 0.2223 -0.8330
vn -0.1742 0.9403 -0.2925
vn 0.2122 -0.8918 -0.3996
vn -0.5135 -0.1917 -0.8364
vn 0.5402 -0.1287 -0.8317
vn 0.1285 0.0085 -0.9917
vn -0.5609 0.6476 -0.5158
vn 0.4020 0.8470 -0.3480
vn 0.5864 -0.5749 -0.5706
vn -0.5474 -0.5527 -0.6283
vn -0.0506 0.1066 -0.9930
vt 33.988899 -2.994940
vt 34.011101 -2.993240
vt 33.988899 -2.993240
vt 34.011101 -2.994940
vt 33.988899 -2.996650
vt 34.011101 -2.996650
vt 33.988899 -2.972770
vt 34.011101 -2.971070
vt 33.988899 -2.971070
vt 34.011101 -2.972770
vt 33.988899 -2.974480
vt 34.011101 -2.974480
vt 34.014999 -3.009710
vt 33.985001 -3.009710
vt 34.014999 -3.019640
vt 33.985001 -3.019640
vt 33.994999 -2.999710
vt 33.994999 -3.029640
vt 34.005001 -2.999710
vt 34.005001 -3.029640
vt 34.088299 -3.011060
vt 34.086601 -2.988940
vt 34.086601 -3.011060
vt 34.088299 -2.988940
vt 34.090000 -3.011060
vt 34.090000 -2.988940
vt 34.096699 -3.004960
vt 34.103600 -3.004960
vt 34.096699 -2.995040
vt 34.103600 -2.995040
vt 33.900501 -3.011060
vt 33.898800 -2.988940
vt 33.898800 -3.011060
vt 33.897099 -2.988940
vt 33.900501 -2.988940
vt 33.897099 -3.011060
vt 33.969299 -3.011060
vt 33.967602 -2.988940
vt 33.967602 -3.011060
vt 33.965900 -2.988940
vt 33.969299 -2.988940
vt 33.965900 -3.011060
vt 34.074902 -3.011060
vt 34.073200 -2.988940
vt 34.073200 -3.011060
vt 34.071499 -2.988940
vt 34.074902 -2.988940
vt 34.071499 -3.011060
vt 34.056499 -3.011060
vt 34.054798 -2.988940
vt 34.054798 -3.011060
vt 34.053101 -2.988940
vt 34.056499 -2.988940
vt 34.053101 -3.011060
vt 34.103600 -3.010470
vt 34.096699 -2.985040
vt 34.096699 -3.014960
vt 34.103600 -2.989530
vt 33.912201 -3.011060
vt 33.910500 -2.988940
vt 33.910500 -3.011060
vt 33.912201 -2.988940
vt 33.913898 -3.011060
vt 33.913898 -2.988940
vt 33.903301 -3.019640
vt 33.896400 -3.009710
vt 33.896400 -3.019640
vt 33.903301 -3.009710
vt 34.034100 -2.996650
vt 34.029999 -2.994940
vt 34.030701 -2.996650
vt 34.032398 -2.997350
vt 34.034801 -2.994940
vt 34.034100 -2.993240
vt 34.030701 -2.993240
vt 34.032398 -2.992530
vt 34.086102 -2.996650
vt 34.086102 -2.993240
vt 34.085400 -2.994940
vt 34.089500 -2.993240
vt 34.087799 -2.992530
vt 34.090199 -2.994940
vt 34.089500 -2.996650
vt 34.087799 -2.997350
vt 33.943501 -2.996650
vt 33.943501 -2.993240
vt 33.942799 -2.994940
vt 33.946899 -2.993240
vt 33.945202 -2.992530
vt 33.947701 -2.994940
vt 33.946899 -2.996650
vt 33.945202 -2.997350
vt 33.910000 -2.996650
vt 33.910000 -2.993240
vt 33.909302 -2.994940
vt 33.913399 -2.993240
vt 33.911701 -2.992530
vt 33.914101 -2.994940
vt 33.913399 -2.996650
vt 33.911701 -2.997350
vt 34.099499 -2.974480
vt 34.099499 -2.971070
vt 34.098801 -2.972770
vt 34.101200 -2.970360
vt 34.102901 -2.974480
vt 34.101200 -2.975180
vt 34.102901 -2.971070
vt 34.103600 -2.972770
vt 33.928501 -2.974480
vt 33.924400 -2.972770
vt 33.925098 -2.974480
vt 33.926800 -2.975180
vt 33.926800 -2.970360
vt 33.925098 -2.971070
vt 33.928501 -2.971070
vt 33.929199 -2.972770
vt 33.903301 -3.029640
vt 33.896400 -3.004200
vt 33.896400 -3.025150
vt 33.903301 -2.999710
vt 34.010502 -3.019640
vt 33.989498 -3.009710
vt 33.989498 -3.019640
vt 34.010502 -3.009710
vt 34.005001 -3.025150
vt 34.005001 -3.004200
vt 33.994999 -3.025150
vt 33.994999 -3.004200
vt 33.896400 -3.004960
vt 33.903301 -3.004960
vt 33.896400 -2.995040
vt 33.903301 -2.995040
vt 33.911701 -2.988940
vt 33.913399 -3.011060
vt 33.913399 -2.988940
vt 33.911701 -3.011060
vt 33.910000 -2.988940
vt 33.910000 -3.011060
vt 33.903301 -3.014960
vt 33.896400 -2.989530
vt 33.896400 -3.010470
vt 33.903301 -2.985040
vt 34.101200 -3.011060
vt 34.099499 -2.988940
vt 34.099499 -3.011060
vt 34.101200 -2.988940
vt 34.102901 -3.011060
vt 34.102901 -2.988940
vt 34.032398 -3.011060
vt 34.030701 -2.988940
vt 34.030701 -3.011060
vt 34.032398 -2.988940
vt 34.034100 -3.011060
vt 34.034100 -2.988940
vt 33.926800 -3.011060
vt 33.925098 -2.988940
vt 33.925098 -3.011060
vt 33.926800 -2.988940
vt 33.928501 -3.011060
vt 33.928501 -2.988940
vt 33.945202 -3.011060
vt 33.943501 -2.988940
vt 33.943501 -3.011060
vt 33.945202 -2.988940
vt 33.946899 -3.011060
vt 33.946899 -2.988940
vt 34.087799 -2.988940
vt 34.089500 -3.011060
vt 34.089500 -2.988940
vt 34.087799 -3.011060
vt 34.086102 -2.988940
vt 34.086102 -3.011060
vt 34.103600 -3.009710
vt 34.096699 -3.009710
vt 34.103600 -3.019640
vt 34.096699 -3.019640
vt 33.965900 -2.993240
vt 33.970001 -2.994940
vt 33.969299 -2.993240
vt 33.967602 -2.992530
vt 33.965199 -2.994940
vt 33.965900 -2.996650
vt 33.969299 -2.996650
vt 33.967602 -2.997350
vt 33.909801 -2.994940
vt 33.913898 -2.993240
vt 33.910500 -2.993240
vt 33.912201 -2.992530
vt 33.913898 -2.996650
vt 33.914600 -2.994940
vt 33.910500 -2.996650
vt 33.912201 -2.997350
vt 34.052299 -2.994940
vt 34.056499 -2.993240
vt 34.053101 -2.993240
vt 34.054798 -2.992530
vt 34.056499 -2.996650
vt 34.057201 -2.994940
vt 34.053101 -2.996650
vt 34.054798 -2.997350
vt 34.085899 -2.994940
vt 34.090000 -2.993240
vt 34.086601 -2.993240
vt 34.088299 -2.992530
vt 34.090000 -2.996650
vt 34.090698 -2.994940
vt 34.086601 -2.996650
vt 34.088299 -2.997350
vt 33.897099 -2.974480
vt 33.898800 -2.970360
vt 33.897099 -2.971070
vt 33.896400 -2.972770
vt 33.900501 -2.974480
vt 33.898800 -2.975180
vt 33.900501 -2.971070
vt 33.901199 -2.972770
vt 34.071499 -2.974480
vt 34.073200 -2.970360
vt 34.071499 -2.971070
vt 34.070801 -2.972770
vt 34.075600 -2.972770
vt 34.074902 -2.971070
vt 34.074902 -2.974480
vt 34.073200 -2.975180
vt 34.096699 -2.999710
vt 34.103600 -3.025150
vt 34.103600 -3.004200
vt 34.096699 -3.029640
vt 15.964900 -24.982000
vt 0.000000 0.000000
vt 15.974800 -24.977800
vt 0.003953 -42.995998
vt 0.003953 -43.004002
vt 0.005590 -43.000000
vt 0.000000 -43.005600
vt -0.000000 -42.994400
vt -0.003953 -43.004002
vt -0.003953 -42.995998
vt -0.005590 -43.000000
vt -0.000000 -42.990101
vt 0.009492 -42.990501
vt -0.000000 -42.986599
vt -0.009492 -42.990501
vt -0.000000 -42.982899
vt -0.009577 -42.990398
vt -0.000000 -42.986500
vt 0.000000 -43.017101
vt -0.009577 -43.009602
vt -0.012115 -43.012100
vt 0.000000 -43.013500
vt 0.012115 -43.012100
vt 0.000000 -43.009800
vt 0.009577 -42.990398
vt -0.006955 -43.007000
vt -0.009835 -43.000000
vt 0.009578 -43.009602
vt 0.012115 -42.987900
vt 0.006955 -43.007000
vt 0.009835 -43.000000
vt -0.006955 -42.993000
vt -0.000000 -42.990200
vt 0.006955 -42.993000
vt 0.013545 -43.000000
vt 0.017134 -43.000000
vt 0.008641 -43.008598
vt 0.012221 -43.000000
vt 0.008541 -43.000000
vt 0.000000 -43.012199
vt 0.000000 -43.015701
vt -0.008641 -43.008598
vt 0.011133 -43.011101
vt -0.011133 -43.011101
vt -0.012221 -43.000000
vt -0.008541 -43.000000
vt -0.006039 -42.993999
vt 0.015744 -43.000000
vt 0.011133 -42.988899
vt -0.008641 -42.991402
vt -0.011133 -42.988899
vt -0.000000 -42.991501
vt -0.000000 -42.984299
vt -0.000000 -42.987801
vt 0.008641 -42.991402
vt 0.006039 -42.993999
vt -0.012115 -42.987900
vt -0.017134 -43.000000
vt -0.013545 -43.000000
vt -0.015744 -43.000000
vt -0.006039 -43.006001
vt 0.000000 -43.008499
vt 0.006039 -43.006001
vt 0.006977 -42.993000
vt -0.006977 -42.993000
vt 0.013423 -43.000000
vt -0.000000 -42.993999
vt 0.009867 -43.000000
vt 0.009492 -43.009499
vt 0.006012 -43.000000
vt 0.004251 -42.995800
vt 0.006977 -43.007000
vt 0.000000 -43.013401
vt -0.004251 -42.995800
vt -0.006012 -43.000000
vt 0.004251 -43.004200
vt 0.000000 -43.006001
vt 0.000000 -43.009899
vt -0.004251 -43.004200
vt -0.006977 -43.007000
vt -0.009492 -43.009499
vt -0.009867 -43.000000
vt -0.013423 -43.000000
vt -0.005214 -43.000000
vt -0.006812 -42.993198
vt -0.009633 -43.000000
vt -0.006812 -43.006802
vt -0.003687 -42.996300
vt -0.000000 -42.990398
vt -0.000000 -42.994801
vt -0.000000 -43.000000
vt 0.003687 -42.996300
vt 0.006812 -42.993198
vt 0.005214 -43.000000
vt 0.009633 -43.000000
vt 0.006812 -43.006802
vt 0.003687 -43.003700
vt 0.000000 -43.009602
vt 0.000000 -43.005199
vt -0.003687 -43.003700
vt -0.040461 -43.004002
vt 0.015664 -43.004002
vt -0.040461 -43.000000
vt 0.015664 -43.000000
vt -0.040461 -42.995998
vt 0.015664 -42.995998
vt 0.009781 -43.000000
vt 0.013368 -42.990501
vt 0.009781 -42.989498
vt 0.006193 -42.990501
vt 0.013368 -43.000000
vt 0.013368 -43.009499
vt 0.009781 -43.010502
vt 0.006193 -43.009499
vt 0.006193 -43.000000
vt -0.020877 -43.012100
vt -0.017284 -43.000000
vt -0.020877 -43.000000
vt -0.020988 -43.000000
vt -0.017284 -42.994202
vt -0.020988 -42.993000
vt -0.020988 -43.007000
vt -0.017284 -43.005798
vt -0.013580 -43.000000
vt -0.013580 -42.993000
vt -0.013580 -43.007000
vt -0.013691 -42.987900
vt -0.013691 -43.000000
vt -0.017284 -43.013100
vt -0.013691 -43.012100
vt -0.003378 -43.000000
vt -0.006910 -42.988899
vt -0.006910 -43.000000
vt -0.006910 -43.011101
vt -0.003378 -43.012100
vt 0.000154 -43.011101
vt 0.000154 -43.000000
vt 0.000154 -42.988899
vt -0.017284 -42.986900
vt -0.020877 -42.987900
vt -0.003378 -42.987900
vt 0.000302 -43.000000
vt 0.000302 -42.993999
vt -0.003378 -42.995098
vt -0.003378 -43.004902
vt 0.000302 -43.006001
vt -0.007058 -43.000000
vt -0.007058 -42.993999
vt -0.007058 -43.006001
vt 0.013668 -43.000000
vt 0.013668 -42.995800
vt 0.009781 -42.997002
vt 0.009781 -43.002998
vt 0.013668 -43.004200
vt 0.005893 -43.000000
vt 0.005893 -42.995800
vt 0.005893 -43.004200
vt 0.036471 -43.000000
vt 0.036471 -42.993198
vt 0.032051 -43.000000
vt 0.036471 -43.006802
vt 0.032051 -43.008900
vt 0.032051 -42.991100
vt 0.026837 -43.000000
vt 0.026837 -43.009602
vt 0.026837 -42.990398
vt 0.021624 -42.991100
vt 0.021624 -43.008900
vt 0.021624 -43.000000
vt 0.017204 -42.993198
vt 0.017204 -43.000000
vt 0.017204 -43.006802
vt 0.040461 -43.004002
vt -0.015664 -43.000000
vt -0.015664 -43.004002
vt 0.040461 -43.000000
vt -0.015664 -42.995998
vt 0.040461 -42.995998
vt -0.009781 -43.000000
vt -0.013368 -43.009499
vt -0.009781 -43.010502
vt -0.006193 -43.009499
vt -0.013368 -43.000000
vt -0.013368 -42.990501
vt -0.009781 -42.989498
vt -0.006193 -42.990501
vt 0.020988 -43.000000
vt 0.017284 -43.005798
vt 0.020988 -43.007000
vt 0.017284 -43.000000
vt 0.013580 -43.000000
vt 0.013580 -43.007000
vt 0.017284 -42.994202
vt 0.013580 -42.993000
vt 0.020988 -42.993000
vt 0.003378 -42.995098
vt -0.000302 -43.000000
vt 0.003378 -43.000000
vt 0.007058 -43.000000
vt 0.007058 -42.993999
vt -0.000302 -42.993999
vt 0.013691 -43.012100
vt 0.017284 -43.013100
vt 0.020877 -43.012100
vt 0.013691 -43.000000
vt 0.013691 -42.987900
vt 0.017284 -42.986900
vt 0.020877 -42.987900
vt 0.020877 -43.000000
vt -0.000154 -43.011101
vt 0.003378 -43.012100
vt 0.006910 -43.011101
vt -0.000154 -43.000000
vt -0.000154 -42.988899
vt 0.006910 -43.000000
vt 0.006910 -42.988899
vt 0.003378 -42.987900
vt 0.003378 -43.004902
vt -0.000302 -43.006001
vt 0.007058 -43.006001
vt -0.013668 -43.000000
vt -0.009781 -42.997002
vt -0.013668 -42.995800
vt -0.005893 -43.000000
vt -0.005893 -42.995800
vt -0.009781 -43.002998
vt -0.013668 -43.004200
vt -0.005893 -43.004200
vt -0.006193 -43.000000
vt -0.026837 -43.009602
vt -0.026837 -43.000000
vt -0.032051 -43.008900
vt -0.021624 -43.008900
vt -0.032051 -43.000000
vt -0.036471 -43.006802
vt -0.036471 -43.000000
vt -0.036471 -42.993198
vt -0.032051 -42.991100
vt -0.026837 -42.990398
vt -0.021624 -42.991100
vt -0.021624 -43.000000
vt -0.017204 -42.993198
vt -0.017204 -43.006802
vt -0.017204 -43.000000
vt 0.009577 -43.009602
vt -0.009578 -43.009602
vt 17.983999 -48.960999
vt 17.983999 -49.029999
vt 18.016001 -48.960999
vt 18.016001 -49.029999
vt 18.016001 -49.007500
vt 17.983999 -49.007500
vt 18.003901 -49.047699
vt 18.003901 -49.008999
vt 17.996099 -49.008999
vt 17.996099 -49.047699
vt 18.010000 -48.941299
vt 17.990000 -48.957600
vt 18.010000 -48.957600
vt 17.990000 -48.965099
vt 18.010000 -48.965099
vt 17.990000 -48.941299
vt 18.004999 -48.937500
vt 18.010000 -48.930801
vt 18.004999 -48.930801
vt 17.995001 -48.937500
vt 17.990000 -48.930801
vt 17.995001 -48.930801
vt 18.003901 -49.003601
vt 18.003901 -48.966000
vt 17.996099 -48.966000
vt 17.996099 -49.003601
vt 17.996099 -48.970901
vt 18.003901 -49.007900
vt 18.003901 -48.970901
vt 17.996099 -49.007900
vt 18.016001 -49.008801
vt 17.983999 -49.008801
vt 18.003901 -49.004799
vt 18.003901 -48.972401
vt 17.996099 -48.972401
vt 17.996099 -49.004799
vt 18.010000 -48.942101
vt 17.990000 -48.942101
vt 18.010000 -48.943802
vt 17.990000 -48.943802
vt 18.010000 -48.956100
vt 17.990000 -48.956100
vt 17.990000 -48.954102
vt 18.010000 -48.939400
vt 17.990000 -48.939400
vt 18.010000 -48.954102
vt 17.995100 -48.930599
vt 17.990000 -48.930599
vt 17.995100 -48.937500
vt 18.004900 -48.937500
vt 18.010000 -48.930599
vt 18.004900 -48.930599
vt 18.003901 -48.999500
vt 18.003901 -48.967098
vt 17.996099 -48.967098
vt 17.996099 -48.999500
vt 18.016001 -49.010201
vt 18.016001 -48.963299
vt 17.983999 -49.010201
vt 17.983999 -48.963299
vt 18.153299 -49.009998
vt 18.130301 -49.004902
vt 18.130301 -49.009998
vt 18.153299 -49.004902
vt 18.153299 -48.990002
vt 18.130301 -48.990002
vt 18.153299 -48.995098
vt 18.130301 -48.995098
vt 17.953800 -49.009998
vt 18.028799 -49.009998
vt 18.028799 -49.005001
vt 17.953800 -49.005001
vt 17.953800 -48.994999
vt 18.028799 -48.994999
vt 18.028799 -48.990002
vt 17.953800 -48.990002
vt 18.125601 -48.995098
vt 18.125601 -49.004902
vt 18.038300 -49.005001
vt 17.951401 -48.994999
vt 17.951401 -49.005001
vt 18.038300 -48.994999
vt 18.043800 -49.009998
vt 18.043800 -48.990002
vt 18.107700 -49.009998
vt 18.107700 -48.990002
vt 18.058300 -49.003899
vt 18.090700 -49.003899
vt 18.090700 -48.996101
vt 18.058300 -48.996101
vt 18.033199 -49.009998
vt 17.958099 -48.990002
vt 17.958099 -49.009998
vt 18.033199 -48.990002
vt 18.051201 -49.015999
vt 18.038700 -48.984001
vt 18.038700 -49.015999
vt 18.051201 -48.984001
vt 17.936199 -49.015999
vt 17.923700 -48.984001
vt 17.923700 -49.015999
vt 17.936199 -48.984001
vt 17.863100 -49.015999
vt 17.841801 -48.984001
vt 17.841801 -49.015999
vt 17.863100 -48.984001
vt 18.158199 -49.015999
vt 18.145700 -48.984001
vt 18.145700 -49.015999
vt 18.158199 -48.984001
vt 18.123199 -48.990002
vt 18.123199 -49.009998
vt 18.126101 -49.009998
vt 18.126101 -48.990002
vt 18.142300 -49.009998
vt 18.145500 -49.009998
vt 18.145500 -48.990002
vt 18.142300 -48.990002
vt 17.924400 -49.003899
vt 17.961300 -49.003899
vt 17.961300 -48.996101
vt 17.924400 -48.996101
vt 17.869301 -49.003899
vt 17.904301 -49.003899
vt 17.904301 -48.996101
vt 17.869301 -48.996101
vt 17.841801 -48.963299
vt 17.841801 -49.010201
vt 17.854300 -49.010201
vt 17.854300 -48.963299
vt 17.948799 -48.960999
vt 17.948799 -49.008801
vt 17.961300 -49.008801
vt 17.961300 -48.960999
vt 18.063801 -48.960999
vt 18.063801 -49.007500
vt 18.076300 -49.007500
vt 18.076300 -48.960999
vt 18.136900 -48.960999
vt 18.136900 -49.029999
vt 18.158199 -49.029999
vt 18.158199 -48.960999
vt 17.892300 -48.957600
vt 17.846701 -48.957600
vt 17.892300 -48.965099
vt 17.846701 -48.965099
vt 17.956200 -48.965099
vt 17.956200 -48.957600
vt 18.055000 -48.965099
vt 18.055000 -48.957600
vt 17.966801 -48.956100
vt 17.966801 -48.943802
vt 18.041901 -48.955700
vt 17.956200 -48.941299
vt 18.049999 -48.941299
vt 17.966801 -48.942101
vt 18.038799 -48.944000
vt 17.971201 -48.930801
vt 18.037300 -48.938599
vt 17.972099 -48.938599
vt 18.046200 -48.930801
vt 17.876801 -48.954102
vt 17.879801 -48.956501
vt 17.869699 -48.930599
vt 17.864300 -48.939400
vt 17.854500 -48.939400
vt 17.846701 -48.930599
vt 17.873899 -48.956200
vt 17.854500 -48.954102
vt 17.857700 -48.956200
vt 17.852501 -48.956600
vt 17.909300 -48.999500
vt 17.947001 -48.972401
vt 17.941700 -48.967098
vt 17.914600 -49.004799
vt 17.856001 -48.972401
vt 17.893600 -48.999500
vt 17.861300 -48.967098
vt 17.888300 -49.004799
vt 18.100500 -49.015999
vt 18.130699 -48.980900
vt 18.095699 -49.010300
vt 18.135599 -48.986599
vt 18.023100 -48.970901
vt 18.054800 -49.003601
vt 18.028799 -48.966000
vt 18.049101 -49.008499
vt 17.971100 -49.003101
vt 18.002399 -48.970901
vt 17.996599 -48.966000
vt 17.976801 -49.007900
vt 18.034000 -49.043800
vt 18.059500 -49.008999
vt 18.053101 -49.005100
vt 18.040400 -49.047699
vt 18.075600 -49.062401
vt 18.038700 -49.043999
vt 18.035999 -49.050999
vt 18.072901 -49.069401
vt 17.846701 -48.937500
vt 17.874399 -48.937500
vt 17.961700 -48.937500
vt 18.048599 -48.937500
vt 17.996099 -49.003101
vt 18.003901 -49.003101
vt 17.996099 -49.008499
vt 18.003901 -49.008499
vt 17.990000 -48.955700
vt 18.010000 -48.955700
vt 17.990000 -48.944000
vt 18.010000 -48.944000
vt 17.990000 -48.938599
vt 18.010000 -48.938599
vt 17.996099 -49.005100
vt 17.996099 -49.043800
vt 18.003901 -49.043800
vt 18.003901 -49.005100
vt 18.100500 -49.003899
vt 18.135599 -49.003899
vt 18.135599 -48.996101
vt 18.100500 -48.996101
vt 18.136900 -48.984001
vt 18.136900 -49.015999
vt 18.035999 -49.003899
vt 18.072901 -49.003899
vt 18.072901 -48.996101
vt 18.035999 -48.996101
vt 17.854300 -49.015999
vt 17.854300 -48.984001
vt 17.961300 -49.015999
vt 17.948799 -48.984001
vt 17.948799 -49.015999
vt 17.961300 -48.984001
vt 18.076300 -49.015999
vt 18.063801 -48.984001
vt 18.063801 -49.015999
vt 18.076300 -48.984001
vt 18.037300 -48.990002
vt 17.972099 -48.990002
vt 18.037300 -49.009998
vt 17.972099 -49.009998
vt 17.966801 -48.990002
vt 17.966801 -49.009998
vt 17.864300 -49.009998
vt 17.864300 -48.990002
vt 17.854500 -49.009998
vt 17.854500 -48.990002
vt 18.145700 -48.963299
vt 18.158199 -49.010201
vt 18.158199 -48.963299
vt 18.145700 -49.010201
vt 18.038700 -48.960999
vt 18.051201 -49.008801
vt 18.051201 -48.960999
vt 18.038700 -49.008801
vt 17.923700 -48.960999
vt 17.936199 -49.007500
vt 17.936199 -48.960999
vt 17.923700 -49.007500
vt 17.841801 -48.960999
vt 17.863100 -49.029999
vt 17.863100 -48.960999
vt 17.841801 -49.029999
vt 17.945000 -48.957600
vt 18.043800 -48.965099
vt 18.043800 -48.957600
vt 17.945000 -48.965099
vt 18.107700 -48.965099
vt 18.033199 -48.956100
vt 17.958099 -48.955700
vt 17.950001 -48.941299
vt 18.033199 -48.943802
vt 17.961201 -48.944000
vt 18.043800 -48.941299
vt 17.962700 -48.938599
vt 18.033199 -48.942101
vt 17.953800 -48.930801
vt 18.028799 -48.930801
vt 18.027901 -48.938599
vt 18.107700 -48.957600
vt 18.153299 -48.965099
vt 18.153299 -48.957600
vt 18.120199 -48.956501
vt 18.123199 -48.954102
vt 18.130301 -48.930599
vt 18.126101 -48.956200
vt 18.135700 -48.939400
vt 18.145500 -48.939400
vt 18.153299 -48.930599
vt 18.142300 -48.956200
vt 18.145500 -48.954102
vt 18.147499 -48.956600
vt 18.052999 -48.972401
vt 18.085400 -49.004799
vt 18.090700 -48.999500
vt 18.058300 -48.967098
vt 18.106400 -48.999500
vt 18.143999 -48.972401
vt 18.138700 -48.967098
vt 18.111700 -49.004799
vt 17.899500 -49.015999
vt 17.869301 -48.980900
vt 17.864401 -48.986599
vt 17.904301 -49.010300
vt 17.976900 -48.970901
vt 17.945200 -49.003601
vt 17.950899 -49.008499
vt 17.971201 -48.966000
vt 17.997601 -48.970901
vt 18.023199 -49.007900
vt 18.028900 -49.003101
vt 18.003401 -48.966000
vt 17.940500 -49.008999
vt 17.959600 -49.047699
vt 17.966000 -49.043800
vt 17.946899 -49.005100
vt 17.924400 -49.062401
vt 17.964001 -49.050999
vt 17.961300 -49.043999
vt 17.927099 -49.069401
vt 18.125601 -48.937500
vt 18.153299 -48.937500
vt 17.951401 -48.937500
vt 18.038300 -48.937500
vt 16.012899 -24.969900
vt 15.987100 -24.969900
vt 16.012899 -24.999599
vt 15.987100 -24.999599
vt 16.012899 -24.941099
vt 15.987100 -24.941099
vt 16.012899 -24.975599
vt 15.987100 -24.950199
vt 15.987100 -24.975599
vt 16.012899 -24.950199
vt 16.011801 -24.982000
vt 16.011801 -24.940901
vt 15.988200 -24.940901
vt 15.988200 -24.982000
vt 16.010000 -25.035000
vt 16.010000 -24.978201
vt 15.990000 -24.978201
vt 15.990000 -25.035000
vt 15.990000 -25.038900
vt 16.010000 -25.038900
vt 15.990000 -25.046700
vt 16.010000 -25.046700
vt 16.012400 -24.941099
vt 15.987600 -24.941099
vt 16.012400 -24.981899
vt 15.987600 -24.981899
vt 16.010000 -25.044001
vt 15.990000 -25.044001
vt 16.010000 -25.049000
vt 15.990000 -25.049000
vt 15.990000 -25.040899
vt 16.010000 -25.040899
vt 15.990000 -24.995100
vt 16.010000 -24.995100
vt 16.011801 -24.977800
vt 16.011801 -24.948299
vt 15.988200 -24.948299
vt 15.988200 -24.977800
vt 16.012400 -24.974701
vt 16.012400 -24.948299
vt 15.987600 -24.948299
vt 15.987600 -24.974701
vt 15.895300 -25.012899
vt 15.895300 -24.987101
vt 15.868700 -25.012899
vt 15.868700 -24.987101
vt 15.911800 -25.012899
vt 15.911800 -24.987101
vt 15.930500 -25.011801
vt 16.035101 -25.011801
vt 16.035101 -24.988199
vt 15.930500 -24.988199
vt 15.858200 -25.012899
vt 15.921800 -25.012899
vt 15.921800 -24.987101
vt 15.858200 -24.987101
vt 16.053400 -25.012400
vt 16.134001 -25.012400
vt 16.134001 -24.987600
vt 16.053400 -24.987600
vt 15.973900 -25.010000
vt 15.937100 -24.990000
vt 15.937100 -25.010000
vt 15.973900 -24.990000
vt 16.045601 -25.012400
vt 16.141800 -24.987600
vt 16.045601 -24.987600
vt 16.141800 -25.012400
vt 15.997000 -25.011801
vt 16.025200 -25.011801
vt 16.025200 -24.988199
vt 15.997000 -24.988199
vt 15.968700 -25.011801
vt 15.940500 -25.011801
vt 15.968700 -24.988199
vt 15.940500 -24.988199
vt 15.926600 -25.010000
vt 15.947200 -25.010000
vt 15.947200 -24.990000
vt 15.926600 -24.990000
vt 16.078199 -24.978100
vt 16.102200 -24.999599
vt 16.088200 -24.975599
vt 16.104700 -24.989599
vt 16.088200 -24.950199
vt 16.131300 -24.999599
vt 16.078199 -24.941099
vt 16.131300 -24.989599
vt 16.131300 -24.950199
vt 16.141800 -24.999599
vt 16.141800 -24.941099
vt 16.141800 -24.969900
vt 16.131300 -24.969900
vt 15.954400 -24.981899
vt 15.954400 -24.941099
vt 15.946600 -24.948299
vt 15.858200 -24.941099
vt 15.946600 -24.974701
vt 15.866000 -24.948299
vt 15.858200 -24.981899
vt 15.866000 -24.974701
vt 16.059500 -24.948299
vt 16.059500 -24.977800
vt 16.069500 -24.982000
vt 16.034599 -24.992100
vt 16.069500 -24.940901
vt 16.031300 -24.985201
vt 15.964900 -24.940901
vt 15.974800 -24.948299
vt 16.083700 -25.046700
vt 16.052799 -25.049000
vt 16.042999 -25.059099
vt 16.040600 -25.051201
vt 16.073400 -25.042700
vt 16.051300 -25.044001
vt 16.081301 -25.038900
vt 16.043301 -25.046200
vt 16.071899 -25.037701
vt 16.050400 -25.040899
vt 16.080099 -25.035000
vt 16.036600 -24.995100
vt 16.070999 -25.034599
vt 16.026100 -24.989401
vt 16.057100 -24.988899
vt 16.062901 -24.978201
vt 15.990000 -24.989401
vt 15.990000 -25.046200
vt 16.010000 -25.046200
vt 16.010000 -24.989401
vt 15.990000 -25.051201
vt 16.010000 -25.051201
vt 15.990000 -25.059099
vt 16.010000 -25.059099
vt 15.990000 -25.042700
vt 16.010000 -25.042700
vt 15.990000 -25.037701
vt 16.010000 -25.037701
vt 15.990000 -25.034599
vt 16.010000 -25.034599
vt 15.990000 -24.988899
vt 16.010000 -24.988899
vt 15.987100 -24.978100
vt 16.012899 -24.978100
vt 15.987100 -24.989599
vt 16.012899 -24.989599
vt 16.042999 -25.010000
vt 16.083700 -25.010000
vt 16.083700 -24.990000
vt 16.042999 -24.990000
vt 16.036600 -25.010000
vt 16.057100 -25.010000
vt 16.057100 -24.990000
vt 16.036600 -24.990000
vt 15.858200 -25.012400
vt 15.954400 -25.012400
vt 15.954400 -24.987600
vt 15.858200 -24.987600
vt 15.999700 -25.011801
vt 16.034599 -25.011801
vt 16.034599 -24.988199
vt 16.069500 -24.988199
vt 16.069500 -25.011801
vt 16.078199 -25.012899
vt 16.102200 -25.012899
vt 16.078199 -24.987101
vt 16.102200 -24.987101
vt 16.131300 -25.012899
vt 16.131300 -24.987101
vt 16.141800 -24.987101
vt 16.141800 -25.012899
vt 15.974800 -25.011801
vt 16.059500 -24.988199
vt 15.974800 -24.988199
vt 16.059500 -25.011801
vt 16.088200 -24.987101
vt 16.088200 -25.012899
vt 15.866000 -25.012400
vt 15.946600 -25.012400
vt 15.946600 -24.987600
vt 15.866000 -24.987600
vt 15.921800 -24.941099
vt 15.868700 -24.950199
vt 15.911800 -24.950199
vt 15.921800 -24.978100
vt 15.858200 -24.969900
vt 15.911800 -24.975599
vt 15.868700 -24.969900
vt 15.897800 -24.999599
vt 15.868700 -24.989599
vt 15.895300 -24.989599
vt 15.858200 -24.999599
vt 15.868700 -24.999599
vt 16.045601 -24.941099
vt 16.053400 -24.948299
vt 16.045601 -24.981899
vt 16.134001 -24.948299
vt 16.053400 -24.974701
vt 16.141800 -24.981899
vt 16.134001 -24.974701
vt 15.940500 -24.977800
vt 15.965400 -24.992100
vt 15.968700 -24.985201
vt 15.997000 -24.985201
vt 15.930500 -24.982000
vt 16.000299 -24.992100
vt 15.940500 -24.948299
vt 16.025200 -24.977800
vt 15.930500 -24.940901
vt 16.035101 -24.982000
vt 16.035101 -24.940901
vt 16.025200 -24.948299
vt 15.919900 -25.035000
vt 15.942900 -24.988899
vt 15.937100 -24.978201
vt 15.973900 -24.989401
vt 15.929000 -25.034599
vt 15.963400 -24.995100
vt 15.928100 -25.037701
vt 15.956700 -25.046200
vt 15.918700 -25.038900
vt 15.949600 -25.040899
vt 15.926600 -25.042700
vt 15.948700 -25.044001
vt 15.916300 -25.046700
vt 15.959400 -25.051201
vt 15.947200 -25.049000
vt 15.957000 -25.059099
vt 56.000000 -0.936068
vt 56.000801 -0.939818
vt 56.000801 -0.934830
vt 56.001099 -0.939818
vt 56.001099 -0.933371
vt 56.000000 -0.939818
vt 56.000500 -0.933623
vt 56.000198 -0.934828
vt 56.000198 -0.932418
vt 56.000801 -0.931912
vt 55.999500 -0.931397
vt 56.000000 -0.930675
vt 55.998501 -0.930715
vt 55.998798 -0.929848
vt 55.997299 -0.930475
vt 55.997299 -0.929558
vt 55.995899 -0.929848
vt 55.996101 -0.930715
vt 55.994598 -0.930675
vt 55.995098 -0.931397
vt 55.993801 -0.931912
vt 55.994400 -0.932418
vt 55.993500 -0.933371
vt 55.994202 -0.933623
vt 55.993801 -0.934830
vt 55.993500 -0.939818
vt 55.994400 -0.934828
vt 55.993801 -0.939818
vt 55.994598 -0.936068
vt 55.995098 -0.935849
vt 55.994598 -0.939818
vt 55.995899 -0.936894
vt 55.996101 -0.936532
vt 55.995899 -0.939818
vt 55.997299 -0.937184
vt 55.997299 -0.936771
vt 55.997299 -0.939818
vt 55.998501 -0.936532
vt 55.998798 -0.939818
vt 55.998798 -0.936894
vt 55.999500 -0.935849
vt 55.993099 -0.939686
vt 56.001499 -0.937635
vt 55.993099 -0.937635
vt 56.001499 -0.939686
vt 55.993099 -0.941738
vt 56.001499 -0.941738
vt 55.997501 -0.933964
vt 55.994400 -0.938441
vt 56.000198 -0.938441
vt 55.997200 -0.933964
vt 56.117100 -0.997452
vt 56.118801 -0.997452
vt 56.118801 -0.997163
vt 56.117100 -0.997163
vt 55.942501 -0.995854
vt 55.944698 -0.994617
vt 55.942501 -0.994617
vt 55.944698 -0.995854
vt 55.942501 -0.997313
vt 55.944698 -0.997313
vt 55.942501 -0.998773
vt 55.944698 -0.998773
vt 55.942501 -1.000010
vt 55.944698 -1.000010
vt 56.118000 -1.001480
vt 56.115898 -0.993140
vt 56.115898 -1.001480
vt 56.118000 -0.993140
vt 56.119999 -1.001480
vt 56.119999 -0.993140
vt 55.944698 -0.995087
vt 55.942501 -0.995087
vt 55.944698 -0.996109
vt 55.942501 -0.996109
vt 55.944698 -0.998518
vt 55.942501 -0.998518
vt 55.944698 -0.999539
vt 55.942501 -0.999539
vt 55.943600 -1.001480
vt 55.941502 -0.993140
vt 55.941502 -1.001480
vt 55.943600 -0.993140
vt 55.945599 -1.001480
vt 55.945599 -0.993140
vt 56.057499 -0.939818
vt 56.057499 -0.933371
vt 56.055302 -0.939818
vt 56.055302 -0.933371
vt 56.057499 -0.931912
vt 56.055302 -0.931912
vt 56.057499 -0.930675
vt 56.055302 -0.930675
vt 55.881199 -0.933964
vt 55.881199 -0.938441
vt 55.882900 -0.938441
vt 55.882900 -0.933964
vt 56.054401 -0.941738
vt 56.054401 -0.937635
vt 56.053501 -0.939686
vt 56.056400 -0.942588
vt 56.058498 -0.937635
vt 56.056400 -0.936785
vt 56.058498 -0.941738
vt 56.059299 -0.939686
vt 55.880001 -0.941738
vt 55.880001 -0.937635
vt 55.879101 -0.939686
vt 55.882000 -0.942588
vt 55.884102 -0.937635
vt 55.882000 -0.936785
vt 55.884102 -0.941738
vt 55.884899 -0.939686
vt 56.057499 -0.935849
vt 56.055302 -0.934828
vt 56.055302 -0.935849
vt 56.055302 -0.931397
vt 56.057499 -0.932418
vt 56.057499 -0.931397
vt 56.057499 -0.934828
vt 56.055302 -0.932418
vt 56.055302 -0.933623
vt 56.057499 -0.933623
vt 55.999802 -0.938441
vt 56.002800 -0.933964
vt 56.002499 -0.933964
vt 56.005600 -0.938441
vt 55.998501 -0.939686
vt 56.006901 -0.937635
vt 55.998501 -0.937635
vt 56.006901 -0.939686
vt 55.998501 -0.941738
vt 56.006901 -0.941738
vt 56.006199 -0.939818
vt 56.005402 -0.936068
vt 56.005402 -0.939818
vt 56.004101 -0.936894
vt 56.004101 -0.939818
vt 56.006199 -0.934830
vt 56.006500 -0.939818
vt 56.006500 -0.933371
vt 56.005600 -0.934828
vt 56.004902 -0.935849
vt 56.005798 -0.933623
vt 56.005600 -0.932418
vt 56.006199 -0.931912
vt 56.004902 -0.931397
vt 56.005402 -0.930675
vt 56.003899 -0.930715
vt 56.004101 -0.929848
vt 56.002701 -0.930475
vt 56.002701 -0.929558
vt 56.001202 -0.929848
vt 56.001499 -0.930715
vt 56.000500 -0.931397
vt 55.999199 -0.931912
vt 55.999802 -0.932418
vt 55.998901 -0.933371
vt 55.999500 -0.933623
vt 55.999199 -0.934830
vt 55.998901 -0.939818
vt 55.999802 -0.934828
vt 55.999199 -0.939818
vt 56.000500 -0.935849
vt 56.001202 -0.936894
vt 56.001499 -0.936532
vt 56.001202 -0.939818
vt 56.002701 -0.937184
vt 56.002701 -0.936771
vt 56.002701 -0.939818
vt 56.003899 -0.936532
vt 55.882000 -0.993140
vt 55.884102 -1.001480
vt 55.884102 -0.993140
vt 55.882000 -1.001480
vt 55.880001 -0.993140
vt 55.880001 -1.001480
vt 56.055302 -0.996109
vt 56.057499 -0.995087
vt 56.055302 -0.995087
vt 56.057499 -0.996109
vt 56.055302 -0.997313
vt 56.057499 -0.997313
vt 56.055302 -0.998518
vt 56.057499 -0.998518
vt 56.055302 -0.999539
vt 56.057499 -0.999539
vt 55.882900 -1.000170
vt 55.882900 -0.994444
vt 55.881199 -1.000170
vt 55.881199 -0.994444
vt 56.056400 -0.993140
vt 56.058498 -1.001480
vt 56.058498 -0.993140
vt 56.056400 -1.001480
vt 56.054401 -0.993140
vt 56.054401 -1.001480
vt 55.944698 -0.930675
vt 55.942501 -0.930675
vt 55.942501 -0.931912
vt 55.944698 -0.931912
vt 55.942501 -0.933371
vt 55.944698 -0.933371
vt 55.942501 -0.939818
vt 55.944698 -0.939818
vt 56.117100 -0.933964
vt 56.118801 -0.938441
vt 56.118801 -0.933964
vt 56.117100 -0.938441
vt 55.941502 -0.937635
vt 55.941502 -0.941738
vt 55.943600 -0.942588
vt 55.940701 -0.939686
vt 55.945599 -0.937635
vt 55.943600 -0.936785
vt 55.945599 -0.941738
vt 55.946499 -0.939686
vt 56.115898 -0.937635
vt 56.115898 -0.941738
vt 56.118000 -0.942588
vt 56.115101 -0.939686
vt 56.119999 -0.937635
vt 56.118000 -0.936785
vt 56.119999 -0.941738
vt 56.120899 -0.939686
vt 55.944698 -0.933623
vt 55.942501 -0.933623
vt 55.942501 -0.934828
vt 55.944698 -0.932418
vt 55.944698 -0.934828
vt 55.942501 -0.932418
vt 55.942501 -0.935849
vt 55.944698 -0.931397
vt 55.944698 -0.935849
vt 55.942501 -0.931397
s 0
usemtl Meshpart1Mtl
f 3/1/1 2/2/2 1/3/3
f 2/2/4 3/1/5 4/4/6
f 5/5/7 4/4/8 3/1/9
f 4/4/10 5/5/11 6/6/12
f 9/7/13 8/8/14 7/9/15
f 8/8/16 9/7/17 10/10/18
f 11/11/19 10/10/20 9/7/21
f 10/10/22 11/11/23 12/12/24
f 15/1/25 14/2/26 13/3/27
f 14/2/28 15/1/29 16/4/30
f 17/5/31 16/4/32 15/1/33
f 16/4/34 17/5/35 18/6/36
f 21/7/37 20/8/2 19/9/38
f 20/8/39 21/7/40 22/10/41
f 23/11/42 22/10/20 21/7/21
f 22/10/43 23/11/44 24/12/45
f 27/1/46 26/2/2 25/3/15
f 26/2/4 27/1/5 28/4/6
f 29/5/47 28/4/8 27/1/48
f 28/4/49 29/5/11 30/6/50
f 33/1/1 32/2/2 31/3/15
f 32/2/39 33/1/51 34/4/52
f 35/5/53 34/4/54 33/1/9
f 34/4/55 35/5/11 36/6/12
f 37/13/56 38/14/57 39/15/58
f 39/15/59 38/14/60 40/16/61
f 41/17/62 42/18/63 43/19/64
f 44/20/65 43/19/66 42/18/67
f 45/21/68 1/22/69 2/23/70
f 1/22/71 45/21/72 46/24/73
f 47/25/74 46/24/75 45/21/76
f 46/24/77 47/25/78 48/26/79
f 43/27/80 49/28/81 41/29/82
f 49/28/83 50/30/84 41/29/85
f 51/31/86 52/32/87 53/33/88
f 7/34/71 53/33/89 52/32/90
f 52/32/91 51/31/92 54/35/93
f 53/33/94 7/34/95 8/36/96
f 55/37/97 56/38/98 57/39/99
f 13/40/100 57/39/101 56/38/102
f 56/38/103 55/37/104 58/41/105
f 57/39/106 13/40/107 14/42/108
f 59/43/109 60/44/110 61/45/111
f 19/46/112 61/45/113 60/44/114
f 60/44/115 59/43/116 62/47/117
f 61/45/118 19/46/119 20/48/96
f 63/49/120 64/50/98 65/51/121
f 25/52/112 65/51/101 64/50/102
f 64/50/122 63/49/123 66/53/79
f 65/51/124 25/52/69 26/54/70
f 67/55/125 38/56/126 37/57/127
f 38/56/128 67/55/129 68/58/130
f 69/59/131 31/60/119 32/61/70
f 31/60/112 69/59/72 70/62/73
f 71/63/74 70/62/75 69/59/76
f 70/62/77 71/63/78 72/64/79
f 40/65/132 68/66/133 73/67/134
f 68/66/135 40/65/136 38/68/137
f 17/69/138 74/70/139 75/71/140
f 17/69/141 75/71/142 76/72/143
f 15/73/144 74/70/145 17/69/146
f 13/74/147 74/70/148 15/73/149
f 74/70/150 13/74/151 58/75/152
f 58/75/153 13/74/154 56/76/155
f 77/77/156 72/78/157 78/79/158
f 72/78/159 31/80/160 70/81/161
f 31/80/162 72/78/163 33/82/164
f 77/77/165 33/82/166 72/78/167
f 33/82/168 77/77/169 35/83/170
f 35/83/171 77/77/172 79/84/173
f 80/85/156 66/86/157 81/87/174
f 66/86/159 25/88/175 64/89/155
f 25/88/162 66/86/163 27/90/176
f 80/85/165 27/90/177 66/86/167
f 27/90/178 80/85/179 29/91/180
f 29/91/181 80/85/182 82/92/143
f 83/93/156 48/94/157 84/95/174
f 48/94/159 1/96/175 46/97/161
f 1/96/183 48/94/163 3/98/184
f 83/93/165 3/98/166 48/94/167
f 3/98/168 83/93/169 5/99/170
f 5/99/171 83/93/182 85/100/173
f 86/101/156 54/102/185 87/103/174
f 86/101/186 52/104/187 54/102/188
f 52/104/189 86/101/190 11/105/191
f 11/105/192 86/101/182 88/106/143
f 11/105/193 7/107/194 52/104/195
f 7/107/196 11/105/197 9/108/198
f 23/109/199 89/110/200 90/111/201
f 23/109/202 90/111/203 91/112/204
f 60/113/205 89/110/206 23/109/207
f 89/110/208 60/113/209 62/114/210
f 23/109/211 19/115/194 60/113/212
f 19/115/213 23/109/214 21/116/215
f 42/117/216 50/118/217 92/119/218
f 50/118/219 42/117/220 41/120/221
f 73/121/222 67/122/223 93/123/224
f 67/122/225 73/121/226 68/124/227
f 92/125/228 50/126/229 94/127/230
f 49/128/231 94/127/232 50/126/233
f 95/1/234 48/2/235 47/3/236
f 48/2/237 95/1/238 84/4/239
f 96/5/240 84/4/241 95/1/242
f 84/4/243 96/5/244 83/6/245
f 97/7/234 54/8/246 51/9/247
f 54/8/248 97/7/238 87/10/239
f 98/11/240 87/10/241 97/7/242
f 87/10/249 98/11/244 86/12/245
f 99/1/250 58/2/251 55/3/252
f 58/2/248 99/1/253 74/4/254
f 100/5/255 74/4/256 99/1/257
f 74/4/258 100/5/259 75/6/260
f 101/7/261 62/8/262 59/9/263
f 62/8/264 101/7/265 89/10/266
f 102/11/255 89/10/267 101/7/268
f 89/10/269 102/11/270 90/12/271
f 103/1/234 66/2/235 63/3/272
f 66/2/237 103/1/238 81/4/239
f 104/5/240 81/4/273 103/1/242
f 81/4/249 104/5/244 80/6/245
f 105/1/274 72/2/235 71/3/275
f 72/2/276 105/1/277 78/4/239
f 106/5/240 78/4/273 105/1/242
f 78/4/278 106/5/244 77/6/279
f 94/129/280 44/130/281 92/131/282
f 44/130/283 42/132/284 92/131/285
f 85/133/286 6/134/287 5/135/288
f 6/134/289 85/133/290 107/136/291
f 83/137/292 107/136/293 85/133/294
f 107/136/295 83/137/296 96/138/297
f 39/139/298 73/140/299 93/141/300
f 73/140/301 39/139/302 40/142/303
f 108/143/304 86/144/296 98/145/297
f 88/146/305 12/147/306 11/148/307
f 86/144/308 108/143/309 88/146/310
f 12/147/311 88/146/312 108/143/313
f 109/149/304 75/150/314 100/151/315
f 76/152/305 18/153/316 17/154/317
f 75/150/318 109/149/309 76/152/294
f 18/153/319 76/152/320 109/149/321
f 110/155/304 90/156/322 102/157/315
f 91/158/286 24/159/323 23/160/324
f 90/156/325 110/155/326 91/158/310
f 24/159/327 91/158/312 110/155/313
f 111/161/304 80/162/296 104/163/297
f 82/164/286 30/165/287 29/166/328
f 80/162/308 111/161/309 82/164/310
f 30/165/329 82/164/330 111/161/321
f 79/167/305 36/168/287 35/169/288
f 36/168/289 79/167/331 112/170/332
f 77/171/292 112/170/333 79/167/294
f 112/170/334 77/171/335 106/172/336
f 67/173/337 37/174/338 93/175/339
f 37/174/340 39/176/341 93/175/342
f 14/177/343 99/178/344 55/179/345
f 14/177/346 55/179/347 57/180/348
f 99/178/349 14/177/350 16/181/351
f 18/182/352 99/178/353 16/181/354
f 99/178/355 18/182/356 100/183/357
f 100/183/358 18/182/359 109/184/360
f 34/185/361 71/186/362 32/187/363
f 32/187/364 71/186/365 69/188/366
f 34/185/367 106/189/368 71/186/369
f 71/186/370 106/189/371 105/190/372
f 106/189/373 34/185/374 36/191/375
f 106/189/362 36/191/376 112/192/377
f 28/193/378 63/194/379 26/195/380
f 26/195/364 63/194/365 65/196/348
f 28/193/367 104/197/381 63/194/369
f 63/194/382 104/197/371 103/198/372
f 104/197/383 28/193/384 30/199/385
f 104/197/386 30/199/387 111/200/360
f 4/201/378 47/202/362 2/203/380
f 2/203/364 47/202/365 45/204/366
f 4/201/367 96/205/381 47/202/369
f 47/202/382 96/205/371 95/206/372
f 96/205/373 4/201/374 6/207/375
f 96/205/362 6/207/376 107/208/377
f 12/209/388 53/210/389 8/211/390
f 12/209/391 8/211/392 10/212/393
f 98/213/394 53/210/395 12/209/396
f 98/213/386 12/209/397 108/214/398
f 53/210/374 98/213/399 51/215/400
f 51/215/401 98/213/371 97/216/372
f 24/217/402 61/218/403 20/219/404
f 24/217/405 20/219/363 22/220/393
f 24/217/406 101/221/407 61/218/408
f 61/218/409 101/221/410 59/222/411
f 101/221/412 24/217/413 102/223/357
f 102/223/358 24/217/414 110/224/415
f 43/225/416 94/226/417 49/227/418
f 94/226/419 43/225/420 44/228/421
f 614/229/422 599/230/423 578/231/424
f 613/230/425 602/230/426 599/230/427
f 599/230/428 772/230/429 613/230/430
f 599/230/431 614/229/432 772/230/433
usemtl Meshpart2Mtl
f 116/232/434 114/233/435 115/234/436
f 116/232/437 113/235/438 114/233/439
f 118/236/440 113/235/441 116/232/442
f 113/235/443 118/236/444 117/237/445
f 119/238/446 117/237/435 118/236/447
f 117/237/448 119/238/449 120/239/450
f 125/240/451 123/241/452 124/242/453
f 122/243/454 125/240/455 124/242/456
f 126/244/457 127/245/458 128/246/459
f 129/247/460 130/248/461 131/249/462
f 130/248/463 129/247/464 133/250/465
f 132/251/466 133/250/467 129/247/468
f 130/248/469 133/250/470 134/252/471
f 135/253/472 126/244/473 128/246/474
f 130/248/475 134/252/476 136/254/477
f 137/255/478 130/248/479 136/254/480
f 133/250/481 132/251/482 138/256/483
f 126/244/484 135/253/485 139/257/486
f 140/258/487 134/252/488 133/250/489
f 140/258/490 133/250/491 138/256/492
f 138/256/493 141/259/494 140/258/495
f 137/255/496 142/260/497 127/245/498
f 143/261/499 127/245/500 142/260/501
f 127/245/502 143/261/503 128/246/504
f 135/253/505 143/261/506 144/262/507
f 141/259/508 135/253/509 144/262/510
f 143/261/511 135/253/512 128/246/513
f 135/253/514 141/259/515 145/263/516
f 138/256/517 145/263/518 141/259/519
f 145/263/520 139/257/521 135/253/522
f 138/256/523 146/264/524 145/263/525
f 139/257/526 145/263/527 146/264/528
f 146/264/529 138/256/530 132/251/531
f 147/265/532 148/266/533 149/267/534
f 147/265/535 150/268/536 151/269/537
f 152/270/538 151/269/539 150/268/540
f 147/265/541 151/269/542 153/271/543
f 153/271/544 148/266/545 147/265/546
f 151/269/547 152/270/548 154/272/549
f 155/273/550 154/272/551 152/270/552
f 152/270/553 156/274/554 155/273/555
f 157/275/556 155/273/557 156/274/558
f 153/271/559 158/276/560 148/266/545
f 159/277/561 148/266/562 158/276/563
f 155/273/557 157/275/564 160/278/565
f 155/273/566 160/278/567 161/279/568
f 162/280/569 160/278/570 157/275/571
f 163/281/572 161/279/573 160/278/574
f 160/278/575 162/280/576 164/282/577
f 163/281/578 160/278/579 164/282/580
f 165/283/581 163/281/582 164/282/583
f 163/281/584 165/283/585 159/277/586
f 162/280/587 165/283/588 164/282/589
f 148/266/562 159/277/590 165/283/591
f 148/266/592 165/283/593 166/284/594
f 165/283/595 162/280/596 166/284/597
f 148/266/592 166/284/598 149/267/599
f 167/285/600 168/286/601 169/287/602
f 131/249/603 169/287/604 168/286/605
f 169/287/606 127/245/607 167/285/608
f 169/287/609 131/249/610 130/248/611
f 126/244/612 167/285/613 127/245/614
f 127/245/615 169/287/616 137/255/617
f 130/248/618 137/255/619 169/287/620
f 154/272/621 155/273/550 170/288/622
f 161/279/623 170/288/624 155/273/625
f 156/274/626 152/270/627 172/289/628
f 152/270/629 171/290/630 172/289/631
f 152/270/632 150/268/633 171/290/634
f 171/290/635 147/265/636 173/291/637
f 147/265/638 171/290/639 150/268/640
f 147/265/641 149/267/642 173/291/643
f 123/241/644 125/240/451 174/292/645
f 125/240/646 122/243/647 175/293/648
f 176/294/649 123/241/650 174/292/651
f 177/295/652 174/292/653 125/240/654
f 175/293/655 177/295/656 125/240/657
f 176/294/658 174/292/659 178/296/660
f 179/297/661 176/294/662 178/296/663
f 174/292/664 180/298/665 178/296/666
f 180/298/667 174/292/668 181/299/669
f 174/292/670 177/295/671 181/299/672
f 182/300/673 178/296/674 180/298/675
f 179/297/676 178/296/677 182/300/678
f 182/300/679 183/301/680 179/297/681
f 177/295/682 175/293/683 184/302/684
f 185/303/685 184/302/686 175/293/687
f 182/300/688 180/298/689 188/304/690
f 188/304/691 186/305/692 189/306/693
f 188/304/694 189/306/693 182/300/695
f 187/307/696 189/306/697 186/305/698
f 182/300/699 189/306/700 183/301/701
f 189/306/702 187/307/703 190/308/702
f 190/308/704 183/301/705 189/306/704
f 185/303/706 190/308/707 187/307/708
f 183/301/709 190/308/704 121/309/710
f 190/308/711 185/303/712 191/310/711
f 191/310/713 121/309/714 190/308/713
f 185/303/715 175/293/716 191/310/717
f 121/309/718 191/310/713 192/311/719
f 175/293/720 192/311/721 191/310/722
f 192/311/723 175/293/724 122/243/725
f 196/312/726 193/313/727 195/314/728
f 195/314/729 194/315/730 196/312/731
f 193/313/732 196/312/733 198/316/734
f 198/316/735 197/317/736 193/313/737
f 197/317/738 198/316/735 200/318/739
f 201/319/740 198/316/740 196/312/741
f 201/319/742 200/318/743 198/316/742
f 202/320/744 197/317/745 200/318/746
f 201/319/747 202/320/747 200/318/748
f 199/321/749 197/317/750 202/320/744
f 199/321/751 205/322/752 203/323/753
f 199/321/754 202/320/755 205/322/756
f 205/322/757 204/324/758 203/323/759
f 201/319/760 205/322/761 202/320/760
f 204/324/762 205/322/763 207/325/764
f 201/319/765 207/325/765 205/322/766
f 207/325/767 206/326/768 204/324/769
f 201/319/770 208/327/771 207/325/770
f 206/326/772 207/325/767 208/327/773
f 201/319/774 209/328/774 208/327/775
f 209/328/776 206/326/777 208/327/778
f 206/326/779 209/328/776 194/315/780
f 201/319/781 196/312/782 209/328/781
f 196/312/783 194/315/784 209/328/785
f 116/329/786 210/330/787 118/331/788
f 211/332/789 118/331/790 210/330/791
f 118/331/792 211/332/793 119/333/794
f 212/334/795 119/333/796 211/332/793
f 215/335/797 213/336/798 214/337/797
f 122/338/799 215/335/800 214/337/800
f 213/336/801 215/335/797 216/339/802
f 215/335/803 217/340/804 216/339/805
f 217/340/806 215/335/803 218/341/803
f 215/335/807 123/342/808 218/341/807
f 123/342/809 215/335/807 124/343/810
f 215/335/811 122/338/812 124/343/813
f 139/344/814 219/345/815 126/346/816
f 134/347/817 220/348/818 136/349/819
f 220/348/818 134/347/820 221/345/818
f 140/350/821 222/351/822 134/347/823
f 222/351/822 221/345/822 134/347/824
f 221/345/825 223/352/826 220/348/825
f 222/351/827 223/352/828 221/345/827
f 223/352/829 224/353/830 220/348/825
f 223/352/831 222/351/827 225/354/832
f 227/355/833 219/345/834 226/356/835
f 219/345/815 139/344/836 228/357/815
f 229/358/837 219/345/838 228/357/838
f 219/345/838 229/358/839 226/356/840
f 230/359/841 161/360/842 163/361/843
f 159/362/844 230/359/845 163/361/846
f 230/359/845 159/362/847 231/363/845
f 232/364/848 230/359/849 231/363/849
f 230/359/849 232/364/850 233/365/851
f 234/366/852 230/359/853 233/365/854
f 219/345/834 227/355/855 235/367/834
f 167/368/856 219/345/857 235/367/857
f 219/345/858 167/368/859 126/346/860
f 161/360/861 230/359/841 236/369/841
f 230/359/862 234/366/863 236/369/862
f 237/370/864 238/371/865 240/372/866
f 237/370/867 241/373/868 239/374/869
f 242/359/870 237/370/871 240/372/870
f 241/373/868 237/370/872 242/359/868
f 240/372/873 171/375/874 242/359/873
f 241/373/875 242/359/875 171/375/876
f 171/375/877 240/372/873 172/376/878
f 173/377/879 241/373/875 171/375/880
f 247/378/881 246/379/882 245/380/883
f 247/378/884 244/381/885 243/382/886
f 248/335/883 247/378/887 245/380/883
f 244/381/885 247/378/888 248/335/885
f 245/380/889 186/383/890 248/335/889
f 244/381/891 248/335/891 186/383/892
f 186/383/893 245/380/889 187/384/894
f 188/385/895 244/381/891 186/383/896
f 251/386/897 249/387/898 252/388/899
f 252/388/900 250/389/901 251/386/902
f 250/389/903 252/388/904 253/390/905
f 254/391/906 252/388/907 249/387/908
f 255/392/909 253/390/910 252/388/911
f 252/388/912 254/391/913 255/392/914
f 253/390/915 255/392/909 256/393/909
f 255/392/914 254/391/916 257/394/914
f 258/395/917 255/392/918 257/394/918
f 256/393/919 255/392/919 259/396/920
f 255/392/918 258/395/921 260/397/922
f 259/396/923 255/392/924 260/397/925
f 193/398/926 260/397/927 258/395/928
f 260/397/929 193/398/930 197/399/931
f 199/400/932 260/397/933 197/399/934
f 259/396/935 260/397/936 199/400/937
f 117/401/938 262/402/939 261/403/940
f 262/402/939 117/401/941 120/404/942
f 120/404/943 212/405/944 262/402/945
f 212/405/946 120/404/947 119/406/948
f 265/407/949 263/408/950 264/409/949
f 265/407/951 264/409/951 121/410/952
f 263/408/953 265/407/954 266/411/955
f 213/412/956 266/411/957 265/407/958
f 265/407/958 214/413/958 213/412/959
f 265/407/960 122/414/961 214/413/960
f 141/415/962 222/416/963 140/417/964
f 222/416/963 141/415/965 267/418/963
f 222/416/966 268/419/967 225/420/968
f 268/419/969 222/416/970 267/418/970
f 269/421/971 268/419/972 267/418/971
f 268/419/973 269/421/974 270/422/975
f 141/415/976 269/421/977 267/418/977
f 269/421/978 141/415/979 144/423/980
f 271/424/981 272/425/981 273/426/981
f 149/427/982 271/424/983 273/426/983
f 271/424/983 149/427/984 166/428/985
f 272/425/981 271/424/981 274/429/986
f 277/418/987 275/430/988 276/431/987
f 277/418/989 276/431/989 131/432/990
f 275/430/991 277/418/987 278/433/992
f 227/434/993 278/433/994 277/418/995
f 277/418/995 235/435/995 227/434/996
f 277/418/997 167/436/998 235/435/997
f 167/436/999 277/418/997 168/437/1000
f 131/432/1001 168/437/1002 277/418/1003
f 281/426/1004 279/438/1005 280/439/1004
f 281/426/1006 280/439/1006 154/440/1007
f 279/438/1008 281/426/1004 282/441/1009
f 234/442/1010 282/441/1011 281/426/1012
f 154/440/1013 170/443/1014 281/426/1006
f 161/444/1015 281/426/1016 170/443/1017
f 281/426/1016 161/444/1018 236/445/1016
f 281/426/1012 236/445/1012 234/442/1019
f 241/446/1020 272/425/1020 239/447/1021
f 149/427/1022 241/446/1023 173/448/1024
f 241/446/1023 149/427/1025 273/426/1023
f 272/425/1020 241/446/1020 273/426/1020
f 283/449/1026 285/450/1027 284/451/1028
f 285/450/1029 180/452/1030 181/453/1031
f 285/450/1027 283/449/1032 286/407/1027
f 180/452/1033 285/450/1029 286/407/1029
f 283/449/1034 244/454/1035 286/407/1035
f 244/454/1036 180/452/1037 286/407/1036
f 244/454/1035 283/449/1038 243/455/1039
f 180/452/1040 244/454/1036 188/456/1041
f 121/410/1042 192/457/1043 265/407/1044
f 122/414/1045 265/407/1046 192/457/1047
f 287/458/1048 288/459/1048 289/460/1049
f 290/461/1050 288/459/1051 287/458/1051
f 289/460/1052 288/459/1053 291/462/1054
f 292/463/1055 289/460/1056 291/462/1057
f 292/463/1058 291/462/1059 293/464/1060
f 291/462/1061 249/465/1062 293/464/1063
f 249/465/1064 291/462/1065 254/466/1066
f 288/459/1067 254/466/1068 291/462/1069
f 254/466/1070 288/459/1067 257/467/1067
f 288/459/1071 258/468/1072 257/467/1071
f 288/459/1071 294/469/1073 258/468/1074
f 288/459/1051 290/461/1075 294/469/1076
f 294/469/1077 193/470/1078 258/468/1079
f 194/471/1080 294/469/1081 290/461/1082
f 294/469/1083 195/472/1084 193/470/1085
f 294/469/1086 194/471/1087 195/472/1088
f 296/296/1089 263/297/1090 266/294/1091
f 263/297/1092 296/296/1089 297/300/1093
f 295/301/1094 263/297/1095 297/300/1096
f 298/292/1097 296/296/1097 266/294/1098
f 299/298/1099 297/300/1100 296/296/1101
f 298/292/1102 299/298/1103 296/296/1102
f 266/294/1104 213/241/1105 298/292/1097
f 295/301/1106 297/300/1107 300/306/1108
f 213/241/1109 301/240/1110 298/292/1110
f 301/240/1110 213/241/1111 216/242/1112
f 217/243/1113 301/240/1114 216/242/1115
f 302/295/1116 298/292/1117 301/240/1117
f 298/292/1117 302/295/1118 303/299/1119
f 299/298/1120 298/292/1102 303/299/1121
f 304/293/1122 302/295/1123 301/240/1124
f 301/240/1125 217/243/1126 304/293/1127
f 306/473/1128 305/259/1129 224/258/1130
f 223/252/1131 306/473/1132 224/258/1133
f 306/473/1134 223/252/1135 307/250/1136
f 225/254/1137 307/250/1138 223/252/1139
f 307/250/1140 225/254/1141 309/474/1142
f 305/259/1143 310/253/1144 308/262/1145
f 268/255/1146 309/474/1147 225/254/1148
f 310/253/1149 311/261/1150 308/262/1151
f 311/261/1152 310/253/1153 312/246/1154
f 313/245/1155 311/261/1156 312/246/1157
f 310/253/1158 226/244/1159 312/246/1160
f 226/244/1161 313/245/1162 312/246/1163
f 226/244/1164 310/253/1165 227/257/1166
f 311/261/1167 313/245/1155 270/260/1168
f 268/255/1169 270/260/1170 313/245/1171
f 226/244/1172 229/285/1173 313/245/1162
f 309/474/1174 314/286/1175 315/249/1176
f 229/285/1177 314/286/1178 316/287/1179
f 314/286/1180 309/474/1181 316/287/1182
f 316/287/1183 313/245/1184 229/285/1185
f 309/474/1186 268/255/1187 316/287/1188
f 313/245/1189 316/287/1190 268/255/1191
f 317/272/1192 319/273/1193 318/288/1194
f 232/279/1195 318/288/1196 319/273/1197
f 319/273/1198 317/272/1199 320/270/1200
f 320/270/1201 272/274/1202 319/273/1203
f 233/281/1204 321/283/1205 234/277/1206
f 274/275/1207 319/273/1208 272/274/1209
f 319/273/1210 322/278/1211 232/279/1212
f 233/281/1213 232/279/1214 322/278/1215
f 319/273/1216 274/275/1217 322/278/1218
f 321/283/1219 233/281/1220 323/282/1221
f 233/281/1222 322/278/1223 323/282/1224
f 324/280/1225 322/278/1226 274/275/1227
f 322/278/1228 324/280/1225 323/282/1229
f 324/280/1230 321/283/1231 323/282/1232
f 321/283/1233 324/280/1230 325/284/1234
f 326/266/1235 321/283/1236 325/284/1237
f 325/284/1238 327/267/1239 326/266/1240
f 328/247/1241 275/251/1242 306/473/1243
f 315/249/1244 328/247/1245 307/250/1246
f 328/247/1247 306/473/1248 307/250/1249
f 315/249/1250 307/250/1251 309/474/1252
f 329/263/1253 275/251/1254 278/264/1255
f 275/251/1256 329/263/1257 306/473/1258
f 227/257/1259 329/263/1260 278/264/1261
f 305/259/1262 306/473/1263 329/263/1264
f 329/263/1265 227/257/1266 310/253/1267
f 310/253/1268 305/259/1269 329/263/1270
f 326/266/1271 279/271/1272 282/276/1273
f 234/277/1274 326/266/1275 282/276/1276
f 279/271/1277 326/266/1278 331/265/1279
f 330/269/1280 279/271/1281 331/265/1282
f 326/266/1283 234/277/1284 321/283/1285
f 330/269/1286 331/265/1287 332/268/1288
f 327/267/1289 331/265/1290 326/266/1291
f 320/270/1292 330/269/1293 332/268/1294
f 331/265/1295 237/290/1296 332/268/1297
f 320/270/1298 332/268/1299 237/290/1300
f 237/290/1301 331/265/1302 238/291/1303
f 331/265/1304 327/267/1289 238/291/1305
f 330/269/1306 320/270/1307 317/272/1308
f 320/270/1309 237/290/1310 239/289/1311
f 272/274/1202 320/270/1312 239/289/1313
f 334/311/1314 304/293/1315 217/243/1316
f 333/309/1317 335/310/1318 334/311/1319
f 304/293/1320 334/311/1321 335/310/1322
f 295/301/1323 336/308/1324 333/309/1325
f 335/310/1318 333/309/1326 336/308/1327
f 336/308/1328 295/301/1329 300/306/1330
f 304/293/1331 335/310/1332 283/303/1333
f 336/308/1334 283/303/1335 335/310/1336
f 304/293/1337 283/303/1338 284/302/1339
f 302/295/1340 304/293/1341 284/302/1342
f 300/306/1343 243/307/1344 336/308/1345
f 283/303/1346 336/308/1347 243/307/1348
f 297/300/1349 299/298/1350 246/304/1351
f 300/306/1352 297/300/1353 246/304/1354
f 300/306/1355 246/304/1356 247/305/1357
f 243/307/1358 300/306/1343 247/305/1359
f 339/325/1360 338/326/1361 292/324/1362
f 338/326/1363 339/325/1364 340/327/1365
f 292/324/1366 341/322/1367 339/325/1368
f 341/322/1369 292/324/1370 293/323/1371
f 339/325/1372 342/319/1373 340/327/1374
f 341/322/1375 342/319/1376 339/325/1377
f 343/328/1378 338/326/1379 340/327/1380
f 338/326/1381 343/328/1382 337/315/1383
f 340/327/1384 342/319/1385 343/328/1385
f 249/321/1386 341/322/1387 293/323/1388
f 344/312/1389 337/315/1390 343/328/1391
f 343/328/1392 342/319/1392 344/312/1393
f 345/314/1394 337/315/1395 344/312/1396
f 346/320/1397 342/319/1397 341/322/1398
f 341/322/1399 249/321/1400 346/320/1401
f 347/318/1402 342/319/1403 346/320/1403
f 344/312/1404 342/319/1405 348/316/1405
f 348/316/1406 342/319/1406 347/318/1407
f 344/312/1408 250/313/1409 345/314/1410
f 250/313/1411 344/312/1412 348/316/1413
f 346/320/1414 251/317/1415 347/318/1416
f 251/317/1417 348/316/1418 347/318/1419
f 348/316/1418 251/317/1420 250/313/1421
f 249/321/1422 251/317/1423 346/320/1414
f 113/404/1424 261/405/1425 349/402/1426
f 349/402/1427 114/401/1428 113/404/1429
f 114/401/1430 349/402/1427 350/403/1431
f 261/405/1432 113/404/1433 117/406/1434
f 263/412/1435 295/411/1436 351/407/1437
f 351/407/1437 264/413/1437 263/412/1438
f 351/407/1439 121/414/1440 264/413/1439
f 131/436/1441 352/418/1442 129/437/1443
f 132/432/1444 129/437/1445 352/418/1446
f 353/421/1447 143/415/1448 142/423/1449
f 311/419/1450 353/421/1451 308/422/1452
f 353/421/1453 311/419/1454 354/418/1453
f 143/415/1455 353/421/1456 354/418/1456
f 269/416/1457 143/415/1458 354/418/1457
f 311/419/1459 269/416/1460 354/418/1460
f 269/416/1460 311/419/1461 270/420/1462
f 143/415/1463 269/416/1457 144/417/1464
f 154/444/1465 355/426/1466 151/443/1467
f 153/440/1468 151/443/1469 355/426/1470
f 355/426/1470 356/439/1470 153/440/1471
f 355/426/1472 317/438/1473 356/439/1472
f 357/424/1474 162/427/1475 157/428/1476
f 162/427/1477 271/446/1478 166/448/1479
f 271/446/1478 162/427/1480 358/426/1478
f 162/427/1481 357/424/1474 358/426/1474
f 271/446/1482 324/425/1482 274/447/1483
f 324/425/1482 271/446/1482 358/426/1482
f 357/424/1484 324/425/1484 358/426/1484
f 324/425/1484 357/424/1484 325/429/1485
f 275/434/1486 328/433/1487 352/418/1488
f 315/430/1489 352/418/1490 328/433/1491
f 352/418/1490 315/430/1492 359/431/1490
f 352/418/1446 359/431/1446 132/432/1493
f 352/418/1488 276/435/1488 275/434/1494
f 352/418/1442 131/436/1495 276/435/1442
f 279/442/1496 330/441/1497 355/426/1498
f 355/426/1498 280/445/1498 279/442/1499
f 355/426/1466 154/444/1500 280/445/1466
f 317/438/1501 355/426/1472 330/441/1502
f 351/407/1503 360/409/1503 179/410/1504
f 351/407/1505 333/408/1506 360/409/1505
f 179/410/1507 183/457/1508 351/407/1509
f 333/408/1510 351/407/1505 295/411/1511
f 121/414/1512 351/407/1513 183/457/1514
f 285/454/1515 302/449/1516 284/455/1517
f 302/449/1518 285/454/1515 361/407/1515
f 362/450/1519 302/449/1520 361/407/1519
f 302/449/1521 362/450/1522 303/451/1523
f 285/454/1524 177/452/1525 361/407/1524
f 177/452/1526 362/450/1527 361/407/1527
f 177/452/1528 285/454/1524 181/456/1529
f 362/450/1527 177/452/1530 184/453/1531
f 289/466/1532 363/459/1533 287/467/1533
f 363/459/1534 290/468/1535 287/467/1534
f 363/459/1534 364/469/1536 290/468/1537
f 363/459/1538 289/466/1539 365/462/1540
f 292/465/1541 365/462/1542 289/466/1543
f 366/460/1544 363/459/1545 365/462/1546
f 367/458/1545 363/459/1545 366/460/1547
f 368/461/1548 363/459/1549 367/458/1549
f 363/459/1549 368/461/1550 364/469/1551
f 337/463/1552 366/460/1553 365/462/1554
f 365/462/1555 292/465/1556 338/464/1557
f 337/463/1558 365/462/1559 338/464/1560
f 364/469/1561 194/470/1562 290/468/1563
f 204/471/1564 364/469/1565 368/461/1566
f 364/469/1567 204/471/1568 206/472/1569
f 364/469/1570 206/472/1571 194/470/1572
f 350/330/1573 115/331/1574 114/329/1575
f 115/331/1576 350/330/1577 369/332/1578
f 369/332/1579 116/333/1580 115/331/1581
f 116/333/1582 369/332/1583 210/334/1584
f 370/335/1585 217/336/1586 218/337/1585
f 370/335/1587 218/337/1587 123/338/1588
f 220/351/1589 137/347/1590 136/350/1591
f 137/347/1592 220/351/1589 371/345/1589
f 353/348/1593 137/347/1594 371/345/1593
f 137/347/1595 353/348/1593 142/349/1596
f 220/351/1597 305/352/1598 371/345/1597
f 305/352/1599 353/348/1600 371/345/1600
f 305/352/1601 220/351/1602 224/354/1603
f 353/348/1600 305/352/1604 308/353/1605
f 132/344/1606 372/345/1607 146/346/1608
f 139/368/1609 146/346/1610 372/345/1611
f 372/345/1611 228/367/1611 139/368/1612
f 372/345/1613 229/355/1614 228/367/1613
f 229/355/1615 372/345/1613 314/356/1616
f 315/358/1617 314/356/1618 372/345/1619
f 373/359/1620 153/362/1621 356/363/1620
f 373/359/1622 356/363/1622 317/364/1623
f 153/362/1624 373/359/1620 158/361/1625
f 156/375/1626 357/372/1627 157/376/1628
f 159/360/1629 158/361/1630 373/359/1631
f 373/359/1632 231/369/1632 159/360/1633
f 373/359/1634 232/366/1635 231/369/1634
f 232/366/1636 373/359/1637 318/365/1638
f 317/364/1639 318/365/1640 373/359/1641
f 357/372/1642 327/370/1642 325/371/1643
f 372/345/1644 359/357/1644 315/358/1645
f 372/345/1607 132/344/1646 359/357/1607
f 327/370/1647 240/373/1647 238/374/1648
f 240/373/1647 327/370/1647 374/359/1647
f 156/375/1649 240/373/1650 374/359/1650
f 327/370/1642 357/372/1642 374/359/1642
f 357/372/1627 156/375/1651 374/359/1627
f 240/373/1650 156/375/1652 172/377/1653
f 123/338/1654 176/343/1655 370/335/1587
f 179/342/1656 370/335/1657 176/343/1658
f 370/335/1657 179/342/1659 360/341/1657
f 370/335/1660 360/341/1660 333/340/1661
f 333/340/1662 334/339/1663 370/335/1660
f 217/336/1664 370/335/1665 334/339/1666
f 362/380/1667 299/378/1668 303/379/1669
f 299/378/1670 362/380/1667 375/335/1667
f 185/383/1671 362/380/1672 184/384/1673
f 362/380/1672 185/383/1674 375/335/1672
f 245/381/1675 299/378/1676 375/335/1675
f 185/383/1677 245/381/1678 375/335/1678
f 299/378/1679 245/381/1675 246/382/1680
f 245/381/1678 185/383/1681 187/385/1682
f 366/390/1683 376/392/1684 367/393/1684
f 376/392/1685 368/396/1686 367/393/1685
f 377/388/1687 337/389/1688 345/386/1689
f 250/387/1690 377/388/1691 345/386/1692
f 337/389/1693 377/388/1694 366/390/1695
f 376/392/1684 366/390/1696 377/388/1697
f 250/387/1698 253/391/1699 377/388/1700
f 253/391/1701 376/392/1702 377/388/1703
f 256/394/1702 376/392/1702 253/391/1704
f 259/395/1705 376/392/1706 256/394/1706
f 199/398/1707 378/397/1708 259/395/1709
f 376/392/1706 259/395/1710 378/397/1711
f 376/392/1685 378/397/1712 368/396/1713
f 378/397/1714 199/398/1715 203/399/1716
f 378/397/1717 204/400/1718 368/396/1719
f 378/397/1720 203/399/1721 204/400/1722
f 379/475/1723 380/476/1724 381/477/1725
f 382/478/1726 381/477/1727 380/476/1728
f 383/479/1729 384/477/1730 385/480/1731
f 384/477/1732 386/475/1733 385/480/1734
f 387/481/1735 388/482/1736 389/483/1737
f 387/481/1738 389/483/1739 390/484/1740
f 391/485/1741 392/486/1742 393/487/1743
f 393/487/1744 392/486/1745 394/488/1746
f 394/488/1747 395/489/1748 393/487/1749
f 392/486/1750 391/485/1751 396/490/1752
f 396/490/1753 391/485/1754 397/491/1755
f 391/485/1756 398/492/1757 397/491/1758
f 397/491/1759 398/492/1760 399/493/1761
f 396/490/1762 397/491/1763 400/494/1764
f 401/495/1765 396/490/1766 400/494/1767
f 401/495/1768 400/494/1769 402/496/1770
f 403/497/1771 404/498/1772 405/499/1773
f 403/497/1774 405/499/1775 406/500/1776
f 407/501/1777 408/502/1778 409/503/1779
f 408/502/1780 407/501/1781 410/504/1782
f 411/505/1783 412/477/1784 413/506/1785
f 412/477/1786 414/475/1733 413/506/1787
f 415/507/1788 416/508/1789 417/509/1790
f 415/507/1791 417/509/1792 418/510/1793
f 420/511/1794 419/512/1795 421/513/1796
f 422/514/1797 421/513/1798 419/512/1799
f 421/513/1800 422/514/1801 423/515/1802
f 423/515/1803 422/514/1804 424/516/1805
f 427/517/1806 425/518/1807 426/519/1808
f 425/518/1809 427/517/1810 428/520/1811
f 429/521/1812 430/522/1813 431/523/1814
f 430/522/1815 432/486/1816 431/523/1817
f 433/487/1818 431/523/1819 432/486/1820
f 431/523/1821 433/487/1822 434/524/1823
f 435/525/1824 434/524/1825 433/487/1826
f 434/524/1827 435/525/1828 436/526/1829
f 437/527/1830 438/528/1831 439/529/1832
f 437/527/1833 439/529/1834 440/530/1835
f 441/531/1783 442/532/1836 443/533/1837
f 442/532/1838 444/534/1733 443/533/1839
f 445/535/1840 436/536/1841 435/537/1842
f 436/536/1843 445/535/1844 446/538/1845
f 447/539/1846 430/540/1847 448/541/1848
f 429/542/1849 448/541/1850 430/540/1851
f 398/543/1852 449/544/1853 450/545/1854
f 398/543/1855 450/545/1856 399/546/1857
f 402/547/1858 451/548/1859 452/549/1860
f 402/547/1861 452/549/1862 401/550/1863
f 453/538/1864 431/551/1865 434/552/1866
f 431/551/1867 453/538/1868 454/541/1869
f 455/553/1870 400/554/1871 397/555/1872
f 400/554/1873 455/553/1874 456/556/1875
f 449/544/1876 455/553/1877 450/545/1878
f 455/553/1879 449/544/1880 457/557/1881
f 457/557/1882 456/556/1883 455/553/1884
f 457/557/1885 458/558/1886 456/556/1887
f 452/549/1888 456/556/1889 458/558/1890
f 456/556/1891 452/549/1892 451/548/1893
f 459/557/1894 433/559/1895 432/560/1896
f 459/557/1897 432/560/1898 460/558/1899
f 461/561/1900 462/562/1901 463/563/1902
f 461/561/1903 463/563/1904 464/564/1905
f 423/565/1906 465/566/1907 466/567/1908
f 465/566/1909 423/565/1910 424/568/1911
f 467/569/1912 414/570/1913 412/571/1914
f 414/570/1915 467/569/1916 468/572/1917
f 469/573/1912 386/574/1913 384/575/1918
f 386/574/1915 469/573/1916 470/576/1919
f 471/577/1920 379/578/1921 381/579/1922
f 379/578/1923 471/577/1924 472/580/1925
f 473/581/1912 444/582/1913 442/583/1926
f 444/582/1915 473/581/1916 474/584/1927
f 476/585/1928 475/586/1929 477/587/1930
f 477/587/1931 478/588/1932 476/585/1933
f 479/589/1934 478/588/1935 477/587/1936
f 428/590/1937 427/591/1938 480/592/1939
f 478/588/1940 479/589/1941 480/592/1942
f 480/592/1943 479/589/1944 428/590/1945
f 481/593/1946 482/594/1947 483/595/1948
f 481/593/1949 483/595/1950 484/596/1951
f 485/597/1952 486/598/1953 487/599/1954
f 485/597/1955 487/599/1956 488/600/1957
f 474/601/1958 489/602/1959 443/603/1960
f 443/603/1961 444/604/1962 474/601/1963
f 468/605/1964 490/606/1959 413/607/1965
f 413/607/1966 414/608/1962 468/605/1967
f 470/609/1968 491/610/1959 385/611/1969
f 385/611/1970 386/612/1962 470/609/1971
f 472/613/1972 492/614/1973 380/615/1974
f 380/615/1975 379/616/1976 472/613/1977
f 432/617/1978 493/618/1979 494/619/426
f 495/620/1980 494/619/426 493/618/1981
f 494/619/426 496/621/426 432/617/1982
f 460/622/1983 432/617/1984 496/621/426
f 496/621/426 394/623/1985 460/622/1986
f 392/624/1987 460/622/1988 394/623/1989
f 392/624/1990 424/625/1991 460/622/1992
f 422/626/1993 460/622/1994 424/625/1995
f 424/625/1996 392/624/1997 465/627/1998
f 460/622/1999 422/626/2000 458/628/2001
f 396/629/2002 465/627/2003 392/624/2004
f 458/628/2005 422/626/2006 419/630/2007
f 465/627/2008 396/629/2009 497/631/2010
f 452/632/2011 458/628/2012 419/630/2013
f 396/629/2014 498/633/2015 497/631/2016
f 419/630/2017 499/634/2018 452/632/2019
f 499/634/2020 498/633/2021 452/632/2022
f 498/633/2023 396/629/2024 401/635/2025
f 401/635/2026 452/632/2027 498/633/2028
f 432/617/2029 476/636/2030 500/637/426
f 432/617/2031 430/638/2032 476/636/2033
f 476/636/2034 430/638/2035 501/639/2036
f 430/638/2037 426/640/2038 501/639/2039
f 430/638/2040 447/641/2041 426/640/2042
f 476/636/2043 478/642/2044 500/637/426
f 500/637/426 493/618/2045 432/617/2046
f 493/618/2047 426/640/2048 447/641/2049
f 478/642/2050 493/618/2051 500/637/2052
f 426/640/2053 493/618/2054 427/643/2055
f 480/644/2056 493/618/2057 478/642/2058
f 427/643/2059 493/618/2060 502/645/426
f 493/618/2061 480/644/2062 502/645/2063
f 480/644/2064 427/643/2065 502/645/426
f 463/646/2066 417/647/2067 464/648/2068
f 417/647/2069 463/646/2070 418/649/2071
f 503/650/2072 440/651/2073 439/652/2074
f 440/651/2075 503/650/2076 504/653/2077
f 505/654/2078 488/655/2079 487/656/2080
f 488/655/2081 505/654/2082 506/657/2083
f 507/658/2084 406/659/2085 405/660/2086
f 406/659/2087 507/658/2088 508/661/2089
f 509/662/2090 407/663/2091 510/664/2092
f 407/663/2093 509/662/2094 410/665/2095
f 511/666/2096 389/667/2097 512/668/2098
f 389/667/2099 511/666/2100 390/669/2101
f 484/670/2102 483/671/2103 513/672/2104
f 513/672/2105 514/673/2106 484/670/2107
f 453/674/2108 434/675/2109 436/638/2110
f 453/674/2111 436/638/2112 446/641/2113
f 455/676/2114 397/677/2115 450/632/2116
f 450/632/2117 397/677/2118 399/635/2119
f 515/533/2120 474/532/2121 473/534/2122
f 474/532/2123 515/533/2124 489/531/2125
f 516/488/2126 495/489/2127 517/486/2128
f 517/486/2129 495/489/2130 493/487/2131
f 493/487/2132 453/523/2133 517/486/2134
f 445/522/2135 517/486/2136 453/523/2137
f 445/522/2138 453/523/2139 446/521/2140
f 453/523/2141 493/487/2142 454/524/2143
f 447/525/2144 454/524/2145 493/487/2146
f 454/524/2147 447/525/2148 448/526/2149
f 518/509/2150 519/510/2151 504/507/2152
f 518/509/2153 504/507/2154 503/508/2155
f 459/486/2156 460/487/2157 458/485/2158
f 457/490/2159 459/486/2160 458/485/2161
f 520/506/2162 468/477/2163 467/475/2122
f 468/477/2164 520/506/2165 490/505/2166
f 521/499/2167 522/678/2168 509/679/2169
f 521/499/2170 509/679/2171 510/498/2172
f 475/517/2173 501/518/2174 523/519/2175
f 501/518/2176 475/517/2177 476/520/2178
f 524/501/2179 525/680/2180 508/681/2181
f 524/501/2182 508/681/2183 507/503/2184
f 466/682/2185 465/683/2186 526/684/2187
f 497/685/2188 526/684/2189 465/683/2190
f 526/684/2191 497/685/2192 527/686/2193
f 527/686/2194 497/685/2195 498/687/2196
f 528/688/2197 529/689/2198 511/690/2199
f 528/688/2200 511/690/2201 512/691/2202
f 530/480/2203 470/477/2204 469/475/2122
f 470/477/2205 530/480/2206 491/479/2166
f 531/476/2207 472/477/2208 471/475/2209
f 472/477/2210 531/476/2211 492/478/2212
f 532/692/2213 533/693/2214 506/694/2215
f 532/692/2216 506/694/2217 505/695/2218
f 382/581/2219 492/696/2220 531/697/2221
f 492/696/2222 382/581/2223 380/584/2224
f 534/698/2225 535/699/2226 514/700/2227
f 534/698/2228 514/700/2229 513/701/2230
f 441/702/2231 489/578/2232 515/579/2233
f 489/578/2234 441/702/2235 443/703/2236
f 411/704/2231 490/705/2232 520/706/2237
f 490/705/2234 411/704/2235 413/707/2238
f 383/708/2231 491/709/2232 530/710/2239
f 491/709/2234 383/708/2235 385/711/2236
f 498/712/2240 499/713/2241 527/714/2242
f 536/715/2243 527/714/2244 499/713/2245
f 419/716/2246 536/715/2247 499/713/2248
f 536/715/2249 419/716/2250 420/717/2251
f 523/718/2252 501/719/2253 425/720/2254
f 425/720/2255 501/719/2256 426/721/2257
f 442/722/2258 515/723/2259 473/724/2260
f 515/723/2261 442/722/2262 441/725/2263
f 412/726/2264 520/727/2265 467/728/2260
f 520/727/2266 412/726/2267 411/729/2263
f 384/730/2268 530/731/2269 469/732/2260
f 530/731/2270 384/730/2271 383/733/2263
f 381/734/2272 531/735/2273 471/736/2274
f 531/735/2275 381/734/2276 382/737/2277
f 393/738/2278 537/739/2279 459/740/2280
f 537/739/2279 393/738/2281 395/741/2282
f 538/742/2279 459/740/2283 537/739/2279
f 423/743/2284 393/738/2285 459/740/2286
f 393/738/2287 423/743/2288 466/744/2289
f 466/744/2290 391/745/2291 393/738/2292
f 459/740/2293 421/746/2294 423/743/2295
f 391/745/2296 466/744/2297 526/747/2298
f 459/740/2299 457/748/2300 421/746/2301
f 527/749/2302 391/745/2303 526/747/2304
f 421/746/2305 457/748/2306 420/750/2307
f 391/745/2308 527/749/2309 398/751/2310
f 457/748/2311 449/752/2312 420/750/2313
f 449/752/2314 398/751/2315 527/749/2316
f 536/753/2317 420/750/2318 449/752/2319
f 449/752/2320 527/749/2321 536/753/2322
f 459/740/2323 538/742/2279 433/754/2324
f 516/755/2325 433/754/2326 538/742/2279
f 433/754/2327 516/755/2328 517/756/2329
f 517/756/2330 539/757/2279 433/754/2331
f 475/758/2332 433/754/2333 539/757/2279
f 433/754/2334 475/758/2335 435/759/2336
f 477/760/2337 475/758/2338 539/757/2279
f 517/756/2339 477/760/2340 539/757/2341
f 435/759/2342 475/758/2343 523/761/2344
f 425/762/2345 435/759/2346 523/761/2347
f 435/759/2348 425/762/2349 445/763/2350
f 425/762/2351 517/756/2352 445/763/2353
f 477/760/2354 517/756/2355 479/764/2356
f 517/756/2357 425/762/2358 428/765/2359
f 428/765/2360 479/764/2361 540/766/2279
f 479/764/2362 517/756/2363 540/766/2364
f 540/766/2279 517/756/2365 428/765/2366
f 416/767/2367 415/768/2368 462/769/2369
f 462/769/2370 461/770/2371 416/767/2372
f 437/771/2373 518/772/2374 438/773/2375
f 518/772/2376 437/771/2377 519/774/2378
f 532/775/2379 485/776/2380 533/777/2381
f 485/776/2382 532/775/2383 486/778/2384
f 524/779/2385 403/780/2386 525/781/2387
f 403/780/2388 524/779/2389 404/782/2390
f 409/783/2391 408/784/2392 522/785/2393
f 409/783/2394 522/785/2395 521/786/2396
f 388/787/2397 387/788/2398 529/789/2399
f 388/787/2400 529/789/2401 528/790/2402
f 481/791/2403 534/792/2404 482/793/2405
f 534/792/2406 481/791/2407 535/794/2408
f 431/795/2409 454/796/2410 429/759/2411
f 448/763/2412 429/759/2413 454/796/2414
f 400/797/2415 456/798/2416 451/752/2417
f 451/752/2418 402/751/2419 400/797/2420
usemtl Meshpart4Mtl
f 541/799/2421 542/800/2422 543/801/2423
f 543/801/2424 542/800/2425 544/802/2426
f 542/800/2427 541/799/2428 545/803/2429
f 545/803/2430 546/804/2431 542/800/2432
f 547/805/2433 549/806/2434 548/807/2435
f 550/808/2436 549/806/2437 547/805/2438
f 551/809/2439 552/810/2440 553/811/2441
f 551/809/2442 553/811/2443 554/812/2444
f 555/813/2445 556/814/2446 557/815/2447
f 555/813/2448 557/815/2449 558/816/2450
f 555/813/2451 558/816/2452 559/817/2453
f 559/817/2454 560/818/2455 555/813/2456
f 560/818/2457 559/817/2458 561/819/2459
f 561/819/2460 562/820/2461 560/818/2462
f 563/821/2463 564/822/2464 565/823/2465
f 565/823/2466 564/822/2467 566/824/2468
f 567/825/2469 568/826/2470 569/827/2471
f 569/827/2472 568/826/2473 570/828/2474
f 567/825/2475 571/829/2476 568/826/2477
f 572/830/2478 571/829/2479 567/825/2480
f 572/830/2481 573/831/2482 571/829/2483
f 572/830/2484 574/832/2485 573/831/2486
f 575/833/2487 576/834/2488 577/835/2489
f 575/833/2490 577/835/2491 578/836/2492
f 579/837/2493 580/838/2494 581/839/2495
f 579/837/2496 581/839/2497 582/840/2498
f 583/841/2499 584/842/2500 585/843/2501
f 585/843/2502 584/842/2503 586/844/2504
f 547/845/2505 584/842/2506 583/841/2507
f 584/842/2508 547/845/2509 548/846/2510
f 552/847/2511 587/848/2512 588/849/2513
f 552/847/2514 588/849/2515 553/850/2516
f 545/851/2517 589/852/2518 590/853/2519
f 545/851/2520 590/853/2521 546/854/2522
f 591/855/2523 579/856/2524 582/857/2525
f 591/855/2526 582/857/2527 592/858/2528
f 593/859/2529 557/860/2530 556/861/2531
f 557/860/2532 593/859/2533 594/862/2534
f 563/863/2535 595/864/2536 564/865/2537
f 563/863/2538 596/866/2539 595/864/2540
f 597/867/2541 575/868/2542 578/869/2543
f 597/867/2544 578/869/2545 599/870/2546
f 601/871/2547 597/867/2548 599/870/2549
f 600/872/2550 602/873/2551 598/874/2552
f 601/871/2553 599/870/2554 602/873/2555
f 600/872/2556 601/871/2557 602/873/2558
f 603/875/2559 569/876/2560 570/877/2561
f 603/875/2562 570/877/2563 604/878/2564
f 605/879/2565 606/880/2566 548/881/2567
f 584/882/2568 548/881/2569 606/880/2570
f 549/883/2571 605/879/2572 548/881/2573
f 607/884/2574 584/882/2575 606/880/2576
f 605/879/2577 549/883/2578 590/885/2579
f 584/882/2580 607/884/2581 586/886/2582
f 608/887/2583 590/885/2584 549/883/2585
f 607/884/2586 544/888/2587 586/886/2588
f 590/885/2589 608/887/2590 546/889/2591
f 542/890/2592 586/886/2593 544/888/2594
f 542/890/2595 546/889/2596 608/887/2597
f 586/886/2598 542/890/2599 609/891/2600
f 542/890/2601 608/887/2602 609/891/2603
f 566/892/2604 564/893/2605 610/894/2606
f 595/895/2607 610/894/2608 564/893/2609
f 566/892/2610 610/894/2611 592/896/2612
f 610/894/2613 595/895/2614 581/897/2615
f 611/898/2616 566/892/2617 592/896/2618
f 611/898/2619 581/897/2620 595/895/2621
f 611/898/2622 592/896/2623 582/899/2624
f 581/897/2625 611/898/2626 582/899/2627
f 612/900/2628 598/901/2629 554/902/2630
f 613/903/2631 554/902/2632 598/901/2633
f 554/902/2634 553/904/2635 612/900/2636
f 613/903/2637 598/901/2638 602/905/2639
f 588/906/2640 612/900/2641 553/904/2642
f 612/900/2643 588/906/2644 577/907/2645
f 614/229/2646 577/907/2647 588/906/2648
f 577/907/2649 614/229/2650 578/231/2651
f 561/908/2652 570/909/2653 615/910/2654
f 616/911/2655 615/910/2656 570/909/2657
f 570/909/2658 561/908/2659 604/912/2660
f 568/913/2661 616/911/2662 570/909/2663
f 559/914/2664 604/912/2665 561/908/2666
f 616/911/2667 568/913/2668 617/915/2669
f 604/912/2670 559/914/2671 618/916/2672
f 571/917/2673 617/915/2674 568/913/2675
f 558/918/2676 618/916/2677 559/914/2678
f 573/919/2679 617/915/2680 571/917/2681
f 618/916/2682 558/918/2683 619/920/2684
f 617/915/2685 573/919/2686 594/921/2687
f 620/922/2688 619/920/2689 558/918/2690
f 620/922/2691 594/921/2692 573/919/2693
f 558/918/2694 557/923/2695 620/922/2696
f 594/921/2697 620/922/2698 557/923/2699
f 621/839/2700 591/840/2701 592/837/2702
f 621/839/2703 592/837/2704 610/838/2705
f 587/811/2706 622/812/2707 614/809/2708
f 587/811/2709 614/809/2710 588/810/2711
f 593/924/2712 623/925/2713 617/926/2714
f 593/924/2715 617/926/2716 594/927/2717
f 624/928/2718 617/926/2719 623/925/2720
f 617/926/2721 624/928/2722 616/929/2723
f 625/930/2724 616/929/2725 624/928/2726
f 616/929/2727 625/930/2728 615/931/2729
f 596/822/2730 611/823/2731 595/821/2732
f 626/824/2733 611/823/2734 596/822/2735
f 603/932/2736 604/933/2737 627/934/2738
f 627/934/2739 604/933/2740 618/935/2741
f 627/934/2742 618/935/2743 628/936/2744
f 628/936/2745 618/935/2746 619/937/2747
f 629/938/2748 628/936/2749 619/937/2750
f 629/938/2751 619/937/2752 620/939/2753
f 630/835/2754 598/833/2755 612/834/2756
f 630/835/2757 600/836/2758 598/833/2759
f 631/940/2760 605/941/2761 589/804/2762
f 589/804/2763 605/941/2764 590/803/2765
f 585/942/2766 609/799/2767 632/800/2768
f 609/799/2769 585/942/2770 586/943/2771
f 609/799/2772 633/806/2773 632/800/2774
f 633/806/2775 609/799/2776 608/808/2777
f 625/944/2778 562/945/2779 561/946/2780
f 625/944/2781 561/946/2782 615/947/2783
f 574/948/2784 629/949/2785 620/950/2786
f 574/948/2787 620/950/2788 573/951/2789
f 626/952/2790 565/953/2791 566/954/2792
f 626/952/2793 566/954/2794 611/955/2795
f 634/956/2796 635/957/2797 613/958/2798
f 635/957/2799 554/959/2800 613/958/2801
f 635/957/2802 551/960/2803 554/959/2804
f 631/961/2805 636/962/2806 605/963/2807
f 636/962/2808 606/964/2809 605/963/2810
f 637/965/2811 606/964/2812 636/962/2813
f 606/964/2814 637/965/2815 607/966/2816
f 637/965/2817 544/967/2818 607/966/2819
f 544/967/2820 637/965/2821 543/968/2822
f 576/969/2823 612/970/2824 577/971/2825
f 576/969/2826 630/972/2827 612/970/2828
f 633/965/2829 549/973/2830 550/974/2831
f 549/973/2832 633/965/2833 608/966/2834
f 580/975/2835 621/976/2836 610/977/2837
f 580/975/2838 610/977/2839 581/978/2840
f 589/979/2841 633/980/2842 550/981/2843
f 633/980/2844 589/979/2845 545/895/2846
f 550/981/2847 631/982/2848 589/979/2849
f 541/983/2850 633/980/2851 545/895/2852
f 631/982/2853 550/981/2854 547/984/2855
f 633/980/2856 541/983/2857 632/985/2858
f 636/986/2859 631/982/2860 547/984/2861
f 541/983/2862 585/987/2863 632/985/2864
f 636/986/2865 547/984/2866 583/988/2867
f 541/983/2868 543/989/2869 585/987/2870
f 583/988/2871 637/990/2872 636/986/2873
f 585/987/2874 543/989/2875 637/990/2876
f 637/990/2877 583/988/2878 585/987/2879
f 596/889/2880 563/991/2881 621/992/2882
f 565/993/2883 621/992/2884 563/991/2885
f 596/889/2886 621/992/2887 580/994/2888
f 621/992/2889 565/993/2890 591/995/2891
f 626/996/2892 596/889/2893 580/994/2894
f 626/996/2895 591/995/2896 565/993/2897
f 626/996/2898 580/994/2899 579/997/2900
f 591/995/2901 626/996/2902 579/997/2903
f 600/998/2904 635/999/2905 601/1000/2906
f 635/999/2907 597/1001/2908 601/1000/2909
f 635/999/2910 600/998/2911 551/1002/2912
f 635/999/2913 634/1003/2914 597/1001/2915
f 630/1004/2916 551/1002/2917 600/998/2918
f 575/1005/2919 597/1001/2920 634/1003/2921
f 551/1002/2922 630/1004/2923 552/1006/2924
f 634/1003/2925 622/1007/2926 575/1005/2927
f 587/1008/2928 552/1006/2929 630/1004/2930
f 622/1007/2931 576/1009/2932 575/1005/2933
f 587/1008/2934 630/1004/2935 576/1009/2936
f 576/1009/2937 622/1007/2938 587/1008/2939
f 555/1010/2940 629/1011/2941 556/1012/2942
f 593/1013/2943 556/1012/2944 629/1011/2945
f 629/1011/2946 555/1010/2947 628/1014/2948
f 593/1013/2949 629/1011/2950 574/1015/2951
f 628/1014/2952 555/1010/2953 627/1016/2954
f 574/1015/2955 623/1017/2956 593/1013/2957
f 560/1018/2958 627/1016/2959 555/1010/2960
f 623/1017/2961 574/1015/2962 572/1019/2963
f 627/1016/2964 560/1018/2965 603/1020/2966
f 623/1017/2967 572/1019/2968 567/1021/2969
f 562/1022/2970 603/1020/2971 560/1018/2972
f 567/1021/2973 624/1023/2974 623/1017/2975
f 562/1022/2976 569/1024/2977 603/1020/2978
f 569/1024/2979 624/1023/2980 567/1021/2981
f 562/1022/2982 625/1025/2983 569/1024/2984
f 624/1023/2985 569/1024/2986 625/1025/2987
f 613/230/2988 772/230/2989 634/956/2990
f 634/956/2991 772/230/2992 614/229/2993 622/812/2994
usemtl Meshpart5Mtl
f 638/1026/2995 639/1027/2995 640/1028/2995
f 641/1029/2996 640/1028/2997 639/1027/2997
f 641/1029/2998 642/1030/2999 640/1028/2995
f 639/1027/2997 638/1026/2997 643/1031/2997
f 642/1030/3000 644/1032/3001 640/1028/3002
f 645/1033/3003 640/1028/3004 644/1032/3005
f 640/1028/3004 645/1033/3006 638/1026/3004
f 644/1032/3007 642/1030/3008 646/1034/3009
f 647/1035/3010 646/1034/3011 642/1030/3012
f 647/1035/3013 648/1036/3014 646/1034/3015
f 648/1036/3016 647/1035/3017 649/1037/3018
f 649/1037/3019 650/1038/3020 648/1036/3021
f 651/1039/3022 650/1038/3023 649/1037/3024
f 650/1038/3025 651/1039/3026 652/1040/3027
f 653/1041/3028 652/1040/3029 651/1039/3030
f 654/1042/3031 652/1040/3032 653/1041/3033
f 652/1040/3034 654/1042/3035 655/1043/3036
f 656/1044/3037 655/1043/3038 654/1042/3039
f 655/1043/3040 656/1044/3041 657/1045/3042
f 657/1045/3043 656/1044/3044 658/1046/3045
f 657/1045/3046 658/1046/3047 659/1047/3048
f 660/1048/3049 659/1047/3050 658/1046/3051
f 659/1047/3052 660/1048/3053 661/1049/3054
f 662/1050/3055 661/1049/3056 660/1048/3057
f 660/1048/3058 663/1051/3059 662/1050/3060
f 661/1049/3061 662/1050/3062 664/1052/3063
f 665/1053/2997 662/1050/2997 663/1051/3064
f 666/1054/3062 664/1052/3065 662/1050/3062
f 662/1050/2995 665/1053/2995 666/1054/2995
f 664/1052/3066 666/1054/3055 667/1055/3067
f 668/1056/3004 666/1054/3004 665/1053/3004
f 669/1057/3055 667/1055/3068 666/1054/3055
f 666/1054/3055 668/1056/3055 669/1057/3055
f 667/1055/3069 669/1057/3070 670/1058/3071
f 671/1059/3055 669/1057/3055 668/1056/3055
f 672/1060/3072 670/1058/3073 669/1057/3072
f 669/1057/3055 671/1059/3055 672/1060/3055
f 670/1058/3074 672/1060/3055 673/1061/3075
f 674/1062/3055 672/1060/3055 671/1059/3055
f 672/1060/3004 675/1063/3076 673/1061/3077
f 676/1064/3055 672/1060/3055 674/1062/3055
f 675/1063/3078 672/1060/3072 677/1065/3072
f 672/1060/3004 676/1064/3004 677/1065/3004
f 643/1031/3055 677/1065/3055 676/1064/3055
f 677/1065/3079 678/1066/3080 675/1063/3081
f 677/1065/2997 643/1031/2997 638/1026/2997
f 677/1065/3082 638/1026/3082 678/1066/3083
f 638/1026/3002 645/1033/3084 678/1066/3085
f 681/1067/3086 680/1068/3087 679/1069/3088
f 680/1068/3089 681/1067/3090 682/1070/3091
f 683/1071/3092 682/1070/3093 681/1067/3094
f 682/1070/3095 683/1071/3096 684/1072/3097
f 689/1067/3098 688/1068/3099 687/1069/3088
f 688/1068/3089 689/1067/3090 690/1070/3091
f 691/1071/3100 690/1070/3101 689/1067/3094
f 690/1070/3102 691/1071/3103 692/1072/3097
f 693/1073/3104 694/1074/3105 695/1075/3106
f 694/1074/3107 693/1073/3108 696/1076/3109
f 693/1077/3110 700/1078/3111 701/1079/3112
f 693/1077/3113 701/1079/3114 696/1080/3115
f 654/1081/3116 702/1082/3117 656/1083/3118
f 654/1081/3119 703/1084/3120 702/1082/3121
f 653/1085/3122 703/1084/3123 654/1081/3124
f 704/1086/3125 703/1084/3126 653/1085/3127
f 651/1087/3128 704/1086/3129 653/1085/3130
f 705/1088/3131 704/1086/3132 651/1087/3133
f 649/1089/3134 705/1088/3135 651/1087/3136
f 649/1089/3137 706/1090/3138 705/1088/3139
f 707/1091/3140 679/1092/3141 680/1093/3142
f 679/1092/3143 707/1091/3144 708/1094/3145
f 709/1095/3146 708/1094/3147 707/1091/3148
f 708/1094/3149 709/1095/3150 710/1096/3151
f 711/1097/3152 667/1098/3153 712/1099/3154
f 670/1100/3155 712/1099/3156 667/1098/3157
f 712/1099/3158 670/1100/3159 713/1086/3160
f 673/1085/3161 713/1086/3162 670/1100/3163
f 713/1086/3164 673/1085/3165 714/1101/3166
f 675/1102/3167 714/1101/3168 673/1085/3169
f 714/1101/3170 675/1102/3171 715/1103/3172
f 678/1104/3173 715/1103/3174 675/1102/3175
f 716/1105/3140 687/1106/3141 688/1107/3142
f 687/1106/3176 716/1105/3177 717/1108/3145
f 718/1109/3146 717/1108/3178 716/1105/3179
f 717/1108/3149 718/1109/3150 719/1110/3180
f 663/1111/3181 660/1112/3182 722/1113/3183
f 722/1113/3184 660/1112/3185 723/1114/3186
f 723/1114/3187 660/1112/3188 658/1115/3189
f 723/1114/3190 658/1115/3191 724/1116/3192
f 724/1116/3193 658/1115/3194 656/1117/3195
f 724/1116/3196 656/1117/3197 702/1118/3198
f 701/1119/3199 725/1120/3200 694/1121/3201
f 694/1121/3202 696/1122/3203 701/1119/3204
f 726/1123/3205 719/1124/3206 727/1125/3207
f 728/1126/3208 719/1124/3209 726/1123/3210
f 728/1126/3211 687/1127/3212 719/1124/3213
f 719/1124/3214 687/1127/3215 717/1128/3216
f 691/1129/3217 687/1127/3218 728/1126/3219
f 687/1127/3220 691/1129/3221 689/1130/3222
f 729/1131/3223 710/1132/3224 730/1133/3207
f 731/1134/3208 710/1132/3225 729/1131/3226
f 731/1134/3227 679/1135/3228 710/1132/3213
f 710/1132/3214 679/1135/3229 708/1136/3230
f 683/1137/3231 679/1135/3232 731/1134/3233
f 679/1135/3234 683/1137/3235 681/1138/3222
f 678/1139/3236 733/1140/3237 715/1141/3238
f 732/1142/3239 646/1143/3240 648/1144/3241
f 733/1140/3242 678/1139/3243 645/1145/3244
f 646/1143/3245 732/1142/3246 734/1146/3247
f 645/1145/3248 735/1147/3249 733/1140/3250
f 734/1146/3251 644/1148/3252 646/1143/3253
f 735/1147/3254 645/1145/3255 644/1148/3256
f 644/1148/3257 734/1146/3258 735/1147/3259
f 736/1149/3260 701/1150/3261 700/1151/3262
f 701/1150/3263 736/1149/3264 725/1152/3265
f 737/1153/3266 710/1154/3267 709/1155/3268
f 710/1154/3269 737/1153/3270 730/1156/3271
f 738/1157/3272 730/1156/3273 737/1153/3274
f 730/1156/3275 738/1157/3276 729/1158/3277
f 739/1159/3278 740/1160/3278 741/1161/3278
f 742/1162/3279 741/1161/3279 740/1160/3279
f 741/1161/3279 742/1162/3279 743/1163/3279
f 740/1160/3280 739/1159/3280 744/1164/3280
f 744/1164/3281 739/1159/3281 722/1165/3282
f 722/1165/3283 723/1166/3284 744/1164/3281
f 745/1167/3285 740/1160/3286 744/1164/3286
f 740/1160/3279 745/1167/3287 711/1168/3288
f 711/1168/3289 742/1162/3279 740/1160/3279
f 744/1164/3286 746/1169/3290 745/1167/3291
f 723/1166/3292 746/1169/3293 744/1164/3279
f 746/1169/3294 723/1166/3295 747/1170/3296
f 724/1171/3297 747/1170/3298 723/1166/3299
f 747/1170/3300 724/1171/3301 748/1172/3302
f 702/1173/3303 748/1172/3304 724/1171/3305
f 748/1172/3306 702/1173/3307 749/1174/3308
f 702/1173/3309 703/1175/3310 749/1174/3311
f 703/1175/3312 750/1176/3313 749/1174/3314
f 750/1176/3315 703/1175/3316 704/1177/3317
f 705/1178/3318 750/1176/3319 704/1177/3320
f 750/1176/3321 705/1178/3322 751/1179/3323
f 706/1037/3324 751/1179/3325 705/1178/3326
f 751/1179/3327 706/1037/3328 732/1180/3329
f 752/1181/3330 732/1180/3331 706/1037/3332
f 732/1180/3333 752/1181/3334 734/1182/3335
f 753/1183/3336 734/1182/3337 752/1181/3338
f 734/1182/3339 753/1183/3340 735/1184/3341
f 754/1185/3342 735/1184/3343 753/1183/3344
f 753/1183/3345 755/1186/3346 754/1185/3280
f 735/1184/3347 754/1185/3278 733/1187/3348
f 754/1185/3281 755/1186/3349 756/1188/3281
f 757/1026/3278 733/1187/3350 754/1185/3278
f 754/1185/3280 756/1188/3280 757/1026/3280
f 733/1187/3351 757/1026/3342 715/1189/3352
f 757/1026/3281 756/1188/3281 758/1031/3281
f 759/1190/3353 715/1189/3354 757/1026/3353
f 757/1026/3281 758/1031/3281 759/1190/3281
f 715/1189/3355 759/1190/3356 714/1191/3357
f 759/1190/3279 758/1031/3279 760/1192/3279
f 761/1193/3358 714/1191/3359 759/1190/3358
f 760/1192/3278 761/1193/3278 759/1190/3278
f 714/1191/3360 761/1193/3278 713/1194/3361
f 761/1193/3279 760/1192/3279 762/1195/3279
f 743/1163/3279 761/1193/3279 762/1195/3279
f 761/1193/3280 712/1196/3362 713/1194/3363
f 761/1193/3279 743/1163/3279 742/1162/3279
f 761/1193/3358 742/1162/3358 712/1196/3364
f 742/1162/3365 711/1168/3366 712/1196/3367
f 763/1153/3368 719/1154/3267 718/1155/3369
f 719/1154/3269 763/1153/3370 727/1156/3371
f 764/1157/3272 727/1156/3372 763/1153/3373
f 727/1156/3374 764/1157/3375 726/1158/3376
f 731/1197/3377 684/1198/3378 683/1199/3379
f 684/1198/3380 731/1197/3381 769/1200/3382
f 729/1201/3383 769/1200/3384 731/1197/3385
f 769/1200/3386 729/1201/3387 738/1202/3388
f 749/1203/3389 657/1204/3390 748/1205/3391
f 749/1203/3392 655/1206/3393 657/1204/3394
f 750/1207/3395 655/1206/3396 749/1203/3397
f 750/1207/3398 652/1208/3399 655/1206/3400
f 751/1209/3401 652/1208/3402 750/1207/3403
f 751/1209/3404 650/1210/3405 652/1208/3406
f 732/1211/3407 650/1210/3408 751/1209/3409
f 732/1211/3410 648/1212/3411 650/1210/3412
f 695/1213/3413 694/1214/3414 736/1215/3415
f 736/1215/3416 694/1214/3417 725/1216/3418
f 728/1217/3377 692/1218/3378 691/1219/3419
f 692/1218/3380 728/1217/3420 770/1220/3382
f 726/1221/3421 770/1220/3422 728/1217/3385
f 770/1220/3386 726/1221/3423 764/1222/3424
f 706/1223/3425 649/1224/3426 647/1225/3427
f 706/1223/3428 647/1225/3429 752/1226/3430
f 752/1226/3431 647/1225/3432 642/1227/3433
f 752/1226/3434 642/1227/3435 753/1228/3436
f 642/1227/3437 641/1229/3438 753/1228/3439
f 753/1228/3440 641/1229/3441 755/1230/3442
f 693/1231/3443 736/1232/3444 700/1233/3445
f 736/1232/3446 693/1231/3447 695/1234/3448
f 688/1235/3449 692/1236/3450 770/1237/3451
f 692/1236/3452 688/1235/3453 690/1238/3454
f 718/1239/3455 688/1235/3456 770/1237/3457
f 688/1235/3458 718/1239/3459 716/1240/3460
f 718/1239/3461 770/1237/3462 764/1241/3463
f 718/1239/3464 764/1241/3465 763/1242/3466
f 680/1243/3449 684/1244/3450 769/1245/3451
f 684/1244/3467 680/1243/3468 682/1246/3454
f 709/1247/3469 680/1243/3456 769/1245/3457
f 680/1243/3458 709/1247/3470 707/1248/3471
f 709/1247/3472 769/1245/3473 738/1249/3463
f 709/1247/3474 738/1249/3475 737/1250/3476
f 746/1251/3477 661/1252/3478 664/1253/3479
f 747/1254/3480 661/1252/3481 746/1251/3482
f 746/1251/3483 664/1253/3484 745/1255/3485
f 747/1254/3486 659/1256/3487 661/1252/3488
f 745/1255/3489 664/1253/3490 667/1257/3491
f 748/1258/3492 659/1256/3493 747/1254/3494
f 745/1255/3495 667/1257/3496 711/1259/3497
f 748/1258/3498 657/1260/3499 659/1256/3500
l 697 698
l 698 699
l 767 768
l 765 766
l 720 721
l 685 686
l 721 767
l 720 697
l 768 771
l 699 771
