# Blender 5.2.0 LTS
# www.blender.org
mtllib glass riot edges.mtl
o Edges
v -0.674575 1.712005 -0.075799
v -0.674383 1.713455 -0.074435
v -0.674575 1.712005 -0.276778
v -0.674766 1.713419 -0.278179
v -1.124291 1.712005 -0.170785
v -1.125556 1.713186 -0.171787
v -1.124291 1.712005 0.038897
v -1.125303 1.713136 0.040200
v -0.224858 1.712005 -0.114229
v -0.224807 1.713438 -0.112835
v -0.224858 1.712005 -0.315208
v -0.224911 1.713400 -0.316641
v 0.224858 1.712005 -0.315208
v 0.224911 1.713400 -0.316641
v 0.224858 1.712005 -0.114229
v 0.224807 1.713438 -0.112835
v 0.674575 1.712005 -0.276778
v 0.674771 1.713385 -0.278212
v 0.674575 1.712005 -0.075799
v 0.674383 1.713455 -0.074435
v 1.124291 1.712005 -0.170785
v 1.125556 1.713186 -0.171787
v 1.124291 1.712005 0.038897
v 1.125303 1.713136 0.040200
v 0.224858 1.547445 -0.315208
v 0.224929 1.548459 -0.316931
v 0.674575 1.515905 -0.331778
v 0.674791 1.516885 -0.333508
v 0.224858 1.515905 -0.370207
v 0.224918 1.516895 -0.371944
v -0.224858 1.515905 -0.370207
v -0.224918 1.516895 -0.371944
v 0.674575 1.547445 -0.276778
v 0.674843 1.548460 -0.278480
v 1.124291 1.515905 -0.225784
v 1.125649 1.516691 -0.227024
v 1.124291 1.547445 -0.170785
v 1.125735 1.548098 -0.172005
v -0.224858 1.547445 -0.315208
v -0.224929 1.548459 -0.316931
v -0.674575 1.515905 -0.331778
v -0.674791 1.516885 -0.333508
v -0.674575 1.547445 -0.276778
v -0.674842 1.548484 -0.278466
v -1.124291 1.515905 -0.225784
v -1.125649 1.516691 -0.227024
v -1.124291 1.547445 -0.170785
v -1.125735 1.548098 -0.172005
v -0.674575 1.547445 -0.075799
v -0.674349 1.548422 -0.074069
v -0.224858 1.515905 -0.059229
v -0.224787 1.516919 -0.057507
v -0.224858 1.547445 -0.114229
v -0.224798 1.548435 -0.112493
v -0.674575 1.515905 -0.020799
v -0.674297 1.516922 -0.019099
v -1.124291 1.547445 0.038897
v -1.125211 1.548402 0.040393
v -1.124291 1.515905 0.093897
v -1.125351 1.516700 0.095395
v 0.224858 1.515905 -0.059229
v 0.224787 1.516919 -0.057507
v 0.224858 1.547445 -0.114229
v 0.224798 1.548435 -0.112493
v 0.674575 1.547445 -0.075799
v 0.674349 1.548422 -0.074069
v 0.674575 1.515905 -0.020799
v 0.674297 1.516922 -0.019099
v 1.124291 1.547445 0.038897
v 1.125211 1.548402 0.040393
v 1.124291 1.515905 0.093897
v 1.125351 1.516700 0.095395
v -1.225134 -0.795577 -0.059247
v -1.226136 -0.796706 -0.057935
v -1.225134 0.006586 -0.059247
v -1.226136 0.007715 -0.057935
v -1.225134 -0.795577 -0.105556
v -1.226414 -0.796762 -0.106533
v -1.225134 0.006586 -0.105556
v -1.226414 0.007771 -0.106533
v 1.225134 0.006586 -0.059247
v 1.226136 0.007715 -0.057935
v 1.225134 -0.795577 -0.059247
v 1.226136 -0.796706 -0.057935
v 1.225134 0.006586 -0.105556
v 1.226414 0.007771 -0.106533
v 1.225134 -0.795577 -0.105556
v 1.226414 -0.796762 -0.106533
v -1.225134 -1.084339 0.075487
v -1.226136 -1.085468 0.076799
v -1.225134 0.106874 0.075487
v -1.226136 0.108003 0.076799
v -1.225134 -1.084339 0.029179
v -1.226414 -1.085524 0.028202
v -1.225134 0.106874 0.029179
v -1.226414 0.108059 0.028202
v 1.225134 0.106874 0.075487
v 1.226136 0.108003 0.076799
v 1.225134 -1.084339 0.075487
v 1.226136 -1.085468 0.076799
v 1.225134 0.106874 0.029179
v 1.226414 0.108059 0.028202
v 1.225134 -1.084339 0.029179
v 1.226414 -1.085524 0.028202
v 0.735081 -1.084339 -0.058462
v 0.734844 -1.085717 -0.057032
v 0.245027 -1.084339 -0.112804
v 0.244963 -1.085728 -0.111366
v 0.735081 -1.084339 -0.104769
v 0.735318 -1.085717 -0.106199
v 0.245027 -1.084339 -0.159111
v 0.245091 -1.085728 -0.160549
v -0.245027 -1.084339 -0.112804
v -0.244963 -1.085728 -0.111366
v -0.245027 -1.084339 -0.159111
v -0.245091 -1.085728 -0.160549
v -0.735081 -1.084339 -0.104769
v -0.735318 -1.085717 -0.106199
v -0.735081 -1.084339 -0.058462
v -0.734844 -1.085717 -0.057032
v 1.124291 0.577106 -0.225784
v 1.125649 0.576320 -0.227024
v 1.124291 0.577106 0.093897
v 1.125351 0.576311 0.095395
v 1.124291 0.545565 0.038897
v 1.125211 0.544608 0.040393
v 1.124291 0.545565 -0.170785
v 1.125735 0.544912 -0.172005
v 1.124291 0.381005 -0.170785
v 1.125556 0.379824 -0.171787
v 1.124291 0.381005 0.038897
v 1.125303 0.379874 0.040200
v -1.124291 0.577106 0.093897
v -1.125351 0.576311 0.095395
v -1.124291 0.577106 -0.225784
v -1.125649 0.576320 -0.227024
v -1.124291 0.545565 0.038897
v -1.125211 0.544608 0.040393
v -1.124291 0.545565 -0.170785
v -1.125735 0.544912 -0.172005
v -1.124291 0.381005 0.038897
v -1.125303 0.379874 0.040200
v -1.124291 0.381005 -0.170785
v -1.125556 0.379824 -0.171787
v 0.735081 -0.795577 -0.193196
v 0.734844 -0.796955 -0.191766
v 0.245027 -0.795577 -0.247537
v 0.244963 -0.796966 -0.246099
v 0.735081 -0.795577 -0.239504
v 0.735318 -0.796955 -0.240934
v 0.245027 -0.795577 -0.293846
v 0.245091 -0.796966 -0.295284
v -0.245027 -0.795577 -0.247537
v -0.244963 -0.796966 -0.246099
v -0.245027 -0.795577 -0.293846
v -0.245091 -0.796966 -0.295284
v -0.735081 -0.795577 -0.239504
v -0.735318 -0.796955 -0.240934
v -0.735081 -0.795577 -0.193196
v -0.734844 -0.796955 -0.191766
v -0.894801 1.327911 0.040564
v -0.893189 1.327632 0.041715
v -0.894801 0.765098 0.040564
v -0.893189 0.765377 0.041715
v -0.894801 1.327911 -0.275070
v -0.893442 1.327377 -0.276437
v -0.854220 1.399686 0.029978
v -0.852817 1.398890 0.031160
v -0.894801 0.765098 -0.275070
v -0.893442 0.765632 -0.276437
v -0.854220 1.399686 -0.284853
v -0.853453 1.398403 -0.286181
v -0.773467 1.453461 0.004422
v -0.772683 1.452080 0.005638
v -0.773467 1.453461 -0.308470
v -0.773372 1.451948 -0.309775
v -0.854220 0.693324 0.029978
v -0.852817 0.694120 0.031160
v -0.854220 0.693324 -0.284853
v -0.853453 0.694607 -0.286181
v -0.773467 0.639549 0.004422
v -0.772489 0.640844 0.005591
v -0.773467 0.639549 -0.308470
v -0.773638 0.641103 -0.309717
v -0.674575 0.639549 -0.020799
v -0.674378 0.640925 -0.019361
v -0.674575 0.639549 -0.331778
v -0.674766 0.640929 -0.333213
v -0.224858 0.639549 -0.059229
v -0.224805 0.640944 -0.057797
v -0.224858 0.639549 -0.370207
v -0.224911 0.640944 -0.371640
v 0.224858 0.639549 -0.370207
v 0.224911 0.640944 -0.371640
v 0.224858 0.639549 -0.059229
v 0.224805 0.640944 -0.057797
v 0.674575 0.639549 -0.331778
v 0.674766 0.640929 -0.333213
v 0.674575 0.639549 -0.020799
v 0.674378 0.640925 -0.019361
v 0.773467 0.639549 -0.308470
v 0.773638 0.641103 -0.309717
v 0.773467 0.639549 0.004422
v 0.772489 0.640844 0.005591
v 0.854220 0.693324 -0.284853
v 0.853453 0.694607 -0.286181
v 0.854220 0.693324 0.029978
v 0.852817 0.694120 0.031160
v 0.894801 0.765098 -0.275070
v 0.893442 0.765632 -0.276437
v 0.894801 0.765098 0.040564
v 0.893189 0.765377 0.041715
v 0.894801 1.327911 0.040564
v 0.893189 1.327632 0.041715
v 0.894801 1.327911 -0.275070
v 0.893442 1.327377 -0.276437
v 0.854220 1.399686 0.029978
v 0.852817 1.398890 0.031160
v 0.854220 1.399686 -0.284853
v 0.853453 1.398403 -0.286181
v 0.773467 1.453461 0.004422
v 0.772683 1.452080 0.005638
v 0.773467 1.453461 -0.308470
v 0.773372 1.451948 -0.309775
v 0.674575 1.453461 -0.331778
v 0.674766 1.452081 -0.333213
v 0.224858 1.453461 -0.370207
v 0.224911 1.452066 -0.371640
v -0.224858 1.453461 -0.370207
v -0.224911 1.452066 -0.371640
v 0.674575 0.577106 -0.331778
v 0.674791 0.576126 -0.333508
v -0.674575 1.453461 -0.331778
v -0.674766 1.452081 -0.333213
v 0.224858 0.577106 -0.370207
v 0.224918 0.576116 -0.371944
v -0.224858 0.577106 -0.370207
v -0.224918 0.576116 -0.371944
v -0.674575 0.577106 -0.331778
v -0.674791 0.576126 -0.333508
v 0.674575 0.545565 -0.276778
v 0.674843 0.544550 -0.278480
v 0.224858 0.381005 -0.315208
v 0.224911 0.379610 -0.316641
v 0.224858 0.545565 -0.315208
v 0.224929 0.544551 -0.316931
v -0.224858 0.381005 -0.315208
v -0.224911 0.379610 -0.316641
v 0.674575 0.381005 -0.276778
v 0.674771 0.379625 -0.278212
v -0.224858 0.545565 -0.315208
v -0.224929 0.544551 -0.316931
v -0.674575 0.381005 -0.276778
v -0.674771 0.379625 -0.278212
v -0.674575 0.545565 -0.276778
v -0.674843 0.544550 -0.278480
v -0.735081 0.006586 -0.239504
v -0.735318 0.007964 -0.240934
v -0.245027 0.006586 -0.293846
v -0.245091 0.007975 -0.295284
v 0.245027 0.006586 -0.293846
v 0.245091 0.007975 -0.295284
v 0.735081 0.006586 -0.239504
v 0.735318 0.007964 -0.240934
v 1.361067 2.202574 -0.066992
v 1.361485 2.204145 -0.068157
v 1.113927 2.202574 -0.123982
v 1.114255 2.204040 -0.125302
v 1.113927 2.202574 0.031523
v 1.113630 2.204014 0.032879
v 0.668356 2.202574 -0.083042
v 0.668171 2.204049 -0.081704
v 1.361067 2.202574 0.088513
v 1.361553 2.203991 0.089838
v 0.668356 2.202574 -0.238546
v 0.668634 2.204055 -0.239862
v 1.501379 2.108277 -0.039866
v 1.502665 2.109362 -0.040947
v 0.222785 2.202574 -0.129520
v 0.222736 2.204066 -0.128189
v 1.501379 2.108277 0.115639
v 1.502573 2.109127 0.117000
v 0.222785 2.202574 -0.285024
v 0.222862 2.204115 -0.286296
v 1.559498 1.924877 -0.020971
v 1.561144 1.925103 -0.022085
v -0.222785 2.202574 -0.129520
v -0.222736 2.204066 -0.128189
v 1.559498 1.924877 0.134535
v 1.560773 1.925104 0.136059
v -0.222785 2.202574 -0.285024
v -0.222862 2.204115 -0.286296
v 1.559498 -1.924877 -0.020971
v 1.561144 -1.925103 -0.022084
v -0.668356 2.202574 -0.238546
v -0.668634 2.204055 -0.239862
v 1.559498 -1.924877 0.134535
v 1.560773 -1.925104 0.136059
v -0.668356 2.202574 -0.083042
v -0.668171 2.204049 -0.081704
v 1.501379 -2.108277 0.115639
v 1.502573 -2.109127 0.117001
v -1.113927 2.202574 -0.123982
v -1.114255 2.204040 -0.125302
v 1.501379 -2.108277 -0.039866
v 1.502665 -2.109362 -0.040947
v -1.113927 2.202574 0.031523
v -1.113630 2.204014 0.032879
v 1.361067 -2.202574 0.088513
v 1.361553 -2.203991 0.089838
v -1.361067 2.202574 -0.066992
v -1.361485 2.204145 -0.068157
v 1.361067 -2.202574 -0.066992
v 1.361485 -2.204145 -0.068156
v -1.361067 2.202574 0.088513
v -1.361553 2.203991 0.089838
v 1.113927 -2.202574 0.031523
v 1.113630 -2.204014 0.032879
v -1.501379 2.108277 -0.039866
v -1.502665 2.109362 -0.040947
v 1.113927 -2.202574 -0.123982
v 1.114255 -2.204040 -0.125302
v -1.501379 2.108277 0.115639
v -1.502573 2.109127 0.117000
v 0.668356 -2.202574 -0.083042
v 0.668171 -2.204049 -0.081704
v -1.559498 1.924877 -0.020971
v -1.561144 1.925103 -0.022085
v 0.668356 -2.202574 -0.238546
v 0.668634 -2.204055 -0.239862
v -1.559498 1.924877 0.134535
v -1.560773 1.925103 0.136059
v 0.222785 -2.202574 -0.129520
v 0.222736 -2.204066 -0.128189
v -1.559498 -1.924877 0.134535
v -1.560773 -1.925104 0.136059
v 0.222785 -2.202574 -0.285024
v 0.222862 -2.204115 -0.286296
v -1.559498 -1.924877 -0.020971
v -1.561144 -1.925103 -0.022084
v -0.222785 -2.202574 -0.285024
v -0.222862 -2.204115 -0.286296
v -1.501379 -2.108277 0.115639
v -1.502572 -2.109126 0.117002
v -0.222785 -2.202574 -0.129520
v -0.222736 -2.204066 -0.128189
v -1.501379 -2.108277 -0.039866
v -1.502665 -2.109362 -0.040947
v -0.668356 -2.202574 -0.238546
v -0.668634 -2.204055 -0.239862
v -1.361067 -2.202574 0.088513
v -1.361553 -2.203991 0.089838
v -0.668356 -2.202574 -0.083042
v -0.668171 -2.204049 -0.081704
v -1.361067 -2.202574 -0.066992
v -1.361485 -2.204145 -0.068156
v -1.113927 -2.202574 -0.123982
v -1.114255 -2.204040 -0.125302
v -1.113927 -2.202574 0.031523
v -1.113630 -2.204014 0.032879
v -0.601521 2.017498 -0.283076
v -0.601734 2.016269 -0.284640
v -1.002535 2.017498 -0.168511
v -1.002915 2.016163 -0.169951
v -1.224960 2.017498 -0.111522
v -1.225215 2.016246 -0.113061
v -0.200507 2.017498 -0.329554
v -0.200564 2.016283 -0.331141
v -1.351241 1.930099 -0.084397
v -1.350333 1.928869 -0.085686
v 0.200507 2.017498 -0.329554
v 0.200564 2.016283 -0.331141
v 0.601521 2.017498 -0.283076
v 0.601734 2.016269 -0.284640
v -1.403548 1.719099 -0.065500
v -1.402251 1.718854 -0.067003
v 1.002535 2.017498 -0.168511
v 1.002915 2.016163 -0.169951
v -1.403548 -1.719098 -0.065500
v -1.402251 -1.718853 -0.067002
v 1.224960 2.017498 -0.111522
v 1.225215 2.016246 -0.113061
v -1.351241 -1.930099 -0.084397
v -1.350333 -1.928869 -0.085686
v 1.351241 1.930099 -0.084397
v 1.350333 1.928869 -0.085686
v -1.224960 -2.017498 -0.111522
v -1.225215 -2.016246 -0.113060
v 1.403548 1.719099 -0.065500
v 1.402251 1.718854 -0.067003
v -1.002535 -2.017498 -0.168511
v -1.002915 -2.016163 -0.169951
v 1.403548 -1.719098 -0.065500
v 1.402251 -1.718853 -0.067002
v -0.601521 -2.017498 -0.283076
v -0.601734 -2.016269 -0.284639
v 1.351241 -1.930099 -0.084397
v 1.350333 -1.928869 -0.085686
v -0.200507 -2.017498 -0.329554
v -0.200564 -2.016283 -0.331141
v 0.200507 -2.017498 -0.329554
v 0.200564 -2.016283 -0.331141
v 1.224960 -2.017498 -0.111522
v 1.225215 -2.016246 -0.113060
v 0.601521 -2.017498 -0.283076
v 0.601734 -2.016269 -0.284639
v 1.002535 -2.017498 -0.168511
v 1.002915 -2.016163 -0.169951
v 1.002535 -2.017498 0.015812
v 1.002211 -2.016141 0.017245
v 0.601521 -2.017498 -0.068719
v 0.601287 -2.016210 -0.067207
v 1.224960 -2.017498 0.057861
v 1.224110 -2.016408 0.059307
v 0.200507 -2.017498 -0.103013
v 0.200436 -2.016212 -0.101483
v 1.351241 -1.930099 0.077877
v 1.349734 -1.929380 0.078978
v -0.200507 -2.017498 -0.103013
v -0.200436 -2.016212 -0.101483
v -0.601521 -2.017498 -0.068719
v -0.601287 -2.016210 -0.067207
v 1.403548 -1.719098 0.091820
v 1.401936 -1.718959 0.092996
v -1.002535 -2.017498 0.015812
v -1.002211 -2.016141 0.017245
v 1.403548 1.719099 0.091820
v 1.401936 1.718960 0.092996
v 1.351241 1.930099 0.077877
v 1.349734 1.929380 0.078977
v -1.224960 -2.017498 0.057861
v -1.224110 -2.016408 0.059307
v -1.351241 -1.930099 0.077877
v -1.349925 -1.929522 0.079269
v 1.224960 2.017498 0.057861
v 1.224110 2.016408 0.059307
v 1.002535 2.017498 0.015812
v 1.002211 2.016141 0.017245
v -1.403548 -1.719098 0.091820
v -1.401936 -1.718959 0.092996
v 0.601521 2.017498 -0.068719
v 0.601287 2.016210 -0.067207
v -1.403548 1.719099 0.091820
v -1.401936 1.718961 0.092996
v -1.351241 1.930099 0.077877
v -1.349734 1.929380 0.078977
v 0.200507 2.017498 -0.103013
v 0.200436 2.016212 -0.101483
v -0.200507 2.017498 -0.103013
v -0.200436 2.016212 -0.101483
v -1.224960 2.017498 0.057861
v -1.224110 2.016408 0.059307
v -0.601521 2.017498 -0.068719
v -0.601296 2.016144 -0.067264
v -1.002535 2.017498 0.015812
v -1.002211 2.016141 0.017245
v -0.674575 1.453461 -0.020799
v -0.674378 1.452085 -0.019361
v -0.674575 0.577106 -0.020799
v -0.674297 0.576090 -0.019099
v -0.224858 1.453461 -0.059229
v -0.224805 1.452066 -0.057797
v -0.224858 0.577106 -0.059229
v -0.224787 0.576092 -0.057506
v 0.224858 1.453461 -0.059229
v 0.224805 1.452066 -0.057797
v 0.674575 1.453461 -0.020799
v 0.674378 1.452085 -0.019361
v 0.224858 0.577106 -0.059229
v 0.224787 0.576092 -0.057506
v 0.674575 0.577106 -0.020799
v 0.674297 0.576090 -0.019099
v 0.616231 -0.239223 0.331010
v 0.614920 -0.238831 0.332469
v 0.616231 -0.753789 0.331010
v 0.614920 -0.754181 0.332469
v 0.677237 -0.753117 0.370207
v 0.677212 -0.753302 0.372198
v 0.629136 -0.939452 0.256424
v 0.627778 -0.940767 0.257078
v 0.601195 -0.755785 0.260377
v 0.599202 -0.755891 0.260249
v 0.677237 -0.239895 0.370207
v 0.677212 -0.239710 0.372198
v 0.629136 -0.053560 0.256424
v 0.627778 -0.052245 0.257078
v 0.601195 -0.237227 0.260377
v 0.599202 -0.237121 0.260249
v 0.691920 -0.032884 0.286932
v 0.691821 -0.031917 0.288680
v 0.761354 -0.053560 0.279738
v 0.762312 -0.052425 0.281078
v 0.728418 0.037631 0.079948
v 0.728387 0.039604 0.080276
v 0.610602 -0.103072 0.206620
v 0.608681 -0.102868 0.206101
v 0.747970 -0.239223 0.354239
v 0.748591 -0.238840 0.356101
v 0.662506 0.009692 0.068939
v 0.661229 0.011230 0.068880
v 0.646666 -0.151404 0.167422
v 0.645729 -0.152341 0.165924
v 0.640030 -0.234895 0.200087
v 0.639089 -0.235090 0.198333
v 0.662446 -0.123174 0.072386
v 0.661209 -0.124709 0.072048
v 0.635497 -0.057097 0.065881
v 0.633522 -0.057100 0.065563
v 0.704149 0.012458 -0.179569
v 0.702585 0.013680 -0.179815
v 0.676017 -0.056506 -0.184529
v 0.674043 -0.056510 -0.184849
v 0.772066 0.041025 -0.167593
v 0.771596 0.042968 -0.167645
v 0.704149 -0.125471 -0.179569
v 0.702590 -0.126699 -0.179816
v 0.839983 0.012458 -0.155618
v 0.841051 0.014135 -0.155399
v 0.772066 -0.154036 -0.167593
v 0.771599 -0.155980 -0.167649
v 0.794120 0.009692 0.092146
v 0.795271 0.011219 0.092731
v 0.868115 -0.056506 -0.150658
v 0.870080 -0.056511 -0.150283
v 0.727624 -0.150577 0.084450
v 0.727663 -0.152558 0.084180
v 0.820545 -0.057097 0.098510
v 0.822509 -0.057086 0.098887
v 0.795804 -0.103072 0.239277
v 0.797774 -0.102818 0.239511
v 0.792997 -0.123174 0.095404
v 0.794290 -0.124699 0.095338
v 0.839983 -0.125471 -0.155618
v 0.841048 -0.127151 -0.155404
v 0.714114 -0.170593 0.161066
v 0.714180 -0.172217 0.159901
v 0.775321 -0.151404 0.190106
v 0.776835 -0.152258 0.189118
v 0.770385 -0.234895 0.223072
v 0.772038 -0.235093 0.221963
v 0.709957 -0.233996 0.184646
v 0.710031 -0.234436 0.182696
v 0.709957 -0.759016 0.184646
v 0.710031 -0.758576 0.182696
v 0.640030 -0.758117 0.200087
v 0.639089 -0.757922 0.198333
v 0.786258 -0.237227 0.293009
v 0.788142 -0.237104 0.293668
v 0.786258 -0.755785 0.293009
v 0.788142 -0.755908 0.293668
v 0.770385 -0.758117 0.223072
v 0.772038 -0.757919 0.221963
v 0.747970 -0.753789 0.354239
v 0.748590 -0.754172 0.356101
v 0.795804 -0.889940 0.239276
v 0.797774 -0.890194 0.239510
v 0.714114 -0.822420 0.161066
v 0.714180 -0.820796 0.159901
v 0.761354 -0.939452 0.279738
v 0.762312 -0.940587 0.281078
v 0.691920 -0.960128 0.286932
v 0.691821 -0.961095 0.288680
v 0.775321 -0.841608 0.190106
v 0.776835 -0.840753 0.189118
v 0.820545 -0.935914 0.098510
v 0.822509 -0.935925 0.098887
v 0.728418 -1.030643 0.079948
v 0.728387 -1.032616 0.080276
v 0.794120 -1.002704 0.092146
v 0.795271 -1.004231 0.092731
v 0.792997 -0.869838 0.095404
v 0.794290 -0.868313 0.095338
v 0.868115 -0.936506 -0.150658
v 0.870080 -0.936501 -0.150283
v 0.839983 -1.005470 -0.155618
v 0.841051 -1.007147 -0.155402
v 0.839983 -0.867542 -0.155618
v 0.841047 -0.865862 -0.155401
v 0.772066 -1.034036 -0.167593
v 0.771596 -1.035979 -0.167648
v 0.772066 -0.838976 -0.167593
v 0.771598 -0.837032 -0.167646
v 0.704149 -1.005470 -0.179569
v 0.702586 -1.006693 -0.179816
v 0.727624 -0.842435 0.084450
v 0.727663 -0.840454 0.084180
v 0.662446 -0.869838 0.072386
v 0.661209 -0.868303 0.072048
v 0.704149 -0.867542 -0.179569
v 0.702590 -0.866314 -0.179815
v 0.662506 -1.002704 0.068939
v 0.661229 -1.004242 0.068881
v 0.635497 -0.935914 0.065881
v 0.633522 -0.935911 0.065563
v 0.676017 -0.936506 -0.184529
v 0.674043 -0.936502 -0.184849
v 0.610602 -0.889940 0.206620
v 0.608681 -0.890144 0.206101
v 0.646666 -0.841608 0.167422
v 0.645729 -0.840671 0.165924
v -0.616231 -0.753789 0.331010
v -0.614920 -0.754181 0.332469
v -0.616231 -0.239223 0.331010
v -0.614920 -0.238831 0.332469
v -0.677237 -0.753117 0.370207
v -0.677212 -0.753302 0.372198
v -0.629136 -0.939452 0.256424
v -0.627778 -0.940767 0.257078
v -0.601195 -0.755785 0.260377
v -0.599202 -0.755891 0.260249
v -0.677237 -0.239895 0.370207
v -0.677212 -0.239710 0.372198
v -0.691920 -0.960128 0.286932
v -0.691821 -0.961095 0.288680
v -0.761354 -0.939452 0.279738
v -0.762312 -0.940587 0.281078
v -0.728418 -1.030643 0.079948
v -0.728387 -1.032616 0.080276
v -0.747970 -0.239223 0.354239
v -0.748590 -0.238840 0.356101
v -0.629136 -0.053560 0.256424
v -0.627778 -0.052245 0.257078
v -0.747970 -0.753789 0.354239
v -0.748591 -0.754172 0.356101
v -0.691920 -0.032884 0.286932
v -0.691821 -0.031917 0.288680
v -0.761354 -0.053560 0.279738
v -0.762312 -0.052425 0.281078
v -0.728418 0.037631 0.079948
v -0.728387 0.039604 0.080276
v -0.601195 -0.237227 0.260377
v -0.599202 -0.237121 0.260249
v -0.610602 -0.103072 0.206620
v -0.608681 -0.102868 0.206101
v -0.795804 -0.103072 0.239277
v -0.797774 -0.102818 0.239511
v -0.662506 0.009692 0.068939
v -0.661229 0.011230 0.068880
v -0.704149 0.012458 -0.179569
v -0.702586 0.013680 -0.179816
v -0.772066 0.041025 -0.167593
v -0.771596 0.042968 -0.167648
v -0.839983 0.012458 -0.155618
v -0.841051 0.014135 -0.155402
v -0.635497 -0.057097 0.065881
v -0.633522 -0.057100 0.065563
v -0.676017 -0.056506 -0.184529
v -0.674043 -0.056511 -0.184849
v -0.704149 -0.125471 -0.179569
v -0.702590 -0.126699 -0.179815
v -0.794120 0.009692 0.092146
v -0.795271 0.011219 0.092731
v -0.868115 -0.056506 -0.150658
v -0.870080 -0.056511 -0.150283
v -0.662446 -0.123174 0.072386
v -0.661209 -0.124709 0.072048
v -0.772066 -0.154036 -0.167593
v -0.771598 -0.155980 -0.167646
v -0.820545 -0.057097 0.098510
v -0.822509 -0.057086 0.098887
v -0.727624 -0.150577 0.084450
v -0.727663 -0.152558 0.084180
v -0.792997 -0.123174 0.095404
v -0.794290 -0.124699 0.095338
v -0.839983 -0.125471 -0.155618
v -0.841047 -0.127150 -0.155401
v -0.714114 -0.170593 0.161066
v -0.714180 -0.172217 0.159901
v -0.775321 -0.151404 0.190106
v -0.776835 -0.152258 0.189118
v -0.646666 -0.151404 0.167422
v -0.645729 -0.152341 0.165924
v -0.640030 -0.234895 0.200087
v -0.639089 -0.235090 0.198333
v -0.770385 -0.234895 0.223072
v -0.772038 -0.235093 0.221963
v -0.709957 -0.233996 0.184646
v -0.710031 -0.234436 0.182696
v -0.709957 -0.759016 0.184646
v -0.710031 -0.758576 0.182696
v -0.640030 -0.758117 0.200087
v -0.639089 -0.757922 0.198333
v -0.786258 -0.237227 0.293009
v -0.788142 -0.237104 0.293668
v -0.786258 -0.755785 0.293009
v -0.788142 -0.755908 0.293668
v -0.770385 -0.758117 0.223072
v -0.772038 -0.757919 0.221963
v -0.795804 -0.889940 0.239276
v -0.797774 -0.890194 0.239510
v -0.714114 -0.822420 0.161066
v -0.714180 -0.820796 0.159901
v -0.775321 -0.841608 0.190106
v -0.776835 -0.840753 0.189118
v -0.820545 -0.935914 0.098510
v -0.822509 -0.935925 0.098887
v -0.794120 -1.002704 0.092146
v -0.795271 -1.004231 0.092731
v -0.792997 -0.869838 0.095404
v -0.794290 -0.868313 0.095338
v -0.868115 -0.936506 -0.150658
v -0.870080 -0.936501 -0.150283
v -0.839983 -1.005470 -0.155618
v -0.841051 -1.007147 -0.155399
v -0.839983 -0.867542 -0.155618
v -0.841048 -0.865862 -0.155404
v -0.772066 -1.034036 -0.167593
v -0.771596 -1.035979 -0.167645
v -0.772066 -0.838976 -0.167593
v -0.771599 -0.837032 -0.167649
v -0.704149 -1.005470 -0.179569
v -0.702585 -1.006693 -0.179815
v -0.727624 -0.842435 0.084450
v -0.727663 -0.840454 0.084180
v -0.662446 -0.869838 0.072386
v -0.661209 -0.868303 0.072048
v -0.704149 -0.867542 -0.179569
v -0.702590 -0.866314 -0.179816
v -0.662506 -1.002704 0.068939
v -0.661229 -1.004242 0.068881
v -0.635497 -0.935914 0.065881
v -0.633522 -0.935911 0.065563
v -0.676017 -0.936506 -0.184529
v -0.674043 -0.936502 -0.184849
v -0.610602 -0.889940 0.206620
v -0.608681 -0.890144 0.206101
v -0.646666 -0.841608 0.167422
v -0.645729 -0.840671 0.165924
v -0.735081 0.106874 -0.104769
v -0.735318 0.108252 -0.106199
v -0.245027 0.106874 -0.159111
v -0.245091 0.108263 -0.160549
v 0.245027 0.106874 -0.159111
v 0.245091 0.108263 -0.160549
v 0.735081 0.106874 -0.104769
v 0.735318 0.108252 -0.106199
v -0.735081 0.106874 -0.058462
v -0.734844 0.108252 -0.057032
v -0.245027 0.106874 -0.112804
v -0.244963 0.108263 -0.111366
v 0.245027 0.106874 -0.112804
v 0.244963 0.108263 -0.111366
v 0.735081 0.106874 -0.058462
v 0.734844 0.108252 -0.057032
v -0.224858 0.545565 -0.114229
v -0.224798 0.544575 -0.112493
v -0.674575 0.545565 -0.075799
v -0.674349 0.544588 -0.074069
v -0.224858 0.381005 -0.114229
v -0.224807 0.379572 -0.112835
v -0.674575 0.381005 -0.075799
v -0.674383 0.379555 -0.074435
v 0.224858 0.381005 -0.114229
v 0.224807 0.379572 -0.112835
v 0.224858 0.545565 -0.114229
v 0.224798 0.544575 -0.112493
v 0.674575 0.381005 -0.075799
v 0.674383 0.379555 -0.074435
v 0.674575 0.545565 -0.075799
v 0.674349 0.544588 -0.074069
v -0.735081 0.006586 -0.193196
v -0.734844 0.007964 -0.191766
v -0.245027 0.006586 -0.247537
v -0.244963 0.007975 -0.246099
v 0.245027 0.006586 -0.247537
v 0.244963 0.007975 -0.246099
v 0.735081 0.006586 -0.193196
v 0.734844 0.007964 -0.191766
v -0.600627 2.016884 -0.282967
v -0.200478 2.016890 -0.329348
v 0.200478 2.016890 -0.329348
v 0.601431 2.016884 -0.282874
v 1.002464 2.016831 -0.168266
v 1.224087 2.016872 -0.111515
v 1.223535 2.016953 0.057377
v 1.002569 2.016819 0.015548
v 0.601551 2.016854 -0.068954
v 0.200514 2.016855 -0.103248
v -0.200514 2.016855 -0.103248
v -0.600409 2.016821 -0.069081
v -1.560019 1.925943 -0.020621
v -1.559834 1.925943 0.134194
v -1.502278 2.107749 0.115413
v -1.502324 2.107866 -0.039304
v 1.123950 1.711596 -0.171515
v 1.124040 1.548772 -0.171624
v 0.675683 1.548953 -0.277400
v 0.675646 1.711695 -0.277266
v 0.225832 0.380288 -0.114450
v 0.225884 0.380308 -0.314835
v 0.673673 0.380315 -0.276577
v 0.673479 0.380280 -0.076206
v 1.123924 0.380414 -0.170494
v 1.123797 0.380440 0.038261
v 0.675479 0.380280 -0.075894
v 0.675673 0.380315 -0.276232
v -1.402659 -1.719946 -0.065334
v -1.402502 -1.719999 0.091342
v -1.350824 -1.928840 0.077635
v -1.351027 -1.928513 -0.083951
v -1.002464 2.016831 -0.168266
v -0.602627 2.016884 -0.282532
v -0.602409 2.016821 -0.068803
v -1.002569 2.016819 0.015548
v -1.223535 2.016953 0.057377
v -1.224087 2.016872 -0.111515
v 1.123829 0.576199 0.093505
v 0.675428 0.576088 -0.020584
v 0.675454 0.545586 -0.073793
v 1.123759 0.545596 0.040280
v 0.225893 1.547453 -0.316854
v 0.673710 1.547454 -0.278584
v 0.673684 1.516894 -0.331859
v 0.225887 1.516899 -0.370120
v 0.675702 1.547445 -0.278280
v 1.124020 1.547264 -0.172514
v 1.123977 1.516806 -0.225753
v 0.675676 1.516903 -0.331524
v 0.225821 1.516911 -0.059152
v 0.673437 1.516912 -0.020904
v 0.673463 1.547435 -0.074149
v 0.225827 1.547441 -0.112406
v 0.675428 1.516923 -0.020584
v 1.123829 1.516812 0.093505
v 1.123759 1.547414 0.040280
v 0.675454 1.547424 -0.073793
v -0.662900 -0.124332 0.071398
v -0.726908 -0.151199 0.083162
v -0.770749 -0.154612 -0.166795
v -0.704116 -0.126459 -0.178545
v 0.225893 0.545557 -0.316854
v 0.225887 0.576112 -0.370120
v 0.673684 0.576117 -0.331859
v 0.673710 0.545556 -0.278584
v -1.002464 -2.016831 -0.168266
v -1.224087 -2.016872 -0.111515
v -1.223535 -2.016953 0.057377
v -1.002569 -2.016819 0.015548
v -0.601551 -2.016854 -0.068954
v -0.200514 -2.016855 -0.103248
v 0.200514 -2.016855 -0.103248
v 0.601551 -2.016854 -0.068954
v 1.002569 -2.016819 0.015548
v 1.223535 -2.016953 0.057377
v 1.224087 -2.016872 -0.111515
v 1.002464 -2.016831 -0.168266
v 0.601431 -2.016884 -0.282874
v 0.200478 -2.016890 -0.329347
v -0.200478 -2.016890 -0.329347
v -0.601431 -2.016884 -0.282874
v 0.244059 0.106568 -0.159830
v 0.244059 -1.084033 -0.159830
v -0.244059 -1.084033 -0.159830
v -0.244059 0.106568 -0.159830
v 0.734206 0.006275 -0.240329
v 0.734206 -0.795266 -0.240329
v 0.246053 -0.795271 -0.294455
v 0.246053 0.006280 -0.294455
v -1.225774 0.106467 0.029690
v -1.225774 -1.083932 0.029690
v -1.225635 -1.083904 0.075143
v -1.225635 0.106439 0.075143
v -0.735012 0.107563 -0.104499
v -1.224774 0.107467 0.029454
v -1.224635 0.107439 0.074833
v -0.735150 0.107563 -0.058732
v -0.245050 0.107568 -0.113085
v 0.245050 0.107568 -0.113085
v 0.735150 0.107563 -0.058732
v 1.224635 0.107439 0.074833
v 1.224774 0.107467 0.029454
v 0.735012 0.107563 -0.104499
v 0.245004 0.107568 -0.158830
v -0.245004 0.107568 -0.158830
v -0.736164 0.106563 -0.105220
v -0.736164 -1.084028 -0.105220
v -1.224810 -1.083932 0.028427
v -1.224810 0.106467 0.028427
v 0.199646 2.017863 -0.330114
v -0.199646 2.017863 -0.330114
v -0.221700 2.202372 -0.285894
v 0.221700 2.202372 -0.285894
v 0.661298 0.009153 0.069849
v 0.634729 -0.056447 0.066751
v 0.610099 -0.101897 0.206087
v 0.628361 -0.053299 0.254997
v 0.225881 1.453764 -0.370838
v 0.225885 1.515400 -0.370990
v 0.673687 1.515395 -0.332728
v 0.673674 1.453771 -0.332581
v 1.124797 1.711570 0.038548
v 1.124751 1.547344 0.038645
v 1.124821 1.515723 0.093646
v 1.124821 0.577288 0.093646
v 1.124751 0.545666 0.038645
v 1.124797 0.381440 0.038548
v 1.124924 0.381414 -0.170286
v 1.125013 0.545818 -0.170395
v 1.124970 0.577292 -0.225404
v 1.124970 1.515719 -0.225404
v 1.125013 1.547192 -0.170395
v 1.124924 1.711596 -0.170286
v 0.223828 0.544070 -0.113361
v -0.223828 0.544070 -0.113361
v -0.223832 0.381288 -0.113532
v 0.223832 0.381288 -0.113532
v -0.736164 0.006275 -0.239955
v -0.736164 -0.795266 -0.239955
v -1.224810 -0.795170 -0.106308
v -1.224810 0.006179 -0.106308
v -1.124751 1.547344 0.038645
v -1.124797 1.711570 0.038548
v -1.124924 1.711596 -0.170286
v -1.125013 1.547192 -0.170395
v -1.124970 1.515719 -0.225404
v -1.124970 0.577292 -0.225404
v -1.125013 0.545818 -0.170395
v -1.124924 0.381414 -0.170286
v -1.124797 0.381440 0.038548
v -1.124751 0.545666 0.038645
v -1.124821 0.577288 0.093646
v -1.124821 1.515723 0.093646
v -0.223884 0.381308 -0.315924
v -0.223894 0.544058 -0.316069
v 0.223894 0.544058 -0.316069
v 0.223884 0.381308 -0.315924
v 0.245004 -0.796271 -0.293565
v 0.735012 -0.796266 -0.239234
v 1.224774 -0.796170 -0.105281
v 1.224635 -0.796142 -0.059901
v 0.735150 -0.796266 -0.193466
v 0.245050 -0.796271 -0.247818
v -0.245050 -0.796271 -0.247818
v -0.735150 -0.796266 -0.193466
v -1.224635 -0.796142 -0.059901
v -1.224774 -0.796170 -0.105281
v -0.735012 -0.796266 -0.239234
v -0.245004 -0.796271 -0.293565
v 0.225890 1.548952 -0.315984
v 0.225881 1.711702 -0.315839
v 0.673676 1.711695 -0.277580
v 0.673713 1.548953 -0.277714
v 1.225774 -1.083932 0.029690
v 1.225774 0.106467 0.029690
v 1.225635 0.106439 0.075143
v 1.225635 -1.083904 0.075143
v -0.854011 0.694593 0.029689
v -0.854328 0.694836 -0.284392
v -0.893629 0.764494 -0.274865
v -0.893503 0.764367 0.040003
v 0.773907 1.452216 0.004259
v 0.774252 1.452150 -0.307850
v 0.853004 1.399599 -0.284732
v 0.852686 1.399842 0.029271
v 0.854011 0.694593 0.029689
v 0.893503 0.764367 0.040003
v 0.893629 0.764495 -0.274865
v 0.854328 0.694836 -0.284392
v 1.114016 2.203294 0.031229
v 1.360310 2.203283 0.087919
v 1.360276 2.203360 -0.066779
v 1.113854 2.203307 -0.123670
v 0.668318 2.203314 -0.238217
v 0.222771 2.203345 -0.284660
v -0.222771 2.203345 -0.284660
v -0.668318 2.203314 -0.238217
v -1.113854 2.203307 -0.123670
v -1.360276 2.203360 -0.066779
v -1.360310 2.203283 0.087919
v -1.114016 2.203294 0.031229
v -0.668441 2.203311 -0.083360
v -0.222813 2.203320 -0.129855
v 0.222813 2.203320 -0.129855
v 0.668441 2.203311 -0.083360
v -0.224842 0.640246 -0.369923
v -0.674512 0.640239 -0.331505
v -0.772552 0.640326 -0.308302
v -0.771978 0.640196 0.003719
v -0.674644 0.640237 -0.021069
v -0.224874 0.640246 -0.059513
v 0.224874 0.640246 -0.059513
v 0.674644 0.640237 -0.021069
v 0.771978 0.640196 0.003719
v 0.772552 0.640326 -0.308302
v 0.674512 0.640239 -0.331505
v 0.224842 0.640246 -0.369923
v 1.225774 -0.795170 -0.105045
v 1.225774 0.006179 -0.105045
v 1.225635 0.006151 -0.059591
v 1.225635 -0.795142 -0.059591
v -0.773810 0.640751 0.004236
v -0.774385 0.640880 -0.307821
v -0.853004 0.693411 -0.284731
v -0.852686 0.693168 0.029271
v 0.629499 -0.940716 0.256229
v 0.662618 -1.003544 0.070006
v 0.727318 -1.030919 0.080901
v 0.691164 -0.960646 0.286436
v -0.893629 1.328514 -0.274865
v -0.854328 1.398174 -0.284392
v -0.854011 1.398417 0.029689
v -0.893503 1.328642 0.040003
v 0.773810 0.640751 0.004236
v 0.852686 0.693168 0.029271
v 0.853004 0.693411 -0.284731
v 0.774385 0.640880 -0.307821
v 0.675657 1.515395 -0.332414
v 1.123997 1.515298 -0.226634
v 1.123997 0.577713 -0.226634
v 0.675657 0.577616 -0.332414
v 0.675644 0.639239 -0.332266
v 0.773857 0.639329 -0.309107
v 0.854534 0.693255 -0.285258
v 0.895094 0.765095 -0.275519
v 0.895094 1.327914 -0.275519
v 0.854534 1.399755 -0.285258
v 0.773724 1.453701 -0.309136
v 0.675644 1.453771 -0.332266
v 0.673466 0.544076 -0.075019
v 0.225824 0.544070 -0.113276
v 0.225829 0.381288 -0.113447
v 0.673483 0.381280 -0.075202
v 0.893995 1.326772 0.040139
v 0.894122 1.326644 -0.274754
v 0.894122 0.766365 -0.274754
v 0.893995 0.766237 0.040139
v 0.223832 1.712721 -0.114532
v 0.223884 1.712702 -0.314924
v -0.223884 1.712702 -0.314924
v -0.223832 1.712721 -0.114532
v -1.123950 0.381414 -0.171515
v -1.124040 0.544239 -0.171624
v -0.675683 0.544057 -0.277400
v -0.675646 0.381315 -0.277266
v -0.674513 1.712712 -0.276489
v -0.225881 1.711702 -0.315839
v -0.225890 1.548952 -0.315984
v -0.674867 1.547964 -0.278612
v -1.124040 1.548772 -0.171624
v -1.123950 1.711596 -0.171515
v -1.123997 1.515298 -0.226634
v -0.675657 1.515395 -0.332414
v -0.675644 1.453771 -0.332266
v -0.773724 1.453701 -0.309136
v -0.854534 1.399755 -0.285258
v -0.895094 1.327914 -0.275519
v -0.895094 0.765095 -0.275519
v -0.854534 0.693255 -0.285258
v -0.773857 0.639329 -0.309107
v -0.675644 0.639239 -0.332266
v -0.675657 0.577616 -0.332414
v -1.123997 0.577713 -0.226634
v -0.673674 0.639239 -0.332581
v -0.225881 0.639246 -0.370838
v -0.225885 0.577611 -0.370990
v -0.673687 0.577616 -0.332728
v -0.223884 0.639246 -0.370923
v 0.223884 0.639246 -0.370923
v 0.223888 0.577611 -0.371075
v -0.223888 0.577611 -0.371075
v 0.225881 0.639246 -0.370838
v 0.673674 0.639239 -0.332581
v 0.673687 0.577616 -0.332728
v 0.225885 0.577611 -0.370990
v 1.124040 0.544239 -0.171624
v 1.123950 0.381414 -0.171515
v 0.675646 0.381315 -0.277266
v 0.675683 0.544057 -0.277400
v 0.244059 0.006280 -0.294565
v 0.244059 -0.795271 -0.294565
v -0.244059 -0.795271 -0.294565
v -0.244059 0.006280 -0.294565
v 0.245989 -0.795271 -0.246708
v 0.733968 -0.795266 -0.192591
v 0.733968 0.006275 -0.192591
v 0.245989 0.006280 -0.246708
v -0.223894 1.548952 -0.316069
v -0.223884 1.711702 -0.315924
v 0.223884 1.711702 -0.315924
v 0.223894 1.548952 -0.316069
v -0.673674 1.453771 -0.332581
v -0.673687 1.515395 -0.332728
v -0.225885 1.515400 -0.370990
v -0.225881 1.453764 -0.370838
v -0.673676 0.381315 -0.277580
v -0.673713 0.544057 -0.277714
v -0.225890 0.544058 -0.315984
v -0.225881 0.381308 -0.315839
v -0.246053 0.006280 -0.294455
v -0.246053 -0.795271 -0.294455
v -0.734206 -0.795266 -0.240329
v -0.734206 0.006275 -0.240329
v -0.673483 0.381280 -0.075202
v -0.225829 0.381288 -0.113447
v -0.225824 0.544070 -0.113276
v -0.673466 0.544076 -0.075019
v 1.113854 -2.203307 -0.123670
v 1.360276 -2.203360 -0.066779
v 1.360310 -2.203283 0.087919
v 1.114016 -2.203294 0.031229
v 0.668441 -2.203311 -0.083360
v 0.222813 -2.203320 -0.129854
v -0.222813 -2.203320 -0.129854
v -0.668441 -2.203311 -0.083360
v -1.114016 -2.203294 0.031229
v -1.360310 -2.203283 0.087919
v -1.360276 -2.203360 -0.066779
v -1.113854 -2.203307 -0.123670
v -0.668318 -2.203314 -0.238217
v -0.222771 -2.203345 -0.284660
v 0.222771 -2.203345 -0.284660
v 0.668318 -2.203314 -0.238217
v 0.676439 -0.238856 0.370279
v 0.690930 -0.033627 0.287759
v 0.629266 -0.053553 0.257553
v 0.616492 -0.238099 0.331910
v 1.502278 -2.107749 0.115413
v 1.502324 -2.107866 -0.039303
v 1.560019 -1.925943 -0.020621
v 1.559834 -1.925944 0.134194
v -0.223884 1.453764 -0.370923
v -0.223888 1.515400 -0.371075
v 0.223888 1.515400 -0.371075
v 0.223884 1.453764 -0.370923
v -1.501192 2.109377 -0.039554
v -1.501146 2.109260 0.115146
v -1.362140 2.202725 0.088323
v -1.362106 2.202802 -0.066401
v -1.501192 -2.109377 -0.039554
v -1.362106 -2.202802 -0.066401
v -1.362140 -2.202725 0.088323
v -1.501145 -2.109260 0.115147
v -1.560019 -1.925943 -0.020621
v -1.502324 -2.107866 -0.039303
v -1.502277 -2.107749 0.115414
v -1.559834 -1.925944 0.134194
v -0.243995 -0.795271 -0.246818
v 0.243995 -0.795271 -0.246818
v 0.243995 0.006280 -0.246818
v -0.243995 0.006280 -0.246818
v 0.223832 1.711721 -0.113532
v -0.223832 1.711721 -0.113532
v -0.223828 1.548940 -0.113361
v 0.223828 1.548940 -0.113361
v 1.502278 2.107749 0.115413
v 1.559834 1.925944 0.134194
v 1.560019 1.925943 -0.020621
v 1.502324 2.107866 -0.039304
v -1.350403 -1.931138 0.078604
v -1.500507 -2.108496 0.115999
v -1.361543 -2.201931 0.089202
v -1.225939 -2.017188 0.058846
v 1.362140 2.202725 0.088323
v 1.501146 2.109260 0.115146
v 1.501192 2.109377 -0.039554
v 1.362106 2.202802 -0.066401
v 0.600919 -2.017865 -0.283745
v 0.667078 -2.202334 -0.239550
v 0.223711 -2.202369 -0.285790
v 0.201657 -2.017866 -0.329996
v -0.600919 -2.017865 -0.283745
v -0.201657 -2.017866 -0.329996
v -0.223711 -2.202369 -0.285790
v -0.667078 -2.202334 -0.239550
v 0.199646 -2.017863 -0.330114
v 0.221700 -2.202372 -0.285894
v -0.221700 -2.202372 -0.285894
v -0.199646 -2.017863 -0.330114
v -0.201657 2.017866 -0.329997
v -0.600919 2.017865 -0.283745
v -0.667078 2.202334 -0.239551
v -0.223711 2.202369 -0.285790
v 1.002182 -2.017828 -0.169317
v 1.112341 -2.202311 -0.125177
v 0.669182 -2.202324 -0.239173
v 0.603024 -2.017875 -0.283322
v -1.359313 2.202362 -0.068098
v -1.114648 2.202312 -0.124615
v -1.004475 2.017827 -0.168697
v -1.224599 2.017871 -0.112365
v -1.559185 1.924828 0.134988
v -1.559185 -1.924828 0.134988
v -1.501585 -2.106722 0.116248
v -1.351648 -1.929551 0.078845
v -1.403708 -1.719155 0.092666
v -1.403708 1.719156 0.092665
v -1.351358 1.930351 0.078526
v -1.225939 2.017188 0.058846
v -1.361543 2.201931 0.089202
v -1.501139 2.108060 0.116222
v 1.403840 1.719106 -0.065912
v 1.351650 1.930100 -0.084909
v 1.226481 2.017103 -0.111926
v 1.361514 2.202014 -0.067606
v 1.501186 2.108178 -0.040505
v 1.559370 1.924828 -0.021837
v 1.559370 -1.924828 -0.021837
v 1.501186 -2.108178 -0.040504
v 1.361514 -2.202014 -0.067606
v 1.226481 -2.017103 -0.111926
v 1.351650 -1.930100 -0.084909
v 1.403840 -1.719105 -0.065911
v 1.004475 -2.017827 -0.168696
v 1.224599 -2.017871 -0.112364
v 1.359313 -2.202362 -0.068098
v 1.114648 -2.202312 -0.124615
v -1.112341 2.202311 -0.125178
v -0.669182 2.202324 -0.239174
v -0.603024 2.017875 -0.283323
v -1.002182 2.017828 -0.169318
v -1.501186 2.108178 -0.040505
v -1.361514 2.202014 -0.067606
v -1.226481 2.017103 -0.111927
v -1.351650 1.930100 -0.084909
v -1.403840 1.719106 -0.065912
v -1.403840 -1.719105 -0.065911
v -1.351650 -1.930100 -0.084909
v -1.226481 -2.017103 -0.111926
v -1.361514 -2.202014 -0.067606
v -1.501186 -2.108178 -0.040504
v -1.559370 -1.924828 -0.021837
v -1.559370 1.924828 -0.021837
v -0.221634 2.202330 -0.128713
v -0.199584 2.017845 -0.102390
v 0.199584 2.017845 -0.102390
v 0.221634 2.202330 -0.128713
v 1.114648 2.202312 -0.124615
v 1.359313 2.202362 -0.068098
v 1.224599 2.017871 -0.112365
v 1.004475 2.017827 -0.168697
v 0.223711 2.202369 -0.285790
v 0.667078 2.202334 -0.239551
v 0.600919 2.017865 -0.283745
v 0.201657 2.017866 -0.329997
v -1.002182 -2.017828 -0.169317
v -0.603024 -2.017875 -0.283322
v -0.669182 -2.202324 -0.239173
v -1.112341 -2.202311 -0.125177
v 0.668926 2.202325 -0.082035
v 0.602793 2.017843 -0.067822
v 1.001830 2.017819 0.016372
v 1.112047 2.202296 0.031825
v 1.004124 2.017819 0.016831
v 1.224040 2.017953 0.058517
v 1.359354 2.202283 0.088728
v 1.114316 2.202295 0.032379
v -0.666851 -2.202318 -0.082406
v -0.223642 -2.202332 -0.128609
v -0.201592 -2.017843 -0.102304
v -0.600707 -2.017848 -0.068130
v 0.854011 1.398417 0.029689
v 0.854328 1.398174 -0.284392
v 0.893629 1.328514 -0.274865
v 0.893503 1.328642 0.040003
v -0.853004 1.399599 -0.284732
v -0.774252 1.452150 -0.307850
v -0.773907 1.452216 0.004259
v -0.852686 1.399842 0.029271
v 1.001830 -2.017819 0.016372
v 0.602793 -2.017843 -0.067822
v 0.668926 -2.202325 -0.082034
v 1.112047 -2.202296 0.031826
v -1.224040 2.017953 0.058517
v -1.004124 2.017819 0.016830
v -1.114316 2.202295 0.032379
v -1.359354 2.202283 0.088728
v -1.224599 -2.017871 -0.112364
v -1.004475 -2.017827 -0.168696
v -1.114648 -2.202312 -0.124615
v -1.359313 -2.202362 -0.068098
v -1.359354 -2.202283 0.088729
v -1.114316 -2.202295 0.032379
v -1.004124 -2.017819 0.016831
v -1.224040 -2.017953 0.058517
v -0.668926 2.202325 -0.082035
v -1.112047 2.202296 0.031825
v -1.001830 2.017819 0.016372
v -0.602797 2.017810 -0.067851
v -0.223642 2.202332 -0.128609
v -0.666851 2.202318 -0.082406
v -0.600712 2.017815 -0.068159
v -0.201592 2.017843 -0.102304
v 1.361543 -2.201931 0.089202
v 1.501139 -2.108060 0.116222
v 1.559185 -1.924828 0.134988
v 1.559185 1.924828 0.134988
v 1.501139 2.108060 0.116222
v 1.361543 2.201931 0.089202
v 1.225939 2.017188 0.058846
v 1.351358 1.930351 0.078526
v 1.403708 1.719156 0.092665
v 1.403708 -1.719155 0.092666
v 1.351358 -1.930351 0.078526
v 1.225939 -2.017188 0.058846
v -0.221634 -2.202330 -0.128713
v 0.221634 -2.202330 -0.128713
v 0.199584 -2.017845 -0.102390
v -0.199584 -2.017845 -0.102390
v 0.600707 -2.017848 -0.068130
v 0.201592 -2.017843 -0.102304
v 0.223642 -2.202332 -0.128609
v 0.666851 -2.202318 -0.082406
v 1.114316 -2.202295 0.032379
v 1.359354 -2.202283 0.088729
v 1.224040 -2.017953 0.058517
v 1.004124 -2.017819 0.016831
v 0.669182 2.202324 -0.239173
v 1.112341 2.202311 -0.125178
v 1.002182 2.017828 -0.169318
v 0.603024 2.017875 -0.283322
v -0.894963 1.328042 0.041392
v -0.854208 1.400000 0.030846
v -0.773380 1.453766 0.005016
v -0.675445 1.453773 -0.019833
v -0.675405 1.515413 -0.019702
v -1.123852 1.515303 0.094399
v -1.123852 0.577708 0.094399
v -0.675405 0.577598 -0.019702
v -0.675445 0.639237 -0.019833
v -0.773283 0.639200 0.004992
v -0.854208 0.693010 0.030846
v -0.894963 0.764967 0.041392
v 0.225819 0.577599 -0.058283
v 0.673440 0.577598 -0.020034
v 0.673480 0.639237 -0.020165
v 0.225828 0.639246 -0.058428
v -0.225819 1.515412 -0.058283
v -0.673440 1.515413 -0.020034
v -0.673480 1.453773 -0.020165
v -0.225828 1.453764 -0.058428
v 1.224810 0.006179 -0.106308
v 1.224810 -0.795170 -0.106308
v 0.736164 -0.795266 -0.239955
v 0.736164 0.006275 -0.239955
v 0.673440 1.515413 -0.020034
v 0.225819 1.515412 -0.058283
v 0.225828 1.453764 -0.058428
v 0.673480 1.453773 -0.020165
v -0.223822 0.577599 -0.058368
v 0.223822 0.577599 -0.058368
v 0.223832 0.639246 -0.058513
v -0.223832 0.639246 -0.058513
v 0.675405 0.577598 -0.019702
v 1.123852 0.577708 0.094399
v 1.123852 1.515303 0.094399
v 0.675405 1.515413 -0.019702
v 0.675445 1.453773 -0.019833
v 0.773380 1.453766 0.005016
v 0.854208 1.400000 0.030846
v 0.894963 1.328042 0.041392
v 0.894963 0.764967 0.041392
v 0.854208 0.693010 0.030846
v 0.773283 0.639200 0.004992
v 0.675445 0.639237 -0.019833
v -0.747305 -0.240041 0.355390
v -0.747305 -0.752971 0.355390
v -0.678200 -0.752219 0.370982
v -0.678200 -0.240793 0.370982
v -0.676439 -0.754156 0.370279
v -0.690930 -0.959385 0.287759
v -0.629266 -0.939459 0.257553
v -0.616492 -0.754913 0.331910
v -0.771433 -0.236027 0.223493
v -0.771433 -0.756985 0.223493
v -0.786979 -0.754878 0.292363
v -0.786979 -0.238134 0.292363
v -0.628110 -0.938362 0.256410
v -0.609849 -0.889776 0.207510
v -0.600493 -0.756807 0.260967
v -0.615420 -0.755014 0.330283
v -0.629266 -0.053553 0.257553
v -0.690930 -0.033627 0.287759
v -0.676439 -0.238856 0.370279
v -0.616492 -0.238099 0.331910
v -0.600493 -0.236205 0.260967
v -0.609849 -0.103236 0.207510
v -0.628110 -0.054650 0.256410
v -0.615420 -0.237998 0.330283
v -0.760799 -0.053643 0.280885
v -0.747360 -0.238103 0.355017
v -0.678278 -0.238856 0.370603
v -0.692771 -0.033627 0.288083
v -0.761032 -0.940626 0.279561
v -0.793616 -1.003539 0.093212
v -0.729151 -1.030919 0.081224
v -0.693003 -0.960646 0.286760
v -1.225357 -2.016384 0.057706
v -1.225910 -2.016303 -0.111099
v -1.349965 -1.930053 -0.084202
v -1.349761 -1.930379 0.077434
v -0.640536 -0.235980 0.198994
v -0.640536 -0.757032 0.198994
v -0.709017 -0.757783 0.183887
v -0.709017 -0.235229 0.183887
v -0.610099 -0.101897 0.206087
v -0.634729 -0.056447 0.066751
v -0.661298 0.009153 0.069849
v -0.628361 -0.053299 0.254997
v -0.645573 -0.840861 0.167659
v -0.639055 -0.758987 0.199725
v -0.600853 -0.756873 0.259005
v -0.610115 -0.888308 0.206172
v -0.600740 -0.754870 0.259472
v -0.639018 -0.756987 0.200051
v -0.639018 -0.236025 0.200051
v -0.600740 -0.238142 0.259472
v -0.776582 -0.150788 0.189328
v -0.796659 -0.103342 0.237635
v -0.820950 -0.058381 0.099637
v -0.793861 -0.123267 0.096401
v -0.675247 -0.937426 -0.183635
v -0.635044 -0.936841 0.064777
v -0.661658 -1.002557 0.067881
v -0.702825 -1.005147 -0.178772
v -0.839425 0.013668 -0.154687
v -0.793971 0.010852 0.091287
v -0.729483 0.038245 0.079296
v -0.772567 0.041600 -0.166475
v 0.702829 -0.867861 -0.178772
v 0.675247 -0.935578 -0.183635
v 0.635046 -0.934992 0.064825
v 0.661615 -0.869984 0.071139
v -0.704112 -1.006453 -0.178545
v -0.662943 -1.003870 0.068076
v -0.727666 -1.031257 0.078975
v -0.770747 -1.034612 -0.166795
v 0.770749 -0.838400 -0.166795
v 0.704116 -0.866554 -0.178545
v 0.662899 -0.868680 0.071398
v 0.726908 -0.841813 0.083162
v 0.795244 -1.002552 0.091543
v 0.840712 -1.005374 -0.154460
v 0.868533 -0.937425 -0.149555
v 0.821348 -0.936848 0.097628
v 0.762523 -0.939623 0.278793
v 0.794910 -1.002160 0.093517
v 0.820969 -0.936571 0.099590
v 0.796453 -0.891141 0.238979
v 0.868533 -0.935577 -0.149555
v 0.840708 -0.867635 -0.154460
v 0.794212 -0.869989 0.094431
v 0.821330 -0.934999 0.097672
v 0.772568 -0.838400 -0.166474
v 0.728729 -0.841813 0.083483
v 0.792916 -0.868685 0.094235
v 0.839421 -0.866329 -0.154687
v -0.715202 -0.170875 0.159933
v -0.775376 -0.151822 0.188239
v -0.792547 -0.124605 0.096168
v -0.728391 -0.151434 0.085427
v 0.662585 -0.868402 0.073340
v 0.647327 -0.841148 0.165623
v 0.713344 -0.822138 0.159606
v 0.726561 -0.841578 0.085105
v 0.600493 -0.756807 0.260967
v 0.609849 -0.889776 0.207510
v 0.628110 -0.938362 0.256410
v 0.615420 -0.755014 0.330283
v -0.640624 -0.234038 0.198623
v -0.709069 -0.233283 0.183537
v -0.713114 -0.172077 0.160928
v -0.647092 -0.153087 0.166949
v 1.124020 0.545746 -0.172514
v 0.675702 0.545565 -0.278280
v 0.675676 0.576108 -0.331524
v 1.123977 0.576205 -0.225753
v -0.771509 -0.234027 0.223174
v -0.787033 -0.236130 0.291885
v -0.796409 -0.104679 0.239055
v -0.776328 -0.152110 0.190752
v -0.710838 -0.757783 0.184208
v -0.770368 -0.757030 0.221981
v -0.770367 -0.235982 0.221981
v -0.710838 -0.235229 0.184208
v -0.840708 -0.125378 -0.154460
v -0.794212 -0.123023 0.094431
v -0.821330 -0.058012 0.097672
v -0.868533 -0.057435 -0.149555
v -0.796201 -0.103211 0.240403
v -0.786700 -0.236196 0.293852
v -0.748924 -0.238002 0.353855
v -0.762276 -0.054741 0.280206
v 0.639018 -0.236025 0.200051
v 0.639018 -0.756987 0.200051
v 0.600740 -0.754870 0.259472
v 0.600740 -0.238142 0.259472
v 0.615367 -0.240000 0.330761
v 0.600407 -0.238202 0.261291
v 0.600407 -0.754810 0.261291
v 0.615367 -0.753012 0.330761
v -0.600853 -0.236139 0.259005
v -0.639055 -0.234025 0.199725
v -0.645573 -0.152151 0.167659
v -0.610115 -0.104704 0.206172
v 0.796409 -0.104679 0.239055
v 0.787033 -0.236130 0.291885
v 0.771509 -0.234027 0.223174
v 0.776328 -0.152110 0.190752
v -0.714966 -0.172077 0.161255
v -0.710909 -0.233283 0.183862
v -0.770412 -0.234040 0.221602
v -0.775144 -0.153046 0.189566
v 0.713114 -0.172077 0.160928
v 0.709069 -0.233283 0.183537
v 0.640624 -0.234038 0.198623
v 0.647092 -0.153087 0.166949
v -0.662585 -0.124610 0.073340
v -0.647327 -0.151864 0.165623
v -0.713344 -0.170875 0.159606
v -0.726561 -0.151434 0.085105
v -0.820969 -0.936571 0.099591
v -0.794910 -1.002160 0.093517
v -0.762523 -0.939623 0.278793
v -0.796453 -0.891141 0.238979
v -0.610366 -0.103367 0.204752
v -0.645821 -0.150830 0.166234
v -0.661271 -0.123272 0.073110
v -0.634730 -0.058389 0.066802
v -0.729151 0.037907 0.081224
v -0.793616 0.010527 0.093212
v -0.761032 -0.052386 0.279561
v -0.693003 -0.032366 0.286760
v -0.727318 -1.030919 0.080901
v -0.662618 -1.003544 0.070006
v -0.629499 -0.940716 0.256229
v -0.691164 -0.960646 0.286436
v -0.640624 -0.758974 0.198623
v -0.647092 -0.839924 0.166949
v -0.713114 -0.820936 0.160928
v -0.709069 -0.759729 0.183537
v -0.840712 -1.005374 -0.154459
v -0.795244 -1.002552 0.091543
v -0.821348 -0.936848 0.097628
v -0.868533 -0.937425 -0.149555
v -0.794212 -0.869989 0.094431
v -0.840708 -0.867635 -0.154461
v -0.868533 -0.935577 -0.149555
v -0.821330 -0.934999 0.097672
v -0.772567 -1.034612 -0.166474
v -0.729483 -1.031257 0.079296
v -0.793971 -1.003864 0.091287
v -0.839425 -1.006680 -0.154686
v -0.792916 -0.868685 0.094235
v -0.728729 -0.841813 0.083483
v -0.772569 -0.838400 -0.166476
v -0.839421 -0.866329 -0.154688
v 0.729483 -1.031257 0.079296
v 0.772567 -1.034612 -0.166475
v 0.839425 -1.006680 -0.154687
v 0.793971 -1.003864 0.091287
v -0.662900 -0.868680 0.071398
v -0.704116 -0.866554 -0.178546
v -0.770749 -0.838400 -0.166797
v -0.726908 -0.841813 0.083162
v -0.713344 -0.822138 0.159606
v -0.647327 -0.841148 0.165623
v -0.662585 -0.868402 0.073340
v -0.726561 -0.841578 0.085105
v -0.868533 -0.055587 -0.149555
v -0.821348 -0.056163 0.097628
v -0.795244 0.009540 0.091543
v -0.840712 0.012362 -0.154460
v -0.635046 -0.934992 0.064825
v -0.675247 -0.935578 -0.183635
v -0.702829 -0.867861 -0.178773
v -0.661615 -0.869984 0.071139
v -0.661298 -1.002165 0.069849
v -0.634729 -0.936563 0.066751
v -0.610099 -0.891115 0.206087
v -0.628361 -0.939713 0.254997
v -0.776582 -0.842224 0.189328
v -0.793861 -0.869745 0.096401
v -0.820950 -0.934630 0.099637
v -0.796659 -0.889670 0.237634
v -1.112047 -2.202296 0.031826
v -0.668926 -2.202325 -0.082034
v -0.602793 -2.017843 -0.067822
v -1.001830 -2.017819 0.016372
v 0.676383 -0.752219 0.370662
v 0.676383 -0.240793 0.370662
v 0.616417 -0.240036 0.332280
v 0.616417 -0.752976 0.332280
v 0.747360 -0.238103 0.355017
v 0.760799 -0.053643 0.280885
v 0.692771 -0.033627 0.288083
v 0.678278 -0.238856 0.370603
v -0.748810 -0.753008 0.354322
v -0.748810 -0.240004 0.354322
v -0.786670 -0.238194 0.294186
v -0.786670 -0.754818 0.294186
v 0.628110 -0.054650 0.256410
v 0.609849 -0.103236 0.207510
v 0.600493 -0.236205 0.260967
v 0.615420 -0.237998 0.330283
v 0.678278 -0.754156 0.370603
v 0.692771 -0.959385 0.288083
v 0.760799 -0.939369 0.280885
v 0.747360 -0.754909 0.355017
v -0.629499 -0.052296 0.256229
v -0.662618 0.010532 0.070005
v -0.727318 0.037907 0.080901
v -0.691164 -0.032366 0.286436
v 0.729151 -1.030919 0.081224
v 0.793616 -1.003539 0.093212
v 0.761032 -0.940626 0.279561
v 0.693003 -0.960646 0.286760
v 0.678200 -0.752219 0.370982
v 0.747305 -0.752971 0.355390
v 0.747305 -0.240041 0.355390
v 0.678200 -0.240793 0.370982
v 0.690930 -0.959385 0.287759
v 0.676439 -0.754156 0.370279
v 0.616492 -0.754913 0.331910
v 0.629266 -0.939459 0.257553
v -0.678278 -0.754156 0.370603
v -0.747360 -0.754909 0.355017
v -0.760799 -0.939369 0.280885
v -0.692771 -0.959385 0.288083
v 0.662618 0.010532 0.070005
v 0.629499 -0.052296 0.256229
v 0.691164 -0.032366 0.286436
v 0.727318 0.037907 0.080901
v 0.761032 -0.052386 0.279561
v 0.793616 0.010527 0.093212
v 0.729151 0.037907 0.081224
v 0.693003 -0.032366 0.286760
v 0.796201 -0.103211 0.240403
v 0.762276 -0.054741 0.280206
v 0.748924 -0.238002 0.353855
v 0.786700 -0.236196 0.293852
v -0.796201 -0.889801 0.240402
v -0.762276 -0.938271 0.280206
v -0.748924 -0.755010 0.353855
v -0.786700 -0.756816 0.293853
v 0.610099 -0.891116 0.206087
v 0.634729 -0.936563 0.066751
v 0.661298 -1.002165 0.069849
v 0.628361 -0.939713 0.254997
v 0.727666 0.038245 0.078975
v 0.770747 0.041600 -0.166795
v 0.704112 0.013441 -0.178545
v 0.662943 0.010858 0.068076
v 0.729483 0.038245 0.079296
v 0.793971 0.010852 0.091287
v 0.839425 0.013668 -0.154686
v 0.772567 0.041600 -0.166474
v 0.702825 0.012134 -0.178772
v 0.675247 -0.055586 -0.183635
v 0.635044 -0.056170 0.064777
v 0.661658 0.009545 0.067881
v 0.702829 -0.125152 -0.178773
v 0.661615 -0.123028 0.071139
v 0.635046 -0.058019 0.064825
v 0.675247 -0.057434 -0.183635
v 0.795244 0.009540 0.091543
v 0.821348 -0.056163 0.097628
v 0.868533 -0.055587 -0.149555
v 0.840712 0.012362 -0.154459
v 0.610366 -0.103367 0.204752
v 0.634730 -0.058389 0.066802
v 0.661271 -0.123272 0.073110
v 0.645821 -0.150830 0.166234
v 0.770749 -0.154612 -0.166797
v 0.726908 -0.151199 0.083162
v 0.662900 -0.124332 0.071398
v 0.704116 -0.126459 -0.178546
v 0.762523 -0.053389 0.278793
v 0.796453 -0.101871 0.238980
v 0.820969 -0.056440 0.099590
v 0.794910 0.009148 0.093516
v 0.794212 -0.123023 0.094431
v 0.840708 -0.125378 -0.154461
v 0.868533 -0.057435 -0.149555
v 0.821330 -0.058012 0.097672
v 0.772569 -0.154612 -0.166476
v 0.839421 -0.126684 -0.154688
v 0.792916 -0.124327 0.094235
v 0.728729 -0.151199 0.083483
v 0.713344 -0.170875 0.159606
v 0.647327 -0.151864 0.165623
v 0.662585 -0.124610 0.073340
v 0.726561 -0.151434 0.085105
v 0.792547 -0.124605 0.096168
v 0.775376 -0.151822 0.188239
v 0.715202 -0.170875 0.159933
v 0.728391 -0.151434 0.085427
v 0.820950 -0.058381 0.099637
v 0.796659 -0.103342 0.237635
v 0.776582 -0.150788 0.189328
v 0.793861 -0.123267 0.096401
v 0.645573 -0.152151 0.167659
v 0.639055 -0.234025 0.199725
v 0.600853 -0.236139 0.259005
v 0.610115 -0.104704 0.206172
v -0.714966 -0.820936 0.161255
v -0.775144 -0.839966 0.189566
v -0.770412 -0.758972 0.221602
v -0.710909 -0.759729 0.183862
v -0.673463 0.545575 -0.074149
v -0.225827 0.545569 -0.112406
v -0.225821 0.576100 -0.059152
v -0.673437 0.576099 -0.020904
v 0.770412 -0.234040 0.221602
v 0.710909 -0.233283 0.183862
v 0.714966 -0.172077 0.161255
v 0.775144 -0.153046 0.189566
v -0.771509 -0.758985 0.223174
v -0.776328 -0.840902 0.190752
v -0.796409 -0.888333 0.239054
v -0.787032 -0.756882 0.291885
v 0.709017 -0.757783 0.183887
v 0.640536 -0.757032 0.198994
v 0.640536 -0.235980 0.198994
v 0.709017 -0.235229 0.183887
v 0.770367 -0.235982 0.221981
v 0.770367 -0.757030 0.221981
v 0.710838 -0.757783 0.184208
v 0.710838 -0.235229 0.184208
v 0.748810 -0.240004 0.354322
v 0.748810 -0.753008 0.354322
v 0.786670 -0.754818 0.294186
v 0.786670 -0.238194 0.294186
v 0.786979 -0.754878 0.292363
v 0.771433 -0.756985 0.223493
v 0.771433 -0.236027 0.223493
v 0.786979 -0.238134 0.292363
v 0.748924 -0.755010 0.353855
v 0.762276 -0.938271 0.280206
v 0.796201 -0.889801 0.240402
v 0.786700 -0.756816 0.293853
v 0.796409 -0.888333 0.239054
v 0.776328 -0.840902 0.190752
v 0.771509 -0.758985 0.223174
v 0.787032 -0.756882 0.291885
v 0.770412 -0.758972 0.221602
v 0.775144 -0.839966 0.189566
v 0.714966 -0.820936 0.161255
v 0.710909 -0.759729 0.183862
v 0.713114 -0.820936 0.160928
v 0.647092 -0.839924 0.166949
v 0.640624 -0.758974 0.198623
v 0.709069 -0.759729 0.183537
v -0.661271 -0.869740 0.073110
v -0.645821 -0.842182 0.166234
v -0.610366 -0.889645 0.204752
v -0.634730 -0.934622 0.066802
v 0.793861 -0.869745 0.096401
v 0.776582 -0.842224 0.189328
v 0.796659 -0.889670 0.237634
v 0.820950 -0.934630 0.099637
v 0.728391 -0.841578 0.085427
v 0.715202 -0.822138 0.159933
v 0.775376 -0.841190 0.188239
v 0.792547 -0.868407 0.096168
v -0.600407 -0.754810 0.261291
v -0.600407 -0.238202 0.261291
v -0.615367 -0.240000 0.330761
v -0.615367 -0.753012 0.330761
v -0.635046 -0.058019 0.064825
v -0.661615 -0.123028 0.071139
v -0.702829 -0.125152 -0.178772
v -0.675247 -0.057434 -0.183635
v -0.616417 -0.240036 0.332280
v -0.676383 -0.240793 0.370662
v -0.676383 -0.752219 0.370662
v -0.616417 -0.752976 0.332280
v -0.770748 0.041600 -0.166796
v -0.727666 0.038245 0.078975
v -0.662943 0.010858 0.068076
v -0.704112 0.013441 -0.178546
v 0.727666 -1.031257 0.078975
v 0.662943 -1.003870 0.068076
v 0.704112 -1.006453 -0.178546
v 0.770748 -1.034612 -0.166796
v -0.792916 -0.124327 0.094235
v -0.839421 -0.126684 -0.154687
v -0.772568 -0.154612 -0.166474
v -0.728729 -0.151199 0.083483
v -0.715202 -0.822138 0.159933
v -0.728391 -0.841578 0.085427
v -0.792547 -0.868407 0.096168
v -0.775376 -0.841190 0.188239
v 0.635044 -0.936841 0.064777
v 0.675247 -0.937426 -0.183635
v 0.702825 -1.005147 -0.178773
v 0.661658 -1.002557 0.067881
v -0.635044 -0.056170 0.064777
v -0.675247 -0.055587 -0.183635
v -0.702825 0.012134 -0.178773
v -0.661658 0.009545 0.067881
v -0.820969 -0.056440 0.099590
v -0.796453 -0.101871 0.238980
v -0.762523 -0.053389 0.278793
v -0.794910 0.009148 0.093516
v 0.610366 -0.889645 0.204752
v 0.645821 -0.842182 0.166234
v 0.661271 -0.869740 0.073110
v 0.634730 -0.934622 0.066802
v 0.639055 -0.758987 0.199725
v 0.645573 -0.840861 0.167659
v 0.610115 -0.888308 0.206172
v 0.600853 -0.756873 0.259005
v -0.223832 1.453764 -0.058513
v 0.223832 1.453764 -0.058513
v 0.223822 1.515412 -0.058368
v -0.223822 1.515412 -0.058368
v 1.560136 1.923990 0.134297
v 1.560136 -1.923990 0.134297
v 1.560321 -1.923990 -0.020528
v 1.560321 1.923990 -0.020528
v 1.402900 1.717976 -0.065251
v 1.402899 -1.717975 -0.065251
v 1.402742 -1.718029 0.091408
v 1.402742 1.718030 0.091408
v -1.402900 1.717976 -0.065251
v -1.402742 1.718030 0.091408
v -1.402742 -1.718029 0.091408
v -1.402900 -1.717975 -0.065251
v 1.350728 -1.928769 0.077489
v 1.402502 -1.719999 0.091342
v 1.402659 -1.719946 -0.065334
v 1.351027 -1.928513 -0.083951
v -1.349965 1.930053 -0.084203
v -1.225910 2.016303 -0.111099
v -1.225357 2.016384 0.057706
v -1.349665 1.930309 0.077288
v -0.223832 0.380288 -0.114532
v -0.223884 0.380308 -0.314924
v 0.223884 0.380308 -0.314924
v 0.223832 0.380288 -0.114532
v 1.350728 1.928769 0.077489
v 1.351027 1.928513 -0.083951
v 1.402659 1.719947 -0.065335
v 1.402502 1.720000 0.091342
v 0.223642 2.202332 -0.128609
v 0.201592 2.017843 -0.102304
v 0.600707 2.017848 -0.068130
v 0.666851 2.202318 -0.082406
v 1.349965 1.930053 -0.084203
v 1.349665 1.930309 0.077288
v 1.225357 2.016384 0.057706
v 1.225910 2.016303 -0.111099
v 1.224810 0.106467 0.028427
v 1.224810 -1.083932 0.028427
v 0.736164 -1.084028 -0.105220
v 0.736164 0.106563 -0.105220
v -0.223894 1.547454 -0.316937
v 0.223894 1.547454 -0.316937
v 0.223888 1.516898 -0.370208
v -0.223888 1.516898 -0.370208
v 1.362140 -2.202725 0.088323
v 1.362106 -2.202802 -0.066401
v 1.501192 -2.109377 -0.039554
v 1.501146 -2.109260 0.115147
v -1.402659 1.719947 -0.065335
v -1.351027 1.928513 -0.083951
v -1.350728 1.928769 0.077489
v -1.402502 1.720000 0.091342
v -1.225774 0.006179 -0.105045
v -1.225774 -0.795170 -0.105045
v -1.225635 -0.795142 -0.059591
v -1.225635 0.006151 -0.059591
v 1.225357 -2.016384 0.057706
v 1.349665 -1.930309 0.077289
v 1.349965 -1.930053 -0.084202
v 1.225910 -2.016303 -0.111099
v 0.224842 1.452764 -0.369923
v 0.674512 1.452771 -0.331505
v 0.772420 1.452705 -0.308331
v 0.772075 1.452770 0.003743
v 0.674644 1.452773 -0.021069
v 0.224874 1.452764 -0.059513
v -0.224874 1.452764 -0.059513
v -0.674644 1.452773 -0.021069
v -0.772075 1.452770 0.003743
v -0.772420 1.452705 -0.308331
v -0.674512 1.452771 -0.331505
v -0.224842 1.452764 -0.369923
v 0.734206 0.106563 -0.105594
v 0.734206 -1.084028 -0.105594
v 0.246053 -1.084033 -0.159720
v 0.246053 0.106568 -0.159720
v 0.245004 -1.085033 -0.158830
v 0.735012 -1.085028 -0.104499
v 1.224774 -1.084932 0.029454
v 1.224635 -1.084904 0.074833
v 0.735150 -1.085028 -0.058732
v 0.245050 -1.085033 -0.113085
v -0.245050 -1.085033 -0.113085
v -0.735150 -1.085028 -0.058732
v -1.224635 -1.084904 0.074833
v -1.224774 -1.084932 0.029454
v -0.735012 -1.085028 -0.104499
v -0.245004 -1.085033 -0.158830
v -0.246053 0.106568 -0.159720
v -0.246053 -1.084033 -0.159720
v -0.734206 -1.084028 -0.105594
v -0.734206 0.106563 -0.105594
v -0.245989 -1.084033 -0.111975
v -0.245989 0.106568 -0.111975
v -0.733968 0.106563 -0.057857
v -0.733968 -1.084028 -0.057857
v 0.243995 -1.084033 -0.112085
v 0.243995 0.106568 -0.112085
v -0.243995 0.106568 -0.112085
v -0.243995 -1.084033 -0.112085
v -0.225829 1.711721 -0.113447
v -0.673483 1.711730 -0.075202
v -0.673466 1.548934 -0.075019
v -0.225824 1.548940 -0.113276
v 1.224670 -1.083904 0.075879
v 1.224670 0.106439 0.075879
v 0.735927 0.106563 -0.057483
v 0.735927 -1.084028 -0.057483
v -1.123782 1.548924 0.039398
v -0.675431 1.548934 -0.074687
v -0.675448 1.711730 -0.074870
v -1.123828 1.711570 0.039301
v 0.733968 -1.084028 -0.057857
v 0.733968 0.106563 -0.057857
v 0.245989 0.106568 -0.111975
v 0.245989 -1.084033 -0.111975
v 1.123782 0.544087 0.039398
v 0.675431 0.544076 -0.074687
v 0.675448 0.381280 -0.074870
v 1.123828 0.381440 0.039301
v -0.673440 0.577598 -0.020034
v -0.225819 0.577599 -0.058283
v -0.225828 0.639246 -0.058428
v -0.673480 0.639237 -0.020165
v -0.223894 0.545556 -0.316937
v -0.223888 0.576113 -0.370208
v 0.223888 0.576113 -0.370208
v 0.223894 0.545556 -0.316937
v 0.673713 0.544057 -0.277714
v 0.673676 0.381315 -0.277580
v 0.225881 0.381308 -0.315839
v 0.225890 0.544058 -0.315984
v -1.123828 0.381440 0.039301
v -0.675448 0.381280 -0.074870
v -0.675431 0.544076 -0.074687
v -1.123782 0.544087 0.039398
v -0.245004 0.007280 -0.293565
v -0.735012 0.007275 -0.239234
v -1.224774 0.007179 -0.105281
v -1.224635 0.007151 -0.059901
v -0.735150 0.007275 -0.193466
v -0.245050 0.007280 -0.247818
v 0.245050 0.007280 -0.247818
v 0.735150 0.007275 -0.193466
v 1.224635 0.007151 -0.059901
v 1.224774 0.007179 -0.105281
v 0.735012 0.007275 -0.239234
v 0.245004 0.007280 -0.293565
v 1.123828 1.711570 0.039301
v 0.675448 1.711730 -0.074870
v 0.675431 1.548934 -0.074687
v 1.123782 1.548924 0.039398
v 0.673483 1.711730 -0.075202
v 0.225829 1.711721 -0.113447
v 0.225824 1.548940 -0.113276
v 0.673466 1.548934 -0.075019
v 0.223822 1.516909 -0.059235
v 0.223828 1.547443 -0.112493
v -0.223828 1.547443 -0.112493
v -0.223822 1.516909 -0.059235
v -0.894122 0.766365 -0.274754
v -0.894122 1.326644 -0.274754
v -0.893995 1.326772 0.040139
v -0.893995 0.766237 0.040139
v -0.733968 -0.795266 -0.192591
v -0.245989 -0.795271 -0.246708
v -0.245989 0.006280 -0.246708
v -0.733968 0.006275 -0.192591
v -1.560321 1.923990 -0.020528
v -1.560321 -1.923990 -0.020528
v -1.560136 -1.923990 0.134297
v -1.560136 1.923990 0.134297
v -0.675702 0.545565 -0.278280
v -1.124020 0.545746 -0.172514
v -1.123977 0.576205 -0.225753
v -0.675676 0.576108 -0.331524
v -0.225893 0.545557 -0.316854
v -0.673710 0.545556 -0.278584
v -0.673684 0.576117 -0.331859
v -0.225887 0.576112 -0.370120
v 0.735927 -0.795266 -0.192217
v 1.224670 -0.795142 -0.058855
v 1.224670 0.006151 -0.058855
v 0.735927 0.006275 -0.192217
v -0.673710 1.547466 -0.278577
v -0.225893 1.547453 -0.316854
v -0.225887 1.516899 -0.370120
v -0.673684 1.516894 -0.331859
v -1.124020 1.547264 -0.172514
v -0.675702 1.547457 -0.278273
v -0.675676 1.516903 -0.331524
v -1.123977 1.516806 -0.225753
v -1.123924 1.712596 -0.170494
v -1.123797 1.712570 0.038261
v -0.675479 1.712730 -0.075894
v -0.675671 1.712712 -0.276216
v -0.673479 0.380280 -0.076206
v -0.673673 0.380315 -0.276577
v -0.225884 0.380308 -0.314835
v -0.225832 0.380288 -0.114450
v -0.735927 0.006275 -0.192217
v -1.224670 0.006151 -0.058855
v -1.224670 -0.795142 -0.058855
v -0.735927 -0.795266 -0.192217
v -0.225832 1.712721 -0.114450
v -0.225884 1.712702 -0.314835
v -0.673671 1.712712 -0.276561
v -0.673479 1.712730 -0.076206
v 0.675479 1.712730 -0.075894
v 1.123797 1.712570 0.038261
v 1.123924 1.712596 -0.170494
v 0.675673 1.712695 -0.276232
v -1.123829 1.516812 0.093505
v -0.675428 1.516923 -0.020584
v -0.675454 1.547424 -0.073793
v -1.123759 1.547414 0.040280
v 0.673437 0.576099 -0.020904
v 0.225821 0.576100 -0.059152
v 0.225827 0.545569 -0.112406
v 0.673463 0.545575 -0.074149
v -0.735927 0.106563 -0.057483
v -1.224670 0.106439 0.075879
v -1.224670 -1.083904 0.075879
v -0.735927 -1.084028 -0.057483
v -0.673463 1.547435 -0.074149
v -0.673437 1.516912 -0.020904
v -0.225821 1.516911 -0.059152
v -0.225827 1.547441 -0.112406
v -0.675428 0.576088 -0.020584
v -1.123829 0.576199 0.093505
v -1.123759 0.545596 0.040280
v -0.675454 0.545586 -0.073793
v 0.673479 1.712730 -0.076206
v 0.673673 1.712695 -0.276577
v 0.225884 1.712702 -0.314835
v 0.225832 1.712721 -0.114450
v 0.223822 0.576102 -0.059235
v -0.223822 0.576102 -0.059235
v -0.223828 0.545567 -0.112493
v 0.223828 0.545567 -0.112493
v -0.675479 0.380280 -0.075894
v -1.123797 0.380440 0.038261
v -1.123924 0.380414 -0.170494
v -0.675673 0.380315 -0.276232
vn -0.5990 0.4099 -0.6879
vn -0.2124 -0.6698 -0.7115
vn -0.0798 -0.2604 -0.9622
vn -0.0508 0.4524 -0.8904
vn 0.0018 0.6496 0.7603
vn 0.0509 0.4522 -0.8905
vn -0.0046 0.6671 0.7449
vn 0.1734 0.4454 -0.8784
vn 0.0820 -0.2512 -0.9645
vn -0.0186 0.6730 0.7394
vn 0.2376 0.4172 -0.8772
vn 0.2453 -0.2959 -0.9232
vn -0.0838 0.6930 0.7160
vn 0.5351 0.2507 -0.8068
vn 0.2947 -0.3807 -0.8765
vn 0.2381 0.4777 0.8456
vn 0.3117 0.3634 0.8779
vn 0.1645 -0.6387 -0.7517
vn 0.4501 0.5637 -0.6926
vn -0.2779 -0.5812 0.7649
vn -0.1337 -0.3968 0.9081
vn -0.1786 0.4171 0.8912
vn 0.2466 0.7003 -0.6699
vn -0.0975 -0.3355 0.9370
vn -0.1333 0.4061 0.9041
vn 0.1621 0.7193 -0.6755
vn -0.0262 -0.3065 0.9515
vn -0.0387 0.4141 0.9094
vn 0.0527 0.7138 -0.6984
vn 0.0389 0.4093 0.9116
vn -0.0524 0.7168 -0.6953
vn -0.5162 0.4012 0.7567
vn 0.0230 -0.3101 0.9504
vn -0.1351 0.6814 -0.7193
vn 0.0758 -0.6857 0.7239
vn 0.0578 0.6242 0.7791
vn 0.2290 -0.6261 0.7454
vn 0.0859 -0.7020 -0.7070
vn -0.9364 0.1398 -0.3219
vn 0.5940 -0.1432 -0.7916
vn 0.7813 -0.1114 0.6141
vn -0.8571 0.1656 0.4877
vn -0.6860 0.5605 0.4640
vn 0.5451 0.4314 0.7188
vn 0.4563 -0.5426 -0.7053
vn 0.4078 0.4968 -0.7660
vn 0.5679 -0.4592 0.6831
vn -0.8322 0.4655 -0.3014
vn 0.6656 -0.7150 0.2141
vn 0.4817 0.6332 0.6058
vn 0.6584 0.5430 -0.5212
vn -0.9217 -0.1928 0.3367
vn -0.6042 -0.7182 -0.3452
vn 0.5856 0.3883 -0.7115
vn -0.1797 -0.4969 0.8490
vn 0.1005 0.4995 -0.8605
vn 0.1315 0.7110 -0.6908
vn -0.6777 0.7162 0.1663
vn -0.1023 -0.6857 0.7207
vn -0.6253 -0.6087 0.4883
vn -0.5468 0.3788 -0.7466
vn -0.6243 0.3438 0.7015
vn -0.0372 -0.7187 0.6944
vn -0.0264 0.7011 0.7126
vn 0.0215 0.7304 -0.6827
vn 0.0357 -0.7079 -0.7054
vn 0.1430 -0.7032 -0.6965
vn 0.6209 0.3631 -0.6948
vn -0.0754 0.6990 0.7111
vn 0.5504 0.3592 0.7537
vn 0.0994 0.7481 -0.6561
vn -0.1334 -0.7139 0.6874
vn 0.4998 0.5088 0.7009
vn 0.6710 0.4768 -0.5679
vn 0.6584 -0.5430 -0.5212
vn -0.5170 0.5408 -0.6636
vn -0.6253 0.6087 0.4883
vn -0.7220 0.2720 0.6362
vn 0.4855 -0.6212 0.6151
vn -0.5041 0.3676 -0.7815
vn -0.4193 0.4983 0.7589
vn -0.4608 0.5446 -0.7008
vn 0.8527 0.1313 -0.5057
vn -0.7083 -0.0586 -0.7035
vn -0.0377 -0.6201 0.7837
vn 0.9395 0.1000 0.3276
vn -0.5141 -0.3917 -0.7631
vn -0.0820 -0.4749 -0.8762
vn 0.6636 0.2867 0.6910
vn -0.3263 -0.5150 0.7926
vn 0.5770 0.5129 -0.6356
vn -0.5300 -0.0818 0.8441
vn 0.4134 0.4457 -0.7940
vn -0.2377 0.4173 -0.8771
vn -0.2989 -0.3799 -0.8754
vn 0.0811 0.6971 0.7124
vn 0.6475 0.3686 0.6670
vn 0.1274 -0.4003 0.9075
vn 0.1792 0.4120 0.8934
vn -0.2461 0.7034 -0.6668
vn -0.3117 0.3633 0.8780
vn -0.4525 0.5603 -0.6937
vn 0.2165 -0.6497 0.7287
vn -0.0517 -0.5957 -0.8016
vn -0.5351 0.2507 -0.8068
vn -0.2451 0.5594 0.7919
vn -0.7381 0.5263 0.4222
vn 0.6337 0.6576 0.4074
vn 0.3623 -0.4843 0.7964
vn 0.1085 0.5315 -0.8401
vn -0.6359 -0.5012 -0.5869
vn -0.1932 -0.4954 0.8469
vn 0.1910 0.5041 -0.8423
vn -0.1369 -0.4521 0.8814
vn 0.4231 -0.4968 0.7577
vn 0.7841 -0.3146 -0.5349
vn -0.7829 0.3166 -0.5356
vn -0.5526 0.3805 -0.7415
vn 0.6518 0.5276 0.5449
vn -0.6809 0.5587 0.4735
vn 0.0282 0.5096 -0.8599
vn -0.0485 -0.4971 0.8664
vn 0.1582 0.4706 -0.8681
vn 0.6621 -0.5819 -0.4722
vn -0.1049 -0.4961 0.8619
vn -0.6379 -0.5539 -0.5351
vn -0.0280 -0.4827 0.8754
vn 0.0490 0.4949 -0.8676
vn -0.7288 0.5652 0.3866
vn 0.6204 0.2459 0.7447
vn 0.6102 0.3883 -0.6906
vn 0.6501 -0.7198 -0.2436
vn -0.7012 -0.3903 0.5966
vn -0.6204 -0.5053 -0.5998
vn 0.6381 -0.5116 0.5754
vn -0.6811 -0.5582 0.4739
vn -0.0474 0.4939 0.8682
vn 0.1529 -0.5278 -0.8355
vn 0.0269 -0.5062 -0.8620
vn 0.6663 0.6102 -0.4287
vn -0.1491 0.4945 0.8563
vn 0.1887 -0.4761 -0.8589
vn -0.6399 0.5607 -0.5255
vn -0.1350 0.5178 0.8448
vn 0.0390 -0.4918 -0.8698
vn -0.0416 0.4868 0.8725
vn -0.7518 -0.5287 0.3939
vn 0.3623 0.4844 0.7963
vn 0.6338 -0.6576 0.4073
vn -0.5526 -0.3805 -0.7415
vn 0.7841 0.3146 -0.5349
vn -0.7829 -0.3166 -0.5356
vn -0.6358 0.5012 -0.5870
vn 0.4231 0.4968 0.7577
vn 0.7547 0.4385 0.4879
vn 0.7388 -0.6608 -0.1326
vn -0.0103 -0.9906 -0.1364
vn -0.5631 -0.1969 0.8026
vn -0.0074 0.9934 0.1140
vn -0.6205 0.7696 0.1508
vn 0.0704 -0.8968 -0.4368
vn -0.7437 -0.3850 -0.5465
vn -0.3291 0.8485 -0.4143
vn 0.5930 -0.5851 -0.5532
vn 0.5509 0.3627 -0.7517
vn -0.7770 0.5329 -0.3352
vn -0.6762 -0.5601 0.4785
vn 0.0285 -0.5099 -0.8598
vn 0.0434 -0.4999 -0.8650
vn -0.6379 0.5538 -0.5351
vn -0.0279 0.4827 0.8753
vn -0.0437 0.4932 0.8688
vn 0.1400 -0.4877 -0.8617
vn 0.6621 0.5818 -0.4724
vn -0.1450 0.4603 0.8759
vn 0.6517 -0.5276 0.5449
vn -0.1490 0.4783 0.8655
vn 0.1259 -0.5260 -0.8411
vn -0.5351 -0.2507 -0.8068
vn -0.2377 -0.4172 -0.8772
vn -0.2964 0.3830 -0.8749
vn -0.2381 -0.4777 0.8456
vn 0.0798 -0.6952 0.7144
vn -0.3118 -0.3634 0.8779
vn -0.1645 0.6387 -0.7517
vn -0.4334 -0.5548 -0.7101
vn 0.2801 0.5870 0.7596
vn 0.1338 0.3968 0.9081
vn 0.1786 -0.4170 0.8912
vn -0.2466 -0.7004 -0.6698
vn 0.0975 0.3355 0.9370
vn 0.1333 -0.4061 0.9041
vn -0.1621 -0.7193 -0.6755
vn 0.0262 0.3065 0.9515
vn 0.0387 -0.4141 0.9094
vn -0.0527 -0.7138 -0.6984
vn -0.0387 -0.4148 0.9091
vn 0.0526 -0.7139 -0.6983
vn -0.1333 -0.4061 0.9041
vn -0.0232 0.3064 0.9516
vn 0.1621 -0.7193 -0.6755
vn -0.1786 -0.4170 0.8912
vn -0.0914 0.3354 0.9376
vn 0.2466 -0.7003 -0.6699
vn 0.3116 -0.3634 0.8780
vn -0.1277 0.3966 0.9091
vn 0.4540 -0.5563 -0.6960
vn -0.2175 0.6472 0.7306
vn 0.0517 0.5957 -0.8016
vn 0.5351 -0.2507 -0.8068
vn 0.2451 -0.5594 0.7919
vn 0.2961 0.3788 -0.8768
vn 0.2376 -0.4172 -0.8772
vn -0.0849 -0.6967 0.7123
vn 0.2505 0.3205 -0.9135
vn 0.1734 -0.4454 -0.8784
vn -0.0524 -0.6311 0.7739
vn 0.0798 0.2603 -0.9622
vn 0.0509 -0.4519 -0.8906
vn -0.0018 -0.6496 0.7603
vn -0.0509 -0.4522 -0.8905
vn 0.0046 -0.6671 0.7449
vn -0.1734 -0.4454 -0.8784
vn -0.0820 0.2512 -0.9645
vn 0.0186 -0.6730 0.7394
vn -0.2453 0.2959 -0.9232
vn 0.5837 -0.7294 0.3567
vn 0.5827 0.7295 0.3582
vn 0.0498 0.3894 -0.9197
vn -0.0285 0.7349 0.6776
vn -0.5837 -0.7294 0.3567
vn 0.0497 -0.4027 -0.9140
vn 0.0457 0.7349 0.6767
vn -0.5837 0.7294 0.3567
vn -0.0462 -0.3904 -0.9195
vn 0.0284 -0.7349 0.6776
vn -0.0497 0.4027 -0.9140
vn -0.0453 -0.7416 0.6693
vn 0.5366 -0.7371 0.4108
vn 0.5338 0.7373 0.4140
vn 0.1702 0.3957 -0.9025
vn -0.1106 0.7226 0.6823
vn -0.6185 -0.7288 0.2938
vn 0.1681 -0.4247 -0.8896
vn -0.0458 0.7348 0.6767
vn -0.6185 0.7288 0.2938
vn 0.0426 -0.3959 -0.9173
vn -0.0364 -0.7449 0.6662
vn 0.0562 0.3927 -0.9179
vn -0.1454 -0.7378 0.6591
vn 0.4420 -0.6336 -0.6350
vn 0.4420 0.6336 -0.6349
vn -0.6734 0.5339 -0.5114
vn 0.6382 0.6049 0.4763
vn 0.6382 -0.6048 0.4764
vn -0.6734 -0.5339 -0.5115
vn -0.4807 -0.6215 0.6186
vn 0.4919 -0.6136 0.6176
vn 0.5200 0.5319 -0.6684
vn 0.4920 0.6136 0.6176
vn 0.5200 -0.5319 -0.6683
vn -0.4807 0.6215 0.6186
vn -0.6827 -0.4748 -0.5554
vn -0.1705 -0.3924 -0.9039
vn -0.1709 0.3957 -0.9023
vn 0.1497 -0.7311 0.6657
vn -0.4941 -0.5171 0.6989
vn 0.1837 0.4248 0.8865
vn 0.1743 -0.3421 0.9234
vn -0.1167 -0.7854 -0.6079
vn 0.0512 -0.3824 0.9226
vn -0.0350 -0.7712 -0.6357
vn -0.0512 -0.3824 0.9226
vn 0.0573 0.3935 0.9176
vn 0.0349 -0.7711 -0.6357
vn -0.0416 0.3935 0.9184
vn -0.1485 0.4247 0.8931
vn -0.1743 -0.3421 0.9234
vn 0.1167 -0.7854 -0.6079
vn 0.4941 -0.5171 0.6989
vn -0.5200 -0.5319 -0.6684
vn 0.4807 0.6215 0.6186
vn 0.6734 0.5339 -0.5114
vn 0.6827 -0.4749 -0.5554
vn -0.6382 -0.6048 0.4763
vn 0.1757 0.4230 -0.8889
vn 0.1705 -0.3924 -0.9039
vn -0.1103 -0.7229 0.6821
vn 0.0504 -0.4002 -0.9150
vn -0.0503 -0.4003 -0.9150
vn 0.6613 -0.7326 0.1613
vn 0.6590 0.7333 0.1676
vn 0.1247 0.7454 0.6548
vn -0.1836 -0.4029 -0.8966
vn -0.4476 -0.6563 0.6074
vn -0.4475 0.6563 0.6074
vn -0.5267 -0.8228 0.2135
vn 0.5504 -0.8088 0.2073
vn -0.6318 0.6070 0.4821
vn 0.0575 -0.8090 0.5850
vn 0.6317 0.6070 0.4822
vn -0.0314 0.5285 -0.8483
vn -0.0562 -0.8083 0.5860
vn 0.0327 0.5292 -0.8479
vn 0.6076 0.5909 -0.5307
vn -0.7776 0.6285 0.0194
vn -0.9908 -0.0083 -0.1348
vn -0.0333 -0.5731 -0.8188
vn 0.9922 -0.0293 0.1213
vn -0.2089 -0.9114 0.3545
vn 0.9742 -0.0141 0.2253
vn 0.1827 0.1648 0.9693
vn -0.9469 -0.0915 -0.3083
vn 0.6920 -0.6600 -0.2924
vn -0.7433 0.5746 0.3425
vn 0.6139 -0.7884 0.0399
vn -0.6539 0.7318 0.1922
vn -0.6378 -0.7103 0.2978
vn 0.0349 -0.4024 -0.9148
vn 0.6112 0.7379 0.2861
vn 0.1393 -0.4271 -0.8934
vn 0.5760 -0.7183 0.3902
vn -0.0877 0.7434 0.6631
vn -0.0281 0.7452 0.6662
vn -0.5083 0.6048 0.6131
vn 0.4855 0.6213 0.6151
vn -0.2896 0.4716 0.8329
vn -0.5273 0.4123 0.7430
vn -0.5272 -0.4124 0.7430
vn -0.2896 -0.4716 0.8329
vn -0.5083 -0.6048 0.6130
vn -0.4622 -0.6105 -0.6431
vn 0.5856 -0.3882 -0.7116
vn -0.2401 -0.5003 -0.8319
vn -0.9217 0.1928 0.3367
vn -0.4341 -0.4597 -0.7748
vn -0.7012 0.3902 0.5967
vn -0.4340 0.4597 -0.7748
vn 0.6102 -0.3883 -0.6906
vn -0.2401 0.5004 -0.8319
vn -0.4622 0.6105 -0.6432
vn -0.5170 -0.5408 -0.6635
vn -0.6348 0.7293 0.2553
vn 0.6399 0.7273 0.2482
vn -0.0279 -0.4822 0.8756
vn -0.0477 0.4983 -0.8657
vn 0.0259 -0.4868 0.8731
vn 0.0348 -0.7217 0.6913
vn -0.6109 -0.7143 -0.3414
vn -0.0249 0.7259 -0.6873
vn 0.6109 -0.7143 -0.3415
vn 0.0492 0.4949 -0.8675
vn 0.6590 0.7332 0.1676
vn -0.1551 0.4173 -0.8955
vn 0.1486 0.7228 0.6749
vn -0.1681 -0.4247 -0.8896
vn -0.6734 -0.5339 -0.5114
vn -0.4475 -0.6563 0.6074
vn -0.4475 0.6563 0.6075
vn -0.6733 0.5339 -0.5114
vn 0.1311 -0.7150 0.6867
vn 0.5083 0.6048 0.6131
vn 0.2896 0.4716 0.8329
vn -0.4231 0.4968 0.7577
vn 0.5170 -0.5408 -0.6635
vn 0.7829 -0.3166 -0.5356
vn 0.4622 0.6105 -0.6432
vn -0.4855 0.6213 0.6151
vn 0.7352 -0.5197 0.4352
vn -0.7026 0.5977 -0.3861
vn -0.6302 0.3131 -0.7105
vn 0.2401 0.5004 -0.8319
vn 0.9417 -0.2089 0.2638
vn 0.4341 0.4596 -0.7748
vn 0.7012 -0.3903 0.5966
vn 0.4340 -0.4597 -0.7748
vn -0.6102 0.3883 -0.6905
vn 0.7012 0.3902 0.5967
vn -0.6102 -0.3883 -0.6906
vn -0.5856 -0.3882 -0.7116
vn 0.2401 -0.5003 -0.8319
vn 0.9217 0.1928 0.3367
vn 0.4622 -0.6105 -0.6431
vn 0.6253 0.6087 0.4883
vn -0.6584 -0.5430 -0.5212
vn -0.4855 -0.6212 0.6151
vn 0.5083 -0.6048 0.6130
vn 0.5170 0.5408 -0.6636
vn -0.4231 -0.4968 0.7577
vn 0.2896 -0.4716 0.8329
vn 0.7829 0.3166 -0.5356
vn 0.5273 -0.4123 0.7429
vn 0.5526 0.3805 -0.7415
vn 0.5273 0.4123 0.7429
vn -0.3623 -0.4843 0.7964
vn 0.5526 -0.3805 -0.7415
vn -0.3622 0.4844 0.7964
vn -0.6400 0.7306 -0.2380
vn -0.6094 -0.7112 0.3505
vn -0.0379 -0.7108 -0.7024
vn 0.0404 0.5001 0.8650
vn 0.6400 0.7306 -0.2380
vn -0.0336 -0.5014 -0.8646
vn 0.6101 -0.7111 0.3494
vn 0.0233 0.6966 0.7171
vn 0.1705 0.3924 -0.9039
vn 0.0503 0.4004 -0.9150
vn 0.6827 0.4749 -0.5553
vn -0.6382 0.6049 0.4763
vn 0.4941 0.5171 0.6989
vn 0.6734 -0.5339 -0.5114
vn -0.5200 0.5319 -0.6683
vn 0.4807 -0.6215 0.6186
vn -0.1837 -0.4248 0.8865
vn -0.1743 0.3421 0.9234
vn 0.1167 0.7854 -0.6078
vn -0.0512 0.3824 0.9226
vn 0.0350 0.7711 -0.6358
vn -0.0573 -0.3935 0.9176
vn 0.0534 -0.3995 0.9152
vn 0.0512 0.3824 0.9226
vn -0.0266 0.7612 -0.6480
vn 0.1485 -0.4247 0.8931
vn 0.1743 0.3421 0.9234
vn -0.1167 0.7854 -0.6078
vn -0.4941 0.5171 0.6989
vn -0.6827 0.4749 -0.5553
vn -0.1705 0.3924 -0.9038
vn -0.0532 -0.4019 -0.9141
vn -0.0504 0.4002 -0.9151
vn 0.0284 0.7349 0.6776
vn -0.6144 -0.7366 -0.2827
vn 0.0357 0.7116 -0.7017
vn -0.6374 0.7113 0.2963
vn -0.0266 -0.6978 0.7158
vn 0.5702 0.7215 0.3928
vn 0.6613 -0.7253 -0.1914
vn -0.4420 0.6336 -0.6350
vn -0.4420 -0.6336 -0.6350
vn -0.4920 0.6136 0.6176
vn -0.4919 -0.6136 0.6177
vn -0.5200 0.5319 -0.6684
vn 0.0360 -0.5415 -0.8399
vn 0.1210 -0.6223 0.7733
vn 0.7831 0.5049 0.3632
vn -0.2882 -0.5550 0.7803
vn -0.6292 -0.3967 -0.6684
vn 0.5259 0.6559 -0.5415
vn 0.8161 0.3010 -0.4933
vn -0.5241 0.4571 -0.7186
vn -0.5266 -0.1303 0.8400
vn -0.4511 0.3817 0.8068
vn -0.6894 -0.1105 -0.7159
vn 0.9173 0.2104 0.3379
vn -0.2736 0.5286 -0.8036
vn -0.4958 0.5850 0.6419
vn -0.4037 -0.8302 0.3845
vn -0.0117 0.5916 0.8061
vn 0.3609 0.5208 -0.7736
vn -0.1265 -0.9028 -0.4111
vn -0.4941 -0.7477 -0.4437
vn 0.6599 -0.2127 -0.7206
vn 0.4191 0.4185 0.8057
vn 0.4786 -0.0526 0.8764
vn 0.6489 0.3293 -0.6859
vn -0.7301 -0.5527 0.4019
vn 0.4510 0.3816 0.8068
vn -0.1963 -0.7684 0.6092
vn -0.7831 0.5049 0.3632
vn 0.6894 -0.1105 -0.7159
vn 0.5097 -0.4396 -0.7396
vn -0.9179 0.2456 0.3118
vn -0.8456 0.2388 -0.4774
vn 0.5240 0.4572 -0.7186
vn 0.4615 -0.1622 0.8722
vn -0.0359 -0.5415 -0.8399
vn 0.2882 -0.5550 0.7803
vn -0.6075 0.6269 -0.4877
vn 0.4841 -0.3061 0.8197
vn -0.2212 -0.3561 0.9079
vn -0.2538 0.4743 0.8430
vn -0.1042 -0.7987 -0.5927
vn 0.0512 -0.7534 -0.6556
vn 0.0783 0.7251 0.6842
vn 0.3301 0.6477 -0.6867
vn 0.5988 -0.2894 -0.7468
vn -0.2762 -0.8196 0.5020
vn 0.1591 0.4926 -0.8556
vn 0.2219 -0.3517 -0.9094
vn -0.2459 -0.7683 0.5910
vn 0.1648 -0.3671 -0.9154
vn -0.1924 -0.7762 0.6005
vn 0.0486 -0.3507 -0.9352
vn 0.1187 0.5092 -0.8524
vn -0.0486 -0.3507 -0.9352
vn -0.1179 0.5109 -0.8515
vn -0.1648 -0.3671 -0.9155
vn 0.1914 -0.7737 0.6039
vn -0.1575 0.4903 -0.8572
vn -0.2219 -0.3517 -0.9094
vn 0.2416 -0.7727 0.5870
vn -0.5987 -0.2897 -0.7468
vn 0.3352 -0.6580 0.6743
vn -0.4841 -0.3061 0.8197
vn -0.3228 0.6517 -0.6864
vn 0.3047 -0.6563 -0.6903
vn -0.0250 0.7834 0.6210
vn 0.2538 0.4743 0.8430
vn 0.2213 -0.3561 0.9079
vn -0.0512 -0.7534 -0.6556
vn 0.1663 -0.3521 0.9211
vn -0.0441 -0.8249 -0.5635
vn 0.0489 -0.3497 0.9356
vn 0.2137 0.4803 0.8507
vn -0.0098 -0.8175 -0.5758
vn -0.0489 -0.3500 0.9355
vn 0.0672 0.4798 0.8748
vn 0.0098 -0.8175 -0.5759
vn -0.0458 0.4798 0.8762
vn -0.1553 0.4824 0.8621
vn -0.1663 -0.3520 0.9211
vn 0.0435 -0.8259 -0.5621
vn -0.1458 -0.3885 -0.9098
vn -0.0390 -0.3968 -0.9171
vn -0.0386 0.3972 -0.9169
vn 0.0999 -0.7613 0.6406
vn 0.0332 -0.7487 0.6620
vn -0.6298 -0.0968 -0.7707
vn -0.1526 0.4147 -0.8971
vn -0.1856 -0.6034 0.7756
vn -0.3698 -0.2481 0.8954
vn -0.0435 0.9205 -0.3882
vn -0.4763 -0.5434 -0.6913
vn 0.3875 0.7724 0.5033
vn 0.1676 0.4034 0.8996
vn 0.1550 -0.3726 0.9149
vn -0.1038 -0.7874 -0.6076
vn 0.0394 -0.3834 0.9228
vn -0.0273 -0.7715 -0.6356
vn 0.0429 0.3982 0.9163
vn -0.0346 0.3982 0.9166
vn -0.0394 -0.3833 0.9228
vn 0.0273 -0.7715 -0.6356
vn -0.1584 0.4165 0.8952
vn -0.1550 -0.3727 0.9149
vn 0.0877 -0.7659 -0.6369
vn 0.3699 -0.2480 0.8954
vn 0.4763 -0.5434 -0.6913
vn -0.2942 0.8522 0.4326
vn -0.0989 0.8282 -0.5517
vn 0.6299 -0.0968 -0.7707
vn 0.1856 -0.6034 0.7755
vn 0.1276 0.4147 -0.9010
vn 0.1458 -0.3885 -0.9098
vn -0.0999 -0.7613 0.6406
vn 0.0345 0.4006 -0.9156
vn 0.0390 -0.3967 -0.9171
vn -0.0279 -0.7522 0.6584
vn -0.4420 0.6336 -0.6349
vn -0.4420 -0.6336 -0.6349
vn -0.6382 -0.6049 0.4763
vn 0.6733 0.5339 -0.5114
vn 0.4807 0.6216 0.6186
vn -0.4919 0.6136 0.6176
vn -0.5200 -0.5319 -0.6683
vn -0.4919 -0.6136 0.6176
vn 0.1609 -0.3792 -0.9112
vn 0.4017 -0.4877 0.7751
vn -0.6623 0.2181 -0.7168
vn -0.4774 0.0484 0.8773
vn -0.5480 0.1940 -0.8137
vn -0.6914 0.6138 0.3809
vn -0.8012 -0.4078 0.4380
vn 0.6191 0.7838 -0.0481
vn 0.7687 -0.2477 -0.5897
vn -0.6877 -0.7249 -0.0396
vn 0.0272 0.9870 -0.1584
vn -0.0410 -0.9807 0.1911
vn -0.3168 -0.7902 0.5246
vn 0.7280 0.1714 0.6638
vn 0.3208 0.4592 -0.8284
vn 0.6159 0.6984 -0.3645
vn 0.0359 0.5415 -0.8399
vn -0.5721 -0.5027 -0.6480
vn 0.8299 -0.2323 -0.5072
vn -0.2908 0.5568 0.7781
vn -0.4607 0.1735 0.8704
vn 0.6123 -0.6295 -0.4783
vn 0.7301 -0.5526 0.4019
vn 0.1913 0.6242 0.7574
vn -0.5409 0.4503 -0.7104
vn -0.4510 -0.3816 0.8068
vn -0.6894 0.1105 -0.7159
vn 0.9179 -0.2456 0.3118
vn 0.4774 0.0484 0.8773
vn -0.5975 -0.6279 0.4987
vn 0.6623 0.2181 -0.7168
vn -0.1609 -0.3792 -0.9112
vn -0.7055 0.7042 0.0797
vn 0.5413 0.6462 0.5380
vn 0.5413 -0.6462 0.5380
vn -0.6840 -0.7259 0.0719
vn -0.6734 0.6993 0.2401
vn -0.3648 0.8799 0.3044
vn -0.7552 0.6218 0.2076
vn -0.9557 0.2311 0.1822
vn -0.8357 -0.2309 -0.4983
vn -0.9557 -0.2311 0.1822
vn 0.4633 0.1551 0.8725
vn -0.7543 -0.6191 0.2187
vn -0.3497 -0.8820 0.3159
vn -0.6746 -0.7001 0.2341
vn -0.6539 0.7288 0.2031
vn 0.6345 0.7124 0.2999
vn -0.5807 -0.7142 -0.3909
vn 0.6221 -0.7321 -0.2775
vn 0.2008 0.6049 0.7706
vn -0.9275 -0.1845 0.3251
vn 0.2340 0.6054 -0.7608
vn 0.6935 0.1434 -0.7061
vn 0.2339 -0.6054 -0.7608
vn 0.1795 -0.6170 0.7663
vn 0.5873 -0.3543 0.7277
vn -0.0326 0.7187 0.6945
vn 0.5848 -0.3683 -0.7227
vn -0.5848 -0.3683 -0.7227
vn -0.0053 -0.6895 0.7243
vn -0.5873 -0.3544 0.7277
vn -0.0467 0.7687 -0.6379
vn -0.0247 -0.7292 -0.6839
vn 0.0348 0.7179 0.6953
vn 0.0215 -0.7303 -0.6828
vn -0.6656 0.7150 0.2141
vn -0.4817 -0.6333 0.6058
vn 0.6041 0.7182 -0.3453
vn 0.1797 0.4969 0.8490
vn -0.1005 -0.4995 -0.8605
vn -0.1316 -0.7109 -0.6908
vn 0.6777 -0.7163 0.1665
vn 0.1023 0.6857 0.7207
vn 0.0909 0.7253 0.6824
vn 0.0018 0.9850 0.1724
vn 0.4932 0.6041 0.6260
vn 0.0752 -0.4817 0.8731
vn 0.4862 -0.7713 -0.4107
vn 0.0583 -0.5536 0.8307
vn -0.0323 0.4482 -0.8933
vn -0.1292 0.1806 -0.9750
vn -0.0361 -0.9630 -0.2671
vn 0.1349 -0.8597 0.4927
vn -0.6224 -0.7807 0.0563
vn -0.2321 0.6155 0.7532
vn 0.6841 0.7259 0.0718
vn -0.5413 0.6462 0.5380
vn 0.1046 -0.4957 0.8622
vn -0.1799 0.4897 -0.8531
vn -0.1513 -0.4099 -0.8995
vn 0.6746 -0.7001 0.2341
vn 0.0992 0.7605 0.6417
vn 0.1265 -0.9028 -0.4111
vn 0.3497 -0.8820 0.3159
vn 0.0117 0.5916 0.8062
vn 0.7543 -0.6191 0.2187
vn 0.9557 -0.2311 0.1822
vn 0.9557 0.2312 0.1821
vn 0.7552 0.6218 0.2076
vn 0.3648 0.8799 0.3045
vn 0.6733 0.6993 0.2401
vn 0.6840 -0.7259 0.0719
vn 0.1046 0.4959 0.8621
vn -0.1634 -0.4703 -0.8672
vn -0.5413 -0.6462 0.5380
vn 0.6384 0.7102 0.2967
vn -0.6005 0.6940 0.3972
vn 0.6538 -0.7318 0.1923
vn 0.0396 0.4826 0.8750
vn -0.6112 -0.7379 0.2860
vn -0.0432 -0.4998 -0.8651
vn -0.6194 0.7029 0.3496
vn 0.6118 0.7103 0.3481
vn 0.6356 -0.7324 0.2442
vn -0.6356 -0.7323 0.2442
vn -0.6461 0.7028 0.2975
vn 0.5760 0.7183 0.3901
vn 0.6112 -0.7379 0.2860
vn -0.6539 -0.7318 0.1923
vn 0.6656 0.7150 0.2141
vn 0.4817 -0.6333 0.6058
vn -0.6777 -0.7163 0.1664
vn -0.6041 0.7182 -0.3453
vn 0.5837 -0.7295 0.3566
vn -0.0496 0.4028 -0.9139
vn -0.5836 0.7295 0.3567
vn 0.0283 -0.7348 0.6777
vn -0.5662 -0.7221 -0.3974
vn 0.6165 -0.7442 -0.2571
vn 0.6165 0.7442 -0.2571
vn 0.1413 -0.7631 -0.6306
vn -0.5508 0.7364 -0.3929
vn -0.1647 0.4404 0.8825
vn 0.0445 -0.7612 -0.6470
vn -0.0458 0.3870 0.9210
vn -0.6088 -0.7619 -0.2210
vn -0.5904 0.7372 0.3287
vn 0.6101 0.7111 0.3495
vn 0.6400 -0.7306 -0.2380
vn -0.6112 0.7379 0.2861
vn -0.5730 -0.7187 0.3939
vn -0.0490 0.4949 -0.8676
vn 0.6540 0.7317 0.1921
vn 0.0279 -0.4913 0.8706
vn -0.0417 -0.3988 -0.9161
vn 0.6384 -0.7103 0.2966
vn 0.0276 0.7523 0.6583
vn -0.6613 0.7253 -0.1914
vn -0.5669 -0.7219 0.3968
vn 0.6180 0.7307 -0.2902
vn 0.6374 -0.7112 0.2964
vn 0.6185 -0.7288 0.2938
vn 0.6176 0.7289 0.2955
vn -0.5367 -0.7371 0.4108
vn -0.5366 0.7371 0.4108
vn -0.6637 -0.6937 -0.2800
vn 0.1471 -0.7172 0.6812
vn 0.5807 -0.7142 -0.3908
vn -0.0631 0.7410 -0.6685
vn 0.6539 0.7288 0.2031
vn 0.0946 -0.4862 0.8687
vn -0.6061 0.7221 0.3335
vn -0.1876 0.5083 -0.8405
vn 0.5987 0.2897 -0.7468
vn 0.2219 0.3517 -0.9094
vn 0.1531 -0.4917 -0.8572
vn -0.3352 0.6580 0.6743
vn -0.2463 0.7733 0.5842
vn 0.4841 0.3061 0.8197
vn 0.3228 -0.6517 -0.6864
vn -0.3013 0.6547 -0.6932
vn 0.0223 -0.7835 0.6210
vn -0.2538 -0.4743 0.8430
vn -0.2213 0.3561 0.9079
vn 0.0512 0.7534 -0.6556
vn -0.1663 0.3521 0.9211
vn 0.0435 0.8259 -0.5621
vn -0.0489 0.3497 0.9356
vn -0.2148 -0.4815 0.8497
vn 0.0098 0.8175 -0.5758
vn 0.0489 0.3500 0.9355
vn -0.0672 -0.4798 0.8748
vn -0.0098 0.8175 -0.5759
vn 0.0458 -0.4798 0.8762
vn 0.1553 -0.4824 0.8621
vn 0.1663 0.3520 0.9211
vn -0.0435 0.8259 -0.5621
vn 0.2537 -0.4742 0.8431
vn 0.2212 0.3562 0.9078
vn -0.0512 0.7533 -0.6556
vn -0.4841 0.3061 0.8198
vn 0.1902 0.6539 -0.7323
vn 0.0454 -0.7115 0.7013
vn -0.3301 -0.6477 -0.6867
vn -0.5988 0.2894 -0.7468
vn 0.2763 0.8195 0.5020
vn -0.1591 -0.4926 -0.8556
vn -0.2219 0.3517 -0.9094
vn 0.2459 0.7683 0.5910
vn -0.1648 0.3671 -0.9154
vn 0.1924 0.7762 0.6005
vn -0.0486 0.3507 -0.9352
vn -0.1187 -0.5092 -0.8524
vn 0.0575 0.8090 0.5851
vn 0.0486 0.3507 -0.9352
vn -0.0313 -0.5287 -0.8482
vn -0.0578 0.8079 0.5864
vn 0.0314 -0.5294 -0.8478
vn 0.1179 -0.5108 -0.8515
vn 0.1648 0.3671 -0.9155
vn -0.1913 0.7737 0.6039
vn 0.5574 0.7733 -0.3023
vn 0.7139 -0.6775 0.1769
vn -0.1083 0.3538 0.9290
vn -0.1522 -0.5107 -0.8462
vn -0.4604 0.5154 -0.7227
vn 0.0938 0.6961 0.7118
vn -0.6865 -0.7209 -0.0953
vn 0.6714 -0.3548 -0.6507
vn -0.8253 -0.0311 0.5638
vn -0.0407 -0.0600 -0.9974
vn -0.4078 -0.4968 -0.7660
vn -0.5600 -0.4142 0.7175
vn 0.6865 -0.5848 0.4321
vn -0.5679 0.4592 0.6831
vn -0.0746 0.7044 -0.7059
vn 0.8322 -0.4655 -0.3014
vn -0.7845 0.0884 0.6138
vn -0.2290 0.6260 0.7455
vn 0.9335 -0.1359 -0.3319
vn -0.5942 0.1436 -0.7914
vn 0.8570 -0.1656 0.4880
vn -0.4450 0.4560 -0.7707
vn -0.6357 0.7323 0.2442
vn -0.6111 -0.7104 0.3492
vn 0.6357 0.7323 0.2442
vn 0.6118 -0.7103 0.3480
vn -0.2243 -0.5869 0.7779
vn -0.2926 -0.5949 -0.7486
vn 0.6568 0.0592 0.7518
vn 0.5920 0.1343 -0.7947
vn 0.5920 -0.1344 -0.7947
vn -0.4970 0.6439 -0.5817
vn -0.8158 -0.4112 -0.4067
vn 0.5674 0.5371 0.6242
vn 0.6568 -0.0590 0.7517
vn -0.2239 0.5869 0.7781
vn 0.5015 0.5733 -0.6480
vn -0.4961 -0.4570 0.7382
vn 0.0729 0.7257 -0.6841
vn -0.9379 -0.1074 -0.3297
vn 0.4078 -0.4967 -0.7662
vn 0.7894 0.1242 0.6012
vn 0.5454 -0.4310 0.7189
vn 0.2291 0.6261 0.7453
vn 0.5841 0.1393 -0.7997
vn -0.8596 -0.1537 0.4874
vn -0.6050 -0.7205 -0.3389
vn 0.5892 -0.7347 -0.3361
vn 0.5892 0.7347 -0.3361
vn -0.5893 0.7347 -0.3362
vn -0.0445 -0.7611 -0.6471
vn 0.0416 0.3935 0.9184
vn -0.6110 0.7143 -0.3413
vn 0.6191 0.7066 -0.3426
vn -0.6348 -0.7293 0.2553
vn -0.0477 -0.4983 -0.8657
vn 0.0339 0.4798 0.8767
vn 0.6349 -0.7292 0.2553
vn -0.2290 -0.6260 0.7454
vn -0.5752 0.5386 0.6157
vn 0.5975 0.6380 0.4857
vn -0.5867 -0.1444 -0.7968
vn -0.5608 -0.3824 -0.7343
vn 0.8631 0.1539 0.4811
vn 0.9331 0.1220 -0.3382
vn -0.0744 -0.7044 -0.7059
vn -0.7992 -0.1226 0.5884
vn 0.7359 0.5648 -0.3734
vn -0.4078 0.4968 -0.7661
vn -0.7636 -0.3751 0.5256
vn -0.9395 -0.2313 -0.2527
vn -0.0790 0.9604 -0.2673
vn -0.0112 -0.9209 -0.3896
vn 0.8476 0.2506 -0.4676
vn 0.2243 -0.5869 0.7779
vn -0.7941 0.1776 0.5812
vn 0.3777 -0.5479 -0.7464
vn -0.5920 0.1343 -0.7947
vn 0.6350 -0.5300 0.5620
vn 0.4093 0.8688 0.2788
vn -0.6025 -0.6930 0.3960
vn -0.6329 0.7500 0.1921
vn 0.6329 0.7500 0.1921
vn -0.4601 0.8615 0.2149
vn 0.6025 -0.6930 0.3960
vn -0.6350 -0.5301 0.5620
vn 0.6318 -0.6070 0.4821
vn 0.5265 0.8226 0.2147
vn -0.6317 -0.6070 0.4822
vn -0.5269 0.8227 0.2133
vn 0.6501 -0.7318 0.2048
vn -0.4038 -0.8763 0.2628
vn -0.6350 0.5300 0.5620
vn 0.6025 0.6930 0.3960
vn 0.5578 -0.5001 0.6624
vn 0.3247 0.8847 0.3346
vn -0.5618 -0.7816 0.2709
vn -0.7469 0.6472 0.1524
vn -0.5980 0.4597 0.6566
vn 0.4881 0.8305 0.2685
vn 0.7857 -0.5751 0.2280
vn -0.2725 -0.9028 0.3327
vn -0.9626 -0.1362 -0.2343
vn -0.9573 0.1379 -0.2541
vn -0.4293 -0.8042 -0.4110
vn 0.8685 -0.1563 -0.4704
vn 0.8411 0.1202 -0.5274
vn 0.8379 -0.1202 -0.5324
vn -0.7008 0.0673 -0.7102
vn 0.9456 -0.0921 0.3120
vn 0.8351 -0.4107 0.3660
vn 0.6744 -0.6024 -0.4270
vn -0.4866 0.2545 -0.8358
vn 0.8413 -0.2726 -0.4667
vn -0.0526 0.9246 -0.3773
vn -0.8034 0.5050 -0.3155
vn -0.8561 -0.5044 0.1127
vn -0.9813 -0.1016 0.1635
vn -0.8577 -0.1477 -0.4925
vn 0.1929 0.2567 0.9470
vn -0.9666 -0.2351 0.1025
vn -0.7021 -0.4616 -0.5422
vn -0.1437 0.9338 0.3278
vn 0.5967 0.5747 0.5600
vn 0.7979 0.1529 0.5830
vn 0.7980 -0.1529 0.5829
vn 0.5967 -0.5747 0.5601
vn -0.1437 -0.9338 0.3278
vn -0.9666 0.2350 0.1025
vn -0.5166 0.6890 -0.5084
vn -0.8561 0.5044 0.1127
vn 0.2080 -0.2378 0.9488
vn -0.8517 0.1375 -0.5057
vn -0.9798 0.1181 0.1616
vn 0.5194 -0.1131 0.8470
vn 0.5115 0.0916 0.8544
vn -0.7845 0.5788 0.2226
vn 0.2725 0.9028 0.3327
vn 0.5334 -0.5077 0.6765
vn -0.4881 -0.8305 0.2685
vn -0.5597 0.5065 0.6559
vn 0.5618 0.7816 0.2710
vn 0.7469 -0.6472 0.1525
vn -0.3257 -0.8835 0.3367
vn 0.1437 0.9338 0.3278
vn -0.6073 0.5402 0.5826
vn 0.9666 -0.2350 0.1025
vn 0.5166 -0.6890 -0.5084
vn 0.8561 -0.5044 0.1127
vn -0.2080 0.2378 0.9488
vn 0.8516 -0.1376 -0.5059
vn 0.9797 -0.1182 0.1617
vn -0.5193 0.1131 0.8471
vn 0.9797 0.1181 0.1617
vn 0.8561 0.5044 0.1126
vn 0.9666 0.2351 0.1025
vn 0.1437 -0.9338 0.3278
vn -0.5967 -0.5747 0.5600
vn -0.7980 -0.1529 0.5829
vn -0.7980 0.1529 0.5829
vn -0.6244 0.6584 -0.4204
vn -0.5485 -0.7976 -0.2509
vn 0.5485 -0.7976 -0.2510
vn 0.6255 0.6583 -0.4187
vn 0.5334 0.5078 0.6765
vn -0.4843 0.8301 0.2764
vn 0.2725 -0.9028 0.3326
vn -0.7857 -0.5750 0.2280
vn 0.6350 0.5301 0.5620
vn -0.6041 0.6921 0.3951
vn 0.4038 -0.8763 0.2628
vn -0.6329 -0.7500 0.1921
vn 0.7470 0.6472 0.1524
vn -0.3207 0.8837 0.3407
vn 0.5618 -0.7817 0.2708
vn -0.5578 -0.5001 0.6624
vn -0.5754 -0.6640 -0.4776
vn -0.3674 0.8044 -0.4668
vn 0.4538 -0.8770 -0.1582
vn 0.8002 0.5094 -0.3164
vn -0.6266 -0.5652 -0.5365
vn 0.4042 -0.9039 -0.1401
vn 0.7718 0.5242 -0.3599
vn -0.3399 0.8441 -0.4147
vn -0.7545 -0.5537 -0.3525
vn 0.5220 -0.7266 -0.4467
vn 0.5853 0.7367 -0.3388
vn -0.4998 0.8459 -0.1859
vn -0.0359 0.5415 -0.8399
vn -0.1209 0.6223 0.7733
vn 0.5241 -0.4571 -0.7186
vn 0.4510 -0.3817 0.8068
vn 0.2736 0.5286 -0.8036
vn -0.8016 -0.2365 -0.5491
vn 0.4037 -0.8302 0.3845
vn 0.4958 0.5849 0.6419
vn -0.3609 0.5208 -0.7736
vn -0.4786 -0.0525 0.8765
vn -0.5754 0.6640 -0.4776
vn 0.4608 0.8730 -0.1600
vn -0.3897 -0.8056 -0.4463
vn 0.8002 -0.5095 -0.3164
vn 0.6205 -0.5712 -0.5373
vn -0.4501 -0.8773 -0.1667
vn 0.3399 0.8441 -0.4147
vn -0.7708 0.5252 -0.3606
vn 0.7857 0.5750 0.2280
vn -0.3069 0.9061 0.2910
vn 0.4881 -0.8305 0.2685
vn -0.5334 -0.5078 0.6765
vn -0.8014 -0.4912 -0.3414
vn 0.3399 -0.8441 -0.4146
vn 0.6205 0.5712 -0.5373
vn -0.4203 0.8922 -0.1656
vn -0.8002 0.5095 -0.3164
vn 0.4369 0.7596 -0.4818
vn -0.4550 -0.8751 -0.1648
vn 0.5617 -0.6692 -0.4866
vn -0.6916 0.6171 -0.3753
vn 0.5420 0.7078 -0.4530
vn -0.4917 -0.8474 -0.2004
vn 0.5839 -0.7340 -0.3467
vn -0.0384 -0.9149 -0.4019
vn 0.8024 -0.5048 -0.3184
vn 0.9583 -0.1388 -0.2499
vn 0.9582 0.1389 -0.2502
vn 0.8024 0.5048 -0.3184
vn 0.0513 0.9243 -0.3782
vn -0.8425 -0.2712 -0.4654
vn -0.7580 -0.5433 0.3608
vn -0.6795 -0.5999 -0.4224
vn 0.5046 0.2336 -0.8311
vn -0.8392 -0.1202 -0.5303
vn 0.7002 0.0672 -0.7108
vn -0.8393 0.1202 -0.5302
vn -0.9432 -0.1119 0.3127
vn 0.7001 -0.0671 -0.7109
vn -0.9457 0.0913 0.3120
vn -0.8346 0.4117 0.3660
vn -0.6795 0.5998 -0.4224
vn 0.4875 -0.2550 -0.8351
vn -0.8425 0.2712 -0.4654
vn 0.6254 -0.6584 -0.4188
vn -0.6456 -0.6382 -0.4194
vn 0.5485 0.7976 -0.2509
vn -0.5485 0.7976 -0.2510
vn -0.5853 0.7367 -0.3388
vn 0.5068 0.8413 -0.1880
vn -0.5220 -0.7266 -0.4467
vn 0.6997 -0.6118 -0.3689
vn 0.7718 -0.5242 -0.3599
vn -0.3399 -0.8441 -0.4147
vn 0.4042 0.9039 -0.1401
vn -0.6205 0.5712 -0.5373
vn 0.5578 0.5001 0.6624
vn -0.5645 0.7812 0.2667
vn 0.3257 -0.8835 0.3367
vn -0.7470 -0.6472 0.1524
vn 0.8049 -0.2502 -0.5381
vn 0.5638 -0.6625 -0.4932
vn 0.1719 -0.9163 -0.3617
vn 0.5294 -0.7356 -0.4227
vn -0.1268 0.7679 -0.6279
vn 0.6130 0.7230 -0.3187
vn 0.1430 -0.3878 0.9106
vn -0.1109 -0.4985 -0.8598
vn 0.1690 0.5145 0.8407
vn -0.7406 0.5998 -0.3029
vn -0.7406 -0.5998 -0.3028
vn 0.6129 -0.7230 -0.3187
vn -0.1094 0.5000 -0.8591
vn 0.1929 -0.4970 0.8461
vn 0.5372 0.7365 -0.4112
vn 0.1570 0.9224 -0.3528
vn 0.5618 0.6622 -0.4959
vn 0.8049 0.2502 -0.5381
vn 0.6474 -0.7473 -0.1499
vn -0.6227 -0.7290 -0.2843
vn -0.0473 -0.4994 0.8651
vn 0.6346 0.7296 -0.2548
vn -0.5871 0.7170 -0.3759
vn 0.0270 0.5061 -0.8620
vn -0.6474 0.7472 -0.1499
vn 0.6226 0.7291 -0.2842
vn 0.0473 0.4993 0.8651
vn -0.6346 -0.7296 -0.2548
vn 0.5870 -0.7170 -0.3760
vn -0.0228 0.7663 -0.6421
vn 0.0429 -0.3982 0.9163
vn -0.0270 -0.5062 -0.8620
vn 0.4475 -0.6563 0.6074
vn 0.4475 0.6563 0.6074
vn -0.6613 -0.7326 0.1613
vn -0.6613 0.7326 0.1613
vn 0.6778 0.7171 -0.1623
vn -0.6161 0.7361 -0.2802
vn -0.0387 -0.4018 0.9149
vn -0.5871 -0.7169 -0.3759
vn 0.0228 0.7663 -0.6420
vn -0.1328 -0.4026 0.9057
vn 0.6346 -0.7296 -0.2548
vn 0.1269 0.7680 -0.6277
vn 0.6372 -0.7362 -0.2281
vn -0.6440 -0.7291 -0.2317
vn 0.0402 -0.4993 0.8655
vn 0.6163 0.7156 -0.3288
vn -0.6163 0.7156 -0.3288
vn -0.0392 0.5062 -0.8615
vn -0.6349 -0.6929 -0.3418
vn 0.7406 -0.5998 -0.3028
vn 0.7406 0.5998 -0.3029
vn -0.6130 0.7230 -0.3187
vn -0.5294 -0.7356 -0.4227
vn -0.1719 -0.9163 -0.3617
vn -0.5638 -0.6625 -0.4932
vn -0.8048 -0.2502 -0.5381
vn -0.8048 0.2503 -0.5381
vn -0.5618 0.6622 -0.4959
vn -0.1570 0.9224 -0.3529
vn -0.5371 0.7365 -0.4112
vn -0.7563 0.6524 -0.0480
vn -0.4192 0.2956 0.8584
vn -0.5194 -0.3678 0.7713
vn -0.7218 -0.6915 -0.0288
vn 0.2926 -0.0789 -0.9530
vn 0.2544 -0.3381 0.9061
vn 0.8107 -0.5791 0.0856
vn 0.0652 0.2152 -0.9744
vn 0.6472 0.7499 0.1371
vn -0.1082 0.0420 -0.9932
vn 0.2525 0.3394 0.9061
vn 0.2077 -0.1907 -0.9594
vn -0.5574 -0.7733 -0.3023
vn -0.5712 0.6692 0.4752
vn 0.1522 0.5107 -0.8462
vn 0.4298 -0.3093 -0.8483
vn -0.0939 -0.6961 0.7118
vn -0.7188 0.6359 -0.2810
vn 0.6865 0.7209 -0.0953
vn 0.7315 -0.5486 0.4048
vn -0.6714 0.3548 -0.6507
vn 0.8253 0.0311 0.5638
vn 0.3299 -0.6661 -0.6690
vn 0.3204 0.6624 -0.6772
vn -0.8114 -0.1759 -0.5574
vn 0.8577 -0.0739 0.5088
vn -0.8225 0.1564 -0.5468
vn -0.9882 0.1040 0.1126
vn 0.0692 -0.7432 0.6655
vn 0.9171 -0.0246 -0.3979
vn -0.9883 -0.1037 0.1121
vn 0.1988 0.6448 0.7381
vn 0.9302 -0.1803 -0.3196
vn 0.8434 0.0689 0.5328
vn -0.5537 -0.8323 -0.0274
vn 0.9982 0.0121 -0.0581
vn -0.1394 -0.2786 -0.9502
vn -0.9787 -0.0090 0.2050
vn 0.1767 0.8124 -0.5557
vn -0.9882 0.1293 0.0817
vn -0.2796 0.4384 0.8542
vn 0.9783 0.0673 -0.1958
vn 0.4621 0.2915 -0.8376
vn 0.7661 0.5703 0.2963
vn -0.0919 0.6933 0.7147
vn -0.7022 0.7104 0.0469
vn -0.3549 -0.4780 -0.8034
vn -0.6167 -0.6983 -0.3634
vn -0.5692 -0.6716 0.4743
vn 0.8255 -0.0311 0.5636
vn 0.6876 -0.6222 -0.3744
vn -0.6230 -0.0103 -0.7822
vn 0.1805 -0.7999 -0.5723
vn 0.9905 -0.0386 -0.1320
vn 0.9982 -0.0141 -0.0584
vn -0.1382 0.0253 -0.9901
vn -0.9457 -0.2921 0.1423
vn -0.9970 -0.0765 0.0069
vn -0.4580 0.8887 0.0223
vn -0.1817 -0.6723 0.7176
vn -0.4573 -0.8892 0.0105
vn -0.7729 0.4543 -0.4430
vn -0.5964 0.5553 0.5796
vn 0.7462 -0.5817 0.3238
vn 0.6830 0.7254 -0.0850
vn 0.3935 -0.5901 -0.7049
vn -0.7697 0.0987 -0.6307
vn -0.5676 0.6741 0.4727
vn -0.5725 -0.5212 0.6330
vn 0.5905 0.7307 -0.3425
vn 0.5285 -0.3036 -0.7928
vn -0.7142 -0.6775 0.1759
vn -0.0178 0.9900 -0.1399
vn 0.0436 -0.9848 0.1681
vn 0.6626 0.6032 0.4441
vn 0.3943 0.5851 -0.7087
vn 0.0420 -0.4293 -0.9022
vn 0.2588 -0.5125 0.8187
vn -0.5886 0.2134 -0.7797
vn -0.5651 0.0390 0.8241
vn 0.7627 -0.6388 0.1009
vn 0.7415 0.6662 0.0792
vn 0.4639 -0.0618 -0.8837
vn -0.4633 -0.2195 0.8586
vn -0.4472 0.0749 0.8913
vn -0.7855 -0.6076 -0.1179
vn 0.5395 0.0002 -0.8420
vn -0.0009 -0.0841 0.9965
vn -0.6869 0.6823 -0.2503
vn -0.1960 0.0633 -0.9786
vn 0.0473 0.2913 0.9554
vn -0.1970 -0.0635 -0.9783
vn 0.1089 -0.9831 0.1469
vn 0.9908 -0.0085 -0.1348
vn -0.0031 -0.6040 -0.7970
vn -0.9823 -0.0402 0.1829
vn -0.5724 0.6021 -0.5566
vn -0.6100 -0.7922 -0.0170
vn -0.3527 0.2411 0.9041
vn 0.7639 0.6428 0.0573
vn -0.8393 -0.1951 -0.5075
vn 0.4636 0.7418 -0.4846
vn -0.5040 0.7101 -0.4916
vn -0.4406 -0.4669 0.7668
vn 0.2699 0.4438 0.8545
vn -0.0231 -0.9259 0.3771
vn -0.4759 -0.6480 -0.5946
vn 0.2709 -0.6169 0.7390
vn -0.4620 0.7708 -0.4387
vn 0.2029 0.5978 0.7755
vn -0.0813 0.3202 0.9439
vn 0.2279 -0.8993 0.3732
vn -0.7289 -0.3754 -0.5726
vn 0.9860 -0.1099 -0.1250
vn 0.7626 0.4096 0.5007
vn -0.9693 0.0982 0.2256
vn -0.9871 -0.0020 0.1599
vn -0.1727 0.8436 -0.5084
vn 0.9760 -0.0326 -0.2152
vn -0.7197 -0.6813 0.1338
vn 0.2575 -0.3989 -0.8801
vn 0.6143 0.7834 -0.0948
vn 0.1765 0.7222 0.6687
vn -0.0004 0.7167 -0.6974
vn 0.7944 0.0007 -0.6074
vn -0.9916 0.0249 0.1266
vn -0.9573 -0.0002 -0.2892
vn 0.9804 0.0103 -0.1968
vn 0.7006 -0.7113 -0.0570
vn -0.2637 -0.5930 0.7608
vn -0.6549 0.7499 0.0933
vn 0.5937 -0.5847 -0.5528
vn -0.4255 -0.6660 -0.6127
vn -0.7773 0.5323 -0.3354
vn -0.6433 -0.2870 -0.7098
vn -0.6009 0.7359 -0.3119
vn -0.6082 0.7283 0.3155
vn -0.5289 -0.3956 0.7509
vn 0.5397 -0.8205 -0.1886
vn 0.3536 -0.7756 -0.5230
vn 0.0430 0.9806 0.1912
vn 0.8516 0.0038 0.5242
vn -0.0275 -0.9870 -0.1584
vn 0.6619 0.2677 -0.7001
vn -0.3286 -0.8492 -0.4134
vn 0.0696 0.8976 -0.4353
vn 0.5172 0.6733 -0.5284
vn -0.5930 0.5851 -0.5532
vn -0.7944 0.0007 -0.6074
vn -0.0032 -0.7175 -0.6966
vn 0.9573 -0.0001 -0.2892
vn 0.7770 -0.5329 -0.3352
vn -0.9908 -0.0019 -0.1352
vn -0.2661 -0.7254 0.6348
vn 0.9826 0.0379 0.1817
vn -0.6699 0.6643 -0.3316
vn 0.2362 0.5349 0.8112
vn 0.6040 -0.7575 0.2477
vn 0.3870 0.3842 -0.8382
vn 0.7163 0.4685 0.5172
vn -0.6066 -0.1031 0.7883
vn -0.7438 -0.3846 -0.5467
vn -0.3286 0.8485 -0.4148
vn 0.0697 -0.8973 -0.4360
vn 0.8902 0.2545 -0.3779
vn -0.0704 0.8968 -0.4368
vn -0.5508 -0.3628 -0.7516
vn 0.3291 -0.8485 -0.4143
vn -0.7256 -0.4704 0.5022
vn 0.0102 0.9906 -0.1364
vn 0.5631 0.1968 0.8026
vn 0.0073 -0.9935 0.1140
vn -0.2803 -0.7147 -0.6409
vn -0.7001 -0.5144 0.4952
vn 0.6819 -0.7131 0.1629
vn -0.3536 0.7756 -0.5230
vn 0.2369 0.7318 -0.6391
vn 0.6009 -0.7359 -0.3119
vn -0.8141 -0.0002 -0.5807
vn -0.0698 0.7283 0.6817
vn 0.9615 0.0004 -0.2748
vn -0.9755 0.0336 -0.2173
vn 0.9870 0.0094 0.1605
vn -0.5329 0.7956 -0.2882
vn -0.4281 -0.6231 -0.6546
vn -0.7012 -0.0863 0.7077
vn 0.6422 -0.5449 0.5391
vn 0.2972 0.5975 -0.7447
vn 0.9906 0.1084 0.0839
vn 0.0966 0.9162 0.3888
vn -0.9885 0.0582 -0.1392
vn -0.3944 0.5850 -0.7087
vn 0.2377 -0.7332 -0.6372
vn 0.6013 0.7351 -0.3132
vn -0.2811 0.7138 -0.6415
vn -0.3545 -0.7742 -0.5243
vn -0.5881 0.4731 0.6560
vn -0.6108 -0.7890 -0.0655
vn -0.0108 -0.7317 0.6816
vn 0.6714 0.7345 -0.0986
vn -0.4347 0.0588 -0.8987
vn -0.8145 0.1285 0.5657
vn 0.4779 -0.4302 0.7658
vn 0.8307 -0.1994 -0.5197
vn -0.4084 0.2066 0.8891
vn 0.8135 -0.3098 0.4922
vn -0.2697 -0.7661 -0.5833
vn -0.0006 0.8029 0.5961
vn -0.6979 0.5858 -0.4120
vn 0.6142 0.0245 -0.7888
vn -0.7693 0.3042 0.5618
vn -0.4560 -0.5862 -0.6697
vn 0.5459 -0.2966 0.7836
vn -0.8132 0.4532 -0.3652
vn -0.0338 0.7927 -0.6086
vn 0.6525 0.3363 0.6791
vn -0.1017 -0.8180 0.5661
vn 0.8345 0.0115 -0.5509
vn -0.1806 0.7999 -0.5723
vn -0.9905 0.0386 -0.1320
vn -0.9982 0.0141 -0.0584
vn 0.1382 -0.0252 -0.9901
vn 0.9457 0.2922 0.1423
vn 0.9970 0.0765 0.0068
vn 0.4958 -0.8413 0.2155
vn 0.3602 0.7036 0.6125
vn 0.6025 0.0638 -0.7956
vn -0.7752 -0.3234 0.5427
vn 0.6805 -0.6690 0.2988
vn -0.7012 -0.7130 0.0017
vn -0.8273 0.4794 -0.2930
vn 0.7118 0.7002 0.0544
vn -0.4981 0.3583 0.7896
vn 0.4710 -0.3049 -0.8278
vn -0.7137 -0.5807 0.3917
vn 0.6204 -0.2460 0.7447
vn -0.6203 0.5055 -0.5998
vn 0.6501 0.7198 -0.2435
vn 0.1691 -0.5741 0.8011
vn 0.3563 -0.7870 -0.5036
vn -0.0523 0.9444 0.3246
vn 0.5191 0.1508 -0.8413
vn -0.5321 -0.7006 0.4754
vn 0.6232 -0.6884 -0.3712
vn -0.5228 0.6807 0.5132
vn 0.6950 0.6178 -0.3679
vn 0.6490 -0.5666 0.5077
vn 0.2521 -0.4665 -0.8478
vn -0.6013 -0.7351 -0.3132
vn -0.0372 0.7222 0.6907
vn -0.2380 0.7328 -0.6375
vn 0.8142 -0.0000 -0.5806
vn -0.9615 -0.0004 -0.2748
vn 0.3545 0.7742 -0.5243
vn -0.2114 -0.7903 -0.5751
vn -0.2840 0.2904 -0.9138
vn 0.7746 -0.4628 0.4312
vn 0.4726 0.8750 -0.1054
vn 0.6217 -0.6996 -0.3523
vn 0.6626 0.6434 -0.3834
vn -0.4722 -0.2624 -0.8415
vn 0.5067 0.0248 0.8618
vn 0.4472 0.0749 0.8913
vn -0.5654 0.2943 -0.7705
vn -0.2029 -0.5978 0.7756
vn -0.1386 0.6419 0.7542
vn 0.9898 -0.1262 0.0653
vn -0.9727 -0.0588 -0.2245
vn 0.0802 0.7084 -0.7012
vn 0.3812 0.5356 0.7535
vn 0.0061 -0.7321 -0.6812
vn 0.6071 -0.6134 0.5052
vn 0.2746 -0.5273 0.8041
vn -0.6591 -0.6557 -0.3683
vn -0.4967 0.4873 -0.7182
vn -0.0134 0.9896 0.1430
vn -0.1691 -0.5741 0.8011
vn 0.0103 0.9309 0.3652
vn 0.9952 -0.0810 0.0555
vn -0.9135 -0.0021 -0.4069
vn 0.9787 0.1340 0.1553
vn 0.7846 -0.1470 -0.6023
vn -0.3247 -0.7679 -0.5522
vn -0.8607 0.0787 0.5030
vn -0.5192 0.1508 -0.8413
vn -0.8850 0.2499 0.3929
vn 0.8203 -0.5571 -0.1294
vn -0.9722 -0.1898 -0.1374
vn 0.7216 0.4905 -0.4885
vn 0.7278 -0.6635 -0.1733
vn -0.4485 -0.5547 0.7008
vn -0.4306 0.9025 -0.0089
vn 0.6587 0.5642 -0.4978
vn 0.1781 -0.6240 -0.7609
vn 0.1537 -0.3457 -0.9257
vn 0.7012 -0.7130 0.0017
vn -0.0241 0.0503 0.9984
vn 0.0025 0.8020 0.5973
vn -0.5854 -0.6992 0.4105
vn -0.4622 -0.3139 -0.8293
vn -0.7821 0.5769 -0.2355
vn 0.4263 0.6770 0.6000
vn 0.5603 -0.2283 0.7962
vn 0.3810 0.5100 -0.7712
vn -0.4913 -0.4459 0.7482
vn -0.8345 -0.0115 -0.5509
vn 0.3615 -0.7205 -0.5917
vn -0.3104 0.5763 -0.7560
vn -0.9794 -0.0149 0.2013
vn 0.9804 0.0300 -0.1948
vn 0.6216 -0.0203 0.7831
vn -0.9905 0.1086 0.0842
vn -0.2678 0.9294 0.2541
vn 0.9214 0.2770 -0.2726
vn 0.1629 0.3119 0.9361
vn -0.5769 -0.7750 0.2581
vn -0.5152 -0.5737 -0.6368
vn -0.0413 0.8263 -0.5617
vn 0.5117 0.3117 -0.8006
vn -0.7697 -0.0987 -0.6307
vn -0.4123 -0.7287 0.5469
vn 0.5691 -0.3677 0.7355
vn -0.7737 -0.2544 -0.5802
vn 0.4635 0.1531 -0.8728
vn 0.5663 0.7769 0.2754
vn -0.7281 0.1714 0.6637
vn 0.5733 0.6778 0.4604
vn 0.7118 -0.7002 0.0543
vn -0.2704 0.6738 -0.6877
vn -0.8121 -0.3600 -0.4593
vn -0.0638 -0.7224 0.6885
vn -0.5943 0.7941 0.1270
vn 0.2520 -0.4673 -0.8474
vn -0.6007 -0.7358 -0.3126
vn 0.5554 -0.5697 0.6057
vn 0.3531 0.7749 -0.5242
vn 0.0698 0.7283 0.6817
vn -0.9615 0.0003 -0.2748
vn -0.2370 0.7317 -0.6391
vn 0.8142 -0.0001 -0.5806
vn 0.6316 0.4731 0.6143
vn -0.6222 0.7825 -0.0237
vn -0.6015 0.7352 -0.3125
vn 0.2812 0.7137 -0.6416
vn 0.3551 -0.7748 -0.5230
vn 0.6300 -0.7761 0.0277
vn -0.2378 -0.7329 -0.6374
vn 0.0108 -0.7317 0.6816
vn 0.4331 -0.0618 -0.8992
vn 0.8387 -0.0099 0.5445
vn -0.5289 0.3956 0.7509
vn -0.8308 0.1977 -0.5203
vn -0.5120 -0.4279 0.7448
vn -0.0040 0.9892 -0.1463
vn 0.8145 0.1285 0.5657
vn -0.0003 -0.9928 0.1197
vn 0.6633 0.2626 -0.7008
vn -0.3291 -0.8493 -0.4129
vn -0.8305 -0.1997 -0.5199
vn 0.0704 0.8971 -0.4362
vn -0.6619 -0.2677 -0.7002
vn -0.8436 0.0051 0.5370
vn 0.3286 0.8492 -0.4134
vn 0.8306 0.1981 -0.5205
vn -0.0696 -0.8976 -0.4353
vn 0.4663 0.5124 0.7211
vn 0.5507 -0.3631 -0.7516
vn 0.7793 -0.3173 0.5403
vn 0.6247 0.7647 -0.1582
vn -0.7771 -0.5331 -0.3344
vn -0.6204 -0.7696 0.1511
vn -0.7438 0.3846 -0.5466
vn 0.5931 0.5852 -0.5530
vn -0.5631 0.1970 0.8026
vn 0.5603 0.2284 0.7962
vn -0.6626 0.5260 0.5331
vn 0.3906 -0.4798 -0.7857
vn -0.8345 0.0115 -0.5509
vn 0.0219 -0.7387 0.6737
vn -0.2363 -0.7313 -0.6398
vn 0.5554 0.5698 0.6057
vn 0.2802 0.7147 -0.6409
vn 0.0031 -0.7175 -0.6965
vn 0.2411 -0.7497 0.6163
vn -0.4282 0.6639 -0.6131
vn -0.2362 0.5349 0.8112
vn -0.6195 -0.6511 -0.4385
vn -0.0031 0.6040 -0.7970
vn 0.1213 0.9845 0.1264
vn -0.3805 -0.0464 0.9236
vn 0.4521 0.7781 0.4362
vn -0.6325 0.6935 -0.3451
vn 0.3557 0.5666 -0.7433
vn 0.7605 -0.4133 0.5008
vn -0.1341 -0.8332 -0.5364
vn -0.0814 -0.3202 0.9439
vn -0.8002 -0.5095 -0.3164
vn 0.3897 -0.8056 -0.4463
vn 0.5754 0.6640 -0.4776
vn -0.4537 0.8770 -0.1582
vn 0.8290 0.5587 0.0260
vn 0.7071 -0.7067 -0.0220
vn -0.0216 -0.1927 0.9810
vn -0.0419 0.0621 -0.9972
vn -0.6508 0.6672 -0.3623
vn -0.3666 -0.7117 -0.5992
vn 0.7411 -0.6476 0.1770
vn 0.4384 0.0044 0.8988
vn 0.6468 0.5419 0.5367
vn 0.7428 0.4897 -0.4566
vn -0.4478 -0.5001 -0.7412
vn -0.2072 -0.1858 -0.9605
vn -0.7905 0.4924 -0.3641
vn -0.8063 -0.5809 0.1116
vn 0.4905 0.8029 0.3388
vn 0.5280 -0.8016 0.2803
vn -0.1351 0.7134 -0.6876
vn -0.2325 -0.5926 -0.7712
vn 0.5843 0.7847 0.2069
vn 0.1382 0.0253 -0.9901
vn -0.0319 -0.7956 -0.6050
vn 0.2796 -0.4384 0.8542
vn -0.7906 -0.4924 -0.3640
vn -0.6275 0.7733 0.0907
vn 0.6720 -0.4554 -0.5840
vn 0.6744 0.7068 0.2134
vn -0.3602 0.4097 -0.8381
vn 0.5692 0.0794 0.8184
vn 0.4874 -0.2954 -0.8217
vn 0.5614 -0.7612 0.3247
vn -0.7840 0.2375 -0.5735
vn -0.4133 -0.1559 0.8971
vn -0.5257 -0.2916 -0.7991
vn 0.6927 0.1919 -0.6953
vn 0.5270 0.7449 0.4092
vn -0.6626 0.6032 0.4441
vn 0.7217 -0.6916 -0.0288
vn -0.7958 -0.5955 -0.1096
vn 0.4654 0.8504 -0.2453
vn -0.6149 0.7845 -0.0798
vn 0.8020 -0.4377 -0.4065
vn 0.7503 0.5531 0.3620
vn -0.5162 0.7394 -0.4323
vn -0.4604 -0.5154 -0.7228
vn 0.7198 0.6037 0.3427
vn -0.6745 0.7068 0.2134
vn -0.6720 -0.4554 -0.5840
vn 0.7905 -0.4924 -0.3641
vn -0.5052 -0.2888 -0.8133
vn -0.7486 -0.6249 0.2218
vn 0.7281 -0.1714 0.6637
vn 0.7748 0.2322 -0.5881
vn 0.0180 -0.9901 -0.1393
vn -0.0411 0.9807 0.1910
vn 0.7697 -0.0987 -0.6307
vn 0.4533 -0.6844 0.5711
vn -0.5905 -0.7307 -0.3425
vn -0.5231 0.2903 -0.8013
vn 0.7142 0.6775 0.1758
vn -0.6626 -0.6032 0.4441
vn -0.5500 0.8351 0.0144
vn 0.3575 0.2833 -0.8899
vn -0.4033 -0.6774 0.6152
vn 0.2114 -0.7903 -0.5751
vn 0.6196 -0.7781 -0.1029
vn -0.3789 -0.0513 -0.9240
vn 0.5961 0.3783 0.7082
vn -0.2510 0.8733 -0.4176
vn -0.1088 0.9831 0.1469
vn -0.0602 0.5930 -0.8030
vn 0.5116 -0.6899 -0.5122
vn 0.1827 -0.1647 0.9693
vn 0.7438 0.3846 -0.5467
vn 0.6058 0.1051 0.7887
vn 0.3286 -0.8485 -0.4149
vn -0.0697 0.8973 -0.4360
vn -0.5938 0.5847 -0.5528
vn -0.5510 -0.3624 -0.7517
vn 0.7774 -0.5322 -0.3354
vn -0.6351 -0.5347 0.5575
vn 0.5289 -0.3956 0.7509
vn -0.8387 0.0046 0.5446
vn 0.8308 -0.1977 -0.5203
vn -0.3531 -0.7749 -0.5242
vn 0.6008 0.7358 -0.3126
vn -0.6619 0.2680 -0.7001
vn 0.5157 0.6756 -0.5270
vn -0.7944 -0.0007 -0.6074
vn 0.0004 -0.7166 -0.6974
vn 0.9573 0.0002 -0.2892
vn -0.2004 -0.7485 0.6321
vn 0.3543 0.5275 0.7722
vn 0.3752 -0.5195 0.7677
vn 0.4850 -0.5297 -0.6958
vn -0.5931 -0.5852 -0.5530
vn 0.6756 0.7322 0.0867
vn -0.2469 0.7089 0.6606
vn -0.6703 -0.6639 -0.3315
vn -0.0031 0.7175 -0.6966
vn 0.7771 0.5331 -0.3345
vn -0.0400 -0.7171 0.6958
vn -0.5779 0.6148 0.5366
vn -0.9834 -0.0434 -0.1760
vn 0.9870 -0.0095 0.1605
vn 0.9615 -0.0003 -0.2748
vn 0.2370 -0.7317 -0.6391
vn -0.8142 0.0001 -0.5806
vn -0.2801 0.7148 -0.6408
vn -0.4234 0.3397 0.8398
vn 0.0090 0.8479 -0.5301
vn 0.6229 -0.3877 -0.6795
vn 0.3432 -0.9364 0.0738
vn 0.5568 -0.1987 0.8065
vn 0.6742 -0.1434 -0.7245
vn -0.0704 -0.8971 -0.4362
vn 0.0001 0.9928 0.1196
vn -0.6383 0.4571 0.6194
vn 0.0102 -0.9906 -0.1364
vn -0.5507 0.3631 -0.7516
vn 0.3291 0.8493 -0.4129
vn -0.6046 0.1959 0.7720
vn 0.0492 -0.9813 0.1859
vn 0.3217 -0.6115 -0.7229
vn -0.3615 0.7205 -0.5917
vn -0.6316 -0.4731 0.6143
vn 0.6222 -0.7825 -0.0237
vn 0.6015 -0.7352 -0.3125
vn -0.2812 -0.7137 -0.6416
vn -0.3550 0.7748 -0.5230
vn -0.6300 0.7761 0.0277
vn 0.2378 0.7329 -0.6375
vn 0.0192 0.7436 0.6684
vn 0.8305 0.1998 -0.5199
vn -0.7464 -0.1690 -0.6437
vn 0.6019 0.3402 0.7224
vn -0.8189 -0.1276 0.5595
vn -0.7693 -0.3042 0.5617
vn 0.6626 -0.5261 0.5331
vn -0.4245 0.5846 -0.6914
vn 0.8386 -0.0125 -0.5446
vn 0.4083 0.2066 0.8891
vn 0.5918 0.6022 -0.5359
vn -0.8311 -0.4845 0.2731
vn -0.6081 0.0239 -0.7935
vn -0.1019 0.2014 0.9742
vn 0.1305 0.8376 -0.5304
vn -0.4104 -0.7944 0.4479
vn -0.3556 -0.5666 -0.7433
vn 0.6670 0.4797 -0.5701
vn 0.6591 -0.6557 -0.3683
vn -0.1708 -0.5449 0.8209
vn 0.0134 0.9896 0.1430
vn -0.7146 -0.6960 -0.0699
vn 0.6543 -0.3846 -0.6511
vn -0.4768 0.5226 0.7068
vn 0.8343 0.5454 -0.0807
vn 0.6399 -0.5606 -0.5256
vn -0.6896 -0.5780 -0.4363
vn 0.6777 0.5582 0.4787
vn -0.6380 0.5116 0.5755
vn 0.5016 -0.5282 0.6851
vn -0.7278 -0.6635 -0.1733
vn -0.5577 0.4424 -0.7023
vn 0.4306 0.9025 -0.0089
vn 0.1875 -0.0503 -0.9810
vn 0.3820 0.7584 -0.5281
vn -0.0523 -0.9444 0.3245
vn 0.1910 0.4248 0.8849
vn 0.7777 -0.6086 -0.1574
vn 0.2895 0.1150 -0.9502
vn -0.6049 -0.7277 0.3234
vn -0.7462 0.5971 0.2944
vn 0.6869 0.6823 -0.2503
vn 0.0193 -0.1880 0.9820
vn 0.5583 -0.6536 0.5110
vn 0.5323 0.7006 0.4752
vn -0.8282 -0.0869 0.5537
vn 0.7855 0.1420 -0.6024
vn -0.6950 -0.6178 -0.3679
vn -0.6950 0.6179 -0.3678
vn -0.5313 -0.5861 0.6117
vn -0.5156 0.6064 0.6054
vn 0.2324 -0.5926 -0.7712
vn -0.9258 0.1715 -0.3369
vn 0.1351 0.7134 -0.6876
vn 0.9718 -0.1262 0.1990
vn -0.2839 -0.7062 -0.6486
vn 0.0161 -0.7163 0.6977
vn -0.2793 0.6798 -0.6781
vn -0.1988 0.6448 0.7381
vn -0.4227 0.7162 0.5554
vn -0.6196 -0.7782 -0.1029
vn 0.2911 -0.0417 -0.9558
vn 0.2511 0.8733 -0.4176
vn 0.0236 -0.9850 0.1712
vn 0.8181 0.5602 -0.1299
vn -0.2902 -0.4430 -0.8482
vn -0.6809 -0.6128 0.4010
vn -0.3612 0.7489 -0.5556
vn -0.1910 0.4247 0.8849
vn 0.4533 0.5415 0.7080
vn 0.5564 -0.7760 0.2969
vn -0.6713 -0.5743 -0.4686
vn -0.7279 0.6635 -0.1732
vn -0.7821 -0.5769 -0.2355
vn 0.6608 -0.5477 -0.5131
vn -0.6193 0.5658 0.5444
vn 0.7012 0.7130 0.0017
vn -0.5769 0.7750 0.2581
vn -0.4894 0.5580 -0.6701
vn 0.2680 -0.1726 0.9478
vn -0.0412 -0.8263 -0.5617
vn -0.5913 0.7970 0.1232
vn -0.3130 0.5799 -0.7522
vn -0.1059 -0.3967 0.9118
vn 0.1341 -0.8332 -0.5364
vn -0.7683 0.3604 0.5289
vn -0.6070 -0.0254 -0.7943
vn 0.2933 0.1232 0.9481
vn 0.5884 -0.5837 -0.5595
vn -0.0061 0.7320 -0.6813
vn 0.0153 -0.7271 -0.6864
vn -0.5505 0.4916 0.6747
vn -0.2926 -0.6331 0.7166
vn 0.2211 0.7147 0.6636
vn -0.2150 -0.6545 0.7248
vn -0.4281 -0.6640 -0.6131
vn 0.7944 -0.0009 -0.6073
vn 0.0035 0.7174 -0.6966
vn -0.9573 0.0005 -0.2892
vn 0.6140 0.7148 -0.3347
vn -0.7983 0.5489 0.2478
vn -0.6385 -0.7333 0.2338
vn 0.6508 -0.6672 -0.3623
vn -0.6736 0.1421 -0.7253
vn -0.5881 0.0959 0.8031
vn 0.6125 -0.4816 0.6268
vn 0.5508 -0.3627 -0.7517
vn -0.7775 -0.5324 -0.3346
vn 0.5939 0.5848 -0.5525
vn -0.6927 0.4004 0.5999
vn 0.6046 -0.0904 0.7914
vn -0.5508 0.3626 -0.7518
vn 0.7775 0.5324 -0.3347
vn 0.7439 -0.3841 -0.5469
vn -0.5938 -0.5849 -0.5525
vn -0.4826 0.4307 0.7626
vn -0.8307 0.1993 -0.5198
vn 0.6631 -0.2630 -0.7008
vn 0.8145 -0.1285 0.5657
vn 0.7155 0.4875 0.5004
vn 0.6142 -0.0245 -0.7888
vn -0.6658 -0.4507 -0.5946
vn -0.6445 0.0294 0.7641
vn -0.2112 0.7056 0.6764
vn 0.0005 0.7167 -0.6974
vn 0.4257 -0.6659 -0.6127
vn 0.3226 -0.6504 0.6877
vn 0.1975 -0.7486 0.6329
vn -0.0003 -0.7167 -0.6973
vn -0.4256 0.6660 -0.6127
vn -0.4061 0.5718 0.7128
vn -0.3147 -0.5740 -0.7560
vn -0.2678 -0.9294 0.2541
vn 0.6786 0.1708 0.7143
vn 0.3615 0.7205 -0.5917
vn -0.1628 -0.3119 0.9361
vn 0.3432 0.9364 0.0738
vn 0.6388 0.5018 -0.5832
vn -0.0183 -0.8356 -0.5491
vn 0.3968 -0.2147 -0.8925
vn 0.6216 0.6514 -0.4351
vn 0.0134 -0.9896 0.1430
vn -0.2459 0.5492 0.7987
vn 0.6163 -0.7156 -0.3289
vn -0.6244 -0.7078 -0.3303
vn 0.6372 0.7362 -0.2281
vn -0.6373 0.7361 -0.2281
vn -0.4132 -0.5661 0.7133
vn -0.4158 0.5935 0.6891
vn -0.2996 -0.6048 -0.7379
vn -0.2995 0.6047 -0.7380
vn 0.3446 0.6108 -0.7129
vn 0.3431 -0.5914 -0.7297
vn 0.2550 -0.6135 0.7474
vn 0.2548 0.6135 0.7474
vn -0.2549 0.6135 0.7474
vn -0.3431 0.5913 -0.7298
vn -0.2548 -0.6135 0.7474
vn -0.3432 -0.5913 -0.7298
vn 0.3859 0.5082 0.7699
vn -0.0315 -0.7482 0.6628
vn 0.4590 0.5463 -0.7006
vn 0.0421 -0.4981 -0.8661
vn 0.0419 0.4293 -0.9022
vn -0.8152 -0.2920 -0.5002
vn 0.3160 0.4702 0.8240
vn -0.5548 -0.1419 0.8198
vn -0.5873 0.3544 0.7277
vn -0.5848 0.3683 -0.7227
vn 0.5849 0.3683 -0.7227
vn 0.5873 0.3544 0.7277
vn 0.0422 0.4981 -0.8661
vn -0.0054 0.6281 0.7782
vn 0.4590 -0.5463 -0.7006
vn 0.3861 -0.5080 0.7700
vn -0.5853 -0.7367 -0.3388
vn -0.5177 0.7264 -0.4520
vn 0.4998 -0.8459 -0.1859
vn 0.6997 0.6118 -0.3689
vn 0.5548 -0.1419 0.8198
vn 0.6019 -0.1519 -0.7840
vn -0.3160 0.4702 0.8241
vn -0.0420 0.4293 -0.9022
vn 0.4476 -0.6563 0.6075
vn -0.1486 0.7228 0.6749
vn 0.1537 -0.4097 -0.8992
vn -0.6613 0.7326 0.1612
vn 0.6626 0.5470 0.5116
vn -0.6646 0.5431 0.5132
vn 0.6550 -0.5670 -0.4996
vn -0.6549 -0.5670 -0.4996
vn -0.5920 -0.1343 -0.7947
vn -0.6661 -0.0032 0.7459
vn 0.3778 0.5479 -0.7464
vn 0.2243 0.5869 0.7779
vn -0.0422 0.4981 -0.8661
vn -0.4663 -0.5631 -0.6822
vn 0.0569 0.6402 0.7661
vn -0.3862 -0.5079 0.7700
vn 0.4420 -0.6336 -0.6349
vn 0.5200 -0.5319 -0.6684
vn -0.4807 0.6216 0.6186
vn 0.5549 0.1420 0.8197
vn -0.4587 -0.6412 0.6151
vn 0.5942 0.2471 -0.7655
vn -0.0419 -0.4293 -0.9022
vn 0.1455 0.3882 -0.9100
vn 0.0390 0.3967 -0.9171
vn 0.7207 0.2429 -0.6493
vn 0.5194 0.2937 0.8025
vn -0.1553 0.3727 0.9149
vn -0.0394 0.3834 0.9228
vn 0.0394 0.3832 0.9228
vn 0.1553 0.3727 0.9149
vn -0.5195 0.2937 0.8024
vn -0.7207 0.2429 -0.6493
vn -0.1455 0.3882 -0.9100
vn -0.0390 0.3968 -0.9171
vn 0.5337 0.7373 0.4141
vn -0.6186 -0.7287 0.2938
vn -0.6185 0.7287 0.2939
vn 0.0504 0.4003 -0.9150
vn 0.6827 0.4749 -0.5554
vn -0.1837 -0.4249 0.8864
vn -0.1743 0.3420 0.9234
vn -0.0512 0.3825 0.9226
vn 0.0350 0.7711 -0.6357
vn -0.0574 -0.3934 0.9176
vn 0.0416 -0.3934 0.9184
vn 0.0512 0.3823 0.9226
vn -0.0350 0.7711 -0.6357
vn 0.1485 -0.4248 0.8930
vn 0.1743 0.3420 0.9234
vn -0.1167 0.7855 -0.6078
vn -0.4941 0.5172 0.6989
vn -0.6827 0.4749 -0.5554
vn -0.1705 0.3924 -0.9039
vn 0.6186 -0.7287 0.2938
vn -0.5366 -0.7370 0.4108
vn 0.5507 0.7364 -0.3928
vn 0.5496 -0.7365 -0.3943
vn -0.6165 0.7442 -0.2571
vn -0.6166 -0.7442 -0.2570
vn 0.5882 -0.7348 -0.3377
vn -0.5892 0.7347 -0.3362
vn -0.5893 -0.7347 -0.3360
vn -0.6221 0.7321 -0.2776
vn 0.5889 0.7064 -0.3927
vn -0.1012 -0.7322 -0.6735
vn -0.6061 -0.7221 0.3334
vn 0.1217 0.7233 0.6798
vn -0.1445 -0.4828 -0.8637
vn 0.6539 -0.7288 0.2031
vn 0.1216 0.5175 0.8470
vn 0.7092 0.6216 -0.3327
vn 0.7093 -0.6216 -0.3325
vn -0.5379 0.7329 -0.4165
vn -0.5379 -0.7329 -0.4166
vn 0.7086 -0.6956 0.1188
vn -0.6818 -0.7224 0.1153
vn 0.5608 0.7231 -0.4034
vn -0.7174 0.6052 -0.3451
vn 0.6146 -0.7444 -0.2611
vn -0.5507 0.7364 -0.3928
vn -0.5507 -0.7364 -0.3929
vn -0.7085 0.6956 0.1188
vn 0.6817 0.7225 0.1154
vn -0.5607 -0.7231 -0.4035
vn 0.7174 -0.6052 -0.3451
vn -0.6778 -0.7171 -0.1624
vn 0.6161 -0.7361 -0.2801
vn 0.5870 0.7170 -0.3759
vn -0.6346 0.7296 -0.2548
vn -0.6595 -0.5460 0.5166
vn -0.6549 0.5669 -0.4997
vn 0.6549 0.5670 -0.4996
vn 0.6626 -0.5471 0.5115
vn 0.6422 0.7485 -0.1652
vn 0.5703 -0.7215 0.3927
vn -0.6374 -0.7112 0.2964
vn -0.6180 0.7307 -0.2902
vn 0.5607 -0.7231 -0.4035
vn -0.7174 -0.6052 -0.3451
vn 0.7085 0.6956 0.1188
vn -0.6817 0.7225 0.1154
vn -0.0504 -0.4000 -0.9151
vn -0.6827 -0.4749 -0.5554
vn -0.4941 -0.5170 0.6989
vn -0.1167 -0.7854 -0.6078
vn 0.0512 -0.3825 0.9225
vn -0.0512 -0.3822 0.9226
vn 0.6827 -0.4748 -0.5554
vn -0.5608 0.7231 -0.4034
vn 0.7174 0.6052 -0.3451
vn 0.0986 -0.7488 -0.6555
vn -0.7085 -0.6956 0.1188
vn -0.1213 0.7230 0.6802
vn 0.6818 -0.7224 0.1152
vn 0.6636 0.6937 -0.2800
vn -0.5808 0.7141 -0.3908
vn -0.6539 -0.7288 0.2031
vn 0.6061 -0.7221 0.3335
vn 0.6564 0.5736 -0.4900
vn 0.6596 -0.5457 0.5169
vn -0.6565 0.5737 -0.4899
vn -0.6609 -0.5436 0.5174
vn -0.2340 0.6054 -0.7608
vn -0.2459 -0.6766 -0.6941
vn -0.1795 0.6169 0.7663
vn -0.1795 -0.6170 0.7662
vn 0.5508 -0.7364 -0.3929
vn -0.6526 -0.7118 -0.2597
vn 0.5508 0.7364 -0.3929
vn 0.3137 0.6222 -0.7173
vn 0.2996 -0.6047 -0.7379
vn 0.4131 -0.5661 0.7133
vn 0.4130 0.5662 0.7134
vn 0.7288 -0.5652 0.3866
vn -0.6204 -0.2460 0.7447
vn -0.6501 0.7198 -0.2435
vn 0.6203 0.5055 -0.5998
vn -0.6517 -0.5276 0.5449
vn 0.6809 -0.5587 0.4735
vn -0.6621 0.5818 -0.4723
vn 0.6379 0.5539 -0.5351
vn -0.5678 -0.6995 -0.4340
vn 0.7092 -0.6216 -0.3326
vn 0.7092 0.6216 -0.3326
vn -0.6579 0.5057 0.5581
vn 0.6782 0.5608 0.4750
vn 0.6379 -0.5539 -0.5351
vn -0.6629 -0.5812 -0.4719
vn 0.7156 0.5775 0.3930
vn -0.6198 0.2437 0.7460
vn 0.6215 -0.5047 -0.5992
vn -0.6501 -0.7198 -0.2436
vn -0.4999 -0.5087 0.7010
vn -0.6715 -0.4737 -0.5698
vn 0.7242 -0.2709 0.6342
vn 0.5099 -0.3616 -0.7805
vn -0.5504 0.3592 0.7537
vn -0.6209 0.3631 -0.6948
vn 0.5469 0.3789 -0.7466
vn 0.6243 0.3438 0.7015
vn 0.5678 0.6995 -0.4340
vn -0.7092 0.6216 -0.3326
vn -0.7092 -0.6216 -0.3326
vn 0.5379 -0.7329 -0.4165
vn 0.5471 -0.3746 -0.7486
vn 0.6243 -0.3437 0.7015
vn -0.6262 -0.3561 -0.6936
vn -0.5540 -0.3575 0.7518
vn -0.7220 -0.2720 0.6362
vn 0.4999 -0.5087 0.7010
vn 0.6710 -0.4767 -0.5678
vn -0.5041 -0.3676 -0.7815
vn 0.7381 -0.5263 0.4222
vn -0.6338 -0.6576 0.4073
vn 0.6358 0.5012 -0.5870
vn -0.7842 0.3146 -0.5349
vn 0.6596 0.5102 0.5520
vn -0.6776 0.5582 0.4788
vn -0.6399 -0.5607 -0.5256
vn 0.6663 -0.6102 -0.4287
vn -0.7092 0.6216 -0.3327
vn -0.7093 -0.6215 -0.3325
vn 0.5379 -0.7329 -0.4166
vn -0.6510 0.5950 -0.4713
vn -0.6381 -0.5116 0.5754
vn 0.6776 -0.5582 0.4788
vn 0.6399 0.5606 -0.5256
vn 0.7518 0.5288 0.3939
vn -0.6337 0.6576 0.4074
vn -0.7842 -0.3146 -0.5349
vn 0.6359 -0.5012 -0.5869
vn 0.5504 -0.3592 0.7537
vn 0.6209 -0.3630 -0.6948
vn -0.5469 -0.3789 -0.7466
vn -0.6243 -0.3437 0.7015
vn 0.6646 0.5435 0.5127
vn -0.6609 0.5437 0.5173
vn -0.6564 -0.5736 -0.4900
vn 0.6564 -0.5736 -0.4900
vn 0.7220 0.2720 0.6361
vn -0.4998 0.5088 0.7009
vn -0.6710 0.4768 -0.5679
vn 0.5041 0.3676 -0.7815
vt 0.000000 0.000000
s 1
f 769/1/1 361/1/2 367/1/3
f 769/1/1 770/1/4 368/1/5
f 771/1/6 770/1/4 367/1/3
f 770/1/4 771/1/6 372/1/7
f 772/1/8 771/1/6 371/1/9
f 771/1/6 772/1/8 374/1/10
f 773/1/11 772/1/8 373/1/12
f 772/1/8 773/1/11 378/1/13
f 774/1/14 773/1/11 377/1/15
f 774/1/14 382/1/16 378/1/13
f 775/1/17 774/1/14 381/1/18
f 775/1/17 436/1/19 382/1/16
f 775/1/17 435/1/20 437/1/21
f 775/1/17 776/1/22 438/1/23
f 776/1/22 437/1/21 441/1/24
f 776/1/22 777/1/25 442/1/26
f 777/1/25 441/1/24 447/1/27
f 778/1/28 448/1/29 442/1/26
f 779/1/30 778/1/28 447/1/27
f 778/1/28 779/1/30 450/1/31
f 780/1/32 779/1/30 449/1/33
f 780/1/32 454/1/34 450/1/31
f 780/1/32 453/1/35 361/1/2
f 780/1/32 769/1/1 362/1/36
f 782/1/37 781/1/38 327/1/39
f 782/1/37 332/1/40 328/1/41
f 782/1/37 331/1/42 323/1/43
f 782/1/37 783/1/44 324/1/45
f 784/1/46 783/1/44 323/1/43
f 783/1/44 784/1/46 320/1/47
f 781/1/38 784/1/46 319/1/48
f 784/1/46 781/1/38 328/1/41
f 786/1/49 785/1/50 21/1/51
f 785/1/50 786/1/49 38/1/52
f 787/1/53 786/1/49 37/1/54
f 786/1/49 787/1/53 34/1/55
f 787/1/53 33/1/56 17/1/57
f 788/1/58 18/1/59 34/1/55
f 788/1/58 17/1/57 21/1/51
f 785/1/50 22/1/60 18/1/59
f 790/1/61 789/1/62 753/1/63
f 790/1/61 244/1/64 754/1/65
f 790/1/61 243/1/66 249/1/67
f 790/1/61 791/1/68 250/1/69
f 792/1/70 791/1/68 249/1/67
f 792/1/70 758/1/71 250/1/69
f 792/1/70 757/1/72 753/1/63
f 792/1/70 789/1/62 754/1/65
f 794/1/73 793/1/74 129/1/75
f 794/1/73 132/1/76 130/1/77
f 795/1/78 794/1/73 131/1/79
f 794/1/73 795/1/78 758/1/71
f 796/1/80 795/1/78 757/1/72
f 796/1/80 250/1/69 758/1/71
f 796/1/80 249/1/67 129/1/75
f 793/1/74 130/1/77 250/1/69
f 798/1/81 797/1/82 379/1/83
f 797/1/82 798/1/81 440/1/84
f 799/1/85 798/1/81 439/1/86
f 798/1/81 799/1/85 434/1/87
f 800/1/88 799/1/85 433/1/89
f 800/1/88 384/1/90 434/1/87
f 800/1/88 383/1/91 379/1/83
f 797/1/82 380/1/92 384/1/90
f 802/1/93 801/1/94 363/1/95
f 802/1/93 362/1/36 364/1/96
f 802/1/93 361/1/2 453/1/35
f 802/1/93 803/1/97 454/1/34
f 803/1/97 453/1/35 455/1/98
f 803/1/97 804/1/99 456/1/100
f 805/1/101 804/1/99 455/1/98
f 805/1/101 452/1/102 456/1/100
f 805/1/101 451/1/103 365/1/104
f 805/1/101 806/1/105 366/1/106
f 806/1/105 365/1/104 363/1/95
f 806/1/105 801/1/94 364/1/96
f 808/1/107 807/1/108 123/1/109
f 807/1/108 808/1/107 472/1/110
f 809/1/111 808/1/107 471/1/112
f 808/1/107 809/1/111 760/1/113
f 809/1/111 759/1/114 125/1/115
f 810/1/116 126/1/117 760/1/113
f 810/1/116 125/1/115 123/1/109
f 807/1/108 124/1/118 126/1/117
f 812/1/119 811/1/120 25/1/121
f 812/1/119 34/1/55 26/1/122
f 812/1/119 33/1/56 27/1/123
f 813/1/124 28/1/125 34/1/55
f 814/1/126 813/1/124 27/1/123
f 814/1/126 30/1/127 28/1/125
f 811/1/120 814/1/126 29/1/128
f 814/1/126 811/1/120 26/1/122
f 815/1/129 33/1/56 37/1/54
f 816/1/130 38/1/52 34/1/55
f 816/1/130 37/1/54 35/1/131
f 817/1/132 36/1/133 38/1/52
f 818/1/134 817/1/132 35/1/131
f 817/1/132 818/1/134 28/1/125
f 815/1/129 818/1/134 27/1/123
f 818/1/134 815/1/129 34/1/55
f 820/1/135 819/1/136 61/1/137
f 820/1/135 68/1/138 62/1/139
f 821/1/140 820/1/135 67/1/141
f 820/1/135 821/1/140 66/1/142
f 822/1/143 821/1/140 65/1/144
f 822/1/143 64/1/145 66/1/142
f 822/1/143 63/1/146 61/1/137
f 819/1/136 62/1/139 64/1/145
f 823/1/147 67/1/141 71/1/148
f 824/1/149 72/1/150 68/1/138
f 825/1/151 824/1/149 71/1/148
f 824/1/149 825/1/151 70/1/152
f 826/1/153 825/1/151 69/1/154
f 825/1/151 826/1/153 66/1/142
f 826/1/153 65/1/144 67/1/141
f 823/1/147 68/1/138 66/1/142
f 827/1/155 655/1/156 661/1/157
f 828/1/158 662/1/159 656/1/160
f 828/1/158 661/1/157 657/1/161
f 829/1/162 658/1/163 662/1/159
f 829/1/162 657/1/161 649/1/164
f 830/1/165 650/1/166 658/1/163
f 830/1/165 649/1/164 655/1/156
f 830/1/165 827/1/155 656/1/160
f 831/1/167 245/1/168 235/1/169
f 832/1/170 236/1/171 246/1/172
f 832/1/170 235/1/169 231/1/173
f 832/1/170 833/1/174 232/1/175
f 834/1/176 833/1/174 231/1/173
f 833/1/174 834/1/176 242/1/177
f 834/1/176 241/1/178 245/1/168
f 834/1/176 831/1/167 246/1/172
f 836/1/179 835/1/180 391/1/181
f 836/1/179 388/1/182 392/1/183
f 837/1/184 836/1/179 387/1/185
f 837/1/184 432/1/186 388/1/182
f 837/1/184 431/1/187 425/1/188
f 837/1/184 838/1/189 426/1/190
f 838/1/189 425/1/188 421/1/191
f 838/1/189 839/1/192 422/1/193
f 839/1/192 421/1/191 419/1/194
f 840/1/195 420/1/196 422/1/193
f 841/1/197 840/1/195 419/1/194
f 840/1/195 841/1/197 416/1/198
f 842/1/199 841/1/197 415/1/200
f 841/1/197 842/1/199 412/1/201
f 843/1/202 842/1/199 411/1/203
f 843/1/202 410/1/204 412/1/201
f 844/1/205 843/1/202 409/1/206
f 844/1/205 414/1/207 410/1/204
f 844/1/205 413/1/208 403/1/209
f 844/1/205 845/1/210 404/1/211
f 845/1/210 403/1/209 407/1/212
f 845/1/210 846/1/213 408/1/214
f 846/1/213 407/1/212 405/1/215
f 847/1/216 406/1/217 408/1/214
f 847/1/216 405/1/215 401/1/218
f 848/1/219 402/1/220 406/1/217
f 849/1/221 848/1/219 401/1/218
f 848/1/219 849/1/221 400/1/222
f 850/1/223 849/1/221 399/1/224
f 849/1/221 850/1/223 396/1/225
f 835/1/180 850/1/223 395/1/226
f 850/1/223 835/1/180 392/1/183
f 852/1/227 851/1/228 733/1/229
f 851/1/228 852/1/227 112/1/230
f 853/1/231 852/1/227 111/1/232
f 852/1/227 853/1/231 116/1/233
f 854/1/234 853/1/231 115/1/235
f 853/1/231 854/1/234 732/1/236
f 851/1/228 854/1/234 731/1/237
f 854/1/234 851/1/228 734/1/238
f 856/1/239 855/1/240 263/1/241
f 855/1/240 856/1/239 150/1/242
f 857/1/243 856/1/239 149/1/244
f 857/1/243 152/1/245 150/1/242
f 858/1/246 857/1/243 151/1/247
f 857/1/243 858/1/246 262/1/248
f 858/1/246 261/1/249 263/1/241
f 858/1/246 855/1/240 264/1/250
f 860/1/251 859/1/252 95/1/253
f 860/1/251 94/1/254 96/1/255
f 860/1/251 93/1/256 89/1/257
f 861/1/258 90/1/259 94/1/254
f 862/1/260 861/1/258 89/1/257
f 861/1/258 862/1/260 92/1/261
f 859/1/252 862/1/260 91/1/262
f 862/1/260 859/1/252 96/1/255
f 864/1/263 863/1/264 729/1/265
f 864/1/263 96/1/255 730/1/266
f 865/1/267 864/1/263 95/1/253
f 865/1/267 92/1/261 96/1/255
f 865/1/267 91/1/262 737/1/268
f 865/1/267 866/1/269 738/1/270
f 867/1/271 866/1/269 737/1/268
f 867/1/271 740/1/272 738/1/270
f 868/1/273 867/1/271 739/1/274
f 867/1/271 868/1/273 742/1/275
f 868/1/273 741/1/276 743/1/277
f 868/1/273 869/1/278 744/1/279
f 870/1/280 869/1/278 743/1/277
f 870/1/280 98/1/281 744/1/279
f 870/1/280 97/1/282 101/1/283
f 870/1/280 871/1/284 102/1/285
f 871/1/284 101/1/283 735/1/286
f 871/1/284 872/1/287 736/1/288
f 872/1/287 735/1/286 733/1/229
f 872/1/287 873/1/289 734/1/238
f 874/1/290 873/1/289 733/1/229
f 873/1/289 874/1/290 732/1/236
f 863/1/264 874/1/290 731/1/237
f 863/1/264 730/1/266 732/1/236
f 876/1/291 875/1/292 729/1/265
f 875/1/292 876/1/291 118/1/293
f 876/1/291 117/1/294 93/1/256
f 877/1/295 94/1/254 118/1/293
f 878/1/296 877/1/295 93/1/256
f 877/1/295 878/1/296 96/1/255
f 875/1/292 878/1/296 95/1/253
f 878/1/296 875/1/292 730/1/266
f 880/1/297 879/1/298 371/1/9
f 879/1/298 880/1/297 368/1/5
f 881/1/299 880/1/297 367/1/3
f 881/1/299 292/1/300 368/1/5
f 882/1/301 881/1/299 291/1/302
f 881/1/299 882/1/301 284/1/303
f 882/1/301 283/1/304 371/1/9
f 882/1/301 879/1/298 372/1/7
f 883/1/305 499/1/306 507/1/307
f 883/1/305 884/1/308 508/1/309
f 885/1/310 884/1/308 507/1/307
f 884/1/308 885/1/310 496/1/311
f 886/1/312 885/1/310 495/1/313
f 886/1/312 486/1/314 496/1/311
f 886/1/312 485/1/315 499/1/306
f 886/1/312 883/1/305 500/1/316
f 888/1/317 887/1/318 227/1/319
f 887/1/318 888/1/317 30/1/127
f 889/1/320 888/1/317 29/1/128
f 888/1/317 889/1/320 28/1/125
f 889/1/320 27/1/123 225/1/321
f 890/1/322 226/1/323 28/1/125
f 887/1/318 890/1/322 225/1/321
f 890/1/322 887/1/318 228/1/324
f 891/1/325 23/1/326 69/1/154
f 891/1/325 892/1/327 70/1/152
f 893/1/328 892/1/327 69/1/154
f 893/1/328 72/1/150 70/1/152
f 894/1/329 893/1/328 71/1/148
f 893/1/328 894/1/329 124/1/118
f 894/1/329 123/1/109 125/1/115
f 894/1/329 895/1/330 126/1/117
f 896/1/331 895/1/330 125/1/115
f 896/1/331 132/1/76 126/1/117
f 897/1/332 896/1/331 131/1/79
f 896/1/331 897/1/332 130/1/77
f 897/1/332 129/1/75 127/1/333
f 897/1/332 898/1/334 128/1/335
f 899/1/336 898/1/334 127/1/333
f 899/1/336 122/1/337 128/1/335
f 900/1/338 899/1/336 121/1/339
f 900/1/338 36/1/133 122/1/337
f 900/1/338 35/1/131 37/1/54
f 900/1/338 901/1/340 38/1/52
f 902/1/341 901/1/340 37/1/54
f 902/1/341 22/1/60 38/1/52
f 902/1/341 21/1/51 23/1/326
f 891/1/325 24/1/342 22/1/60
f 904/1/343 903/1/344 755/1/345
f 903/1/344 904/1/343 746/1/346
f 904/1/343 745/1/347 749/1/348
f 905/1/349 750/1/350 746/1/346
f 906/1/351 905/1/349 749/1/348
f 905/1/349 906/1/351 754/1/65
f 903/1/344 906/1/351 753/1/63
f 906/1/351 903/1/344 756/1/352
f 908/1/291 907/1/353 257/1/354
f 907/1/353 908/1/291 158/1/355
f 908/1/291 157/1/356 77/1/357
f 909/1/358 78/1/254 158/1/355
f 910/1/359 909/1/358 77/1/357
f 909/1/358 910/1/359 80/1/255
f 907/1/353 910/1/359 79/1/360
f 910/1/359 907/1/353 258/1/361
f 912/1/362 911/1/363 57/1/364
f 912/1/362 8/1/365 58/1/366
f 913/1/367 912/1/362 7/1/368
f 912/1/362 913/1/367 6/1/369
f 913/1/367 5/1/370 47/1/371
f 913/1/367 914/1/372 48/1/373
f 915/1/374 914/1/372 47/1/371
f 915/1/374 46/1/375 48/1/373
f 916/1/376 915/1/374 45/1/377
f 915/1/374 916/1/376 136/1/378
f 916/1/376 135/1/379 139/1/380
f 916/1/376 917/1/381 140/1/382
f 918/1/383 917/1/381 139/1/380
f 918/1/383 144/1/384 140/1/382
f 918/1/383 143/1/385 141/1/386
f 919/1/387 142/1/388 144/1/384
f 919/1/387 141/1/386 137/1/389
f 919/1/387 920/1/390 138/1/391
f 921/1/392 920/1/390 137/1/389
f 921/1/392 134/1/393 138/1/391
f 922/1/394 921/1/392 133/1/395
f 921/1/392 922/1/394 60/1/396
f 922/1/394 59/1/397 57/1/364
f 922/1/394 911/1/363 58/1/366
f 924/1/398 923/1/399 247/1/400
f 923/1/399 924/1/398 252/1/401
f 925/1/402 924/1/398 251/1/403
f 924/1/398 925/1/402 246/1/172
f 925/1/402 245/1/168 243/1/66
f 926/1/404 244/1/64 246/1/172
f 923/1/399 926/1/404 243/1/66
f 926/1/404 923/1/399 248/1/405
f 928/1/406 927/1/407 151/1/247
f 928/1/406 150/1/242 152/1/245
f 929/1/408 928/1/406 149/1/244
f 929/1/408 88/1/409 150/1/242
f 930/1/410 929/1/408 87/1/411
f 930/1/410 84/1/412 88/1/409
f 930/1/410 83/1/413 145/1/414
f 930/1/410 931/1/415 146/1/416
f 932/1/417 931/1/415 145/1/414
f 932/1/417 148/1/418 146/1/416
f 932/1/417 147/1/419 153/1/420
f 932/1/417 933/1/421 154/1/422
f 933/1/421 153/1/420 159/1/423
f 933/1/421 934/1/424 160/1/425
f 935/1/426 934/1/424 159/1/423
f 935/1/426 74/1/259 160/1/425
f 935/1/426 73/1/257 77/1/357
f 935/1/426 936/1/427 78/1/254
f 936/1/427 77/1/357 157/1/356
f 936/1/427 937/1/428 158/1/355
f 937/1/428 157/1/356 155/1/429
f 937/1/428 938/1/430 156/1/431
f 927/1/407 938/1/430 155/1/429
f 938/1/430 927/1/407 152/1/245
f 939/1/432 25/1/121 13/1/433
f 940/1/434 14/1/435 26/1/122
f 940/1/434 13/1/433 17/1/57
f 941/1/436 18/1/59 14/1/435
f 942/1/437 941/1/436 17/1/57
f 941/1/436 942/1/437 34/1/55
f 939/1/432 942/1/437 33/1/56
f 942/1/437 939/1/432 26/1/122
f 944/1/438 943/1/439 103/1/411
f 943/1/439 944/1/438 102/1/285
f 944/1/438 101/1/283 97/1/282
f 945/1/440 98/1/281 102/1/285
f 946/1/441 945/1/440 97/1/282
f 946/1/441 100/1/442 98/1/281
f 943/1/439 946/1/441 99/1/413
f 946/1/441 943/1/439 104/1/409
f 948/1/443 947/1/444 177/1/445
f 948/1/443 180/1/446 178/1/447
f 948/1/443 179/1/448 169/1/449
f 948/1/443 949/1/450 170/1/451
f 950/1/452 949/1/450 169/1/449
f 950/1/452 164/1/453 170/1/451
f 950/1/452 163/1/454 177/1/445
f 950/1/452 947/1/444 178/1/447
f 952/1/455 951/1/456 221/1/457
f 952/1/455 224/1/458 222/1/459
f 952/1/455 223/1/460 219/1/461
f 952/1/455 953/1/462 220/1/463
f 954/1/464 953/1/462 219/1/461
f 954/1/464 218/1/465 220/1/463
f 954/1/464 217/1/466 221/1/457
f 954/1/464 951/1/456 222/1/459
f 956/1/467 955/1/468 207/1/469
f 956/1/467 212/1/470 208/1/471
f 956/1/467 211/1/472 209/1/473
f 956/1/467 957/1/474 210/1/475
f 958/1/476 957/1/474 209/1/473
f 958/1/476 206/1/477 210/1/475
f 958/1/476 205/1/478 207/1/469
f 958/1/476 955/1/468 208/1/471
f 960/1/479 959/1/480 269/1/481
f 960/1/479 274/1/482 270/1/483
f 960/1/479 273/1/484 265/1/485
f 960/1/479 961/1/486 266/1/487
f 961/1/486 265/1/485 267/1/488
f 961/1/486 962/1/489 268/1/490
f 963/1/491 962/1/489 267/1/488
f 963/1/491 276/1/492 268/1/490
f 964/1/493 963/1/491 275/1/494
f 963/1/491 964/1/493 284/1/303
f 965/1/495 964/1/493 283/1/304
f 964/1/493 965/1/495 292/1/300
f 965/1/495 291/1/302 295/1/496
f 966/1/497 296/1/498 292/1/300
f 966/1/497 295/1/496 303/1/499
f 966/1/497 967/1/500 304/1/501
f 968/1/502 967/1/500 303/1/499
f 968/1/502 312/1/503 304/1/501
f 969/1/504 968/1/502 311/1/505
f 969/1/504 316/1/506 312/1/503
f 969/1/504 315/1/507 307/1/508
f 969/1/504 970/1/509 308/1/510
f 971/1/511 970/1/509 307/1/508
f 970/1/509 971/1/511 300/1/512
f 972/1/513 971/1/511 299/1/514
f 971/1/511 972/1/513 288/1/515
f 973/1/516 972/1/513 287/1/517
f 972/1/513 973/1/516 280/1/518
f 973/1/516 279/1/519 271/1/520
f 974/1/521 272/1/522 280/1/518
f 974/1/521 271/1/520 269/1/481
f 959/1/480 270/1/483 272/1/522
f 976/1/523 975/1/524 191/1/525
f 976/1/523 188/1/526 192/1/527
f 977/1/528 976/1/523 187/1/529
f 977/1/528 184/1/530 188/1/526
f 978/1/531 977/1/528 183/1/532
f 978/1/531 182/1/533 184/1/530
f 978/1/531 181/1/534 185/1/535
f 978/1/531 979/1/536 186/1/537
f 980/1/538 979/1/536 185/1/535
f 980/1/538 190/1/539 186/1/537
f 980/1/538 189/1/540 195/1/541
f 980/1/538 981/1/542 196/1/543
f 981/1/542 195/1/541 199/1/544
f 981/1/542 982/1/545 200/1/546
f 983/1/547 982/1/545 199/1/544
f 983/1/547 204/1/548 200/1/546
f 983/1/547 203/1/549 201/1/550
f 983/1/547 984/1/551 202/1/552
f 984/1/551 201/1/550 197/1/553
f 984/1/551 985/1/554 198/1/555
f 985/1/554 197/1/553 193/1/556
f 985/1/554 986/1/557 194/1/558
f 975/1/524 986/1/557 193/1/556
f 986/1/557 975/1/524 192/1/527
f 988/1/559 987/1/560 87/1/411
f 987/1/560 988/1/559 86/1/561
f 988/1/559 85/1/562 81/1/563
f 989/1/564 82/1/565 86/1/561
f 989/1/564 81/1/563 83/1/413
f 989/1/564 990/1/566 84/1/412
f 987/1/560 990/1/566 83/1/413
f 990/1/566 987/1/560 88/1/409
f 992/1/567 991/1/568 181/1/534
f 992/1/567 184/1/530 182/1/533
f 992/1/567 183/1/532 179/1/448
f 992/1/567 993/1/569 180/1/446
f 994/1/570 993/1/569 179/1/448
f 994/1/570 178/1/447 180/1/446
f 994/1/570 177/1/445 181/1/534
f 994/1/570 991/1/568 182/1/533
f 996/1/571 995/1/572 479/1/573
f 995/1/572 996/1/571 592/1/574
f 997/1/575 996/1/571 591/1/576
f 997/1/575 568/1/577 592/1/574
f 997/1/575 567/1/578 561/1/579
f 998/1/580 562/1/581 568/1/577
f 998/1/580 561/1/579 479/1/573
f 998/1/580 995/1/572 480/1/582
f 1000/1/583 999/1/584 165/1/585
f 1000/1/583 172/1/586 166/1/587
f 1000/1/583 171/1/588 167/1/589
f 1000/1/583 1001/1/590 168/1/591
f 1002/1/592 1001/1/590 167/1/589
f 1002/1/592 162/1/593 168/1/591
f 1002/1/592 161/1/594 165/1/585
f 1002/1/592 999/1/584 166/1/587
f 1004/1/595 1003/1/596 203/1/549
f 1004/1/595 208/1/471 204/1/548
f 1004/1/595 207/1/469 205/1/478
f 1004/1/595 1005/1/597 206/1/477
f 1006/1/598 1005/1/597 205/1/478
f 1006/1/598 202/1/552 206/1/477
f 1006/1/598 201/1/550 203/1/549
f 1006/1/598 1003/1/596 204/1/548
f 1007/1/599 27/1/123 35/1/131
f 1008/1/600 36/1/133 28/1/125
f 1009/1/601 1008/1/600 35/1/131
f 1008/1/600 1009/1/601 122/1/337
f 1010/1/602 1009/1/601 121/1/339
f 1009/1/601 1010/1/602 232/1/175
f 1010/1/602 231/1/173 197/1/553
f 1011/1/603 198/1/555 232/1/175
f 1011/1/603 197/1/553 201/1/550
f 1011/1/603 1012/1/604 202/1/552
f 1012/1/604 201/1/550 205/1/478
f 1013/1/605 206/1/477 202/1/552
f 1013/1/605 205/1/478 209/1/473
f 1014/1/606 210/1/475 206/1/477
f 1014/1/606 209/1/473 215/1/607
f 1014/1/606 1015/1/608 216/1/609
f 1016/1/610 1015/1/608 215/1/607
f 1015/1/608 1016/1/610 220/1/463
f 1017/1/611 1016/1/610 219/1/461
f 1016/1/610 1017/1/611 224/1/458
f 1018/1/612 1017/1/611 223/1/460
f 1018/1/612 226/1/323 224/1/458
f 1007/1/599 1018/1/612 225/1/321
f 1018/1/612 1007/1/599 28/1/125
f 1020/1/613 1019/1/614 759/1/114
f 1020/1/613 756/1/352 760/1/113
f 1020/1/613 755/1/345 753/1/63
f 1021/1/615 754/1/65 756/1/352
f 1022/1/616 1021/1/615 753/1/63
f 1021/1/615 1022/1/616 758/1/71
f 1019/1/614 1022/1/616 757/1/72
f 1022/1/616 1019/1/614 760/1/113
f 1023/1/617 213/1/618 215/1/607
f 1024/1/619 216/1/609 214/1/620
f 1024/1/619 215/1/607 209/1/473
f 1024/1/619 1025/1/621 210/1/475
f 1026/1/622 1025/1/621 209/1/473
f 1025/1/621 1026/1/622 212/1/470
f 1023/1/617 1026/1/622 211/1/472
f 1026/1/622 1023/1/617 214/1/620
f 1027/1/623 15/1/624 13/1/433
f 1027/1/623 1028/1/625 14/1/435
f 1029/1/626 1028/1/625 13/1/433
f 1029/1/626 12/1/627 14/1/435
f 1030/1/628 1029/1/626 11/1/629
f 1030/1/628 10/1/630 12/1/627
f 1027/1/623 1030/1/628 9/1/631
f 1030/1/628 1027/1/623 16/1/632
f 1032/1/633 1031/1/634 143/1/385
f 1031/1/634 1032/1/633 140/1/382
f 1033/1/635 1032/1/633 139/1/380
f 1032/1/633 1033/1/635 256/1/636
f 1033/1/635 255/1/637 253/1/638
f 1034/1/639 254/1/640 256/1/636
f 1034/1/639 253/1/638 143/1/385
f 1031/1/634 144/1/384 254/1/640
f 1035/1/641 3/1/642 11/1/629
f 1036/1/643 12/1/627 4/1/644
f 1037/1/645 1036/1/643 11/1/629
f 1036/1/643 1037/1/645 40/1/646
f 1037/1/645 39/1/647 43/1/648
f 1038/1/649 44/1/650 40/1/646
f 1039/1/651 1038/1/649 43/1/648
f 1039/1/651 48/1/373 44/1/650
f 1039/1/651 47/1/371 5/1/370
f 1040/1/652 6/1/369 48/1/373
f 1040/1/652 5/1/370 3/1/642
f 1040/1/652 1035/1/641 4/1/644
f 1042/1/653 1041/1/654 45/1/377
f 1041/1/654 1042/1/653 42/1/655
f 1042/1/653 41/1/656 233/1/657
f 1043/1/658 234/1/659 42/1/655
f 1043/1/658 233/1/657 175/1/660
f 1043/1/658 1044/1/661 176/1/662
f 1044/1/661 175/1/660 171/1/588
f 1045/1/663 172/1/586 176/1/662
f 1045/1/663 171/1/588 165/1/585
f 1046/1/664 166/1/587 172/1/586
f 1046/1/664 165/1/585 169/1/449
f 1046/1/664 1047/1/665 170/1/451
f 1048/1/666 1047/1/665 169/1/449
f 1047/1/665 1048/1/666 180/1/446
f 1049/1/667 1048/1/666 179/1/448
f 1048/1/666 1049/1/667 184/1/530
f 1050/1/668 1049/1/667 183/1/532
f 1050/1/668 188/1/526 184/1/530
f 1051/1/669 1050/1/668 187/1/529
f 1050/1/668 1051/1/669 240/1/670
f 1051/1/669 239/1/671 135/1/379
f 1052/1/672 136/1/378 240/1/670
f 1041/1/654 1052/1/672 135/1/379
f 1052/1/672 1041/1/654 46/1/375
f 1054/1/673 1053/1/674 187/1/529
f 1053/1/674 1054/1/673 192/1/527
f 1055/1/675 1054/1/673 191/1/525
f 1054/1/673 1055/1/675 238/1/676
f 1056/1/677 1055/1/675 237/1/678
f 1055/1/675 1056/1/677 240/1/670
f 1056/1/677 239/1/671 187/1/529
f 1053/1/674 188/1/526 240/1/670
f 1057/1/679 191/1/525 193/1/556
f 1058/1/680 194/1/558 192/1/527
f 1059/1/681 1058/1/680 193/1/556
f 1058/1/680 1059/1/681 236/1/171
f 1060/1/682 1059/1/681 235/1/169
f 1059/1/681 1060/1/682 238/1/676
f 1060/1/682 237/1/678 191/1/525
f 1057/1/679 192/1/527 238/1/676
f 1061/1/683 193/1/556 197/1/553
f 1062/1/684 198/1/555 194/1/558
f 1063/1/685 1062/1/684 197/1/553
f 1062/1/684 1063/1/685 232/1/175
f 1063/1/685 231/1/173 235/1/169
f 1064/1/686 236/1/171 232/1/175
f 1064/1/686 235/1/169 193/1/556
f 1061/1/683 194/1/558 236/1/171
f 1065/1/687 127/1/333 129/1/75
f 1066/1/688 130/1/77 128/1/335
f 1067/1/689 1066/1/688 129/1/75
f 1066/1/688 1067/1/689 250/1/69
f 1068/1/690 1067/1/689 249/1/67
f 1067/1/689 1068/1/690 242/1/177
f 1068/1/690 241/1/178 127/1/333
f 1065/1/687 128/1/335 242/1/177
f 1069/1/228 261/1/249 151/1/247
f 1070/1/691 152/1/245 262/1/248
f 1071/1/231 1070/1/691 151/1/247
f 1071/1/231 156/1/431 152/1/245
f 1071/1/231 155/1/429 259/1/692
f 1071/1/231 1072/1/693 260/1/694
f 1069/1/228 1072/1/693 259/1/692
f 1072/1/693 1069/1/228 262/1/248
f 1073/1/695 147/1/419 145/1/414
f 1074/1/696 146/1/416 148/1/418
f 1075/1/697 1074/1/696 145/1/414
f 1074/1/696 1075/1/697 768/1/698
f 1076/1/699 1075/1/697 767/1/700
f 1075/1/697 1076/1/699 766/1/701
f 1073/1/695 1076/1/699 765/1/702
f 1076/1/699 1073/1/695 148/1/418
f 1077/1/703 39/1/647 11/1/629
f 1078/1/704 12/1/627 40/1/646
f 1079/1/705 1078/1/704 11/1/629
f 1078/1/704 1079/1/705 14/1/435
f 1080/1/706 1079/1/705 13/1/433
f 1079/1/705 1080/1/706 26/1/122
f 1077/1/703 1080/1/706 25/1/121
f 1080/1/706 1077/1/703 40/1/646
f 1082/1/707 1081/1/708 233/1/657
f 1081/1/708 1082/1/707 42/1/655
f 1082/1/707 41/1/656 31/1/709
f 1083/1/710 32/1/711 42/1/655
f 1083/1/710 31/1/709 229/1/712
f 1084/1/713 230/1/714 32/1/711
f 1084/1/713 229/1/712 233/1/657
f 1081/1/708 234/1/659 230/1/714
f 1086/1/715 1085/1/716 253/1/638
f 1085/1/716 1086/1/715 256/1/636
f 1087/1/717 1086/1/715 255/1/637
f 1086/1/715 1087/1/717 252/1/401
f 1087/1/717 251/1/403 247/1/400
f 1088/1/718 248/1/405 252/1/401
f 1088/1/718 247/1/400 253/1/638
f 1085/1/716 254/1/640 248/1/405
f 1090/1/719 1089/1/720 259/1/692
f 1089/1/720 1090/1/719 156/1/431
f 1090/1/719 155/1/429 157/1/356
f 1090/1/719 1091/1/721 158/1/355
f 1092/1/722 1091/1/721 157/1/356
f 1091/1/721 1092/1/722 258/1/361
f 1089/1/720 1092/1/722 257/1/354
f 1089/1/720 260/1/694 258/1/361
f 1093/1/723 751/1/724 749/1/348
f 1094/1/725 750/1/350 752/1/726
f 1095/1/727 1094/1/725 749/1/348
f 1094/1/725 1095/1/727 746/1/346
f 1095/1/727 745/1/347 747/1/728
f 1095/1/727 1096/1/729 748/1/730
f 1096/1/729 747/1/728 751/1/724
f 1093/1/723 752/1/726 748/1/730
f 1098/1/731 1097/1/732 321/1/733
f 1098/1/731 314/1/734 322/1/735
f 1099/1/736 1098/1/731 313/1/737
f 1099/1/736 310/1/738 314/1/734
f 1099/1/736 309/1/739 317/1/740
f 1099/1/736 1100/1/741 318/1/742
f 1101/1/743 1100/1/741 317/1/740
f 1100/1/741 1101/1/743 326/1/744
f 1102/1/745 1101/1/743 325/1/746
f 1101/1/743 1102/1/745 334/1/747
f 1103/1/748 1102/1/745 333/1/749
f 1102/1/745 1103/1/748 346/1/750
f 1103/1/748 345/1/751 353/1/752
f 1104/1/753 354/1/754 346/1/750
f 1104/1/753 353/1/752 359/1/755
f 1105/1/756 360/1/757 354/1/754
f 1106/1/758 1105/1/756 359/1/755
f 1106/1/758 352/1/759 360/1/757
f 1106/1/758 351/1/760 355/1/761
f 1106/1/758 1107/1/762 356/1/763
f 1107/1/762 355/1/761 357/1/764
f 1107/1/762 1108/1/765 358/1/766
f 1109/1/767 1108/1/765 357/1/764
f 1109/1/767 350/1/768 358/1/766
f 1110/1/769 1109/1/767 349/1/770
f 1109/1/767 1110/1/769 342/1/771
f 1111/1/772 1110/1/769 341/1/773
f 1110/1/769 1111/1/772 338/1/774
f 1111/1/772 337/1/775 329/1/776
f 1112/1/777 330/1/778 338/1/774
f 1112/1/777 329/1/776 321/1/733
f 1112/1/777 1097/1/732 322/1/735
f 1114/1/779 1113/1/780 483/1/781
f 1113/1/780 1114/1/779 490/1/782
f 1115/1/783 1114/1/779 489/1/784
f 1114/1/779 1115/1/783 486/1/314
f 1116/1/785 1115/1/783 485/1/315
f 1115/1/783 1116/1/785 474/1/786
f 1113/1/780 1116/1/785 473/1/787
f 1113/1/780 484/1/788 474/1/786
f 1118/1/789 1117/1/790 301/1/791
f 1117/1/790 1118/1/789 306/1/792
f 1119/1/793 1118/1/789 305/1/794
f 1118/1/789 1119/1/793 294/1/795
f 1120/1/796 1119/1/793 293/1/797
f 1120/1/796 298/1/798 294/1/795
f 1120/1/796 297/1/799 301/1/791
f 1120/1/796 1117/1/790 302/1/800
f 1122/1/801 1121/1/802 229/1/712
f 1121/1/802 1122/1/801 32/1/711
f 1123/1/803 1122/1/801 31/1/709
f 1122/1/801 1123/1/803 30/1/127
f 1123/1/803 29/1/128 227/1/319
f 1124/1/804 228/1/324 30/1/127
f 1121/1/802 1124/1/804 227/1/319
f 1124/1/804 1121/1/802 230/1/714
f 1126/1/805 1125/1/806 319/1/48
f 1126/1/805 324/1/45 320/1/47
f 1126/1/805 323/1/43 315/1/507
f 1126/1/805 1127/1/807 316/1/506
f 1128/1/808 1127/1/807 315/1/507
f 1128/1/808 312/1/503 316/1/506
f 1128/1/808 311/1/505 319/1/48
f 1128/1/808 1125/1/806 320/1/47
f 1130/1/809 1129/1/810 347/1/811
f 1130/1/809 356/1/763 348/1/812
f 1130/1/809 355/1/761 351/1/760
f 1130/1/809 1131/1/813 352/1/759
f 1132/1/814 1131/1/813 351/1/760
f 1132/1/814 344/1/815 352/1/759
f 1132/1/814 343/1/816 347/1/811
f 1132/1/814 1129/1/810 348/1/812
f 1133/1/817 339/1/818 347/1/811
f 1134/1/819 348/1/812 340/1/820
f 1134/1/819 347/1/811 343/1/816
f 1135/1/821 344/1/815 348/1/812
f 1136/1/822 1135/1/821 343/1/816
f 1136/1/822 336/1/823 344/1/815
f 1136/1/822 335/1/824 339/1/818
f 1136/1/822 1133/1/817 340/1/820
f 1137/1/825 153/1/420 147/1/419
f 1137/1/825 1138/1/826 148/1/418
f 1138/1/826 147/1/419 765/1/702
f 1138/1/826 1139/1/827 766/1/701
f 1140/1/828 1139/1/827 765/1/702
f 1139/1/827 1140/1/828 764/1/829
f 1137/1/825 1140/1/828 763/1/830
f 1140/1/828 1137/1/825 154/1/422
f 1142/1/831 1141/1/832 15/1/624
f 1141/1/832 1142/1/831 10/1/630
f 1143/1/833 1142/1/831 9/1/631
f 1142/1/831 1143/1/833 54/1/834
f 1143/1/833 53/1/835 63/1/146
f 1144/1/836 64/1/145 54/1/834
f 1144/1/836 63/1/146 15/1/624
f 1141/1/832 16/1/632 64/1/145
f 1146/1/837 1145/1/838 281/1/839
f 1146/1/837 290/1/840 282/1/841
f 1146/1/837 289/1/842 285/1/843
f 1146/1/837 1147/1/844 286/1/845
f 1147/1/844 285/1/843 277/1/846
f 1148/1/847 278/1/848 286/1/845
f 1148/1/847 277/1/846 281/1/839
f 1145/1/838 282/1/841 278/1/848
f 1150/1/849 1149/1/850 433/1/89
f 1150/1/849 344/1/815 434/1/87
f 1151/1/851 1150/1/849 343/1/816
f 1150/1/849 1151/1/851 352/1/759
f 1152/1/852 1151/1/851 351/1/760
f 1151/1/851 1152/1/852 432/1/186
f 1152/1/852 431/1/187 433/1/89
f 1152/1/852 1149/1/850 434/1/87
f 1154/1/853 1153/1/854 273/1/484
f 1154/1/853 282/1/841 274/1/482
f 1154/1/853 281/1/839 277/1/846
f 1154/1/853 1155/1/855 278/1/848
f 1156/1/856 1155/1/855 277/1/846
f 1156/1/856 266/1/487 278/1/848
f 1156/1/856 265/1/485 273/1/484
f 1156/1/856 1153/1/854 274/1/482
f 1158/1/857 1157/1/858 405/1/215
f 1158/1/857 330/1/778 406/1/217
f 1158/1/857 329/1/776 337/1/775
f 1158/1/857 1159/1/859 338/1/774
f 1160/1/860 1159/1/859 337/1/775
f 1160/1/860 402/1/220 338/1/774
f 1160/1/860 401/1/218 405/1/215
f 1160/1/860 1157/1/858 406/1/217
f 1162/1/861 1161/1/862 395/1/226
f 1162/1/861 400/1/222 396/1/225
f 1162/1/861 399/1/224 341/1/773
f 1162/1/861 1163/1/863 342/1/771
f 1164/1/864 1163/1/863 341/1/773
f 1164/1/864 350/1/768 342/1/771
f 1164/1/864 349/1/770 395/1/226
f 1164/1/864 1161/1/862 396/1/225
f 1166/1/865 1165/1/866 401/1/218
f 1166/1/865 338/1/774 402/1/220
f 1167/1/867 1166/1/865 337/1/775
f 1166/1/865 1167/1/867 342/1/771
f 1167/1/867 341/1/773 399/1/224
f 1167/1/867 1168/1/868 400/1/222
f 1165/1/866 1168/1/868 399/1/224
f 1168/1/868 1165/1/866 402/1/220
f 1169/1/869 367/1/3 361/1/2
f 1169/1/869 1170/1/870 362/1/36
f 1171/1/871 1170/1/870 361/1/2
f 1171/1/871 296/1/498 362/1/36
f 1171/1/871 295/1/496 291/1/302
f 1171/1/871 1172/1/872 292/1/300
f 1169/1/869 1172/1/872 291/1/302
f 1169/1/869 368/1/5 292/1/300
f 1174/1/873 1173/1/874 407/1/212
f 1174/1/873 322/1/735 408/1/214
f 1174/1/873 321/1/733 329/1/776
f 1174/1/873 1175/1/875 330/1/778
f 1176/1/876 1175/1/875 329/1/776
f 1176/1/876 406/1/217 330/1/778
f 1176/1/876 405/1/215 407/1/212
f 1176/1/876 1173/1/874 408/1/214
f 1177/1/877 311/1/505 303/1/499
f 1177/1/877 1178/1/878 304/1/501
f 1179/1/879 1178/1/878 303/1/499
f 1179/1/879 364/1/96 304/1/501
f 1179/1/879 363/1/95 365/1/104
f 1179/1/879 1180/1/880 366/1/106
f 1177/1/877 1180/1/880 365/1/104
f 1177/1/877 312/1/503 366/1/106
f 1182/1/881 1181/1/882 331/1/42
f 1181/1/882 1182/1/881 336/1/823
f 1183/1/883 1182/1/881 335/1/824
f 1183/1/883 344/1/815 336/1/823
f 1183/1/883 343/1/816 433/1/89
f 1183/1/883 1184/1/884 434/1/87
f 1184/1/884 433/1/89 439/1/86
f 1184/1/884 1185/1/885 440/1/84
f 1186/1/886 1185/1/885 439/1/86
f 1185/1/885 1186/1/886 444/1/887
f 1186/1/886 443/1/888 445/1/889
f 1186/1/886 1187/1/890 446/1/891
f 1188/1/892 1187/1/890 445/1/889
f 1188/1/892 452/1/102 446/1/891
f 1188/1/892 451/1/103 315/1/507
f 1189/1/893 316/1/506 452/1/102
f 1189/1/893 315/1/507 323/1/43
f 1189/1/893 1190/1/894 324/1/45
f 1190/1/894 323/1/43 331/1/42
f 1190/1/894 1181/1/882 332/1/40
f 1192/1/895 1191/1/896 389/1/897
f 1191/1/896 1192/1/895 386/1/898
f 1193/1/899 1192/1/895 385/1/900
f 1193/1/899 382/1/16 386/1/898
f 1194/1/901 1193/1/899 381/1/18
f 1193/1/899 1194/1/901 266/1/487
f 1194/1/901 265/1/485 277/1/846
f 1194/1/901 1195/1/902 278/1/848
f 1196/1/903 1195/1/902 277/1/846
f 1195/1/902 1196/1/903 286/1/845
f 1197/1/904 1196/1/903 285/1/843
f 1196/1/903 1197/1/904 294/1/795
f 1197/1/904 293/1/797 305/1/794
f 1198/1/905 306/1/792 294/1/795
f 1199/1/906 1198/1/905 305/1/794
f 1199/1/906 314/1/734 306/1/792
f 1199/1/906 313/1/737 403/1/209
f 1200/1/907 404/1/211 314/1/734
f 1200/1/907 403/1/209 397/1/908
f 1200/1/907 1201/1/909 398/1/910
f 1201/1/909 397/1/908 393/1/911
f 1202/1/912 394/1/913 398/1/910
f 1191/1/896 1202/1/912 393/1/911
f 1202/1/912 1191/1/896 390/1/914
f 1203/1/915 407/1/212 403/1/209
f 1203/1/915 1204/1/916 404/1/211
f 1205/1/917 1204/1/916 403/1/209
f 1205/1/917 314/1/734 404/1/211
f 1205/1/917 313/1/737 321/1/733
f 1205/1/917 1206/1/918 322/1/735
f 1203/1/915 1206/1/918 321/1/733
f 1203/1/915 408/1/214 322/1/735
f 1207/1/919 303/1/499 295/1/496
f 1207/1/919 1208/1/920 296/1/498
f 1209/1/921 1208/1/920 295/1/496
f 1209/1/921 362/1/36 296/1/498
f 1209/1/921 361/1/2 363/1/95
f 1209/1/921 1210/1/922 364/1/96
f 1207/1/919 1210/1/922 363/1/95
f 1207/1/919 304/1/501 364/1/96
f 1212/1/923 1211/1/924 319/1/48
f 1212/1/923 312/1/503 320/1/47
f 1212/1/923 311/1/505 365/1/104
f 1213/1/925 366/1/106 312/1/503
f 1213/1/925 365/1/104 369/1/926
f 1213/1/925 1214/1/927 370/1/928
f 1214/1/927 369/1/926 375/1/929
f 1215/1/930 376/1/931 370/1/928
f 1216/1/932 1215/1/930 375/1/929
f 1215/1/930 1216/1/932 380/1/92
f 1217/1/933 1216/1/932 379/1/83
f 1216/1/932 1217/1/933 384/1/90
f 1218/1/934 1217/1/933 383/1/91
f 1218/1/934 388/1/182 384/1/90
f 1219/1/935 1218/1/934 387/1/185
f 1218/1/934 1219/1/935 356/1/763
f 1219/1/935 355/1/761 347/1/811
f 1219/1/935 1220/1/936 348/1/812
f 1221/1/937 1220/1/936 347/1/811
f 1220/1/936 1221/1/937 340/1/820
f 1222/1/938 1221/1/937 339/1/818
f 1221/1/937 1222/1/938 328/1/41
f 1222/1/938 327/1/39 319/1/48
f 1211/1/924 320/1/47 328/1/41
f 1223/1/939 287/1/517 449/1/33
f 1223/1/939 1224/1/940 450/1/31
f 1224/1/940 449/1/33 447/1/27
f 1224/1/940 1225/1/941 448/1/29
f 1226/1/942 1225/1/941 447/1/27
f 1226/1/942 280/1/518 448/1/29
f 1223/1/939 1226/1/942 279/1/519
f 1226/1/942 1223/1/939 288/1/515
f 1228/1/943 1227/1/944 267/1/488
f 1228/1/943 266/1/487 268/1/490
f 1228/1/943 265/1/485 381/1/18
f 1228/1/943 1229/1/945 382/1/16
f 1230/1/946 1229/1/945 381/1/18
f 1230/1/946 378/1/13 382/1/16
f 1230/1/946 377/1/15 267/1/488
f 1230/1/946 1227/1/944 268/1/490
f 1232/1/947 1231/1/948 283/1/304
f 1232/1/947 276/1/492 284/1/303
f 1232/1/947 275/1/494 373/1/12
f 1232/1/947 1233/1/949 374/1/10
f 1234/1/950 1233/1/949 373/1/12
f 1234/1/950 372/1/7 374/1/10
f 1234/1/950 371/1/9 283/1/304
f 1234/1/950 1231/1/948 284/1/303
f 1236/1/951 1235/1/952 391/1/181
f 1236/1/951 396/1/225 392/1/183
f 1236/1/951 395/1/226 349/1/770
f 1236/1/951 1237/1/953 350/1/768
f 1238/1/954 1237/1/953 349/1/770
f 1238/1/954 358/1/766 350/1/768
f 1238/1/954 357/1/764 391/1/181
f 1238/1/954 1235/1/952 392/1/183
f 1240/1/955 1239/1/956 271/1/520
f 1240/1/955 442/1/26 272/1/522
f 1240/1/955 441/1/24 437/1/21
f 1240/1/955 1241/1/957 438/1/23
f 1242/1/958 1241/1/957 437/1/21
f 1242/1/958 270/1/483 438/1/23
f 1242/1/958 269/1/481 271/1/520
f 1242/1/958 1239/1/956 272/1/522
f 1243/1/959 437/1/21 435/1/20
f 1243/1/959 1244/1/960 436/1/19
f 1245/1/961 1244/1/960 435/1/20
f 1245/1/961 274/1/482 436/1/19
f 1245/1/961 273/1/484 269/1/481
f 1245/1/961 1246/1/962 270/1/483
f 1243/1/959 1246/1/962 269/1/481
f 1243/1/959 438/1/23 270/1/483
f 1247/1/963 353/1/752 345/1/751
f 1247/1/963 1248/1/964 346/1/750
f 1249/1/965 1248/1/964 345/1/751
f 1249/1/965 420/1/196 346/1/750
f 1249/1/965 419/1/194 421/1/191
f 1249/1/965 1250/1/966 422/1/193
f 1247/1/963 1250/1/966 421/1/191
f 1247/1/963 354/1/754 422/1/193
f 1252/1/967 1251/1/968 217/1/466
f 1252/1/967 220/1/463 218/1/465
f 1252/1/967 219/1/461 215/1/607
f 1252/1/967 1253/1/969 216/1/609
f 1254/1/970 1253/1/969 215/1/607
f 1254/1/970 214/1/620 216/1/609
f 1254/1/970 213/1/618 217/1/466
f 1254/1/970 1251/1/968 218/1/465
f 1256/1/971 1255/1/972 171/1/588
f 1256/1/971 176/1/662 172/1/586
f 1256/1/971 175/1/660 173/1/973
f 1256/1/971 1257/1/974 174/1/975
f 1258/1/976 1257/1/974 173/1/973
f 1258/1/976 168/1/591 174/1/975
f 1258/1/976 167/1/589 171/1/588
f 1258/1/976 1255/1/972 172/1/586
f 1260/1/977 1259/1/978 409/1/206
f 1260/1/977 412/1/201 410/1/204
f 1260/1/977 411/1/203 325/1/746
f 1260/1/977 1261/1/979 326/1/744
f 1262/1/980 1261/1/979 325/1/746
f 1262/1/980 318/1/742 326/1/744
f 1262/1/980 317/1/740 409/1/206
f 1262/1/980 1259/1/978 410/1/204
f 1264/1/981 1263/1/982 451/1/103
f 1264/1/981 456/1/100 452/1/102
f 1264/1/981 455/1/98 307/1/508
f 1264/1/981 1265/1/983 308/1/510
f 1266/1/984 1265/1/983 307/1/508
f 1266/1/984 316/1/506 308/1/510
f 1266/1/984 315/1/507 451/1/103
f 1266/1/984 1263/1/982 452/1/102
f 1268/1/985 1267/1/986 387/1/185
f 1268/1/985 392/1/183 388/1/182
f 1268/1/985 391/1/181 357/1/764
f 1268/1/985 1269/1/987 358/1/766
f 1270/1/988 1269/1/987 357/1/764
f 1270/1/988 356/1/763 358/1/766
f 1270/1/988 355/1/761 387/1/185
f 1270/1/988 1267/1/986 388/1/182
f 1271/1/989 351/1/760 359/1/755
f 1271/1/989 1272/1/990 360/1/757
f 1273/1/991 1272/1/990 359/1/755
f 1273/1/991 426/1/190 360/1/757
f 1273/1/991 425/1/188 431/1/187
f 1273/1/991 1274/1/992 432/1/186
f 1271/1/989 1274/1/992 431/1/187
f 1271/1/989 352/1/759 432/1/186
f 1276/1/993 1275/1/994 299/1/514
f 1276/1/993 308/1/510 300/1/512
f 1276/1/993 307/1/508 455/1/98
f 1276/1/993 1277/1/995 456/1/100
f 1278/1/996 1277/1/995 455/1/98
f 1278/1/996 454/1/34 456/1/100
f 1278/1/996 453/1/35 299/1/514
f 1278/1/996 1275/1/994 300/1/512
f 1280/1/997 1279/1/998 287/1/517
f 1280/1/997 300/1/512 288/1/515
f 1280/1/997 299/1/514 453/1/35
f 1280/1/997 1281/1/999 454/1/34
f 1282/1/1000 1281/1/999 453/1/35
f 1282/1/1000 450/1/31 454/1/34
f 1282/1/1000 449/1/33 287/1/517
f 1282/1/1000 1279/1/998 288/1/515
f 1283/1/1001 309/1/739 301/1/791
f 1283/1/1001 1284/1/1002 302/1/800
f 1284/1/1002 301/1/791 297/1/799
f 1284/1/1002 1285/1/1003 298/1/798
f 1286/1/1004 1285/1/1003 297/1/799
f 1285/1/1003 1286/1/1004 290/1/840
f 1287/1/1005 1286/1/1004 289/1/842
f 1287/1/1005 282/1/841 290/1/840
f 1288/1/1006 1287/1/1005 281/1/839
f 1288/1/1006 274/1/482 282/1/841
f 1289/1/1007 1288/1/1006 273/1/484
f 1288/1/1006 1289/1/1007 436/1/19
f 1289/1/1007 435/1/20 429/1/1008
f 1289/1/1007 1290/1/1009 430/1/1010
f 1291/1/1011 1290/1/1009 429/1/1008
f 1291/1/1011 428/1/1012 430/1/1010
f 1292/1/1013 1291/1/1011 427/1/1014
f 1291/1/1011 1292/1/1013 424/1/1015
f 1292/1/1013 423/1/1016 417/1/1017
f 1292/1/1013 1293/1/1018 418/1/1019
f 1294/1/1020 1293/1/1018 417/1/1017
f 1294/1/1020 414/1/207 418/1/1019
f 1294/1/1020 413/1/208 309/1/739
f 1283/1/1001 310/1/738 414/1/207
f 1296/1/1021 1295/1/1022 345/1/751
f 1295/1/1022 1296/1/1021 334/1/747
f 1296/1/1021 333/1/749 415/1/200
f 1296/1/1021 1297/1/1023 416/1/198
f 1297/1/1023 415/1/200 419/1/194
f 1297/1/1023 1298/1/1024 420/1/196
f 1295/1/1022 1298/1/1024 419/1/194
f 1295/1/1022 346/1/750 420/1/196
f 1300/1/1025 1299/1/1026 411/1/203
f 1300/1/1025 416/1/198 412/1/201
f 1300/1/1025 415/1/200 333/1/749
f 1300/1/1025 1301/1/1027 334/1/747
f 1302/1/1028 1301/1/1027 333/1/749
f 1302/1/1028 326/1/744 334/1/747
f 1302/1/1028 325/1/746 411/1/203
f 1302/1/1028 1299/1/1026 412/1/201
f 1304/1/1029 1303/1/1030 317/1/740
f 1304/1/1029 310/1/738 318/1/742
f 1304/1/1029 309/1/739 413/1/208
f 1304/1/1029 1305/1/1031 414/1/207
f 1306/1/1032 1305/1/1031 413/1/208
f 1306/1/1032 410/1/204 414/1/207
f 1306/1/1032 409/1/206 317/1/740
f 1306/1/1032 1303/1/1030 318/1/742
f 1308/1/1033 1307/1/1034 275/1/494
f 1308/1/1033 268/1/490 276/1/492
f 1308/1/1033 267/1/488 377/1/15
f 1308/1/1033 1309/1/1035 378/1/13
f 1310/1/1036 1309/1/1035 377/1/15
f 1310/1/1036 374/1/10 378/1/13
f 1310/1/1036 373/1/12 275/1/494
f 1310/1/1036 1307/1/1034 276/1/492
f 1311/1/1037 161/1/594 167/1/589
f 1312/1/1038 168/1/591 162/1/593
f 1312/1/1038 167/1/589 173/1/973
f 1312/1/1038 1313/1/1039 174/1/975
f 1314/1/1040 1313/1/1039 173/1/973
f 1314/1/1040 458/1/1041 174/1/975
f 1315/1/1042 1314/1/1040 457/1/1043
f 1314/1/1040 1315/1/1042 56/1/1044
f 1315/1/1042 55/1/1045 59/1/397
f 1316/1/1046 60/1/396 56/1/1044
f 1317/1/1047 1316/1/1046 59/1/397
f 1316/1/1046 1317/1/1047 134/1/393
f 1318/1/1048 1317/1/1047 133/1/395
f 1317/1/1047 1318/1/1048 460/1/1049
f 1318/1/1048 459/1/1050 185/1/535
f 1319/1/1051 186/1/537 460/1/1049
f 1319/1/1051 185/1/535 181/1/534
f 1319/1/1051 1320/1/1052 182/1/533
f 1321/1/1053 1320/1/1052 181/1/534
f 1320/1/1052 1321/1/1053 178/1/447
f 1322/1/1054 1321/1/1053 177/1/445
f 1321/1/1053 1322/1/1054 164/1/453
f 1311/1/1037 1322/1/1054 163/1/454
f 1311/1/1037 162/1/593 164/1/453
f 1324/1/1055 1323/1/1056 469/1/1057
f 1323/1/1056 1324/1/1055 472/1/110
f 1324/1/1055 471/1/112 199/1/544
f 1325/1/1058 200/1/546 472/1/110
f 1326/1/1059 1325/1/1058 199/1/544
f 1325/1/1058 1326/1/1059 196/1/543
f 1323/1/1056 1326/1/1059 195/1/541
f 1326/1/1059 1323/1/1056 470/1/1060
f 1328/1/1061 1327/1/1062 51/1/1063
f 1327/1/1062 1328/1/1061 56/1/1044
f 1328/1/1061 55/1/1045 457/1/1043
f 1329/1/1064 458/1/1041 56/1/1044
f 1330/1/1065 1329/1/1064 457/1/1043
f 1330/1/1065 462/1/1066 458/1/1041
f 1327/1/1062 1330/1/1065 461/1/1067
f 1330/1/1065 1327/1/1062 52/1/1068
f 1332/1/1069 1331/1/1070 85/1/562
f 1331/1/1070 1332/1/1069 88/1/409
f 1333/1/1071 1332/1/1069 87/1/411
f 1332/1/1069 1333/1/1071 150/1/242
f 1334/1/1072 1333/1/1071 149/1/244
f 1333/1/1071 1334/1/1072 264/1/250
f 1334/1/1072 263/1/241 85/1/562
f 1331/1/1070 86/1/561 264/1/250
f 1335/1/1073 67/1/141 61/1/137
f 1336/1/1074 62/1/139 68/1/138
f 1336/1/1074 61/1/137 465/1/1075
f 1337/1/1076 466/1/1077 62/1/139
f 1337/1/1076 465/1/1075 467/1/1078
f 1338/1/1079 468/1/1080 466/1/1077
f 1335/1/1073 1338/1/1079 467/1/1078
f 1338/1/1079 1335/1/1073 68/1/138
f 1340/1/1081 1339/1/1082 463/1/1083
f 1339/1/1082 1340/1/1081 470/1/1060
f 1340/1/1081 469/1/1057 195/1/541
f 1341/1/1084 196/1/543 470/1/1060
f 1341/1/1084 195/1/541 189/1/540
f 1341/1/1084 1342/1/1085 190/1/539
f 1339/1/1082 1342/1/1085 189/1/540
f 1342/1/1085 1339/1/1082 464/1/1086
f 1343/1/1087 471/1/112 123/1/109
f 1344/1/1088 124/1/118 472/1/110
f 1345/1/1089 1344/1/1088 123/1/109
f 1344/1/1088 1345/1/1089 72/1/150
f 1346/1/1090 1345/1/1089 71/1/148
f 1345/1/1089 1346/1/1090 68/1/138
f 1346/1/1090 67/1/141 467/1/1078
f 1347/1/1091 468/1/1080 68/1/138
f 1347/1/1091 467/1/1078 221/1/457
f 1347/1/1091 1348/1/1092 222/1/459
f 1349/1/1093 1348/1/1092 221/1/457
f 1349/1/1093 218/1/465 222/1/459
f 1350/1/1094 1349/1/1093 217/1/466
f 1349/1/1093 1350/1/1094 214/1/620
f 1350/1/1094 213/1/618 211/1/472
f 1350/1/1094 1351/1/1095 212/1/470
f 1351/1/1095 211/1/472 207/1/469
f 1352/1/1096 208/1/471 212/1/470
f 1352/1/1096 207/1/469 203/1/549
f 1353/1/1097 204/1/548 208/1/471
f 1354/1/1098 1353/1/1097 203/1/549
f 1354/1/1098 200/1/546 204/1/548
f 1343/1/1087 1354/1/1098 199/1/544
f 1354/1/1098 1343/1/1087 472/1/110
f 1355/1/1099 619/1/1100 623/1/1101
f 1355/1/1099 1356/1/1102 624/1/1103
f 1356/1/1102 623/1/1101 605/1/1104
f 1357/1/1105 606/1/1106 624/1/1103
f 1358/1/1107 1357/1/1105 605/1/1104
f 1357/1/1105 1358/1/1107 612/1/1108
f 1355/1/1099 1358/1/1107 611/1/1109
f 1358/1/1107 1355/1/1099 620/1/1110
f 1360/1/1111 1359/1/1112 605/1/1104
f 1359/1/1112 1360/1/1111 614/1/1113
f 1361/1/1114 1360/1/1111 613/1/1115
f 1360/1/1111 1361/1/1114 608/1/1116
f 1362/1/1117 1361/1/1114 607/1/1118
f 1361/1/1114 1362/1/1117 602/1/1119
f 1359/1/1112 1362/1/1117 601/1/1120
f 1359/1/1112 606/1/1106 602/1/1119
f 1364/1/1121 1363/1/1122 675/1/1123
f 1363/1/1122 1364/1/1121 688/1/1124
f 1364/1/1121 687/1/1125 685/1/1126
f 1365/1/1127 686/1/1128 688/1/1124
f 1365/1/1127 685/1/1126 683/1/1129
f 1365/1/1127 1366/1/1130 684/1/1131
f 1363/1/1122 1366/1/1130 683/1/1129
f 1366/1/1130 1363/1/1122 676/1/1132
f 1367/1/1133 607/1/1118 725/1/1134
f 1367/1/1133 1368/1/1135 726/1/1136
f 1369/1/1137 1368/1/1135 725/1/1134
f 1368/1/1135 1369/1/1137 610/1/1138
f 1370/1/1139 1369/1/1137 609/1/1140
f 1370/1/1139 602/1/1119 610/1/1138
f 1370/1/1139 601/1/1120 607/1/1118
f 1367/1/1133 608/1/1116 602/1/1119
f 1371/1/1141 621/1/1142 625/1/1143
f 1372/1/1144 626/1/1145 622/1/1146
f 1372/1/1144 625/1/1143 611/1/1109
f 1373/1/1147 612/1/1108 626/1/1145
f 1373/1/1147 611/1/1109 603/1/1148
f 1373/1/1147 1374/1/1149 604/1/1150
f 1374/1/1149 603/1/1148 621/1/1142
f 1371/1/1141 622/1/1146 604/1/1150
f 1375/1/1151 631/1/1152 633/1/1153
f 1376/1/1154 634/1/1155 632/1/1156
f 1377/1/1157 1376/1/1154 633/1/1153
f 1377/1/1157 622/1/1146 634/1/1155
f 1378/1/1158 1377/1/1157 621/1/1142
f 1377/1/1157 1378/1/1158 604/1/1150
f 1378/1/1158 603/1/1148 631/1/1152
f 1378/1/1158 1375/1/1151 632/1/1156
f 1380/1/1159 1379/1/1160 627/1/1161
f 1379/1/1160 1380/1/1159 620/1/1110
f 1381/1/1162 1380/1/1159 619/1/1100
f 1381/1/1162 612/1/1108 620/1/1110
f 1382/1/1163 1381/1/1162 611/1/1109
f 1381/1/1162 1382/1/1163 626/1/1145
f 1382/1/1163 625/1/1143 627/1/1161
f 1382/1/1163 1379/1/1160 628/1/1164
f 1384/1/1165 1383/1/1166 615/1/1167
f 1383/1/1166 1384/1/1165 698/1/1168
f 1385/1/1169 1384/1/1165 697/1/1170
f 1385/1/1169 618/1/1171 698/1/1168
f 1385/1/1169 617/1/1172 613/1/1115
f 1386/1/1173 614/1/1113 618/1/1171
f 1386/1/1173 613/1/1115 615/1/1167
f 1386/1/1173 1383/1/1166 616/1/1174
f 1388/1/1175 1387/1/1176 431/1/187
f 1388/1/1175 388/1/182 432/1/186
f 1388/1/1175 387/1/185 383/1/91
f 1388/1/1175 1389/1/1177 384/1/90
f 1390/1/1178 1389/1/1177 383/1/91
f 1390/1/1178 434/1/87 384/1/90
f 1390/1/1178 433/1/89 431/1/187
f 1390/1/1178 1387/1/1176 432/1/186
f 1392/1/1179 1391/1/1180 673/1/1181
f 1392/1/1179 682/1/1182 674/1/1183
f 1393/1/1184 1392/1/1179 681/1/1185
f 1393/1/1184 680/1/1186 682/1/1182
f 1394/1/1187 1393/1/1184 679/1/1188
f 1393/1/1184 1394/1/1187 678/1/1189
f 1394/1/1187 677/1/1190 673/1/1181
f 1394/1/1187 1391/1/1180 674/1/1183
f 1395/1/1191 633/1/1153 645/1/1192
f 1396/1/1193 646/1/1194 634/1/1155
f 1397/1/1195 1396/1/1193 645/1/1192
f 1397/1/1195 638/1/1196 646/1/1194
f 1398/1/1197 1397/1/1195 637/1/1198
f 1398/1/1197 622/1/1146 638/1/1196
f 1398/1/1197 621/1/1142 633/1/1153
f 1398/1/1197 1395/1/1191 634/1/1155
f 1399/1/1199 727/1/1200 681/1/1185
f 1400/1/1201 682/1/1182 728/1/1202
f 1401/1/1203 1400/1/1201 681/1/1185
f 1401/1/1203 610/1/1138 682/1/1182
f 1401/1/1203 609/1/1140 725/1/1134
f 1402/1/1204 726/1/1136 610/1/1138
f 1402/1/1204 725/1/1134 727/1/1200
f 1402/1/1204 1399/1/1199 728/1/1202
f 1404/1/1205 1403/1/1206 609/1/1140
f 1404/1/1205 682/1/1182 610/1/1138
f 1404/1/1205 681/1/1185 673/1/1181
f 1404/1/1205 1405/1/1207 674/1/1183
f 1405/1/1207 673/1/1181 631/1/1152
f 1405/1/1207 1406/1/1208 632/1/1156
f 1403/1/1206 1406/1/1208 631/1/1152
f 1406/1/1208 1403/1/1206 610/1/1138
f 1408/1/1209 1407/1/1210 669/1/1211
f 1408/1/1209 636/1/1212 670/1/1213
f 1408/1/1209 635/1/1214 659/1/1215
f 1408/1/1209 1409/1/1216 660/1/1217
f 1409/1/1216 659/1/1215 663/1/1218
f 1409/1/1216 1410/1/1219 664/1/1220
f 1407/1/1210 1410/1/1219 663/1/1218
f 1410/1/1219 1407/1/1210 670/1/1213
f 1412/1/1221 1411/1/1222 723/1/1223
f 1412/1/1221 722/1/1224 724/1/1225
f 1412/1/1221 721/1/1226 719/1/1227
f 1413/1/1228 720/1/1229 722/1/1224
f 1413/1/1228 719/1/1227 711/1/1230
f 1414/1/1231 712/1/1232 720/1/1229
f 1414/1/1231 711/1/1230 723/1/1223
f 1411/1/1222 724/1/1225 712/1/1232
f 1415/1/1233 643/1/1234 651/1/1235
f 1416/1/1236 652/1/1237 644/1/1238
f 1416/1/1236 651/1/1235 629/1/1239
f 1417/1/1240 630/1/1241 652/1/1237
f 1418/1/1242 1417/1/1240 629/1/1239
f 1417/1/1240 1418/1/1242 642/1/1243
f 1415/1/1233 1418/1/1242 641/1/1244
f 1418/1/1242 1415/1/1233 644/1/1238
f 1419/1/1245 589/1/1246 595/1/1247
f 1420/1/1248 596/1/1249 590/1/1250
f 1420/1/1248 595/1/1247 593/1/1251
f 1420/1/1248 1421/1/1252 594/1/1253
f 1421/1/1252 593/1/1251 587/1/1254
f 1422/1/1255 588/1/1256 594/1/1253
f 1422/1/1255 587/1/1254 589/1/1246
f 1419/1/1245 590/1/1250 588/1/1256
f 1423/1/1257 711/1/1230 719/1/1227
f 1424/1/1258 720/1/1229 712/1/1232
f 1424/1/1258 719/1/1227 617/1/1172
f 1425/1/1259 618/1/1171 720/1/1229
f 1426/1/1260 1425/1/1259 617/1/1172
f 1425/1/1259 1426/1/1260 708/1/1261
f 1426/1/1260 707/1/1262 711/1/1230
f 1423/1/1257 712/1/1232 708/1/1261
f 1427/1/1263 581/1/1264 589/1/1246
f 1428/1/1265 590/1/1250 582/1/1266
f 1428/1/1265 589/1/1246 587/1/1254
f 1428/1/1265 1429/1/1267 588/1/1256
f 1429/1/1267 587/1/1254 585/1/1268
f 1430/1/1269 586/1/1270 588/1/1256
f 1430/1/1269 585/1/1268 581/1/1264
f 1427/1/1263 582/1/1266 586/1/1270
f 1432/1/1271 1431/1/1272 569/1/1273
f 1431/1/1272 1432/1/1271 576/1/1274
f 1433/1/1275 1432/1/1271 575/1/1276
f 1432/1/1271 1433/1/1275 574/1/1277
f 1434/1/1278 1433/1/1275 573/1/1279
f 1434/1/1278 566/1/1280 574/1/1277
f 1434/1/1278 565/1/1281 569/1/1273
f 1434/1/1278 1431/1/1272 570/1/1282
f 1436/1/1283 1435/1/1284 559/1/1285
f 1435/1/1284 1436/1/1283 570/1/1282
f 1436/1/1283 569/1/1273 565/1/1281
f 1436/1/1283 1437/1/1286 566/1/1280
f 1437/1/1286 565/1/1281 555/1/1287
f 1437/1/1286 1438/1/1288 556/1/1289
f 1435/1/1284 1438/1/1288 555/1/1287
f 1435/1/1284 560/1/1290 556/1/1289
f 1439/1/1291 573/1/1279 577/1/1292
f 1440/1/1293 578/1/1294 574/1/1277
f 1441/1/1295 1440/1/1293 577/1/1292
f 1440/1/1293 1441/1/1295 572/1/1296
f 1442/1/1297 1441/1/1295 571/1/1298
f 1441/1/1295 1442/1/1297 566/1/1280
f 1439/1/1291 1442/1/1297 565/1/1281
f 1439/1/1291 574/1/1277 566/1/1280
f 1443/1/1299 581/1/1264 585/1/1268
f 1443/1/1299 1444/1/1300 586/1/1270
f 1445/1/1301 1444/1/1300 585/1/1268
f 1444/1/1300 1445/1/1301 572/1/1296
f 1445/1/1301 571/1/1298 577/1/1292
f 1446/1/1302 578/1/1294 572/1/1296
f 1446/1/1302 577/1/1292 581/1/1264
f 1443/1/1299 582/1/1266 578/1/1294
f 1448/1/1303 1447/1/1304 667/1/1305
f 1448/1/1303 670/1/1213 668/1/1306
f 1448/1/1303 669/1/1211 663/1/1218
f 1449/1/1307 664/1/1220 670/1/1213
f 1449/1/1307 663/1/1218 661/1/157
f 1449/1/1307 1450/1/1308 662/1/159
f 1447/1/1304 1450/1/1308 661/1/157
f 1450/1/1308 1447/1/1304 668/1/1306
f 1452/1/1309 1451/1/1310 587/1/1254
f 1451/1/1310 1452/1/1309 600/1/1311
f 1452/1/1309 599/1/1312 557/1/1313
f 1452/1/1309 1453/1/1314 558/1/1315
f 1453/1/1314 557/1/1313 585/1/1268
f 1454/1/1316 586/1/1270 558/1/1315
f 1451/1/1310 1454/1/1316 585/1/1268
f 1451/1/1310 588/1/1256 586/1/1270
f 1455/1/1317 481/1/1318 597/1/1319
f 1456/1/1320 598/1/1321 482/1/1322
f 1457/1/1323 1456/1/1320 597/1/1319
f 1457/1/1323 480/1/582 598/1/1321
f 1458/1/1324 1457/1/1323 479/1/573
f 1457/1/1323 1458/1/1324 476/1/1325
f 1458/1/1324 475/1/1326 481/1/1318
f 1458/1/1324 1455/1/1317 482/1/1322
f 1459/1/1327 673/1/1181 677/1/1190
f 1459/1/1327 1460/1/1328 678/1/1189
f 1461/1/1329 1460/1/1328 677/1/1190
f 1460/1/1328 1461/1/1329 668/1/1306
f 1462/1/1330 1461/1/1329 667/1/1305
f 1461/1/1329 1462/1/1330 672/1/1331
f 1459/1/1327 1462/1/1330 671/1/1332
f 1459/1/1327 674/1/1183 672/1/1331
f 1464/1/1333 1463/1/1334 127/1/333
f 1463/1/1334 1464/1/1333 242/1/177
f 1464/1/1333 241/1/178 231/1/173
f 1465/1/1335 232/1/175 242/1/177
f 1465/1/1335 231/1/173 121/1/339
f 1466/1/1336 122/1/337 232/1/175
f 1463/1/1334 1466/1/1336 121/1/339
f 1466/1/1336 1463/1/1334 128/1/335
f 1468/1/1337 1467/1/1338 675/1/1123
f 1468/1/1337 684/1/1131 676/1/1132
f 1468/1/1337 683/1/1129 635/1/1214
f 1469/1/1339 636/1/1212 684/1/1131
f 1469/1/1339 635/1/1214 669/1/1211
f 1469/1/1339 1470/1/1340 670/1/1213
f 1470/1/1340 669/1/1211 675/1/1123
f 1467/1/1338 676/1/1132 670/1/1213
f 1472/1/1341 1471/1/1342 679/1/1188
f 1471/1/1342 1472/1/1341 688/1/1124
f 1472/1/1341 687/1/1125 675/1/1123
f 1473/1/1343 676/1/1132 688/1/1124
f 1473/1/1343 675/1/1123 677/1/1190
f 1474/1/1344 678/1/1189 676/1/1132
f 1471/1/1342 1474/1/1344 677/1/1190
f 1474/1/1344 1471/1/1342 680/1/1186
f 1476/1/1345 1475/1/1346 665/1/1347
f 1475/1/1346 1476/1/1345 664/1/1220
f 1477/1/1348 1476/1/1345 663/1/1218
f 1476/1/1345 1477/1/1348 660/1/1217
f 1478/1/1349 1477/1/1348 659/1/1215
f 1478/1/1349 654/1/1350 660/1/1217
f 1478/1/1349 653/1/1351 665/1/1347
f 1475/1/1346 666/1/1352 654/1/1350
f 1480/1/1353 1479/1/1354 635/1/1214
f 1479/1/1354 1480/1/1353 684/1/1131
f 1481/1/1355 1480/1/1353 683/1/1129
f 1481/1/1355 620/1/1110 684/1/1131
f 1481/1/1355 619/1/1100 627/1/1161
f 1482/1/1356 628/1/1164 620/1/1110
f 1482/1/1356 627/1/1161 635/1/1214
f 1482/1/1356 1479/1/1354 636/1/1212
f 1484/1/1357 1483/1/1358 503/1/1359
f 1484/1/1357 546/1/1360 504/1/1361
f 1484/1/1357 545/1/1362 481/1/1318
f 1484/1/1357 1485/1/1363 482/1/1322
f 1486/1/1364 1485/1/1363 481/1/1318
f 1485/1/1363 1486/1/1364 488/1/1365
f 1483/1/1358 1486/1/1364 487/1/1366
f 1483/1/1358 504/1/1361 488/1/1365
f 1488/1/1367 1487/1/1368 473/1/787
f 1487/1/1368 1488/1/1367 488/1/1365
f 1488/1/1367 487/1/1366 481/1/1318
f 1488/1/1367 1489/1/1369 482/1/1322
f 1489/1/1369 481/1/1318 475/1/1326
f 1490/1/1370 476/1/1325 482/1/1322
f 1487/1/1368 1490/1/1370 475/1/1326
f 1490/1/1370 1487/1/1368 474/1/786
f 1491/1/1371 631/1/1152 673/1/1181
f 1491/1/1371 1492/1/1372 674/1/1183
f 1493/1/1373 1492/1/1372 673/1/1181
f 1492/1/1372 1493/1/1373 672/1/1331
f 1494/1/1374 1493/1/1373 671/1/1332
f 1494/1/1374 634/1/1155 672/1/1331
f 1491/1/1371 1494/1/1374 633/1/1153
f 1494/1/1374 1491/1/1371 632/1/1156
f 1496/1/1375 1495/1/1376 529/1/1377
f 1495/1/1376 1496/1/1375 548/1/1378
f 1496/1/1375 547/1/1379 539/1/1380
f 1496/1/1375 1497/1/1381 540/1/1382
f 1498/1/1383 1497/1/1381 539/1/1380
f 1497/1/1381 1498/1/1383 538/1/1384
f 1495/1/1376 1498/1/1383 537/1/1385
f 1495/1/1376 530/1/1386 538/1/1384
f 1499/1/1387 667/1/1305 677/1/1190
f 1500/1/1388 678/1/1189 668/1/1306
f 1501/1/1389 1500/1/1388 677/1/1190
f 1501/1/1389 676/1/1132 678/1/1189
f 1501/1/1389 675/1/1123 669/1/1211
f 1501/1/1389 1502/1/1390 670/1/1213
f 1502/1/1390 669/1/1211 667/1/1305
f 1499/1/1387 668/1/1306 670/1/1213
f 1503/1/1391 535/1/1392 541/1/1393
f 1504/1/1394 542/1/1395 536/1/1396
f 1505/1/1397 1504/1/1394 541/1/1393
f 1505/1/1397 504/1/1361 542/1/1395
f 1505/1/1397 503/1/1359 501/1/1398
f 1505/1/1397 1506/1/1399 502/1/1400
f 1506/1/1399 501/1/1398 535/1/1392
f 1503/1/1391 536/1/1396 502/1/1400
f 1508/1/1401 1507/1/1402 655/1/156
f 1507/1/1402 1508/1/1401 672/1/1331
f 1508/1/1401 671/1/1332 667/1/1305
f 1508/1/1401 1509/1/1403 668/1/1306
f 1509/1/1403 667/1/1305 661/1/157
f 1510/1/1404 662/1/159 668/1/1306
f 1507/1/1402 1510/1/1404 661/1/157
f 1507/1/1402 656/1/160 662/1/159
f 1512/1/1405 1511/1/1406 695/1/1407
f 1512/1/1405 698/1/1168 696/1/1408
f 1512/1/1405 697/1/1170 615/1/1167
f 1513/1/1409 616/1/1174 698/1/1168
f 1513/1/1409 615/1/1167 689/1/1410
f 1513/1/1409 1514/1/1411 690/1/1412
f 1511/1/1406 1514/1/1411 689/1/1410
f 1511/1/1406 696/1/1408 690/1/1412
f 1515/1/1413 633/1/1153 671/1/1332
f 1515/1/1413 1516/1/1414 672/1/1331
f 1516/1/1414 671/1/1332 655/1/156
f 1517/1/1415 656/1/160 672/1/1331
f 1518/1/1416 1517/1/1415 655/1/156
f 1518/1/1416 646/1/1194 656/1/160
f 1515/1/1413 1518/1/1416 645/1/1192
f 1515/1/1413 634/1/1155 646/1/1194
f 1519/1/1417 629/1/1239 651/1/1235
f 1519/1/1417 1520/1/1418 652/1/1237
f 1520/1/1418 651/1/1235 627/1/1161
f 1521/1/1419 628/1/1164 652/1/1237
f 1522/1/1420 1521/1/1419 627/1/1161
f 1522/1/1420 626/1/1145 628/1/1164
f 1519/1/1417 1522/1/1420 625/1/1143
f 1522/1/1420 1519/1/1417 630/1/1241
f 1523/1/1421 617/1/1172 719/1/1227
f 1523/1/1421 1524/1/1422 720/1/1229
f 1524/1/1422 719/1/1227 607/1/1118
f 1525/1/1423 608/1/1116 720/1/1229
f 1526/1/1424 1525/1/1423 607/1/1118
f 1526/1/1424 614/1/1113 608/1/1116
f 1523/1/1421 1526/1/1424 613/1/1115
f 1526/1/1424 1523/1/1421 618/1/1171
f 1527/1/1425 681/1/1185 727/1/1200
f 1527/1/1425 1528/1/1426 728/1/1202
f 1528/1/1426 727/1/1200 691/1/1427
f 1529/1/1428 692/1/1429 728/1/1202
f 1529/1/1428 691/1/1427 679/1/1188
f 1530/1/1430 680/1/1186 692/1/1429
f 1527/1/1425 1530/1/1430 679/1/1188
f 1527/1/1425 682/1/1182 680/1/1186
f 1531/1/1431 703/1/1432 697/1/1170
f 1532/1/1433 698/1/1168 704/1/1434
f 1533/1/1435 1532/1/1433 697/1/1170
f 1533/1/1435 696/1/1408 698/1/1168
f 1533/1/1435 695/1/1407 701/1/1436
f 1533/1/1435 1534/1/1437 702/1/1438
f 1534/1/1437 701/1/1436 703/1/1432
f 1531/1/1431 704/1/1434 702/1/1438
f 1535/1/1439 699/1/1440 705/1/1441
f 1536/1/1442 706/1/1443 700/1/1444
f 1537/1/1445 1536/1/1442 705/1/1441
f 1536/1/1442 1537/1/1445 702/1/1438
f 1537/1/1445 701/1/1436 695/1/1407
f 1537/1/1445 1538/1/1446 696/1/1408
f 1538/1/1446 695/1/1407 699/1/1440
f 1535/1/1439 700/1/1444 696/1/1408
f 1539/1/1447 707/1/1262 617/1/1172
f 1540/1/1448 618/1/1171 708/1/1261
f 1541/1/1449 1540/1/1448 617/1/1172
f 1540/1/1448 1541/1/1449 698/1/1168
f 1542/1/1450 1541/1/1449 697/1/1170
f 1541/1/1449 1542/1/1450 704/1/1434
f 1542/1/1450 703/1/1432 707/1/1262
f 1539/1/1447 708/1/1261 704/1/1434
f 1543/1/1451 699/1/1440 713/1/1452
f 1544/1/1453 714/1/1454 700/1/1444
f 1545/1/1455 1544/1/1453 713/1/1452
f 1545/1/1455 710/1/1456 714/1/1454
f 1546/1/1457 1545/1/1455 709/1/1458
f 1545/1/1455 1546/1/1457 706/1/1443
f 1543/1/1451 1546/1/1457 705/1/1441
f 1546/1/1457 1543/1/1451 700/1/1444
f 1548/1/1459 1547/1/1460 567/1/578
f 1547/1/1460 1548/1/1459 580/1/1461
f 1549/1/1462 1548/1/1459 579/1/1463
f 1548/1/1459 1549/1/1462 576/1/1274
f 1549/1/1462 575/1/1276 569/1/1273
f 1550/1/1464 570/1/1282 576/1/1274
f 1550/1/1464 569/1/1273 567/1/578
f 1547/1/1460 568/1/577 570/1/1282
f 1552/1/1465 1551/1/1466 715/1/1467
f 1552/1/1465 718/1/1468 716/1/1469
f 1553/1/1470 1552/1/1465 717/1/1471
f 1552/1/1465 1553/1/1470 710/1/1456
f 1554/1/1472 1553/1/1470 709/1/1458
f 1553/1/1470 1554/1/1472 714/1/1454
f 1551/1/1466 1554/1/1472 713/1/1452
f 1554/1/1472 1551/1/1466 716/1/1469
f 1556/1/1473 1555/1/1474 691/1/1427
f 1556/1/1473 728/1/1202 692/1/1429
f 1556/1/1473 727/1/1200 715/1/1467
f 1557/1/1475 716/1/1469 728/1/1202
f 1557/1/1475 715/1/1467 713/1/1452
f 1557/1/1475 1558/1/1476 714/1/1454
f 1555/1/1474 1558/1/1476 713/1/1452
f 1558/1/1476 1555/1/1474 692/1/1429
f 1560/1/1477 1559/1/1478 653/1/1351
f 1560/1/1477 660/1/1217 654/1/1350
f 1560/1/1477 659/1/1215 651/1/1235
f 1560/1/1477 1561/1/1479 652/1/1237
f 1562/1/1480 1561/1/1479 651/1/1235
f 1561/1/1479 1562/1/1480 644/1/1238
f 1559/1/1478 1562/1/1480 643/1/1234
f 1562/1/1480 1559/1/1478 654/1/1350
f 1564/1/1481 1563/1/1482 721/1/1226
f 1564/1/1481 724/1/1225 722/1/1224
f 1565/1/1483 1564/1/1481 723/1/1223
f 1564/1/1481 1565/1/1483 718/1/1468
f 1566/1/1484 1565/1/1483 717/1/1471
f 1565/1/1483 1566/1/1484 716/1/1469
f 1563/1/1482 1566/1/1484 715/1/1467
f 1566/1/1484 1563/1/1482 722/1/1224
f 1567/1/1485 719/1/1227 721/1/1226
f 1567/1/1485 1568/1/1486 722/1/1224
f 1569/1/1487 1568/1/1486 721/1/1226
f 1568/1/1486 1569/1/1487 726/1/1136
f 1570/1/1488 1569/1/1487 725/1/1134
f 1570/1/1488 608/1/1116 726/1/1136
f 1570/1/1488 607/1/1118 719/1/1227
f 1570/1/1488 1567/1/1485 720/1/1229
f 1571/1/1489 693/1/1490 699/1/1440
f 1572/1/1491 700/1/1444 694/1/1492
f 1573/1/1493 1572/1/1491 699/1/1440
f 1573/1/1493 696/1/1408 700/1/1444
f 1574/1/1494 1573/1/1493 695/1/1407
f 1574/1/1494 690/1/1412 696/1/1408
f 1574/1/1494 689/1/1410 693/1/1490
f 1574/1/1494 1571/1/1489 694/1/1492
f 1575/1/1495 359/1/755 353/1/752
f 1575/1/1495 1576/1/1496 354/1/754
f 1577/1/1497 1576/1/1496 353/1/752
f 1577/1/1497 422/1/193 354/1/754
f 1577/1/1497 421/1/191 425/1/188
f 1577/1/1497 1578/1/1498 426/1/190
f 1575/1/1495 1578/1/1498 425/1/188
f 1575/1/1495 360/1/757 426/1/190
f 1580/1/1499 1579/1/1500 477/1/1501
f 1580/1/1499 484/1/788 478/1/1502
f 1581/1/1503 1580/1/1499 483/1/781
f 1580/1/1499 1581/1/1503 474/1/786
f 1582/1/1504 1581/1/1503 473/1/787
f 1581/1/1503 1582/1/1504 476/1/1325
f 1582/1/1504 475/1/1326 477/1/1501
f 1579/1/1500 478/1/1502 476/1/1325
f 1583/1/1505 497/1/1506 491/1/1507
f 1584/1/1508 492/1/1509 498/1/1510
f 1585/1/1511 1584/1/1508 491/1/1507
f 1585/1/1511 490/1/782 492/1/1509
f 1585/1/1511 489/1/784 483/1/781
f 1586/1/1512 484/1/788 490/1/782
f 1586/1/1512 483/1/781 497/1/1506
f 1586/1/1512 1583/1/1505 498/1/1510
f 1588/1/1513 1587/1/1514 623/1/1101
f 1587/1/1514 1588/1/1513 620/1/1110
f 1589/1/1515 1588/1/1513 619/1/1100
f 1588/1/1513 1589/1/1515 684/1/1131
f 1589/1/1515 683/1/1129 685/1/1126
f 1589/1/1515 1590/1/1516 686/1/1128
f 1590/1/1516 685/1/1126 623/1/1101
f 1587/1/1514 624/1/1103 686/1/1128
f 1591/1/1517 485/1/315 495/1/313
f 1591/1/1517 1592/1/1518 496/1/311
f 1593/1/1519 1592/1/1518 495/1/313
f 1592/1/1518 1593/1/1519 488/1/1365
f 1594/1/1520 1593/1/1519 487/1/1366
f 1594/1/1520 474/1/786 488/1/1365
f 1594/1/1520 473/1/787 485/1/315
f 1591/1/1517 486/1/314 474/1/786
f 1596/1/1521 1595/1/1522 477/1/1501
f 1595/1/1522 1596/1/1521 562/1/581
f 1596/1/1521 561/1/579 559/1/1285
f 1596/1/1521 1597/1/1523 560/1/1290
f 1598/1/1524 1597/1/1523 559/1/1285
f 1597/1/1523 1598/1/1524 554/1/1525
f 1595/1/1522 1598/1/1524 553/1/1526
f 1595/1/1522 478/1/1502 554/1/1525
f 1600/1/1527 1599/1/1528 621/1/1142
f 1599/1/1528 1600/1/1527 638/1/1196
f 1601/1/1529 1600/1/1527 637/1/1198
f 1601/1/1529 630/1/1241 638/1/1196
f 1601/1/1529 629/1/1239 625/1/1143
f 1602/1/1530 626/1/1145 630/1/1241
f 1602/1/1530 625/1/1143 621/1/1142
f 1602/1/1530 1599/1/1528 622/1/1146
f 1603/1/1531 567/1/578 569/1/1273
f 1603/1/1531 1604/1/1532 570/1/1282
f 1604/1/1532 569/1/1273 559/1/1285
f 1605/1/1533 560/1/1290 570/1/1282
f 1606/1/1534 1605/1/1533 559/1/1285
f 1606/1/1534 562/1/581 560/1/1290
f 1603/1/1531 1606/1/1534 561/1/579
f 1606/1/1534 1603/1/1531 568/1/577
f 1608/1/1535 1607/1/1536 477/1/1501
f 1607/1/1536 1608/1/1535 554/1/1525
f 1608/1/1535 553/1/1526 497/1/1506
f 1609/1/1537 498/1/1510 554/1/1525
f 1609/1/1537 497/1/1506 483/1/781
f 1610/1/1538 484/1/788 498/1/1510
f 1610/1/1538 483/1/781 477/1/1501
f 1610/1/1538 1607/1/1536 478/1/1502
f 1611/1/1539 561/1/579 477/1/1501
f 1612/1/1540 478/1/1502 562/1/581
f 1612/1/1540 477/1/1501 475/1/1326
f 1612/1/1540 1613/1/1541 476/1/1325
f 1613/1/1541 475/1/1326 479/1/573
f 1614/1/1542 480/1/582 476/1/1325
f 1614/1/1542 479/1/573 561/1/579
f 1611/1/1539 562/1/581 480/1/582
f 1615/1/1543 605/1/1104 623/1/1101
f 1615/1/1543 1616/1/1544 624/1/1103
f 1616/1/1544 623/1/1101 615/1/1167
f 1617/1/1545 616/1/1174 624/1/1103
f 1618/1/1546 1617/1/1545 615/1/1167
f 1618/1/1546 614/1/1113 616/1/1174
f 1618/1/1546 613/1/1115 605/1/1104
f 1615/1/1543 606/1/1106 614/1/1113
f 1619/1/1547 499/1/306 485/1/315
f 1620/1/1548 486/1/314 500/1/316
f 1621/1/1549 1620/1/1548 485/1/315
f 1621/1/1549 490/1/782 486/1/314
f 1622/1/1550 1621/1/1549 489/1/784
f 1621/1/1549 1622/1/1550 494/1/1551
f 1622/1/1550 493/1/1552 499/1/306
f 1622/1/1550 1619/1/1547 500/1/316
f 1624/1/1553 1623/1/1554 491/1/1507
f 1623/1/1554 1624/1/1553 522/1/1555
f 1625/1/1556 1624/1/1553 521/1/1557
f 1625/1/1556 494/1/1551 522/1/1555
f 1625/1/1556 493/1/1552 489/1/784
f 1626/1/1558 490/1/782 494/1/1551
f 1626/1/1558 489/1/784 491/1/1507
f 1626/1/1558 1623/1/1554 492/1/1509
f 1628/1/1559 1627/1/1560 529/1/1377
f 1628/1/1559 492/1/1509 530/1/1386
f 1629/1/1561 1628/1/1559 491/1/1507
f 1628/1/1559 1629/1/1561 498/1/1510
f 1629/1/1561 497/1/1506 547/1/1379
f 1629/1/1561 1630/1/1562 548/1/1378
f 1630/1/1562 547/1/1379 529/1/1377
f 1627/1/1560 530/1/1386 548/1/1378
f 1632/1/1563 1631/1/1564 689/1/1410
f 1632/1/1563 616/1/1174 690/1/1412
f 1633/1/1565 1632/1/1563 615/1/1167
f 1632/1/1563 1633/1/1565 624/1/1103
f 1633/1/1565 623/1/1101 685/1/1126
f 1633/1/1565 1634/1/1566 686/1/1128
f 1634/1/1566 685/1/1126 689/1/1410
f 1631/1/1564 690/1/1412 686/1/1128
f 1635/1/1567 597/1/1319 593/1/1251
f 1636/1/1568 594/1/1253 598/1/1321
f 1637/1/1569 1636/1/1568 593/1/1251
f 1637/1/1569 592/1/574 594/1/1253
f 1638/1/1570 1637/1/1569 591/1/576
f 1638/1/1570 480/1/582 592/1/574
f 1638/1/1570 479/1/573 597/1/1319
f 1638/1/1570 1635/1/1567 598/1/1321
f 1640/1/1571 1639/1/1572 493/1/1552
f 1639/1/1572 1640/1/1571 514/1/1573
f 1640/1/1571 513/1/1574 509/1/1575
f 1641/1/1576 510/1/1577 514/1/1573
f 1641/1/1576 509/1/1575 499/1/306
f 1642/1/1578 500/1/316 510/1/1577
f 1642/1/1578 499/1/306 493/1/1552
f 1639/1/1572 494/1/1551 500/1/316
f 1644/1/1579 1643/1/1580 493/1/1552
f 1643/1/1580 1644/1/1579 522/1/1555
f 1645/1/1581 1644/1/1579 521/1/1557
f 1644/1/1579 1645/1/1581 518/1/1582
f 1645/1/1581 517/1/1583 513/1/1574
f 1646/1/1584 514/1/1573 518/1/1582
f 1646/1/1584 513/1/1574 493/1/1552
f 1643/1/1580 494/1/1551 514/1/1573
f 1647/1/1585 509/1/1575 511/1/1586
f 1648/1/1587 512/1/1588 510/1/1577
f 1649/1/1589 1648/1/1587 511/1/1586
f 1649/1/1589 508/1/309 512/1/1588
f 1649/1/1589 507/1/307 499/1/306
f 1650/1/1590 500/1/316 508/1/309
f 1650/1/1590 499/1/306 509/1/1575
f 1647/1/1585 510/1/1577 500/1/316
f 1652/1/1591 1651/1/1592 515/1/1593
f 1651/1/1592 1652/1/1591 506/1/1594
f 1653/1/1595 1652/1/1591 505/1/1596
f 1652/1/1591 1653/1/1595 508/1/309
f 1654/1/1597 1653/1/1595 507/1/307
f 1654/1/1597 512/1/1588 508/1/309
f 1651/1/1592 1654/1/1597 511/1/1586
f 1654/1/1597 1651/1/1592 516/1/1598
f 1656/1/1599 1655/1/1600 521/1/1557
f 1656/1/1599 528/1/1601 522/1/1555
f 1656/1/1599 527/1/1602 523/1/1603
f 1656/1/1599 1657/1/1604 524/1/1605
f 1657/1/1604 523/1/1603 517/1/1583
f 1658/1/1606 518/1/1582 524/1/1605
f 1658/1/1606 517/1/1583 521/1/1557
f 1655/1/1600 522/1/1555 518/1/1582
f 1659/1/1607 495/1/313 507/1/307
f 1659/1/1607 1660/1/1608 508/1/309
f 1660/1/1608 507/1/307 505/1/1596
f 1660/1/1608 1661/1/1609 506/1/1594
f 1662/1/1610 1661/1/1609 505/1/1596
f 1661/1/1609 1662/1/1610 502/1/1400
f 1659/1/1607 1662/1/1610 501/1/1398
f 1659/1/1607 496/1/311 502/1/1400
f 1664/1/1611 1663/1/1612 519/1/1613
f 1663/1/1612 1664/1/1611 526/1/1614
f 1665/1/1615 1664/1/1611 525/1/1616
f 1664/1/1611 1665/1/1615 506/1/1594
f 1666/1/1617 1665/1/1615 505/1/1596
f 1666/1/1617 516/1/1598 506/1/1594
f 1663/1/1612 1666/1/1617 515/1/1593
f 1666/1/1617 1663/1/1612 520/1/1618
f 1667/1/1619 491/1/1507 529/1/1377
f 1667/1/1619 1668/1/1620 530/1/1386
f 1669/1/1621 1668/1/1620 529/1/1377
f 1669/1/1621 528/1/1601 530/1/1386
f 1670/1/1622 1669/1/1621 527/1/1602
f 1670/1/1622 522/1/1555 528/1/1601
f 1670/1/1622 521/1/1557 491/1/1507
f 1667/1/1619 492/1/1509 522/1/1555
f 1671/1/1623 531/1/1624 533/1/1625
f 1672/1/1626 534/1/1627 532/1/1628
f 1673/1/1629 1672/1/1626 533/1/1625
f 1672/1/1626 1673/1/1629 524/1/1605
f 1673/1/1629 523/1/1603 527/1/1602
f 1673/1/1629 1674/1/1630 528/1/1601
f 1674/1/1630 527/1/1602 531/1/1624
f 1671/1/1623 532/1/1628 528/1/1601
f 1676/1/1631 1675/1/1632 519/1/1613
f 1675/1/1632 1676/1/1631 534/1/1627
f 1677/1/1633 1676/1/1631 533/1/1625
f 1676/1/1631 1677/1/1633 532/1/1628
f 1677/1/1633 531/1/1624 525/1/1616
f 1678/1/1634 526/1/1614 532/1/1628
f 1675/1/1632 1678/1/1634 525/1/1616
f 1675/1/1632 520/1/1618 526/1/1614
f 1680/1/1635 1679/1/1636 535/1/1392
f 1680/1/1635 502/1/1400 536/1/1396
f 1680/1/1635 501/1/1398 505/1/1596
f 1681/1/1637 506/1/1594 502/1/1400
f 1681/1/1637 505/1/1596 525/1/1616
f 1681/1/1637 1682/1/1638 526/1/1614
f 1679/1/1636 1682/1/1638 525/1/1616
f 1682/1/1638 1679/1/1636 536/1/1396
f 1684/1/1639 1683/1/1640 531/1/1624
f 1683/1/1640 1684/1/1639 538/1/1384
f 1684/1/1639 537/1/1385 535/1/1392
f 1684/1/1639 1685/1/1641 536/1/1396
f 1685/1/1641 535/1/1392 525/1/1616
f 1686/1/1642 526/1/1614 536/1/1396
f 1683/1/1640 1686/1/1642 525/1/1616
f 1683/1/1640 532/1/1628 526/1/1614
f 1688/1/1643 1687/1/1644 527/1/1602
f 1688/1/1643 530/1/1386 528/1/1601
f 1688/1/1643 529/1/1377 537/1/1385
f 1688/1/1643 1689/1/1645 538/1/1384
f 1689/1/1645 537/1/1385 531/1/1624
f 1690/1/1646 532/1/1628 538/1/1384
f 1687/1/1644 1690/1/1646 531/1/1624
f 1687/1/1644 528/1/1601 532/1/1628
f 1691/1/1647 501/1/1398 503/1/1359
f 1692/1/1648 504/1/1361 502/1/1400
f 1693/1/1649 1692/1/1648 503/1/1359
f 1693/1/1649 488/1/1365 504/1/1361
f 1693/1/1649 487/1/1366 495/1/313
f 1694/1/1650 496/1/311 488/1/1365
f 1694/1/1650 495/1/313 501/1/1398
f 1694/1/1650 1691/1/1647 502/1/1400
f 1696/1/1651 1695/1/1652 691/1/1427
f 1695/1/1652 1696/1/1651 694/1/1492
f 1697/1/1653 1696/1/1651 693/1/1490
f 1697/1/1653 688/1/1124 694/1/1492
f 1697/1/1653 687/1/1125 679/1/1188
f 1697/1/1653 1698/1/1654 680/1/1186
f 1695/1/1652 1698/1/1654 679/1/1188
f 1698/1/1654 1695/1/1652 692/1/1429
f 1700/1/1655 1699/1/1656 747/1/728
f 1700/1/1655 746/1/346 748/1/730
f 1700/1/1655 745/1/347 463/1/1083
f 1701/1/1657 464/1/1086 746/1/346
f 1702/1/1658 1701/1/1657 463/1/1083
f 1702/1/1658 460/1/1049 464/1/1086
f 1699/1/1656 1702/1/1658 459/1/1050
f 1702/1/1658 1699/1/1656 748/1/730
f 1703/1/1659 539/1/1380 541/1/1393
f 1703/1/1659 1704/1/1660 542/1/1395
f 1705/1/1661 1704/1/1660 541/1/1393
f 1704/1/1660 1705/1/1661 536/1/1396
f 1706/1/1662 1705/1/1661 535/1/1392
f 1705/1/1661 1706/1/1662 538/1/1384
f 1703/1/1659 1706/1/1662 537/1/1385
f 1703/1/1659 540/1/1382 538/1/1384
f 1708/1/1663 1707/1/1664 687/1/1125
f 1707/1/1664 1708/1/1663 694/1/1492
f 1709/1/1665 1708/1/1663 693/1/1490
f 1709/1/1665 690/1/1412 694/1/1492
f 1710/1/1666 1709/1/1665 689/1/1410
f 1709/1/1665 1710/1/1666 686/1/1128
f 1710/1/1666 685/1/1126 687/1/1125
f 1710/1/1666 1707/1/1664 688/1/1124
f 1711/1/1667 543/1/1668 545/1/1362
f 1711/1/1667 1712/1/1669 546/1/1360
f 1713/1/1670 1712/1/1669 545/1/1362
f 1712/1/1669 1713/1/1670 504/1/1361
f 1714/1/1671 1713/1/1670 503/1/1359
f 1714/1/1671 542/1/1395 504/1/1361
f 1711/1/1667 1714/1/1671 541/1/1393
f 1714/1/1671 1711/1/1667 544/1/1672
f 1716/1/1673 1715/1/1674 539/1/1380
f 1715/1/1674 1716/1/1673 552/1/1675
f 1716/1/1673 551/1/1676 543/1/1668
f 1717/1/1677 544/1/1672 552/1/1675
f 1718/1/1678 1717/1/1677 543/1/1668
f 1718/1/1678 542/1/1395 544/1/1672
f 1715/1/1674 1718/1/1678 541/1/1393
f 1718/1/1678 1715/1/1674 540/1/1382
f 1720/1/1679 1719/1/1680 497/1/1506
f 1719/1/1680 1720/1/1679 554/1/1525
f 1721/1/1681 1720/1/1679 553/1/1526
f 1720/1/1679 1721/1/1681 550/1/1682
f 1722/1/1683 1721/1/1681 549/1/1684
f 1721/1/1681 1722/1/1683 548/1/1378
f 1722/1/1683 547/1/1379 497/1/1506
f 1719/1/1680 498/1/1510 548/1/1378
f 1724/1/1685 1723/1/1686 549/1/1684
f 1723/1/1686 1724/1/1685 552/1/1675
f 1724/1/1685 551/1/1676 539/1/1380
f 1724/1/1685 1725/1/1687 540/1/1382
f 1725/1/1687 539/1/1380 547/1/1379
f 1726/1/1688 548/1/1378 540/1/1382
f 1723/1/1686 1726/1/1688 547/1/1379
f 1723/1/1686 550/1/1682 548/1/1378
f 1727/1/1689 553/1/1526 559/1/1285
f 1728/1/1690 560/1/1290 554/1/1525
f 1728/1/1690 559/1/1285 555/1/1287
f 1728/1/1690 1729/1/1691 556/1/1289
f 1730/1/1692 1729/1/1691 555/1/1287
f 1729/1/1691 1730/1/1692 550/1/1682
f 1727/1/1689 1730/1/1692 549/1/1684
f 1727/1/1689 554/1/1525 550/1/1682
f 1731/1/1693 555/1/1287 563/1/1694
f 1731/1/1693 1732/1/1695 564/1/1696
f 1732/1/1695 563/1/1694 551/1/1676
f 1733/1/1697 552/1/1675 564/1/1696
f 1734/1/1698 1733/1/1697 551/1/1676
f 1734/1/1698 550/1/1682 552/1/1675
f 1734/1/1698 549/1/1684 555/1/1287
f 1731/1/1693 556/1/1289 550/1/1682
f 1735/1/1699 551/1/1676 563/1/1694
f 1735/1/1699 1736/1/1700 564/1/1696
f 1736/1/1700 563/1/1694 557/1/1313
f 1737/1/1701 558/1/1315 564/1/1696
f 1737/1/1701 557/1/1313 543/1/1668
f 1738/1/1702 544/1/1672 558/1/1315
f 1735/1/1699 1738/1/1702 543/1/1668
f 1735/1/1699 552/1/1675 544/1/1672
f 1740/1/1703 1739/1/1704 557/1/1313
f 1739/1/1704 1740/1/1703 600/1/1311
f 1741/1/1705 1740/1/1703 599/1/1312
f 1741/1/1705 546/1/1360 600/1/1311
f 1741/1/1705 545/1/1362 543/1/1668
f 1741/1/1705 1742/1/1706 544/1/1672
f 1739/1/1704 1742/1/1706 543/1/1668
f 1742/1/1706 1739/1/1704 558/1/1315
f 1744/1/1707 1743/1/1708 715/1/1467
f 1743/1/1708 1744/1/1707 728/1/1202
f 1745/1/1709 1744/1/1707 727/1/1200
f 1745/1/1709 726/1/1136 728/1/1202
f 1745/1/1709 725/1/1134 721/1/1226
f 1745/1/1709 1746/1/1710 722/1/1224
f 1746/1/1710 721/1/1226 715/1/1467
f 1746/1/1710 1743/1/1708 716/1/1469
f 1748/1/1711 1747/1/1712 571/1/1298
f 1747/1/1712 1748/1/1711 564/1/1696
f 1749/1/1713 1748/1/1711 563/1/1694
f 1749/1/1713 556/1/1289 564/1/1696
f 1749/1/1713 555/1/1287 565/1/1281
f 1749/1/1713 1750/1/1714 566/1/1280
f 1750/1/1714 565/1/1281 571/1/1298
f 1750/1/1714 1747/1/1712 572/1/1296
f 1752/1/1715 1751/1/1716 585/1/1268
f 1751/1/1716 1752/1/1715 558/1/1315
f 1753/1/1717 1752/1/1715 557/1/1313
f 1753/1/1717 564/1/1696 558/1/1315
f 1753/1/1717 563/1/1694 571/1/1298
f 1754/1/1718 572/1/1296 564/1/1696
f 1754/1/1718 571/1/1298 585/1/1268
f 1754/1/1718 1751/1/1716 586/1/1270
f 1756/1/1719 1755/1/1720 609/1/1140
f 1756/1/1719 632/1/1156 610/1/1138
f 1756/1/1719 631/1/1152 603/1/1148
f 1757/1/1721 604/1/1150 632/1/1156
f 1758/1/1722 1757/1/1721 603/1/1148
f 1757/1/1721 1758/1/1722 602/1/1119
f 1755/1/1720 1758/1/1722 601/1/1120
f 1758/1/1722 1755/1/1720 610/1/1138
f 1759/1/1723 645/1/1192 655/1/156
f 1760/1/1724 656/1/160 646/1/1194
f 1760/1/1724 655/1/156 649/1/164
f 1761/1/1725 650/1/166 656/1/160
f 1761/1/1725 649/1/164 647/1/1726
f 1762/1/1727 648/1/1728 650/1/166
f 1762/1/1727 647/1/1726 645/1/1192
f 1762/1/1727 1759/1/1723 646/1/1194
f 1763/1/1729 603/1/1148 611/1/1109
f 1764/1/1730 612/1/1108 604/1/1150
f 1765/1/1731 1764/1/1730 611/1/1109
f 1764/1/1730 1765/1/1731 606/1/1106
f 1766/1/1732 1765/1/1731 605/1/1104
f 1765/1/1731 1766/1/1732 602/1/1119
f 1763/1/1729 1766/1/1732 601/1/1120
f 1766/1/1732 1763/1/1729 604/1/1150
f 1767/1/1733 641/1/1244 629/1/1239
f 1768/1/1734 630/1/1241 642/1/1243
f 1769/1/1735 1768/1/1734 629/1/1239
f 1768/1/1734 1769/1/1735 638/1/1196
f 1770/1/1736 1769/1/1735 637/1/1198
f 1769/1/1735 1770/1/1736 640/1/1737
f 1767/1/1733 1770/1/1736 639/1/1738
f 1770/1/1736 1767/1/1733 642/1/1243
f 1772/1/1739 1771/1/1740 567/1/578
f 1771/1/1740 1772/1/1739 592/1/574
f 1773/1/1741 1772/1/1739 591/1/576
f 1772/1/1739 1773/1/1741 584/1/1742
f 1774/1/1743 1773/1/1741 583/1/1744
f 1773/1/1741 1774/1/1743 580/1/1461
f 1774/1/1743 579/1/1463 567/1/578
f 1771/1/1740 568/1/577 580/1/1461
f 1775/1/1745 663/1/1218 665/1/1347
f 1776/1/1746 666/1/1352 664/1/1220
f 1776/1/1746 665/1/1347 657/1/161
f 1777/1/1747 658/1/163 666/1/1352
f 1777/1/1747 657/1/161 661/1/157
f 1777/1/1747 1778/1/1748 662/1/159
f 1775/1/1745 1778/1/1748 661/1/157
f 1778/1/1748 1775/1/1745 664/1/1220
f 1779/1/1749 691/1/1427 713/1/1452
f 1780/1/1750 714/1/1454 692/1/1429
f 1781/1/1751 1780/1/1750 713/1/1452
f 1781/1/1751 700/1/1444 714/1/1454
f 1782/1/1752 1781/1/1751 699/1/1440
f 1781/1/1751 1782/1/1752 694/1/1492
f 1782/1/1752 693/1/1490 691/1/1427
f 1782/1/1752 1779/1/1749 692/1/1429
f 1783/1/1753 593/1/1251 595/1/1247
f 1783/1/1753 1784/1/1754 596/1/1249
f 1785/1/1755 1784/1/1754 595/1/1247
f 1784/1/1754 1785/1/1755 584/1/1742
f 1786/1/1756 1785/1/1755 583/1/1744
f 1785/1/1755 1786/1/1756 592/1/574
f 1783/1/1753 1786/1/1756 591/1/576
f 1786/1/1756 1783/1/1753 594/1/1253
f 1787/1/1757 645/1/1192 647/1/1726
f 1787/1/1757 1788/1/1758 648/1/1728
f 1789/1/1759 1788/1/1758 647/1/1726
f 1788/1/1758 1789/1/1759 640/1/1737
f 1790/1/1760 1789/1/1759 639/1/1738
f 1789/1/1759 1790/1/1760 638/1/1196
f 1787/1/1757 1790/1/1760 637/1/1198
f 1790/1/1760 1787/1/1757 646/1/1194
f 1791/1/1761 659/1/1215 635/1/1214
f 1791/1/1761 1792/1/1762 636/1/1212
f 1793/1/1763 1792/1/1762 635/1/1214
f 1793/1/1763 628/1/1164 636/1/1212
f 1794/1/1764 1793/1/1763 627/1/1161
f 1793/1/1763 1794/1/1764 652/1/1237
f 1794/1/1764 651/1/1235 659/1/1215
f 1794/1/1764 1791/1/1761 660/1/1217
f 1795/1/1765 597/1/1319 599/1/1312
f 1795/1/1765 1796/1/1766 600/1/1311
f 1796/1/1766 599/1/1312 587/1/1254
f 1797/1/1767 588/1/1256 600/1/1311
f 1798/1/1768 1797/1/1767 587/1/1254
f 1798/1/1768 594/1/1253 588/1/1256
f 1795/1/1765 1798/1/1768 593/1/1251
f 1795/1/1765 598/1/1321 594/1/1253
f 1800/1/1769 1799/1/1770 545/1/1362
f 1799/1/1770 1800/1/1769 600/1/1311
f 1801/1/1771 1800/1/1769 599/1/1312
f 1801/1/1771 598/1/1321 600/1/1311
f 1802/1/1772 1801/1/1771 597/1/1319
f 1801/1/1771 1802/1/1772 482/1/1322
f 1802/1/1772 481/1/1318 545/1/1362
f 1802/1/1772 1799/1/1770 546/1/1360
f 1804/1/1773 1803/1/1774 461/1/1067
f 1803/1/1774 1804/1/1773 466/1/1077
f 1805/1/1775 1804/1/1773 465/1/1075
f 1804/1/1773 1805/1/1775 62/1/139
f 1806/1/1776 1805/1/1775 61/1/137
f 1805/1/1775 1806/1/1776 52/1/1068
f 1806/1/1776 51/1/1063 461/1/1067
f 1803/1/1774 462/1/1066 52/1/1068
f 1808/1/1777 1807/1/1778 289/1/842
f 1807/1/1778 1808/1/1777 298/1/798
f 1809/1/1779 1808/1/1777 297/1/799
f 1808/1/1777 1809/1/1779 294/1/795
f 1810/1/1780 1809/1/1779 293/1/797
f 1809/1/1779 1810/1/1780 286/1/845
f 1810/1/1780 285/1/843 289/1/842
f 1807/1/1778 290/1/840 286/1/845
f 1811/1/1781 389/1/897 393/1/911
f 1811/1/1781 1812/1/1782 394/1/913
f 1813/1/1783 1812/1/1782 393/1/911
f 1812/1/1782 1813/1/1783 424/1/1015
f 1813/1/1783 423/1/1016 427/1/1014
f 1813/1/1783 1814/1/1784 428/1/1012
f 1814/1/1784 427/1/1014 389/1/897
f 1811/1/1781 390/1/914 428/1/1012
f 1816/1/1785 1815/1/1786 375/1/929
f 1815/1/1786 1816/1/1785 444/1/887
f 1817/1/1787 1816/1/1785 443/1/888
f 1816/1/1785 1817/1/1787 440/1/84
f 1817/1/1787 439/1/86 379/1/83
f 1818/1/1788 380/1/92 440/1/84
f 1815/1/1786 1818/1/1788 379/1/83
f 1818/1/1788 1815/1/1786 376/1/931
f 1820/1/1789 1819/1/1790 417/1/1017
f 1820/1/1789 424/1/1015 418/1/1019
f 1820/1/1789 423/1/1016 393/1/911
f 1821/1/1791 394/1/913 424/1/1015
f 1822/1/1792 1821/1/1791 393/1/911
f 1821/1/1791 1822/1/1792 398/1/910
f 1822/1/1792 397/1/908 417/1/1017
f 1822/1/1792 1819/1/1790 418/1/1019
f 1824/1/1793 1823/1/1794 369/1/926
f 1824/1/1793 366/1/106 370/1/928
f 1824/1/1793 365/1/104 451/1/103
f 1824/1/1793 1825/1/1795 452/1/102
f 1826/1/1796 1825/1/1795 451/1/103
f 1826/1/1796 446/1/891 452/1/102
f 1826/1/1796 445/1/889 369/1/926
f 1826/1/1796 1823/1/1794 370/1/928
f 1827/1/1797 749/1/348 247/1/400
f 1827/1/1797 1828/1/1798 248/1/405
f 1829/1/1799 1828/1/1798 247/1/400
f 1828/1/1798 1829/1/1799 244/1/64
f 1830/1/1800 1829/1/1799 243/1/66
f 1830/1/1800 754/1/65 244/1/64
f 1830/1/1800 753/1/63 749/1/348
f 1830/1/1800 1827/1/1797 750/1/350
f 1832/1/1801 1831/1/1802 429/1/1008
f 1832/1/1801 386/1/898 430/1/1010
f 1832/1/1801 385/1/900 389/1/897
f 1833/1/1803 390/1/914 386/1/898
f 1834/1/1804 1833/1/1803 389/1/897
f 1833/1/1803 1834/1/1804 428/1/1012
f 1834/1/1804 427/1/1014 429/1/1008
f 1834/1/1804 1831/1/1802 430/1/1010
f 1836/1/1805 1835/1/1806 279/1/519
f 1836/1/1805 448/1/29 280/1/518
f 1836/1/1805 447/1/27 441/1/24
f 1836/1/1805 1837/1/1807 442/1/26
f 1838/1/1808 1837/1/1807 441/1/24
f 1838/1/1808 272/1/522 442/1/26
f 1838/1/1808 271/1/520 279/1/519
f 1838/1/1808 1835/1/1806 280/1/518
f 1840/1/1809 1839/1/1810 385/1/900
f 1840/1/1809 430/1/1010 386/1/898
f 1840/1/1809 429/1/1008 435/1/20
f 1840/1/1809 1841/1/1811 436/1/19
f 1842/1/1812 1841/1/1811 435/1/20
f 1842/1/1812 382/1/16 436/1/19
f 1842/1/1812 381/1/18 385/1/900
f 1842/1/1812 1839/1/1810 386/1/898
f 1844/1/1813 1843/1/1070 101/1/283
f 1843/1/1070 1844/1/1813 104/1/409
f 1845/1/1071 1844/1/1813 103/1/411
f 1844/1/1813 1845/1/1071 110/1/1814
f 1845/1/1071 109/1/1815 735/1/286
f 1845/1/1071 1846/1/1816 736/1/288
f 1846/1/1816 735/1/286 101/1/283
f 1843/1/1070 102/1/285 736/1/288
f 1848/1/1817 1847/1/1818 39/1/647
f 1847/1/1818 1848/1/1817 26/1/122
f 1848/1/1817 25/1/121 29/1/128
f 1849/1/1819 30/1/127 26/1/122
f 1849/1/1819 29/1/128 31/1/709
f 1850/1/1820 32/1/711 30/1/127
f 1847/1/1818 1850/1/1820 31/1/709
f 1850/1/1820 1847/1/1818 40/1/646
f 1852/1/1821 1851/1/1822 309/1/739
f 1852/1/1821 314/1/734 310/1/738
f 1852/1/1821 313/1/737 305/1/794
f 1852/1/1821 1853/1/1823 306/1/792
f 1854/1/1824 1853/1/1823 305/1/794
f 1854/1/1824 302/1/800 306/1/792
f 1854/1/1824 301/1/791 309/1/739
f 1854/1/1824 1851/1/1822 310/1/738
f 1856/1/1825 1855/1/1826 375/1/929
f 1855/1/1826 1856/1/1825 370/1/928
f 1856/1/1825 369/1/926 445/1/889
f 1856/1/1825 1857/1/1827 446/1/891
f 1858/1/1828 1857/1/1827 445/1/889
f 1858/1/1828 444/1/887 446/1/891
f 1858/1/1828 443/1/888 375/1/929
f 1855/1/1826 376/1/931 444/1/887
f 1860/1/1829 1859/1/252 79/1/360
f 1859/1/252 1860/1/1829 78/1/254
f 1860/1/1829 77/1/357 73/1/257
f 1861/1/258 74/1/259 78/1/254
f 1862/1/260 1861/1/258 73/1/257
f 1861/1/258 1862/1/260 76/1/1830
f 1859/1/252 1862/1/260 75/1/1831
f 1862/1/260 1859/1/252 80/1/255
f 1864/1/1832 1863/1/1833 413/1/208
f 1864/1/1832 418/1/1019 414/1/207
f 1864/1/1832 417/1/1017 397/1/908
f 1864/1/1832 1865/1/1834 398/1/910
f 1866/1/1835 1865/1/1834 397/1/908
f 1866/1/1835 404/1/211 398/1/910
f 1866/1/1835 403/1/209 413/1/208
f 1866/1/1835 1863/1/1833 414/1/207
f 1868/1/1836 1867/1/1837 227/1/319
f 1868/1/1836 226/1/323 228/1/324
f 1869/1/1838 1868/1/1836 225/1/321
f 1869/1/1838 224/1/458 226/1/323
f 1870/1/1839 1869/1/1838 223/1/460
f 1870/1/1839 222/1/459 224/1/458
f 1870/1/1839 221/1/457 467/1/1078
f 1870/1/1839 1871/1/1840 468/1/1080
f 1872/1/1841 1871/1/1840 467/1/1078
f 1872/1/1841 466/1/1077 468/1/1080
f 1873/1/1842 1872/1/1841 465/1/1075
f 1872/1/1841 1873/1/1842 462/1/1066
f 1873/1/1842 461/1/1067 457/1/1043
f 1873/1/1842 1874/1/1843 458/1/1041
f 1875/1/1844 1874/1/1843 457/1/1043
f 1875/1/1844 174/1/975 458/1/1041
f 1875/1/1844 173/1/973 175/1/660
f 1875/1/1844 1876/1/1845 176/1/662
f 1876/1/1845 175/1/660 233/1/657
f 1876/1/1845 1877/1/1846 234/1/659
f 1877/1/1846 233/1/657 229/1/712
f 1877/1/1846 1878/1/1847 230/1/714
f 1867/1/1837 1878/1/1847 229/1/712
f 1878/1/1847 1867/1/1837 228/1/324
f 1880/1/239 1879/1/1848 735/1/286
f 1879/1/1848 1880/1/239 110/1/1814
f 1881/1/1849 1880/1/239 109/1/1815
f 1881/1/1849 112/1/230 110/1/1814
f 1882/1/1850 1881/1/1849 111/1/232
f 1881/1/1849 1882/1/1850 734/1/238
f 1882/1/1850 733/1/229 735/1/286
f 1882/1/1850 1879/1/1848 736/1/288
f 1884/1/406 1883/1/1851 111/1/232
f 1884/1/406 110/1/1814 112/1/230
f 1885/1/1852 1884/1/406 109/1/1815
f 1885/1/1852 104/1/409 110/1/1814
f 1886/1/410 1885/1/1852 103/1/411
f 1886/1/410 100/1/442 104/1/409
f 1886/1/410 99/1/413 105/1/1853
f 1886/1/410 1887/1/1854 106/1/416
f 1888/1/1855 1887/1/1854 105/1/1853
f 1888/1/1855 108/1/1856 106/1/416
f 1888/1/1855 107/1/1857 113/1/1858
f 1888/1/1855 1889/1/1859 114/1/1860
f 1889/1/1859 113/1/1858 119/1/1861
f 1889/1/1859 1890/1/1862 120/1/1863
f 1891/1/1864 1890/1/1862 119/1/1861
f 1891/1/1864 90/1/259 120/1/1863
f 1891/1/1864 89/1/257 93/1/256
f 1891/1/1864 1892/1/1865 94/1/254
f 1892/1/1865 93/1/256 117/1/294
f 1892/1/1865 1893/1/1866 118/1/293
f 1893/1/1866 117/1/294 115/1/235
f 1893/1/1866 1894/1/430 116/1/233
f 1883/1/1851 1894/1/430 115/1/235
f 1894/1/430 1883/1/1851 112/1/230
f 1896/1/1867 1895/1/720 731/1/237
f 1895/1/720 1896/1/1867 116/1/233
f 1896/1/1867 115/1/235 117/1/294
f 1896/1/1867 1897/1/1868 118/1/293
f 1898/1/722 1897/1/1868 117/1/294
f 1897/1/1868 1898/1/722 730/1/266
f 1895/1/720 1898/1/722 729/1/265
f 1895/1/720 732/1/236 730/1/266
f 1900/1/1869 1899/1/1870 113/1/1858
f 1899/1/1870 1900/1/1869 740/1/272
f 1900/1/1869 739/1/274 737/1/268
f 1901/1/1871 738/1/270 740/1/272
f 1902/1/1872 1901/1/1871 737/1/268
f 1901/1/1871 1902/1/1872 120/1/1863
f 1899/1/1870 1902/1/1872 119/1/1861
f 1902/1/1872 1899/1/1870 114/1/1860
f 1904/1/827 1903/1/1873 107/1/1857
f 1903/1/1873 1904/1/827 742/1/275
f 1905/1/1874 1904/1/827 741/1/276
f 1904/1/827 1905/1/1874 740/1/272
f 1906/1/1875 1905/1/1874 739/1/274
f 1906/1/1875 114/1/1860 740/1/272
f 1903/1/1873 1906/1/1875 113/1/1858
f 1906/1/1875 1903/1/1873 108/1/1856
f 1908/1/1876 1907/1/1877 9/1/631
f 1907/1/1877 1908/1/1876 2/1/1878
f 1909/1/1879 1908/1/1876 1/1/1880
f 1908/1/1876 1909/1/1879 50/1/1881
f 1910/1/1882 1909/1/1879 49/1/1883
f 1910/1/1882 54/1/834 50/1/1881
f 1910/1/1882 53/1/835 9/1/631
f 1907/1/1877 10/1/630 54/1/834
f 1912/1/1884 1911/1/1885 99/1/413
f 1911/1/1885 1912/1/1884 98/1/281
f 1913/1/1886 1912/1/1884 97/1/282
f 1912/1/1884 1913/1/1886 744/1/279
f 1914/1/1887 1913/1/1886 743/1/277
f 1913/1/1886 1914/1/1887 106/1/416
f 1914/1/1887 105/1/1853 99/1/413
f 1911/1/1885 100/1/442 106/1/416
f 1916/1/1888 1915/1/1889 57/1/364
f 1915/1/1889 1916/1/1888 50/1/1881
f 1916/1/1888 49/1/1883 1/1/1880
f 1917/1/1890 2/1/1878 50/1/1881
f 1917/1/1890 1/1/1880 7/1/368
f 1918/1/1891 8/1/365 2/1/1878
f 1915/1/1889 1918/1/1891 7/1/368
f 1918/1/1891 1915/1/1889 58/1/366
f 1920/1/697 1919/1/1892 105/1/1853
f 1919/1/1892 1920/1/697 744/1/279
f 1921/1/1893 1920/1/697 743/1/277
f 1920/1/697 1921/1/1893 742/1/275
f 1922/1/1894 1921/1/1893 741/1/276
f 1921/1/1893 1922/1/1894 108/1/1856
f 1922/1/1894 107/1/1857 105/1/1853
f 1919/1/1892 106/1/416 108/1/1856
f 1924/1/1895 1923/1/1896 125/1/115
f 1923/1/1896 1924/1/1895 760/1/113
f 1924/1/1895 759/1/114 757/1/72
f 1925/1/1897 758/1/71 760/1/113
f 1925/1/1897 757/1/72 131/1/79
f 1926/1/1898 132/1/76 758/1/71
f 1923/1/1896 1926/1/1898 131/1/79
f 1926/1/1898 1923/1/1896 126/1/117
f 1927/1/1899 459/1/1050 463/1/1083
f 1928/1/1900 464/1/1086 460/1/1049
f 1928/1/1900 463/1/1083 189/1/540
f 1929/1/1901 190/1/539 464/1/1086
f 1929/1/1901 189/1/540 185/1/535
f 1930/1/1902 186/1/537 190/1/539
f 1927/1/1899 1930/1/1902 185/1/535
f 1930/1/1902 1927/1/1899 460/1/1049
f 1931/1/1903 251/1/403 237/1/678
f 1932/1/1904 238/1/676 252/1/401
f 1933/1/1905 1932/1/1904 237/1/678
f 1932/1/1904 1933/1/1905 236/1/171
f 1934/1/1906 1933/1/1905 235/1/169
f 1933/1/1905 1934/1/1906 246/1/172
f 1934/1/1906 245/1/168 251/1/403
f 1934/1/1906 1931/1/1903 252/1/401
f 1935/1/1907 241/1/178 249/1/67
f 1936/1/1908 250/1/69 242/1/177
f 1937/1/1909 1936/1/1908 249/1/67
f 1936/1/1908 1937/1/1909 244/1/64
f 1938/1/1910 1937/1/1909 243/1/66
f 1937/1/1909 1938/1/1910 246/1/172
f 1938/1/1910 245/1/168 241/1/178
f 1935/1/1907 242/1/177 246/1/172
f 1940/1/1911 1939/1/1912 141/1/386
f 1939/1/1912 1940/1/1911 752/1/726
f 1941/1/1913 1940/1/1911 751/1/724
f 1940/1/1911 1941/1/1913 748/1/730
f 1941/1/1913 747/1/728 137/1/389
f 1942/1/1914 138/1/391 748/1/730
f 1942/1/1914 137/1/389 141/1/386
f 1939/1/1912 142/1/388 138/1/391
f 1944/1/264 1943/1/1915 259/1/692
f 1944/1/264 258/1/361 260/1/694
f 1945/1/1916 1944/1/264 257/1/354
f 1945/1/1916 80/1/255 258/1/361
f 1946/1/1917 1945/1/1916 79/1/360
f 1946/1/1917 76/1/1830 80/1/255
f 1946/1/1917 75/1/1831 761/1/268
f 1946/1/1917 1947/1/269 762/1/1918
f 1948/1/1919 1947/1/269 761/1/268
f 1948/1/1919 764/1/829 762/1/1918
f 1949/1/1920 1948/1/1919 763/1/830
f 1949/1/1920 766/1/701 764/1/829
f 1949/1/1920 765/1/702 767/1/700
f 1949/1/1920 1950/1/278 768/1/698
f 1951/1/280 1950/1/278 767/1/700
f 1951/1/280 82/1/565 768/1/698
f 1951/1/280 81/1/563 85/1/562
f 1951/1/280 1952/1/1921 86/1/561
f 1952/1/1921 85/1/562 263/1/241
f 1952/1/1921 1953/1/287 264/1/250
f 1953/1/287 263/1/241 261/1/249
f 1953/1/287 1954/1/289 262/1/248
f 1943/1/1915 1954/1/289 261/1/249
f 1954/1/289 1943/1/1915 260/1/694
f 1956/1/1922 1955/1/1923 23/1/326
f 1955/1/1923 1956/1/1922 20/1/1924
f 1957/1/1925 1956/1/1922 19/1/1926
f 1956/1/1922 1957/1/1925 66/1/142
f 1957/1/1925 65/1/144 69/1/154
f 1958/1/1927 70/1/152 66/1/142
f 1958/1/1927 69/1/154 23/1/326
f 1955/1/1923 24/1/342 70/1/152
f 1959/1/1928 19/1/1926 15/1/624
f 1960/1/1929 16/1/632 20/1/1924
f 1961/1/1930 1960/1/1929 15/1/624
f 1960/1/1929 1961/1/1930 64/1/145
f 1961/1/1930 63/1/146 65/1/144
f 1961/1/1930 1962/1/1931 66/1/142
f 1962/1/1931 65/1/144 19/1/1926
f 1959/1/1928 20/1/1924 66/1/142
f 1964/1/1932 1963/1/1933 61/1/137
f 1963/1/1933 1964/1/1932 64/1/145
f 1965/1/1934 1964/1/1932 63/1/146
f 1964/1/1932 1965/1/1934 54/1/834
f 1965/1/1934 53/1/835 51/1/1063
f 1966/1/1935 52/1/1068 54/1/834
f 1963/1/1933 1966/1/1935 51/1/1063
f 1966/1/1935 1963/1/1933 62/1/139
f 1968/1/1936 1967/1/1937 169/1/449
f 1967/1/1937 1968/1/1936 166/1/587
f 1969/1/1938 1968/1/1936 165/1/585
f 1968/1/1936 1969/1/1938 162/1/593
f 1970/1/1939 1969/1/1938 161/1/594
f 1969/1/1938 1970/1/1939 164/1/453
f 1970/1/1939 163/1/454 169/1/449
f 1967/1/1937 170/1/451 164/1/453
f 1972/1/1940 1971/1/1941 159/1/423
f 1971/1/1941 1972/1/1940 154/1/422
f 1973/1/1942 1972/1/1940 153/1/420
f 1972/1/1940 1973/1/1942 764/1/829
f 1973/1/1942 763/1/830 761/1/268
f 1974/1/1871 762/1/1918 764/1/829
f 1971/1/1941 1974/1/1871 761/1/268
f 1974/1/1871 1971/1/1941 160/1/425
f 1975/1/1943 327/1/39 339/1/818
f 1975/1/1943 1976/1/1944 340/1/820
f 1976/1/1944 339/1/818 335/1/824
f 1977/1/1945 336/1/823 340/1/820
f 1978/1/1946 1977/1/1945 335/1/824
f 1977/1/1945 1978/1/1946 332/1/40
f 1975/1/1943 1978/1/1946 331/1/42
f 1978/1/1946 1975/1/1943 328/1/41
f 1979/1/1947 255/1/637 139/1/380
f 1980/1/1948 140/1/382 256/1/636
f 1980/1/1948 139/1/380 135/1/379
f 1981/1/1949 136/1/378 140/1/382
f 1982/1/1950 1981/1/1949 135/1/379
f 1981/1/1949 1982/1/1950 240/1/670
f 1979/1/1947 1982/1/1950 239/1/671
f 1982/1/1950 1979/1/1947 256/1/636
f 1984/1/1951 1983/1/1952 251/1/403
f 1984/1/1951 256/1/636 252/1/401
f 1984/1/1951 255/1/637 239/1/671
f 1985/1/1953 240/1/670 256/1/636
f 1986/1/1954 1985/1/1953 239/1/671
f 1986/1/1954 238/1/676 240/1/670
f 1983/1/1952 1986/1/1954 237/1/678
f 1986/1/1954 1983/1/1952 252/1/401
f 1987/1/1955 145/1/414 83/1/413
f 1988/1/1956 84/1/412 146/1/416
f 1989/1/1957 1988/1/1956 83/1/413
f 1989/1/1957 82/1/565 84/1/412
f 1990/1/1886 1989/1/1957 81/1/563
f 1989/1/1957 1990/1/1886 768/1/698
f 1987/1/1955 1990/1/1886 767/1/700
f 1990/1/1886 1987/1/1955 146/1/416
f 1991/1/1958 43/1/648 39/1/647
f 1991/1/1958 1992/1/1959 40/1/646
f 1992/1/1959 39/1/647 31/1/709
f 1993/1/1960 32/1/711 40/1/646
f 1993/1/1960 31/1/709 41/1/656
f 1993/1/1960 1994/1/1961 42/1/655
f 1991/1/1958 1994/1/1961 41/1/656
f 1994/1/1961 1991/1/1958 44/1/650
f 1996/1/1962 1995/1/1963 47/1/371
f 1995/1/1963 1996/1/1962 44/1/650
f 1996/1/1962 43/1/648 41/1/656
f 1997/1/1964 42/1/655 44/1/650
f 1997/1/1964 41/1/656 45/1/377
f 1998/1/1965 46/1/375 42/1/655
f 1995/1/1963 1998/1/1965 45/1/377
f 1998/1/1965 1995/1/1963 48/1/373
f 2000/1/1966 1999/1/1967 5/1/370
f 2000/1/1966 8/1/365 6/1/369
f 2001/1/1968 2000/1/1966 7/1/368
f 2000/1/1966 2001/1/1968 2/1/1878
f 2002/1/1969 2001/1/1968 1/1/1880
f 2002/1/1969 4/1/644 2/1/1878
f 2002/1/1969 3/1/642 5/1/370
f 1999/1/1967 6/1/369 4/1/644
f 2003/1/1970 751/1/724 253/1/638
f 2003/1/1970 2004/1/1971 254/1/640
f 2005/1/1972 2004/1/1971 253/1/638
f 2005/1/1972 248/1/405 254/1/640
f 2005/1/1972 247/1/400 749/1/348
f 2005/1/1972 2006/1/1973 750/1/350
f 2003/1/1970 2006/1/1973 749/1/348
f 2003/1/1970 752/1/726 750/1/350
f 2007/1/1974 761/1/268 75/1/1831
f 2008/1/1975 76/1/1830 762/1/1918
f 2009/1/1976 2008/1/1975 75/1/1831
f 2008/1/1975 2009/1/1976 74/1/259
f 2010/1/1977 2009/1/1976 73/1/257
f 2009/1/1976 2010/1/1977 160/1/425
f 2007/1/1974 2010/1/1977 159/1/423
f 2010/1/1977 2007/1/1974 762/1/1918
f 2012/1/1978 2011/1/1979 9/1/631
f 2012/1/1978 12/1/627 10/1/630
f 2012/1/1978 11/1/629 3/1/642
f 2012/1/1978 2013/1/1980 4/1/644
f 2014/1/1981 2013/1/1980 3/1/642
f 2014/1/1981 2/1/1878 4/1/644
f 2014/1/1981 1/1/1880 9/1/631
f 2014/1/1981 2011/1/1979 10/1/630
f 2015/1/1982 19/1/1926 23/1/326
f 2016/1/1983 24/1/342 20/1/1924
f 2016/1/1983 23/1/326 21/1/51
f 2016/1/1983 2017/1/1984 22/1/60
f 2018/1/1985 2017/1/1984 21/1/51
f 2017/1/1984 2018/1/1985 18/1/59
f 2018/1/1985 17/1/57 19/1/1926
f 2018/1/1985 2015/1/1982 20/1/1924
f 2020/1/1986 2019/1/1987 59/1/397
f 2019/1/1987 2020/1/1986 56/1/1044
f 2021/1/1988 2020/1/1986 55/1/1045
f 2020/1/1986 2021/1/1988 50/1/1881
f 2021/1/1988 49/1/1883 57/1/364
f 2022/1/1989 58/1/366 50/1/1881
f 2022/1/1989 57/1/364 59/1/397
f 2019/1/1987 60/1/396 58/1/366
f 2023/1/1990 471/1/112 469/1/1057
f 2023/1/1990 2024/1/1991 470/1/1060
f 2025/1/1992 2024/1/1991 469/1/1057
f 2024/1/1991 2025/1/1992 756/1/352
f 2025/1/1992 755/1/345 759/1/114
f 2025/1/1992 2026/1/1993 760/1/113
f 2026/1/1993 759/1/114 471/1/112
f 2023/1/1990 472/1/110 760/1/113
f 2027/1/1974 737/1/268 91/1/262
f 2028/1/1994 92/1/261 738/1/270
f 2029/1/1995 2028/1/1994 91/1/262
f 2029/1/1995 90/1/259 92/1/261
f 2030/1/1996 2029/1/1995 89/1/257
f 2029/1/1995 2030/1/1996 120/1/1863
f 2027/1/1974 2030/1/1996 119/1/1861
f 2030/1/1996 2027/1/1974 738/1/270
f 2031/1/1997 49/1/1883 55/1/1045
f 2032/1/1998 56/1/1044 50/1/1881
f 2032/1/1998 55/1/1045 51/1/1063
f 2032/1/1998 2033/1/1999 52/1/1068
f 2034/1/2000 2033/1/1999 51/1/1063
f 2033/1/1999 2034/1/2000 54/1/834
f 2034/1/2000 53/1/835 49/1/1883
f 2034/1/2000 2031/1/1997 50/1/1881
f 2035/1/2001 459/1/1050 133/1/395
f 2036/1/2002 134/1/393 460/1/1049
f 2037/1/2003 2036/1/2002 133/1/395
f 2036/1/2002 2037/1/2003 138/1/391
f 2038/1/2004 2037/1/2003 137/1/389
f 2037/1/2003 2038/1/2004 748/1/730
f 2038/1/2004 747/1/728 459/1/1050
f 2035/1/2001 460/1/1049 748/1/730
f 2039/1/2005 19/1/1926 17/1/57
f 2039/1/2005 2040/1/2006 18/1/59
f 2041/1/2007 2040/1/2006 17/1/57
f 2041/1/2007 14/1/435 18/1/59
f 2041/1/2007 13/1/433 15/1/624
f 2041/1/2007 2042/1/2008 16/1/632
f 2039/1/2005 2042/1/2008 15/1/624
f 2039/1/2005 20/1/1924 16/1/632
f 2043/1/2009 469/1/1057 463/1/1083
f 2043/1/2009 2044/1/2010 464/1/1086
f 2045/1/2011 2044/1/2010 463/1/1083
f 2044/1/2010 2045/1/2011 746/1/346
f 2046/1/2012 2045/1/2011 745/1/347
f 2045/1/2011 2046/1/2012 756/1/352
f 2046/1/2012 755/1/345 469/1/1057
f 2043/1/2009 470/1/1060 756/1/352
f 2047/1/2013 751/1/724 141/1/386
f 2048/1/2014 142/1/388 752/1/726
f 2048/1/2014 141/1/386 143/1/385
f 2048/1/2014 2049/1/2015 144/1/384
f 2050/1/2016 2049/1/2015 143/1/385
f 2049/1/2015 2050/1/2016 254/1/640
f 2050/1/2016 253/1/638 751/1/724
f 2050/1/2016 2047/1/2013 752/1/726
f 769/1/1 367/1/3 770/1/4
f 769/1/1 368/1/5 362/1/36
f 771/1/6 367/1/3 371/1/9
f 770/1/4 372/1/7 368/1/5
f 772/1/8 371/1/9 373/1/12
f 771/1/6 374/1/10 372/1/7
f 773/1/11 373/1/12 377/1/15
f 772/1/8 378/1/13 374/1/10
f 774/1/14 377/1/15 381/1/18
f 774/1/14 378/1/13 773/1/11
f 775/1/17 381/1/18 435/1/20
f 775/1/17 382/1/16 774/1/14
f 775/1/17 437/1/21 776/1/22
f 775/1/17 438/1/23 436/1/19
f 776/1/22 441/1/24 777/1/25
f 776/1/22 442/1/26 438/1/23
f 777/1/25 447/1/27 778/1/28
f 778/1/28 442/1/26 777/1/25
f 779/1/30 447/1/27 449/1/33
f 778/1/28 450/1/31 448/1/29
f 780/1/32 449/1/33 453/1/35
f 780/1/32 450/1/31 779/1/30
f 780/1/32 361/1/2 769/1/1
f 780/1/32 362/1/36 454/1/34
f 782/1/37 327/1/39 331/1/42
f 782/1/37 328/1/41 781/1/38
f 782/1/37 323/1/43 783/1/44
f 782/1/37 324/1/45 332/1/40
f 784/1/46 323/1/43 319/1/48
f 783/1/44 320/1/47 324/1/45
f 781/1/38 319/1/48 327/1/39
f 784/1/46 328/1/41 320/1/47
f 786/1/49 21/1/51 37/1/54
f 785/1/50 38/1/52 22/1/60
f 787/1/53 37/1/54 33/1/56
f 786/1/49 34/1/55 38/1/52
f 787/1/53 17/1/57 788/1/58
f 788/1/58 34/1/55 787/1/53
f 788/1/58 21/1/51 785/1/50
f 785/1/50 18/1/59 788/1/58
f 790/1/61 753/1/63 243/1/66
f 790/1/61 754/1/65 789/1/62
f 790/1/61 249/1/67 791/1/68
f 790/1/61 250/1/69 244/1/64
f 792/1/70 249/1/67 757/1/72
f 792/1/70 250/1/69 791/1/68
f 792/1/70 753/1/63 789/1/62
f 792/1/70 754/1/65 758/1/71
f 794/1/73 129/1/75 131/1/79
f 794/1/73 130/1/77 793/1/74
f 795/1/78 131/1/79 757/1/72
f 794/1/73 758/1/71 132/1/76
f 796/1/80 757/1/72 249/1/67
f 796/1/80 758/1/71 795/1/78
f 796/1/80 129/1/75 793/1/74
f 793/1/74 250/1/69 796/1/80
f 798/1/81 379/1/83 439/1/86
f 797/1/82 440/1/84 380/1/92
f 799/1/85 439/1/86 433/1/89
f 798/1/81 434/1/87 440/1/84
f 800/1/88 433/1/89 383/1/91
f 800/1/88 434/1/87 799/1/85
f 800/1/88 379/1/83 797/1/82
f 797/1/82 384/1/90 800/1/88
f 802/1/93 363/1/95 361/1/2
f 802/1/93 364/1/96 801/1/94
f 802/1/93 453/1/35 803/1/97
f 802/1/93 454/1/34 362/1/36
f 803/1/97 455/1/98 804/1/99
f 803/1/97 456/1/100 454/1/34
f 805/1/101 455/1/98 451/1/103
f 805/1/101 456/1/100 804/1/99
f 805/1/101 365/1/104 806/1/105
f 805/1/101 366/1/106 452/1/102
f 806/1/105 363/1/95 801/1/94
f 806/1/105 364/1/96 366/1/106
f 808/1/107 123/1/109 471/1/112
f 807/1/108 472/1/110 124/1/118
f 809/1/111 471/1/112 759/1/114
f 808/1/107 760/1/113 472/1/110
f 809/1/111 125/1/115 810/1/116
f 810/1/116 760/1/113 809/1/111
f 810/1/116 123/1/109 807/1/108
f 807/1/108 126/1/117 810/1/116
f 812/1/119 25/1/121 33/1/56
f 812/1/119 26/1/122 811/1/120
f 812/1/119 27/1/123 813/1/124
f 813/1/124 34/1/55 812/1/119
f 814/1/126 27/1/123 29/1/128
f 814/1/126 28/1/125 813/1/124
f 811/1/120 29/1/128 25/1/121
f 814/1/126 26/1/122 30/1/127
f 815/1/129 37/1/54 816/1/130
f 816/1/130 34/1/55 815/1/129
f 816/1/130 35/1/131 817/1/132
f 817/1/132 38/1/52 816/1/130
f 818/1/134 35/1/131 27/1/123
f 817/1/132 28/1/125 36/1/133
f 815/1/129 27/1/123 33/1/56
f 818/1/134 34/1/55 28/1/125
f 820/1/135 61/1/137 67/1/141
f 820/1/135 62/1/139 819/1/136
f 821/1/140 67/1/141 65/1/144
f 820/1/135 66/1/142 68/1/138
f 822/1/143 65/1/144 63/1/146
f 822/1/143 66/1/142 821/1/140
f 822/1/143 61/1/137 819/1/136
f 819/1/136 64/1/145 822/1/143
f 823/1/147 71/1/148 824/1/149
f 824/1/149 68/1/138 823/1/147
f 825/1/151 71/1/148 69/1/154
f 824/1/149 70/1/152 72/1/150
f 826/1/153 69/1/154 65/1/144
f 825/1/151 66/1/142 70/1/152
f 826/1/153 67/1/141 823/1/147
f 823/1/147 66/1/142 826/1/153
f 827/1/155 661/1/157 828/1/158
f 828/1/158 656/1/160 827/1/155
f 828/1/158 657/1/161 829/1/162
f 829/1/162 662/1/159 828/1/158
f 829/1/162 649/1/164 830/1/165
f 830/1/165 658/1/163 829/1/162
f 830/1/165 655/1/156 827/1/155
f 830/1/165 656/1/160 650/1/166
f 831/1/167 235/1/169 832/1/170
f 832/1/170 246/1/172 831/1/167
f 832/1/170 231/1/173 833/1/174
f 832/1/170 232/1/175 236/1/171
f 834/1/176 231/1/173 241/1/178
f 833/1/174 242/1/177 232/1/175
f 834/1/176 245/1/168 831/1/167
f 834/1/176 246/1/172 242/1/177
f 836/1/179 391/1/181 387/1/185
f 836/1/179 392/1/183 835/1/180
f 837/1/184 387/1/185 431/1/187
f 837/1/184 388/1/182 836/1/179
f 837/1/184 425/1/188 838/1/189
f 837/1/184 426/1/190 432/1/186
f 838/1/189 421/1/191 839/1/192
f 838/1/189 422/1/193 426/1/190
f 839/1/192 419/1/194 840/1/195
f 840/1/195 422/1/193 839/1/192
f 841/1/197 419/1/194 415/1/200
f 840/1/195 416/1/198 420/1/196
f 842/1/199 415/1/200 411/1/203
f 841/1/197 412/1/201 416/1/198
f 843/1/202 411/1/203 409/1/206
f 843/1/202 412/1/201 842/1/199
f 844/1/205 409/1/206 413/1/208
f 844/1/205 410/1/204 843/1/202
f 844/1/205 403/1/209 845/1/210
f 844/1/205 404/1/211 414/1/207
f 845/1/210 407/1/212 846/1/213
f 845/1/210 408/1/214 404/1/211
f 846/1/213 405/1/215 847/1/216
f 847/1/216 408/1/214 846/1/213
f 847/1/216 401/1/218 848/1/219
f 848/1/219 406/1/217 847/1/216
f 849/1/221 401/1/218 399/1/224
f 848/1/219 400/1/222 402/1/220
f 850/1/223 399/1/224 395/1/226
f 849/1/221 396/1/225 400/1/222
f 835/1/180 395/1/226 391/1/181
f 850/1/223 392/1/183 396/1/225
f 852/1/227 733/1/229 111/1/232
f 851/1/228 112/1/230 734/1/238
f 853/1/231 111/1/232 115/1/235
f 852/1/227 116/1/233 112/1/230
f 854/1/234 115/1/235 731/1/237
f 853/1/231 732/1/236 116/1/233
f 851/1/228 731/1/237 733/1/229
f 854/1/234 734/1/238 732/1/236
f 856/1/239 263/1/241 149/1/244
f 855/1/240 150/1/242 264/1/250
f 857/1/243 149/1/244 151/1/247
f 857/1/243 150/1/242 856/1/239
f 858/1/246 151/1/247 261/1/249
f 857/1/243 262/1/248 152/1/245
f 858/1/246 263/1/241 855/1/240
f 858/1/246 264/1/250 262/1/248
f 860/1/251 95/1/253 93/1/256
f 860/1/251 96/1/255 859/1/252
f 860/1/251 89/1/257 861/1/258
f 861/1/258 94/1/254 860/1/251
f 862/1/260 89/1/257 91/1/262
f 861/1/258 92/1/261 90/1/259
f 859/1/252 91/1/262 95/1/253
f 862/1/260 96/1/255 92/1/261
f 864/1/263 729/1/265 95/1/253
f 864/1/263 730/1/266 863/1/264
f 865/1/267 95/1/253 91/1/262
f 865/1/267 96/1/255 864/1/263
f 865/1/267 737/1/268 866/1/269
f 865/1/267 738/1/270 92/1/261
f 867/1/271 737/1/268 739/1/274
f 867/1/271 738/1/270 866/1/269
f 868/1/273 739/1/274 741/1/276
f 867/1/271 742/1/275 740/1/272
f 868/1/273 743/1/277 869/1/278
f 868/1/273 744/1/279 742/1/275
f 870/1/280 743/1/277 97/1/282
f 870/1/280 744/1/279 869/1/278
f 870/1/280 101/1/283 871/1/284
f 870/1/280 102/1/285 98/1/281
f 871/1/284 735/1/286 872/1/287
f 871/1/284 736/1/288 102/1/285
f 872/1/287 733/1/229 873/1/289
f 872/1/287 734/1/238 736/1/288
f 874/1/290 733/1/229 731/1/237
f 873/1/289 732/1/236 734/1/238
f 863/1/264 731/1/237 729/1/265
f 863/1/264 732/1/236 874/1/290
f 876/1/291 729/1/265 117/1/294
f 875/1/292 118/1/293 730/1/266
f 876/1/291 93/1/256 877/1/295
f 877/1/295 118/1/293 876/1/291
f 878/1/296 93/1/256 95/1/253
f 877/1/295 96/1/255 94/1/254
f 875/1/292 95/1/253 729/1/265
f 878/1/296 730/1/266 96/1/255
f 880/1/297 371/1/9 367/1/3
f 879/1/298 368/1/5 372/1/7
f 881/1/299 367/1/3 291/1/302
f 881/1/299 368/1/5 880/1/297
f 882/1/301 291/1/302 283/1/304
f 881/1/299 284/1/303 292/1/300
f 882/1/301 371/1/9 879/1/298
f 882/1/301 372/1/7 284/1/303
f 883/1/305 507/1/307 884/1/308
f 883/1/305 508/1/309 500/1/316
f 885/1/310 507/1/307 495/1/313
f 884/1/308 496/1/311 508/1/309
f 886/1/312 495/1/313 485/1/315
f 886/1/312 496/1/311 885/1/310
f 886/1/312 499/1/306 883/1/305
f 886/1/312 500/1/316 486/1/314
f 888/1/317 227/1/319 29/1/128
f 887/1/318 30/1/127 228/1/324
f 889/1/320 29/1/128 27/1/123
f 888/1/317 28/1/125 30/1/127
f 889/1/320 225/1/321 890/1/322
f 890/1/322 28/1/125 889/1/320
f 887/1/318 225/1/321 227/1/319
f 890/1/322 228/1/324 226/1/323
f 891/1/325 69/1/154 892/1/327
f 891/1/325 70/1/152 24/1/342
f 893/1/328 69/1/154 71/1/148
f 893/1/328 70/1/152 892/1/327
f 894/1/329 71/1/148 123/1/109
f 893/1/328 124/1/118 72/1/150
f 894/1/329 125/1/115 895/1/330
f 894/1/329 126/1/117 124/1/118
f 896/1/331 125/1/115 131/1/79
f 896/1/331 126/1/117 895/1/330
f 897/1/332 131/1/79 129/1/75
f 896/1/331 130/1/77 132/1/76
f 897/1/332 127/1/333 898/1/334
f 897/1/332 128/1/335 130/1/77
f 899/1/336 127/1/333 121/1/339
f 899/1/336 128/1/335 898/1/334
f 900/1/338 121/1/339 35/1/131
f 900/1/338 122/1/337 899/1/336
f 900/1/338 37/1/54 901/1/340
f 900/1/338 38/1/52 36/1/133
f 902/1/341 37/1/54 21/1/51
f 902/1/341 38/1/52 901/1/340
f 902/1/341 23/1/326 891/1/325
f 891/1/325 22/1/60 902/1/341
f 904/1/343 755/1/345 745/1/347
f 903/1/344 746/1/346 756/1/352
f 904/1/343 749/1/348 905/1/349
f 905/1/349 746/1/346 904/1/343
f 906/1/351 749/1/348 753/1/63
f 905/1/349 754/1/65 750/1/350
f 903/1/344 753/1/63 755/1/345
f 906/1/351 756/1/352 754/1/65
f 908/1/291 257/1/354 157/1/356
f 907/1/353 158/1/355 258/1/361
f 908/1/291 77/1/357 909/1/358
f 909/1/358 158/1/355 908/1/291
f 910/1/359 77/1/357 79/1/360
f 909/1/358 80/1/255 78/1/254
f 907/1/353 79/1/360 257/1/354
f 910/1/359 258/1/361 80/1/255
f 912/1/362 57/1/364 7/1/368
f 912/1/362 58/1/366 911/1/363
f 913/1/367 7/1/368 5/1/370
f 912/1/362 6/1/369 8/1/365
f 913/1/367 47/1/371 914/1/372
f 913/1/367 48/1/373 6/1/369
f 915/1/374 47/1/371 45/1/377
f 915/1/374 48/1/373 914/1/372
f 916/1/376 45/1/377 135/1/379
f 915/1/374 136/1/378 46/1/375
f 916/1/376 139/1/380 917/1/381
f 916/1/376 140/1/382 136/1/378
f 918/1/383 139/1/380 143/1/385
f 918/1/383 140/1/382 917/1/381
f 918/1/383 141/1/386 919/1/387
f 919/1/387 144/1/384 918/1/383
f 919/1/387 137/1/389 920/1/390
f 919/1/387 138/1/391 142/1/388
f 921/1/392 137/1/389 133/1/395
f 921/1/392 138/1/391 920/1/390
f 922/1/394 133/1/395 59/1/397
f 921/1/392 60/1/396 134/1/393
f 922/1/394 57/1/364 911/1/363
f 922/1/394 58/1/366 60/1/396
f 924/1/398 247/1/400 251/1/403
f 923/1/399 252/1/401 248/1/405
f 925/1/402 251/1/403 245/1/168
f 924/1/398 246/1/172 252/1/401
f 925/1/402 243/1/66 926/1/404
f 926/1/404 246/1/172 925/1/402
f 923/1/399 243/1/66 247/1/400
f 926/1/404 248/1/405 244/1/64
f 928/1/406 151/1/247 149/1/244
f 928/1/406 152/1/245 927/1/407
f 929/1/408 149/1/244 87/1/411
f 929/1/408 150/1/242 928/1/406
f 930/1/410 87/1/411 83/1/413
f 930/1/410 88/1/409 929/1/408
f 930/1/410 145/1/414 931/1/415
f 930/1/410 146/1/416 84/1/412
f 932/1/417 145/1/414 147/1/419
f 932/1/417 146/1/416 931/1/415
f 932/1/417 153/1/420 933/1/421
f 932/1/417 154/1/422 148/1/418
f 933/1/421 159/1/423 934/1/424
f 933/1/421 160/1/425 154/1/422
f 935/1/426 159/1/423 73/1/257
f 935/1/426 160/1/425 934/1/424
f 935/1/426 77/1/357 936/1/427
f 935/1/426 78/1/254 74/1/259
f 936/1/427 157/1/356 937/1/428
f 936/1/427 158/1/355 78/1/254
f 937/1/428 155/1/429 938/1/430
f 937/1/428 156/1/431 158/1/355
f 927/1/407 155/1/429 151/1/247
f 938/1/430 152/1/245 156/1/431
f 939/1/432 13/1/433 940/1/434
f 940/1/434 26/1/122 939/1/432
f 940/1/434 17/1/57 941/1/436
f 941/1/436 14/1/435 940/1/434
f 942/1/437 17/1/57 33/1/56
f 941/1/436 34/1/55 18/1/59
f 939/1/432 33/1/56 25/1/121
f 942/1/437 26/1/122 34/1/55
f 944/1/438 103/1/411 101/1/283
f 943/1/439 102/1/285 104/1/409
f 944/1/438 97/1/282 945/1/440
f 945/1/440 102/1/285 944/1/438
f 946/1/441 97/1/282 99/1/413
f 946/1/441 98/1/281 945/1/440
f 943/1/439 99/1/413 103/1/411
f 946/1/441 104/1/409 100/1/442
f 948/1/443 177/1/445 179/1/448
f 948/1/443 178/1/447 947/1/444
f 948/1/443 169/1/449 949/1/450
f 948/1/443 170/1/451 180/1/446
f 950/1/452 169/1/449 163/1/454
f 950/1/452 170/1/451 949/1/450
f 950/1/452 177/1/445 947/1/444
f 950/1/452 178/1/447 164/1/453
f 952/1/455 221/1/457 223/1/460
f 952/1/455 222/1/459 951/1/456
f 952/1/455 219/1/461 953/1/462
f 952/1/455 220/1/463 224/1/458
f 954/1/464 219/1/461 217/1/466
f 954/1/464 220/1/463 953/1/462
f 954/1/464 221/1/457 951/1/456
f 954/1/464 222/1/459 218/1/465
f 956/1/467 207/1/469 211/1/472
f 956/1/467 208/1/471 955/1/468
f 956/1/467 209/1/473 957/1/474
f 956/1/467 210/1/475 212/1/470
f 958/1/476 209/1/473 205/1/478
f 958/1/476 210/1/475 957/1/474
f 958/1/476 207/1/469 955/1/468
f 958/1/476 208/1/471 206/1/477
f 960/1/479 269/1/481 273/1/484
f 960/1/479 270/1/483 959/1/480
f 960/1/479 265/1/485 961/1/486
f 960/1/479 266/1/487 274/1/482
f 961/1/486 267/1/488 962/1/489
f 961/1/486 268/1/490 266/1/487
f 963/1/491 267/1/488 275/1/494
f 963/1/491 268/1/490 962/1/489
f 964/1/493 275/1/494 283/1/304
f 963/1/491 284/1/303 276/1/492
f 965/1/495 283/1/304 291/1/302
f 964/1/493 292/1/300 284/1/303
f 965/1/495 295/1/496 966/1/497
f 966/1/497 292/1/300 965/1/495
f 966/1/497 303/1/499 967/1/500
f 966/1/497 304/1/501 296/1/498
f 968/1/502 303/1/499 311/1/505
f 968/1/502 304/1/501 967/1/500
f 969/1/504 311/1/505 315/1/507
f 969/1/504 312/1/503 968/1/502
f 969/1/504 307/1/508 970/1/509
f 969/1/504 308/1/510 316/1/506
f 971/1/511 307/1/508 299/1/514
f 970/1/509 300/1/512 308/1/510
f 972/1/513 299/1/514 287/1/517
f 971/1/511 288/1/515 300/1/512
f 973/1/516 287/1/517 279/1/519
f 972/1/513 280/1/518 288/1/515
f 973/1/516 271/1/520 974/1/521
f 974/1/521 280/1/518 973/1/516
f 974/1/521 269/1/481 959/1/480
f 959/1/480 272/1/522 974/1/521
f 976/1/523 191/1/525 187/1/529
f 976/1/523 192/1/527 975/1/524
f 977/1/528 187/1/529 183/1/532
f 977/1/528 188/1/526 976/1/523
f 978/1/531 183/1/532 181/1/534
f 978/1/531 184/1/530 977/1/528
f 978/1/531 185/1/535 979/1/536
f 978/1/531 186/1/537 182/1/533
f 980/1/538 185/1/535 189/1/540
f 980/1/538 186/1/537 979/1/536
f 980/1/538 195/1/541 981/1/542
f 980/1/538 196/1/543 190/1/539
f 981/1/542 199/1/544 982/1/545
f 981/1/542 200/1/546 196/1/543
f 983/1/547 199/1/544 203/1/549
f 983/1/547 200/1/546 982/1/545
f 983/1/547 201/1/550 984/1/551
f 983/1/547 202/1/552 204/1/548
f 984/1/551 197/1/553 985/1/554
f 984/1/551 198/1/555 202/1/552
f 985/1/554 193/1/556 986/1/557
f 985/1/554 194/1/558 198/1/555
f 975/1/524 193/1/556 191/1/525
f 986/1/557 192/1/527 194/1/558
f 988/1/559 87/1/411 85/1/562
f 987/1/560 86/1/561 88/1/409
f 988/1/559 81/1/563 989/1/564
f 989/1/564 86/1/561 988/1/559
f 989/1/564 83/1/413 990/1/566
f 989/1/564 84/1/412 82/1/565
f 987/1/560 83/1/413 87/1/411
f 990/1/566 88/1/409 84/1/412
f 992/1/567 181/1/534 183/1/532
f 992/1/567 182/1/533 991/1/568
f 992/1/567 179/1/448 993/1/569
f 992/1/567 180/1/446 184/1/530
f 994/1/570 179/1/448 177/1/445
f 994/1/570 180/1/446 993/1/569
f 994/1/570 181/1/534 991/1/568
f 994/1/570 182/1/533 178/1/447
f 996/1/571 479/1/573 591/1/576
f 995/1/572 592/1/574 480/1/582
f 997/1/575 591/1/576 567/1/578
f 997/1/575 592/1/574 996/1/571
f 997/1/575 561/1/579 998/1/580
f 998/1/580 568/1/577 997/1/575
f 998/1/580 479/1/573 995/1/572
f 998/1/580 480/1/582 562/1/581
f 1000/1/583 165/1/585 171/1/588
f 1000/1/583 166/1/587 999/1/584
f 1000/1/583 167/1/589 1001/1/590
f 1000/1/583 168/1/591 172/1/586
f 1002/1/592 167/1/589 161/1/594
f 1002/1/592 168/1/591 1001/1/590
f 1002/1/592 165/1/585 999/1/584
f 1002/1/592 166/1/587 162/1/593
f 1004/1/595 203/1/549 207/1/469
f 1004/1/595 204/1/548 1003/1/596
f 1004/1/595 205/1/478 1005/1/597
f 1004/1/595 206/1/477 208/1/471
f 1006/1/598 205/1/478 201/1/550
f 1006/1/598 206/1/477 1005/1/597
f 1006/1/598 203/1/549 1003/1/596
f 1006/1/598 204/1/548 202/1/552
f 1007/1/599 35/1/131 1008/1/600
f 1008/1/600 28/1/125 1007/1/599
f 1009/1/601 35/1/131 121/1/339
f 1008/1/600 122/1/337 36/1/133
f 1010/1/602 121/1/339 231/1/173
f 1009/1/601 232/1/175 122/1/337
f 1010/1/602 197/1/553 1011/1/603
f 1011/1/603 232/1/175 1010/1/602
f 1011/1/603 201/1/550 1012/1/604
f 1011/1/603 202/1/552 198/1/555
f 1012/1/604 205/1/478 1013/1/605
f 1013/1/605 202/1/552 1012/1/604
f 1013/1/605 209/1/473 1014/1/606
f 1014/1/606 206/1/477 1013/1/605
f 1014/1/606 215/1/607 1015/1/608
f 1014/1/606 216/1/609 210/1/475
f 1016/1/610 215/1/607 219/1/461
f 1015/1/608 220/1/463 216/1/609
f 1017/1/611 219/1/461 223/1/460
f 1016/1/610 224/1/458 220/1/463
f 1018/1/612 223/1/460 225/1/321
f 1018/1/612 224/1/458 1017/1/611
f 1007/1/599 225/1/321 27/1/123
f 1018/1/612 28/1/125 226/1/323
f 1020/1/613 759/1/114 755/1/345
f 1020/1/613 760/1/113 1019/1/614
f 1020/1/613 753/1/63 1021/1/615
f 1021/1/615 756/1/352 1020/1/613
f 1022/1/616 753/1/63 757/1/72
f 1021/1/615 758/1/71 754/1/65
f 1019/1/614 757/1/72 759/1/114
f 1022/1/616 760/1/113 758/1/71
f 1023/1/617 215/1/607 1024/1/619
f 1024/1/619 214/1/620 1023/1/617
f 1024/1/619 209/1/473 1025/1/621
f 1024/1/619 210/1/475 216/1/609
f 1026/1/622 209/1/473 211/1/472
f 1025/1/621 212/1/470 210/1/475
f 1023/1/617 211/1/472 213/1/618
f 1026/1/622 214/1/620 212/1/470
f 1027/1/623 13/1/433 1028/1/625
f 1027/1/623 14/1/435 16/1/632
f 1029/1/626 13/1/433 11/1/629
f 1029/1/626 14/1/435 1028/1/625
f 1030/1/628 11/1/629 9/1/631
f 1030/1/628 12/1/627 1029/1/626
f 1027/1/623 9/1/631 15/1/624
f 1030/1/628 16/1/632 10/1/630
f 1032/1/633 143/1/385 139/1/380
f 1031/1/634 140/1/382 144/1/384
f 1033/1/635 139/1/380 255/1/637
f 1032/1/633 256/1/636 140/1/382
f 1033/1/635 253/1/638 1034/1/639
f 1034/1/639 256/1/636 1033/1/635
f 1034/1/639 143/1/385 1031/1/634
f 1031/1/634 254/1/640 1034/1/639
f 1035/1/641 11/1/629 1036/1/643
f 1036/1/643 4/1/644 1035/1/641
f 1037/1/645 11/1/629 39/1/647
f 1036/1/643 40/1/646 12/1/627
f 1037/1/645 43/1/648 1038/1/649
f 1038/1/649 40/1/646 1037/1/645
f 1039/1/651 43/1/648 47/1/371
f 1039/1/651 44/1/650 1038/1/649
f 1039/1/651 5/1/370 1040/1/652
f 1040/1/652 48/1/373 1039/1/651
f 1040/1/652 3/1/642 1035/1/641
f 1040/1/652 4/1/644 6/1/369
f 1042/1/653 45/1/377 41/1/656
f 1041/1/654 42/1/655 46/1/375
f 1042/1/653 233/1/657 1043/1/658
f 1043/1/658 42/1/655 1042/1/653
f 1043/1/658 175/1/660 1044/1/661
f 1043/1/658 176/1/662 234/1/659
f 1044/1/661 171/1/588 1045/1/663
f 1045/1/663 176/1/662 1044/1/661
f 1045/1/663 165/1/585 1046/1/664
f 1046/1/664 172/1/586 1045/1/663
f 1046/1/664 169/1/449 1047/1/665
f 1046/1/664 170/1/451 166/1/587
f 1048/1/666 169/1/449 179/1/448
f 1047/1/665 180/1/446 170/1/451
f 1049/1/667 179/1/448 183/1/532
f 1048/1/666 184/1/530 180/1/446
f 1050/1/668 183/1/532 187/1/529
f 1050/1/668 184/1/530 1049/1/667
f 1051/1/669 187/1/529 239/1/671
f 1050/1/668 240/1/670 188/1/526
f 1051/1/669 135/1/379 1052/1/672
f 1052/1/672 240/1/670 1051/1/669
f 1041/1/654 135/1/379 45/1/377
f 1052/1/672 46/1/375 136/1/378
f 1054/1/673 187/1/529 191/1/525
f 1053/1/674 192/1/527 188/1/526
f 1055/1/675 191/1/525 237/1/678
f 1054/1/673 238/1/676 192/1/527
f 1056/1/677 237/1/678 239/1/671
f 1055/1/675 240/1/670 238/1/676
f 1056/1/677 187/1/529 1053/1/674
f 1053/1/674 240/1/670 1056/1/677
f 1057/1/679 193/1/556 1058/1/680
f 1058/1/680 192/1/527 1057/1/679
f 1059/1/681 193/1/556 235/1/169
f 1058/1/680 236/1/171 194/1/558
f 1060/1/682 235/1/169 237/1/678
f 1059/1/681 238/1/676 236/1/171
f 1060/1/682 191/1/525 1057/1/679
f 1057/1/679 238/1/676 1060/1/682
f 1061/1/683 197/1/553 1062/1/684
f 1062/1/684 194/1/558 1061/1/683
f 1063/1/685 197/1/553 231/1/173
f 1062/1/684 232/1/175 198/1/555
f 1063/1/685 235/1/169 1064/1/686
f 1064/1/686 232/1/175 1063/1/685
f 1064/1/686 193/1/556 1061/1/683
f 1061/1/683 236/1/171 1064/1/686
f 1065/1/687 129/1/75 1066/1/688
f 1066/1/688 128/1/335 1065/1/687
f 1067/1/689 129/1/75 249/1/67
f 1066/1/688 250/1/69 130/1/77
f 1068/1/690 249/1/67 241/1/178
f 1067/1/689 242/1/177 250/1/69
f 1068/1/690 127/1/333 1065/1/687
f 1065/1/687 242/1/177 1068/1/690
f 1069/1/228 151/1/247 1070/1/691
f 1070/1/691 262/1/248 1069/1/228
f 1071/1/231 151/1/247 155/1/429
f 1071/1/231 152/1/245 1070/1/691
f 1071/1/231 259/1/692 1072/1/693
f 1071/1/231 260/1/694 156/1/431
f 1069/1/228 259/1/692 261/1/249
f 1072/1/693 262/1/248 260/1/694
f 1073/1/695 145/1/414 1074/1/696
f 1074/1/696 148/1/418 1073/1/695
f 1075/1/697 145/1/414 767/1/700
f 1074/1/696 768/1/698 146/1/416
f 1076/1/699 767/1/700 765/1/702
f 1075/1/697 766/1/701 768/1/698
f 1073/1/695 765/1/702 147/1/419
f 1076/1/699 148/1/418 766/1/701
f 1077/1/703 11/1/629 1078/1/704
f 1078/1/704 40/1/646 1077/1/703
f 1079/1/705 11/1/629 13/1/433
f 1078/1/704 14/1/435 12/1/627
f 1080/1/706 13/1/433 25/1/121
f 1079/1/705 26/1/122 14/1/435
f 1077/1/703 25/1/121 39/1/647
f 1080/1/706 40/1/646 26/1/122
f 1082/1/707 233/1/657 41/1/656
f 1081/1/708 42/1/655 234/1/659
f 1082/1/707 31/1/709 1083/1/710
f 1083/1/710 42/1/655 1082/1/707
f 1083/1/710 229/1/712 1084/1/713
f 1084/1/713 32/1/711 1083/1/710
f 1084/1/713 233/1/657 1081/1/708
f 1081/1/708 230/1/714 1084/1/713
f 1086/1/715 253/1/638 255/1/637
f 1085/1/716 256/1/636 254/1/640
f 1087/1/717 255/1/637 251/1/403
f 1086/1/715 252/1/401 256/1/636
f 1087/1/717 247/1/400 1088/1/718
f 1088/1/718 252/1/401 1087/1/717
f 1088/1/718 253/1/638 1085/1/716
f 1085/1/716 248/1/405 1088/1/718
f 1090/1/719 259/1/692 155/1/429
f 1089/1/720 156/1/431 260/1/694
f 1090/1/719 157/1/356 1091/1/721
f 1090/1/719 158/1/355 156/1/431
f 1092/1/722 157/1/356 257/1/354
f 1091/1/721 258/1/361 158/1/355
f 1089/1/720 257/1/354 259/1/692
f 1089/1/720 258/1/361 1092/1/722
f 1093/1/723 749/1/348 1094/1/725
f 1094/1/725 752/1/726 1093/1/723
f 1095/1/727 749/1/348 745/1/347
f 1094/1/725 746/1/346 750/1/350
f 1095/1/727 747/1/728 1096/1/729
f 1095/1/727 748/1/730 746/1/346
f 1096/1/729 751/1/724 1093/1/723
f 1093/1/723 748/1/730 1096/1/729
f 1098/1/731 321/1/733 313/1/737
f 1098/1/731 322/1/735 1097/1/732
f 1099/1/736 313/1/737 309/1/739
f 1099/1/736 314/1/734 1098/1/731
f 1099/1/736 317/1/740 1100/1/741
f 1099/1/736 318/1/742 310/1/738
f 1101/1/743 317/1/740 325/1/746
f 1100/1/741 326/1/744 318/1/742
f 1102/1/745 325/1/746 333/1/749
f 1101/1/743 334/1/747 326/1/744
f 1103/1/748 333/1/749 345/1/751
f 1102/1/745 346/1/750 334/1/747
f 1103/1/748 353/1/752 1104/1/753
f 1104/1/753 346/1/750 1103/1/748
f 1104/1/753 359/1/755 1105/1/756
f 1105/1/756 354/1/754 1104/1/753
f 1106/1/758 359/1/755 351/1/760
f 1106/1/758 360/1/757 1105/1/756
f 1106/1/758 355/1/761 1107/1/762
f 1106/1/758 356/1/763 352/1/759
f 1107/1/762 357/1/764 1108/1/765
f 1107/1/762 358/1/766 356/1/763
f 1109/1/767 357/1/764 349/1/770
f 1109/1/767 358/1/766 1108/1/765
f 1110/1/769 349/1/770 341/1/773
f 1109/1/767 342/1/771 350/1/768
f 1111/1/772 341/1/773 337/1/775
f 1110/1/769 338/1/774 342/1/771
f 1111/1/772 329/1/776 1112/1/777
f 1112/1/777 338/1/774 1111/1/772
f 1112/1/777 321/1/733 1097/1/732
f 1112/1/777 322/1/735 330/1/778
f 1114/1/779 483/1/781 489/1/784
f 1113/1/780 490/1/782 484/1/788
f 1115/1/783 489/1/784 485/1/315
f 1114/1/779 486/1/314 490/1/782
f 1116/1/785 485/1/315 473/1/787
f 1115/1/783 474/1/786 486/1/314
f 1113/1/780 473/1/787 483/1/781
f 1113/1/780 474/1/786 1116/1/785
f 1118/1/789 301/1/791 305/1/794
f 1117/1/790 306/1/792 302/1/800
f 1119/1/793 305/1/794 293/1/797
f 1118/1/789 294/1/795 306/1/792
f 1120/1/796 293/1/797 297/1/799
f 1120/1/796 294/1/795 1119/1/793
f 1120/1/796 301/1/791 1117/1/790
f 1120/1/796 302/1/800 298/1/798
f 1122/1/801 229/1/712 31/1/709
f 1121/1/802 32/1/711 230/1/714
f 1123/1/803 31/1/709 29/1/128
f 1122/1/801 30/1/127 32/1/711
f 1123/1/803 227/1/319 1124/1/804
f 1124/1/804 30/1/127 1123/1/803
f 1121/1/802 227/1/319 229/1/712
f 1124/1/804 230/1/714 228/1/324
f 1126/1/805 319/1/48 323/1/43
f 1126/1/805 320/1/47 1125/1/806
f 1126/1/805 315/1/507 1127/1/807
f 1126/1/805 316/1/506 324/1/45
f 1128/1/808 315/1/507 311/1/505
f 1128/1/808 316/1/506 1127/1/807
f 1128/1/808 319/1/48 1125/1/806
f 1128/1/808 320/1/47 312/1/503
f 1130/1/809 347/1/811 355/1/761
f 1130/1/809 348/1/812 1129/1/810
f 1130/1/809 351/1/760 1131/1/813
f 1130/1/809 352/1/759 356/1/763
f 1132/1/814 351/1/760 343/1/816
f 1132/1/814 352/1/759 1131/1/813
f 1132/1/814 347/1/811 1129/1/810
f 1132/1/814 348/1/812 344/1/815
f 1133/1/817 347/1/811 1134/1/819
f 1134/1/819 340/1/820 1133/1/817
f 1134/1/819 343/1/816 1135/1/821
f 1135/1/821 348/1/812 1134/1/819
f 1136/1/822 343/1/816 335/1/824
f 1136/1/822 344/1/815 1135/1/821
f 1136/1/822 339/1/818 1133/1/817
f 1136/1/822 340/1/820 336/1/823
f 1137/1/825 147/1/419 1138/1/826
f 1137/1/825 148/1/418 154/1/422
f 1138/1/826 765/1/702 1139/1/827
f 1138/1/826 766/1/701 148/1/418
f 1140/1/828 765/1/702 763/1/830
f 1139/1/827 764/1/829 766/1/701
f 1137/1/825 763/1/830 153/1/420
f 1140/1/828 154/1/422 764/1/829
f 1142/1/831 15/1/624 9/1/631
f 1141/1/832 10/1/630 16/1/632
f 1143/1/833 9/1/631 53/1/835
f 1142/1/831 54/1/834 10/1/630
f 1143/1/833 63/1/146 1144/1/836
f 1144/1/836 54/1/834 1143/1/833
f 1144/1/836 15/1/624 1141/1/832
f 1141/1/832 64/1/145 1144/1/836
f 1146/1/837 281/1/839 289/1/842
f 1146/1/837 282/1/841 1145/1/838
f 1146/1/837 285/1/843 1147/1/844
f 1146/1/837 286/1/845 290/1/840
f 1147/1/844 277/1/846 1148/1/847
f 1148/1/847 286/1/845 1147/1/844
f 1148/1/847 281/1/839 1145/1/838
f 1145/1/838 278/1/848 1148/1/847
f 1150/1/849 433/1/89 343/1/816
f 1150/1/849 434/1/87 1149/1/850
f 1151/1/851 343/1/816 351/1/760
f 1150/1/849 352/1/759 344/1/815
f 1152/1/852 351/1/760 431/1/187
f 1151/1/851 432/1/186 352/1/759
f 1152/1/852 433/1/89 1149/1/850
f 1152/1/852 434/1/87 432/1/186
f 1154/1/853 273/1/484 281/1/839
f 1154/1/853 274/1/482 1153/1/854
f 1154/1/853 277/1/846 1155/1/855
f 1154/1/853 278/1/848 282/1/841
f 1156/1/856 277/1/846 265/1/485
f 1156/1/856 278/1/848 1155/1/855
f 1156/1/856 273/1/484 1153/1/854
f 1156/1/856 274/1/482 266/1/487
f 1158/1/857 405/1/215 329/1/776
f 1158/1/857 406/1/217 1157/1/858
f 1158/1/857 337/1/775 1159/1/859
f 1158/1/857 338/1/774 330/1/778
f 1160/1/860 337/1/775 401/1/218
f 1160/1/860 338/1/774 1159/1/859
f 1160/1/860 405/1/215 1157/1/858
f 1160/1/860 406/1/217 402/1/220
f 1162/1/861 395/1/226 399/1/224
f 1162/1/861 396/1/225 1161/1/862
f 1162/1/861 341/1/773 1163/1/863
f 1162/1/861 342/1/771 400/1/222
f 1164/1/864 341/1/773 349/1/770
f 1164/1/864 342/1/771 1163/1/863
f 1164/1/864 395/1/226 1161/1/862
f 1164/1/864 396/1/225 350/1/768
f 1166/1/865 401/1/218 337/1/775
f 1166/1/865 402/1/220 1165/1/866
f 1167/1/867 337/1/775 341/1/773
f 1166/1/865 342/1/771 338/1/774
f 1167/1/867 399/1/224 1168/1/868
f 1167/1/867 400/1/222 342/1/771
f 1165/1/866 399/1/224 401/1/218
f 1168/1/868 402/1/220 400/1/222
f 1169/1/869 361/1/2 1170/1/870
f 1169/1/869 362/1/36 368/1/5
f 1171/1/871 361/1/2 295/1/496
f 1171/1/871 362/1/36 1170/1/870
f 1171/1/871 291/1/302 1172/1/872
f 1171/1/871 292/1/300 296/1/498
f 1169/1/869 291/1/302 367/1/3
f 1169/1/869 292/1/300 1172/1/872
f 1174/1/873 407/1/212 321/1/733
f 1174/1/873 408/1/214 1173/1/874
f 1174/1/873 329/1/776 1175/1/875
f 1174/1/873 330/1/778 322/1/735
f 1176/1/876 329/1/776 405/1/215
f 1176/1/876 330/1/778 1175/1/875
f 1176/1/876 407/1/212 1173/1/874
f 1176/1/876 408/1/214 406/1/217
f 1177/1/877 303/1/499 1178/1/878
f 1177/1/877 304/1/501 312/1/503
f 1179/1/879 303/1/499 363/1/95
f 1179/1/879 304/1/501 1178/1/878
f 1179/1/879 365/1/104 1180/1/880
f 1179/1/879 366/1/106 364/1/96
f 1177/1/877 365/1/104 311/1/505
f 1177/1/877 366/1/106 1180/1/880
f 1182/1/881 331/1/42 335/1/824
f 1181/1/882 336/1/823 332/1/40
f 1183/1/883 335/1/824 343/1/816
f 1183/1/883 336/1/823 1182/1/881
f 1183/1/883 433/1/89 1184/1/884
f 1183/1/883 434/1/87 344/1/815
f 1184/1/884 439/1/86 1185/1/885
f 1184/1/884 440/1/84 434/1/87
f 1186/1/886 439/1/86 443/1/888
f 1185/1/885 444/1/887 440/1/84
f 1186/1/886 445/1/889 1187/1/890
f 1186/1/886 446/1/891 444/1/887
f 1188/1/892 445/1/889 451/1/103
f 1188/1/892 446/1/891 1187/1/890
f 1188/1/892 315/1/507 1189/1/893
f 1189/1/893 452/1/102 1188/1/892
f 1189/1/893 323/1/43 1190/1/894
f 1189/1/893 324/1/45 316/1/506
f 1190/1/894 331/1/42 1181/1/882
f 1190/1/894 332/1/40 324/1/45
f 1192/1/895 389/1/897 385/1/900
f 1191/1/896 386/1/898 390/1/914
f 1193/1/899 385/1/900 381/1/18
f 1193/1/899 386/1/898 1192/1/895
f 1194/1/901 381/1/18 265/1/485
f 1193/1/899 266/1/487 382/1/16
f 1194/1/901 277/1/846 1195/1/902
f 1194/1/901 278/1/848 266/1/487
f 1196/1/903 277/1/846 285/1/843
f 1195/1/902 286/1/845 278/1/848
f 1197/1/904 285/1/843 293/1/797
f 1196/1/903 294/1/795 286/1/845
f 1197/1/904 305/1/794 1198/1/905
f 1198/1/905 294/1/795 1197/1/904
f 1199/1/906 305/1/794 313/1/737
f 1199/1/906 306/1/792 1198/1/905
f 1199/1/906 403/1/209 1200/1/907
f 1200/1/907 314/1/734 1199/1/906
f 1200/1/907 397/1/908 1201/1/909
f 1200/1/907 398/1/910 404/1/211
f 1201/1/909 393/1/911 1202/1/912
f 1202/1/912 398/1/910 1201/1/909
f 1191/1/896 393/1/911 389/1/897
f 1202/1/912 390/1/914 394/1/913
f 1203/1/915 403/1/209 1204/1/916
f 1203/1/915 404/1/211 408/1/214
f 1205/1/917 403/1/209 313/1/737
f 1205/1/917 404/1/211 1204/1/916
f 1205/1/917 321/1/733 1206/1/918
f 1205/1/917 322/1/735 314/1/734
f 1203/1/915 321/1/733 407/1/212
f 1203/1/915 322/1/735 1206/1/918
f 1207/1/919 295/1/496 1208/1/920
f 1207/1/919 296/1/498 304/1/501
f 1209/1/921 295/1/496 361/1/2
f 1209/1/921 296/1/498 1208/1/920
f 1209/1/921 363/1/95 1210/1/922
f 1209/1/921 364/1/96 362/1/36
f 1207/1/919 363/1/95 303/1/499
f 1207/1/919 364/1/96 1210/1/922
f 1212/1/923 319/1/48 311/1/505
f 1212/1/923 320/1/47 1211/1/924
f 1212/1/923 365/1/104 1213/1/925
f 1213/1/925 312/1/503 1212/1/923
f 1213/1/925 369/1/926 1214/1/927
f 1213/1/925 370/1/928 366/1/106
f 1214/1/927 375/1/929 1215/1/930
f 1215/1/930 370/1/928 1214/1/927
f 1216/1/932 375/1/929 379/1/83
f 1215/1/930 380/1/92 376/1/931
f 1217/1/933 379/1/83 383/1/91
f 1216/1/932 384/1/90 380/1/92
f 1218/1/934 383/1/91 387/1/185
f 1218/1/934 384/1/90 1217/1/933
f 1219/1/935 387/1/185 355/1/761
f 1218/1/934 356/1/763 388/1/182
f 1219/1/935 347/1/811 1220/1/936
f 1219/1/935 348/1/812 356/1/763
f 1221/1/937 347/1/811 339/1/818
f 1220/1/936 340/1/820 348/1/812
f 1222/1/938 339/1/818 327/1/39
f 1221/1/937 328/1/41 340/1/820
f 1222/1/938 319/1/48 1211/1/924
f 1211/1/924 328/1/41 1222/1/938
f 1223/1/939 449/1/33 1224/1/940
f 1223/1/939 450/1/31 288/1/515
f 1224/1/940 447/1/27 1225/1/941
f 1224/1/940 448/1/29 450/1/31
f 1226/1/942 447/1/27 279/1/519
f 1226/1/942 448/1/29 1225/1/941
f 1223/1/939 279/1/519 287/1/517
f 1226/1/942 288/1/515 280/1/518
f 1228/1/943 267/1/488 265/1/485
f 1228/1/943 268/1/490 1227/1/944
f 1228/1/943 381/1/18 1229/1/945
f 1228/1/943 382/1/16 266/1/487
f 1230/1/946 381/1/18 377/1/15
f 1230/1/946 382/1/16 1229/1/945
f 1230/1/946 267/1/488 1227/1/944
f 1230/1/946 268/1/490 378/1/13
f 1232/1/947 283/1/304 275/1/494
f 1232/1/947 284/1/303 1231/1/948
f 1232/1/947 373/1/12 1233/1/949
f 1232/1/947 374/1/10 276/1/492
f 1234/1/950 373/1/12 371/1/9
f 1234/1/950 374/1/10 1233/1/949
f 1234/1/950 283/1/304 1231/1/948
f 1234/1/950 284/1/303 372/1/7
f 1236/1/951 391/1/181 395/1/226
f 1236/1/951 392/1/183 1235/1/952
f 1236/1/951 349/1/770 1237/1/953
f 1236/1/951 350/1/768 396/1/225
f 1238/1/954 349/1/770 357/1/764
f 1238/1/954 350/1/768 1237/1/953
f 1238/1/954 391/1/181 1235/1/952
f 1238/1/954 392/1/183 358/1/766
f 1240/1/955 271/1/520 441/1/24
f 1240/1/955 272/1/522 1239/1/956
f 1240/1/955 437/1/21 1241/1/957
f 1240/1/955 438/1/23 442/1/26
f 1242/1/958 437/1/21 269/1/481
f 1242/1/958 438/1/23 1241/1/957
f 1242/1/958 271/1/520 1239/1/956
f 1242/1/958 272/1/522 270/1/483
f 1243/1/959 435/1/20 1244/1/960
f 1243/1/959 436/1/19 438/1/23
f 1245/1/961 435/1/20 273/1/484
f 1245/1/961 436/1/19 1244/1/960
f 1245/1/961 269/1/481 1246/1/962
f 1245/1/961 270/1/483 274/1/482
f 1243/1/959 269/1/481 437/1/21
f 1243/1/959 270/1/483 1246/1/962
f 1247/1/963 345/1/751 1248/1/964
f 1247/1/963 346/1/750 354/1/754
f 1249/1/965 345/1/751 419/1/194
f 1249/1/965 346/1/750 1248/1/964
f 1249/1/965 421/1/191 1250/1/966
f 1249/1/965 422/1/193 420/1/196
f 1247/1/963 421/1/191 353/1/752
f 1247/1/963 422/1/193 1250/1/966
f 1252/1/967 217/1/466 219/1/461
f 1252/1/967 218/1/465 1251/1/968
f 1252/1/967 215/1/607 1253/1/969
f 1252/1/967 216/1/609 220/1/463
f 1254/1/970 215/1/607 213/1/618
f 1254/1/970 216/1/609 1253/1/969
f 1254/1/970 217/1/466 1251/1/968
f 1254/1/970 218/1/465 214/1/620
f 1256/1/971 171/1/588 175/1/660
f 1256/1/971 172/1/586 1255/1/972
f 1256/1/971 173/1/973 1257/1/974
f 1256/1/971 174/1/975 176/1/662
f 1258/1/976 173/1/973 167/1/589
f 1258/1/976 174/1/975 1257/1/974
f 1258/1/976 171/1/588 1255/1/972
f 1258/1/976 172/1/586 168/1/591
f 1260/1/977 409/1/206 411/1/203
f 1260/1/977 410/1/204 1259/1/978
f 1260/1/977 325/1/746 1261/1/979
f 1260/1/977 326/1/744 412/1/201
f 1262/1/980 325/1/746 317/1/740
f 1262/1/980 326/1/744 1261/1/979
f 1262/1/980 409/1/206 1259/1/978
f 1262/1/980 410/1/204 318/1/742
f 1264/1/981 451/1/103 455/1/98
f 1264/1/981 452/1/102 1263/1/982
f 1264/1/981 307/1/508 1265/1/983
f 1264/1/981 308/1/510 456/1/100
f 1266/1/984 307/1/508 315/1/507
f 1266/1/984 308/1/510 1265/1/983
f 1266/1/984 451/1/103 1263/1/982
f 1266/1/984 452/1/102 316/1/506
f 1268/1/985 387/1/185 391/1/181
f 1268/1/985 388/1/182 1267/1/986
f 1268/1/985 357/1/764 1269/1/987
f 1268/1/985 358/1/766 392/1/183
f 1270/1/988 357/1/764 355/1/761
f 1270/1/988 358/1/766 1269/1/987
f 1270/1/988 387/1/185 1267/1/986
f 1270/1/988 388/1/182 356/1/763
f 1271/1/989 359/1/755 1272/1/990
f 1271/1/989 360/1/757 352/1/759
f 1273/1/991 359/1/755 425/1/188
f 1273/1/991 360/1/757 1272/1/990
f 1273/1/991 431/1/187 1274/1/992
f 1273/1/991 432/1/186 426/1/190
f 1271/1/989 431/1/187 351/1/760
f 1271/1/989 432/1/186 1274/1/992
f 1276/1/993 299/1/514 307/1/508
f 1276/1/993 300/1/512 1275/1/994
f 1276/1/993 455/1/98 1277/1/995
f 1276/1/993 456/1/100 308/1/510
f 1278/1/996 455/1/98 453/1/35
f 1278/1/996 456/1/100 1277/1/995
f 1278/1/996 299/1/514 1275/1/994
f 1278/1/996 300/1/512 454/1/34
f 1280/1/997 287/1/517 299/1/514
f 1280/1/997 288/1/515 1279/1/998
f 1280/1/997 453/1/35 1281/1/999
f 1280/1/997 454/1/34 300/1/512
f 1282/1/1000 453/1/35 449/1/33
f 1282/1/1000 454/1/34 1281/1/999
f 1282/1/1000 287/1/517 1279/1/998
f 1282/1/1000 288/1/515 450/1/31
f 1283/1/1001 301/1/791 1284/1/1002
f 1283/1/1001 302/1/800 310/1/738
f 1284/1/1002 297/1/799 1285/1/1003
f 1284/1/1002 298/1/798 302/1/800
f 1286/1/1004 297/1/799 289/1/842
f 1285/1/1003 290/1/840 298/1/798
f 1287/1/1005 289/1/842 281/1/839
f 1287/1/1005 290/1/840 1286/1/1004
f 1288/1/1006 281/1/839 273/1/484
f 1288/1/1006 282/1/841 1287/1/1005
f 1289/1/1007 273/1/484 435/1/20
f 1288/1/1006 436/1/19 274/1/482
f 1289/1/1007 429/1/1008 1290/1/1009
f 1289/1/1007 430/1/1010 436/1/19
f 1291/1/1011 429/1/1008 427/1/1014
f 1291/1/1011 430/1/1010 1290/1/1009
f 1292/1/1013 427/1/1014 423/1/1016
f 1291/1/1011 424/1/1015 428/1/1012
f 1292/1/1013 417/1/1017 1293/1/1018
f 1292/1/1013 418/1/1019 424/1/1015
f 1294/1/1020 417/1/1017 413/1/208
f 1294/1/1020 418/1/1019 1293/1/1018
f 1294/1/1020 309/1/739 1283/1/1001
f 1283/1/1001 414/1/207 1294/1/1020
f 1296/1/1021 345/1/751 333/1/749
f 1295/1/1022 334/1/747 346/1/750
f 1296/1/1021 415/1/200 1297/1/1023
f 1296/1/1021 416/1/198 334/1/747
f 1297/1/1023 419/1/194 1298/1/1024
f 1297/1/1023 420/1/196 416/1/198
f 1295/1/1022 419/1/194 345/1/751
f 1295/1/1022 420/1/196 1298/1/1024
f 1300/1/1025 411/1/203 415/1/200
f 1300/1/1025 412/1/201 1299/1/1026
f 1300/1/1025 333/1/749 1301/1/1027
f 1300/1/1025 334/1/747 416/1/198
f 1302/1/1028 333/1/749 325/1/746
f 1302/1/1028 334/1/747 1301/1/1027
f 1302/1/1028 411/1/203 1299/1/1026
f 1302/1/1028 412/1/201 326/1/744
f 1304/1/1029 317/1/740 309/1/739
f 1304/1/1029 318/1/742 1303/1/1030
f 1304/1/1029 413/1/208 1305/1/1031
f 1304/1/1029 414/1/207 310/1/738
f 1306/1/1032 413/1/208 409/1/206
f 1306/1/1032 414/1/207 1305/1/1031
f 1306/1/1032 317/1/740 1303/1/1030
f 1306/1/1032 318/1/742 410/1/204
f 1308/1/1033 275/1/494 267/1/488
f 1308/1/1033 276/1/492 1307/1/1034
f 1308/1/1033 377/1/15 1309/1/1035
f 1308/1/1033 378/1/13 268/1/490
f 1310/1/1036 377/1/15 373/1/12
f 1310/1/1036 378/1/13 1309/1/1035
f 1310/1/1036 275/1/494 1307/1/1034
f 1310/1/1036 276/1/492 374/1/10
f 1311/1/1037 167/1/589 1312/1/1038
f 1312/1/1038 162/1/593 1311/1/1037
f 1312/1/1038 173/1/973 1313/1/1039
f 1312/1/1038 174/1/975 168/1/591
f 1314/1/1040 173/1/973 457/1/1043
f 1314/1/1040 174/1/975 1313/1/1039
f 1315/1/1042 457/1/1043 55/1/1045
f 1314/1/1040 56/1/1044 458/1/1041
f 1315/1/1042 59/1/397 1316/1/1046
f 1316/1/1046 56/1/1044 1315/1/1042
f 1317/1/1047 59/1/397 133/1/395
f 1316/1/1046 134/1/393 60/1/396
f 1318/1/1048 133/1/395 459/1/1050
f 1317/1/1047 460/1/1049 134/1/393
f 1318/1/1048 185/1/535 1319/1/1051
f 1319/1/1051 460/1/1049 1318/1/1048
f 1319/1/1051 181/1/534 1320/1/1052
f 1319/1/1051 182/1/533 186/1/537
f 1321/1/1053 181/1/534 177/1/445
f 1320/1/1052 178/1/447 182/1/533
f 1322/1/1054 177/1/445 163/1/454
f 1321/1/1053 164/1/453 178/1/447
f 1311/1/1037 163/1/454 161/1/594
f 1311/1/1037 164/1/453 1322/1/1054
f 1324/1/1055 469/1/1057 471/1/112
f 1323/1/1056 472/1/110 470/1/1060
f 1324/1/1055 199/1/544 1325/1/1058
f 1325/1/1058 472/1/110 1324/1/1055
f 1326/1/1059 199/1/544 195/1/541
f 1325/1/1058 196/1/543 200/1/546
f 1323/1/1056 195/1/541 469/1/1057
f 1326/1/1059 470/1/1060 196/1/543
f 1328/1/1061 51/1/1063 55/1/1045
f 1327/1/1062 56/1/1044 52/1/1068
f 1328/1/1061 457/1/1043 1329/1/1064
f 1329/1/1064 56/1/1044 1328/1/1061
f 1330/1/1065 457/1/1043 461/1/1067
f 1330/1/1065 458/1/1041 1329/1/1064
f 1327/1/1062 461/1/1067 51/1/1063
f 1330/1/1065 52/1/1068 462/1/1066
f 1332/1/1069 85/1/562 87/1/411
f 1331/1/1070 88/1/409 86/1/561
f 1333/1/1071 87/1/411 149/1/244
f 1332/1/1069 150/1/242 88/1/409
f 1334/1/1072 149/1/244 263/1/241
f 1333/1/1071 264/1/250 150/1/242
f 1334/1/1072 85/1/562 1331/1/1070
f 1331/1/1070 264/1/250 1334/1/1072
f 1335/1/1073 61/1/137 1336/1/1074
f 1336/1/1074 68/1/138 1335/1/1073
f 1336/1/1074 465/1/1075 1337/1/1076
f 1337/1/1076 62/1/139 1336/1/1074
f 1337/1/1076 467/1/1078 1338/1/1079
f 1338/1/1079 466/1/1077 1337/1/1076
f 1335/1/1073 467/1/1078 67/1/141
f 1338/1/1079 68/1/138 468/1/1080
f 1340/1/1081 463/1/1083 469/1/1057
f 1339/1/1082 470/1/1060 464/1/1086
f 1340/1/1081 195/1/541 1341/1/1084
f 1341/1/1084 470/1/1060 1340/1/1081
f 1341/1/1084 189/1/540 1342/1/1085
f 1341/1/1084 190/1/539 196/1/543
f 1339/1/1082 189/1/540 463/1/1083
f 1342/1/1085 464/1/1086 190/1/539
f 1343/1/1087 123/1/109 1344/1/1088
f 1344/1/1088 472/1/110 1343/1/1087
f 1345/1/1089 123/1/109 71/1/148
f 1344/1/1088 72/1/150 124/1/118
f 1346/1/1090 71/1/148 67/1/141
f 1345/1/1089 68/1/138 72/1/150
f 1346/1/1090 467/1/1078 1347/1/1091
f 1347/1/1091 68/1/138 1346/1/1090
f 1347/1/1091 221/1/457 1348/1/1092
f 1347/1/1091 222/1/459 468/1/1080
f 1349/1/1093 221/1/457 217/1/466
f 1349/1/1093 222/1/459 1348/1/1092
f 1350/1/1094 217/1/466 213/1/618
f 1349/1/1093 214/1/620 218/1/465
f 1350/1/1094 211/1/472 1351/1/1095
f 1350/1/1094 212/1/470 214/1/620
f 1351/1/1095 207/1/469 1352/1/1096
f 1352/1/1096 212/1/470 1351/1/1095
f 1352/1/1096 203/1/549 1353/1/1097
f 1353/1/1097 208/1/471 1352/1/1096
f 1354/1/1098 203/1/549 199/1/544
f 1354/1/1098 204/1/548 1353/1/1097
f 1343/1/1087 199/1/544 471/1/112
f 1354/1/1098 472/1/110 200/1/546
f 1355/1/1099 623/1/1101 1356/1/1102
f 1355/1/1099 624/1/1103 620/1/1110
f 1356/1/1102 605/1/1104 1357/1/1105
f 1357/1/1105 624/1/1103 1356/1/1102
f 1358/1/1107 605/1/1104 611/1/1109
f 1357/1/1105 612/1/1108 606/1/1106
f 1355/1/1099 611/1/1109 619/1/1100
f 1358/1/1107 620/1/1110 612/1/1108
f 1360/1/1111 605/1/1104 613/1/1115
f 1359/1/1112 614/1/1113 606/1/1106
f 1361/1/1114 613/1/1115 607/1/1118
f 1360/1/1111 608/1/1116 614/1/1113
f 1362/1/1117 607/1/1118 601/1/1120
f 1361/1/1114 602/1/1119 608/1/1116
f 1359/1/1112 601/1/1120 605/1/1104
f 1359/1/1112 602/1/1119 1362/1/1117
f 1364/1/1121 675/1/1123 687/1/1125
f 1363/1/1122 688/1/1124 676/1/1132
f 1364/1/1121 685/1/1126 1365/1/1127
f 1365/1/1127 688/1/1124 1364/1/1121
f 1365/1/1127 683/1/1129 1366/1/1130
f 1365/1/1127 684/1/1131 686/1/1128
f 1363/1/1122 683/1/1129 675/1/1123
f 1366/1/1130 676/1/1132 684/1/1131
f 1367/1/1133 725/1/1134 1368/1/1135
f 1367/1/1133 726/1/1136 608/1/1116
f 1369/1/1137 725/1/1134 609/1/1140
f 1368/1/1135 610/1/1138 726/1/1136
f 1370/1/1139 609/1/1140 601/1/1120
f 1370/1/1139 610/1/1138 1369/1/1137
f 1370/1/1139 607/1/1118 1367/1/1133
f 1367/1/1133 602/1/1119 1370/1/1139
f 1371/1/1141 625/1/1143 1372/1/1144
f 1372/1/1144 622/1/1146 1371/1/1141
f 1372/1/1144 611/1/1109 1373/1/1147
f 1373/1/1147 626/1/1145 1372/1/1144
f 1373/1/1147 603/1/1148 1374/1/1149
f 1373/1/1147 604/1/1150 612/1/1108
f 1374/1/1149 621/1/1142 1371/1/1141
f 1371/1/1141 604/1/1150 1374/1/1149
f 1375/1/1151 633/1/1153 1376/1/1154
f 1376/1/1154 632/1/1156 1375/1/1151
f 1377/1/1157 633/1/1153 621/1/1142
f 1377/1/1157 634/1/1155 1376/1/1154
f 1378/1/1158 621/1/1142 603/1/1148
f 1377/1/1157 604/1/1150 622/1/1146
f 1378/1/1158 631/1/1152 1375/1/1151
f 1378/1/1158 632/1/1156 604/1/1150
f 1380/1/1159 627/1/1161 619/1/1100
f 1379/1/1160 620/1/1110 628/1/1164
f 1381/1/1162 619/1/1100 611/1/1109
f 1381/1/1162 620/1/1110 1380/1/1159
f 1382/1/1163 611/1/1109 625/1/1143
f 1381/1/1162 626/1/1145 612/1/1108
f 1382/1/1163 627/1/1161 1379/1/1160
f 1382/1/1163 628/1/1164 626/1/1145
f 1384/1/1165 615/1/1167 697/1/1170
f 1383/1/1166 698/1/1168 616/1/1174
f 1385/1/1169 697/1/1170 617/1/1172
f 1385/1/1169 698/1/1168 1384/1/1165
f 1385/1/1169 613/1/1115 1386/1/1173
f 1386/1/1173 618/1/1171 1385/1/1169
f 1386/1/1173 615/1/1167 1383/1/1166
f 1386/1/1173 616/1/1174 614/1/1113
f 1388/1/1175 431/1/187 387/1/185
f 1388/1/1175 432/1/186 1387/1/1176
f 1388/1/1175 383/1/91 1389/1/1177
f 1388/1/1175 384/1/90 388/1/182
f 1390/1/1178 383/1/91 433/1/89
f 1390/1/1178 384/1/90 1389/1/1177
f 1390/1/1178 431/1/187 1387/1/1176
f 1390/1/1178 432/1/186 434/1/87
f 1392/1/1179 673/1/1181 681/1/1185
f 1392/1/1179 674/1/1183 1391/1/1180
f 1393/1/1184 681/1/1185 679/1/1188
f 1393/1/1184 682/1/1182 1392/1/1179
f 1394/1/1187 679/1/1188 677/1/1190
f 1393/1/1184 678/1/1189 680/1/1186
f 1394/1/1187 673/1/1181 1391/1/1180
f 1394/1/1187 674/1/1183 678/1/1189
f 1395/1/1191 645/1/1192 1396/1/1193
f 1396/1/1193 634/1/1155 1395/1/1191
f 1397/1/1195 645/1/1192 637/1/1198
f 1397/1/1195 646/1/1194 1396/1/1193
f 1398/1/1197 637/1/1198 621/1/1142
f 1398/1/1197 638/1/1196 1397/1/1195
f 1398/1/1197 633/1/1153 1395/1/1191
f 1398/1/1197 634/1/1155 622/1/1146
f 1399/1/1199 681/1/1185 1400/1/1201
f 1400/1/1201 728/1/1202 1399/1/1199
f 1401/1/1203 681/1/1185 609/1/1140
f 1401/1/1203 682/1/1182 1400/1/1201
f 1401/1/1203 725/1/1134 1402/1/1204
f 1402/1/1204 610/1/1138 1401/1/1203
f 1402/1/1204 727/1/1200 1399/1/1199
f 1402/1/1204 728/1/1202 726/1/1136
f 1404/1/1205 609/1/1140 681/1/1185
f 1404/1/1205 610/1/1138 1403/1/1206
f 1404/1/1205 673/1/1181 1405/1/1207
f 1404/1/1205 674/1/1183 682/1/1182
f 1405/1/1207 631/1/1152 1406/1/1208
f 1405/1/1207 632/1/1156 674/1/1183
f 1403/1/1206 631/1/1152 609/1/1140
f 1406/1/1208 610/1/1138 632/1/1156
f 1408/1/1209 669/1/1211 635/1/1214
f 1408/1/1209 670/1/1213 1407/1/1210
f 1408/1/1209 659/1/1215 1409/1/1216
f 1408/1/1209 660/1/1217 636/1/1212
f 1409/1/1216 663/1/1218 1410/1/1219
f 1409/1/1216 664/1/1220 660/1/1217
f 1407/1/1210 663/1/1218 669/1/1211
f 1410/1/1219 670/1/1213 664/1/1220
f 1412/1/1221 723/1/1223 721/1/1226
f 1412/1/1221 724/1/1225 1411/1/1222
f 1412/1/1221 719/1/1227 1413/1/1228
f 1413/1/1228 722/1/1224 1412/1/1221
f 1413/1/1228 711/1/1230 1414/1/1231
f 1414/1/1231 720/1/1229 1413/1/1228
f 1414/1/1231 723/1/1223 1411/1/1222
f 1411/1/1222 712/1/1232 1414/1/1231
f 1415/1/1233 651/1/1235 1416/1/1236
f 1416/1/1236 644/1/1238 1415/1/1233
f 1416/1/1236 629/1/1239 1417/1/1240
f 1417/1/1240 652/1/1237 1416/1/1236
f 1418/1/1242 629/1/1239 641/1/1244
f 1417/1/1240 642/1/1243 630/1/1241
f 1415/1/1233 641/1/1244 643/1/1234
f 1418/1/1242 644/1/1238 642/1/1243
f 1419/1/1245 595/1/1247 1420/1/1248
f 1420/1/1248 590/1/1250 1419/1/1245
f 1420/1/1248 593/1/1251 1421/1/1252
f 1420/1/1248 594/1/1253 596/1/1249
f 1421/1/1252 587/1/1254 1422/1/1255
f 1422/1/1255 594/1/1253 1421/1/1252
f 1422/1/1255 589/1/1246 1419/1/1245
f 1419/1/1245 588/1/1256 1422/1/1255
f 1423/1/1257 719/1/1227 1424/1/1258
f 1424/1/1258 712/1/1232 1423/1/1257
f 1424/1/1258 617/1/1172 1425/1/1259
f 1425/1/1259 720/1/1229 1424/1/1258
f 1426/1/1260 617/1/1172 707/1/1262
f 1425/1/1259 708/1/1261 618/1/1171
f 1426/1/1260 711/1/1230 1423/1/1257
f 1423/1/1257 708/1/1261 1426/1/1260
f 1427/1/1263 589/1/1246 1428/1/1265
f 1428/1/1265 582/1/1266 1427/1/1263
f 1428/1/1265 587/1/1254 1429/1/1267
f 1428/1/1265 588/1/1256 590/1/1250
f 1429/1/1267 585/1/1268 1430/1/1269
f 1430/1/1269 588/1/1256 1429/1/1267
f 1430/1/1269 581/1/1264 1427/1/1263
f 1427/1/1263 586/1/1270 1430/1/1269
f 1432/1/1271 569/1/1273 575/1/1276
f 1431/1/1272 576/1/1274 570/1/1282
f 1433/1/1275 575/1/1276 573/1/1279
f 1432/1/1271 574/1/1277 576/1/1274
f 1434/1/1278 573/1/1279 565/1/1281
f 1434/1/1278 574/1/1277 1433/1/1275
f 1434/1/1278 569/1/1273 1431/1/1272
f 1434/1/1278 570/1/1282 566/1/1280
f 1436/1/1283 559/1/1285 569/1/1273
f 1435/1/1284 570/1/1282 560/1/1290
f 1436/1/1283 565/1/1281 1437/1/1286
f 1436/1/1283 566/1/1280 570/1/1282
f 1437/1/1286 555/1/1287 1438/1/1288
f 1437/1/1286 556/1/1289 566/1/1280
f 1435/1/1284 555/1/1287 559/1/1285
f 1435/1/1284 556/1/1289 1438/1/1288
f 1439/1/1291 577/1/1292 1440/1/1293
f 1440/1/1293 574/1/1277 1439/1/1291
f 1441/1/1295 577/1/1292 571/1/1298
f 1440/1/1293 572/1/1296 578/1/1294
f 1442/1/1297 571/1/1298 565/1/1281
f 1441/1/1295 566/1/1280 572/1/1296
f 1439/1/1291 565/1/1281 573/1/1279
f 1439/1/1291 566/1/1280 1442/1/1297
f 1443/1/1299 585/1/1268 1444/1/1300
f 1443/1/1299 586/1/1270 582/1/1266
f 1445/1/1301 585/1/1268 571/1/1298
f 1444/1/1300 572/1/1296 586/1/1270
f 1445/1/1301 577/1/1292 1446/1/1302
f 1446/1/1302 572/1/1296 1445/1/1301
f 1446/1/1302 581/1/1264 1443/1/1299
f 1443/1/1299 578/1/1294 1446/1/1302
f 1448/1/1303 667/1/1305 669/1/1211
f 1448/1/1303 668/1/1306 1447/1/1304
f 1448/1/1303 663/1/1218 1449/1/1307
f 1449/1/1307 670/1/1213 1448/1/1303
f 1449/1/1307 661/1/157 1450/1/1308
f 1449/1/1307 662/1/159 664/1/1220
f 1447/1/1304 661/1/157 667/1/1305
f 1450/1/1308 668/1/1306 662/1/159
f 1452/1/1309 587/1/1254 599/1/1312
f 1451/1/1310 600/1/1311 588/1/1256
f 1452/1/1309 557/1/1313 1453/1/1314
f 1452/1/1309 558/1/1315 600/1/1311
f 1453/1/1314 585/1/1268 1454/1/1316
f 1454/1/1316 558/1/1315 1453/1/1314
f 1451/1/1310 585/1/1268 587/1/1254
f 1451/1/1310 586/1/1270 1454/1/1316
f 1455/1/1317 597/1/1319 1456/1/1320
f 1456/1/1320 482/1/1322 1455/1/1317
f 1457/1/1323 597/1/1319 479/1/573
f 1457/1/1323 598/1/1321 1456/1/1320
f 1458/1/1324 479/1/573 475/1/1326
f 1457/1/1323 476/1/1325 480/1/582
f 1458/1/1324 481/1/1318 1455/1/1317
f 1458/1/1324 482/1/1322 476/1/1325
f 1459/1/1327 677/1/1190 1460/1/1328
f 1459/1/1327 678/1/1189 674/1/1183
f 1461/1/1329 677/1/1190 667/1/1305
f 1460/1/1328 668/1/1306 678/1/1189
f 1462/1/1330 667/1/1305 671/1/1332
f 1461/1/1329 672/1/1331 668/1/1306
f 1459/1/1327 671/1/1332 673/1/1181
f 1459/1/1327 672/1/1331 1462/1/1330
f 1464/1/1333 127/1/333 241/1/178
f 1463/1/1334 242/1/177 128/1/335
f 1464/1/1333 231/1/173 1465/1/1335
f 1465/1/1335 242/1/177 1464/1/1333
f 1465/1/1335 121/1/339 1466/1/1336
f 1466/1/1336 232/1/175 1465/1/1335
f 1463/1/1334 121/1/339 127/1/333
f 1466/1/1336 128/1/335 122/1/337
f 1468/1/1337 675/1/1123 683/1/1129
f 1468/1/1337 676/1/1132 1467/1/1338
f 1468/1/1337 635/1/1214 1469/1/1339
f 1469/1/1339 684/1/1131 1468/1/1337
f 1469/1/1339 669/1/1211 1470/1/1340
f 1469/1/1339 670/1/1213 636/1/1212
f 1470/1/1340 675/1/1123 1467/1/1338
f 1467/1/1338 670/1/1213 1470/1/1340
f 1472/1/1341 679/1/1188 687/1/1125
f 1471/1/1342 688/1/1124 680/1/1186
f 1472/1/1341 675/1/1123 1473/1/1343
f 1473/1/1343 688/1/1124 1472/1/1341
f 1473/1/1343 677/1/1190 1474/1/1344
f 1474/1/1344 676/1/1132 1473/1/1343
f 1471/1/1342 677/1/1190 679/1/1188
f 1474/1/1344 680/1/1186 678/1/1189
f 1476/1/1345 665/1/1347 663/1/1218
f 1475/1/1346 664/1/1220 666/1/1352
f 1477/1/1348 663/1/1218 659/1/1215
f 1476/1/1345 660/1/1217 664/1/1220
f 1478/1/1349 659/1/1215 653/1/1351
f 1478/1/1349 660/1/1217 1477/1/1348
f 1478/1/1349 665/1/1347 1475/1/1346
f 1475/1/1346 654/1/1350 1478/1/1349
f 1480/1/1353 635/1/1214 683/1/1129
f 1479/1/1354 684/1/1131 636/1/1212
f 1481/1/1355 683/1/1129 619/1/1100
f 1481/1/1355 684/1/1131 1480/1/1353
f 1481/1/1355 627/1/1161 1482/1/1356
f 1482/1/1356 620/1/1110 1481/1/1355
f 1482/1/1356 635/1/1214 1479/1/1354
f 1482/1/1356 636/1/1212 628/1/1164
f 1484/1/1357 503/1/1359 545/1/1362
f 1484/1/1357 504/1/1361 1483/1/1358
f 1484/1/1357 481/1/1318 1485/1/1363
f 1484/1/1357 482/1/1322 546/1/1360
f 1486/1/1364 481/1/1318 487/1/1366
f 1485/1/1363 488/1/1365 482/1/1322
f 1483/1/1358 487/1/1366 503/1/1359
f 1483/1/1358 488/1/1365 1486/1/1364
f 1488/1/1367 473/1/787 487/1/1366
f 1487/1/1368 488/1/1365 474/1/786
f 1488/1/1367 481/1/1318 1489/1/1369
f 1488/1/1367 482/1/1322 488/1/1365
f 1489/1/1369 475/1/1326 1490/1/1370
f 1490/1/1370 482/1/1322 1489/1/1369
f 1487/1/1368 475/1/1326 473/1/787
f 1490/1/1370 474/1/786 476/1/1325
f 1491/1/1371 673/1/1181 1492/1/1372
f 1491/1/1371 674/1/1183 632/1/1156
f 1493/1/1373 673/1/1181 671/1/1332
f 1492/1/1372 672/1/1331 674/1/1183
f 1494/1/1374 671/1/1332 633/1/1153
f 1494/1/1374 672/1/1331 1493/1/1373
f 1491/1/1371 633/1/1153 631/1/1152
f 1494/1/1374 632/1/1156 634/1/1155
f 1496/1/1375 529/1/1377 547/1/1379
f 1495/1/1376 548/1/1378 530/1/1386
f 1496/1/1375 539/1/1380 1497/1/1381
f 1496/1/1375 540/1/1382 548/1/1378
f 1498/1/1383 539/1/1380 537/1/1385
f 1497/1/1381 538/1/1384 540/1/1382
f 1495/1/1376 537/1/1385 529/1/1377
f 1495/1/1376 538/1/1384 1498/1/1383
f 1499/1/1387 677/1/1190 1500/1/1388
f 1500/1/1388 668/1/1306 1499/1/1387
f 1501/1/1389 677/1/1190 675/1/1123
f 1501/1/1389 678/1/1189 1500/1/1388
f 1501/1/1389 669/1/1211 1502/1/1390
f 1501/1/1389 670/1/1213 676/1/1132
f 1502/1/1390 667/1/1305 1499/1/1387
f 1499/1/1387 670/1/1213 1502/1/1390
f 1503/1/1391 541/1/1393 1504/1/1394
f 1504/1/1394 536/1/1396 1503/1/1391
f 1505/1/1397 541/1/1393 503/1/1359
f 1505/1/1397 542/1/1395 1504/1/1394
f 1505/1/1397 501/1/1398 1506/1/1399
f 1505/1/1397 502/1/1400 504/1/1361
f 1506/1/1399 535/1/1392 1503/1/1391
f 1503/1/1391 502/1/1400 1506/1/1399
f 1508/1/1401 655/1/156 671/1/1332
f 1507/1/1402 672/1/1331 656/1/160
f 1508/1/1401 667/1/1305 1509/1/1403
f 1508/1/1401 668/1/1306 672/1/1331
f 1509/1/1403 661/1/157 1510/1/1404
f 1510/1/1404 668/1/1306 1509/1/1403
f 1507/1/1402 661/1/157 655/1/156
f 1507/1/1402 662/1/159 1510/1/1404
f 1512/1/1405 695/1/1407 697/1/1170
f 1512/1/1405 696/1/1408 1511/1/1406
f 1512/1/1405 615/1/1167 1513/1/1409
f 1513/1/1409 698/1/1168 1512/1/1405
f 1513/1/1409 689/1/1410 1514/1/1411
f 1513/1/1409 690/1/1412 616/1/1174
f 1511/1/1406 689/1/1410 695/1/1407
f 1511/1/1406 690/1/1412 1514/1/1411
f 1515/1/1413 671/1/1332 1516/1/1414
f 1515/1/1413 672/1/1331 634/1/1155
f 1516/1/1414 655/1/156 1517/1/1415
f 1517/1/1415 672/1/1331 1516/1/1414
f 1518/1/1416 655/1/156 645/1/1192
f 1518/1/1416 656/1/160 1517/1/1415
f 1515/1/1413 645/1/1192 633/1/1153
f 1515/1/1413 646/1/1194 1518/1/1416
f 1519/1/1417 651/1/1235 1520/1/1418
f 1519/1/1417 652/1/1237 630/1/1241
f 1520/1/1418 627/1/1161 1521/1/1419
f 1521/1/1419 652/1/1237 1520/1/1418
f 1522/1/1420 627/1/1161 625/1/1143
f 1522/1/1420 628/1/1164 1521/1/1419
f 1519/1/1417 625/1/1143 629/1/1239
f 1522/1/1420 630/1/1241 626/1/1145
f 1523/1/1421 719/1/1227 1524/1/1422
f 1523/1/1421 720/1/1229 618/1/1171
f 1524/1/1422 607/1/1118 1525/1/1423
f 1525/1/1423 720/1/1229 1524/1/1422
f 1526/1/1424 607/1/1118 613/1/1115
f 1526/1/1424 608/1/1116 1525/1/1423
f 1523/1/1421 613/1/1115 617/1/1172
f 1526/1/1424 618/1/1171 614/1/1113
f 1527/1/1425 727/1/1200 1528/1/1426
f 1527/1/1425 728/1/1202 682/1/1182
f 1528/1/1426 691/1/1427 1529/1/1428
f 1529/1/1428 728/1/1202 1528/1/1426
f 1529/1/1428 679/1/1188 1530/1/1430
f 1530/1/1430 692/1/1429 1529/1/1428
f 1527/1/1425 679/1/1188 681/1/1185
f 1527/1/1425 680/1/1186 1530/1/1430
f 1531/1/1431 697/1/1170 1532/1/1433
f 1532/1/1433 704/1/1434 1531/1/1431
f 1533/1/1435 697/1/1170 695/1/1407
f 1533/1/1435 698/1/1168 1532/1/1433
f 1533/1/1435 701/1/1436 1534/1/1437
f 1533/1/1435 702/1/1438 696/1/1408
f 1534/1/1437 703/1/1432 1531/1/1431
f 1531/1/1431 702/1/1438 1534/1/1437
f 1535/1/1439 705/1/1441 1536/1/1442
f 1536/1/1442 700/1/1444 1535/1/1439
f 1537/1/1445 705/1/1441 701/1/1436
f 1536/1/1442 702/1/1438 706/1/1443
f 1537/1/1445 695/1/1407 1538/1/1446
f 1537/1/1445 696/1/1408 702/1/1438
f 1538/1/1446 699/1/1440 1535/1/1439
f 1535/1/1439 696/1/1408 1538/1/1446
f 1539/1/1447 617/1/1172 1540/1/1448
f 1540/1/1448 708/1/1261 1539/1/1447
f 1541/1/1449 617/1/1172 697/1/1170
f 1540/1/1448 698/1/1168 618/1/1171
f 1542/1/1450 697/1/1170 703/1/1432
f 1541/1/1449 704/1/1434 698/1/1168
f 1542/1/1450 707/1/1262 1539/1/1447
f 1539/1/1447 704/1/1434 1542/1/1450
f 1543/1/1451 713/1/1452 1544/1/1453
f 1544/1/1453 700/1/1444 1543/1/1451
f 1545/1/1455 713/1/1452 709/1/1458
f 1545/1/1455 714/1/1454 1544/1/1453
f 1546/1/1457 709/1/1458 705/1/1441
f 1545/1/1455 706/1/1443 710/1/1456
f 1543/1/1451 705/1/1441 699/1/1440
f 1546/1/1457 700/1/1444 706/1/1443
f 1548/1/1459 567/1/578 579/1/1463
f 1547/1/1460 580/1/1461 568/1/577
f 1549/1/1462 579/1/1463 575/1/1276
f 1548/1/1459 576/1/1274 580/1/1461
f 1549/1/1462 569/1/1273 1550/1/1464
f 1550/1/1464 576/1/1274 1549/1/1462
f 1550/1/1464 567/1/578 1547/1/1460
f 1547/1/1460 570/1/1282 1550/1/1464
f 1552/1/1465 715/1/1467 717/1/1471
f 1552/1/1465 716/1/1469 1551/1/1466
f 1553/1/1470 717/1/1471 709/1/1458
f 1552/1/1465 710/1/1456 718/1/1468
f 1554/1/1472 709/1/1458 713/1/1452
f 1553/1/1470 714/1/1454 710/1/1456
f 1551/1/1466 713/1/1452 715/1/1467
f 1554/1/1472 716/1/1469 714/1/1454
f 1556/1/1473 691/1/1427 727/1/1200
f 1556/1/1473 692/1/1429 1555/1/1474
f 1556/1/1473 715/1/1467 1557/1/1475
f 1557/1/1475 728/1/1202 1556/1/1473
f 1557/1/1475 713/1/1452 1558/1/1476
f 1557/1/1475 714/1/1454 716/1/1469
f 1555/1/1474 713/1/1452 691/1/1427
f 1558/1/1476 692/1/1429 714/1/1454
f 1560/1/1477 653/1/1351 659/1/1215
f 1560/1/1477 654/1/1350 1559/1/1478
f 1560/1/1477 651/1/1235 1561/1/1479
f 1560/1/1477 652/1/1237 660/1/1217
f 1562/1/1480 651/1/1235 643/1/1234
f 1561/1/1479 644/1/1238 652/1/1237
f 1559/1/1478 643/1/1234 653/1/1351
f 1562/1/1480 654/1/1350 644/1/1238
f 1564/1/1481 721/1/1226 723/1/1223
f 1564/1/1481 722/1/1224 1563/1/1482
f 1565/1/1483 723/1/1223 717/1/1471
f 1564/1/1481 718/1/1468 724/1/1225
f 1566/1/1484 717/1/1471 715/1/1467
f 1565/1/1483 716/1/1469 718/1/1468
f 1563/1/1482 715/1/1467 721/1/1226
f 1566/1/1484 722/1/1224 716/1/1469
f 1567/1/1485 721/1/1226 1568/1/1486
f 1567/1/1485 722/1/1224 720/1/1229
f 1569/1/1487 721/1/1226 725/1/1134
f 1568/1/1486 726/1/1136 722/1/1224
f 1570/1/1488 725/1/1134 607/1/1118
f 1570/1/1488 726/1/1136 1569/1/1487
f 1570/1/1488 719/1/1227 1567/1/1485
f 1570/1/1488 720/1/1229 608/1/1116
f 1571/1/1489 699/1/1440 1572/1/1491
f 1572/1/1491 694/1/1492 1571/1/1489
f 1573/1/1493 699/1/1440 695/1/1407
f 1573/1/1493 700/1/1444 1572/1/1491
f 1574/1/1494 695/1/1407 689/1/1410
f 1574/1/1494 696/1/1408 1573/1/1493
f 1574/1/1494 693/1/1490 1571/1/1489
f 1574/1/1494 694/1/1492 690/1/1412
f 1575/1/1495 353/1/752 1576/1/1496
f 1575/1/1495 354/1/754 360/1/757
f 1577/1/1497 353/1/752 421/1/191
f 1577/1/1497 354/1/754 1576/1/1496
f 1577/1/1497 425/1/188 1578/1/1498
f 1577/1/1497 426/1/190 422/1/193
f 1575/1/1495 425/1/188 359/1/755
f 1575/1/1495 426/1/190 1578/1/1498
f 1580/1/1499 477/1/1501 483/1/781
f 1580/1/1499 478/1/1502 1579/1/1500
f 1581/1/1503 483/1/781 473/1/787
f 1580/1/1499 474/1/786 484/1/788
f 1582/1/1504 473/1/787 475/1/1326
f 1581/1/1503 476/1/1325 474/1/786
f 1582/1/1504 477/1/1501 1579/1/1500
f 1579/1/1500 476/1/1325 1582/1/1504
f 1583/1/1505 491/1/1507 1584/1/1508
f 1584/1/1508 498/1/1510 1583/1/1505
f 1585/1/1511 491/1/1507 489/1/784
f 1585/1/1511 492/1/1509 1584/1/1508
f 1585/1/1511 483/1/781 1586/1/1512
f 1586/1/1512 490/1/782 1585/1/1511
f 1586/1/1512 497/1/1506 1583/1/1505
f 1586/1/1512 498/1/1510 484/1/788
f 1588/1/1513 623/1/1101 619/1/1100
f 1587/1/1514 620/1/1110 624/1/1103
f 1589/1/1515 619/1/1100 683/1/1129
f 1588/1/1513 684/1/1131 620/1/1110
f 1589/1/1515 685/1/1126 1590/1/1516
f 1589/1/1515 686/1/1128 684/1/1131
f 1590/1/1516 623/1/1101 1587/1/1514
f 1587/1/1514 686/1/1128 1590/1/1516
f 1591/1/1517 495/1/313 1592/1/1518
f 1591/1/1517 496/1/311 486/1/314
f 1593/1/1519 495/1/313 487/1/1366
f 1592/1/1518 488/1/1365 496/1/311
f 1594/1/1520 487/1/1366 473/1/787
f 1594/1/1520 488/1/1365 1593/1/1519
f 1594/1/1520 485/1/315 1591/1/1517
f 1591/1/1517 474/1/786 1594/1/1520
f 1596/1/1521 477/1/1501 561/1/579
f 1595/1/1522 562/1/581 478/1/1502
f 1596/1/1521 559/1/1285 1597/1/1523
f 1596/1/1521 560/1/1290 562/1/581
f 1598/1/1524 559/1/1285 553/1/1526
f 1597/1/1523 554/1/1525 560/1/1290
f 1595/1/1522 553/1/1526 477/1/1501
f 1595/1/1522 554/1/1525 1598/1/1524
f 1600/1/1527 621/1/1142 637/1/1198
f 1599/1/1528 638/1/1196 622/1/1146
f 1601/1/1529 637/1/1198 629/1/1239
f 1601/1/1529 638/1/1196 1600/1/1527
f 1601/1/1529 625/1/1143 1602/1/1530
f 1602/1/1530 630/1/1241 1601/1/1529
f 1602/1/1530 621/1/1142 1599/1/1528
f 1602/1/1530 622/1/1146 626/1/1145
f 1603/1/1531 569/1/1273 1604/1/1532
f 1603/1/1531 570/1/1282 568/1/577
f 1604/1/1532 559/1/1285 1605/1/1533
f 1605/1/1533 570/1/1282 1604/1/1532
f 1606/1/1534 559/1/1285 561/1/579
f 1606/1/1534 560/1/1290 1605/1/1533
f 1603/1/1531 561/1/579 567/1/578
f 1606/1/1534 568/1/577 562/1/581
f 1608/1/1535 477/1/1501 553/1/1526
f 1607/1/1536 554/1/1525 478/1/1502
f 1608/1/1535 497/1/1506 1609/1/1537
f 1609/1/1537 554/1/1525 1608/1/1535
f 1609/1/1537 483/1/781 1610/1/1538
f 1610/1/1538 498/1/1510 1609/1/1537
f 1610/1/1538 477/1/1501 1607/1/1536
f 1610/1/1538 478/1/1502 484/1/788
f 1611/1/1539 477/1/1501 1612/1/1540
f 1612/1/1540 562/1/581 1611/1/1539
f 1612/1/1540 475/1/1326 1613/1/1541
f 1612/1/1540 476/1/1325 478/1/1502
f 1613/1/1541 479/1/573 1614/1/1542
f 1614/1/1542 476/1/1325 1613/1/1541
f 1614/1/1542 561/1/579 1611/1/1539
f 1611/1/1539 480/1/582 1614/1/1542
f 1615/1/1543 623/1/1101 1616/1/1544
f 1615/1/1543 624/1/1103 606/1/1106
f 1616/1/1544 615/1/1167 1617/1/1545
f 1617/1/1545 624/1/1103 1616/1/1544
f 1618/1/1546 615/1/1167 613/1/1115
f 1618/1/1546 616/1/1174 1617/1/1545
f 1618/1/1546 605/1/1104 1615/1/1543
f 1615/1/1543 614/1/1113 1618/1/1546
f 1619/1/1547 485/1/315 1620/1/1548
f 1620/1/1548 500/1/316 1619/1/1547
f 1621/1/1549 485/1/315 489/1/784
f 1621/1/1549 486/1/314 1620/1/1548
f 1622/1/1550 489/1/784 493/1/1552
f 1621/1/1549 494/1/1551 490/1/782
f 1622/1/1550 499/1/306 1619/1/1547
f 1622/1/1550 500/1/316 494/1/1551
f 1624/1/1553 491/1/1507 521/1/1557
f 1623/1/1554 522/1/1555 492/1/1509
f 1625/1/1556 521/1/1557 493/1/1552
f 1625/1/1556 522/1/1555 1624/1/1553
f 1625/1/1556 489/1/784 1626/1/1558
f 1626/1/1558 494/1/1551 1625/1/1556
f 1626/1/1558 491/1/1507 1623/1/1554
f 1626/1/1558 492/1/1509 490/1/782
f 1628/1/1559 529/1/1377 491/1/1507
f 1628/1/1559 530/1/1386 1627/1/1560
f 1629/1/1561 491/1/1507 497/1/1506
f 1628/1/1559 498/1/1510 492/1/1509
f 1629/1/1561 547/1/1379 1630/1/1562
f 1629/1/1561 548/1/1378 498/1/1510
f 1630/1/1562 529/1/1377 1627/1/1560
f 1627/1/1560 548/1/1378 1630/1/1562
f 1632/1/1563 689/1/1410 615/1/1167
f 1632/1/1563 690/1/1412 1631/1/1564
f 1633/1/1565 615/1/1167 623/1/1101
f 1632/1/1563 624/1/1103 616/1/1174
f 1633/1/1565 685/1/1126 1634/1/1566
f 1633/1/1565 686/1/1128 624/1/1103
f 1634/1/1566 689/1/1410 1631/1/1564
f 1631/1/1564 686/1/1128 1634/1/1566
f 1635/1/1567 593/1/1251 1636/1/1568
f 1636/1/1568 598/1/1321 1635/1/1567
f 1637/1/1569 593/1/1251 591/1/576
f 1637/1/1569 594/1/1253 1636/1/1568
f 1638/1/1570 591/1/576 479/1/573
f 1638/1/1570 592/1/574 1637/1/1569
f 1638/1/1570 597/1/1319 1635/1/1567
f 1638/1/1570 598/1/1321 480/1/582
f 1640/1/1571 493/1/1552 513/1/1574
f 1639/1/1572 514/1/1573 494/1/1551
f 1640/1/1571 509/1/1575 1641/1/1576
f 1641/1/1576 514/1/1573 1640/1/1571
f 1641/1/1576 499/1/306 1642/1/1578
f 1642/1/1578 510/1/1577 1641/1/1576
f 1642/1/1578 493/1/1552 1639/1/1572
f 1639/1/1572 500/1/316 1642/1/1578
f 1644/1/1579 493/1/1552 521/1/1557
f 1643/1/1580 522/1/1555 494/1/1551
f 1645/1/1581 521/1/1557 517/1/1583
f 1644/1/1579 518/1/1582 522/1/1555
f 1645/1/1581 513/1/1574 1646/1/1584
f 1646/1/1584 518/1/1582 1645/1/1581
f 1646/1/1584 493/1/1552 1643/1/1580
f 1643/1/1580 514/1/1573 1646/1/1584
f 1647/1/1585 511/1/1586 1648/1/1587
f 1648/1/1587 510/1/1577 1647/1/1585
f 1649/1/1589 511/1/1586 507/1/307
f 1649/1/1589 512/1/1588 1648/1/1587
f 1649/1/1589 499/1/306 1650/1/1590
f 1650/1/1590 508/1/309 1649/1/1589
f 1650/1/1590 509/1/1575 1647/1/1585
f 1647/1/1585 500/1/316 1650/1/1590
f 1652/1/1591 515/1/1593 505/1/1596
f 1651/1/1592 506/1/1594 516/1/1598
f 1653/1/1595 505/1/1596 507/1/307
f 1652/1/1591 508/1/309 506/1/1594
f 1654/1/1597 507/1/307 511/1/1586
f 1654/1/1597 508/1/309 1653/1/1595
f 1651/1/1592 511/1/1586 515/1/1593
f 1654/1/1597 516/1/1598 512/1/1588
f 1656/1/1599 521/1/1557 527/1/1602
f 1656/1/1599 522/1/1555 1655/1/1600
f 1656/1/1599 523/1/1603 1657/1/1604
f 1656/1/1599 524/1/1605 528/1/1601
f 1657/1/1604 517/1/1583 1658/1/1606
f 1658/1/1606 524/1/1605 1657/1/1604
f 1658/1/1606 521/1/1557 1655/1/1600
f 1655/1/1600 518/1/1582 1658/1/1606
f 1659/1/1607 507/1/307 1660/1/1608
f 1659/1/1607 508/1/309 496/1/311
f 1660/1/1608 505/1/1596 1661/1/1609
f 1660/1/1608 506/1/1594 508/1/309
f 1662/1/1610 505/1/1596 501/1/1398
f 1661/1/1609 502/1/1400 506/1/1594
f 1659/1/1607 501/1/1398 495/1/313
f 1659/1/1607 502/1/1400 1662/1/1610
f 1664/1/1611 519/1/1613 525/1/1616
f 1663/1/1612 526/1/1614 520/1/1618
f 1665/1/1615 525/1/1616 505/1/1596
f 1664/1/1611 506/1/1594 526/1/1614
f 1666/1/1617 505/1/1596 515/1/1593
f 1666/1/1617 506/1/1594 1665/1/1615
f 1663/1/1612 515/1/1593 519/1/1613
f 1666/1/1617 520/1/1618 516/1/1598
f 1667/1/1619 529/1/1377 1668/1/1620
f 1667/1/1619 530/1/1386 492/1/1509
f 1669/1/1621 529/1/1377 527/1/1602
f 1669/1/1621 530/1/1386 1668/1/1620
f 1670/1/1622 527/1/1602 521/1/1557
f 1670/1/1622 528/1/1601 1669/1/1621
f 1670/1/1622 491/1/1507 1667/1/1619
f 1667/1/1619 522/1/1555 1670/1/1622
f 1671/1/1623 533/1/1625 1672/1/1626
f 1672/1/1626 532/1/1628 1671/1/1623
f 1673/1/1629 533/1/1625 523/1/1603
f 1672/1/1626 524/1/1605 534/1/1627
f 1673/1/1629 527/1/1602 1674/1/1630
f 1673/1/1629 528/1/1601 524/1/1605
f 1674/1/1630 531/1/1624 1671/1/1623
f 1671/1/1623 528/1/1601 1674/1/1630
f 1676/1/1631 519/1/1613 533/1/1625
f 1675/1/1632 534/1/1627 520/1/1618
f 1677/1/1633 533/1/1625 531/1/1624
f 1676/1/1631 532/1/1628 534/1/1627
f 1677/1/1633 525/1/1616 1678/1/1634
f 1678/1/1634 532/1/1628 1677/1/1633
f 1675/1/1632 525/1/1616 519/1/1613
f 1675/1/1632 526/1/1614 1678/1/1634
f 1680/1/1635 535/1/1392 501/1/1398
f 1680/1/1635 536/1/1396 1679/1/1636
f 1680/1/1635 505/1/1596 1681/1/1637
f 1681/1/1637 502/1/1400 1680/1/1635
f 1681/1/1637 525/1/1616 1682/1/1638
f 1681/1/1637 526/1/1614 506/1/1594
f 1679/1/1636 525/1/1616 535/1/1392
f 1682/1/1638 536/1/1396 526/1/1614
f 1684/1/1639 531/1/1624 537/1/1385
f 1683/1/1640 538/1/1384 532/1/1628
f 1684/1/1639 535/1/1392 1685/1/1641
f 1684/1/1639 536/1/1396 538/1/1384
f 1685/1/1641 525/1/1616 1686/1/1642
f 1686/1/1642 536/1/1396 1685/1/1641
f 1683/1/1640 525/1/1616 531/1/1624
f 1683/1/1640 526/1/1614 1686/1/1642
f 1688/1/1643 527/1/1602 529/1/1377
f 1688/1/1643 528/1/1601 1687/1/1644
f 1688/1/1643 537/1/1385 1689/1/1645
f 1688/1/1643 538/1/1384 530/1/1386
f 1689/1/1645 531/1/1624 1690/1/1646
f 1690/1/1646 538/1/1384 1689/1/1645
f 1687/1/1644 531/1/1624 527/1/1602
f 1687/1/1644 532/1/1628 1690/1/1646
f 1691/1/1647 503/1/1359 1692/1/1648
f 1692/1/1648 502/1/1400 1691/1/1647
f 1693/1/1649 503/1/1359 487/1/1366
f 1693/1/1649 504/1/1361 1692/1/1648
f 1693/1/1649 495/1/313 1694/1/1650
f 1694/1/1650 488/1/1365 1693/1/1649
f 1694/1/1650 501/1/1398 1691/1/1647
f 1694/1/1650 502/1/1400 496/1/311
f 1696/1/1651 691/1/1427 693/1/1490
f 1695/1/1652 694/1/1492 692/1/1429
f 1697/1/1653 693/1/1490 687/1/1125
f 1697/1/1653 694/1/1492 1696/1/1651
f 1697/1/1653 679/1/1188 1698/1/1654
f 1697/1/1653 680/1/1186 688/1/1124
f 1695/1/1652 679/1/1188 691/1/1427
f 1698/1/1654 692/1/1429 680/1/1186
f 1700/1/1655 747/1/728 745/1/347
f 1700/1/1655 748/1/730 1699/1/1656
f 1700/1/1655 463/1/1083 1701/1/1657
f 1701/1/1657 746/1/346 1700/1/1655
f 1702/1/1658 463/1/1083 459/1/1050
f 1702/1/1658 464/1/1086 1701/1/1657
f 1699/1/1656 459/1/1050 747/1/728
f 1702/1/1658 748/1/730 460/1/1049
f 1703/1/1659 541/1/1393 1704/1/1660
f 1703/1/1659 542/1/1395 540/1/1382
f 1705/1/1661 541/1/1393 535/1/1392
f 1704/1/1660 536/1/1396 542/1/1395
f 1706/1/1662 535/1/1392 537/1/1385
f 1705/1/1661 538/1/1384 536/1/1396
f 1703/1/1659 537/1/1385 539/1/1380
f 1703/1/1659 538/1/1384 1706/1/1662
f 1708/1/1663 687/1/1125 693/1/1490
f 1707/1/1664 694/1/1492 688/1/1124
f 1709/1/1665 693/1/1490 689/1/1410
f 1709/1/1665 694/1/1492 1708/1/1663
f 1710/1/1666 689/1/1410 685/1/1126
f 1709/1/1665 686/1/1128 690/1/1412
f 1710/1/1666 687/1/1125 1707/1/1664
f 1710/1/1666 688/1/1124 686/1/1128
f 1711/1/1667 545/1/1362 1712/1/1669
f 1711/1/1667 546/1/1360 544/1/1672
f 1713/1/1670 545/1/1362 503/1/1359
f 1712/1/1669 504/1/1361 546/1/1360
f 1714/1/1671 503/1/1359 541/1/1393
f 1714/1/1671 504/1/1361 1713/1/1670
f 1711/1/1667 541/1/1393 543/1/1668
f 1714/1/1671 544/1/1672 542/1/1395
f 1716/1/1673 539/1/1380 551/1/1676
f 1715/1/1674 552/1/1675 540/1/1382
f 1716/1/1673 543/1/1668 1717/1/1677
f 1717/1/1677 552/1/1675 1716/1/1673
f 1718/1/1678 543/1/1668 541/1/1393
f 1718/1/1678 544/1/1672 1717/1/1677
f 1715/1/1674 541/1/1393 539/1/1380
f 1718/1/1678 540/1/1382 542/1/1395
f 1720/1/1679 497/1/1506 553/1/1526
f 1719/1/1680 554/1/1525 498/1/1510
f 1721/1/1681 553/1/1526 549/1/1684
f 1720/1/1679 550/1/1682 554/1/1525
f 1722/1/1683 549/1/1684 547/1/1379
f 1721/1/1681 548/1/1378 550/1/1682
f 1722/1/1683 497/1/1506 1719/1/1680
f 1719/1/1680 548/1/1378 1722/1/1683
f 1724/1/1685 549/1/1684 551/1/1676
f 1723/1/1686 552/1/1675 550/1/1682
f 1724/1/1685 539/1/1380 1725/1/1687
f 1724/1/1685 540/1/1382 552/1/1675
f 1725/1/1687 547/1/1379 1726/1/1688
f 1726/1/1688 540/1/1382 1725/1/1687
f 1723/1/1686 547/1/1379 549/1/1684
f 1723/1/1686 548/1/1378 1726/1/1688
f 1727/1/1689 559/1/1285 1728/1/1690
f 1728/1/1690 554/1/1525 1727/1/1689
f 1728/1/1690 555/1/1287 1729/1/1691
f 1728/1/1690 556/1/1289 560/1/1290
f 1730/1/1692 555/1/1287 549/1/1684
f 1729/1/1691 550/1/1682 556/1/1289
f 1727/1/1689 549/1/1684 553/1/1526
f 1727/1/1689 550/1/1682 1730/1/1692
f 1731/1/1693 563/1/1694 1732/1/1695
f 1731/1/1693 564/1/1696 556/1/1289
f 1732/1/1695 551/1/1676 1733/1/1697
f 1733/1/1697 564/1/1696 1732/1/1695
f 1734/1/1698 551/1/1676 549/1/1684
f 1734/1/1698 552/1/1675 1733/1/1697
f 1734/1/1698 555/1/1287 1731/1/1693
f 1731/1/1693 550/1/1682 1734/1/1698
f 1735/1/1699 563/1/1694 1736/1/1700
f 1735/1/1699 564/1/1696 552/1/1675
f 1736/1/1700 557/1/1313 1737/1/1701
f 1737/1/1701 564/1/1696 1736/1/1700
f 1737/1/1701 543/1/1668 1738/1/1702
f 1738/1/1702 558/1/1315 1737/1/1701
f 1735/1/1699 543/1/1668 551/1/1676
f 1735/1/1699 544/1/1672 1738/1/1702
f 1740/1/1703 557/1/1313 599/1/1312
f 1739/1/1704 600/1/1311 558/1/1315
f 1741/1/1705 599/1/1312 545/1/1362
f 1741/1/1705 600/1/1311 1740/1/1703
f 1741/1/1705 543/1/1668 1742/1/1706
f 1741/1/1705 544/1/1672 546/1/1360
f 1739/1/1704 543/1/1668 557/1/1313
f 1742/1/1706 558/1/1315 544/1/1672
f 1744/1/1707 715/1/1467 727/1/1200
f 1743/1/1708 728/1/1202 716/1/1469
f 1745/1/1709 727/1/1200 725/1/1134
f 1745/1/1709 728/1/1202 1744/1/1707
f 1745/1/1709 721/1/1226 1746/1/1710
f 1745/1/1709 722/1/1224 726/1/1136
f 1746/1/1710 715/1/1467 1743/1/1708
f 1746/1/1710 716/1/1469 722/1/1224
f 1748/1/1711 571/1/1298 563/1/1694
f 1747/1/1712 564/1/1696 572/1/1296
f 1749/1/1713 563/1/1694 555/1/1287
f 1749/1/1713 564/1/1696 1748/1/1711
f 1749/1/1713 565/1/1281 1750/1/1714
f 1749/1/1713 566/1/1280 556/1/1289
f 1750/1/1714 571/1/1298 1747/1/1712
f 1750/1/1714 572/1/1296 566/1/1280
f 1752/1/1715 585/1/1268 557/1/1313
f 1751/1/1716 558/1/1315 586/1/1270
f 1753/1/1717 557/1/1313 563/1/1694
f 1753/1/1717 558/1/1315 1752/1/1715
f 1753/1/1717 571/1/1298 1754/1/1718
f 1754/1/1718 564/1/1696 1753/1/1717
f 1754/1/1718 585/1/1268 1751/1/1716
f 1754/1/1718 586/1/1270 572/1/1296
f 1756/1/1719 609/1/1140 631/1/1152
f 1756/1/1719 610/1/1138 1755/1/1720
f 1756/1/1719 603/1/1148 1757/1/1721
f 1757/1/1721 632/1/1156 1756/1/1719
f 1758/1/1722 603/1/1148 601/1/1120
f 1757/1/1721 602/1/1119 604/1/1150
f 1755/1/1720 601/1/1120 609/1/1140
f 1758/1/1722 610/1/1138 602/1/1119
f 1759/1/1723 655/1/156 1760/1/1724
f 1760/1/1724 646/1/1194 1759/1/1723
f 1760/1/1724 649/1/164 1761/1/1725
f 1761/1/1725 656/1/160 1760/1/1724
f 1761/1/1725 647/1/1726 1762/1/1727
f 1762/1/1727 650/1/166 1761/1/1725
f 1762/1/1727 645/1/1192 1759/1/1723
f 1762/1/1727 646/1/1194 648/1/1728
f 1763/1/1729 611/1/1109 1764/1/1730
f 1764/1/1730 604/1/1150 1763/1/1729
f 1765/1/1731 611/1/1109 605/1/1104
f 1764/1/1730 606/1/1106 612/1/1108
f 1766/1/1732 605/1/1104 601/1/1120
f 1765/1/1731 602/1/1119 606/1/1106
f 1763/1/1729 601/1/1120 603/1/1148
f 1766/1/1732 604/1/1150 602/1/1119
f 1767/1/1733 629/1/1239 1768/1/1734
f 1768/1/1734 642/1/1243 1767/1/1733
f 1769/1/1735 629/1/1239 637/1/1198
f 1768/1/1734 638/1/1196 630/1/1241
f 1770/1/1736 637/1/1198 639/1/1738
f 1769/1/1735 640/1/1737 638/1/1196
f 1767/1/1733 639/1/1738 641/1/1244
f 1770/1/1736 642/1/1243 640/1/1737
f 1772/1/1739 567/1/578 591/1/576
f 1771/1/1740 592/1/574 568/1/577
f 1773/1/1741 591/1/576 583/1/1744
f 1772/1/1739 584/1/1742 592/1/574
f 1774/1/1743 583/1/1744 579/1/1463
f 1773/1/1741 580/1/1461 584/1/1742
f 1774/1/1743 567/1/578 1771/1/1740
f 1771/1/1740 580/1/1461 1774/1/1743
f 1775/1/1745 665/1/1347 1776/1/1746
f 1776/1/1746 664/1/1220 1775/1/1745
f 1776/1/1746 657/1/161 1777/1/1747
f 1777/1/1747 666/1/1352 1776/1/1746
f 1777/1/1747 661/1/157 1778/1/1748
f 1777/1/1747 662/1/159 658/1/163
f 1775/1/1745 661/1/157 663/1/1218
f 1778/1/1748 664/1/1220 662/1/159
f 1779/1/1749 713/1/1452 1780/1/1750
f 1780/1/1750 692/1/1429 1779/1/1749
f 1781/1/1751 713/1/1452 699/1/1440
f 1781/1/1751 714/1/1454 1780/1/1750
f 1782/1/1752 699/1/1440 693/1/1490
f 1781/1/1751 694/1/1492 700/1/1444
f 1782/1/1752 691/1/1427 1779/1/1749
f 1782/1/1752 692/1/1429 694/1/1492
f 1783/1/1753 595/1/1247 1784/1/1754
f 1783/1/1753 596/1/1249 594/1/1253
f 1785/1/1755 595/1/1247 583/1/1744
f 1784/1/1754 584/1/1742 596/1/1249
f 1786/1/1756 583/1/1744 591/1/576
f 1785/1/1755 592/1/574 584/1/1742
f 1783/1/1753 591/1/576 593/1/1251
f 1786/1/1756 594/1/1253 592/1/574
f 1787/1/1757 647/1/1726 1788/1/1758
f 1787/1/1757 648/1/1728 646/1/1194
f 1789/1/1759 647/1/1726 639/1/1738
f 1788/1/1758 640/1/1737 648/1/1728
f 1790/1/1760 639/1/1738 637/1/1198
f 1789/1/1759 638/1/1196 640/1/1737
f 1787/1/1757 637/1/1198 645/1/1192
f 1790/1/1760 646/1/1194 638/1/1196
f 1791/1/1761 635/1/1214 1792/1/1762
f 1791/1/1761 636/1/1212 660/1/1217
f 1793/1/1763 635/1/1214 627/1/1161
f 1793/1/1763 636/1/1212 1792/1/1762
f 1794/1/1764 627/1/1161 651/1/1235
f 1793/1/1763 652/1/1237 628/1/1164
f 1794/1/1764 659/1/1215 1791/1/1761
f 1794/1/1764 660/1/1217 652/1/1237
f 1795/1/1765 599/1/1312 1796/1/1766
f 1795/1/1765 600/1/1311 598/1/1321
f 1796/1/1766 587/1/1254 1797/1/1767
f 1797/1/1767 600/1/1311 1796/1/1766
f 1798/1/1768 587/1/1254 593/1/1251
f 1798/1/1768 588/1/1256 1797/1/1767
f 1795/1/1765 593/1/1251 597/1/1319
f 1795/1/1765 594/1/1253 1798/1/1768
f 1800/1/1769 545/1/1362 599/1/1312
f 1799/1/1770 600/1/1311 546/1/1360
f 1801/1/1771 599/1/1312 597/1/1319
f 1801/1/1771 600/1/1311 1800/1/1769
f 1802/1/1772 597/1/1319 481/1/1318
f 1801/1/1771 482/1/1322 598/1/1321
f 1802/1/1772 545/1/1362 1799/1/1770
f 1802/1/1772 546/1/1360 482/1/1322
f 1804/1/1773 461/1/1067 465/1/1075
f 1803/1/1774 466/1/1077 462/1/1066
f 1805/1/1775 465/1/1075 61/1/137
f 1804/1/1773 62/1/139 466/1/1077
f 1806/1/1776 61/1/137 51/1/1063
f 1805/1/1775 52/1/1068 62/1/139
f 1806/1/1776 461/1/1067 1803/1/1774
f 1803/1/1774 52/1/1068 1806/1/1776
f 1808/1/1777 289/1/842 297/1/799
f 1807/1/1778 298/1/798 290/1/840
f 1809/1/1779 297/1/799 293/1/797
f 1808/1/1777 294/1/795 298/1/798
f 1810/1/1780 293/1/797 285/1/843
f 1809/1/1779 286/1/845 294/1/795
f 1810/1/1780 289/1/842 1807/1/1778
f 1807/1/1778 286/1/845 1810/1/1780
f 1811/1/1781 393/1/911 1812/1/1782
f 1811/1/1781 394/1/913 390/1/914
f 1813/1/1783 393/1/911 423/1/1016
f 1812/1/1782 424/1/1015 394/1/913
f 1813/1/1783 427/1/1014 1814/1/1784
f 1813/1/1783 428/1/1012 424/1/1015
f 1814/1/1784 389/1/897 1811/1/1781
f 1811/1/1781 428/1/1012 1814/1/1784
f 1816/1/1785 375/1/929 443/1/888
f 1815/1/1786 444/1/887 376/1/931
f 1817/1/1787 443/1/888 439/1/86
f 1816/1/1785 440/1/84 444/1/887
f 1817/1/1787 379/1/83 1818/1/1788
f 1818/1/1788 440/1/84 1817/1/1787
f 1815/1/1786 379/1/83 375/1/929
f 1818/1/1788 376/1/931 380/1/92
f 1820/1/1789 417/1/1017 423/1/1016
f 1820/1/1789 418/1/1019 1819/1/1790
f 1820/1/1789 393/1/911 1821/1/1791
f 1821/1/1791 424/1/1015 1820/1/1789
f 1822/1/1792 393/1/911 397/1/908
f 1821/1/1791 398/1/910 394/1/913
f 1822/1/1792 417/1/1017 1819/1/1790
f 1822/1/1792 418/1/1019 398/1/910
f 1824/1/1793 369/1/926 365/1/104
f 1824/1/1793 370/1/928 1823/1/1794
f 1824/1/1793 451/1/103 1825/1/1795
f 1824/1/1793 452/1/102 366/1/106
f 1826/1/1796 451/1/103 445/1/889
f 1826/1/1796 452/1/102 1825/1/1795
f 1826/1/1796 369/1/926 1823/1/1794
f 1826/1/1796 370/1/928 446/1/891
f 1827/1/1797 247/1/400 1828/1/1798
f 1827/1/1797 248/1/405 750/1/350
f 1829/1/1799 247/1/400 243/1/66
f 1828/1/1798 244/1/64 248/1/405
f 1830/1/1800 243/1/66 753/1/63
f 1830/1/1800 244/1/64 1829/1/1799
f 1830/1/1800 749/1/348 1827/1/1797
f 1830/1/1800 750/1/350 754/1/65
f 1832/1/1801 429/1/1008 385/1/900
f 1832/1/1801 430/1/1010 1831/1/1802
f 1832/1/1801 389/1/897 1833/1/1803
f 1833/1/1803 386/1/898 1832/1/1801
f 1834/1/1804 389/1/897 427/1/1014
f 1833/1/1803 428/1/1012 390/1/914
f 1834/1/1804 429/1/1008 1831/1/1802
f 1834/1/1804 430/1/1010 428/1/1012
f 1836/1/1805 279/1/519 447/1/27
f 1836/1/1805 280/1/518 1835/1/1806
f 1836/1/1805 441/1/24 1837/1/1807
f 1836/1/1805 442/1/26 448/1/29
f 1838/1/1808 441/1/24 271/1/520
f 1838/1/1808 442/1/26 1837/1/1807
f 1838/1/1808 279/1/519 1835/1/1806
f 1838/1/1808 280/1/518 272/1/522
f 1840/1/1809 385/1/900 429/1/1008
f 1840/1/1809 386/1/898 1839/1/1810
f 1840/1/1809 435/1/20 1841/1/1811
f 1840/1/1809 436/1/19 430/1/1010
f 1842/1/1812 435/1/20 381/1/18
f 1842/1/1812 436/1/19 1841/1/1811
f 1842/1/1812 385/1/900 1839/1/1810
f 1842/1/1812 386/1/898 382/1/16
f 1844/1/1813 101/1/283 103/1/411
f 1843/1/1070 104/1/409 102/1/285
f 1845/1/1071 103/1/411 109/1/1815
f 1844/1/1813 110/1/1814 104/1/409
f 1845/1/1071 735/1/286 1846/1/1816
f 1845/1/1071 736/1/288 110/1/1814
f 1846/1/1816 101/1/283 1843/1/1070
f 1843/1/1070 736/1/288 1846/1/1816
f 1848/1/1817 39/1/647 25/1/121
f 1847/1/1818 26/1/122 40/1/646
f 1848/1/1817 29/1/128 1849/1/1819
f 1849/1/1819 26/1/122 1848/1/1817
f 1849/1/1819 31/1/709 1850/1/1820
f 1850/1/1820 30/1/127 1849/1/1819
f 1847/1/1818 31/1/709 39/1/647
f 1850/1/1820 40/1/646 32/1/711
f 1852/1/1821 309/1/739 313/1/737
f 1852/1/1821 310/1/738 1851/1/1822
f 1852/1/1821 305/1/794 1853/1/1823
f 1852/1/1821 306/1/792 314/1/734
f 1854/1/1824 305/1/794 301/1/791
f 1854/1/1824 306/1/792 1853/1/1823
f 1854/1/1824 309/1/739 1851/1/1822
f 1854/1/1824 310/1/738 302/1/800
f 1856/1/1825 375/1/929 369/1/926
f 1855/1/1826 370/1/928 376/1/931
f 1856/1/1825 445/1/889 1857/1/1827
f 1856/1/1825 446/1/891 370/1/928
f 1858/1/1828 445/1/889 443/1/888
f 1858/1/1828 446/1/891 1857/1/1827
f 1858/1/1828 375/1/929 1855/1/1826
f 1855/1/1826 444/1/887 1858/1/1828
f 1860/1/1829 79/1/360 77/1/357
f 1859/1/252 78/1/254 80/1/255
f 1860/1/1829 73/1/257 1861/1/258
f 1861/1/258 78/1/254 1860/1/1829
f 1862/1/260 73/1/257 75/1/1831
f 1861/1/258 76/1/1830 74/1/259
f 1859/1/252 75/1/1831 79/1/360
f 1862/1/260 80/1/255 76/1/1830
f 1864/1/1832 413/1/208 417/1/1017
f 1864/1/1832 414/1/207 1863/1/1833
f 1864/1/1832 397/1/908 1865/1/1834
f 1864/1/1832 398/1/910 418/1/1019
f 1866/1/1835 397/1/908 403/1/209
f 1866/1/1835 398/1/910 1865/1/1834
f 1866/1/1835 413/1/208 1863/1/1833
f 1866/1/1835 414/1/207 404/1/211
f 1868/1/1836 227/1/319 225/1/321
f 1868/1/1836 228/1/324 1867/1/1837
f 1869/1/1838 225/1/321 223/1/460
f 1869/1/1838 226/1/323 1868/1/1836
f 1870/1/1839 223/1/460 221/1/457
f 1870/1/1839 224/1/458 1869/1/1838
f 1870/1/1839 467/1/1078 1871/1/1840
f 1870/1/1839 468/1/1080 222/1/459
f 1872/1/1841 467/1/1078 465/1/1075
f 1872/1/1841 468/1/1080 1871/1/1840
f 1873/1/1842 465/1/1075 461/1/1067
f 1872/1/1841 462/1/1066 466/1/1077
f 1873/1/1842 457/1/1043 1874/1/1843
f 1873/1/1842 458/1/1041 462/1/1066
f 1875/1/1844 457/1/1043 173/1/973
f 1875/1/1844 458/1/1041 1874/1/1843
f 1875/1/1844 175/1/660 1876/1/1845
f 1875/1/1844 176/1/662 174/1/975
f 1876/1/1845 233/1/657 1877/1/1846
f 1876/1/1845 234/1/659 176/1/662
f 1877/1/1846 229/1/712 1878/1/1847
f 1877/1/1846 230/1/714 234/1/659
f 1867/1/1837 229/1/712 227/1/319
f 1878/1/1847 228/1/324 230/1/714
f 1880/1/239 735/1/286 109/1/1815
f 1879/1/1848 110/1/1814 736/1/288
f 1881/1/1849 109/1/1815 111/1/232
f 1881/1/1849 110/1/1814 1880/1/239
f 1882/1/1850 111/1/232 733/1/229
f 1881/1/1849 734/1/238 112/1/230
f 1882/1/1850 735/1/286 1879/1/1848
f 1882/1/1850 736/1/288 734/1/238
f 1884/1/406 111/1/232 109/1/1815
f 1884/1/406 112/1/230 1883/1/1851
f 1885/1/1852 109/1/1815 103/1/411
f 1885/1/1852 110/1/1814 1884/1/406
f 1886/1/410 103/1/411 99/1/413
f 1886/1/410 104/1/409 1885/1/1852
f 1886/1/410 105/1/1853 1887/1/1854
f 1886/1/410 106/1/416 100/1/442
f 1888/1/1855 105/1/1853 107/1/1857
f 1888/1/1855 106/1/416 1887/1/1854
f 1888/1/1855 113/1/1858 1889/1/1859
f 1888/1/1855 114/1/1860 108/1/1856
f 1889/1/1859 119/1/1861 1890/1/1862
f 1889/1/1859 120/1/1863 114/1/1860
f 1891/1/1864 119/1/1861 89/1/257
f 1891/1/1864 120/1/1863 1890/1/1862
f 1891/1/1864 93/1/256 1892/1/1865
f 1891/1/1864 94/1/254 90/1/259
f 1892/1/1865 117/1/294 1893/1/1866
f 1892/1/1865 118/1/293 94/1/254
f 1893/1/1866 115/1/235 1894/1/430
f 1893/1/1866 116/1/233 118/1/293
f 1883/1/1851 115/1/235 111/1/232
f 1894/1/430 112/1/230 116/1/233
f 1896/1/1867 731/1/237 115/1/235
f 1895/1/720 116/1/233 732/1/236
f 1896/1/1867 117/1/294 1897/1/1868
f 1896/1/1867 118/1/293 116/1/233
f 1898/1/722 117/1/294 729/1/265
f 1897/1/1868 730/1/266 118/1/293
f 1895/1/720 729/1/265 731/1/237
f 1895/1/720 730/1/266 1898/1/722
f 1900/1/1869 113/1/1858 739/1/274
f 1899/1/1870 740/1/272 114/1/1860
f 1900/1/1869 737/1/268 1901/1/1871
f 1901/1/1871 740/1/272 1900/1/1869
f 1902/1/1872 737/1/268 119/1/1861
f 1901/1/1871 120/1/1863 738/1/270
f 1899/1/1870 119/1/1861 113/1/1858
f 1902/1/1872 114/1/1860 120/1/1863
f 1904/1/827 107/1/1857 741/1/276
f 1903/1/1873 742/1/275 108/1/1856
f 1905/1/1874 741/1/276 739/1/274
f 1904/1/827 740/1/272 742/1/275
f 1906/1/1875 739/1/274 113/1/1858
f 1906/1/1875 740/1/272 1905/1/1874
f 1903/1/1873 113/1/1858 107/1/1857
f 1906/1/1875 108/1/1856 114/1/1860
f 1908/1/1876 9/1/631 1/1/1880
f 1907/1/1877 2/1/1878 10/1/630
f 1909/1/1879 1/1/1880 49/1/1883
f 1908/1/1876 50/1/1881 2/1/1878
f 1910/1/1882 49/1/1883 53/1/835
f 1910/1/1882 50/1/1881 1909/1/1879
f 1910/1/1882 9/1/631 1907/1/1877
f 1907/1/1877 54/1/834 1910/1/1882
f 1912/1/1884 99/1/413 97/1/282
f 1911/1/1885 98/1/281 100/1/442
f 1913/1/1886 97/1/282 743/1/277
f 1912/1/1884 744/1/279 98/1/281
f 1914/1/1887 743/1/277 105/1/1853
f 1913/1/1886 106/1/416 744/1/279
f 1914/1/1887 99/1/413 1911/1/1885
f 1911/1/1885 106/1/416 1914/1/1887
f 1916/1/1888 57/1/364 49/1/1883
f 1915/1/1889 50/1/1881 58/1/366
f 1916/1/1888 1/1/1880 1917/1/1890
f 1917/1/1890 50/1/1881 1916/1/1888
f 1917/1/1890 7/1/368 1918/1/1891
f 1918/1/1891 2/1/1878 1917/1/1890
f 1915/1/1889 7/1/368 57/1/364
f 1918/1/1891 58/1/366 8/1/365
f 1920/1/697 105/1/1853 743/1/277
f 1919/1/1892 744/1/279 106/1/416
f 1921/1/1893 743/1/277 741/1/276
f 1920/1/697 742/1/275 744/1/279
f 1922/1/1894 741/1/276 107/1/1857
f 1921/1/1893 108/1/1856 742/1/275
f 1922/1/1894 105/1/1853 1919/1/1892
f 1919/1/1892 108/1/1856 1922/1/1894
f 1924/1/1895 125/1/115 759/1/114
f 1923/1/1896 760/1/113 126/1/117
f 1924/1/1895 757/1/72 1925/1/1897
f 1925/1/1897 760/1/113 1924/1/1895
f 1925/1/1897 131/1/79 1926/1/1898
f 1926/1/1898 758/1/71 1925/1/1897
f 1923/1/1896 131/1/79 125/1/115
f 1926/1/1898 126/1/117 132/1/76
f 1927/1/1899 463/1/1083 1928/1/1900
f 1928/1/1900 460/1/1049 1927/1/1899
f 1928/1/1900 189/1/540 1929/1/1901
f 1929/1/1901 464/1/1086 1928/1/1900
f 1929/1/1901 185/1/535 1930/1/1902
f 1930/1/1902 190/1/539 1929/1/1901
f 1927/1/1899 185/1/535 459/1/1050
f 1930/1/1902 460/1/1049 186/1/537
f 1931/1/1903 237/1/678 1932/1/1904
f 1932/1/1904 252/1/401 1931/1/1903
f 1933/1/1905 237/1/678 235/1/169
f 1932/1/1904 236/1/171 238/1/676
f 1934/1/1906 235/1/169 245/1/168
f 1933/1/1905 246/1/172 236/1/171
f 1934/1/1906 251/1/403 1931/1/1903
f 1934/1/1906 252/1/401 246/1/172
f 1935/1/1907 249/1/67 1936/1/1908
f 1936/1/1908 242/1/177 1935/1/1907
f 1937/1/1909 249/1/67 243/1/66
f 1936/1/1908 244/1/64 250/1/69
f 1938/1/1910 243/1/66 245/1/168
f 1937/1/1909 246/1/172 244/1/64
f 1938/1/1910 241/1/178 1935/1/1907
f 1935/1/1907 246/1/172 1938/1/1910
f 1940/1/1911 141/1/386 751/1/724
f 1939/1/1912 752/1/726 142/1/388
f 1941/1/1913 751/1/724 747/1/728
f 1940/1/1911 748/1/730 752/1/726
f 1941/1/1913 137/1/389 1942/1/1914
f 1942/1/1914 748/1/730 1941/1/1913
f 1942/1/1914 141/1/386 1939/1/1912
f 1939/1/1912 138/1/391 1942/1/1914
f 1944/1/264 259/1/692 257/1/354
f 1944/1/264 260/1/694 1943/1/1915
f 1945/1/1916 257/1/354 79/1/360
f 1945/1/1916 258/1/361 1944/1/264
f 1946/1/1917 79/1/360 75/1/1831
f 1946/1/1917 80/1/255 1945/1/1916
f 1946/1/1917 761/1/268 1947/1/269
f 1946/1/1917 762/1/1918 76/1/1830
f 1948/1/1919 761/1/268 763/1/830
f 1948/1/1919 762/1/1918 1947/1/269
f 1949/1/1920 763/1/830 765/1/702
f 1949/1/1920 764/1/829 1948/1/1919
f 1949/1/1920 767/1/700 1950/1/278
f 1949/1/1920 768/1/698 766/1/701
f 1951/1/280 767/1/700 81/1/563
f 1951/1/280 768/1/698 1950/1/278
f 1951/1/280 85/1/562 1952/1/1921
f 1951/1/280 86/1/561 82/1/565
f 1952/1/1921 263/1/241 1953/1/287
f 1952/1/1921 264/1/250 86/1/561
f 1953/1/287 261/1/249 1954/1/289
f 1953/1/287 262/1/248 264/1/250
f 1943/1/1915 261/1/249 259/1/692
f 1954/1/289 260/1/694 262/1/248
f 1956/1/1922 23/1/326 19/1/1926
f 1955/1/1923 20/1/1924 24/1/342
f 1957/1/1925 19/1/1926 65/1/144
f 1956/1/1922 66/1/142 20/1/1924
f 1957/1/1925 69/1/154 1958/1/1927
f 1958/1/1927 66/1/142 1957/1/1925
f 1958/1/1927 23/1/326 1955/1/1923
f 1955/1/1923 70/1/152 1958/1/1927
f 1959/1/1928 15/1/624 1960/1/1929
f 1960/1/1929 20/1/1924 1959/1/1928
f 1961/1/1930 15/1/624 63/1/146
f 1960/1/1929 64/1/145 16/1/632
f 1961/1/1930 65/1/144 1962/1/1931
f 1961/1/1930 66/1/142 64/1/145
f 1962/1/1931 19/1/1926 1959/1/1928
f 1959/1/1928 66/1/142 1962/1/1931
f 1964/1/1932 61/1/137 63/1/146
f 1963/1/1933 64/1/145 62/1/139
f 1965/1/1934 63/1/146 53/1/835
f 1964/1/1932 54/1/834 64/1/145
f 1965/1/1934 51/1/1063 1966/1/1935
f 1966/1/1935 54/1/834 1965/1/1934
f 1963/1/1933 51/1/1063 61/1/137
f 1966/1/1935 62/1/139 52/1/1068
f 1968/1/1936 169/1/449 165/1/585
f 1967/1/1937 166/1/587 170/1/451
f 1969/1/1938 165/1/585 161/1/594
f 1968/1/1936 162/1/593 166/1/587
f 1970/1/1939 161/1/594 163/1/454
f 1969/1/1938 164/1/453 162/1/593
f 1970/1/1939 169/1/449 1967/1/1937
f 1967/1/1937 164/1/453 1970/1/1939
f 1972/1/1940 159/1/423 153/1/420
f 1971/1/1941 154/1/422 160/1/425
f 1973/1/1942 153/1/420 763/1/830
f 1972/1/1940 764/1/829 154/1/422
f 1973/1/1942 761/1/268 1974/1/1871
f 1974/1/1871 764/1/829 1973/1/1942
f 1971/1/1941 761/1/268 159/1/423
f 1974/1/1871 160/1/425 762/1/1918
f 1975/1/1943 339/1/818 1976/1/1944
f 1975/1/1943 340/1/820 328/1/41
f 1976/1/1944 335/1/824 1977/1/1945
f 1977/1/1945 340/1/820 1976/1/1944
f 1978/1/1946 335/1/824 331/1/42
f 1977/1/1945 332/1/40 336/1/823
f 1975/1/1943 331/1/42 327/1/39
f 1978/1/1946 328/1/41 332/1/40
f 1979/1/1947 139/1/380 1980/1/1948
f 1980/1/1948 256/1/636 1979/1/1947
f 1980/1/1948 135/1/379 1981/1/1949
f 1981/1/1949 140/1/382 1980/1/1948
f 1982/1/1950 135/1/379 239/1/671
f 1981/1/1949 240/1/670 136/1/378
f 1979/1/1947 239/1/671 255/1/637
f 1982/1/1950 256/1/636 240/1/670
f 1984/1/1951 251/1/403 255/1/637
f 1984/1/1951 252/1/401 1983/1/1952
f 1984/1/1951 239/1/671 1985/1/1953
f 1985/1/1953 256/1/636 1984/1/1951
f 1986/1/1954 239/1/671 237/1/678
f 1986/1/1954 240/1/670 1985/1/1953
f 1983/1/1952 237/1/678 251/1/403
f 1986/1/1954 252/1/401 238/1/676
f 1987/1/1955 83/1/413 1988/1/1956
f 1988/1/1956 146/1/416 1987/1/1955
f 1989/1/1957 83/1/413 81/1/563
f 1989/1/1957 84/1/412 1988/1/1956
f 1990/1/1886 81/1/563 767/1/700
f 1989/1/1957 768/1/698 82/1/565
f 1987/1/1955 767/1/700 145/1/414
f 1990/1/1886 146/1/416 768/1/698
f 1991/1/1958 39/1/647 1992/1/1959
f 1991/1/1958 40/1/646 44/1/650
f 1992/1/1959 31/1/709 1993/1/1960
f 1993/1/1960 40/1/646 1992/1/1959
f 1993/1/1960 41/1/656 1994/1/1961
f 1993/1/1960 42/1/655 32/1/711
f 1991/1/1958 41/1/656 43/1/648
f 1994/1/1961 44/1/650 42/1/655
f 1996/1/1962 47/1/371 43/1/648
f 1995/1/1963 44/1/650 48/1/373
f 1996/1/1962 41/1/656 1997/1/1964
f 1997/1/1964 44/1/650 1996/1/1962
f 1997/1/1964 45/1/377 1998/1/1965
f 1998/1/1965 42/1/655 1997/1/1964
f 1995/1/1963 45/1/377 47/1/371
f 1998/1/1965 48/1/373 46/1/375
f 2000/1/1966 5/1/370 7/1/368
f 2000/1/1966 6/1/369 1999/1/1967
f 2001/1/1968 7/1/368 1/1/1880
f 2000/1/1966 2/1/1878 8/1/365
f 2002/1/1969 1/1/1880 3/1/642
f 2002/1/1969 2/1/1878 2001/1/1968
f 2002/1/1969 5/1/370 1999/1/1967
f 1999/1/1967 4/1/644 2002/1/1969
f 2003/1/1970 253/1/638 2004/1/1971
f 2003/1/1970 254/1/640 752/1/726
f 2005/1/1972 253/1/638 247/1/400
f 2005/1/1972 254/1/640 2004/1/1971
f 2005/1/1972 749/1/348 2006/1/1973
f 2005/1/1972 750/1/350 248/1/405
f 2003/1/1970 749/1/348 751/1/724
f 2003/1/1970 750/1/350 2006/1/1973
f 2007/1/1974 75/1/1831 2008/1/1975
f 2008/1/1975 762/1/1918 2007/1/1974
f 2009/1/1976 75/1/1831 73/1/257
f 2008/1/1975 74/1/259 76/1/1830
f 2010/1/1977 73/1/257 159/1/423
f 2009/1/1976 160/1/425 74/1/259
f 2007/1/1974 159/1/423 761/1/268
f 2010/1/1977 762/1/1918 160/1/425
f 2012/1/1978 9/1/631 11/1/629
f 2012/1/1978 10/1/630 2011/1/1979
f 2012/1/1978 3/1/642 2013/1/1980
f 2012/1/1978 4/1/644 12/1/627
f 2014/1/1981 3/1/642 1/1/1880
f 2014/1/1981 4/1/644 2013/1/1980
f 2014/1/1981 9/1/631 2011/1/1979
f 2014/1/1981 10/1/630 2/1/1878
f 2015/1/1982 23/1/326 2016/1/1983
f 2016/1/1983 20/1/1924 2015/1/1982
f 2016/1/1983 21/1/51 2017/1/1984
f 2016/1/1983 22/1/60 24/1/342
f 2018/1/1985 21/1/51 17/1/57
f 2017/1/1984 18/1/59 22/1/60
f 2018/1/1985 19/1/1926 2015/1/1982
f 2018/1/1985 20/1/1924 18/1/59
f 2020/1/1986 59/1/397 55/1/1045
f 2019/1/1987 56/1/1044 60/1/396
f 2021/1/1988 55/1/1045 49/1/1883
f 2020/1/1986 50/1/1881 56/1/1044
f 2021/1/1988 57/1/364 2022/1/1989
f 2022/1/1989 50/1/1881 2021/1/1988
f 2022/1/1989 59/1/397 2019/1/1987
f 2019/1/1987 58/1/366 2022/1/1989
f 2023/1/1990 469/1/1057 2024/1/1991
f 2023/1/1990 470/1/1060 472/1/110
f 2025/1/1992 469/1/1057 755/1/345
f 2024/1/1991 756/1/352 470/1/1060
f 2025/1/1992 759/1/114 2026/1/1993
f 2025/1/1992 760/1/113 756/1/352
f 2026/1/1993 471/1/112 2023/1/1990
f 2023/1/1990 760/1/113 2026/1/1993
f 2027/1/1974 91/1/262 2028/1/1994
f 2028/1/1994 738/1/270 2027/1/1974
f 2029/1/1995 91/1/262 89/1/257
f 2029/1/1995 92/1/261 2028/1/1994
f 2030/1/1996 89/1/257 119/1/1861
f 2029/1/1995 120/1/1863 90/1/259
f 2027/1/1974 119/1/1861 737/1/268
f 2030/1/1996 738/1/270 120/1/1863
f 2031/1/1997 55/1/1045 2032/1/1998
f 2032/1/1998 50/1/1881 2031/1/1997
f 2032/1/1998 51/1/1063 2033/1/1999
f 2032/1/1998 52/1/1068 56/1/1044
f 2034/1/2000 51/1/1063 53/1/835
f 2033/1/1999 54/1/834 52/1/1068
f 2034/1/2000 49/1/1883 2031/1/1997
f 2034/1/2000 50/1/1881 54/1/834
f 2035/1/2001 133/1/395 2036/1/2002
f 2036/1/2002 460/1/1049 2035/1/2001
f 2037/1/2003 133/1/395 137/1/389
f 2036/1/2002 138/1/391 134/1/393
f 2038/1/2004 137/1/389 747/1/728
f 2037/1/2003 748/1/730 138/1/391
f 2038/1/2004 459/1/1050 2035/1/2001
f 2035/1/2001 748/1/730 2038/1/2004
f 2039/1/2005 17/1/57 2040/1/2006
f 2039/1/2005 18/1/59 20/1/1924
f 2041/1/2007 17/1/57 13/1/433
f 2041/1/2007 18/1/59 2040/1/2006
f 2041/1/2007 15/1/624 2042/1/2008
f 2041/1/2007 16/1/632 14/1/435
f 2039/1/2005 15/1/624 19/1/1926
f 2039/1/2005 16/1/632 2042/1/2008
f 2043/1/2009 463/1/1083 2044/1/2010
f 2043/1/2009 464/1/1086 470/1/1060
f 2045/1/2011 463/1/1083 745/1/347
f 2044/1/2010 746/1/346 464/1/1086
f 2046/1/2012 745/1/347 755/1/345
f 2045/1/2011 756/1/352 746/1/346
f 2046/1/2012 469/1/1057 2043/1/2009
f 2043/1/2009 756/1/352 2046/1/2012
f 2047/1/2013 141/1/386 2048/1/2014
f 2048/1/2014 752/1/726 2047/1/2013
f 2048/1/2014 143/1/385 2049/1/2015
f 2048/1/2014 144/1/384 142/1/388
f 2050/1/2016 143/1/385 253/1/638
f 2049/1/2015 254/1/640 144/1/384
f 2050/1/2016 751/1/724 2047/1/2013
f 2050/1/2016 752/1/726 254/1/640
