# Blender 5.2.0 LTS
# www.blender.org
mtllib glass shotgun upper.mtl
o RenderMesh_14781990942
v -1.584236 0.016291 0.188028
v -1.585458 0.016076 0.189597
v -1.609894 0.161809 -0.105684
v -1.611261 0.162634 -0.106889
v -1.584236 0.016291 -0.156077
v -1.585458 0.016076 -0.157646
v -1.571406 -0.056468 -0.130880
v -1.572678 -0.056940 -0.132350
v -1.609894 0.161809 0.137635
v -1.611261 0.162634 0.138840
v -1.620523 0.222085 0.015976
v -1.621940 0.223496 0.015976
v -1.571406 -0.056468 0.162832
v -1.572678 -0.056940 0.164302
v -1.514279 -0.380455 -0.130880
v -1.515353 -0.381269 -0.132358
v -1.514279 -0.380455 0.162832
v -1.515353 -0.381269 0.164310
v -1.506331 -0.425527 0.015976
v -1.507383 -0.427228 0.015976
v -1.509932 -0.405106 0.137635
v -1.510926 -0.406688 0.138348
v -1.509932 -0.405106 -0.105684
v -1.510926 -0.406688 -0.106397
v 1.620523 0.053042 0.119530
v 1.621723 0.053042 0.121130
v 1.620523 0.126267 -0.057249
v 1.621840 0.126561 -0.058725
v 1.620523 0.126267 0.089200
v 1.621840 0.126561 0.090676
v 1.620523 -0.020182 -0.057249
v 1.621723 -0.021313 -0.058380
v 1.620523 0.053042 -0.087580
v 1.621723 0.053042 -0.089180
v 1.620523 -0.020182 0.089200
v 1.621723 -0.021313 0.090331
v 1.620523 -0.050513 0.015975
v 1.621723 -0.052113 0.015975
v 1.620523 0.193801 0.089200
v 1.621937 0.193801 0.090614
v 1.620523 0.193801 -0.057249
v 1.621937 0.193801 -0.058663
v 1.620523 0.243504 0.135084
v 1.621723 0.243504 0.136684
v 1.620523 0.159282 0.100198
v 1.621723 0.158151 0.101329
v 1.620523 0.327726 0.100198
v 1.621723 0.328857 0.101329
v 1.620523 0.124396 0.015975
v 1.621723 0.122796 0.015975
v 1.620523 0.159282 -0.068247
v 1.621723 0.158151 -0.069378
v 1.620523 0.243504 -0.103133
v 1.621723 0.243504 -0.104733
v 1.620523 0.327727 -0.068247
v 1.621723 0.328858 -0.069378
v 1.620523 0.362613 0.015975
v 1.621723 0.364213 0.015975
v 1.613587 0.418265 0.019521
v 1.614801 0.419624 0.020347
v 1.613587 0.341616 -0.027343
v 1.614729 0.342372 -0.028801
v 1.613587 0.418265 0.012430
v 1.614801 0.419624 0.011604
v 1.613587 0.341616 0.059294
v 1.614729 0.342372 0.060752
v -0.398118 0.321504 -0.058280
v -0.399532 0.321504 -0.059694
v -0.398118 0.321504 0.091152
v -0.399532 0.321504 0.092566
v -0.398118 0.385323 -0.058280
v -0.399273 0.386478 -0.059435
v -0.398118 0.385323 0.091152
v -0.399273 0.386478 0.092307
v -0.337969 0.399690 0.026461
v -0.339212 0.401102 0.025782
v -0.337969 0.338582 0.099776
v -0.339383 0.338582 0.101190
v -0.337969 0.399690 0.099776
v -0.339210 0.400194 0.101261
v -0.337969 0.338582 -0.067824
v -0.339383 0.338582 -0.069238
v -0.337969 0.425527 0.047140
v -0.339132 0.426994 0.046435
v -0.337969 0.425527 0.079950
v -0.339125 0.426991 0.080672
v -0.337969 0.399690 0.005491
v -0.339212 0.401102 0.006170
v -0.337969 0.399690 -0.067824
v -0.339210 0.400194 -0.069309
v -0.337969 0.425527 -0.015189
v -0.339132 0.426994 -0.014484
v -0.337969 0.425527 -0.047998
v -0.339125 0.426991 -0.048720
v -0.276435 0.252739 -0.188028
v -0.277590 0.253894 -0.189183
v -0.276435 0.047980 -0.188028
v -0.277590 0.046825 -0.189183
v -0.276435 0.047980 -0.076008
v -0.277849 0.046566 -0.076008
v -0.276435 0.252739 -0.076008
v -0.277849 0.254153 -0.076008
v 0.474898 0.385323 -0.058280
v 0.476053 0.386478 -0.059435
v 0.474898 0.385323 0.091152
v 0.476053 0.386478 0.092307
v 0.474898 0.321504 -0.058280
v 0.476312 0.321504 -0.059694
v 0.474898 0.321504 0.091152
v 0.476312 0.321504 0.092566
v 0.462828 0.252739 -0.076008
v 0.464242 0.254153 -0.076008
v 0.462828 0.047980 -0.188028
v 0.463983 0.046825 -0.189183
v 0.462828 0.252739 -0.188028
v 0.463983 0.253894 -0.189183
v 0.462828 0.047980 -0.076008
v 0.464242 0.046566 -0.076008
v -0.132944 0.425527 -0.047998
v -0.131788 0.426991 -0.048720
v -0.132944 0.425527 -0.015189
v -0.131781 0.426994 -0.014484
v -0.132944 0.425527 0.047140
v -0.131781 0.426994 0.046435
v -0.132944 0.425527 0.079950
v -0.131788 0.426991 0.080672
v -0.094095 0.252739 -0.188028
v -0.095790 0.253798 -0.188105
v -0.094095 0.047980 -0.188028
v -0.095766 0.046921 -0.188325
v -0.115427 0.047980 -0.135971
v -0.116559 0.046781 -0.137103
v -0.115427 0.252739 -0.135971
v -0.116559 0.253938 -0.137103
v -0.167206 0.047980 -0.114524
v -0.167206 0.046780 -0.116124
v -0.167206 0.252739 -0.114524
v -0.167206 0.253939 -0.116124
v 1.546309 0.418265 0.012430
v 1.545613 0.419934 0.011576
v 1.546309 0.418265 0.019521
v 1.545613 0.419934 0.020375
v -1.319298 -0.371492 0.137635
v -1.317823 -0.372638 0.138348
v -1.323644 -0.346841 0.162832
v -1.322357 -0.347239 0.164310
v -1.315697 -0.391913 0.015976
v -1.314126 -0.393151 0.015976
v -1.319298 -0.371492 -0.105684
v -1.317823 -0.372638 -0.106397
v -1.323644 -0.346841 -0.130880
v -1.322357 -0.347239 -0.132358
v -1.393601 0.049905 -0.156077
v -1.392379 0.050120 -0.157646
v -1.380772 -0.022854 -0.130880
v -1.379416 -0.022862 -0.132350
v -1.419260 0.195423 -0.105684
v -1.418257 0.196665 -0.106889
v -1.429888 0.255699 0.015976
v -1.429039 0.257510 0.015976
v -1.419260 0.195423 0.137635
v -1.418257 0.196665 0.138840
v -1.393601 0.049905 0.188028
v -1.392379 0.050120 0.189597
v -0.132944 0.399690 0.005491
v -0.131701 0.401102 0.006170
v -0.132944 0.399690 0.026461
v -0.131701 0.401102 0.025782
v -1.380772 -0.022854 0.162832
v -1.379416 -0.022862 0.164302
v -0.132944 0.399690 0.099776
v -0.131703 0.400194 0.101261
v -0.132944 0.338582 0.099776
v -0.131530 0.338582 0.101190
v 1.488217 0.341616 0.059294
v 1.487130 0.342961 0.060299
v 0.352467 0.252739 -0.114524
v 0.352467 0.253939 -0.116124
v 0.352467 0.047980 -0.114524
v 0.352467 0.046780 -0.116124
v 0.300688 0.252739 -0.135971
v 0.301820 0.253938 -0.137103
v 0.300688 0.047980 -0.135971
v 0.301820 0.046781 -0.137103
v -0.856626 -0.001513 -0.069945
v -0.856626 -0.002927 -0.071359
v -0.378339 -0.001513 -0.069945
v -0.378339 -0.002927 -0.071359
v -0.378339 -0.001513 0.093977
v -0.378339 -0.002927 0.095391
v -0.856626 -0.001513 0.093977
v -0.856626 -0.002927 0.095391
v 1.483625 0.053042 -0.087580
v 1.482425 0.053042 -0.089180
v 1.483625 -0.020182 -0.057249
v 1.482425 -0.021313 -0.058380
v 1.483625 -0.050513 0.015975
v 1.482425 -0.052113 0.015975
v 1.483625 -0.020182 0.089200
v 1.482425 -0.021313 0.090331
v 1.483625 0.053042 0.119531
v 1.482425 0.053042 0.121131
v 1.483625 0.126267 0.089200
v 1.482308 0.126561 0.090676
v 1.483625 0.193801 0.089200
v 1.482211 0.193801 0.090614
v -0.856626 0.275994 0.093977
v -0.856626 0.277408 0.095391
v -0.378339 0.275994 0.093977
v -0.378339 0.277408 0.095391
v 0.058051 0.047980 -0.135971
v 0.056918 0.046781 -0.137102
v 0.058051 0.252739 -0.135971
v 0.056919 0.253938 -0.137103
v 0.006272 0.047980 -0.114524
v 0.006272 0.046780 -0.116124
v 0.006272 0.252739 -0.114524
v 0.006272 0.253939 -0.116124
v 0.425578 0.047980 -0.188028
v 0.423907 0.046921 -0.188324
v 0.425578 0.252739 -0.188028
v 0.423908 0.253798 -0.188324
v 0.106639 0.252739 -0.188028
v 0.108310 0.253798 -0.188324
v 0.106639 0.047980 -0.188028
v 0.108334 0.046922 -0.188105
v 0.079383 0.252739 -0.188028
v 0.078494 0.253939 -0.189358
v 0.079383 0.047980 -0.188028
v 0.078494 0.046780 -0.189358
v -0.240317 0.252739 -0.188028
v -0.238646 0.253798 -0.188325
v -0.240317 0.047980 -0.188028
v -0.238622 0.046921 -0.188105
v -0.066839 0.252739 -0.188028
v -0.065168 0.253798 -0.188325
v -0.066839 0.047980 -0.188028
v -0.065169 0.046921 -0.188325
v 0.279355 0.252739 -0.188028
v 0.280243 0.253938 -0.189360
v 0.279355 0.047980 -0.188028
v 0.280242 0.046779 -0.189359
v 0.252919 0.252739 -0.187889
v 0.252795 0.253429 -0.189762
v 0.252861 0.047980 -0.188028
v 0.251356 0.046922 -0.188813
v -0.378339 0.275994 -0.069945
v -0.378339 0.277408 -0.071359
v -0.856626 0.275994 -0.069945
v -0.856626 0.277408 -0.071359
v 1.524234 0.176932 0.056114
v 1.524234 0.178346 0.057528
v 0.498202 0.176932 0.056114
v 0.498202 0.178346 0.057528
v 1.524234 0.057208 0.056114
v 1.524234 0.055794 0.057528
v 0.498202 0.057208 0.056114
v 0.498202 0.055794 0.057528
v 0.179750 0.047980 -0.114524
v 0.179750 0.046780 -0.116124
v 0.127971 0.047980 -0.135971
v 0.129103 0.046781 -0.137103
v -0.045507 0.047980 -0.135971
v -0.044375 0.046781 -0.137103
v -0.218985 0.047980 -0.135971
v -0.217853 0.046781 -0.137103
v 0.231529 0.047980 -0.135971
v 0.230397 0.046781 -0.137103
v 0.404246 0.047980 -0.135971
v 0.403114 0.046781 -0.137103
v -0.218985 0.252739 -0.135971
v -0.217853 0.253938 -0.137103
v -0.045507 0.252739 -0.135971
v -0.044374 0.253938 -0.137103
v 0.179750 0.252739 -0.114524
v 0.179750 0.253939 -0.116124
v 0.127971 0.252739 -0.135971
v 0.129103 0.253938 -0.137103
v 0.231529 0.252739 -0.135971
v 0.230396 0.253938 -0.137102
v 0.404246 0.252739 -0.135971
v 0.403114 0.253938 -0.137103
v 0.498202 0.057208 -0.024163
v 0.498202 0.055794 -0.025577
v 1.524234 0.057208 -0.024163
v 1.524234 0.055794 -0.025577
v 1.488217 0.341616 -0.027343
v 1.487130 0.342961 -0.028348
v -0.132944 0.399690 -0.067824
v -0.131703 0.400194 -0.069309
v -0.132944 0.338582 -0.067824
v -0.131530 0.338582 -0.069238
v 1.483625 0.159282 -0.068247
v 1.482425 0.158151 -0.069378
v 1.483625 0.124396 0.015975
v 1.482425 0.122796 0.015975
v 1.483625 0.243504 -0.103133
v 1.482425 0.243504 -0.104733
v 1.483625 0.159282 0.100198
v 1.482425 0.158151 0.101329
v 1.483625 0.327727 -0.068247
v 1.482425 0.328858 -0.069378
v 1.483625 0.243504 0.135084
v 1.482425 0.243504 0.136684
v 1.483625 0.362613 0.015975
v 1.482425 0.364213 0.015975
v 1.483625 0.327726 0.100198
v 1.482425 0.328857 0.101329
v 1.524234 0.176932 -0.024163
v 1.524234 0.178346 -0.025577
v 0.498202 0.176932 -0.024163
v 0.498202 0.178346 -0.025577
v 1.483625 0.193801 -0.057249
v 1.482211 0.193801 -0.058663
v 1.483625 0.126267 -0.057249
v 1.482294 0.126558 -0.058713
v 1.483025 0.327526 0.099998
v 1.483025 0.362331 0.015975
v 1.483025 0.327527 -0.068047
v 1.483025 0.243504 -0.102851
v 1.483025 0.159482 -0.068047
v 1.483025 0.124678 0.015975
v 1.483025 0.159482 0.099998
v 1.483025 0.243504 0.134802
v 0.462405 0.252316 -0.188605
v 0.462405 0.048403 -0.188605
v 0.425743 0.048451 -0.188176
v 0.425743 0.252269 -0.188176
v 1.613158 0.342882 0.059562
v 1.613194 0.418057 0.020394
v 1.546494 0.418212 0.020409
v 1.489552 0.343176 0.059336
v -0.337590 0.400396 0.025122
v -0.133323 0.400396 0.025122
v -0.133323 0.400396 0.006830
v -0.337590 0.400396 0.006830
v 0.079610 0.047380 -0.187693
v 0.106816 0.047451 -0.187067
v 0.127770 0.047381 -0.135772
v 0.179750 0.047380 -0.114242
v 0.231730 0.047381 -0.135772
v 0.252780 0.047451 -0.187421
v 0.279128 0.047380 -0.187694
v 0.300487 0.047381 -0.135772
v 0.352467 0.047380 -0.114242
v 0.404447 0.047381 -0.135772
v 0.425413 0.047451 -0.187176
v 0.462405 0.047403 -0.187605
v 0.462535 0.047273 -0.077008
v -0.276142 0.047273 -0.077008
v -0.276012 0.047403 -0.187605
v -0.240140 0.047451 -0.187067
v -0.219186 0.047381 -0.135772
v -0.167206 0.047380 -0.114242
v -0.115226 0.047381 -0.135772
v -0.094259 0.047451 -0.187176
v -0.066675 0.047451 -0.187176
v -0.045708 0.047381 -0.135772
v 0.006272 0.047380 -0.114242
v 0.058252 0.047381 -0.135772
v 1.621123 0.159482 -0.068047
v 1.621123 0.243504 -0.102851
v 1.621123 0.327527 -0.068047
v 1.621123 0.362331 0.015975
v 1.621123 0.327526 0.099998
v 1.621123 0.243504 0.134802
v 1.621123 0.159482 0.099998
v 1.621123 0.124678 0.015975
v -1.324159 -0.346229 0.163571
v -1.380905 -0.024017 0.163567
v -1.570883 -0.057515 0.163567
v -1.514005 -0.379703 0.163571
v -1.507033 -0.425378 0.015976
v -1.510591 -0.404979 0.137511
v -1.514888 -0.380452 0.162571
v -1.572071 -0.056541 0.162567
v -1.584847 0.016183 0.187756
v -1.610454 0.161522 0.137423
v -1.621037 0.221688 0.015976
v -1.610454 0.161522 -0.105472
v -1.584847 0.016183 -0.155805
v -1.572071 -0.056541 -0.130615
v -1.514888 -0.380452 -0.130619
v -1.510591 -0.404979 -0.105560
v -0.338590 0.399603 -0.067566
v -0.338676 0.339582 -0.067531
v -0.338676 0.339582 0.099483
v -0.338590 0.399603 0.099518
v -0.338547 0.425259 0.079818
v -0.338551 0.425260 0.047268
v -0.338590 0.399396 0.026602
v -0.338590 0.399396 0.005350
v -0.338551 0.425260 -0.015317
v -0.338547 0.425259 -0.047866
v -0.398825 0.322504 0.090859
v -0.398695 0.384900 0.090729
v -0.398695 0.384900 -0.057857
v -0.398825 0.322504 -0.057987
v 0.106487 0.048451 -0.188067
v 0.079939 0.048380 -0.188693
v 0.079939 0.252339 -0.188693
v 0.106474 0.252268 -0.188176
v -0.337547 0.425466 -0.048968
v -0.133366 0.425466 -0.048968
v -0.133323 0.400735 -0.067958
v -0.337590 0.400735 -0.067958
v 1.620123 -0.019824 -0.058197
v 1.484025 -0.019824 -0.058197
v 1.484025 0.052118 -0.087997
v 1.620123 0.052118 -0.087997
v 1.620123 0.123979 0.015051
v 1.484025 0.123979 0.015051
v 1.484025 0.158334 -0.067889
v 1.620123 0.158334 -0.067889
v -0.337547 0.426259 0.079311
v -0.133366 0.426259 0.079311
v -0.133362 0.426260 0.047788
v -0.337551 0.426260 0.047788
v 1.620123 -0.021130 0.088842
v 1.484025 -0.021130 0.088842
v 1.484025 -0.050930 0.016899
v 1.620123 -0.050930 0.016899
v -1.513709 -0.381382 -0.130910
v -1.323863 -0.347907 -0.130910
v -1.319668 -0.371545 -0.106750
v -1.509567 -0.405029 -0.106750
v -1.609428 0.161463 -0.106609
v -1.419579 0.194938 -0.106609
v -1.394139 0.050771 -0.156539
v -1.584026 0.017289 -0.156539
v -1.505902 -0.426038 0.016962
v -1.315926 -0.392540 0.016962
v -1.319516 -0.372404 0.137006
v -1.509415 -0.405889 0.137006
v 0.251730 0.048451 -0.187495
v 0.231342 0.048381 -0.137462
v 0.231344 0.252339 -0.137461
v 0.252476 0.252084 -0.187902
v 1.620181 0.125490 0.090321
v 1.483967 0.125490 0.090321
v 1.484025 0.053966 0.119948
v 1.620123 0.053966 0.119947
v -1.609428 0.161463 0.138560
v -1.584026 0.017289 0.188490
v -1.394139 0.050771 0.188490
v -1.419579 0.194939 0.138560
v -1.393811 0.048907 0.188490
v -1.583698 0.015425 0.188490
v -1.571221 -0.055598 0.163890
v -1.381243 -0.022100 0.163890
v -1.609671 0.162838 -0.105393
v -1.620169 0.222522 0.015083
v -1.430370 0.255988 0.015083
v -1.419822 0.196313 -0.105393
v -1.609671 0.162838 0.137344
v -1.419822 0.196313 0.137344
v -1.430370 0.255988 0.016869
v -1.620169 0.222522 0.016869
v -0.166282 0.048380 -0.115707
v -0.166282 0.252339 -0.115707
v -0.116917 0.252338 -0.136154
v -0.116917 0.048381 -0.136154
v -0.133323 0.401177 0.026747
v -0.337590 0.401177 0.026747
v -0.337551 0.425480 0.046163
v -0.133362 0.425480 0.046163
v -1.324159 -0.346229 -0.131619
v -1.514005 -0.379703 -0.131619
v -1.570883 -0.057515 -0.131615
v -1.380905 -0.024017 -0.131615
v -0.379339 -0.001220 0.094684
v -0.379339 0.275701 0.094684
v -0.855626 0.275701 0.094684
v -0.855626 -0.001220 0.094684
v 1.613158 0.342882 -0.027611
v 1.489552 0.343176 -0.027385
v 1.546494 0.418212 0.011542
v 1.613194 0.418057 0.011557
v -1.393811 0.048907 -0.156539
v -1.381243 -0.022100 -0.131938
v -1.571221 -0.055598 -0.131938
v -1.583698 0.015425 -0.156539
v 1.620123 0.242580 0.135501
v 1.484025 0.242580 0.135501
v 1.484025 0.159640 0.101146
v 1.620123 0.159640 0.101146
v -0.115614 0.048381 -0.137462
v -0.115614 0.252338 -0.137462
v -0.095322 0.252269 -0.187141
v -0.095310 0.048451 -0.187251
v 1.484025 0.328674 0.099840
v 1.620123 0.328674 0.099840
v 1.620123 0.363030 0.016899
v 1.484025 0.363030 0.016899
v 1.484025 0.363030 0.015051
v 1.620123 0.363030 0.015051
v 1.620123 0.328675 -0.067889
v 1.484025 0.328675 -0.067889
v -0.337551 0.426260 -0.015837
v -0.133362 0.426260 -0.015837
v -0.133366 0.426259 -0.047359
v -0.337547 0.426259 -0.047359
v 0.499202 0.057501 0.056821
v 1.523234 0.057501 0.056821
v 1.523234 0.176639 0.056821
v 0.499202 0.176639 0.056821
v -1.319668 -0.371545 0.138701
v -1.323863 -0.347907 0.162862
v -1.513709 -0.381382 0.162862
v -1.509567 -0.405029 0.138701
v 1.620123 0.052118 0.119947
v 1.484025 0.052118 0.119948
v 1.484025 -0.019824 0.090148
v 1.620123 -0.019824 0.090148
v -0.397695 0.385900 0.090729
v 0.474475 0.385900 0.090729
v 0.474475 0.385900 -0.057857
v -0.397695 0.385900 -0.057857
v -0.133323 0.398942 -0.068566
v -0.133237 0.339582 -0.068531
v -0.337676 0.339582 -0.068531
v -0.337590 0.398942 -0.068566
v -0.397825 0.322504 0.091859
v 0.474605 0.322504 0.091859
v 0.474475 0.384900 0.091729
v -0.397695 0.384900 0.091729
v 0.404059 0.048381 -0.137462
v 0.404059 0.252338 -0.137462
v 0.424364 0.252269 -0.187251
v 0.424363 0.048451 -0.187251
v 0.005348 0.048380 -0.115707
v -0.044017 0.048381 -0.136154
v -0.044017 0.252338 -0.136154
v 0.005348 0.252339 -0.115707
v 0.057864 0.048381 -0.137462
v 0.057864 0.252338 -0.137462
v 0.078559 0.252339 -0.187768
v 0.078559 0.048380 -0.187768
v -0.067004 0.048451 -0.188176
v -0.093930 0.048451 -0.188176
v -0.093942 0.252269 -0.188067
v -0.067004 0.252268 -0.188176
v -0.277142 0.048273 -0.077008
v -0.277142 0.252446 -0.077008
v -0.277012 0.252316 -0.187605
v -0.277012 0.048403 -0.187605
v 1.620230 0.192801 0.089907
v 1.483918 0.192801 0.089907
v 1.483967 0.127414 0.089938
v 1.620181 0.127414 0.089938
v 1.614158 0.342994 0.058377
v 1.614158 0.342994 -0.026426
v 1.614194 0.417944 0.012625
v 1.614194 0.417944 0.019326
v 1.488278 0.343085 0.058301
v 1.545357 0.418303 0.019279
v 1.545357 0.418303 0.012672
v 1.488278 0.343085 -0.026350
v -0.379339 0.275701 -0.070652
v -0.379339 -0.001220 -0.070652
v -0.855626 -0.001220 -0.070652
v -0.855626 0.275701 -0.070652
v 0.463535 0.252446 -0.077008
v 0.463535 0.048273 -0.077008
v 0.463405 0.048403 -0.187605
v 0.463405 0.252316 -0.187605
v -1.505902 -0.426038 0.014990
v -1.509415 -0.405889 -0.105055
v -1.319516 -0.372404 -0.105055
v -1.315926 -0.392540 0.014990
v -1.380123 -0.022695 0.162567
v -1.323073 -0.346630 0.162571
v -1.318722 -0.371147 0.137511
v -1.315088 -0.391533 0.015976
v -1.318722 -0.371147 -0.105560
v -1.323073 -0.346630 -0.130619
v -1.380123 -0.022695 -0.130615
v -1.392990 0.050013 -0.155805
v -1.418635 0.195345 -0.105472
v -1.429269 0.255502 0.015976
v -1.418635 0.195345 0.137423
v -1.392990 0.050013 0.187756
v 1.620123 0.053966 -0.087997
v 1.484025 0.053966 -0.087997
v 1.483959 0.125489 -0.058364
v 1.620181 0.125490 -0.058370
v 1.620123 -0.050930 0.015051
v 1.484025 -0.050930 0.015051
v 1.484025 -0.021130 -0.056891
v 1.620123 -0.021130 -0.056891
v -0.337676 0.339582 0.100483
v -0.133237 0.339582 0.100483
v -0.133323 0.398942 0.100518
v -0.337590 0.398942 0.100518
v 1.484025 0.327369 -0.069195
v 1.620123 0.327369 -0.069195
v 1.620123 0.244428 -0.103550
v 1.484025 0.244428 -0.103550
v 0.300875 0.048381 -0.137462
v 0.280178 0.048380 -0.187768
v 0.280178 0.252339 -0.187769
v 0.300875 0.252338 -0.137462
v 0.351543 0.048380 -0.115707
v 0.302178 0.048381 -0.136154
v 0.302178 0.252338 -0.136154
v 0.351543 0.252339 -0.115707
v -0.133366 0.425466 0.080920
v -0.337547 0.425466 0.080920
v -0.337590 0.400735 0.099910
v -0.133323 0.400735 0.099910
v 0.180674 0.048380 -0.115707
v 0.180674 0.252339 -0.115707
v 0.230039 0.252339 -0.136154
v 0.230039 0.048381 -0.136154
v 1.620123 0.158334 0.099840
v 1.484025 0.158334 0.099840
v 1.484025 0.123979 0.016899
v 1.620123 0.123979 0.016899
v 1.484025 0.242580 -0.103550
v 1.620123 0.242580 -0.103550
v 1.620123 0.159640 -0.069195
v 1.484025 0.159640 -0.069195
v 0.499202 0.177639 0.055821
v 1.523234 0.177639 0.055821
v 1.523234 0.177639 -0.023870
v 0.499202 0.177639 -0.023870
v -0.379339 -0.002220 0.093684
v -0.855626 -0.002220 0.093684
v -0.855626 -0.002220 -0.069652
v -0.379339 -0.002220 -0.069652
v 1.523234 0.056501 0.055821
v 0.499202 0.056501 0.055821
v 0.499202 0.056501 -0.023870
v 1.523234 0.056501 -0.023870
v 0.128158 0.048381 -0.137462
v 0.107866 0.048451 -0.187141
v 0.107854 0.252268 -0.187251
v 0.128158 0.252338 -0.137462
v 0.278798 0.048380 -0.188694
v 0.253109 0.048451 -0.188420
v 0.253857 0.252084 -0.188831
v 0.278799 0.252339 -0.188689
v 0.178826 0.048380 -0.115707
v 0.129461 0.048381 -0.136154
v 0.129461 0.252338 -0.136154
v 0.178826 0.252339 -0.115707
v 1.620123 0.327368 0.101146
v 1.484025 0.327368 0.101146
v 1.484025 0.244428 0.135501
v 1.620123 0.244428 0.135501
v 1.523234 0.176639 -0.024870
v 1.523234 0.057501 -0.024870
v 0.499202 0.057501 -0.024870
v 0.499202 0.176639 -0.024870
v 1.546961 0.419100 0.018948
v 1.613194 0.418944 0.018934
v 1.613194 0.418944 0.013017
v 1.546961 0.419100 0.013003
v -0.168130 0.048380 -0.115707
v -0.217495 0.048381 -0.136154
v -0.217495 0.252338 -0.136154
v -0.168130 0.252339 -0.115707
v 1.620181 0.127414 -0.057987
v 1.483959 0.127413 -0.057981
v 1.483918 0.192801 -0.057956
v 1.620230 0.192801 -0.057956
v -0.855626 0.276701 0.093684
v -0.379339 0.276701 0.093684
v -0.379339 0.276701 -0.069652
v -0.855626 0.276701 -0.069652
v -0.133362 0.425480 -0.014212
v -0.337551 0.425480 -0.014212
v -0.337590 0.401177 0.005205
v -0.133323 0.401177 0.005205
v 0.475475 0.384900 0.090729
v 0.475605 0.322504 0.090859
v 0.475605 0.322504 -0.057987
v 0.475475 0.384900 -0.057857
v 0.007196 0.048380 -0.115707
v 0.007196 0.252339 -0.115707
v 0.056561 0.252338 -0.136154
v 0.056561 0.048381 -0.136154
v 0.353391 0.048380 -0.115707
v 0.353391 0.252339 -0.115707
v 0.402756 0.252338 -0.136154
v 0.402756 0.048381 -0.136154
v -0.045320 0.048381 -0.137462
v -0.065625 0.048451 -0.187251
v -0.065624 0.252268 -0.187251
v -0.045320 0.252338 -0.137462
v -0.240469 0.048451 -0.188067
v -0.276012 0.048403 -0.188605
v -0.276012 0.252316 -0.188605
v -0.240482 0.252268 -0.188176
v -0.132323 0.399603 0.099518
v -0.132237 0.339582 0.099483
v -0.132237 0.339582 -0.067531
v -0.132323 0.399603 -0.067566
v -0.132366 0.425259 -0.047866
v -0.132362 0.425260 -0.015317
v -0.132323 0.399396 0.005350
v -0.132323 0.399396 0.026602
v -0.132362 0.425260 0.047268
v -0.132366 0.425259 0.079818
v 1.483025 0.053042 -0.087298
v 1.483025 -0.019982 -0.057049
v 1.483025 -0.050231 0.015975
v 1.483025 -0.019982 0.089000
v 1.483025 0.053042 0.119249
v 1.482967 0.126215 0.088938
v 1.482918 0.192801 0.088907
v 1.482918 0.192801 -0.056956
v 1.482959 0.126214 -0.056981
v -0.218798 0.048381 -0.137462
v -0.239090 0.048451 -0.187141
v -0.239102 0.252268 -0.187251
v -0.218798 0.252338 -0.137462
v 0.425414 0.253269 -0.187176
v 0.404447 0.253338 -0.135772
v 0.352467 0.253339 -0.114242
v 0.300487 0.253338 -0.135773
v 0.279129 0.253339 -0.187691
v 0.253528 0.253084 -0.187829
v 0.231729 0.253339 -0.135771
v 0.179750 0.253339 -0.114242
v 0.127770 0.253338 -0.135772
v 0.106804 0.253268 -0.187176
v 0.079610 0.253339 -0.187693
v 0.058252 0.253338 -0.135772
v 0.006272 0.253339 -0.114242
v -0.045708 0.253338 -0.135772
v -0.066675 0.253268 -0.187176
v -0.094272 0.253269 -0.187067
v -0.115226 0.253338 -0.135772
v -0.167206 0.253339 -0.114242
v -0.219186 0.253338 -0.135772
v -0.240153 0.253268 -0.187176
v -0.276012 0.253316 -0.187605
v -0.276142 0.253446 -0.077008
v 0.462535 0.253446 -0.077008
v 0.462405 0.253316 -0.187605
v 0.474475 0.384900 -0.058857
v 0.474605 0.322504 -0.058987
v -0.397825 0.322504 -0.058987
v -0.397695 0.384900 -0.058857
v 1.621123 -0.019982 0.089000
v 1.621123 -0.050231 0.015975
v 1.621123 -0.019982 -0.057049
v 1.621123 0.053042 -0.087298
v 1.621181 0.126215 -0.056987
v 1.621230 0.192801 -0.056956
v 1.621230 0.192801 0.088907
v 1.621181 0.126215 0.088938
v 1.621123 0.053042 0.119248
vn -0.3987 0.8473 0.3509
vn 0.9453 0.3012 0.1248
vn -0.3987 0.8473 -0.3509
vn 0.9454 0.3012 -0.1248
vn -0.3988 0.3509 -0.8473
vn 0.9453 0.1248 -0.3013
vn -0.3988 -0.3510 -0.8472
vn 0.9453 -0.1248 -0.3013
vn -0.3987 -0.8473 -0.3509
vn 0.9453 -0.3013 -0.1248
vn -0.3988 -0.8472 0.3509
vn 0.9453 -0.3014 0.1248
vn -0.3988 -0.3509 0.8473
vn 0.9453 -0.1248 0.3013
vn -0.3988 0.3509 0.8473
vn 0.9453 0.1248 0.3013
vn 0.8069 -0.0000 -0.5907
vn 0.3437 -0.0000 0.9391
vn -0.0049 -0.6312 -0.7756
vn -0.5426 -0.5302 -0.6515
vn -0.6000 -0.1805 0.7794
vn -0.4392 -0.5513 0.7094
vn 0.0159 -0.2285 0.9734
vn -0.5346 -0.5999 -0.5953
vn -0.7248 -0.5428 -0.4244
vn -0.7255 0.5423 -0.4238
vn 0.3952 -0.3839 0.8345
vn -0.0633 0.5999 0.7975
vn -0.0643 -0.5999 0.7975
vn -0.0049 0.6312 -0.7756
vn 0.2187 -0.0040 -0.9758
vn -0.5426 0.5297 -0.6519
vn -0.6001 0.1812 0.7792
vn 0.0159 0.2286 0.9734
vn 0.8769 0.2217 0.4265
vn 0.4272 -0.4187 -0.8014
vn 0.0012 0.9891 0.1470
vn -0.0004 -0.0247 -0.9997
vn -0.7434 0.6485 0.1634
vn -0.3514 -0.2068 -0.9131
vn -0.0010 -0.1087 0.9941
vn -0.0025 -0.9474 -0.3199
vn -0.0000 0.8846 0.4664
vn -0.0000 -0.6832 0.7303
vn 0.8813 0.4725 -0.0000
vn 0.3993 -0.9168 -0.0000
vn -0.0000 0.8846 -0.4664
vn -0.0000 -0.6832 -0.7303
vn -0.8813 0.4726 -0.0000
vn -0.3993 -0.9168 -0.0000
vn 0.0086 -0.7527 -0.6583
vn 0.0092 0.9232 -0.3842
vn 0.8564 -0.3790 -0.3506
vn 0.2827 0.9525 -0.1133
vn 0.3509 -0.3987 -0.8473
vn 0.1248 0.9453 -0.3013
vn -0.3509 -0.3988 -0.8473
vn -0.1249 0.9452 -0.3015
vn -0.8684 -0.3460 -0.3551
vn -0.2799 0.9535 -0.1118
vn -0.0048 -0.6397 -0.7686
vn -0.0015 0.9381 -0.3463
vn 0.8276 -0.4468 -0.3398
vn 0.3073 0.9432 -0.1267
vn 0.3510 -0.3986 -0.8473
vn -0.3509 -0.3987 -0.8473
vn -0.1247 0.9455 -0.3010
vn -0.8644 -0.3574 -0.3536
vn -0.8644 -0.3574 -0.3537
vn -0.2808 0.9532 -0.1123
vn -0.0043 -0.7542 -0.6566
vn -0.0046 0.9265 -0.3763
vn 0.8737 -0.4864 -0.0008
vn 0.3643 0.9313 0.0010
vn -0.0000 -0.8165 0.5774
vn -0.0000 0.8165 0.5773
vn -0.8738 -0.4863 -0.0008
vn -0.3644 0.9313 0.0010
vn 0.0052 -0.7798 -0.6259
vn 0.0066 0.9209 -0.3897
vn 0.2827 0.9525 -0.1134
vn -0.0000 -0.8490 -0.5284
vn -0.0000 0.9081 -0.4187
vn 0.8644 -0.3573 -0.3537
vn 0.8645 -0.3573 -0.3537
vn 0.2809 0.9531 -0.1123
vn -0.1247 0.9454 -0.3010
vn -0.8278 -0.4463 -0.3399
vn -0.3072 0.9432 -0.1266
vn -0.3071 0.9432 -0.1266
vn 0.3988 -0.3509 -0.8473
vn -0.9453 -0.1248 -0.3013
vn 0.3988 0.3510 -0.8472
vn -0.9453 0.1248 -0.3013
vn 0.3989 0.8472 -0.3510
vn -0.9453 0.3013 -0.1248
vn 0.3987 0.8473 0.3509
vn -0.9453 0.3013 0.1248
vn 0.3988 0.3509 0.8473
vn -0.9453 0.1248 0.3013
vn 0.3988 -0.3509 0.8473
vn -0.9453 -0.1248 0.3013
vn 0.3987 -0.8473 0.3509
vn -0.9453 -0.3013 0.1248
vn 0.3987 -0.8473 -0.3509
vn -0.9453 -0.3013 -0.1248
vn 0.8817 0.1554 0.4455
vn 0.4050 0.0713 -0.9115
vn -0.0952 0.5397 0.8365
vn -0.1115 0.6321 -0.7668
vn -0.8816 -0.1555 0.4455
vn -0.8816 -0.1556 0.4455
vn -0.4050 -0.0716 -0.9115
vn 0.1267 -0.7186 0.6838
vn 0.0854 -0.4846 -0.8706
vn -0.2098 -0.9652 0.1558
vn 0.9827 -0.1756 0.0581
vn -0.2700 -0.7109 0.6494
vn 0.9699 -0.0691 0.2334
vn -0.3778 -0.0667 0.9235
vn 0.9251 0.1634 0.3426
vn -0.3185 -0.3598 0.8770
vn 0.9431 0.0516 0.3285
vn -0.4361 0.2250 0.8713
vn 0.9107 0.2690 0.3134
vn -0.5458 0.7309 0.4098
vn 0.8829 0.4467 0.1446
vn -0.5458 0.7309 -0.4097
vn 0.8828 0.4470 -0.1446
vn -0.4361 0.2248 -0.8713
vn 0.9107 0.2690 -0.3135
vn -0.3186 -0.3598 -0.8770
vn 0.9431 0.0516 -0.3285
vn -0.3778 -0.0666 -0.9235
vn -0.3778 -0.0667 -0.9235
vn 0.9251 0.1634 -0.3426
vn -0.2699 -0.7111 -0.6492
vn 0.9699 -0.0691 -0.2335
vn -0.2099 -0.9652 -0.1558
vn 0.9828 -0.1755 -0.0581
vn -0.3833 -0.0000 -0.9236
vn 0.9333 -0.0023 -0.3590
vn -0.8165 -0.5773 -0.0000
vn 0.8165 -0.5773 -0.0000
vn -0.3827 -0.0000 0.9239
vn 0.9333 -0.0023 0.3590
vn -0.4016 0.5578 0.7263
vn -0.4016 0.5579 0.7263
vn 0.9453 0.1973 0.2599
vn -0.4189 0.9081 -0.0000
vn 0.9483 0.3175 -0.0001
vn -0.4223 0.5663 -0.7078
vn 0.9436 0.2052 -0.2598
vn -0.4274 0.9041 -0.0000
vn 0.9396 0.3422 -0.0000
vn -0.4223 0.5664 0.7077
vn 0.9436 0.2052 0.2598
vn -0.4188 0.9081 -0.0000
vn 0.9483 0.3174 0.0001
vn -0.4016 0.5579 -0.7263
vn 0.9453 0.1973 -0.2599
vn -0.4861 0.0014 0.8739
vn 0.9312 -0.0017 0.3645
vn -0.5906 0.8069 -0.0000
vn 0.9391 0.3437 -0.0000
vn -0.4862 0.0014 -0.8738
vn 0.9312 -0.0017 -0.3645
vn -0.8165 -0.5774 -0.0000
vn 0.0099 -0.6312 -0.7756
vn -0.2712 0.1595 -0.9492
vn 0.5799 -0.5144 -0.6317
vn 0.6759 -0.1590 0.7197
vn -0.0316 -0.2232 0.9743
vn -0.7675 -0.0000 -0.6411
vn -0.4182 -0.0000 0.9083
vn 0.0079 0.6845 -0.7289
vn 0.5329 0.5792 -0.6169
vn 0.5941 0.2002 0.7790
vn 0.4306 0.5690 0.7006
vn -0.0257 0.2543 0.9668
vn 0.3647 -0.6952 -0.6195
vn 0.4111 0.5856 -0.6986
vn 0.6220 0.5572 -0.5501
vn -0.4174 -0.3802 0.8254
vn -0.4892 0.4362 0.7553
vn 0.0374 -0.6750 0.7368
vn -0.0000 0.9980 -0.0632
vn -0.0000 -0.1604 0.9871
vn 0.8786 0.2912 -0.3784
vn 0.4187 -0.5525 0.7207
vn -0.0000 -0.1268 -0.9919
vn -0.0000 -0.9283 0.3719
vn -0.8787 0.2912 -0.3784
vn -0.4186 -0.5526 0.7207
vn -0.4186 -0.5525 0.7207
vn -0.0000 -0.9355 -0.3533
vn -0.0000 -0.1219 0.9925
vn -0.8794 -0.1822 -0.4398
vn -0.4193 0.3474 0.8387
vn -0.0000 0.4116 -0.9113
vn -0.0000 0.7881 0.6156
vn 0.8794 -0.1821 -0.4398
vn 0.4194 0.3474 0.8387
vn -0.0000 -0.9113 0.4117
vn -0.0000 0.6156 0.7881
vn -0.8794 -0.4398 -0.1822
vn -0.4194 0.8387 0.3474
vn -0.0000 -0.3533 -0.9355
vn -0.0000 0.9925 -0.1219
vn 0.8795 -0.4396 -0.1822
vn 0.4193 0.8387 0.3474
vn -0.0000 0.6577 0.7533
vn -0.0000 -0.8807 0.4736
vn 0.8675 0.4975 0.0001
vn 0.4206 -0.9072 -0.0000
vn -0.0000 0.6620 -0.7495
vn -0.0000 -0.8791 -0.4767
vn -0.8675 0.4975 0.0001
vn -0.4208 -0.9072 -0.0000
vn -0.0000 -0.3533 0.9355
vn -0.0000 0.9925 0.1219
vn -0.8794 -0.4398 0.1822
vn -0.4194 0.8387 -0.3474
vn -0.0000 -0.9113 -0.4117
vn -0.0000 0.6156 -0.7881
vn 0.8793 -0.4400 0.1821
vn 0.4194 0.8387 -0.3474
vn -0.0051 0.0287 -0.9996
vn -0.1675 0.9497 0.2645
vn 0.9299 -0.1693 -0.3265
vn 0.2990 0.7076 0.6403
vn 0.1736 -0.9847 -0.0114
vn -0.0425 0.2411 0.9696
vn -0.8161 -0.4770 -0.3264
vn -0.5230 0.5627 0.6403
vn -0.1580 0.8961 -0.4148
vn -0.0324 0.1838 0.9824
vn 0.8459 0.3015 -0.4400
vn 0.4625 -0.2162 0.8599
vn 0.4625 -0.2161 0.8599
vn 0.0761 -0.4317 -0.8988
vn 0.1320 -0.7486 0.6498
vn -0.8980 -0.0059 -0.4400
vn -0.3606 -0.3613 0.8599
vn -0.3607 -0.3613 0.8599
vn 0.1498 -0.8496 -0.5058
vn -0.1273 0.7221 -0.6800
vn 0.9624 -0.2619 0.0726
vn 0.9623 -0.2619 0.0726
vn 0.2472 0.9568 -0.1530
vn 0.1025 -0.5811 0.8073
vn -0.1617 0.9173 0.3640
vn -0.8145 -0.5756 0.0726
vn -0.5594 0.8146 -0.1530
vn -0.4467 -0.8761 -0.1816
vn -0.2690 -0.8043 -0.5298
vn -0.0841 -0.9416 -0.3262
vn 0.8241 -0.1255 0.5524
vn 0.8278 -0.4503 0.3347
vn 0.8266 -0.4511 0.3365
vn -0.9924 -0.0001 0.1231
vn -0.9925 0.0006 0.1225
vn -0.9923 -0.0014 0.1237
vn 0.3548 -0.0013 0.9349
vn 0.3550 0.0004 0.9349
vn 0.3546 0.0005 0.9350
vn -0.6212 0.7396 -0.2591
vn -0.6208 0.7400 -0.2590
vn -0.3451 0.7332 -0.5859
vn 0.9870 0.1550 -0.0430
vn 0.8354 0.5461 -0.0625
vn 0.8578 0.3664 0.3604
vn -0.4485 0.3908 -0.8038
vn -0.0681 0.4261 -0.9021
vn -0.2913 -0.3743 -0.8803
vn 0.9278 -0.3728 -0.0148
vn 0.9070 -0.3129 -0.2817
vn 0.9023 0.4229 -0.0832
vn -0.0000 0.8218 0.5698
vn -0.0000 0.3151 -0.9491
vn -0.8938 0.1713 0.4145
vn -0.4129 -0.3490 -0.8413
vn -0.0000 -0.4117 0.9113
vn -0.0000 -0.7881 -0.6156
vn 0.8937 0.1713 0.4146
vn 0.4128 -0.3490 -0.8413
vn -0.8980 -0.0058 0.4400
vn -0.3605 -0.3613 -0.8599
vn -0.3606 -0.3613 -0.8599
vn 0.0761 -0.4317 0.8988
vn 0.1320 -0.7486 -0.6498
vn 0.8459 0.3015 0.4400
vn 0.4625 -0.2162 -0.8599
vn -0.1580 0.8961 0.4148
vn -0.0324 0.1838 -0.9824
vn -0.0761 0.4317 0.8988
vn -0.1320 0.7486 -0.6498
vn -0.8627 -0.2943 0.4112
vn -0.4548 0.2193 -0.8632
vn 0.1370 -0.7767 0.6148
vn 0.0625 -0.3545 -0.9330
vn 0.9113 0.0185 0.4113
vn 0.3525 0.3615 -0.8632
vn 0.3525 0.3616 -0.8632
vn -0.9351 0.2781 -0.2195
vn -0.2728 -0.8713 0.4079
vn -0.2727 -0.8713 0.4079
vn -0.1605 0.9104 0.3814
vn 0.1000 -0.5674 0.8174
vn 0.7834 0.5815 -0.2195
vn 0.5544 -0.7255 0.4079
vn -0.0497 0.2819 -0.9582
vn 0.1734 -0.9836 -0.0503
vn -0.0497 0.2819 0.9582
vn 0.1734 -0.9836 0.0503
vn 0.7836 0.5812 0.2195
vn 0.7836 0.5813 0.2195
vn 0.5545 -0.7254 -0.4079
vn 0.5544 -0.7255 -0.4079
vn -0.1605 0.9104 -0.3814
vn 0.1000 -0.5674 -0.8174
vn -0.9351 0.2784 0.2195
vn -0.2726 -0.8714 -0.4079
vn -0.2727 -0.8713 -0.4079
vn -0.7881 -0.0000 -0.6156
vn -0.4116 -0.0000 0.9113
vn -0.1821 0.8795 -0.4397
vn -0.1801 0.8794 -0.4407
vn 0.3474 0.4192 0.8388
vn 0.3494 0.4195 0.8378
vn 0.3478 0.4214 0.8375
vn 0.1221 -0.0023 -0.9925
vn 0.1221 0.0023 -0.9925
vn 0.1243 0.0006 -0.9922
vn 0.9352 -0.0019 0.3541
vn 0.9352 0.0019 0.3540
vn 0.9356 -0.0022 0.3529
vn -0.1822 -0.8794 -0.4398
vn -0.1842 -0.8788 -0.4401
vn -0.1801 -0.8794 -0.4408
vn 0.3474 -0.4194 0.8387
vn 0.3478 -0.4213 0.8376
vn -0.0000 0.1886 -0.9821
vn -0.0000 -0.9970 0.0770
vn -0.8749 0.3029 -0.3779
vn -0.4096 -0.5685 0.7134
vn -0.0000 0.9988 -0.0486
vn -0.0000 -0.1772 0.9842
vn 0.8749 0.3029 -0.3779
vn 0.4096 -0.5686 0.7134
vn 0.1267 -0.7186 -0.6838
vn 0.0854 -0.4846 0.8706
vn -0.8816 -0.1555 -0.4456
vn -0.8816 -0.1556 -0.4456
vn -0.4050 -0.0716 0.9115
vn -0.0952 0.5397 -0.8365
vn -0.1114 0.6321 0.7669
vn 0.8817 0.1554 -0.4455
vn 0.4051 0.0713 0.9115
vn 0.5774 -0.0000 0.8165
vn 0.5770 -0.0000 -0.8168
vn 0.5770 0.0002 -0.8167
vn -0.0000 0.9237 0.3831
vn 0.0003 0.9237 0.3830
vn -0.0000 0.3827 -0.9239
vn -0.5776 -0.0000 0.8163
vn -0.5775 -0.0003 0.8164
vn -0.5776 -0.0000 -0.8163
vn -0.5776 0.0002 -0.8163
vn -0.0000 -0.9239 0.3827
vn -0.0000 -0.9239 0.3826
vn -0.0000 -0.3826 -0.9239
vn -0.0000 -0.3827 -0.9239
vn -0.0010 -0.1088 -0.9941
vn -0.0025 -0.9475 0.3199
vn -0.0025 -0.9474 0.3199
vn -0.7434 0.6486 -0.1633
vn -0.3514 -0.2068 0.9131
vn 0.0012 0.9892 -0.1468
vn -0.0004 -0.0247 0.9997
vn 0.8769 0.2216 -0.4265
vn 0.4272 -0.4186 0.8014
vn 0.9113 0.0186 -0.4113
vn 0.3524 0.3616 0.8632
vn 0.1369 -0.7767 -0.6148
vn 0.0625 -0.3545 0.9330
vn -0.8628 -0.2942 -0.4112
vn -0.4549 0.2192 0.8632
vn -0.0761 0.4317 -0.8988
vn -0.1320 0.7486 0.6498
vn -0.0000 0.4116 0.9113
vn -0.0000 0.7881 -0.6156
vn -0.8794 -0.1821 0.4398
vn -0.4193 0.3474 -0.8387
vn -0.0000 -0.9355 0.3533
vn -0.0000 -0.1219 -0.9925
vn 0.8794 -0.1822 0.4398
vn 0.4194 0.3474 -0.8387
vn -0.9925 0.0006 0.1223
vn -0.9922 -0.0021 0.1243
vn -0.9922 0.0021 0.1243
vn 0.3554 -0.0022 0.9347
vn 0.3553 0.0022 0.9347
vn 0.3542 0.0019 0.9352
vn -0.4569 0.8700 -0.1852
vn -0.4558 0.8706 -0.1851
vn 0.1925 0.8353 -0.5149
vn 0.7699 -0.2346 0.5935
vn 0.8653 0.3200 -0.3858
vn 0.8306 0.4410 0.3401
vn -0.9200 0.1849 -0.3455
vn -0.9505 -0.2035 -0.2350
vn -0.4159 0.6750 -0.6094
vn 0.6700 0.6772 -0.3041
vn 0.7273 -0.6017 -0.3302
vn 0.5809 -0.4746 -0.6613
vn -0.4503 -0.8741 -0.1823
vn -0.1386 -0.6944 -0.7061
vn 0.1187 -0.8806 -0.4587
vn 0.7933 0.1206 0.5967
vn 0.8297 -0.4460 0.3358
vn 0.8277 -0.4478 0.3382
vn -0.0000 0.3533 0.9355
vn -0.0000 -0.9925 0.1219
vn 0.8794 0.4398 0.1822
vn 0.4193 -0.8387 -0.3474
vn -0.0000 0.9113 -0.4117
vn -0.0000 -0.6156 -0.7881
vn -0.8795 0.4397 0.1822
vn -0.4194 -0.8387 -0.3474
vn -0.0000 0.9113 0.4117
vn -0.0000 -0.6156 0.7880
vn 0.8795 0.4396 -0.1822
vn 0.4193 -0.8387 0.3474
vn -0.0000 0.3533 -0.9355
vn -0.0000 -0.9925 -0.1219
vn -0.8795 0.4396 -0.1822
vn -0.4193 -0.8387 0.3474
vn -0.0000 0.6620 0.7495
vn -0.0000 -0.8791 0.4766
vn 0.8674 0.4976 -0.0001
vn 0.4207 -0.9072 -0.0000
vn -0.0000 0.6577 -0.7532
vn -0.0000 -0.8807 -0.4736
vn -0.8675 0.4975 -0.0001
vn -0.4206 -0.9072 -0.0000
vn -0.0000 -0.9237 0.3831
vn -0.0003 -0.9237 0.3830
vn -0.0000 -0.3830 -0.9238
vn -0.0003 -0.3828 -0.9238
vn 0.5773 -0.0000 0.8165
vn 0.5774 -0.0000 -0.8165
vn -0.0000 0.9239 0.3827
vn -0.0000 0.3826 -0.9239
vn -0.5773 -0.0000 0.8165
vn -0.5774 -0.0000 0.8165
vn -0.5770 -0.0000 -0.8168
vn -0.5770 -0.0002 -0.8167
vn 0.9299 -0.1695 0.3265
vn 0.2989 0.7077 -0.6402
vn 0.2990 0.7077 -0.6402
vn -0.0051 0.0287 0.9996
vn -0.1675 0.9497 -0.2645
vn -0.8160 -0.4771 0.3264
vn -0.5230 0.5627 -0.6402
vn 0.1736 -0.9847 0.0114
vn -0.0425 0.2411 -0.9696
vn -0.0000 0.4117 0.9113
vn -0.4194 0.3474 -0.8387
vn 0.8794 -0.1821 0.4398
vn -0.0000 0.5907 0.8069
vn -0.0000 -0.9391 0.3437
vn 0.8069 0.5907 -0.0000
vn 0.3437 -0.9391 -0.0000
vn -0.0000 0.5907 -0.8069
vn -0.0000 -0.9391 -0.3437
vn -0.8069 0.5906 -0.0000
vn -0.3437 -0.9391 -0.0000
vn 0.9072 0.0005 -0.4206
vn 0.3993 0.0017 0.9168
vn -0.0000 -0.5774 -0.8165
vn -0.0000 -0.5773 0.8165
vn -0.9073 0.0005 -0.4206
vn -0.3992 0.0017 0.9169
vn -0.0000 0.7045 -0.7097
vn -0.0000 0.5100 0.8601
vn -0.0000 -0.5774 0.8165
vn 0.8739 0.0014 0.4861
vn 0.3645 -0.0017 -0.9312
vn -0.0000 0.8069 0.5907
vn -0.0000 0.3437 -0.9391
vn -0.8738 0.0014 0.4862
vn -0.3645 -0.0017 -0.9312
vn -0.9925 0.0005 0.1225
vn -0.9922 -0.0019 0.1244
vn -0.9922 0.0021 0.1244
vn 0.3554 0.0022 0.9347
vn 0.3543 0.0018 0.9351
vn 0.3544 -0.0016 0.9351
vn -0.4502 0.8741 -0.1823
vn -0.4492 0.8747 -0.1822
vn 0.1217 0.8831 -0.4531
vn 0.7928 -0.1208 0.5974
vn 0.8882 0.3546 -0.2922
vn 0.8277 0.4478 0.3382
vn -0.9116 0.1863 -0.3665
vn -0.9115 -0.1868 -0.3665
vn -0.4321 0.5999 -0.6734
vn 0.7376 0.5999 -0.3099
vn 0.7363 -0.5999 -0.3130
vn 0.5940 -0.4770 -0.6478
vn -0.4503 -0.8740 -0.1826
vn -0.1385 -0.6943 -0.7063
vn 0.1189 -0.8805 -0.4588
vn 0.7932 0.1209 0.5968
vn 0.8295 -0.4463 0.3358
vn 0.8278 -0.4479 0.3379
vn 0.1821 -0.8795 -0.4397
vn 0.1803 -0.8793 -0.4408
vn -0.3474 -0.4196 0.8386
vn -0.3491 -0.4196 0.8379
vn -0.3476 -0.4212 0.8377
vn -0.1219 0.0017 -0.9925
vn -0.1221 -0.0019 -0.9925
vn -0.1239 -0.0004 -0.9923
vn -0.9354 0.0016 0.3537
vn -0.9353 -0.0013 0.3538
vn -0.9357 0.0017 0.3528
vn 0.1823 0.8792 -0.4402
vn 0.1838 0.8789 -0.4403
vn 0.1806 0.8794 -0.4406
vn -0.3474 0.4194 0.8387
vn -0.3478 0.4209 0.8378
vn 0.7881 -0.0000 -0.6156
vn 0.4116 -0.0000 0.9113
vn -0.9924 0.0004 0.1231
vn -0.9922 -0.0014 0.1244
vn -0.9922 0.0022 0.1244
vn 0.3554 0.0023 0.9347
vn 0.3543 0.0019 0.9351
vn 0.3546 -0.0012 0.9350
vn -0.4594 0.8685 -0.1863
vn -0.4583 0.8691 -0.1862
vn -0.4617 0.8667 -0.1888
vn 0.8457 0.4050 0.3476
vn 0.8448 0.4032 0.3518
vn 0.8459 0.4017 0.3510
vn -0.2977 -0.0005 -0.9547
vn -0.2978 0.0005 -0.9546
vn -0.3003 -0.0036 -0.9538
vn 0.9991 -0.0032 -0.0429
vn 0.9991 0.0033 -0.0429
vn 0.9993 0.0010 -0.0374
vn -0.4591 -0.8685 -0.1869
vn -0.4587 -0.8692 -0.1845
vn -0.4618 -0.8666 -0.1888
vn 0.8456 -0.4051 0.3476
vn 0.8474 -0.4005 0.3486
vn 0.8461 -0.4017 0.3504
vn -0.1904 0.3016 -0.9342
vn 0.5996 -0.2402 -0.7634
vn -0.5996 -0.2407 -0.7632
vn -0.5997 -0.0772 0.7965
vn -0.4598 -0.4604 0.7594
vn 0.4593 -0.4608 0.7594
vn -0.3655 0.6951 -0.6191
vn -0.4114 -0.5854 -0.6986
vn -0.6224 -0.5569 -0.5500
vn 0.4170 0.3802 0.8256
vn 0.4885 -0.4368 0.7554
vn -0.0368 0.6749 0.7370
vn -0.1867 -0.3830 -0.9047
vn 0.2151 -0.5120 -0.8316
vn -0.6614 0.1457 -0.7358
vn -0.6788 0.0450 0.7330
vn 0.6009 0.0489 0.7978
vn 0.4670 0.4346 0.7701
vn 0.5351 0.5997 -0.5950
vn 0.7253 0.5426 -0.4237
vn 0.7259 -0.5421 -0.4233
vn -0.3950 0.3833 0.8349
vn 0.0640 -0.5996 0.7978
vn 0.0645 0.5997 0.7976
vn -0.8165 -0.0000 0.5774
vn 0.8165 -0.0000 0.5774
vn -0.4863 0.8738 -0.0008
vn 0.9312 0.3644 0.0010
vn -0.5907 -0.0000 -0.8069
vn 0.9391 -0.0000 -0.3437
vn -0.4864 -0.8737 -0.0008
vn 0.9313 -0.3643 0.0010
vn -0.0000 0.5774 0.8165
vn -0.0000 0.5774 -0.8165
vn -0.9157 -0.0002 0.4020
vn -0.3946 -0.0011 -0.9189
vn -0.0000 -0.5412 0.8409
vn -0.0000 -0.6543 -0.7563
vn 0.9156 -0.0002 0.4020
vn 0.3946 -0.0011 -0.9189
vn 0.9239 -0.3827 -0.0000
vn -0.7367 -0.6762 -0.0000
vn 0.3899 0.4246 -0.8172
vn 0.3898 0.4246 -0.8172
vn -0.9477 0.1483 -0.2826
vn 0.4673 0.8841 -0.0000
vn -0.9405 0.3398 -0.0000
vn 0.3899 0.4246 0.8171
vn -0.9477 0.1482 0.2826
vn -0.1804 0.5573 0.8105
vn 0.8130 -0.3958 0.4270
vn 0.0395 0.9992 -0.0000
vn 0.9879 -0.1551 -0.0000
vn -0.1804 0.5573 -0.8105
vn 0.8130 -0.3958 -0.4271
vn -0.9992 0.0410 -0.0000
vn 0.1078 -0.9942 -0.0000
vn 0.5776 -0.0000 -0.8163
vn 0.5775 -0.0003 -0.8164
vn 0.5776 -0.0000 0.8163
vn 0.5776 0.0002 0.8163
vn -0.0000 -0.9239 -0.3827
vn -0.0000 -0.9239 -0.3826
vn -0.0000 -0.3826 0.9239
vn -0.0000 -0.3827 0.9239
vn -0.5774 -0.0000 -0.8165
vn -0.5770 -0.0000 0.8168
vn -0.5770 0.0002 0.8167
vn -0.0000 0.9237 -0.3831
vn -0.0003 0.9237 -0.3830
vn -0.0000 0.3827 0.9239
vn 0.4863 -0.8738 -0.0008
vn -0.9312 -0.3644 0.0010
vn 0.5907 -0.0000 -0.8069
vn -0.9391 -0.0000 -0.3437
vn 0.4864 0.8737 -0.0008
vn -0.9313 0.3643 0.0010
vn -0.8146 -0.5754 -0.0727
vn -0.5595 0.8146 0.1530
vn 0.1025 -0.5812 -0.8073
vn -0.1617 0.9173 -0.3640
vn 0.9622 -0.2625 -0.0726
vn 0.2471 0.9568 0.1530
vn 0.1498 -0.8495 0.5058
vn -0.1273 0.7221 0.6799
vn 0.3777 0.0666 0.9235
vn -0.9253 -0.1628 0.3426
vn 0.4969 -0.5755 0.6495
vn -0.8878 -0.3966 0.2334
vn 0.5273 -0.8353 0.1558
vn -0.8634 -0.5011 0.0581
vn 0.5272 -0.8353 -0.1558
vn -0.8634 -0.5011 -0.0581
vn 0.4968 -0.5759 -0.6492
vn -0.8878 -0.3966 -0.2334
vn 0.3778 0.0666 -0.9235
vn -0.9253 -0.1628 -0.3426
vn -0.9253 -0.1629 -0.3426
vn 0.4224 -0.2293 -0.8769
vn -0.9039 -0.2741 -0.3285
vn 0.3329 0.3605 -0.8713
vn -0.9478 -0.0588 -0.3134
vn 0.2628 0.8735 -0.4097
vn -0.9824 0.1179 -0.1445
vn 0.2628 0.8735 0.4097
vn -0.9824 0.1181 0.1446
vn 0.3329 0.3605 0.8713
vn -0.9478 -0.0588 0.3134
vn 0.4224 -0.2291 0.8770
vn -0.9038 -0.2741 0.3285
vn -0.0000 -0.4117 -0.9113
vn -0.0000 -0.7881 0.6156
vn -0.8947 0.1706 -0.4128
vn -0.4106 -0.3495 0.8422
vn -0.0000 0.8209 -0.5711
vn 0.0001 0.3128 0.9498
vn 0.0001 0.3129 0.9498
vn 0.8938 0.1713 -0.4145
vn 0.4129 -0.3490 0.8413
vn -0.8795 -0.4396 -0.1822
vn -0.4193 0.8388 0.3474
vn 0.8794 -0.4399 -0.1822
vn -0.0000 -0.5773 -0.8165
vn 0.9072 0.0005 0.4206
vn 0.3992 0.0017 -0.9168
vn -0.0000 0.7045 0.7097
vn -0.0000 0.5100 -0.8601
vn -0.9072 0.0005 0.4206
vn -0.3992 0.0017 -0.9168
vn -0.0000 0.9355 -0.3533
vn -0.0000 0.1219 0.9925
vn 0.8794 0.1822 -0.4398
vn 0.4193 -0.3474 0.8387
vn -0.8794 0.1821 -0.4398
vn -0.4194 -0.3474 0.8387
vn 0.4595 -0.8684 -0.1863
vn 0.4584 -0.8690 -0.1862
vn 0.4618 -0.8666 -0.1888
vn -0.8457 -0.4048 0.3477
vn -0.8449 -0.4029 0.3518
vn -0.8459 -0.4015 0.3510
vn 0.2974 0.0005 -0.9548
vn 0.2974 -0.0005 -0.9547
vn 0.2999 0.0035 -0.9540
vn -0.9991 0.0032 -0.0423
vn -0.9991 -0.0032 -0.0423
vn -0.9993 -0.0009 -0.0369
vn 0.4598 0.8683 -0.1863
vn 0.4590 0.8690 -0.1848
vn 0.4621 0.8665 -0.1889
vn -0.8457 0.4050 0.3477
vn -0.8477 0.3998 0.3486
vn -0.8458 0.4017 0.3510
vn 0.9925 0.0006 0.1222
vn 0.9925 -0.0006 0.1221
vn 0.9922 0.0022 0.1243
vn -0.3553 0.0024 0.9347
vn -0.3553 -0.0023 0.9347
vn -0.3542 -0.0019 0.9352
vn 0.1802 -0.8794 -0.4407
vn -0.3474 -0.4194 0.8387
vn -0.3495 -0.4195 0.8378
vn -0.3478 -0.4214 0.8375
vn -0.1221 0.0022 -0.9925
vn -0.1221 -0.0021 -0.9925
vn -0.1241 -0.0005 -0.9923
vn -0.9352 0.0019 0.3540
vn -0.9352 -0.0019 0.3541
vn -0.9357 0.0022 0.3529
vn 0.1821 0.8795 -0.4397
vn 0.1844 0.8788 -0.4402
vn 0.1801 0.8794 -0.4408
vn -0.3478 0.4214 0.8375
vn -0.0000 0.9980 0.0632
vn -0.0000 -0.1604 -0.9871
vn -0.8787 0.2912 0.3784
vn -0.4186 -0.5526 -0.7207
vn -0.0000 -0.1268 0.9919
vn -0.0000 -0.9283 -0.3719
vn 0.8786 0.2912 0.3784
vn 0.4185 -0.5526 -0.7208
vn -0.1826 0.8792 -0.4400
vn 0.3474 0.4194 0.8387
vn 0.3480 0.4193 0.8385
vn 0.3476 0.4200 0.8383
vn 0.1221 -0.0015 -0.9925
vn 0.1218 0.0006 -0.9926
vn 0.1225 0.0003 -0.9925
vn 0.9355 -0.0003 0.3532
vn 0.9355 0.0012 0.3534
vn 0.9356 -0.0012 0.3531
vn -0.1821 -0.8796 -0.4396
vn -0.1837 -0.8790 -0.4399
vn -0.1808 -0.8792 -0.4408
vn 0.3474 -0.4206 0.8381
vn -0.4193 0.8387 -0.3474
vn 0.8795 -0.4396 0.1822
vn -0.0000 0.4117 -0.9113
vn -0.8794 -0.1821 -0.4398
vn -0.4194 0.3474 0.8387
vn 0.5773 0.8166 -0.0000
vn 0.5773 0.8165 -0.0000
vn 0.5773 -0.8165 -0.0000
vn 0.5773 -0.8166 -0.0000
vn -0.0000 -0.9237 -0.3830
vn 0.0003 -0.9238 -0.3829
vn -0.5776 0.8163 -0.0000
vn -0.5774 0.8164 0.0003
vn -0.5776 -0.8163 -0.0000
vn -0.5776 -0.8164 -0.0002
vn 0.0004 0.9238 0.3829
vn -0.5777 -0.8163 -0.0000
vn -0.5775 -0.8164 -0.0003
vn -0.5776 0.8163 0.0002
vn -0.0004 0.9238 -0.3829
vn 0.5776 -0.8163 -0.0000
vn 0.5775 -0.8164 0.0003
vn 0.5776 0.8163 -0.0000
vn 0.5776 0.8163 -0.0002
vn -0.5774 -0.8164 -0.0003
vn -0.5773 0.8165 -0.0000
vn -0.5774 0.8165 -0.0000
vn -0.0002 -0.3829 -0.9238
vn -0.0000 0.9239 -0.3826
vn -0.0000 0.9239 -0.3827
vn 0.5774 -0.8164 -0.0000
vn 0.5775 -0.8164 -0.0000
vn 0.5775 -0.8164 0.0001
vn 0.4570 -0.8699 -0.1855
vn 0.4560 -0.8704 -0.1855
vn -0.1922 -0.8350 -0.5155
vn -0.7702 0.2348 0.5930
vn -0.8649 -0.3206 -0.3861
vn -0.8306 -0.4411 0.3398
vn 0.9201 -0.1849 -0.3452
vn 0.9506 0.2031 -0.2347
vn 0.4153 -0.6751 -0.6097
vn -0.6701 -0.6773 -0.3036
vn -0.7270 0.6019 -0.3303
vn -0.5806 0.4748 -0.6614
vn 0.4503 0.8741 -0.1823
vn 0.1385 0.6943 -0.7062
vn -0.1189 0.8806 -0.4588
vn -0.7933 -0.1209 0.5967
vn -0.8297 0.4461 0.3357
vn -0.8277 0.4478 0.3381
vn 0.9924 0.0004 0.1227
vn 0.9925 -0.0006 0.1224
vn 0.9922 0.0020 0.1243
vn -0.3553 0.0021 0.9347
vn -0.3554 -0.0017 0.9347
vn -0.3546 -0.0014 0.9350
vn -0.0044 -0.7727 -0.6348
vn -0.3704 -0.7177 -0.5896
vn -0.3809 -0.2951 0.8763
vn -0.2726 -0.5403 0.7961
vn 0.0130 -0.3216 0.9468
vn -0.6944 -0.3732 -0.6152
vn -0.8706 -0.2865 -0.3999
vn -0.7221 0.4400 -0.5338
vn -0.2389 0.3998 0.8849
vn -0.6388 0.3838 0.6669
vn -0.3982 -0.3634 0.8422
vn -0.4279 0.6489 -0.6292
vn -0.3357 0.9117 -0.2368
vn -0.0041 0.8348 -0.5505
vn -0.0161 0.4794 0.8775
vn -0.4733 0.4836 0.7363
vn 0.7660 -0.0000 -0.6428
vn 0.4201 -0.0000 0.9075
vn 0.1804 -0.8794 -0.4407
vn -0.3474 -0.4197 0.8386
vn -0.3490 -0.4195 0.8380
vn -0.3477 -0.4210 0.8378
vn -0.1221 0.0021 -0.9925
vn -0.1220 -0.0019 -0.9925
vn -0.1238 -0.0005 -0.9923
vn -0.9353 0.0015 0.3538
vn -0.9353 -0.0018 0.3539
vn -0.9356 0.0021 0.3530
vn 0.1823 0.8792 -0.4401
vn 0.1843 0.8788 -0.4402
vn 0.1803 0.8793 -0.4408
vn -0.3474 0.4197 0.8386
vn -0.3477 0.4214 0.8376
vn -0.0000 0.9355 0.3533
vn -0.0000 0.1219 -0.9925
vn -0.8794 0.1821 0.4398
vn -0.4194 -0.3474 -0.8387
vn 0.8794 0.1822 0.4398
vn 0.4194 -0.3474 -0.8387
vn 0.5773 -0.0000 -0.8165
vn -0.0000 0.9237 -0.3832
vn -0.0003 0.9237 -0.3831
vn -0.0000 0.3826 0.9239
vn 0.0008 0.6082 0.7938
vn -0.0029 -0.8823 0.4706
vn 0.8654 0.5011 -0.0000
vn 0.3894 -0.9211 -0.0000
vn 0.0008 0.6082 -0.7938
vn -0.0029 -0.8823 -0.4706
vn -0.7881 0.6156 -0.0000
vn -0.5264 -0.8502 -0.0000
vn -0.1221 0.0023 -0.9925
vn -0.1221 -0.0023 -0.9925
vn -0.1242 -0.0006 -0.9923
vn -0.9352 0.0019 0.3541
vn -0.9352 -0.0019 0.3540
vn -0.9356 0.0023 0.3530
vn 0.1801 0.8793 -0.4409
vn -0.0000 -0.5399 -0.8417
vn -0.0000 -0.5398 -0.8418
vn 0.0001 -0.6524 0.7579
vn -0.9167 -0.0002 -0.3996
vn -0.3924 -0.0009 0.9198
vn 0.9157 -0.0002 -0.4020
vn 0.3946 -0.0011 0.9189
vn 0.5774 0.8165 -0.0001
vn 0.5774 0.8165 -0.0000
vn 0.5776 -0.8163 0.0002
vn -0.5774 0.8164 0.0001
vn -0.5774 0.8164 -0.0000
vn -0.5768 -0.8169 -0.0000
vn -0.5769 -0.8168 0.0003
vn -0.0000 0.9988 0.0485
vn -0.0000 -0.1772 -0.9842
vn -0.8749 0.3029 0.3779
vn -0.4096 -0.5686 -0.7134
vn -0.0000 0.1886 0.9821
vn -0.0000 -0.9970 -0.0770
vn 0.8749 0.3029 0.3779
vn 0.4096 -0.5686 -0.7134
vn 0.4863 0.0014 0.8738
vn -0.9312 -0.0017 0.3645
vn 0.8165 -0.5774 -0.0000
vn 0.4861 0.0014 -0.8739
vn -0.9312 -0.0017 -0.3645
vn 0.5906 0.8070 -0.0000
vn -0.9391 0.3437 -0.0000
vn -0.1802 0.8794 -0.4407
vn 0.3473 0.4197 0.8386
vn 0.3495 0.4195 0.8378
vn 0.1220 0.0022 -0.9925
vn 0.1241 0.0006 -0.9923
vn 0.1233 -0.0003 -0.9924
vn 0.9354 0.0013 0.3536
vn 0.9357 -0.0015 0.3529
vn 0.9357 0.0022 0.3528
vn -0.1823 -0.8792 -0.4402
vn -0.1836 -0.8790 -0.4401
vn -0.1809 -0.8793 -0.4406
vn 0.3476 -0.4208 0.8379
vn -0.4117 -0.0000 0.9113
vn 0.1221 -0.0020 -0.9925
vn 0.9353 0.0016 0.3539
vn 0.9357 -0.0020 0.3529
vn 0.9357 0.0022 0.3529
vn -0.1823 -0.8792 -0.4401
vn -0.1840 -0.8789 -0.4402
vn -0.1804 -0.8794 -0.4406
vn 0.3474 -0.4197 0.8386
vn 0.3478 -0.4211 0.8377
vn 0.4501 -0.8742 -0.1824
vn 0.4490 -0.8747 -0.1824
vn -0.1211 -0.8831 -0.4532
vn -0.7931 0.1204 0.5971
vn -0.8881 -0.3552 -0.2918
vn -0.8278 -0.4477 0.3380
vn 0.9114 -0.1862 -0.3670
vn 0.9113 0.1864 -0.3671
vn 0.4317 -0.5996 -0.6739
vn -0.7379 -0.5995 -0.3099
vn -0.7365 0.5996 -0.3130
vn -0.5943 0.4768 -0.6477
vn 0.4502 0.8740 -0.1828
vn 0.1386 0.6944 -0.7061
vn -0.1187 0.8806 -0.4587
vn -0.7933 -0.1206 0.5968
vn -0.8294 0.4464 0.3359
vn -0.8278 0.4480 0.3378
vn 0.9924 -0.0003 0.1228
vn 0.9922 0.0018 0.1245
vn 0.9922 -0.0019 0.1243
vn -0.3553 -0.0020 0.9347
vn -0.3543 -0.0017 0.9351
vn -0.3545 0.0015 0.9350
vn 0.0066 -0.5690 -0.8223
vn -0.2595 0.2188 -0.9406
vn 0.5920 -0.4587 -0.6626
vn 0.6815 -0.1407 0.7181
vn -0.0209 -0.1963 0.9803
vn -0.8069 -0.0000 -0.5907
vn -0.3437 -0.0000 0.9391
vn 0.0051 0.6315 -0.7754
vn 0.5425 0.5304 -0.6514
vn 0.5993 0.1808 0.7799
vn 0.4385 0.5513 0.7098
vn -0.0164 0.2287 0.9734
vn 0.3657 -0.6951 -0.6190
vn 0.4119 0.5853 -0.6984
vn 0.6228 0.5567 -0.5496
vn -0.4169 -0.3801 0.8256
vn -0.4887 0.4364 0.7555
vn 0.0374 -0.6749 0.7370
vn 0.3826 -0.0000 0.9239
vn -0.9333 -0.0023 0.3590
vn 0.3830 -0.0000 -0.9238
vn -0.9333 -0.0023 -0.3590
vn 0.4016 0.5578 -0.7263
vn -0.9453 0.1973 -0.2599
vn 0.4189 0.9080 -0.0000
vn -0.9483 0.3175 0.0001
vn 0.4223 0.5663 0.7077
vn -0.9436 0.2052 0.2598
vn 0.4274 0.9041 -0.0000
vn -0.9396 0.3422 -0.0000
vn 0.4223 0.5663 -0.7078
vn -0.9436 0.2052 -0.2598
vn 0.4188 0.9081 -0.0000
vn -0.9482 0.3176 -0.0001
vn 0.4016 0.5579 0.7263
vn 0.4016 0.5578 0.7263
vn -0.9453 0.1973 0.2599
vn -0.3987 -0.3510 -0.8472
vn 0.9454 -0.3012 -0.1248
vn -0.3988 -0.8472 0.3510
vn 0.9453 -0.3013 0.1248
vn -0.3988 -0.3510 0.8472
vn -0.3836 0.3533 0.8532
vn 0.9402 0.1313 0.3143
vn -0.3764 0.0001 0.9264
vn 0.9298 0.0013 0.3681
vn -0.8165 0.5773 -0.0000
vn 0.8165 0.5773 -0.0000
vn -0.3784 0.0001 -0.9257
vn 0.9289 0.0011 -0.3704
vn -0.3857 0.3530 -0.8524
vn 0.9394 0.1324 -0.3163
vn 0.4570 -0.8700 -0.1852
vn 0.4559 -0.8706 -0.1851
vn -0.1921 -0.8351 -0.5155
vn -0.7702 0.2346 0.5931
vn -0.8650 -0.3206 -0.3859
vn -0.8305 -0.4410 0.3401
vn 0.9199 -0.1849 -0.3457
vn 0.9505 0.2031 -0.2350
vn 0.4155 -0.6749 -0.6098
vn -0.6702 -0.6771 -0.3038
vn -0.7273 0.6016 -0.3303
vn -0.5810 0.4745 -0.6613
vn 0.1387 0.6945 -0.7060
vn -0.1186 0.8807 -0.4585
vn -0.7933 -0.1205 0.5968
vn -0.8297 0.4460 0.3357
vn -0.8277 0.4478 0.3382
vn 0.9925 -0.0006 0.1223
vn -0.3553 0.0023 0.9347
vn -0.3553 -0.0021 0.9347
vn -0.8644 0.3575 -0.3537
vn -0.2809 -0.9531 -0.1124
vn -0.3510 0.3986 -0.8473
vn -0.1248 -0.9453 -0.3013
vn 0.3510 0.3988 -0.8472
vn 0.1247 -0.9454 -0.3010
vn 0.8276 0.4467 -0.3398
vn 0.3071 -0.9432 -0.1266
vn -0.0019 0.3886 -0.9214
vn 0.0165 -0.9676 -0.2520
vn -0.6871 0.6675 -0.2871
vn -0.6871 0.6675 -0.2870
vn -0.2693 -0.9571 -0.1067
vn -0.3510 0.3985 -0.8474
vn 0.1249 -0.9453 -0.3015
vn 0.8644 0.3574 -0.3536
vn 0.2808 -0.9532 -0.1123
vn 0.0075 0.7232 -0.6906
vn 0.0067 -0.9283 -0.3717
vn -0.8278 0.4464 -0.3398
vn -0.8278 0.4464 -0.3399
vn -0.3072 -0.9432 -0.1266
vn 0.1250 -0.9452 -0.3017
vn 0.8645 0.3573 -0.3537
vn 0.8645 0.3572 -0.3537
vn -0.0010 0.8635 -0.5043
vn -0.0025 -0.9001 -0.4357
vn -0.8563 0.3791 -0.3507
vn -0.2828 -0.9524 -0.1134
vn -0.3510 0.3985 -0.8473
vn 0.8644 0.3574 -0.3537
vn 0.0044 0.7541 -0.6568
vn 0.0047 -0.9265 -0.3762
vn -0.8737 0.4864 -0.0008
vn -0.3644 -0.9313 0.0010
vn -0.0000 -0.8165 0.5773
vn 0.8738 0.4863 -0.0008
vn 0.3644 -0.9312 0.0010
vn -0.0043 0.7540 -0.6569
vn -0.0046 -0.9264 -0.3765
vn 0.8738 0.0014 -0.4862
vn 0.3645 -0.0017 0.9312
vn -0.8739 0.0014 -0.4861
vn -0.3645 -0.0017 0.9312
vn -0.0000 0.8069 -0.5907
vn -0.0000 0.3437 0.9391
vn 0.3988 -0.8472 0.3510
vn -0.9453 -0.3014 -0.1248
vn 0.3836 0.3533 -0.8532
vn -0.9402 0.1313 -0.3143
vn 0.3764 0.0001 -0.9265
vn -0.9298 0.0013 -0.3681
vn -0.8165 0.5774 -0.0000
vn 0.3764 0.0001 0.9264
vn -0.9298 0.0013 0.3680
vn 0.3836 0.3533 0.8532
vn -0.9402 0.1314 0.3143
vn -0.3988 0.8472 0.3510
vn 0.9453 0.3013 0.1248
vn -0.3988 0.8472 -0.3510
vn 0.9453 0.3014 -0.1248
vn -0.3988 0.3510 -0.8472
vn -0.3988 -0.3509 -0.8473
vn -0.3989 -0.8472 -0.3510
vn -0.3987 0.3510 0.8472
vn -0.0049 -0.6311 -0.7757
vn 0.2173 0.0045 -0.9761
vn 0.0159 -0.2287 0.9734
vn -0.5343 -0.5999 -0.5956
vn -0.7255 0.5423 -0.4239
vn -0.5351 0.6000 -0.5947
vn -0.0697 -0.5999 0.7970
vn 0.3957 0.3832 0.8346
vn -0.0049 0.6314 -0.7754
vn 0.0159 0.2285 0.9734
vn -0.4384 0.5521 0.7092
vn 0.4272 -0.4186 -0.8014
vn 0.0012 0.9892 0.1468
vn -0.7434 0.6486 0.1633
vn -0.3514 -0.2067 -0.9131
vn -0.0010 -0.1088 0.9941
vn -0.0025 -0.9475 -0.3198
vn -0.8814 0.4724 -0.0000
vn 0.0086 -0.7528 -0.6582
vn 0.0085 -0.7528 -0.6582
vn 0.8564 -0.3791 -0.3506
vn 0.3509 -0.3988 -0.8473
vn 0.1247 0.9455 -0.3010
vn -0.3510 -0.3986 -0.8473
vn -0.1246 0.9455 -0.3009
vn -0.1246 0.9455 -0.3008
vn -0.8685 -0.3459 -0.3552
vn -0.0048 -0.6396 -0.7687
vn -0.0049 -0.6396 -0.7687
vn -0.1248 0.9453 -0.3013
vn -0.0043 -0.7541 -0.6568
vn -0.0046 0.9265 -0.3764
vn 0.8738 -0.4863 -0.0008
vn 0.3644 0.9312 0.0010
vn -0.8737 -0.4864 -0.0008
vn -0.3643 0.9313 0.0010
vn 0.0052 -0.7799 -0.6258
vn -0.3510 -0.3985 -0.8473
vn -0.8644 -0.3573 -0.3536
vn -0.8644 -0.3573 -0.3537
vn -0.0000 -0.8492 -0.5280
vn -0.0000 0.9082 -0.4186
vn 0.1247 0.9454 -0.3010
vn -0.3509 -0.3988 -0.8472
vn -0.3070 0.9432 -0.1266
vn 0.3987 -0.3511 -0.8472
vn 0.3988 0.3509 -0.8473
vn 0.3986 0.8473 -0.3508
vn -0.9453 0.3014 -0.1248
vn 0.3989 0.8472 0.3510
vn -0.9453 0.3014 0.1248
vn 0.3988 0.3510 0.8472
vn -0.9453 0.1249 0.3013
vn 0.3988 -0.3510 0.8472
vn 0.3989 -0.8472 0.3510
vn -0.9453 -0.3014 0.1248
vn 0.3989 -0.8472 -0.3510
vn 0.4051 0.0713 -0.9115
vn -0.1114 0.6321 -0.7669
vn -0.8816 -0.1555 0.4456
vn -0.2099 -0.9652 0.1559
vn 0.9828 -0.1755 0.0581
vn -0.2699 -0.7111 0.6492
vn 0.9252 0.1634 0.3426
vn -0.3186 -0.3599 0.8769
vn -0.4361 0.2248 0.8713
vn 0.9107 0.2690 0.3135
vn -0.5456 0.7311 0.4096
vn 0.8828 0.4470 0.1446
vn -0.5458 0.7309 -0.4098
vn 0.8828 0.4469 -0.1446
vn -0.4361 0.2250 -0.8713
vn -0.3185 -0.3599 -0.8769
vn 0.9252 0.1634 -0.3426
vn -0.2700 -0.7109 -0.6494
vn -0.2699 -0.7109 -0.6494
vn 0.9699 -0.0691 -0.2334
vn -0.2098 -0.9652 -0.1558
vn -0.3827 -0.0000 -0.9239
vn -0.3833 -0.0000 0.9236
vn 0.9482 0.3176 -0.0001
vn -0.4224 0.5663 0.7078
vn -0.4189 0.9080 -0.0000
vn 0.9483 0.3175 0.0001
vn -0.4016 0.5578 -0.7263
vn -0.4863 0.0014 0.8738
vn -0.5907 0.8069 -0.0000
vn -0.4861 0.0014 -0.8739
vn 0.0099 -0.6313 -0.7755
vn 0.5799 -0.5144 -0.6318
vn 0.0098 -0.6313 -0.7755
vn 0.6758 -0.1588 0.7197
vn -0.0316 -0.2231 0.9743
vn 0.4895 -0.5755 0.6551
vn -0.7674 -0.0000 -0.6411
vn -0.4183 -0.0000 0.9083
vn 0.0079 0.6844 -0.7291
vn -0.2241 0.0524 -0.9732
vn 0.5942 0.2002 0.7790
vn -0.0257 0.2545 0.9667
vn -0.0256 0.2545 0.9667
vn 0.3645 -0.6952 -0.6195
vn 0.6220 0.5571 -0.5502
vn 0.5536 -0.6324 -0.5418
vn -0.4173 -0.3803 0.8254
vn 0.0403 0.6042 0.7958
vn -0.0000 0.9980 -0.0633
vn 0.8787 0.2912 -0.3784
vn 0.4186 -0.5526 0.7207
vn -0.0000 -0.9283 0.3718
vn -0.8786 0.2912 -0.3784
vn 0.8794 -0.1822 -0.4398
vn -0.8795 -0.4398 -0.1822
vn 0.4194 0.8387 0.3474
vn -0.0000 0.6577 0.7532
vn -0.0000 -0.8807 0.4737
vn -0.0000 -0.8791 -0.4766
vn -0.8674 0.4977 0.0001
vn -0.8796 -0.4395 0.1822
vn 0.8794 -0.4398 0.1822
vn 0.9299 -0.1692 -0.3265
vn 0.2990 0.7076 0.6402
vn -0.8160 -0.4771 -0.3264
vn -0.5229 0.5627 0.6402
vn -0.5230 0.5627 0.6402
vn 0.8458 0.3015 -0.4400
vn 0.4624 -0.2162 0.8599
vn 0.4623 -0.2162 0.8600
vn -0.8980 -0.0060 -0.4400
vn -0.8980 -0.0060 -0.4401
vn -0.3605 -0.3613 0.8599
vn -0.3605 -0.3613 0.8600
vn 0.1498 -0.8495 -0.5059
vn -0.1273 0.7221 -0.6799
vn 0.9622 -0.2625 0.0726
vn 0.2471 0.9568 -0.1530
vn 0.1025 -0.5812 0.8073
vn -0.5595 0.8146 -0.1530
vn -0.4466 -0.8761 -0.1815
vn -0.0831 -0.9428 -0.3229
vn -0.4458 -0.8765 -0.1816
vn 0.9084 -0.4146 -0.0540
vn -0.9924 -0.0000 0.1235
vn -0.9923 -0.0013 0.1236
vn -0.9923 0.0005 0.1238
vn 0.3548 -0.0014 0.9349
vn 0.3547 0.0006 0.9350
vn 0.3540 -0.0011 0.9352
vn -0.6213 0.7395 -0.2591
vn -0.8589 0.3176 -0.4018
vn 0.8585 0.3656 0.3596
vn -0.4484 0.3907 -0.8040
vn -0.2913 -0.3743 -0.8804
vn -0.6436 0.1422 -0.7520
vn 0.9278 -0.3728 -0.0147
vn 0.9023 0.4229 -0.0831
vn 0.8878 -0.1303 0.4415
vn -0.8938 0.1713 0.4146
vn -0.4128 -0.3489 -0.8413
vn 0.8938 0.1713 0.4146
vn -0.8979 -0.0060 0.4401
vn -0.3607 -0.3613 -0.8599
vn 0.8458 0.3016 0.4400
vn 0.4624 -0.2162 -0.8599
vn -0.8627 -0.2942 0.4113
vn -0.4549 0.2192 -0.8632
vn 0.1369 -0.7767 0.6148
vn 0.9113 0.0186 0.4113
vn 0.3524 0.3616 -0.8632
vn -0.9350 0.2786 -0.2194
vn -0.2726 -0.8714 0.4079
vn -0.2727 -0.8714 0.4079
vn 0.7834 0.5814 -0.2195
vn -0.0497 0.2818 -0.9582
vn 0.7834 0.5815 0.2195
vn 0.5543 -0.7255 -0.4079
vn -0.9351 0.2781 0.2195
vn -0.2728 -0.8713 -0.4079
vn -0.1823 0.8792 -0.4401
vn -0.1803 0.8793 -0.4407
vn -0.1843 0.8788 -0.4402
vn 0.3473 0.4199 0.8385
vn 0.3478 0.4215 0.8375
vn 0.3473 0.4200 0.8384
vn 0.1243 -0.0006 -0.9922
vn 0.9356 -0.0023 0.3529
vn 0.9357 0.0023 0.3529
vn -0.1822 -0.8793 -0.4400
vn 0.3478 -0.4214 0.8376
vn 0.3494 -0.4195 0.8378
vn -0.0000 -0.9970 0.0771
vn -0.8749 0.3028 -0.3779
vn -0.4096 -0.5686 0.7134
vn -0.0000 0.9988 -0.0485
vn -0.8816 -0.1555 -0.4455
vn -0.1115 0.6321 0.7669
vn 0.4050 0.0713 0.9115
vn 0.5775 -0.0003 0.8164
vn -0.0002 0.9238 0.3829
vn -0.0000 0.9238 0.3830
vn 0.0002 -0.9238 0.3829
vn -0.0000 -0.9238 0.3830
vn -0.0010 -0.1087 -0.9941
vn -0.7434 0.6486 -0.1634
vn 0.0012 0.9891 -0.1470
vn 0.8769 0.2215 -0.4265
vn 0.4272 -0.4187 0.8014
vn 0.9113 0.0185 -0.4113
vn 0.1370 -0.7767 -0.6148
vn -0.8627 -0.2943 -0.4113
vn -0.4548 0.2193 0.8631
vn 0.4193 0.3474 -0.8387
vn -0.9925 -0.0005 0.1224
vn 0.3553 -0.0023 0.9347
vn 0.3542 -0.0019 0.9352
vn 0.1925 0.8353 -0.5150
vn -0.0761 0.6363 -0.7677
vn 0.7698 -0.2345 0.5936
vn 0.8306 0.4409 0.3401
vn 0.8326 0.4391 0.3377
vn -0.9182 0.1915 -0.3466
vn -0.4160 0.6750 -0.6094
vn -0.4489 -0.6040 -0.6585
vn 0.5038 0.5586 -0.6589
vn 0.1209 -0.8829 -0.4537
vn -0.4492 -0.8746 -0.1823
vn 0.7933 0.1207 0.5968
vn 0.8277 -0.4479 0.3382
vn 0.8879 -0.3556 -0.2920
vn 0.8795 0.4396 0.1822
vn 0.4194 -0.8387 -0.3474
vn -0.0000 0.9114 -0.4116
vn -0.0000 -0.6156 -0.7880
vn -0.8794 0.4398 0.1822
vn -0.0000 0.9114 0.4116
vn -0.0000 -0.6156 0.7881
vn 0.8794 0.4398 -0.1822
vn -0.8794 0.4399 -0.1822
vn -0.4194 -0.8387 0.3474
vn -0.0000 -0.8791 0.4767
vn -0.0000 0.6577 -0.7533
vn -0.0000 -0.8807 -0.4737
vn -0.8674 0.4976 -0.0001
vn -0.8674 0.4977 -0.0001
vn -0.0000 -0.3831 -0.9237
vn 0.0004 -0.3829 -0.9238
vn 0.5772 0.0004 0.8166
vn 0.5769 -0.0000 0.8168
vn 0.5770 -0.0002 -0.8167
vn 0.5769 -0.0000 -0.8168
vn -0.0000 0.9239 0.3826
vn -0.5776 -0.0002 -0.8163
vn 0.9300 -0.1691 0.3265
vn 0.2990 0.7076 -0.6403
vn -0.8160 -0.4770 0.3265
vn 0.1736 -0.9847 0.0113
vn 0.8070 0.5906 -0.0000
vn -0.8069 0.5907 -0.0000
vn 0.3992 0.0017 0.9169
vn -0.9072 0.0005 -0.4206
vn -0.3993 0.0017 0.9168
vn -0.0000 0.5101 0.8601
vn 0.8738 0.0014 0.4862
vn -0.0000 0.8069 0.5906
vn -0.8739 0.0014 0.4861
vn -0.9925 -0.0005 0.1223
vn 0.3545 -0.0016 0.9351
vn 0.3554 -0.0020 0.9347
vn 0.1217 0.8831 -0.4532
vn -0.1318 0.6983 -0.7035
vn 0.7928 -0.1209 0.5974
vn 0.8278 0.4477 0.3382
vn 0.8297 0.4459 0.3358
vn -0.9116 0.1862 -0.3664
vn -0.4278 0.5999 -0.6761
vn -0.4313 -0.5999 -0.6739
vn 0.7360 0.5999 -0.3136
vn 0.5937 0.4765 -0.6484
vn 0.1212 -0.8828 -0.4539
vn -0.4492 -0.8746 -0.1825
vn 0.7932 0.1210 0.5968
vn 0.8878 -0.3555 -0.2923
vn 0.1823 -0.8793 -0.4401
vn 0.1804 -0.8793 -0.4408
vn 0.1841 -0.8789 -0.4401
vn -0.1237 0.0006 -0.9923
vn -0.9353 0.0018 0.3538
vn -0.9357 0.0018 0.3528
vn -0.9356 -0.0020 0.3530
vn -0.3489 0.4195 0.8381
vn 0.4117 -0.0000 0.9113
vn -0.9924 0.0005 0.1230
vn -0.9922 0.0023 0.1245
vn -0.9925 -0.0005 0.1225
vn 0.3554 -0.0015 0.9347
vn -0.4618 0.8667 -0.1888
vn -0.4587 0.8692 -0.1846
vn 0.8456 0.4050 0.3476
vn 0.8477 0.3998 0.3485
vn -0.2976 -0.0006 -0.9547
vn -0.3002 -0.0036 -0.9539
vn -0.3002 0.0036 -0.9539
vn 0.9993 -0.0010 -0.0374
vn -0.4618 -0.8667 -0.1888
vn -0.4583 -0.8689 -0.1868
vn 0.8448 -0.4032 0.3518
vn -0.1903 0.3016 -0.9342
vn -0.5996 -0.2406 -0.7632
vn 0.1897 0.3020 -0.9342
vn -0.5997 -0.0773 0.7965
vn 0.4594 -0.4607 0.7594
vn 0.5996 -0.0776 0.7966
vn -0.3656 0.6951 -0.6190
vn -0.6225 -0.5569 -0.5499
vn -0.5551 0.6319 -0.5409
vn 0.4171 0.3802 0.8255
vn -0.0404 -0.6040 0.7959
vn -0.1867 -0.3831 -0.9047
vn 0.6153 0.1535 -0.7732
vn -0.6788 0.0450 0.7329
vn 0.4670 0.4347 0.7701
vn -0.5162 0.4758 0.7121
vn 0.5356 0.5997 -0.5946
vn 0.5359 -0.5996 -0.5945
vn -0.3950 0.3834 0.8349
vn 0.0698 0.5996 0.7972
vn -0.3954 -0.3831 0.8348
vn -0.4864 0.8737 -0.0008
vn 0.9313 0.3643 0.0010
vn -0.4863 -0.8738 -0.0008
vn 0.9312 -0.3644 0.0010
vn -0.0000 0.5773 0.8165
vn -0.0000 0.5773 -0.8165
vn -0.9156 -0.0002 0.4020
vn 0.9157 -0.0002 0.4020
vn 0.9238 -0.3828 -0.0000
vn -0.7365 -0.6764 -0.0000
vn 0.3899 0.4246 -0.8171
vn -0.9477 0.1482 -0.2826
vn 0.3899 0.4246 0.8172
vn -0.9477 0.1483 0.2826
vn -0.1804 0.5572 0.8105
vn 0.8130 -0.3958 0.4271
vn 0.9879 -0.1550 -0.0000
vn -0.1805 0.5573 -0.8104
vn -0.9991 0.0414 -0.0000
vn -0.0002 -0.9238 -0.3829
vn -0.0000 -0.9238 -0.3830
vn -0.5775 -0.0003 -0.8164
vn 0.0002 0.9238 -0.3829
vn -0.0000 0.9238 -0.3830
vn 0.4864 -0.8737 -0.0008
vn -0.9313 -0.3643 0.0010
vn 0.4863 0.8738 -0.0008
vn -0.9312 0.3644 0.0010
vn -0.8145 -0.5757 -0.0726
vn -0.1617 0.9172 -0.3640
vn 0.9623 -0.2622 -0.0726
vn -0.1273 0.7221 0.6800
vn 0.3778 0.0666 0.9235
vn -0.9253 -0.1629 0.3426
vn 0.4967 -0.5760 0.6492
vn 0.5274 -0.8352 0.1558
vn -0.8635 -0.5011 0.0581
vn 0.5275 -0.8352 -0.1559
vn 0.4969 -0.5757 -0.6494
vn -0.8878 -0.3965 -0.2334
vn -0.8879 -0.3965 -0.2334
vn 0.4224 -0.2291 -0.8770
vn -0.9039 -0.2740 -0.3285
vn 0.3329 0.3604 -0.8714
vn -0.9478 -0.0587 -0.3134
vn 0.2629 0.8735 -0.4098
vn -0.9824 0.1180 -0.1446
vn 0.2629 0.8734 0.4099
vn -0.9824 0.1180 0.1445
vn 0.3328 0.3605 0.8714
vn -0.9039 -0.2740 0.3285
vn -0.8947 0.1704 -0.4128
vn -0.4106 -0.3495 0.8421
vn -0.0000 0.8208 -0.5712
vn 0.0001 0.3127 0.9498
vn 0.0001 0.3127 0.9499
vn 0.8937 0.1713 -0.4146
vn 0.8938 0.1713 -0.4146
vn 0.4128 -0.3490 0.8413
vn -0.8792 -0.4402 -0.1821
vn 0.8794 -0.4398 -0.1822
vn -0.0000 0.5101 -0.8601
vn -0.9073 0.0005 0.4206
vn -0.0000 0.1220 0.9925
vn 0.8794 0.1821 -0.4398
vn 0.4194 -0.3474 0.8387
vn 0.4619 -0.8666 -0.1888
vn 0.4587 -0.8692 -0.1847
vn -0.8478 -0.3996 0.3486
vn 0.2998 0.0035 -0.9540
vn 0.2998 -0.0035 -0.9540
vn -0.9993 0.0010 -0.0369
vn 0.4597 0.8683 -0.1863
vn 0.4620 0.8665 -0.1889
vn 0.4586 0.8689 -0.1862
vn -0.8457 0.4049 0.3476
vn -0.8448 0.4032 0.3518
vn 0.9925 0.0006 0.1221
vn 0.9922 0.0023 0.1243
vn 0.9922 -0.0023 0.1243
vn -0.3543 0.0018 0.9351
vn 0.1843 -0.8788 -0.4402
vn -0.1243 -0.0006 -0.9922
vn -0.1243 0.0006 -0.9922
vn -0.9357 0.0023 0.3529
vn -0.9356 -0.0022 0.3529
vn 0.1803 0.8794 -0.4406
vn -0.3473 0.4197 0.8386
vn -0.3495 0.4195 0.8378
vn -0.0000 0.9980 0.0633
vn -0.8786 0.2912 0.3784
vn -0.4187 -0.5525 -0.7207
vn 0.4186 -0.5526 -0.7207
vn -0.1827 0.8792 -0.4401
vn -0.1817 0.8794 -0.4401
vn 0.3476 0.4199 0.8384
vn 0.1221 -0.0014 -0.9925
vn 0.1221 -0.0000 -0.9925
vn 0.1232 -0.0001 -0.9924
vn 0.9354 -0.0007 0.3535
vn 0.9356 -0.0016 0.3532
vn 0.9357 0.0009 0.3529
vn -0.1821 -0.8795 -0.4397
vn -0.1810 -0.8792 -0.4407
vn 0.3474 -0.4207 0.8380
vn 0.3487 -0.4197 0.8380
vn -0.8795 -0.4397 0.1822
vn 0.8794 -0.4399 0.1822
vn 0.4193 0.8387 -0.3474
vn -0.0000 0.3831 0.9237
vn 0.0003 0.3830 0.9237
vn 0.0003 -0.9238 0.3828
vn 0.5774 0.8164 -0.0000
vn 0.5775 0.8164 -0.0000
vn 0.5774 -0.8165 -0.0000
vn -0.5775 0.8164 -0.0006
vn -0.5778 0.8162 -0.0000
vn -0.5778 0.8161 -0.0000
vn -0.5776 -0.8163 0.0002
vn -0.0003 0.9238 0.3828
vn -0.5773 -0.8165 0.0001
vn -0.5773 -0.8165 -0.0000
vn -0.5773 0.8166 -0.0000
vn 0.0003 0.9238 -0.3828
vn 0.5773 -0.8165 -0.0001
vn -0.5775 -0.8164 0.0006
vn -0.5778 -0.8162 -0.0000
vn -0.5778 -0.8161 -0.0000
vn -0.5776 0.8163 -0.0002
vn -0.0000 0.9241 -0.3821
vn -0.0005 0.9240 -0.3824
vn -0.1923 -0.8350 -0.5155
vn 0.0766 -0.6358 -0.7680
vn -0.7701 0.2348 0.5931
vn -0.8323 -0.4395 0.3378
vn 0.9183 -0.1916 -0.3464
vn 0.4488 0.6042 -0.6584
vn -0.6702 -0.6773 -0.3035
vn -0.5806 0.4748 -0.6615
vn -0.5038 -0.5591 -0.6585
vn 0.4503 0.8741 -0.1824
vn -0.1212 0.8828 -0.4538
vn 0.4492 0.8747 -0.1823
vn -0.7932 -0.1209 0.5968
vn -0.8878 0.3555 -0.2922
vn 0.9925 0.0005 0.1226
vn 0.9922 -0.0019 0.1244
vn -0.3545 -0.0014 0.9350
vn -0.3543 0.0017 0.9351
vn -0.0044 -0.7726 -0.6349
vn -0.3705 -0.7177 -0.5897
vn 0.1514 -0.4658 -0.8719
vn -0.3809 -0.2952 0.8763
vn -0.6943 -0.3732 -0.6153
vn -0.3604 -0.0575 -0.9310
vn -0.2389 0.3997 0.8849
vn -0.3983 -0.3634 0.8422
vn -0.1113 0.2724 0.9557
vn -0.0041 0.8349 -0.5504
vn -0.0161 0.4795 0.8774
vn -0.4733 0.4837 0.7362
vn 0.0859 0.0532 0.9949
vn 0.7662 -0.0000 -0.6426
vn 0.4202 -0.0000 0.9074
vn 0.4203 -0.0000 0.9074
vn 0.1823 -0.8792 -0.4401
vn 0.1805 -0.8793 -0.4407
vn 0.1837 -0.8789 -0.4402
vn -0.3477 -0.4210 0.8377
vn -0.1241 0.0005 -0.9923
vn -0.9353 0.0016 0.3539
vn -0.9356 0.0022 0.3530
vn -0.9357 -0.0019 0.3529
vn 0.1802 0.8793 -0.4408
vn -0.3494 0.4196 0.8378
vn -0.0000 0.9355 0.3534
vn -0.0000 -0.4116 0.9113
vn 0.8794 0.1821 0.4398
vn 0.4193 -0.3474 -0.8387
vn 0.5772 -0.0004 -0.8166
vn 0.5770 0.0002 0.8167
vn -0.5776 0.0002 0.8163
vn 0.8654 0.5010 -0.0000
vn 0.3893 -0.9211 -0.0000
vn -0.7880 0.6157 -0.0000
vn 0.1803 -0.8794 -0.4407
vn -0.3478 -0.4213 0.8376
vn -0.1222 0.0022 -0.9925
vn -0.1242 0.0005 -0.9923
vn -0.9356 -0.0023 0.3529
vn 0.1803 0.8794 -0.4407
vn -0.3494 0.4195 0.8378
vn 0.0001 -0.6524 0.7578
vn -0.3925 -0.0009 0.9198
vn 0.9156 -0.0002 -0.4020
vn 0.5775 0.8164 0.0003
vn 0.5770 -0.8168 0.0004
vn 0.5769 -0.8168 -0.0000
vn -0.5774 0.8164 -0.0003
vn -0.4096 -0.5685 -0.7134
vn 0.4861 0.0014 0.8739
vn 0.4862 0.0014 -0.8738
vn 0.5907 0.8069 -0.0000
vn -0.1802 0.8793 -0.4408
vn 0.1234 -0.0003 -0.9924
vn 0.1220 -0.0015 -0.9925
vn 0.9354 0.0014 0.3536
vn 0.9357 0.0023 0.3528
vn 0.9352 -0.0019 0.3540
vn -0.1808 -0.8793 -0.4406
vn 0.3474 -0.4196 0.8386
vn 0.3487 -0.4195 0.8381
vn -0.1820 0.8796 -0.4396
vn -0.1800 0.8794 -0.4408
vn 0.3478 0.4213 0.8376
vn 0.1220 -0.0018 -0.9925
vn 0.1242 0.0006 -0.9923
vn 0.1238 -0.0005 -0.9923
vn 0.9353 0.0015 0.3538
vn 0.9357 0.0021 0.3529
vn 0.9353 -0.0018 0.3539
vn -0.1805 -0.8794 -0.4406
vn 0.3491 -0.4195 0.8380
vn 0.4501 -0.8741 -0.1825
vn 0.1324 -0.6984 -0.7034
vn -0.8295 -0.4463 0.3357
vn 0.9115 -0.1861 -0.3669
vn 0.4278 -0.5995 -0.6764
vn 0.4313 0.5997 -0.6741
vn -0.7365 -0.5996 -0.3133
vn -0.5943 0.4768 -0.6476
vn -0.5943 -0.4764 -0.6480
vn -0.1210 0.8829 -0.4537
vn 0.4493 0.8745 -0.1826
vn -0.8878 0.3556 -0.2920
vn 0.9924 0.0006 0.1227
vn -0.3546 0.0015 0.9350
vn -0.3556 0.0017 0.9347
vn 0.0066 -0.5691 -0.8222
vn 0.5921 -0.4586 -0.6627
vn 0.6815 -0.1406 0.7182
vn -0.0209 -0.1962 0.9803
vn 0.4977 -0.5588 0.6633
vn 0.0051 0.6313 -0.7755
vn 0.5425 0.5305 -0.6514
vn -0.2171 -0.0037 -0.9761
vn 0.5993 0.1807 0.7799
vn -0.0164 0.2288 0.9733
vn 0.3658 -0.6950 -0.6190
vn 0.6230 0.5568 -0.5495
vn 0.5547 -0.6322 -0.5410
vn 0.0404 0.6039 0.7960
vn 0.3831 -0.0000 0.9237
vn 0.3830 -0.0000 0.9238
vn 0.3828 -0.0000 -0.9238
vn 0.3827 -0.0000 -0.9239
vn 0.4016 0.5579 -0.7263
vn -0.9483 0.3174 0.0001
vn 0.4222 0.5663 -0.7078
vn -0.9483 0.3175 -0.0001
vn 0.9453 -0.1247 -0.3013
vn -0.3988 -0.8472 -0.3510
vn 0.9453 -0.3012 -0.1248
vn -0.3987 -0.8473 0.3509
vn -0.3987 -0.3510 0.8472
vn -0.3836 0.3534 0.8532
vn 0.9402 0.1314 0.3143
vn 0.9298 0.0013 0.3680
vn -0.8164 0.5775 -0.0000
vn 0.8164 0.5775 -0.0000
vn -0.3783 0.0001 -0.9257
vn -0.3856 0.3530 -0.8524
vn 0.9394 0.1323 -0.3163
vn -0.1922 -0.8351 -0.5154
vn 0.0765 -0.6361 -0.7678
vn -0.7701 0.2346 0.5932
vn -0.8306 -0.4410 0.3401
vn -0.8325 -0.4392 0.3377
vn 0.9182 -0.1915 -0.3469
vn 0.4155 -0.6750 -0.6098
vn 0.4488 0.6039 -0.6587
vn -0.6702 -0.6771 -0.3037
vn -0.5040 -0.5589 -0.6585
vn -0.1209 0.8830 -0.4536
vn 0.4491 0.8747 -0.1823
vn -0.8879 0.3556 -0.2919
vn 0.9922 -0.0022 0.1243
vn -0.3542 0.0019 0.9352
vn -0.8644 0.3574 -0.3536
vn -0.3510 0.3987 -0.8473
vn -0.1247 -0.9454 -0.3010
vn 0.3510 0.3985 -0.8473
vn 0.1248 -0.9453 -0.3013
vn 0.3070 -0.9433 -0.1265
vn -0.0019 0.3884 -0.9215
vn -0.6873 0.6673 -0.2871
vn -0.3510 0.3988 -0.8472
vn -0.1247 -0.9454 -0.3012
vn 0.3510 0.3986 -0.8473
vn 0.0075 0.7231 -0.6907
vn 0.0067 -0.9283 -0.3718
vn 0.0066 -0.9283 -0.3718
vn 0.3509 0.3987 -0.8473
vn -0.0010 0.8636 -0.5043
vn -0.0010 0.8636 -0.5042
vn -0.8564 0.3791 -0.3506
vn -0.1249 -0.9452 -0.3016
vn 0.1246 -0.9455 -0.3009
vn 0.8644 0.3573 -0.3537
vn 0.0044 0.7540 -0.6569
vn 0.0047 -0.9265 -0.3763
vn -0.8738 0.4863 -0.0008
vn -0.0000 0.8165 0.5774
vn 0.8737 0.4864 -0.0008
vn 0.3644 -0.9313 0.0010
vn -0.0043 0.7541 -0.6568
vn -0.0046 -0.9264 -0.3764
vn 0.8739 0.0014 -0.4861
vn -0.8738 0.0014 -0.4862
vn -0.0000 0.8069 -0.5906
vn -0.9453 -0.3012 0.1248
vn 0.3988 -0.8472 -0.3510
vn -0.9454 -0.3011 -0.1248
vn 0.3987 -0.3510 -0.8472
vn 0.3837 0.3532 -0.8533
vn -0.9402 0.1314 -0.3143
vn 0.3764 0.0001 -0.9264
vn -0.9298 0.0013 -0.3680
vn 0.8165 0.5774 -0.0000
vn 0.3764 0.0001 0.9265
vn -0.9298 0.0013 0.3681
vn 0.3837 0.3532 0.8533
vn -0.9402 0.1313 0.3143
vn -0.9453 -0.1249 0.3013
vt 0.000000 0.000000
vt 0.375000 1.000000
vt 0.625000 1.000000
vt 0.375000 0.987403
vt 0.625000 0.987403
vt 0.375000 0.250000
vt 0.625000 0.250000
vt 0.625000 0.500000
vt 0.375000 0.500000
vt 0.875000 0.583333
vt 0.625000 0.583333
vt 0.875000 0.666667
vt 0.625000 0.666667
vt 0.254671 0.750000
vt 0.245493 0.749379
vt 0.238240 0.633823
vt 0.220730 0.585958
vt 0.203220 0.633823
vt 0.196006 0.750000
vt 0.187085 0.749379
vt 0.179832 0.633823
vt 0.162321 0.585958
vt 0.144811 0.633823
vt 0.137597 0.750000
vt 0.125000 0.750000
vt 0.125000 0.500000
vt 0.375000 0.750000
vt 0.362825 0.749379
vt 0.355572 0.633823
vt 0.338062 0.585958
vt 0.320551 0.633823
vt 0.313337 0.750000
vt 0.304159 0.749379
vt 0.296906 0.633823
vt 0.279396 0.585958
vt 0.261886 0.633823
vt 0.937500 0.500000
vt 0.937500 1.000000
vt 0.419706 0.419706
vt 0.490000 0.250000
vt 0.334853 0.454853
vt 0.250000 0.490000
vt 0.080294 0.419706
vt 0.010000 0.250000
vt 0.080294 0.080294
vt 0.250000 0.010000
vt 0.334853 0.045147
vt 0.419706 0.080294
vt 0.625000 0.750000
vt 0.375000 0.870329
vt 0.375000 0.879546
vt 0.625000 0.870329
vt 0.625000 0.879546
vt 0.875000 0.500000
vt 0.875000 1.000000
vt 1.000000 0.500000
vt 1.000000 1.000000
vt 0.750000 0.500000
vt 0.750000 1.000000
vt 0.562500 1.000000
vt 0.562500 0.500000
vt 0.500000 0.500000
vt 0.500000 1.000000
vt 0.125000 0.784176
vt 0.250000 0.784176
vt 0.125000 0.608432
vt 0.250000 0.608432
vt 0.000000 1.000000
vt 0.125000 1.000000
vt 0.000000 0.500000
vt 0.250000 1.000000
vt 0.250000 0.500000
vt 0.000000 0.608432
vt 0.000000 0.784176
vt 0.875000 0.750000
vt 1.000000 0.784176
vt 0.875000 0.784176
vt 0.875000 0.608432
vt 1.000000 0.608432
vt 0.375000 0.820880
vt 0.375000 0.811663
vt 0.625000 0.811663
vt 0.625000 0.820880
vt 0.375000 0.000000
vt 0.625000 0.000000
vt 0.834853 0.454853
vt 0.919706 0.419706
vt 0.990000 0.250000
vt 0.919706 0.080294
vt 0.834853 0.045147
vt 0.750000 0.010000
vt 0.580294 0.080294
vt 0.510000 0.250000
vt 0.580294 0.419706
vt 0.750000 0.490000
vt 0.750000 0.784176
vt 0.750000 0.608432
vt 0.375000 0.937954
vt 0.375000 0.928994
vt 0.625000 0.928994
vt 0.625000 0.937954
vt 0.000000 0.784175
vt 0.375000 0.762214
vt 0.625000 0.762214
vt 0.625000 0.083333
vt 0.625000 0.166667
vt 0.862442 0.749379
vt 0.855189 0.633823
vt 0.837679 0.585958
vt 0.820168 0.633823
vt 0.812954 0.750000
vt 0.804033 0.749379
vt 0.796780 0.633823
vt 0.779270 0.585958
vt 0.761760 0.633823
vt 0.754546 0.750000
vt 0.745368 0.749379
vt 0.738115 0.633823
vt 0.720604 0.585958
vt 0.703094 0.633823
vt 0.695880 0.750000
vt 0.686702 0.749379
vt 0.679449 0.633823
vt 0.661938 0.585958
vt 0.644428 0.633823
vt 0.637214 0.750000
s 0
f 317/1/1 307/1/1 305/1/1
f 318/1/2 306/1/2 308/1/2
f 318/1/3 305/1/3 301/1/3
f 318/1/4 319/1/4 302/1/4
f 320/1/5 319/1/5 301/1/5
f 319/1/6 320/1/6 298/1/6
f 320/1/7 297/1/7 293/1/7
f 320/1/8 321/1/8 294/1/8
f 321/1/9 293/1/9 295/1/9
f 322/1/10 296/1/10 294/1/10
f 323/1/11 322/1/11 295/1/11
f 323/1/12 300/1/12 296/1/12
f 324/1/13 323/1/13 299/1/13
f 324/1/14 304/1/14 300/1/14
f 317/1/15 324/1/15 303/1/15
f 324/1/16 317/1/16 308/1/16
f 326/2/17 325/3/17 115/3/17
f 326/2/18 114/2/18 116/3/18
f 326/2/19 113/2/19 219/4/20
f 327/4/21 220/4/22 114/2/23
f 327/4/24 219/4/25 221/5/26
f 328/5/27 222/5/28 220/4/29
f 325/3/30 328/5/31 221/5/32
f 328/5/33 325/3/34 116/3/34
f 329/6/35 65/6/35 59/7/35
f 330/7/36 60/7/36 66/6/36
f 330/7/37 59/7/37 141/8/37
f 330/7/38 331/8/38 142/8/38
f 332/9/39 331/8/39 141/8/39
f 332/9/40 176/9/40 142/8/40
f 332/9/41 175/9/41 65/6/41
f 332/9/42 329/6/42 66/6/42
f 334/10/43 333/11/43 75/11/43
f 333/11/44 334/10/44 168/10/44
f 334/10/45 167/10/45 165/12/45
f 335/12/46 166/12/46 168/10/46
f 335/12/47 165/12/47 87/13/47
f 336/13/48 88/13/48 166/12/48
f 333/11/49 336/13/49 87/13/49
f 336/13/50 333/11/50 76/11/50
f 337/14/51 229/14/51 225/15/51
f 338/15/52 226/15/52 230/14/52
f 338/15/53 225/15/53 261/16/53
f 338/15/54 339/16/54 262/16/54
f 340/17/55 339/16/55 261/16/55
f 340/17/56 260/17/56 262/16/56
f 340/17/57 259/17/57 267/18/57
f 340/17/58 341/18/58 268/18/58
f 342/19/59 341/18/59 267/18/59
f 342/19/60 246/19/60 268/18/60
f 343/20/61 342/19/61 245/19/61
f 342/19/62 343/20/62 242/20/62
f 343/20/63 241/20/63 183/21/63
f 343/20/64 344/21/64 184/21/64
f 345/22/65 344/21/65 183/21/65
f 345/22/56 180/22/56 184/21/56
f 345/22/66 179/22/66 269/23/66
f 345/22/67 346/23/67 270/23/67
f 347/24/68 346/23/69 269/23/69
f 347/24/70 220/24/70 270/23/70
f 348/25/71 347/24/71 219/24/71
f 347/24/72 348/25/72 114/25/72
f 349/26/73 348/25/73 113/25/73
f 348/25/74 349/26/74 118/26/74
f 350/9/75 349/26/75 117/26/75
f 349/26/76 350/9/76 100/9/76
f 350/9/77 99/9/77 97/27/77
f 351/27/78 98/27/78 100/9/78
f 351/27/79 97/27/79 233/28/79
f 352/28/80 234/28/80 98/27/80
f 352/28/53 233/28/53 265/29/53
f 352/28/81 353/29/81 266/29/81
f 354/30/65 353/29/65 265/29/65
f 354/30/56 136/30/56 266/29/56
f 354/30/57 135/30/57 131/31/57
f 354/30/67 355/31/67 132/31/67
f 356/32/68 355/31/68 131/31/68
f 356/32/70 130/32/70 132/31/70
f 357/33/82 356/32/82 129/32/82
f 356/32/83 357/33/83 238/33/83
f 357/33/84 237/33/84 263/34/85
f 357/33/86 358/34/86 264/34/86
f 359/35/55 358/34/55 263/34/55
f 359/35/56 216/35/56 264/34/56
f 359/35/57 215/35/57 211/36/57
f 359/35/87 360/36/87 212/36/87
f 337/14/88 360/36/88 211/36/88
f 337/14/89 230/14/90 212/36/89
f 361/1/91 51/1/91 53/1/91
f 361/1/92 362/1/92 54/1/92
f 363/1/93 362/1/93 53/1/93
f 362/1/94 363/1/94 56/1/94
f 363/1/95 55/1/95 57/1/95
f 363/1/96 364/1/96 58/1/96
f 365/1/97 364/1/97 57/1/97
f 364/1/98 365/1/98 48/1/98
f 365/1/99 47/1/99 43/1/99
f 366/1/100 44/1/100 48/1/100
f 366/1/101 43/1/101 45/1/101
f 366/1/102 367/1/102 46/1/102
f 368/1/103 367/1/103 45/1/103
f 367/1/104 368/1/104 50/1/104
f 361/1/105 368/1/105 49/1/105
f 368/1/106 361/1/106 52/1/106
f 370/37/107 369/37/107 145/37/107
f 369/37/108 370/37/108 170/37/108
f 371/38/109 370/37/109 169/37/109
f 371/38/110 14/38/110 170/37/110
f 371/38/111 13/38/111 17/38/112
f 372/38/113 18/38/113 14/38/113
f 369/37/114 372/38/114 17/38/114
f 369/37/115 146/37/115 18/38/115
f 374/39/116 373/40/116 19/40/116
f 374/39/117 22/39/117 20/40/117
f 375/41/118 374/39/118 21/39/118
f 375/41/119 18/41/119 22/39/119
f 375/41/120 17/41/120 13/41/120
f 375/41/121 376/41/121 14/41/121
f 377/42/122 376/41/122 13/41/122
f 377/42/123 2/42/123 14/41/123
f 378/43/124 377/42/124 1/42/124
f 378/43/125 10/43/125 2/42/125
f 379/44/126 378/43/126 9/43/126
f 379/44/127 12/44/127 10/43/127
f 379/44/128 11/44/128 3/45/128
f 379/44/129 380/45/129 4/45/129
f 380/45/130 3/45/130 5/46/130
f 380/45/131 381/46/131 6/46/131
f 381/46/132 5/46/132 7/47/132
f 381/46/133 382/47/133 8/47/133
f 383/47/134 382/47/135 7/47/134
f 383/47/136 16/47/136 8/47/136
f 383/47/137 15/47/137 23/48/137
f 383/47/138 384/48/138 24/48/138
f 384/48/139 23/48/139 19/40/139
f 384/48/140 373/40/140 20/40/140
f 386/27/141 385/49/141 89/49/141
f 386/27/142 82/27/142 90/49/142
f 387/9/143 386/27/143 81/27/143
f 386/27/144 387/9/144 78/9/144
f 387/9/145 77/9/145 79/8/145
f 387/9/146 388/8/146 80/8/146
f 389/8/147 388/8/148 79/8/148
f 389/8/149 86/8/149 80/8/149
f 389/8/150 85/8/150 83/11/150
f 389/8/151 390/11/151 84/11/151
f 390/11/152 83/11/152 75/11/152
f 390/11/153 391/11/153 76/11/153
f 392/13/154 391/11/154 75/11/154
f 392/13/155 88/13/155 76/11/155
f 393/13/156 392/13/156 87/13/156
f 393/13/157 92/13/157 88/13/157
f 394/49/158 393/13/158 91/13/158
f 394/49/159 94/49/159 92/13/159
f 394/49/160 93/49/160 89/49/160
f 394/49/161 385/49/161 90/49/161
f 395/9/162 69/9/162 73/8/162
f 396/8/163 74/8/163 70/9/163
f 397/49/164 396/8/164 73/8/164
f 397/49/165 72/49/165 74/8/165
f 398/27/166 397/49/166 71/49/166
f 397/49/167 398/27/167 68/27/167
f 395/9/168 398/27/168 67/27/168
f 395/9/144 70/9/144 68/27/144
f 400/50/169 399/51/170 225/51/171
f 399/51/172 400/50/173 230/50/173
f 401/52/174 400/50/174 229/50/174
f 400/50/175 401/52/175 228/52/175
f 401/52/176 227/52/176 223/53/177
f 402/53/178 224/53/179 228/52/180
f 399/51/181 402/53/182 223/53/183
f 402/53/184 399/51/185 226/51/186
f 404/3/187 403/49/187 93/49/187
f 403/49/188 404/3/188 120/3/188
f 405/3/189 404/3/189 119/3/189
f 404/3/190 405/3/190 290/3/190
f 405/3/191 289/3/191 89/49/191
f 405/3/192 406/49/192 90/49/192
f 406/49/193 89/49/193 93/49/193
f 403/49/194 94/49/195 90/49/194
f 408/54/196 407/55/196 31/55/196
f 407/55/197 408/54/197 196/54/197
f 409/56/198 408/54/198 195/54/198
f 409/56/199 194/56/199 196/54/199
f 410/57/200 409/56/200 193/56/200
f 409/56/201 410/57/201 34/57/201
f 407/55/202 410/57/202 33/57/202
f 407/55/203 32/55/203 34/57/203
f 412/1/204 411/1/204 49/1/204
f 411/1/205 412/1/205 296/1/205
f 413/1/206 412/1/206 295/1/206
f 412/1/207 413/1/207 294/1/207
f 414/1/208 413/1/208 293/1/208
f 413/1/209 414/1/209 52/1/209
f 411/1/210 414/1/210 51/1/210
f 414/1/211 411/1/211 50/1/211
f 416/54/212 415/8/212 85/8/212
f 415/8/213 416/54/213 126/54/213
f 417/10/214 416/54/214 125/54/214
f 416/54/215 417/10/215 124/10/215
f 417/10/216 123/10/216 83/11/216
f 417/10/217 418/11/217 84/11/217
f 418/11/218 83/11/218 85/8/218
f 415/8/219 86/8/219 84/11/219
f 420/8/220 419/3/220 35/3/220
f 419/3/221 420/8/221 200/8/221
f 420/8/222 199/8/222 197/58/222
f 420/8/223 421/58/223 198/58/223
f 422/59/224 421/58/224 197/58/224
f 421/58/225 422/59/225 38/59/225
f 422/59/226 37/59/226 35/3/226
f 419/3/227 36/3/227 38/59/227
f 423/60/228 15/60/228 151/61/228
f 424/61/229 152/61/229 16/60/229
f 425/8/230 424/61/230 151/61/230
f 424/61/231 425/8/231 150/8/231
f 425/8/232 149/8/232 23/3/232
f 425/8/233 426/3/233 24/3/233
f 426/3/234 23/3/234 15/60/234
f 423/60/235 16/60/235 24/3/235
f 428/9/236 427/2/236 3/2/236
f 427/2/237 428/9/237 158/9/237
f 429/62/238 428/9/238 157/9/238
f 428/9/239 429/62/240 154/62/239
f 430/63/241 429/62/241 153/62/241
f 429/62/242 430/63/242 6/63/242
f 430/63/243 5/63/243 3/2/243
f 427/2/244 4/2/245 6/63/245
f 431/59/246 19/59/246 147/58/246
f 432/58/247 148/58/247 20/59/247
f 432/58/248 147/58/249 143/54/249
f 433/54/250 144/54/250 148/58/250
f 433/54/251 143/54/251 21/55/251
f 433/54/252 434/55/252 22/55/252
f 431/59/253 434/55/253 21/55/253
f 434/55/254 431/59/254 20/59/254
f 436/64/255 435/65/256 245/65/257
f 435/65/258 436/64/259 268/64/260
f 437/66/261 436/64/262 267/64/263
f 436/64/264 437/66/265 280/66/266
f 437/66/267 279/66/268 243/67/269
f 438/67/270 244/67/271 280/66/272
f 438/67/273 243/67/274 245/65/275
f 435/65/276 246/65/277 244/67/278
f 440/9/279 439/2/279 29/2/279
f 440/9/280 204/9/280 30/2/280
f 440/9/281 203/9/281 201/62/281
f 441/62/282 202/62/282 204/9/282
f 442/63/283 441/62/283 201/62/283
f 441/62/284 442/63/284 26/63/284
f 439/2/285 442/63/285 25/63/285
f 442/63/286 439/2/286 30/2/286
f 444/68/287 443/69/287 9/69/287
f 443/69/288 444/68/288 2/68/289
f 445/70/290 444/68/290 1/68/290
f 444/68/291 445/70/291 164/70/291
f 445/70/292 163/70/292 161/26/292
f 446/26/293 162/26/293 164/70/293
f 443/69/294 446/26/294 161/26/294
f 443/69/295 10/69/295 162/26/295
f 447/56/296 163/56/296 1/57/296
f 447/56/297 448/57/297 2/57/297
f 449/38/298 448/57/298 1/57/298
f 448/57/299 449/38/299 14/38/299
f 450/37/300 449/38/300 13/38/300
f 450/37/301 170/37/301 14/38/301
f 450/37/302 169/37/302 163/56/302
f 447/56/303 164/56/304 170/37/303
f 451/2/305 3/2/305 11/71/305
f 452/71/306 12/71/307 4/2/306
f 452/71/308 11/71/308 159/72/308
f 452/71/309 453/72/309 160/72/309
f 454/9/310 453/72/310 159/72/310
f 453/72/311 454/9/311 158/9/311
f 454/9/312 157/9/312 3/2/312
f 454/9/313 451/2/313 4/2/313
f 455/69/314 9/69/314 161/26/314
f 456/26/315 162/26/315 10/69/315
f 456/26/316 161/26/317 159/72/316
f 457/72/318 160/72/318 162/26/319
f 458/71/320 457/72/320 159/72/320
f 458/71/321 12/71/321 160/72/321
f 455/69/322 458/71/322 11/71/322
f 458/71/323 455/69/323 10/69/324
f 460/73/325 459/74/325 135/74/325
f 459/74/326 460/73/326 138/73/326
f 460/73/327 137/73/327 133/66/328
f 460/73/329 461/66/330 134/66/331
f 462/64/332 461/66/333 133/66/334
f 461/66/335 462/64/336 132/64/337
f 459/74/338 462/64/339 131/64/340
f 459/74/341 136/74/341 132/64/342
f 464/11/343 463/10/343 167/10/343
f 463/10/344 464/11/344 76/11/344
f 464/11/345 75/11/345 83/11/345
f 465/11/346 84/11/346 76/11/346
f 466/10/347 465/11/347 83/11/347
f 465/11/348 466/10/348 124/10/348
f 463/10/349 466/10/349 123/10/349
f 466/10/350 463/10/350 168/10/350
f 467/61/351 151/61/351 15/60/351
f 468/60/352 16/60/352 152/61/352
f 469/60/353 468/60/353 15/60/354
f 468/60/355 469/60/355 8/60/355
f 469/60/356 7/60/356 155/61/356
f 469/60/357 470/61/357 156/61/357
f 470/61/358 155/61/358 151/61/358
f 467/61/359 152/61/359 156/61/359
f 471/6/360 209/7/360 189/6/360
f 471/6/361 210/7/362 472/7/361
f 473/8/363 209/7/364 472/7/363
f 472/7/365 208/8/365 473/8/365
f 474/9/366 207/8/367 473/8/366
f 473/8/368 192/9/369 474/9/368
f 471/6/370 191/9/371 474/9/371
f 474/9/372 190/6/373 471/6/372
f 476/27/374 475/2/374 61/2/374
f 476/27/375 288/27/375 62/2/376
f 476/27/377 287/27/377 139/49/377
f 476/27/378 477/49/378 140/49/378
f 478/3/379 477/49/379 139/49/379
f 478/3/380 64/3/380 140/49/380
f 475/2/381 478/3/381 63/3/381
f 478/3/382 475/2/382 62/2/382
f 480/61/383 479/62/383 153/62/383
f 479/62/384 480/61/384 156/61/384
f 480/61/385 155/61/385 7/60/385
f 480/61/386 481/60/386 8/60/386
f 481/60/387 7/60/387 5/63/387
f 482/63/388 6/63/388 8/60/388
f 479/62/389 482/63/389 5/63/389
f 482/63/390 479/62/390 154/62/390
f 484/1/391 483/1/391 43/1/391
f 483/1/392 484/1/392 304/1/392
f 484/1/393 303/1/393 299/1/393
f 485/1/394 300/1/394 304/1/394
f 486/1/395 485/1/395 299/1/395
f 485/1/396 486/1/396 46/1/396
f 483/1/397 486/1/397 45/1/397
f 486/1/398 483/1/398 44/1/398
f 487/64/399 131/64/400 133/66/401
f 487/64/402 488/66/403 134/66/404
f 488/66/405 133/66/406 127/67/407
f 489/67/408 128/67/409 134/66/410
f 490/65/411 489/67/412 127/67/413
f 489/67/414 490/65/415 130/65/416
f 487/64/417 490/65/418 129/65/419
f 490/65/420 487/64/421 132/64/422
f 492/1/423 491/1/423 307/1/423
f 492/1/424 48/1/424 308/1/424
f 493/1/425 492/1/425 47/1/425
f 493/1/426 58/1/426 48/1/426
f 494/1/427 493/1/427 57/1/427
f 494/1/428 306/1/428 58/1/428
f 491/1/429 494/1/429 305/1/429
f 494/1/430 491/1/430 308/1/430
f 496/1/431 495/1/431 305/1/431
f 495/1/432 496/1/432 58/1/432
f 496/1/433 57/1/433 55/1/433
f 496/1/434 497/1/434 56/1/434
f 498/1/435 497/1/435 55/1/435
f 497/1/436 498/1/436 302/1/436
f 495/1/437 498/1/437 301/1/437
f 495/1/438 306/1/438 302/1/438
f 500/12/439 499/13/439 91/13/439
f 500/12/440 122/12/440 92/13/440
f 500/12/441 121/12/441 119/75/441
f 501/75/442 120/75/442 122/12/442
f 501/75/443 119/75/443 93/49/443
f 501/75/444 502/49/444 94/49/444
f 499/13/445 502/49/445 93/49/445
f 502/49/446 499/13/446 92/13/446
f 504/6/447 257/9/448 503/9/447
f 504/6/449 258/9/449 256/6/450
f 505/7/360 255/6/451 504/6/360
f 504/6/452 252/7/452 505/7/452
f 506/8/453 251/7/453 505/7/453
f 505/7/454 254/8/365 506/8/365
f 503/9/455 253/8/456 506/8/456
f 506/8/457 258/9/458 503/9/457
f 507/54/459 143/54/459 145/37/459
f 508/37/460 146/37/460 144/54/461
f 508/37/462 145/37/462 17/38/462
f 509/38/463 18/38/463 146/37/463
f 510/55/464 509/38/464 17/38/464
f 509/38/465 510/55/465 22/55/465
f 507/54/466 510/55/466 21/55/466
f 507/54/467 144/54/467 22/55/467
f 511/63/468 25/63/468 201/62/468
f 511/63/392 512/62/392 202/62/392
f 513/8/393 512/62/393 201/62/393
f 512/62/469 513/8/469 200/8/469
f 514/3/395 513/8/395 199/8/395
f 513/8/396 514/3/396 36/3/396
f 511/63/470 514/3/470 35/3/470
f 511/63/398 26/63/398 36/3/398
f 516/54/471 515/8/471 73/8/471
f 516/54/472 106/54/472 74/8/472
f 517/75/473 516/54/473 105/54/473
f 516/54/474 517/75/474 104/75/474
f 518/49/475 517/75/475 103/75/475
f 518/49/476 72/49/476 104/75/476
f 515/8/477 518/49/477 71/49/477
f 515/8/478 74/8/478 72/49/478
f 520/2/479 519/3/479 289/3/479
f 519/3/480 520/2/480 292/2/480
f 521/27/481 520/2/481 291/2/481
f 520/2/482 521/27/482 82/27/482
f 521/27/483 81/27/483 89/49/483
f 522/49/484 90/49/484 82/27/484
f 519/3/485 522/49/485 89/49/485
f 522/49/486 519/3/486 290/3/486
f 523/9/487 69/9/487 109/6/487
f 523/9/481 524/6/481 110/6/481
f 524/6/488 109/6/488 105/7/488
f 525/7/489 106/7/489 110/6/489
f 525/7/490 105/7/490 73/8/490
f 526/8/491 74/8/491 106/7/491
f 523/9/492 526/8/492 73/8/492
f 526/8/493 523/9/493 70/9/493
f 527/64/494 269/64/495 281/66/496
f 528/66/497 282/66/498 270/64/499
f 528/66/500 281/66/501 221/67/502
f 529/67/503 222/67/504 282/66/505
f 530/65/506 529/67/507 221/67/508
f 529/67/509 530/65/510 220/65/511
f 527/64/512 530/65/513 219/65/514
f 530/65/515 527/64/516 270/64/517
f 531/76/518 215/76/518 263/77/519
f 531/76/520 532/77/521 264/77/522
f 533/78/523 532/77/524 263/77/525
f 532/77/526 533/78/527 274/78/528
f 534/79/529 533/78/530 273/78/531
f 534/79/532 218/79/532 274/78/533
f 531/76/534 534/79/534 217/79/534
f 534/79/535 531/76/535 216/76/535
f 535/64/536 211/64/537 213/66/538
f 536/66/539 214/66/540 212/64/541
f 536/66/542 213/66/543 227/67/544
f 537/67/545 228/67/546 214/66/547
f 538/65/548 537/67/549 227/67/550
f 537/67/551 538/65/552 230/65/553
f 535/64/554 538/65/555 229/65/556
f 538/65/557 535/64/558 212/64/559
f 539/80/560 237/80/561 129/81/562
f 540/81/563 130/81/564 238/80/565
f 541/82/566 540/81/567 129/81/568
f 540/81/569 541/82/570 128/82/571
f 542/83/572 541/82/573 127/82/574
f 541/82/575 542/83/576 236/83/577
f 542/83/578 235/83/579 237/80/580
f 539/80/581 238/80/582 236/83/583
f 543/9/584 99/9/584 101/8/584
f 543/9/585 544/8/585 102/8/585
f 544/8/586 101/8/586 95/49/586
f 545/49/587 96/49/587 102/8/587
f 546/27/588 545/49/588 95/49/588
f 545/49/589 546/27/589 98/27/589
f 543/9/590 546/27/590 97/27/590
f 546/27/591 543/9/591 100/9/591
f 548/9/592 547/2/592 39/2/592
f 547/2/593 548/9/593 206/9/593
f 549/9/594 548/9/594 205/9/594
f 548/9/595 549/9/595 204/9/595
f 550/2/596 549/9/596 203/9/596
f 549/9/597 550/2/597 30/2/597
f 550/2/598 29/2/598 39/2/598
f 547/2/599 40/2/599 30/2/599
f 552/84/600 551/6/600 65/6/600
f 551/6/601 552/84/601 62/84/601
f 552/84/602 61/84/602 63/85/603
f 552/84/604 553/85/604 64/85/604
f 554/7/605 553/85/605 63/85/605
f 553/85/606 554/7/606 60/7/606
f 551/6/607 554/7/607 59/7/607
f 551/6/608 66/6/608 60/7/608
f 555/9/609 175/9/609 141/8/609
f 555/9/610 556/8/610 142/8/610
f 557/49/611 556/8/611 141/8/611
f 556/8/612 557/49/612 140/49/612
f 558/27/613 557/49/613 139/49/613
f 558/27/614 288/27/614 140/49/614
f 555/9/615 558/27/615 287/27/615
f 555/9/616 176/9/616 288/27/616
f 560/2/617 247/3/618 559/3/617
f 559/3/619 188/2/620 560/2/619
f 561/27/621 187/2/622 560/2/622
f 560/2/623 186/27/624 561/27/623
f 561/27/625 249/49/625 185/27/625
f 561/27/626 250/49/627 562/49/626
f 559/3/628 249/49/629 562/49/628
f 562/49/630 248/3/630 559/3/630
f 564/6/585 563/7/585 111/7/585
f 563/7/584 564/6/584 118/6/584
f 564/6/631 117/6/631 113/84/631
f 565/84/632 114/84/632 118/6/632
f 565/84/633 113/84/633 115/85/633
f 565/84/634 566/85/634 116/85/634
f 563/7/635 566/85/635 115/85/635
f 566/85/636 563/7/636 112/7/636
f 567/59/637 19/59/637 23/3/637
f 568/3/638 24/3/638 20/59/638
f 568/3/639 23/3/639 149/8/639
f 569/8/640 150/8/640 24/3/640
f 570/58/641 569/8/641 149/8/641
f 569/8/642 570/58/642 148/58/642
f 570/58/643 147/58/643 19/59/643
f 570/58/644 567/59/644 20/59/644
f 572/86/645 571/86/645 169/86/645
f 572/86/646 146/86/646 170/86/646
f 572/86/647 145/86/647 143/87/647
f 572/86/648 573/87/648 144/87/648
f 573/87/649 143/87/649 147/88/649
f 573/87/650 574/88/650 148/88/650
f 575/89/651 574/88/651 147/88/651
f 575/89/652 150/89/652 148/88/652
f 576/90/653 575/89/653 149/89/653
f 576/90/654 152/90/654 150/89/654
f 576/90/655 151/90/655 155/90/655
f 576/90/656 577/90/657 156/90/656
f 578/91/658 577/90/658 155/90/658
f 578/91/659 154/91/659 156/90/659
f 579/92/660 578/91/660 153/91/660
f 579/92/661 158/92/661 154/91/661
f 580/93/662 579/92/662 157/92/662
f 580/93/663 160/93/663 158/92/663
f 580/93/664 159/93/664 161/94/664
f 580/93/665 581/94/665 162/94/665
f 581/94/666 161/94/666 163/95/666
f 581/94/667 582/95/667 164/95/667
f 582/95/668 163/95/668 169/86/668
f 582/95/669 571/86/669 170/86/669
f 584/70/670 583/68/670 33/68/670
f 583/68/671 584/70/671 194/70/671
f 585/26/672 584/70/672 193/70/672
f 584/70/673 585/26/673 316/26/673
f 586/69/674 585/26/674 315/26/674
f 585/26/675 586/69/675 28/69/676
f 586/69/677 27/69/677 33/68/677
f 583/68/678 34/68/678 28/69/678
f 588/58/204 587/59/204 37/59/204
f 587/59/205 588/58/205 198/58/205
f 588/58/679 197/58/679 195/54/679
f 588/58/680 589/54/680 196/54/680
f 589/54/208 195/54/208 31/55/208
f 589/54/209 590/55/209 32/55/209
f 587/59/681 590/55/681 31/55/681
f 590/55/211 587/59/211 38/59/211
f 592/6/487 591/9/487 77/9/487
f 591/9/682 592/6/682 174/6/682
f 592/6/683 173/6/683 171/7/683
f 593/7/684 172/7/684 174/6/684
f 594/8/685 593/7/685 171/7/685
f 593/7/686 594/8/686 80/8/686
f 591/9/687 594/8/687 79/8/687
f 594/8/688 591/9/688 78/9/688
f 596/1/689 595/1/689 301/1/689
f 596/1/690 56/1/690 302/1/690
f 597/1/691 596/1/691 55/1/691
f 597/1/692 54/1/692 56/1/692
f 598/1/670 597/1/670 53/1/670
f 597/1/671 598/1/671 298/1/671
f 595/1/693 598/1/693 297/1/693
f 595/1/694 302/1/694 298/1/694
f 599/77/695 183/77/696 241/96/697
f 600/96/698 242/96/699 184/77/700
f 601/97/701 600/96/702 241/96/703
f 600/96/704 601/97/705 240/97/706
f 602/78/707 601/97/708 239/97/709
f 601/97/710 602/78/711 182/78/712
f 599/77/713 602/78/714 181/78/715
f 602/78/716 599/77/717 184/77/718
f 603/76/518 179/76/518 183/77/719
f 603/76/720 604/77/721 184/77/722
f 605/78/723 604/77/724 183/77/725
f 604/77/726 605/78/727 182/78/728
f 606/79/729 605/78/730 181/78/731
f 606/79/532 178/79/532 182/78/732
f 603/76/534 606/79/534 177/79/534
f 606/79/535 603/76/535 180/76/535
f 608/8/733 607/7/733 125/7/733
f 607/7/734 608/8/734 86/8/734
f 609/8/735 608/8/735 85/8/735
f 608/8/736 609/8/736 80/8/736
f 610/7/737 609/8/737 79/8/737
f 609/8/738 610/7/738 172/7/738
f 610/7/739 171/7/739 125/7/739
f 607/7/740 126/7/740 172/7/740
f 611/74/325 259/74/325 275/73/325
f 611/74/326 612/73/326 276/73/326
f 613/66/741 612/73/327 275/73/327
f 612/73/742 613/66/743 280/66/744
f 614/64/745 613/66/746 279/66/747
f 613/66/748 614/64/749 268/64/750
f 611/74/751 614/64/752 267/64/753
f 611/74/341 260/74/341 268/64/754
f 616/1/220 615/1/220 45/1/220
f 615/1/221 616/1/221 300/1/221
f 616/1/222 299/1/222 295/1/222
f 616/1/755 617/1/755 296/1/755
f 618/1/224 617/1/224 295/1/224
f 617/1/225 618/1/225 50/1/225
f 618/1/756 49/1/756 45/1/756
f 618/1/227 615/1/227 46/1/227
f 620/1/757 619/1/757 297/1/757
f 619/1/201 620/1/201 54/1/201
f 620/1/202 53/1/202 51/1/202
f 620/1/203 621/1/203 52/1/203
f 622/1/196 621/1/196 51/1/196
f 621/1/197 622/1/197 294/1/197
f 619/1/758 622/1/758 293/1/758
f 622/1/759 619/1/759 298/1/759
f 623/8/630 251/54/630 253/8/630
f 623/8/370 252/54/370 624/54/370
f 625/75/760 251/54/761 624/54/761
f 624/54/762 310/75/763 625/75/762
f 626/49/365 309/75/454 625/75/454
f 625/75/764 312/49/765 626/49/764
f 623/8/766 311/49/767 626/49/766
f 626/49/768 254/8/769 623/8/768
f 628/9/624 189/26/624 627/26/623
f 627/26/363 192/9/770 628/9/363
f 629/27/771 191/9/772 628/9/771
f 628/9/766 186/27/773 629/27/766
f 630/25/373 185/27/373 629/27/372
f 629/27/628 188/25/774 630/25/628
f 627/26/775 187/25/776 630/25/775
f 630/25/777 190/26/778 627/26/777
f 632/9/623 255/26/623 631/26/623
f 631/26/363 258/9/770 632/9/363
f 633/27/768 257/9/779 632/9/768
f 632/9/780 284/27/781 633/27/781
f 634/25/449 283/27/782 633/27/449
f 634/25/783 284/27/783 286/25/784
f 634/25/785 255/26/786 285/25/787
f 634/25/760 256/26/761 631/26/761
f 635/77/788 261/77/789 225/96/790
f 636/96/791 226/96/792 262/77/793
f 637/97/794 636/96/795 225/96/796
f 636/96/797 637/97/798 224/97/799
f 638/78/800 637/97/801 223/97/802
f 637/97/803 638/78/804 278/78/805
f 635/77/806 638/78/807 277/78/808
f 638/78/809 635/77/810 262/77/811
f 639/98/812 241/98/812 245/99/813
f 640/99/814 246/99/815 242/98/816
f 640/99/817 245/99/818 243/100/819
f 641/100/820 244/100/821 246/99/822
f 641/100/823 243/100/824 239/101/825
f 642/101/826 240/101/826 244/100/827
f 642/101/828 239/101/828 241/98/828
f 639/98/829 242/98/829 240/101/829
f 643/76/518 259/76/518 261/77/830
f 643/76/831 644/77/832 262/77/833
f 645/78/834 644/77/835 261/77/836
f 644/77/837 645/78/838 278/78/839
f 646/79/840 645/78/841 277/78/842
f 646/79/843 276/79/532 278/78/844
f 643/76/534 646/79/534 275/79/534
f 646/79/535 643/76/535 260/76/535
f 648/1/845 647/1/845 47/1/845
f 648/1/846 308/1/846 48/1/846
f 648/1/847 307/1/847 303/1/847
f 648/1/848 649/1/848 304/1/848
f 650/1/283 649/1/283 303/1/283
f 649/1/284 650/1/284 44/1/284
f 647/1/849 650/1/849 43/1/849
f 647/1/850 48/1/850 44/1/850
f 651/3/452 285/2/851 309/3/851
f 651/3/451 286/2/360 652/2/360
f 653/27/621 285/2/622 652/2/622
f 652/2/623 284/27/624 653/27/624
f 654/49/625 283/27/625 653/27/625
f 653/27/456 312/49/456 654/49/456
f 651/3/852 311/49/853 654/49/852
f 651/3/630 312/49/854 310/3/630
f 655/8/855 141/8/855 59/54/855
f 656/54/856 60/54/856 142/8/856
f 657/75/857 656/54/857 59/54/857
f 657/75/858 64/75/858 60/54/858
f 658/49/859 657/75/859 63/75/859
f 657/75/860 658/49/860 140/49/860
f 658/49/861 139/49/861 141/8/861
f 658/49/862 655/8/862 142/8/862
f 659/76/518 135/76/518 265/77/719
f 659/76/831 660/77/721 266/77/722
f 661/78/863 660/77/864 265/77/865
f 660/77/866 661/78/867 272/78/868
f 662/79/840 661/78/730 271/78/869
f 662/79/532 138/79/532 272/78/732
f 659/76/534 662/79/534 137/79/534
f 662/79/535 659/76/535 136/76/535
f 663/69/870 27/69/871 315/26/870
f 664/26/872 316/26/872 28/69/872
f 664/26/873 315/26/873 313/26/873
f 665/26/874 314/26/874 316/26/874
f 666/69/593 665/26/593 313/26/593
f 665/26/592 666/69/592 42/69/592
f 663/69/875 666/69/875 41/69/875
f 666/69/876 663/69/876 28/69/876
f 668/54/630 207/8/630 667/8/630
f 667/8/371 210/54/370 668/54/370
f 669/75/761 209/54/877 668/54/878
f 668/54/775 248/75/879 669/75/775
f 670/49/365 247/75/365 669/75/365
f 669/75/622 250/49/621 670/49/621
f 667/8/781 249/49/880 670/49/881
f 667/8/882 250/49/882 208/8/883
f 672/13/884 671/12/884 121/12/884
f 671/12/885 672/13/885 92/13/885
f 673/13/886 672/13/886 91/13/886
f 672/13/887 673/13/887 88/13/887
f 674/12/888 673/13/888 87/13/888
f 673/13/889 674/12/889 166/12/889
f 674/12/890 165/12/890 121/12/890
f 671/12/891 122/12/891 166/12/891
f 676/6/892 675/7/892 105/7/892
f 675/7/893 676/6/893 110/6/893
f 676/6/894 109/6/894 107/84/894
f 676/6/168 677/84/168 108/84/168
f 677/84/895 107/84/895 103/85/895
f 678/85/896 104/85/896 108/84/896
f 675/7/897 678/85/897 103/85/897
f 678/85/898 675/7/898 106/7/898
f 679/74/325 215/74/325 217/73/325
f 679/74/326 680/73/326 218/73/326
f 680/73/327 217/73/327 213/66/899
f 680/73/900 681/66/901 214/66/331
f 681/66/902 213/66/903 211/64/904
f 682/64/905 212/64/906 214/66/907
f 679/74/908 682/64/909 211/64/910
f 679/74/341 216/74/341 212/64/911
f 683/102/325 179/102/325 177/73/325
f 683/102/912 684/73/912 178/73/912
f 684/73/327 177/73/327 281/66/899
f 684/73/900 685/66/330 282/66/331
f 686/64/913 685/66/333 281/66/334
f 686/64/914 270/64/915 282/66/916
f 683/102/917 686/64/918 269/64/919
f 683/102/920 180/102/341 270/64/921
f 687/77/922 263/77/923 237/96/924
f 688/96/925 238/96/926 264/77/927
f 689/97/928 688/96/929 237/96/930
f 688/96/931 689/97/932 236/97/933
f 690/78/934 689/97/935 235/97/936
f 689/97/937 690/78/938 274/78/939
f 690/78/940 273/78/941 263/77/942
f 687/77/943 264/77/944 274/78/945
f 692/27/946 691/103/947 233/103/948
f 691/103/949 692/27/950 98/27/950
f 692/27/951 97/27/951 95/49/951
f 693/49/952 96/49/952 98/27/952
f 693/49/953 95/49/953 231/104/954
f 694/104/955 232/104/956 96/49/957
f 691/103/958 694/104/959 231/104/960
f 694/104/961 691/103/962 234/103/963
f 696/6/964 695/7/964 171/7/964
f 696/6/965 174/6/965 172/7/965
f 697/84/144 696/6/144 173/6/144
f 696/6/143 697/84/143 292/84/143
f 697/84/966 291/84/966 289/85/966
f 697/84/967 698/85/967 290/85/967
f 699/85/968 698/85/968 289/85/968
f 699/85/969 120/85/969 290/85/969
f 699/85/970 119/85/970 121/105/970
f 699/85/971 700/105/971 122/105/971
f 700/105/972 121/105/972 165/105/972
f 700/105/973 701/105/973 166/105/973
f 701/105/974 165/105/974 167/106/974
f 701/105/975 702/106/975 168/106/975
f 703/106/976 702/106/976 167/106/976
f 703/106/977 124/106/977 168/106/977
f 704/7/978 703/106/978 123/106/978
f 704/7/979 126/7/979 124/106/979
f 704/7/980 125/7/980 171/7/981
f 704/7/982 695/7/982 172/7/982
f 705/70/983 193/70/983 195/54/983
f 705/70/8 706/54/8 196/54/8
f 706/54/9 195/54/9 197/58/9
f 706/54/984 707/58/984 198/58/984
f 708/8/985 707/58/985 197/58/985
f 707/58/986 708/8/986 200/8/986
f 708/8/987 199/8/987 201/62/987
f 709/62/14 202/62/14 200/8/14
f 709/62/988 201/62/988 203/9/988
f 709/62/989 710/9/989 204/9/989
f 711/9/990 710/9/990 203/9/990
f 711/9/991 206/9/991 204/9/991
f 712/26/992 711/9/992 205/9/992
f 711/9/993 712/26/993 314/26/993
f 712/26/994 313/26/994 315/26/994
f 712/26/995 713/26/995 316/26/995
f 705/70/996 713/26/996 315/26/996
f 705/70/997 194/70/997 316/26/997
f 714/77/998 265/77/999 233/96/1000
f 715/96/1001 234/96/1002 266/77/1003
f 716/97/1004 715/96/1005 233/96/1006
f 715/96/1007 716/97/1008 232/97/1009
f 717/78/800 716/97/1010 231/97/1011
f 716/97/1012 717/78/1013 272/78/1014
f 714/77/713 717/78/1015 271/78/715
f 717/78/1016 714/77/1017 266/77/718
f 718/107/1018 221/107/1018 281/108/1018
f 718/107/1019 719/108/1019 282/108/1019
f 720/109/1020 719/108/1020 281/108/1020
f 720/109/1021 178/109/1021 282/108/1021
f 720/109/1022 177/109/1022 181/110/1022
f 720/109/1023 721/110/1023 182/110/1023
f 722/111/1024 721/110/1024 181/110/1024
f 722/111/1025 240/111/1025 182/110/1025
f 723/112/1026 722/111/1026 239/111/1026
f 722/111/1027 723/112/1027 244/112/1027
f 724/113/1028 723/112/1029 243/112/1029
f 723/112/1030 724/113/1030 280/113/1030
f 725/114/1031 724/113/1031 279/113/1031
f 725/114/1021 276/114/1021 280/113/1021
f 725/114/1022 275/114/1022 277/115/1022
f 725/114/1032 726/115/1032 278/115/1032
f 727/116/1033 726/115/1033 277/115/1033
f 727/116/1034 224/116/1034 278/115/1034
f 728/117/1035 727/116/1035 223/116/1035
f 727/116/1036 728/117/1036 228/117/1036
f 728/117/1037 227/117/1038 213/118/1037
f 728/117/1039 729/118/1039 214/118/1039
f 730/119/1020 729/118/1020 213/118/1020
f 730/119/1021 218/119/1021 214/118/1021
f 730/119/1022 217/119/1022 273/120/1022
f 730/119/1040 731/120/1040 274/120/1040
f 732/121/1041 731/120/1042 273/120/1041
f 732/121/1034 236/121/1034 274/120/1034
f 732/121/1043 235/121/1043 127/122/1043
f 733/122/1044 128/122/1044 236/121/1044
f 733/122/1045 127/122/1045 133/123/1045
f 733/122/1046 734/123/1046 134/123/1046
f 735/124/1047 734/123/1047 133/123/1047
f 735/124/1021 138/124/1021 134/123/1021
f 735/124/1022 137/124/1022 271/125/1022
f 735/124/1032 736/125/1032 272/125/1032
f 737/126/1048 736/125/1048 271/125/1048
f 737/126/1034 232/126/1034 272/125/1034
f 738/49/1049 737/126/1049 231/126/1049
f 737/126/1050 738/49/1050 96/49/1050
f 739/8/1051 738/49/1051 95/49/1051
f 738/49/1052 739/8/1052 102/8/1052
f 740/54/76 739/8/76 101/8/76
f 739/8/1053 740/54/1053 112/54/1053
f 740/54/1054 111/54/1054 115/75/1054
f 741/75/1055 116/75/1055 112/54/1055
f 741/75/1056 115/75/1056 221/107/1056
f 718/107/1057 222/107/1057 116/75/1057
f 743/2/1058 742/3/1058 103/3/1058
f 742/3/1059 743/2/1059 108/2/1059
f 744/27/682 743/2/682 107/2/682
f 743/2/487 744/27/487 68/27/487
f 744/27/1060 67/27/1060 71/49/1060
f 745/49/1061 72/49/1061 68/27/1061
f 745/49/1062 71/49/1062 103/3/1062
f 745/49/1063 742/3/1063 104/3/1063
f 746/48/1064 35/48/1064 37/40/1064
f 746/48/104 747/40/104 38/40/104
f 748/39/105 747/40/105 37/40/105
f 747/40/1065 748/39/1065 32/39/1065
f 748/39/91 31/39/91 33/42/91
f 748/39/92 749/42/92 34/42/92
f 749/42/1066 33/42/1066 27/43/1066
f 749/42/1067 750/43/1067 28/43/1067
f 751/69/1068 750/43/1068 27/43/1068
f 751/69/1069 42/69/1069 28/43/1069
f 752/2/993 751/69/993 41/69/993
f 751/69/1070 752/2/1070 40/2/1070
f 752/2/1071 39/2/1071 29/45/1071
f 752/2/1072 753/45/1072 30/45/1072
f 754/46/1073 753/45/1073 29/45/1073
f 754/46/1074 26/46/1074 30/45/1074
f 754/46/101 25/46/101 35/48/101
f 746/48/102 36/48/102 26/46/102
f 317/1/1075 305/1/1075 318/1/1075
f 318/1/1076 308/1/1076 317/1/1076
f 318/1/1077 301/1/1077 319/1/1077
f 318/1/1078 302/1/1078 306/1/1078
f 320/1/1079 301/1/1079 297/1/1079
f 319/1/6 298/1/6 302/1/6
f 320/1/1080 293/1/1080 321/1/1080
f 320/1/8 294/1/8 298/1/8
f 321/1/1081 295/1/1081 322/1/1081
f 322/1/10 294/1/10 321/1/10
f 323/1/11 295/1/11 299/1/11
f 323/1/986 296/1/986 322/1/986
f 324/1/987 299/1/987 303/1/987
f 324/1/14 300/1/14 323/1/14
f 317/1/1082 303/1/1082 307/1/1082
f 324/1/16 308/1/16 304/1/16
f 326/2/17 115/3/17 113/2/17
f 326/2/18 116/3/18 325/3/18
f 326/2/1083 219/4/20 327/4/1084
f 327/4/21 114/2/1085 326/2/1085
f 327/4/1086 221/5/1087 328/5/1088
f 328/5/27 220/4/1089 327/4/1090
f 325/3/1091 221/5/32 115/3/1091
f 328/5/33 116/3/1092 222/5/1093
f 329/6/35 59/7/35 330/7/35
f 330/7/1094 66/6/1094 329/6/1094
f 330/7/1095 141/8/1095 331/8/1095
f 330/7/38 142/8/38 60/7/38
f 332/9/1096 141/8/1096 175/9/1096
f 332/9/1097 142/8/1097 331/8/1097
f 332/9/1098 65/6/1098 329/6/1098
f 332/9/42 66/6/1099 176/9/1099
f 334/10/43 75/11/43 167/10/43
f 333/11/44 168/10/44 76/11/44
f 334/10/45 165/12/45 335/12/45
f 335/12/46 168/10/46 334/10/46
f 335/12/47 87/13/47 336/13/47
f 336/13/48 166/12/48 335/12/48
f 333/11/1100 87/13/1100 75/11/1100
f 336/13/50 76/11/50 88/13/50
f 337/14/1101 225/15/1102 338/15/1102
f 338/15/52 230/14/52 337/14/52
f 338/15/1103 261/16/1103 339/16/1103
f 338/15/54 262/16/54 226/15/54
f 340/17/1104 261/16/1104 259/17/1104
f 340/17/1105 262/16/1105 339/16/1105
f 340/17/1106 267/18/1106 341/18/1106
f 340/17/1107 268/18/1107 260/17/1108
f 342/19/1109 267/18/1109 245/19/1109
f 342/19/60 268/18/60 341/18/60
f 343/20/1110 245/19/1110 241/20/1111
f 342/19/62 242/20/62 246/19/62
f 343/20/63 183/21/63 344/21/63
f 343/20/64 184/21/64 242/20/64
f 345/22/1104 183/21/1104 179/22/1104
f 345/22/1105 184/21/1105 344/21/1105
f 345/22/66 269/23/66 346/23/66
f 345/22/1112 270/23/1112 180/22/1112
f 347/24/68 269/23/68 219/24/69
f 347/24/70 270/23/70 346/23/70
f 348/25/1113 219/24/1113 113/25/1113
f 347/24/1114 114/25/1114 220/24/1114
f 349/26/1115 113/25/1115 117/26/1115
f 348/25/1116 118/26/1116 114/25/1116
f 350/9/1053 117/26/1053 99/9/1053
f 349/26/76 100/9/76 118/26/76
f 350/9/1117 97/27/1117 351/27/1117
f 351/27/1118 100/9/1118 350/9/1118
f 351/27/1119 233/28/1119 352/28/1119
f 352/28/80 98/27/80 351/27/80
f 352/28/1103 265/29/1103 353/29/1103
f 352/28/81 266/29/81 234/28/81
f 354/30/1104 265/29/1104 135/30/1104
f 354/30/1105 266/29/1105 353/29/1105
f 354/30/1120 131/31/1120 355/31/1120
f 354/30/1112 132/31/1112 136/30/1112
f 356/32/1121 131/31/1122 129/32/1121
f 356/32/70 132/31/70 355/31/70
f 357/33/1123 129/32/1123 237/33/1123
f 356/32/1124 238/33/1124 130/32/1124
f 357/33/84 263/34/84 358/34/84
f 357/33/86 264/34/86 238/33/86
f 359/35/1104 263/34/1104 215/35/1104
f 359/35/1125 264/34/1125 358/34/1125
f 359/35/1126 211/36/1126 360/36/1126
f 359/35/1112 212/36/1112 216/35/1112
f 337/14/88 211/36/88 229/14/88
f 337/14/1127 212/36/90 360/36/90
f 361/1/1128 53/1/1128 362/1/1128
f 361/1/92 54/1/92 52/1/92
f 363/1/1129 53/1/1129 55/1/1129
f 362/1/94 56/1/94 54/1/94
f 363/1/1130 57/1/1130 364/1/1130
f 363/1/1131 58/1/1131 56/1/1131
f 365/1/1132 57/1/1132 47/1/1132
f 364/1/1133 48/1/1133 58/1/1133
f 365/1/1134 43/1/1134 366/1/1134
f 366/1/1135 48/1/1135 365/1/1135
f 366/1/1136 45/1/1136 367/1/1136
f 366/1/102 46/1/102 44/1/102
f 368/1/1137 45/1/1137 49/1/1137
f 367/1/1138 50/1/1138 46/1/1138
f 361/1/1139 49/1/1139 51/1/1139
f 368/1/106 52/1/106 50/1/106
f 370/37/107 145/37/107 169/37/107
f 369/37/1140 170/37/1140 146/37/1140
f 371/38/109 169/37/109 13/38/109
f 371/38/1141 170/37/1141 370/37/1141
f 371/38/1142 17/38/111 372/38/1142
f 372/38/113 14/38/113 371/38/113
f 369/37/114 17/38/114 145/37/114
f 369/37/115 18/38/115 372/38/115
f 374/39/1143 19/40/1143 21/39/1143
f 374/39/1144 20/40/1144 373/40/1144
f 375/41/1145 21/39/1145 17/41/1145
f 375/41/119 22/39/119 374/39/119
f 375/41/120 13/41/120 376/41/120
f 375/41/1146 14/41/1146 18/41/1146
f 377/42/1147 13/41/1147 1/42/1147
f 377/42/123 14/41/123 376/41/123
f 378/43/1148 1/42/1148 9/43/1148
f 378/43/1149 2/42/1149 377/42/1149
f 379/44/1150 9/43/1150 11/44/1150
f 379/44/1151 10/43/1151 378/43/1151
f 379/44/1152 3/45/1152 380/45/1152
f 379/44/1153 4/45/1153 12/44/1153
f 380/45/1154 5/46/1154 381/46/1154
f 380/45/131 6/46/131 4/45/131
f 381/46/1155 7/47/1155 382/47/1155
f 381/46/133 8/47/133 6/46/133
f 383/47/135 7/47/135 15/47/135
f 383/47/1156 8/47/136 382/47/1156
f 383/47/1157 23/48/1158 384/48/1158
f 383/47/138 24/48/1159 16/47/1159
f 384/48/1160 19/40/1160 373/40/1160
f 384/48/140 20/40/140 24/48/140
f 386/27/1161 89/49/1161 81/27/1161
f 386/27/142 90/49/142 385/49/142
f 387/9/168 81/27/168 77/9/168
f 386/27/894 78/9/894 82/27/894
f 387/9/1162 79/8/1162 388/8/1162
f 387/9/146 80/8/146 78/9/146
f 389/8/148 79/8/147 85/8/147
f 389/8/149 80/8/149 388/8/149
f 389/8/158 83/11/158 390/11/158
f 389/8/1163 84/11/1163 86/8/1163
f 390/11/152 75/11/152 391/11/152
f 390/11/153 76/11/153 84/11/153
f 392/13/154 75/11/154 87/13/154
f 392/13/155 76/11/155 391/11/155
f 393/13/1164 87/13/1164 91/13/1164
f 393/13/157 88/13/157 392/13/157
f 394/49/1165 91/13/1165 93/49/1165
f 394/49/1166 92/13/1166 393/13/1166
f 394/49/1167 89/49/1167 385/49/1167
f 394/49/161 90/49/161 94/49/161
f 395/9/1168 73/8/1168 396/8/1168
f 396/8/163 70/9/163 395/9/163
f 397/49/1169 73/8/1169 71/49/1169
f 397/49/165 74/8/165 396/8/165
f 398/27/1170 71/49/1170 67/27/1170
f 397/49/167 68/27/167 72/49/167
f 395/9/168 67/27/168 69/9/168
f 395/9/894 68/27/894 398/27/894
f 400/50/1171 225/51/1172 229/50/1173
f 399/51/1174 230/50/1175 226/51/1176
f 401/52/1177 229/50/1177 227/52/1177
f 400/50/1178 228/52/1178 230/50/1178
f 401/52/1179 223/53/177 402/53/1180
f 402/53/1181 228/52/1182 401/52/1183
f 399/51/1184 223/53/1185 225/51/1186
f 402/53/1187 226/51/186 224/53/1188
f 404/3/1189 93/49/1189 119/3/1189
f 403/49/188 120/3/188 94/49/188
f 405/3/1190 119/3/1190 289/3/1190
f 404/3/1191 290/3/1191 120/3/1191
f 405/3/191 89/49/191 406/49/191
f 405/3/1192 90/49/1192 290/3/1192
f 406/49/1193 93/49/1193 403/49/1193
f 403/49/194 90/49/194 406/49/194
f 408/54/196 31/55/196 195/54/196
f 407/55/197 196/54/197 32/55/197
f 409/56/758 195/54/758 193/56/758
f 409/56/759 196/54/759 408/54/759
f 410/57/757 193/56/757 33/57/757
f 409/56/201 34/57/201 194/56/201
f 407/55/1194 33/57/1194 31/55/1194
f 407/55/203 34/57/203 410/57/203
f 412/1/204 49/1/204 295/1/204
f 411/1/205 296/1/205 50/1/205
f 413/1/1195 295/1/1195 293/1/1195
f 412/1/207 294/1/207 296/1/207
f 414/1/208 293/1/208 51/1/208
f 413/1/209 52/1/209 294/1/209
f 411/1/681 51/1/681 49/1/681
f 414/1/1196 50/1/1196 52/1/1196
f 416/54/1197 85/8/1197 125/54/1197
f 415/8/1198 126/54/1198 86/8/1198
f 417/10/214 125/54/214 123/10/214
f 416/54/442 124/10/442 126/54/442
f 417/10/216 83/11/216 418/11/216
f 417/10/1199 84/11/1199 124/10/1199
f 418/11/1200 85/8/1200 415/8/1200
f 415/8/446 84/11/446 418/11/446
f 420/8/220 35/3/220 199/8/220
f 419/3/221 200/8/221 36/3/221
f 420/8/1201 197/58/1201 421/58/1201
f 420/8/223 198/58/223 200/8/223
f 422/59/224 197/58/224 37/59/224
f 421/58/225 38/59/225 198/58/225
f 422/59/1202 35/3/1202 419/3/1202
f 419/3/227 38/59/227 422/59/227
f 423/60/228 151/61/228 424/61/228
f 424/61/229 16/60/229 423/60/229
f 425/8/1203 151/61/1203 149/8/1203
f 424/61/1204 150/8/1204 152/61/1204
f 425/8/232 23/3/232 426/3/232
f 425/8/233 24/3/233 150/8/233
f 426/3/1205 15/60/1205 423/60/1205
f 423/60/1206 24/3/1207 426/3/1206
f 428/9/236 3/2/236 157/9/236
f 427/2/237 158/9/237 4/2/237
f 429/62/1208 157/9/1208 153/62/1208
f 428/9/1209 154/62/1210 158/9/1210
f 430/63/241 153/62/241 5/63/241
f 429/62/242 6/63/242 154/62/242
f 430/63/1211 3/2/1212 427/2/1212
f 427/2/1213 6/63/1214 430/63/244
f 431/59/1215 147/58/1215 432/58/1215
f 432/58/1216 20/59/1216 431/59/1216
f 432/58/1217 143/54/1217 433/54/1217
f 433/54/1218 148/58/1218 432/58/1218
f 433/54/1219 21/55/1219 434/55/1219
f 433/54/252 22/55/252 144/54/252
f 431/59/253 21/55/253 19/59/253
f 434/55/1220 20/59/1220 22/55/1220
f 436/64/1221 245/65/1222 267/64/1223
f 435/65/258 268/64/260 246/65/1224
f 437/66/1225 267/64/1226 279/66/1227
f 436/64/1228 280/66/1229 268/64/1230
f 437/66/1231 243/67/269 438/67/1232
f 438/67/270 280/66/272 437/66/1233
f 438/67/1234 245/65/1235 435/65/1236
f 435/65/1237 244/67/1238 438/67/1239
f 440/9/279 29/2/279 203/9/279
f 440/9/280 30/2/280 439/2/280
f 440/9/1240 201/62/1240 441/62/1240
f 441/62/1241 204/9/1241 440/9/1241
f 442/63/283 201/62/283 25/63/283
f 441/62/284 26/63/284 202/62/284
f 439/2/1242 25/63/1242 29/2/1242
f 442/63/286 30/2/286 26/63/286
f 444/68/1243 9/69/1243 1/68/1243
f 443/69/1244 2/68/289 10/69/289
f 445/70/290 1/68/290 163/70/290
f 444/68/291 164/70/291 2/68/291
f 445/70/1245 161/26/1245 446/26/1245
f 446/26/1246 164/70/1246 445/70/1246
f 443/69/294 161/26/294 9/69/294
f 443/69/295 162/26/295 446/26/295
f 447/56/296 1/57/296 448/57/296
f 447/56/297 2/57/297 164/56/297
f 449/38/1247 1/57/1247 13/38/1247
f 448/57/1248 14/38/1248 2/57/1248
f 450/37/1249 13/38/1249 169/37/1249
f 450/37/301 14/38/301 449/38/301
f 450/37/1250 163/56/1250 447/56/1250
f 447/56/1251 170/37/1251 450/37/1251
f 451/2/1252 11/71/1252 452/71/1252
f 452/71/1253 4/2/1253 451/2/1254
f 452/71/308 159/72/308 453/72/308
f 452/71/309 160/72/309 12/71/309
f 454/9/1255 159/72/1255 157/9/1255
f 453/72/311 158/9/311 160/72/311
f 454/9/1256 3/2/1256 451/2/1256
f 454/9/313 4/2/313 158/9/313
f 455/69/314 161/26/314 456/26/314
f 456/26/315 10/69/315 455/69/315
f 456/26/1257 159/72/1257 457/72/1257
f 457/72/319 162/26/319 456/26/1258
f 458/71/320 159/72/320 11/71/320
f 458/71/321 160/72/321 457/72/321
f 455/69/1259 11/71/1259 9/69/1259
f 458/71/324 10/69/1260 12/71/1260
f 460/73/325 135/74/325 137/73/325
f 459/74/912 138/73/912 136/74/912
f 460/73/1261 133/66/1262 461/66/1263
f 460/73/1264 134/66/1265 138/73/1266
f 462/64/332 133/66/334 131/64/1267
f 461/66/335 132/64/1268 134/66/1269
f 459/74/1270 131/64/340 135/74/917
f 459/74/920 132/64/1271 462/64/1272
f 464/11/343 167/10/343 75/11/343
f 463/10/1273 76/11/1273 168/10/1273
f 464/11/1274 83/11/1274 465/11/1274
f 465/11/1275 76/11/1275 464/11/1275
f 466/10/1276 83/11/1276 123/10/1276
f 465/11/348 124/10/348 84/11/348
f 463/10/349 123/10/349 167/10/349
f 466/10/350 168/10/350 124/10/350
f 467/61/351 15/60/351 468/60/351
f 468/60/352 152/61/352 467/61/352
f 469/60/1277 15/60/1277 7/60/1277
f 468/60/355 8/60/355 16/60/355
f 469/60/356 155/61/356 470/61/356
f 469/60/1278 156/61/1278 8/60/1278
f 470/61/358 151/61/358 467/61/358
f 467/61/1279 156/61/1279 470/61/1279
f 471/6/619 472/7/1280 209/7/619
f 471/6/452 190/6/452 210/7/452
f 473/8/1281 207/8/1282 209/7/1282
f 472/7/365 210/7/454 208/8/365
f 474/9/456 191/9/456 207/8/456
f 473/8/625 208/8/625 192/9/625
f 471/6/1283 189/6/1284 191/9/1284
f 474/9/373 192/9/372 190/6/372
f 476/27/1285 61/2/1285 287/27/1285
f 476/27/376 62/2/376 475/2/376
f 476/27/1286 139/49/1286 477/49/1286
f 476/27/378 140/49/378 288/27/378
f 478/3/1287 139/49/1287 63/3/1287
f 478/3/380 140/49/380 477/49/380
f 475/2/1288 63/3/1288 61/2/1288
f 478/3/1289 62/2/1289 64/3/1289
f 480/61/1290 153/62/1290 155/61/1290
f 479/62/384 156/61/384 154/62/384
f 480/61/1291 7/60/1291 481/60/1291
f 480/61/386 8/60/386 156/61/386
f 481/60/1292 5/63/1292 482/63/1292
f 482/63/1293 8/60/1293 481/60/1293
f 479/62/389 5/63/389 153/62/389
f 482/63/390 154/62/390 6/63/390
f 484/1/468 43/1/468 303/1/468
f 483/1/392 304/1/392 44/1/392
f 484/1/393 299/1/393 485/1/393
f 485/1/469 304/1/469 484/1/469
f 486/1/395 299/1/395 45/1/395
f 485/1/396 46/1/396 300/1/396
f 483/1/470 45/1/470 43/1/470
f 486/1/1294 44/1/1294 46/1/1294
f 487/64/399 133/66/401 488/66/1295
f 487/64/1296 134/66/404 132/64/1297
f 488/66/405 127/67/1298 489/67/1299
f 489/67/1300 134/66/1301 488/66/1302
f 490/65/1303 127/67/1304 129/65/1305
f 489/67/414 130/65/416 128/67/1306
f 487/64/417 129/65/1307 131/64/1308
f 490/65/1309 132/64/1310 130/65/1311
f 492/1/423 307/1/423 47/1/423
f 492/1/424 308/1/424 491/1/424
f 493/1/1312 47/1/1312 57/1/1312
f 493/1/1313 48/1/1313 492/1/1313
f 494/1/1314 57/1/1314 305/1/1314
f 494/1/1315 58/1/1315 493/1/1315
f 491/1/1316 305/1/1316 307/1/1316
f 494/1/430 308/1/430 306/1/430
f 496/1/1317 305/1/1317 57/1/1317
f 495/1/1318 58/1/1318 306/1/1318
f 496/1/1319 55/1/1319 497/1/1319
f 496/1/434 56/1/434 58/1/434
f 498/1/435 55/1/435 301/1/435
f 497/1/436 302/1/436 56/1/436
f 495/1/1320 301/1/1320 305/1/1320
f 495/1/1321 302/1/1321 498/1/1321
f 500/12/439 91/13/439 121/12/439
f 500/12/1322 92/13/1322 499/13/1322
f 500/12/441 119/75/441 501/75/441
f 501/75/215 122/12/215 500/12/215
f 501/75/1323 93/49/1323 502/49/1323
f 501/75/1324 94/49/1324 120/75/1324
f 499/13/1325 93/49/1326 91/13/1326
f 502/49/219 92/13/219 94/49/219
f 504/6/370 255/6/370 257/9/371
f 504/6/1327 503/9/1328 258/9/1327
f 505/7/1329 251/7/1330 255/6/1330
f 504/6/1331 256/6/1332 252/7/1332
f 506/8/453 253/8/453 251/7/1333
f 505/7/365 252/7/454 254/8/365
f 503/9/456 257/9/456 253/8/456
f 506/8/1334 254/8/368 258/9/368
f 507/54/1335 145/37/1335 508/37/1335
f 508/37/1336 144/54/1336 507/54/1336
f 508/37/462 17/38/462 509/38/462
f 509/38/463 146/37/463 508/37/463
f 510/55/1337 17/38/1337 21/55/1337
f 509/38/465 22/55/465 18/38/465
f 507/54/1338 21/55/1338 143/54/1338
f 507/54/467 22/55/467 510/55/467
f 511/63/391 201/62/391 512/62/391
f 511/63/392 202/62/392 26/63/392
f 513/8/393 201/62/393 199/8/393
f 512/62/469 200/8/469 202/62/469
f 514/3/395 199/8/395 35/3/395
f 513/8/396 36/3/396 200/8/396
f 511/63/397 35/3/397 25/63/397
f 511/63/1294 36/3/1294 514/3/1294
f 516/54/471 73/8/471 105/54/471
f 516/54/472 74/8/472 515/8/472
f 517/75/1339 105/54/1339 103/75/1339
f 516/54/474 104/75/474 106/54/474
f 518/49/475 103/75/475 71/49/475
f 518/49/476 104/75/476 517/75/476
f 515/8/1340 71/49/1340 73/8/1340
f 515/8/478 72/49/478 518/49/478
f 520/2/479 289/3/479 291/2/479
f 519/3/1341 292/2/1341 290/3/1341
f 521/27/682 291/2/682 81/27/682
f 520/2/487 82/27/487 292/2/487
f 521/27/1342 89/49/1342 522/49/1342
f 522/49/1343 82/27/1343 521/27/1343
f 519/3/485 89/49/485 289/3/485
f 522/49/1344 290/3/1344 90/49/1344
f 523/9/482 109/6/482 524/6/482
f 523/9/481 110/6/481 70/9/481
f 524/6/1345 105/7/1345 525/7/1345
f 525/7/489 110/6/489 524/6/489
f 525/7/1346 73/8/1346 526/8/1346
f 526/8/491 106/7/491 525/7/491
f 523/9/1347 73/8/1347 69/9/1347
f 526/8/493 70/9/493 74/8/493
f 527/64/494 281/66/496 528/66/1348
f 528/66/497 270/64/1349 527/64/1350
f 528/66/500 221/67/1351 529/67/1352
f 529/67/1353 282/66/1354 528/66/1355
f 530/65/1356 221/67/1357 219/65/1358
f 529/67/1359 220/65/511 222/67/1360
f 527/64/512 219/65/1361 269/64/1362
f 530/65/1363 270/64/517 220/65/1364
f 531/76/1365 263/77/1366 532/77/1367
f 531/76/720 264/77/522 216/76/720
f 533/78/523 263/77/525 273/78/1368
f 532/77/1369 274/78/1370 264/77/1371
f 534/79/729 273/78/531 217/79/729
f 534/79/843 274/78/533 533/78/1372
f 531/76/534 217/79/534 215/76/534
f 534/79/1373 216/76/1373 218/79/1373
f 535/64/1374 213/66/1375 536/66/1376
f 536/66/539 212/64/541 535/64/1377
f 536/66/542 227/67/1378 537/67/1379
f 537/67/1380 214/66/547 536/66/1381
f 538/65/1382 227/67/1383 229/65/1384
f 537/67/551 230/65/553 228/67/1385
f 535/64/554 229/65/1386 211/64/1387
f 538/65/557 212/64/559 230/65/1388
f 539/80/1389 129/81/1390 540/81/1391
f 540/81/1392 238/80/1393 539/80/1394
f 541/82/1395 129/81/1396 127/82/1397
f 540/81/1398 128/82/571 130/81/1399
f 542/83/1400 127/82/574 235/83/1401
f 541/82/1402 236/83/1403 128/82/1404
f 542/83/1405 237/80/580 539/80/1406
f 539/80/1407 236/83/1408 542/83/1409
f 543/9/584 101/8/584 544/8/584
f 543/9/585 102/8/585 100/9/585
f 544/8/1410 95/49/1410 545/49/1410
f 545/49/1411 102/8/1411 544/8/1411
f 546/27/588 95/49/588 97/27/588
f 545/49/589 98/27/589 96/49/589
f 543/9/1412 97/27/1412 99/9/1412
f 546/27/1413 100/9/1413 98/27/1413
f 548/9/1414 39/2/1414 205/9/1414
f 547/2/1415 206/9/1415 40/2/1415
f 549/9/1416 205/9/1416 203/9/1416
f 548/9/595 204/9/595 206/9/595
f 550/2/596 203/9/596 29/2/596
f 549/9/597 30/2/597 204/9/597
f 550/2/1417 39/2/1417 547/2/1417
f 547/2/599 30/2/599 550/2/599
f 552/84/1418 65/6/1418 61/84/1418
f 551/6/1419 62/84/1419 66/6/1419
f 552/84/1420 63/85/1420 553/85/1420
f 552/84/1421 64/85/1421 62/84/1421
f 554/7/605 63/85/605 59/7/605
f 553/85/606 60/7/606 64/85/606
f 551/6/607 59/7/1422 65/6/607
f 551/6/1423 60/7/1423 554/7/1423
f 555/9/1424 141/8/1424 556/8/1424
f 555/9/610 142/8/610 176/9/1425
f 557/49/611 141/8/611 139/49/611
f 556/8/1426 140/49/1426 142/8/1426
f 558/27/1427 139/49/613 287/27/613
f 558/27/614 140/49/614 557/49/614
f 555/9/1428 287/27/1428 175/9/1428
f 555/9/616 288/27/616 558/27/616
f 560/2/452 187/2/452 247/3/452
f 559/3/360 248/3/360 188/2/360
f 561/27/1429 185/27/1430 187/2/1430
f 560/2/624 188/2/623 186/27/623
f 561/27/368 562/49/1431 249/49/368
f 561/27/456 186/27/456 250/49/456
f 559/3/1432 247/3/1433 249/49/1433
f 562/49/630 250/49/854 248/3/630
f 564/6/585 111/7/585 117/6/585
f 563/7/584 118/6/584 112/7/584
f 564/6/1434 113/84/1434 565/84/1434
f 565/84/1435 118/6/1435 564/6/1435
f 565/84/633 115/85/633 566/85/633
f 565/84/634 116/85/634 114/84/634
f 563/7/1436 115/85/1436 111/7/1436
f 566/85/1437 112/7/1437 116/85/1437
f 567/59/1438 23/3/1438 568/3/1438
f 568/3/638 20/59/638 567/59/638
f 568/3/639 149/8/639 569/8/639
f 569/8/1439 24/3/1439 568/3/1439
f 570/58/1440 149/8/1440 147/58/1440
f 569/8/642 148/58/642 150/8/642
f 570/58/643 19/59/643 567/59/643
f 570/58/1441 20/59/1441 148/58/1441
f 572/86/1442 169/86/1442 145/86/1442
f 572/86/1443 170/86/646 571/86/646
f 572/86/1444 143/87/1444 573/87/1444
f 572/86/648 144/87/648 146/86/648
f 573/87/1445 147/88/1445 574/88/1445
f 573/87/1446 148/88/1446 144/87/1446
f 575/89/1447 147/88/1447 149/89/1447
f 575/89/652 148/88/652 574/88/652
f 576/90/1448 149/89/1448 151/90/1448
f 576/90/1449 150/89/1450 575/89/1450
f 576/90/655 155/90/655 577/90/655
f 576/90/657 156/90/657 152/90/656
f 578/91/1451 155/90/1451 153/91/1451
f 578/91/1452 156/90/1452 577/90/1452
f 579/92/1453 153/91/1453 157/92/1453
f 579/92/1454 154/91/1454 578/91/1454
f 580/93/1455 157/92/1455 159/93/1455
f 580/93/1456 158/92/1456 579/92/1456
f 580/93/1457 161/94/1457 581/94/1457
f 580/93/1458 162/94/1458 160/93/1458
f 581/94/1459 163/95/1459 582/95/1459
f 581/94/667 164/95/667 162/94/667
f 582/95/668 169/86/668 571/86/668
f 582/95/1460 170/86/1460 164/95/1460
f 584/70/670 33/68/670 193/70/670
f 583/68/671 194/70/671 34/68/671
f 585/26/1461 193/70/1461 315/26/1461
f 584/70/1462 316/26/1462 194/70/1462
f 586/69/1463 315/26/1463 27/69/1463
f 585/26/1464 28/69/1465 316/26/1465
f 586/69/1466 33/68/1467 583/68/1466
f 583/68/1468 28/69/1468 586/69/1468
f 588/58/204 37/59/204 197/58/204
f 587/59/205 198/58/205 38/59/205
f 588/58/1469 195/54/1469 589/54/1469
f 588/58/207 196/54/207 198/58/207
f 589/54/208 31/55/208 590/55/208
f 589/54/209 32/55/209 196/54/209
f 587/59/1470 31/55/1470 37/59/1470
f 590/55/1196 38/59/1196 32/55/1196
f 592/6/482 77/9/482 173/6/482
f 591/9/481 174/6/481 78/9/481
f 592/6/683 171/7/683 593/7/683
f 593/7/684 174/6/684 592/6/684
f 594/8/685 171/7/685 79/8/685
f 593/7/1471 80/8/1471 172/7/1471
f 591/9/1472 79/8/1472 77/9/1472
f 594/8/688 78/9/688 80/8/688
f 596/1/689 301/1/689 55/1/689
f 596/1/1473 302/1/1473 595/1/1473
f 597/1/1474 55/1/1474 53/1/1474
f 597/1/1475 56/1/1475 596/1/1475
f 598/1/670 53/1/670 297/1/670
f 597/1/671 298/1/671 54/1/671
f 595/1/693 297/1/693 301/1/693
f 595/1/694 298/1/694 598/1/694
f 599/77/695 241/96/1476 600/96/1477
f 600/96/698 184/77/700 599/77/1478
f 601/97/701 241/96/1479 239/97/1480
f 600/96/704 240/97/706 242/96/1481
f 602/78/1482 239/97/1483 181/78/1484
f 601/97/1485 182/78/712 240/97/1486
f 599/77/1487 181/78/1488 183/77/1489
f 602/78/1016 184/77/944 182/78/1490
f 603/76/518 183/77/719 604/77/1491
f 603/76/720 184/77/722 180/76/720
f 605/78/863 183/77/1492 181/78/1493
f 604/77/726 182/78/1494 184/77/1495
f 606/79/729 181/78/1496 177/79/729
f 606/79/1497 182/78/732 605/78/1498
f 603/76/534 177/79/534 179/76/534
f 606/79/1373 180/76/1373 178/79/1373
f 608/8/1499 125/7/1499 85/8/1499
f 607/7/734 86/8/734 126/7/734
f 609/8/1500 85/8/1500 79/8/1500
f 608/8/1501 80/8/1501 86/8/1501
f 610/7/737 79/8/737 171/7/737
f 609/8/738 172/7/738 80/8/738
f 610/7/739 125/7/739 607/7/739
f 607/7/740 172/7/740 610/7/1502
f 611/74/325 275/73/325 612/73/325
f 611/74/912 276/73/912 260/74/912
f 613/66/1503 275/73/327 279/66/1504
f 612/73/742 280/66/1505 276/73/742
f 614/64/1506 279/66/1507 267/64/1508
f 613/66/1509 268/64/1510 280/66/1511
f 611/74/1512 267/64/1513 259/74/1512
f 611/74/920 268/64/1514 614/64/1515
f 616/1/220 45/1/220 299/1/220
f 615/1/221 300/1/221 46/1/221
f 616/1/1516 295/1/1516 617/1/1516
f 616/1/223 296/1/223 300/1/223
f 618/1/224 295/1/224 49/1/224
f 617/1/225 50/1/225 296/1/225
f 618/1/1517 45/1/1517 615/1/1517
f 618/1/1518 46/1/1518 50/1/1518
f 620/1/757 297/1/757 53/1/757
f 619/1/201 54/1/201 298/1/201
f 620/1/1194 51/1/1194 621/1/1194
f 620/1/203 52/1/203 54/1/203
f 622/1/196 51/1/196 293/1/196
f 621/1/197 294/1/197 52/1/197
f 619/1/758 293/1/758 297/1/758
f 622/1/759 298/1/759 294/1/759
f 623/8/1519 624/54/1520 251/54/1519
f 623/8/1521 254/8/1284 252/54/1284
f 625/75/1522 309/75/1523 251/54/1523
f 624/54/785 252/54/1524 310/75/786
f 626/49/365 311/49/365 309/75/365
f 625/75/621 310/75/622 312/49/622
f 623/8/1525 253/8/1526 311/49/1527
f 626/49/1528 312/49/768 254/8/768
f 628/9/624 191/9/623 189/26/623
f 627/26/1529 190/26/1282 192/9/1282
f 629/27/1530 185/27/1531 191/9/1531
f 628/9/780 192/9/1532 186/27/780
f 630/25/373 187/25/372 185/27/372
f 629/27/1533 186/27/1433 188/25/1433
f 627/26/1534 189/26/1524 187/25/1524
f 630/25/878 188/25/761 190/26/878
f 632/9/623 257/9/624 255/26/623
f 631/26/1529 256/26/1282 258/9/1282
f 633/27/1535 283/27/1536 257/9/1537
f 632/9/1538 258/9/766 284/27/766
f 634/25/372 285/25/373 283/27/372
f 634/25/1539 633/27/1540 284/27/1539
f 634/25/762 631/26/1534 255/26/762
f 634/25/761 286/25/760 256/26/761
f 635/77/788 225/96/1541 636/96/1542
f 636/96/1543 262/77/793 635/77/1544
f 637/97/1545 225/96/796 223/97/1546
f 636/96/1547 224/97/1548 226/96/1549
f 638/78/1550 223/97/1551 277/78/1552
f 637/97/1553 278/78/1014 224/97/1554
f 635/77/1555 277/78/715 261/77/1556
f 638/78/809 262/77/1557 278/78/1558
f 639/98/1559 245/99/1560 640/99/1561
f 640/99/1562 242/98/816 639/98/816
f 640/99/1563 243/100/819 641/100/1564
f 641/100/1565 246/99/1566 640/99/1567
f 641/100/823 239/101/1568 642/101/1568
f 642/101/1569 244/100/1570 641/100/1571
f 642/101/1572 241/98/1572 639/98/1572
f 639/98/1573 240/101/1573 642/101/1574
f 643/76/1575 261/77/1576 644/77/1577
f 643/76/720 262/77/1578 260/76/720
f 645/78/834 261/77/836 277/78/1579
f 644/77/1580 278/78/1581 262/77/1582
f 646/79/729 277/78/1583 275/79/729
f 646/79/1497 278/78/844 645/78/1584
f 643/76/534 275/79/534 259/76/534
f 646/79/1373 260/76/1373 276/79/1373
f 648/1/1585 47/1/1585 307/1/1585
f 648/1/846 48/1/846 647/1/846
f 648/1/847 303/1/847 649/1/847
f 648/1/848 304/1/848 308/1/848
f 650/1/1586 303/1/1586 43/1/1586
f 649/1/284 44/1/284 304/1/284
f 647/1/1587 43/1/1587 47/1/1587
f 647/1/1588 44/1/1588 650/1/1588
f 651/3/1332 652/2/1589 285/2/1332
f 651/3/1590 310/3/1330 286/2/1330
f 653/27/622 283/27/621 285/2/622
f 652/2/624 286/2/623 284/27/624
f 654/49/625 311/49/625 283/27/625
f 653/27/1591 284/27/366 312/49/366
f 651/3/784 309/3/783 311/49/783
f 651/3/630 654/49/630 312/49/854
f 655/8/855 59/54/855 656/54/855
f 656/54/856 142/8/856 655/8/856
f 657/75/1592 59/54/1592 63/75/1592
f 657/75/1593 60/54/1593 656/54/1593
f 658/49/859 63/75/859 139/49/859
f 657/75/860 140/49/860 64/75/860
f 658/49/1594 141/8/1594 655/8/1594
f 658/49/862 142/8/862 140/49/862
f 659/76/1365 265/77/1595 660/77/1491
f 659/76/720 266/77/1596 136/76/720
f 661/78/1597 265/77/865 271/78/1598
f 660/77/866 272/78/868 266/77/1599
f 662/79/729 271/78/1600 137/79/729
f 662/79/1497 272/78/732 661/78/1601
f 659/76/534 137/79/534 135/76/534
f 662/79/1373 136/76/1373 138/79/1373
f 663/69/871 315/26/871 664/26/871
f 664/26/1602 28/69/1602 663/69/1602
f 664/26/873 313/26/873 665/26/873
f 665/26/1603 316/26/1603 664/26/1603
f 666/69/1415 313/26/1415 41/69/1415
f 665/26/1414 42/69/1414 314/26/1414
f 663/69/1604 41/69/1604 27/69/1604
f 666/69/876 28/69/876 42/69/876
f 668/54/854 209/54/630 207/8/854
f 667/8/370 208/8/371 210/54/371
f 669/75/1605 247/75/777 209/54/777
f 668/54/1606 210/54/1607 248/75/1607
f 670/49/454 249/49/365 247/75/454
f 669/75/621 248/75/622 250/49/622
f 667/8/1608 207/8/766 249/49/766
f 667/8/768 670/49/1528 250/49/768
f 672/13/884 121/12/884 91/13/884
f 671/12/885 92/13/885 122/12/885
f 673/13/886 91/13/886 87/13/886
f 672/13/1609 88/13/1609 92/13/1609
f 674/12/888 87/13/888 165/12/888
f 673/13/889 166/12/889 88/13/889
f 674/12/890 121/12/890 671/12/890
f 671/12/891 166/12/891 674/12/891
f 676/6/1610 105/7/1610 109/6/1610
f 675/7/893 110/6/893 106/7/893
f 676/6/144 107/84/144 677/84/144
f 676/6/143 108/84/143 110/6/143
f 677/84/1611 103/85/1611 678/85/1611
f 678/85/896 108/84/896 677/84/896
f 675/7/1612 103/85/1612 105/7/1612
f 678/85/898 106/7/898 104/85/898
f 679/74/325 217/73/325 680/73/325
f 679/74/912 218/73/912 216/74/912
f 680/73/1261 213/66/1613 681/66/1263
f 680/73/742 214/66/331 218/73/742
f 681/66/902 211/64/1614 682/64/1615
f 682/64/1616 214/66/1617 681/66/1618
f 679/74/1270 211/64/1619 215/74/1270
f 679/74/1620 212/64/911 682/64/1621
f 683/102/325 177/73/325 684/73/325
f 683/102/912 178/73/912 180/102/912
f 684/73/1622 281/66/1623 685/66/1263
f 684/73/742 282/66/1624 178/73/742
f 686/64/1625 281/66/1626 269/64/1627
f 686/64/1628 282/66/1629 685/66/1630
f 683/102/1512 269/64/1631 179/102/1512
f 683/102/920 270/64/921 686/64/1632
f 687/77/1633 237/96/924 688/96/1634
f 688/96/925 264/77/927 687/77/1635
f 689/97/1636 237/96/1637 235/97/1638
f 688/96/1639 236/97/1640 238/96/1641
f 690/78/934 235/97/1642 273/78/1643
f 689/97/937 274/78/939 236/97/1644
f 690/78/940 263/77/942 687/77/1645
f 687/77/943 274/78/1646 690/78/1647
f 692/27/1648 233/103/1649 97/27/1648
f 691/103/1650 98/27/1651 234/103/1652
f 692/27/951 95/49/951 693/49/951
f 693/49/952 98/27/952 692/27/952
f 693/49/1653 231/104/1654 694/104/1655
f 694/104/1656 96/49/1657 693/49/1657
f 691/103/1658 231/104/1659 233/103/1660
f 694/104/961 234/103/963 232/104/1661
f 696/6/1662 171/7/1663 173/6/1663
f 696/6/965 172/7/965 695/7/965
f 697/84/894 173/6/894 291/84/894
f 696/6/168 292/84/168 174/6/168
f 697/84/1664 289/85/1664 698/85/1665
f 697/84/967 290/85/967 292/84/967
f 699/85/1666 289/85/1666 119/85/1666
f 699/85/969 290/85/969 698/85/969
f 699/85/978 121/105/978 700/105/978
f 699/85/1667 122/105/1667 120/85/1667
f 700/105/972 165/105/972 701/105/972
f 700/105/973 166/105/973 122/105/973
f 701/105/974 167/106/974 702/106/974
f 701/105/975 168/106/975 166/105/975
f 703/106/1668 167/106/976 123/106/1668
f 703/106/977 168/106/977 702/106/977
f 704/7/970 123/106/970 125/7/970
f 704/7/1669 124/106/1669 703/106/1669
f 704/7/981 171/7/981 695/7/981
f 704/7/982 172/7/982 126/7/982
f 705/70/983 195/54/983 706/54/983
f 705/70/1670 196/54/1670 194/70/1670
f 706/54/1671 197/58/1671 707/58/1671
f 706/54/1672 198/58/1672 196/54/1672
f 708/8/1673 197/58/1673 199/8/1673
f 707/58/12 200/8/12 198/58/12
f 708/8/1674 201/62/1674 709/62/1674
f 709/62/14 200/8/14 708/8/14
f 709/62/1675 203/9/1675 710/9/1675
f 709/62/1676 204/9/1676 202/62/1676
f 711/9/990 203/9/990 205/9/990
f 711/9/1677 204/9/1677 710/9/1677
f 712/26/1678 205/9/1678 313/26/1678
f 711/9/1679 314/26/1679 206/9/1679
f 712/26/1680 315/26/1680 713/26/1680
f 712/26/995 316/26/995 314/26/995
f 705/70/1681 315/26/1681 193/70/1681
f 705/70/1682 316/26/1682 713/26/1682
f 714/77/998 233/96/1683 715/96/1684
f 715/96/1685 266/77/1686 714/77/1687
f 716/97/1688 233/96/1689 231/97/1690
f 715/96/1691 232/97/1009 234/96/1692
f 717/78/1550 231/97/1693 271/78/1694
f 716/97/1012 272/78/1014 232/97/1695
f 714/77/713 271/78/715 265/77/1696
f 717/78/1016 266/77/718 272/78/1697
f 718/107/1698 281/108/1698 719/108/1698
f 718/107/1019 282/108/1019 222/107/1019
f 720/109/1699 281/108/1699 177/109/1699
f 720/109/1700 282/108/1700 719/108/1700
f 720/109/1701 181/110/1701 721/110/1701
f 720/109/1702 182/110/1702 178/109/1702
f 722/111/1024 181/110/1024 239/111/1024
f 722/111/1703 182/110/1703 721/110/1703
f 723/112/1704 239/111/1704 243/112/1704
f 722/111/1027 244/112/1027 240/111/1027
f 724/113/1705 243/112/1705 279/113/1705
f 723/112/1030 280/113/1030 244/112/1030
f 725/114/1706 279/113/1706 275/114/1706
f 725/114/1707 280/113/1707 724/113/1707
f 725/114/1708 277/115/1708 726/115/1708
f 725/114/1702 278/115/1702 276/114/1702
f 727/116/1048 277/115/1048 223/116/1048
f 727/116/1034 278/115/1034 726/115/1034
f 728/117/1709 223/116/1709 227/117/1709
f 727/116/1710 228/117/1711 224/116/1710
f 728/117/1037 213/118/1038 729/118/1038
f 728/117/1039 214/118/1039 228/117/1039
f 730/119/1706 213/118/1706 217/119/1706
f 730/119/1700 214/118/1700 729/118/1700
f 730/119/1712 273/120/1712 731/120/1712
f 730/119/1023 274/120/1702 218/119/1702
f 732/121/1041 273/120/1041 235/121/1041
f 732/121/1034 274/120/1034 731/120/1034
f 732/121/1713 127/122/1714 733/122/1713
f 733/122/1044 236/121/1044 732/121/1044
f 733/122/1715 133/123/1715 734/123/1715
f 733/122/1046 134/123/1046 128/122/1046
f 735/124/1706 133/123/1706 137/124/1706
f 735/124/1716 134/123/1716 734/123/1716
f 735/124/1708 271/125/1708 736/125/1708
f 735/124/1717 272/125/1717 138/124/1717
f 737/126/1718 271/125/1718 231/126/1718
f 737/126/1034 272/125/1034 736/125/1034
f 738/49/1719 231/126/1719 95/49/1719
f 737/126/1720 96/49/1720 232/126/1720
f 739/8/1721 95/49/1721 101/8/1721
f 738/49/1052 102/8/1052 96/49/1052
f 740/54/1722 101/8/1722 111/54/1722
f 739/8/75 112/54/75 102/8/75
f 740/54/1723 115/75/1723 741/75/1723
f 741/75/1724 112/54/1724 740/54/1724
f 741/75/1725 221/107/1725 718/107/1725
f 718/107/1726 116/75/1726 741/75/1726
f 743/2/1727 103/3/1727 107/2/1727
f 742/3/1059 108/2/1059 104/3/1059
f 744/27/481 107/2/481 67/27/481
f 743/2/487 68/27/487 108/2/487
f 744/27/1728 71/49/1728 745/49/1728
f 745/49/1061 68/27/1061 744/27/1061
f 745/49/1729 103/3/1729 742/3/1729
f 745/49/1063 104/3/1063 72/49/1063
f 746/48/1064 37/40/1064 747/40/1064
f 746/48/1730 38/40/1730 36/48/1730
f 748/39/1731 37/40/1731 31/39/1731
f 747/40/1732 32/39/1732 38/40/1732
f 748/39/1733 33/42/1733 749/42/1733
f 748/39/92 34/42/92 32/39/92
f 749/42/1734 27/43/1734 750/43/1734
f 749/42/1735 28/43/1735 34/42/1735
f 751/69/1736 27/43/1736 41/69/1736
f 751/69/1737 28/43/1737 750/43/1737
f 752/2/1738 41/69/1738 39/2/1738
f 751/69/1678 40/2/1678 42/69/1678
f 752/2/1739 29/45/1739 753/45/1739
f 752/2/1740 30/45/1740 40/2/1740
f 754/46/1741 29/45/1741 25/46/1741
f 754/46/1742 30/45/1742 753/45/1742
f 754/46/101 35/48/101 746/48/101
f 746/48/1743 26/46/1743 754/46/1743
