# Blender 5.2.0 LTS
# www.blender.org
mtllib glass barrel.mtl
o barrels
v -2.689770 0.037419 -0.045519
v -2.692183 0.038680 -0.044258
v -2.689770 0.081899 -0.085623
v -2.691661 0.081899 -0.087952
v -2.689770 0.022089 -0.060849
v -2.691661 0.020442 -0.062496
v -2.689770 -0.002685 -0.001038
v -2.691661 -0.005014 -0.001038
v -2.689770 0.081899 -0.063943
v -2.692183 0.081899 -0.062160
v -2.689770 0.018995 -0.001038
v -2.692183 0.020778 -0.001038
v -2.689770 0.126380 -0.045519
v -2.692183 0.125119 -0.044258
v -2.689770 0.037419 0.043442
v -2.692183 0.038680 0.042181
v -2.689770 0.141710 -0.060849
v -2.691661 0.143357 -0.062496
v -2.689770 0.022089 0.058772
v -2.691661 0.020442 0.060419
v -2.689770 0.166484 -0.001038
v -2.691661 0.168813 -0.001038
v -2.689770 0.081899 0.083546
v -2.691661 0.081899 0.085875
v -2.689770 0.144804 -0.001038
v -2.692183 0.143021 -0.001038
v -2.689770 0.081899 0.061866
v -2.692183 0.081899 0.060083
v -2.689770 0.126380 0.043442
v -2.692183 0.125119 0.042181
v -2.689770 0.141710 0.058772
v -2.691661 0.143357 0.060419
v -2.568196 0.081899 0.061866
v -2.570087 0.081899 0.059537
v -2.568196 0.037419 0.043442
v -2.570087 0.039066 0.041795
v -2.568196 0.126380 0.043442
v -2.570087 0.124733 0.041795
v -2.568196 0.018995 -0.001038
v -2.570087 0.021324 -0.001038
v -2.568196 0.144804 -0.001038
v -2.570087 0.142475 -0.001038
v -2.568196 0.126380 -0.045519
v -2.570087 0.124733 -0.043872
v -2.568196 0.081899 -0.063943
v -2.570087 0.081899 -0.061614
v -2.568196 0.037419 -0.045519
v -2.570087 0.039066 -0.043872
v -2.530770 0.085172 -0.101329
v -2.532661 0.085172 -0.103658
v -2.530770 -0.015205 -0.000952
v -2.532661 -0.017534 -0.000952
v -2.530770 0.085172 0.099425
v -2.532661 0.085172 0.101754
v -2.530770 0.014195 0.070026
v -2.532661 0.012548 0.071673
v -2.530770 0.014195 -0.071930
v -2.532661 0.012548 -0.073577
v -2.530770 0.185550 -0.000952
v -2.532661 0.187879 -0.000952
v -2.530770 0.156150 -0.071930
v -2.532661 0.157797 -0.073577
v -2.530770 0.156150 0.070026
v -2.532661 0.157797 0.071673
v 2.689770 0.069882 0.135433
v 2.691502 0.071614 0.137165
v 2.689770 -0.555161 -0.137509
v 2.691502 -0.556893 -0.139241
v 2.689770 0.069882 -0.137509
v 2.691502 0.071614 -0.139241
v 2.689770 -0.555161 0.135433
v 2.691502 -0.556893 0.137165
v 1.392914 0.516156 -0.000000
v 1.394805 0.518485 -0.000000
v 1.392914 0.458091 -0.066925
v 1.395327 0.456830 -0.065664
v 1.392914 0.479548 -0.088382
v 1.394805 0.481195 -0.090029
v 1.392914 0.391166 -0.124991
v 1.394805 0.391166 -0.127320
v 1.392914 0.485812 -0.000000
v 1.395327 0.484029 -0.000000
v 1.392914 0.391166 -0.094646
v 1.395327 0.391166 -0.092863
v 1.392914 0.458091 0.066924
v 1.395327 0.456830 0.065663
v 1.392914 0.302785 -0.088382
v 1.394805 0.301138 -0.090029
v 1.392914 0.479548 0.088381
v 1.394805 0.481195 0.090028
v 1.392914 0.324242 -0.066925
v 1.395327 0.325503 -0.065664
v 1.392914 0.391166 0.124990
v 1.394805 0.391166 0.127319
v 1.392914 0.266176 -0.000000
v 1.394805 0.263847 -0.000000
v 1.392914 0.391166 0.094645
v 1.395327 0.391166 0.092862
v 1.392914 0.296521 -0.000000
v 1.395327 0.298304 -0.000000
v 1.392914 0.302785 0.088381
v 1.394805 0.301138 0.090028
v 1.392914 0.324242 0.066924
v 1.395327 0.325503 0.065663
v -0.856129 -0.021546 -0.122102
v -0.857861 -0.023278 -0.123834
v -0.856129 -0.021546 0.120025
v -0.857861 -0.023278 0.121757
v -0.856129 0.044129 -0.122102
v -0.857861 0.045861 -0.123834
v -0.856129 0.044129 0.120025
v -0.857861 0.045861 0.121757
v 1.072591 0.091225 -0.098091
v 1.074482 0.091225 -0.100420
v 1.072591 0.091225 0.096014
v 1.074482 0.091225 0.098343
v 1.072591 -0.005827 -0.001038
v 1.074482 -0.008156 -0.001038
v 1.072591 0.022599 0.067588
v 1.074482 0.020952 0.069235
v 1.072591 0.022599 -0.069665
v 1.074482 0.020952 -0.071312
v 1.072591 0.188278 -0.001038
v 1.074482 0.190607 -0.001038
v 1.072591 0.159852 0.067588
v 1.074482 0.161499 0.069235
v 1.072591 0.159852 -0.069665
v 1.074482 0.161499 -0.071312
v -0.492201 0.275204 -0.115962
v -0.494092 0.273557 -0.117609
v -0.492201 0.227171 -0.000000
v -0.494092 0.224842 -0.000000
v -0.492201 0.264707 -0.000000
v -0.494614 0.266490 -0.000000
v -0.492201 0.301746 -0.089421
v -0.494614 0.303007 -0.088160
v -0.492201 0.301746 0.089420
v -0.494614 0.303007 0.088159
v -0.492201 0.391166 -0.163995
v -0.494092 0.391166 -0.166324
v -0.492201 0.275204 0.115962
v -0.494092 0.273557 0.117609
v -0.492201 0.391166 -0.126460
v -0.494614 0.391166 -0.124677
v -0.492201 0.391166 0.163995
v -0.494092 0.391166 0.166324
v -0.492201 0.480586 -0.089421
v -0.494614 0.479325 -0.088160
v -0.492201 0.391166 0.126459
v -0.494614 0.391166 0.124676
v -0.492201 0.507128 -0.115962
v -0.494092 0.508775 -0.117609
v -0.492201 0.480586 0.089420
v -0.494614 0.479325 0.088159
v -0.492201 0.517627 -0.000000
v -0.494614 0.515844 -0.000000
v -0.492201 0.507128 0.115962
v -0.494092 0.508775 0.117609
v -0.492201 0.555161 -0.000000
v -0.494092 0.557490 -0.000000
v 0.702041 0.330746 0.060420
v 0.702922 0.328718 0.062448
v 0.671064 0.391166 0.104669
v 0.671838 0.391166 0.107567
v 0.671064 0.317154 0.074012
v 0.671838 0.315104 0.076061
v 0.671064 0.286497 -0.000000
v 0.671838 0.283599 -0.000000
v 0.702041 0.391166 0.085447
v 0.702922 0.391166 0.088315
v 0.702041 0.305719 -0.000000
v 0.702922 0.302851 -0.000000
v 0.702041 0.451587 0.060420
v 0.702922 0.453615 0.062448
v 0.702041 0.330746 -0.060421
v 0.702922 0.328718 -0.062449
v 0.671064 0.465179 0.074012
v 0.671838 0.467229 0.076061
v 0.671064 0.317154 -0.074013
v 0.671838 0.315104 -0.076063
v 0.671064 0.495835 -0.000000
v 0.671838 0.498733 -0.000000
v 0.671064 0.391166 -0.104670
v 0.671838 0.391166 -0.107568
v 0.702041 0.476615 -0.000000
v 0.702922 0.479483 -0.000000
v 0.702041 0.391166 -0.085448
v 0.702922 0.391166 -0.088316
v 0.702041 0.451587 -0.060421
v 0.702922 0.453615 -0.062449
v 0.671064 0.465179 -0.074013
v 0.671838 0.467229 -0.076063
v 2.582553 -0.522745 -0.137509
v 2.582098 -0.524941 -0.139501
v 2.582553 -0.522745 0.135433
v 2.582098 -0.524941 0.137425
v 2.475337 -0.522745 -0.137509
v 2.473605 -0.524477 -0.139241
v 2.475337 -0.522745 0.135433
v 2.473605 -0.524477 0.137165
v 2.657353 -0.555161 0.135433
v 2.656898 -0.557357 0.137425
v 2.657353 -0.555161 -0.137509
v 2.656898 -0.557357 -0.139501
v 0.460412 0.166667 -0.001038
v 0.462213 0.165324 -0.003027
v 0.460412 0.159852 -0.069665
v 0.462303 0.161499 -0.071312
v 0.460412 0.188278 -0.001038
v 0.461178 0.191109 -0.001669
v 0.460412 0.091225 -0.098091
v 0.461196 0.091859 -0.100917
v 0.460412 0.087420 0.083718
v 0.462089 0.088834 0.081672
v 0.460412 0.141217 0.062107
v 0.462298 0.139568 0.060456
v 0.083833 -0.021546 -0.122102
v 0.085565 -0.023278 -0.123834
v 0.083833 -0.021546 0.120025
v 0.085565 -0.023278 0.121757
v 2.475337 0.069882 -0.137509
v 2.473605 0.071614 -0.139241
v 1.301650 0.324242 -0.066925
v 1.301650 0.326363 -0.064804
v 1.301650 0.296521 -0.000000
v 1.301650 0.299521 -0.000000
v 1.301650 0.391166 -0.094646
v 1.301650 0.391166 -0.091646
v 1.301650 0.324242 0.066924
v 1.301650 0.326363 0.064803
v 1.301650 0.458091 -0.066925
v 1.301650 0.455970 -0.064804
v 1.301650 0.391166 0.094645
v 1.301650 0.391166 0.091645
v 1.301650 0.485812 -0.000000
v 1.301650 0.482812 -0.000000
v 1.301650 0.458091 0.066924
v 1.301650 0.455970 0.064803
v 2.475337 0.069882 0.135433
v 2.473605 0.071614 0.137165
v 0.083833 0.044129 -0.122102
v 0.085565 0.045861 -0.123834
v 0.083833 0.044129 0.120025
v 0.085565 0.045861 0.121757
v 0.143971 0.022089 0.058772
v 0.143971 0.019968 0.060893
v 0.143971 0.081899 0.083546
v 0.143971 0.081899 0.086546
v 0.143971 -0.002685 -0.001038
v 0.143971 -0.005685 -0.001038
v 0.143971 0.141710 0.058772
v 0.143971 0.143831 0.060893
v 0.143971 0.022089 -0.060849
v 0.143971 0.019968 -0.062970
v 0.143971 0.166484 -0.001038
v 0.143971 0.169484 -0.001038
v 0.143971 0.081899 -0.085623
v 0.143971 0.081899 -0.088623
v 0.143971 0.141710 -0.060849
v 0.143971 0.143831 -0.062970
v 1.748255 0.136997 -0.100014
v 1.747472 0.139170 -0.101929
v 1.681555 0.004919 -0.100014
v 1.679434 0.004919 -0.102135
v 1.681555 0.081763 -0.100014
v 1.679431 0.082762 -0.101882
v 2.361234 0.136997 -0.100014
v 2.362017 0.139170 -0.101929
v 2.427935 0.004919 -0.100014
v 2.430056 0.004919 -0.102135
v 2.427935 0.081763 -0.100014
v 2.430059 0.082762 -0.101882
v 1.681555 0.004919 0.097937
v 1.679434 0.004919 0.100058
v 2.361234 0.136997 0.097937
v 2.362017 0.139170 0.099852
v 1.748255 0.136997 0.097937
v 1.747472 0.139170 0.099852
v 1.681555 0.081763 0.097937
v 1.679431 0.082762 0.099805
v 2.427935 0.004919 0.097937
v 2.430056 0.004919 0.100058
v 2.427935 0.081763 0.097937
v 2.430059 0.082762 0.099805
v 0.718880 0.166667 -0.001038
v 0.717079 0.165324 -0.003027
v 0.718880 0.141217 0.062107
v 0.716994 0.139568 0.060456
v 0.718880 0.087420 0.083718
v 0.717203 0.088834 0.081672
v -0.396719 0.264707 -0.000000
v -0.396719 0.267707 -0.000000
v -0.396719 0.301746 0.089420
v -0.396719 0.303867 0.087299
v -0.396719 0.391166 0.126459
v -0.396719 0.391166 0.123459
v -0.396719 0.301746 -0.089421
v -0.396719 0.303867 -0.087300
v -0.396719 0.480586 0.089420
v -0.396719 0.478465 0.087299
v -0.396719 0.391166 -0.126460
v -0.396719 0.391166 -0.123460
v -0.396719 0.517627 -0.000000
v -0.396719 0.514627 -0.000000
v -0.396719 0.480586 -0.089421
v -0.396719 0.478465 -0.087300
v 0.718880 0.188278 -0.001038
v 0.718114 0.191109 -0.001669
v 0.140631 -0.005827 -0.001038
v 0.138740 -0.008156 -0.001038
v 0.140631 0.091226 0.096014
v 0.138740 0.091226 0.098343
v 0.140631 0.091226 -0.098091
v 0.138740 0.091226 -0.100420
v 0.140631 0.022599 0.067588
v 0.138740 0.020952 0.069235
v 0.140631 0.022599 -0.069665
v 0.138740 0.020952 -0.071312
v 0.140631 0.188278 -0.001038
v 0.138740 0.190607 -0.001038
v 0.140631 0.159852 -0.069665
v 0.138740 0.161499 -0.071312
v 0.140631 0.159852 0.067588
v 0.138740 0.161499 0.069235
v -2.376578 0.014195 0.070026
v -2.374687 0.012548 0.071673
v -2.376578 0.085172 0.099425
v -2.374687 0.085172 0.101754
v -2.376578 -0.015205 -0.000952
v -2.374687 -0.017534 -0.000952
v -2.376578 0.156150 0.070026
v -2.374687 0.157797 0.071673
v -2.376578 0.014195 -0.071930
v -2.374687 0.012548 -0.073577
v -2.376578 0.185550 -0.000952
v -2.374687 0.187879 -0.000952
v -2.376578 0.085172 -0.101329
v -2.374687 0.085172 -0.103658
v -2.376578 0.156150 -0.071930
v -2.374687 0.157797 -0.073577
v 0.751188 0.022599 0.067588
v 0.751188 0.020788 0.069980
v 0.751188 -0.005827 -0.001038
v 0.751188 -0.008827 -0.001038
v 0.751188 0.022599 -0.069665
v 0.751188 0.020788 -0.072057
v 0.718880 0.091225 -0.098091
v 0.718096 0.091859 -0.100917
v 0.718880 0.159852 -0.069665
v 0.716989 0.161499 -0.071312
v 0.428104 0.022599 -0.069665
v 0.428104 0.020788 -0.072057
v 0.428104 -0.005827 -0.001038
v 0.428104 -0.008827 -0.001038
v 0.428104 0.022599 0.067588
v 0.428104 0.020788 0.069980
v 0.200140 0.330746 0.060420
v 0.200547 0.328644 0.062522
v 0.485437 0.330746 0.060420
v 0.484556 0.328718 0.062448
v 0.485436 0.391166 0.085447
v 0.484555 0.391166 0.088315
v 0.200140 0.305719 -0.000000
v 0.200547 0.302747 -0.000000
v 0.485437 0.305719 -0.000000
v 0.484556 0.302851 -0.000000
v 0.200140 0.391166 0.085447
v 0.200547 0.391166 0.088419
v 0.485436 0.451587 0.060420
v 0.484555 0.453615 0.062448
v -0.091287 0.227171 -0.000000
v -0.090905 0.224195 -0.000000
v 0.200140 0.451587 0.060420
v 0.200547 0.453689 0.062522
v -0.091287 0.391166 0.163995
v -0.090905 0.391166 0.166971
v 0.485436 0.476615 -0.000000
v 0.484555 0.479483 -0.000000
v 0.200140 0.330746 -0.060421
v 0.200547 0.328644 -0.062523
v 0.485437 0.330746 -0.060421
v 0.484556 0.328718 -0.062449
v 0.485436 0.391166 -0.085448
v 0.484555 0.391166 -0.088316
v 0.200140 0.476615 -0.000000
v 0.200547 0.479587 -0.000000
v 0.485436 0.451587 -0.060421
v 0.484555 0.453615 -0.062449
v 0.200140 0.391166 -0.085448
v 0.200547 0.391166 -0.088420
v 0.200140 0.451587 -0.060421
v 0.200547 0.453689 -0.062523
v -0.091287 0.555161 -0.000000
v -0.090905 0.558137 -0.000000
v -0.091287 0.391166 -0.163995
v -0.090905 0.391166 -0.166971
v -0.091287 0.275204 -0.115962
v -0.090905 0.273100 -0.118066
v -0.091287 0.507128 -0.115962
v -0.090905 0.509232 -0.118066
v -0.091287 0.275204 0.115962
v -0.090905 0.273100 0.118066
v -0.091287 0.507128 0.115962
v -0.090905 0.509232 0.118066
v 0.516413 0.391166 0.104669
v 0.515639 0.391166 0.107567
v 0.516413 0.465178 0.074012
v 0.515639 0.467228 0.076061
v 0.516413 0.317154 0.074012
v 0.515639 0.315104 0.076061
v 0.516413 0.495835 -0.000000
v 0.515639 0.498733 -0.000000
v 0.516413 0.286497 -0.000000
v 0.515639 0.283599 -0.000000
v 0.516413 0.465178 -0.074013
v 0.515639 0.467228 -0.076063
v 0.516413 0.317154 -0.074013
v 0.515639 0.315104 -0.076063
v 0.516413 0.391166 -0.104670
v 0.515639 0.391166 -0.107568
v 1.152365 0.391166 0.124990
v 1.151893 0.391166 0.127953
v 1.036387 0.451587 0.060420
v 1.035876 0.453677 0.062510
v 1.036387 0.391166 0.085447
v 1.035876 0.391166 0.088403
v 1.036387 0.330746 0.060420
v 1.035876 0.328656 0.062510
v 1.036387 0.476615 -0.000000
v 1.035876 0.479571 -0.000000
v 1.036387 0.451587 -0.060421
v 1.035876 0.453677 -0.062511
v 1.152365 0.516156 -0.000000
v 1.151893 0.519119 -0.000000
v 1.036387 0.305719 -0.000000
v 1.035876 0.302763 -0.000000
v 1.036387 0.330746 -0.060421
v 1.035876 0.328656 -0.062511
v 1.152365 0.266176 -0.000000
v 1.151893 0.263213 -0.000000
v 1.036387 0.391166 -0.085448
v 1.035876 0.391166 -0.088404
v 1.152365 0.391166 -0.124991
v 1.151893 0.391166 -0.127954
v 1.152365 0.302785 -0.088382
v 1.151893 0.300690 -0.090477
v 1.152365 0.479547 -0.088382
v 1.151893 0.481642 -0.090477
v 1.152365 0.302785 0.088381
v 1.151893 0.300690 0.090476
v 1.152365 0.479547 0.088381
v 1.151893 0.481642 0.090476
v -2.690715 -0.001605 0.000462
v -2.690715 0.021792 0.056947
v -2.690976 0.036280 0.042460
v -2.690976 0.018884 0.000462
v -2.690976 0.127519 -0.044537
v -2.690976 0.144915 -0.002538
v -2.690715 0.165404 -0.002538
v -2.690715 0.142007 -0.059024
v -0.493146 0.392666 0.162915
v -0.493146 0.505303 0.116259
v -0.493407 0.479604 0.090559
v -0.493407 0.392666 0.126570
v 1.394120 0.389666 -0.094757
v 1.394120 0.325224 -0.068064
v 1.393859 0.304610 -0.088679
v 1.393859 0.389666 -0.123911
v -2.690715 0.080399 0.082466
v -2.690976 0.080399 0.061977
v -2.690976 0.038401 0.044581
v -2.690715 0.023914 0.059069
v -0.493146 0.228251 0.001500
v -0.493146 0.274907 0.114137
v -0.493407 0.300607 0.088438
v -0.493407 0.264596 0.001500
v -0.493146 0.507425 0.114137
v -0.493146 0.554081 0.001500
v -0.493407 0.517738 0.001500
v -0.493407 0.481725 0.088438
v -0.493146 0.389666 0.162915
v -0.493407 0.389666 0.126570
v -0.493407 0.302728 0.090559
v -0.493146 0.277029 0.116259
v 0.084699 0.043495 0.119391
v 0.084699 -0.020912 0.119391
v 0.084699 -0.020912 -0.121468
v 0.084699 0.043495 -0.121468
v -0.491907 0.266173 0.001386
v -0.491907 0.301802 0.087404
v -0.398219 0.302233 0.086974
v -0.398219 0.266781 0.001386
v 1.392620 0.458035 -0.064909
v 1.392620 0.484346 -0.001386
v 1.303150 0.483738 -0.001386
v 1.303150 0.457604 -0.064479
v -2.569141 0.081899 -0.061155
v -2.569141 0.039391 -0.043547
v -2.569141 0.021783 -0.001038
v -2.569141 0.039391 0.041470
v -2.569141 0.081899 0.059078
v -2.569141 0.124408 0.041470
v -2.569141 0.142016 -0.001038
v -2.569141 0.124408 -0.043547
v 0.460804 0.092996 -0.097278
v 0.461357 0.159527 -0.069340
v 0.460795 0.187449 -0.002853
v 0.461312 0.164983 -0.003532
v 0.461355 0.139240 0.060128
v 0.461251 0.089674 0.080457
v 2.689136 0.069248 -0.138375
v 2.689136 -0.554527 -0.138375
v 2.657436 -0.554759 -0.138505
v 2.582636 -0.522343 -0.138505
v 2.475971 -0.522111 -0.138375
v 2.475971 0.069248 -0.138375
v -2.689476 0.126324 0.041426
v -2.689476 0.143338 0.000348
v -2.570641 0.143065 0.000348
v -2.570641 0.126131 0.041233
v -0.491646 0.508526 -0.115400
v -0.491646 0.555752 -0.001386
v -0.092596 0.556075 -0.001386
v -0.092596 0.508754 -0.115628
v 2.689136 -0.554527 0.136299
v 2.689136 0.069248 0.136299
v 2.475971 0.069248 0.136299
v 2.475971 -0.522111 0.136299
v 2.582636 -0.522343 0.136429
v 2.657436 -0.554759 0.136429
v 0.483496 0.453175 -0.060049
v 0.201843 0.453212 -0.060086
v 0.201843 0.477527 -0.001386
v 0.483496 0.477475 -0.001386
v 0.142471 0.167410 0.000348
v -2.689215 0.167075 0.000348
v -2.689215 0.143108 0.058210
v 0.142471 0.143345 0.058447
v -2.531715 0.085172 -0.100870
v -2.531715 0.014520 -0.071605
v -2.531715 -0.014746 -0.000952
v -2.531715 0.014520 0.069701
v -2.531715 0.085172 0.098966
v -2.531715 0.155825 0.069701
v -2.531715 0.185091 -0.000952
v -2.531715 0.155825 -0.071605
v 1.303150 0.324729 -0.064479
v 1.303150 0.298595 -0.001386
v 1.392620 0.297987 -0.001386
v 1.392620 0.324298 -0.064909
v -2.690715 -0.001605 -0.002538
v -2.690976 0.018884 -0.002538
v -2.690976 0.036280 -0.044537
v -2.690715 0.021792 -0.059024
v 1.393859 0.392666 0.123910
v 1.394120 0.392666 0.094756
v 1.394120 0.457109 0.068063
v 1.393859 0.477723 0.088678
v -2.690976 0.125398 -0.046658
v -2.690715 0.139885 -0.061146
v -2.690715 0.083399 -0.084543
v -2.690976 0.083399 -0.064054
v -2.690976 0.127519 0.042460
v -2.690715 0.142007 0.056947
v -2.690715 0.165404 0.000462
v -2.690976 0.144915 0.000462
v 1.394120 0.323103 -0.065943
v 1.394120 0.296410 -0.001500
v 1.393859 0.267256 -0.001500
v 1.393859 0.302488 -0.086557
v -2.690715 0.083399 0.082466
v -2.690715 0.139885 0.059069
v -2.690976 0.125398 0.044581
v -2.690976 0.083399 0.061977
v 1.393859 0.515076 -0.001500
v 1.394120 0.485923 -0.001500
v 1.394120 0.459230 -0.065943
v 1.393859 0.479845 -0.086557
v -0.493407 0.302728 -0.090560
v -0.493407 0.389666 -0.126571
v -0.493146 0.389666 -0.162915
v -0.493146 0.277029 -0.116259
v -2.689215 0.020691 -0.060287
v 0.142471 0.020454 -0.060524
v 0.142471 -0.003611 -0.002424
v -2.689215 -0.003276 -0.002424
v 0.669951 0.392552 0.105544
v 0.669951 0.464818 0.075611
v 0.517526 0.464817 0.075611
v 0.517526 0.392552 0.105544
v 1.073536 0.091225 0.095555
v 1.073536 0.022924 0.067263
v 1.073536 -0.005368 -0.001038
v 1.073536 0.022924 -0.069340
v 1.073536 0.091225 -0.097632
v 1.073536 0.159527 -0.069340
v 1.073536 0.187819 -0.001038
v 1.073536 0.159527 0.067263
v 1.393859 0.304610 0.088678
v 1.394120 0.325224 0.068063
v 1.394120 0.389666 0.094756
v 1.393859 0.389666 0.123910
v -2.690976 0.038401 -0.046658
v -2.690976 0.080399 -0.064054
v -2.690715 0.080399 -0.084543
v -2.690715 0.023914 -0.061146
v -0.493407 0.479604 -0.090560
v -0.493146 0.505303 -0.116259
v -0.493146 0.392666 -0.162915
v -0.493407 0.392666 -0.126571
v 1.394120 0.296410 0.001500
v 1.394120 0.323103 0.065942
v 1.393859 0.302488 0.086556
v 1.393859 0.267256 0.001500
v 0.718488 0.090156 -0.098930
v 1.072036 0.089839 -0.098682
v 1.072036 0.023161 -0.071063
v 0.751188 0.023079 -0.071435
v 0.428104 0.023079 -0.071435
v 0.141186 0.023161 -0.071063
v 0.141186 0.089840 -0.098682
v 0.460804 0.090042 -0.099504
v 1.394120 0.457109 -0.068064
v 1.394120 0.392666 -0.094757
v 1.393859 0.392666 -0.123911
v 1.393859 0.477723 -0.088679
v -0.493407 0.264596 -0.001500
v -0.493407 0.300607 -0.088439
v -0.493146 0.274907 -0.114138
v -0.493146 0.228251 -0.001500
v 1.393859 0.515076 0.001500
v 1.393859 0.479845 0.086556
v 1.394120 0.459230 0.065942
v 1.394120 0.485923 0.001500
v 0.701180 0.304064 0.001415
v 0.701180 0.328575 0.060590
v 0.672752 0.316114 0.073051
v 0.672752 0.286441 0.001415
v 0.701180 0.451757 0.062591
v 0.672752 0.464218 0.075052
v 0.672752 0.392581 0.104725
v 0.701180 0.392581 0.087102
v 0.672752 0.392581 -0.104726
v 0.672752 0.464218 -0.075053
v 0.701180 0.451757 -0.062592
v 0.701180 0.392581 -0.087103
v 0.701180 0.389751 -0.087103
v 0.701180 0.330576 -0.062592
v 0.672752 0.318115 -0.075053
v 0.672752 0.389751 -0.104726
v 0.701180 0.330576 0.062591
v 0.701180 0.389751 0.087102
v 0.672752 0.389751 0.104725
v 0.672752 0.318115 0.075052
v 0.701180 0.453758 0.060590
v 0.701180 0.478270 0.001415
v 0.672752 0.495891 0.001415
v 0.672752 0.466219 0.073051
v 0.514725 0.316114 -0.073052
v 0.514725 0.286441 -0.001415
v 0.486298 0.304064 -0.001415
v 0.486298 0.328575 -0.060591
v 1.303150 0.483738 0.001386
v 1.392620 0.484346 0.001386
v 1.392620 0.458035 0.064908
v 1.303150 0.457604 0.064477
v -0.855495 0.044995 0.119391
v 0.083199 0.044995 0.119391
v 0.083199 0.044995 -0.121468
v -0.855495 0.044995 -0.121468
v 2.655749 -0.555663 -0.137005
v 2.655749 -0.555663 0.134929
v 2.583702 -0.524440 0.134929
v 2.583702 -0.524440 -0.137005
v 0.141186 0.089840 0.096605
v 0.141186 0.023161 0.068986
v 0.428104 0.023079 0.069358
v 0.751188 0.023079 0.069358
v 1.072036 0.023161 0.068986
v 1.072036 0.089839 0.096605
v 0.141186 0.188869 -0.002424
v 0.459295 0.189120 -0.002739
v 0.459857 0.161250 -0.069103
v 0.141186 0.161250 -0.069103
v 0.141186 0.188869 0.000348
v 0.141186 0.161250 0.067026
v 1.072036 0.161250 0.067026
v 1.072036 0.188869 0.000348
v 0.718497 0.189120 0.000033
v 0.460795 0.189120 0.000033
v 0.719435 0.159290 -0.071063
v 1.072036 0.159290 -0.071063
v 1.072036 0.092611 -0.098682
v 0.719988 0.092928 -0.098930
v 1.303150 0.298595 0.001386
v 1.303150 0.324729 0.064478
v 1.392620 0.324298 0.064908
v 1.392620 0.297987 0.001386
v 2.689136 -0.556027 -0.136875
v 2.689136 -0.556027 0.134799
v 2.658625 -0.556259 0.134929
v 2.658625 -0.556259 -0.137005
v -2.570641 0.037668 -0.043310
v -2.689476 0.037475 -0.043503
v -2.689476 0.020461 -0.002424
v -2.570641 0.020734 -0.002424
v 1.681648 0.083219 -0.099448
v 1.681648 0.083219 0.097371
v 1.746708 0.137127 0.097394
v 1.746708 0.137127 -0.099471
v 1.680494 0.006419 -0.099575
v 1.680494 0.006419 0.097498
v 1.680493 0.080762 0.097371
v 1.680493 0.080762 -0.099448
v 1.392620 0.392552 -0.093180
v 1.392620 0.456075 -0.066869
v 1.303150 0.455645 -0.066438
v 1.303150 0.392552 -0.092572
v 2.690636 0.069248 0.134799
v 2.690636 -0.554527 0.134799
v 2.690636 -0.554527 -0.136875
v 2.690636 0.069248 -0.136875
v -0.089641 0.273852 -0.115344
v 0.198888 0.328841 -0.060357
v 0.198888 0.304417 -0.001393
v -0.089641 0.226652 -0.001393
v -2.570641 0.020734 0.000348
v -2.689476 0.020461 0.000348
v -2.689476 0.037475 0.041426
v -2.570641 0.037668 0.041233
v 0.201843 0.329121 -0.060086
v 0.483497 0.329158 -0.060049
v 0.483497 0.304859 -0.001386
v 0.201843 0.304807 -0.001386
v 0.483496 0.451215 0.062008
v 0.201843 0.451252 0.062045
v 0.201843 0.392552 0.086359
v 0.483496 0.392552 0.086307
v 0.483496 0.477475 0.001386
v 0.201843 0.477527 0.001386
v 0.201843 0.453212 0.060085
v 0.483496 0.453175 0.060048
v -0.855495 -0.020912 0.120891
v 0.083199 -0.020912 0.120891
v 0.083199 0.043495 0.120891
v -0.855495 0.043495 0.120891
v -2.689476 0.124364 -0.045463
v -2.689476 0.083285 -0.062477
v -2.570641 0.083285 -0.062204
v -2.570641 0.124171 -0.045270
v -0.491646 0.389780 -0.164586
v -0.092596 0.389780 -0.164909
v -0.092596 0.275538 -0.117588
v -0.491646 0.275766 -0.117360
v 0.716437 0.140953 0.059890
v 0.462855 0.140953 0.059890
v 0.462812 0.165435 -0.000641
v 0.716480 0.165435 -0.000641
v 1.392359 0.301387 -0.087820
v 1.392359 0.265585 -0.001386
v 1.153629 0.265269 -0.001386
v 1.153629 0.301164 -0.088044
v 0.142471 0.143345 -0.060524
v -2.689215 0.143108 -0.060287
v -2.689215 0.167075 -0.002424
v 0.142471 0.167410 -0.002424
v 2.427496 0.006419 -0.101075
v 1.681994 0.006419 -0.101075
v 1.681993 0.081557 -0.100948
v 1.748404 0.136583 -0.100971
v 2.361085 0.136583 -0.100971
v 2.427497 0.081557 -0.100948
v 2.361085 0.136583 0.098894
v 1.748404 0.136583 0.098894
v 1.681993 0.081557 0.098871
v 1.681994 0.006419 0.098998
v 2.427496 0.006419 0.098998
v 2.427497 0.081557 0.098871
v -2.689215 0.141148 -0.062247
v 0.142471 0.141385 -0.062484
v 0.142471 0.083285 -0.086549
v -2.689215 0.083285 -0.086214
v -0.092596 0.273578 0.115628
v -0.491646 0.273806 0.115400
v -0.491646 0.226580 0.001386
v -0.092596 0.226257 0.001386
v -0.398219 0.480099 -0.086975
v -0.398219 0.515553 -0.001386
v -0.491907 0.516161 -0.001386
v -0.491907 0.480530 -0.087405
v -2.570641 0.039628 -0.045270
v -2.570641 0.080513 -0.062204
v -2.689476 0.080513 -0.062477
v -2.689476 0.039435 -0.045463
v -2.530216 0.083786 -0.101920
v -2.377133 0.083786 -0.101920
v -2.377133 0.014757 -0.073328
v -2.530216 0.014757 -0.073328
v 0.517526 0.285622 0.001386
v 0.669951 0.285622 0.001386
v 0.669951 0.315555 0.073651
v 0.517526 0.315555 0.073651
v 0.703981 0.451215 -0.062009
v 1.034631 0.451246 -0.062040
v 1.034631 0.392552 -0.086352
v 0.703981 0.392552 -0.086308
v -0.092596 0.389780 0.164909
v -0.491646 0.389780 0.164586
v -0.491646 0.275766 0.117359
v -0.092596 0.275538 0.117588
v 0.703981 0.331118 0.062008
v 1.034631 0.331087 0.062039
v 1.034631 0.389780 0.086351
v 0.703981 0.389780 0.086307
v -0.856995 -0.020912 0.119391
v -0.856995 0.043495 0.119391
v -0.856995 0.043495 -0.121468
v -0.856995 -0.020912 -0.121468
v 0.703981 0.389780 -0.086308
v 1.034631 0.389780 -0.086352
v 1.034631 0.331087 -0.062040
v 0.703981 0.331118 -0.062009
v 1.034631 0.477519 0.001386
v 0.703981 0.477475 0.001386
v 0.703981 0.453175 0.060048
v 1.034631 0.453206 0.060079
v 0.703981 0.329158 -0.060049
v 1.034631 0.329127 -0.060080
v 1.034631 0.304815 -0.001386
v 0.703981 0.304859 -0.001386
v 0.201843 0.304807 0.001386
v 0.483497 0.304859 0.001386
v 0.483497 0.329158 0.060048
v 0.201843 0.329121 0.060085
v -2.530216 -0.015796 0.000434
v -2.377133 -0.015796 0.000434
v -2.377133 0.012798 0.069464
v -2.530216 0.012798 0.069464
v -2.377133 0.083786 0.100016
v -2.530216 0.083786 0.100016
v -2.530216 0.014757 0.071424
v -2.377133 0.014757 0.071424
v -2.570641 0.080513 0.060127
v -2.570641 0.039628 0.043193
v -2.689476 0.039435 0.043386
v -2.689476 0.080513 0.060400
v -0.491907 0.480530 0.087404
v -0.491907 0.516161 0.001386
v -0.398219 0.515553 0.001386
v -0.398219 0.480099 0.086973
v 0.083199 0.043495 -0.122968
v 0.083199 -0.020912 -0.122968
v -0.855495 -0.020912 -0.122968
v -0.855495 0.043495 -0.122968
v 2.360126 0.138083 -0.099471
v 1.749364 0.138083 -0.099471
v 1.749364 0.138083 0.097394
v 2.360126 0.138083 0.097394
v 0.752688 -0.006753 0.000348
v 1.072036 -0.006418 0.000348
v 1.072036 0.021201 0.067026
v 0.752688 0.021119 0.067398
v 0.426604 0.021119 0.067398
v 0.141186 0.021201 0.067026
v 0.141186 -0.006418 0.000348
v 0.426604 -0.006753 0.000348
v 0.083199 -0.022412 0.119391
v -0.855495 -0.022412 0.119391
v -0.855495 -0.022412 -0.121468
v 0.083199 -0.022412 -0.121468
v 0.752688 0.021119 -0.069475
v 1.072036 0.021201 -0.069103
v 1.072036 -0.006418 -0.002424
v 0.752688 -0.006753 -0.002424
v 0.139686 -0.005368 -0.001038
v 0.139686 0.022924 0.067263
v 0.139686 0.091226 0.095555
v 0.139686 0.159527 0.067263
v 0.139686 0.187819 -0.001038
v 0.139686 0.159527 -0.069340
v 0.139686 0.091226 -0.097632
v 0.139686 0.022924 -0.069340
v -2.530216 0.155588 -0.073328
v -2.377133 0.155588 -0.073328
v -2.377133 0.086558 -0.101920
v -2.530216 0.086558 -0.101920
v 1.153629 0.479209 0.090002
v 1.153629 0.392552 0.125897
v 1.392359 0.392552 0.125581
v 1.392359 0.478986 0.089778
v 1.392620 0.326258 -0.066869
v 1.392620 0.389780 -0.093180
v 1.303150 0.389780 -0.092572
v 1.303150 0.326688 -0.066438
v 0.141186 0.092612 -0.098682
v 0.141186 0.159290 -0.071063
v 0.459857 0.159290 -0.071063
v 0.459304 0.092928 -0.098930
v 2.475971 0.070748 0.134799
v 2.689136 0.070748 0.134799
v 2.689136 0.070748 -0.136875
v 2.475971 0.070748 -0.136875
v 0.426604 -0.006753 -0.002424
v 0.141186 -0.006418 -0.002424
v 0.141186 0.021201 -0.069103
v 0.426604 0.021119 -0.069475
v 1.303150 0.455645 0.066437
v 1.392620 0.456075 0.066868
v 1.392620 0.392552 0.093179
v 1.303150 0.392552 0.092571
v -2.689476 0.083285 0.060400
v -2.689476 0.124364 0.043386
v -2.570641 0.124171 0.043193
v -2.570641 0.083285 0.060127
v 2.580825 -0.523843 0.134929
v 2.475971 -0.523611 0.134799
v 2.475971 -0.523611 -0.136875
v 2.580825 -0.523843 -0.137005
v 1.392359 0.303347 0.089778
v 1.392359 0.389780 0.125581
v 1.153629 0.389780 0.125897
v 1.153629 0.303123 0.090002
v 1.303150 0.389780 0.092571
v 1.392620 0.389780 0.093179
v 1.392620 0.326258 0.066868
v 1.303150 0.326688 0.066437
v -0.493407 0.517738 -0.001500
v -0.493146 0.554081 -0.001500
v -0.493146 0.507425 -0.114138
v -0.493407 0.481725 -0.088439
v 2.428997 0.080762 0.097371
v 2.428996 0.006419 0.097498
v 2.428996 0.006419 -0.099575
v 2.428997 0.080762 -0.099448
v 2.362781 0.137127 0.097394
v 2.427842 0.083219 0.097371
v 2.427842 0.083219 -0.099448
v 2.362781 0.137127 -0.099471
v 0.719997 0.189120 -0.002739
v 1.072036 0.188869 -0.002424
v 1.072036 0.161250 -0.069103
v 0.719435 0.161250 -0.069103
v -0.398219 0.392552 -0.124386
v -0.398219 0.478140 -0.088934
v -0.491907 0.478570 -0.089365
v -0.491907 0.392552 -0.124994
v 0.198888 0.453492 -0.060357
v -0.089641 0.508480 -0.115344
v -0.089641 0.555680 -0.001393
v 0.198888 0.477917 -0.001393
v 0.198888 0.330810 -0.062326
v -0.089641 0.275822 -0.117314
v -0.089641 0.389773 -0.164514
v 0.198888 0.389773 -0.086750
v -0.089641 0.506510 -0.117314
v 0.198888 0.451522 -0.062326
v 0.198888 0.392559 -0.086750
v -0.089641 0.392559 -0.164514
v 0.142471 0.080513 0.084472
v -2.689215 0.080513 0.084137
v -2.689215 0.022651 0.060170
v 0.142471 0.022414 0.060407
v -2.689215 -0.003276 0.000348
v 0.142471 -0.003611 0.000348
v 0.142471 0.020454 0.058447
v -2.689215 0.020691 0.058210
v 0.198888 0.451522 0.062325
v -0.089641 0.506510 0.117313
v -0.089641 0.392559 0.164514
v 0.198888 0.392559 0.086749
v 0.483496 0.389780 0.086307
v 0.201843 0.389780 0.086359
v 0.201843 0.331081 0.062045
v 0.483497 0.331118 0.062008
v 0.142471 0.141385 0.060407
v -2.689215 0.141148 0.060169
v -2.689215 0.083285 0.084137
v 0.142471 0.083285 0.084472
v -2.377133 0.157548 -0.071368
v -2.530216 0.157548 -0.071368
v -2.530216 0.186141 -0.002338
v -2.377133 0.186141 -0.002338
v 1.150698 0.392563 0.125405
v 1.150698 0.478853 0.089662
v 1.037562 0.451581 0.062388
v 1.037562 0.392563 0.086834
v -0.089641 0.555680 0.001393
v -0.089641 0.508480 0.115344
v 0.198888 0.453492 0.060356
v 0.198888 0.477917 0.001393
v 0.198888 0.328841 0.060355
v -0.089641 0.273852 0.115344
v -0.089641 0.226652 0.001393
v 0.198888 0.304417 0.001393
v -0.089641 0.275822 0.117313
v 0.198888 0.330810 0.062325
v 0.198888 0.389773 0.086749
v -0.089641 0.389773 0.164514
v 0.716541 0.089519 0.082136
v 0.462751 0.089519 0.082136
v 0.462855 0.139001 0.061841
v 0.716437 0.139001 0.061841
v -0.398219 0.302233 -0.086975
v -0.491907 0.301802 -0.087405
v -0.491907 0.266173 -0.001386
v -0.398219 0.266781 -0.001386
v -2.689476 0.143338 -0.002424
v -2.689476 0.126324 -0.043503
v -2.570641 0.126131 -0.043310
v -2.570641 0.143065 -0.002424
v -0.092596 0.226257 -0.001386
v -0.491646 0.226580 -0.001386
v -0.491646 0.273806 -0.115400
v -0.092596 0.273578 -0.115628
v -2.689215 0.080513 -0.086214
v 0.142471 0.080513 -0.086549
v 0.142471 0.022414 -0.062484
v -2.689215 0.022651 -0.062247
v -0.491646 0.506566 -0.117360
v -0.092596 0.506794 -0.117588
v -0.092596 0.392552 -0.164909
v -0.491646 0.392552 -0.164586
v 0.483496 0.392552 -0.086308
v 0.201843 0.392552 -0.086360
v 0.201843 0.451252 -0.062046
v 0.483496 0.451215 -0.062009
v -0.491907 0.303762 0.089364
v -0.491907 0.389780 0.124993
v -0.398219 0.389780 0.124385
v -0.398219 0.304192 0.088933
v 0.514725 0.392581 -0.104726
v 0.486297 0.392581 -0.087103
v 0.486297 0.451757 -0.062592
v 0.514725 0.464217 -0.075053
v 0.514725 0.495891 -0.001415
v 0.514725 0.466218 -0.073052
v 0.486297 0.453758 -0.060591
v 0.486297 0.478270 -0.001415
v 0.672752 0.466219 -0.073052
v 0.672752 0.495891 -0.001415
v 0.701180 0.478270 -0.001415
v 0.701180 0.453758 -0.060591
v 0.486298 0.330576 -0.062592
v 0.486297 0.389751 -0.087103
v 0.514725 0.389751 -0.104726
v 0.514725 0.318115 -0.075053
v 0.486297 0.478270 0.001415
v 0.486297 0.453758 0.060590
v 0.514725 0.466218 0.073051
v 0.514725 0.495891 0.001415
v 0.486298 0.328575 0.060590
v 0.486298 0.304064 0.001415
v 0.514725 0.286441 0.001415
v 0.514725 0.316114 0.073051
v 0.672752 0.286441 -0.001415
v 0.672752 0.316114 -0.073052
v 0.701180 0.328575 -0.060591
v 0.701180 0.304064 -0.001415
v 0.514725 0.318115 0.075052
v 0.514725 0.389751 0.104725
v 0.486297 0.389751 0.087102
v 0.486298 0.330576 0.062591
v 0.517526 0.389780 -0.105545
v 0.669951 0.389780 -0.105545
v 0.669951 0.317515 -0.075612
v 0.517526 0.317515 -0.075612
v 1.034631 0.451246 0.062039
v 0.703981 0.451215 0.062008
v 0.703981 0.392552 0.086307
v 1.034631 0.392552 0.086351
v 0.517526 0.464817 -0.075612
v 0.669951 0.464818 -0.075612
v 0.669951 0.392552 -0.105545
v 0.517526 0.392552 -0.105545
v -0.398219 0.304192 -0.088934
v -0.398219 0.389780 -0.124386
v -0.491907 0.389780 -0.124994
v -0.491907 0.303762 -0.089365
v 0.669951 0.466778 -0.073652
v 0.517526 0.466777 -0.073652
v 0.517526 0.496710 -0.001386
v 0.669951 0.496710 -0.001386
v 1.392359 0.389780 -0.125582
v 1.392359 0.303347 -0.089780
v 1.153629 0.303123 -0.090003
v 1.153629 0.389780 -0.125898
v 0.201843 0.331081 -0.062046
v 0.201843 0.389780 -0.086360
v 0.483496 0.389780 -0.086308
v 0.483497 0.331118 -0.062009
v 1.153629 0.481168 0.088043
v 1.392359 0.480946 0.087819
v 1.392359 0.516747 0.001386
v 1.153629 0.517063 0.001386
v 0.717980 0.164983 -0.003532
v 0.718497 0.187449 -0.002853
v 0.717935 0.159527 -0.069340
v 0.718488 0.092996 -0.097278
v 0.718041 0.089674 0.080457
v 0.717937 0.139240 0.060128
v 1.037562 0.451581 -0.062390
v 1.150698 0.478853 -0.089663
v 1.150698 0.392563 -0.125406
v 1.037562 0.392563 -0.086835
v -0.491907 0.392552 0.124993
v -0.491907 0.478570 0.089364
v -0.398219 0.478140 0.088933
v -0.398219 0.392552 0.124385
v 0.517526 0.315555 -0.073652
v 0.669951 0.315555 -0.073652
v 0.669951 0.285622 -0.001386
v 0.517526 0.285622 -0.001386
v 1.150698 0.389769 -0.125406
v 1.150698 0.303479 -0.089663
v 1.037562 0.330752 -0.062390
v 1.037562 0.389769 -0.086835
v -0.491646 0.555752 0.001386
v -0.491646 0.508526 0.115400
v -0.092596 0.508754 0.115628
v -0.092596 0.556075 0.001386
v 0.716480 0.167496 -0.002032
v 0.462812 0.167496 -0.002032
v 0.462295 0.188194 -0.001353
v 0.716997 0.188194 -0.001353
v -2.377133 0.186141 0.000434
v -2.530216 0.186141 0.000434
v -2.530216 0.157548 0.069464
v -2.377133 0.157548 0.069464
v 0.514725 0.392581 0.104725
v 0.514725 0.464217 0.075052
v 0.486297 0.451757 0.062591
v 0.486297 0.392581 0.087102
v 1.037562 0.453556 0.060414
v 1.150698 0.480828 0.087687
v 1.150698 0.516571 0.001396
v 1.037562 0.478002 0.001396
v -2.377133 0.155588 0.071423
v -2.530216 0.155588 0.071423
v -2.530216 0.086558 0.100016
v -2.377133 0.086558 0.100016
v 1.037562 0.328777 -0.060415
v 1.150698 0.301504 -0.087688
v 1.150698 0.265761 -0.001397
v 1.037562 0.304332 -0.001397
v 1.150698 0.480828 -0.087688
v 1.037562 0.453556 -0.060415
v 1.037562 0.478002 -0.001397
v 1.150698 0.516571 -0.001397
v -2.530216 0.012797 -0.071368
v -2.377133 0.012797 -0.071368
v -2.377133 -0.015796 -0.002338
v -2.530216 -0.015796 -0.002338
v 1.034631 0.453206 -0.060080
v 0.703981 0.453175 -0.060049
v 0.703981 0.477475 -0.001386
v 1.034631 0.477519 -0.001386
v 1.150698 0.265761 0.001396
v 1.150698 0.301504 0.087687
v 1.037562 0.328777 0.060414
v 1.037562 0.304332 0.001396
v 1.037562 0.330752 0.062389
v 1.150698 0.303479 0.089662
v 1.150698 0.389769 0.125405
v 1.037562 0.389769 0.086834
v 0.141186 0.159290 0.068985
v 0.141186 0.092612 0.096605
v 1.072036 0.092611 0.096605
v 1.072036 0.159290 0.068985
v 0.703981 0.304859 0.001386
v 1.034631 0.304815 0.001386
v 1.034631 0.329127 0.060079
v 0.703981 0.329158 0.060048
v 0.669951 0.496710 0.001386
v 0.517526 0.496710 0.001386
v 0.517526 0.466777 0.073651
v 0.669951 0.466778 0.073651
v 1.153629 0.517063 -0.001386
v 1.392359 0.516747 -0.001386
v 1.392359 0.480945 -0.087820
v 1.153629 0.481168 -0.088044
v -0.092596 0.506794 0.117588
v -0.491646 0.506566 0.117359
v -0.491646 0.392552 0.164586
v -0.092596 0.392552 0.164909
v 0.669951 0.389780 0.105544
v 0.517526 0.389780 0.105544
v 0.517526 0.317515 0.075611
v 0.669951 0.317515 0.075611
v 1.153629 0.479209 -0.090003
v 1.392359 0.478986 -0.089780
v 1.392359 0.392552 -0.125582
v 1.153629 0.392552 -0.125898
v 1.392359 0.265585 0.001386
v 1.392359 0.301387 0.087819
v 1.153629 0.301164 0.088043
v 1.153629 0.265269 0.001386
v -2.375633 0.085172 0.098966
v -2.375633 0.014520 0.069701
v -2.375633 -0.014746 -0.000952
v -2.375633 0.014520 -0.071605
v -2.375633 0.085172 -0.100870
v -2.375633 0.155825 -0.071605
v -2.375633 0.185091 -0.000952
v -2.375633 0.155825 0.069701
v 2.474471 -0.522111 0.134799
v 2.474471 0.069248 0.134799
v 2.474471 0.069248 -0.136875
v 2.474471 -0.522111 -0.136875
v 0.716541 0.088159 0.081195
v 0.716988 0.091511 -0.098004
v 0.462304 0.091511 -0.098004
v 0.462751 0.088159 0.081195
vn -0.4092 -0.8431 0.3491
vn 0.9388 -0.3183 0.1318
vn -0.8133 0.4079 0.4149
vn 0.8092 0.4251 0.4056
vn -0.4890 0.8059 -0.3338
vn 0.8876 0.4256 -0.1763
vn -0.8134 -0.0050 -0.5817
vn 0.8092 0.0137 -0.5873
vn -0.4891 -0.8058 0.3339
vn 0.8875 -0.4257 0.1763
vn -0.8134 0.0050 0.5817
vn 0.8092 -0.0137 0.5873
vn -0.4093 0.8429 -0.3492
vn 0.9388 0.3184 -0.1318
vn -0.8134 -0.4078 -0.4149
vn 0.8092 -0.4250 -0.4056
vn -0.4093 0.3492 0.8429
vn 0.9388 0.1318 0.3183
vn -0.8131 0.4137 -0.4096
vn 0.8106 0.4083 -0.4198
vn -0.4891 -0.3338 -0.8059
vn 0.8875 -0.1763 -0.4257
vn -0.8130 -0.5822 0.0029
vn 0.8107 -0.5855 -0.0081
vn 0.4890 0.3339 0.8058
vn -0.8875 0.1763 0.4257
vn 0.8131 -0.4141 0.4091
vn -0.8102 -0.4074 0.4215
vn 0.4093 -0.3491 -0.8430
vn -0.9388 -0.1318 -0.3183
vn 0.8131 0.5821 -0.0036
vn -0.8101 0.5861 0.0100
vn -0.8134 0.5818 0.0050
vn -0.8133 0.5818 0.0050
vn 0.8093 0.5873 -0.0137
vn -0.4890 0.3338 -0.8059
vn 0.8875 0.1763 -0.4257
vn -0.8134 -0.4149 -0.4078
vn 0.8093 -0.4055 -0.4250
vn -0.4093 -0.3490 0.8430
vn 0.9388 -0.1318 0.3183
vn -0.4093 -0.8430 0.3492
vn -0.8131 0.4096 0.4137
vn -0.8131 0.4097 0.4137
vn 0.8106 0.4198 0.4083
vn 0.8875 0.4257 -0.1763
vn -0.8130 -0.0029 -0.5822
vn 0.8106 0.0081 -0.5855
vn -0.4092 0.8430 0.3491
vn 0.9388 0.3183 0.1318
vn -0.8130 0.0029 -0.5822
vn 0.8106 -0.0081 -0.5855
vn -0.4890 -0.8059 -0.3338
vn 0.8875 -0.4257 -0.1763
vn -0.8130 -0.4097 0.4137
vn -0.8130 -0.4096 0.4137
vn 0.8106 -0.4198 0.4083
vn -0.8130 0.5822 0.0029
vn 0.8106 0.5855 -0.0081
vn -0.4891 0.3338 -0.8059
vn -0.8130 -0.4137 -0.4096
vn 0.8106 -0.4083 -0.4198
vn -0.4093 -0.3492 0.8430
vn 0.5907 -0.0000 0.8069
vn -0.9391 -0.0000 0.3437
vn 0.5907 -0.8069 -0.0000
vn -0.9391 -0.3437 -0.0000
vn 0.5907 -0.0000 -0.8069
vn -0.9391 -0.0000 -0.3437
vn 0.5907 0.8069 -0.0000
vn -0.9391 0.3437 -0.0000
vn -0.9419 0.3103 -0.1285
vn -0.2912 -0.8839 0.3661
vn -0.0020 0.9926 0.1213
vn 0.0087 -0.3524 0.9358
vn 0.6786 0.6786 -0.2811
vn 0.6786 -0.6786 0.2811
vn -0.0020 0.6161 -0.7877
vn 0.0087 -0.9110 -0.4124
vn 0.9418 -0.3105 0.1285
vn 0.2912 0.8838 -0.3661
vn 0.0021 -0.6161 0.7877
vn -0.0091 0.9108 0.4127
vn -0.6786 -0.6786 0.2811
vn -0.6786 0.6786 -0.2811
vn 0.0021 -0.9926 -0.1213
vn -0.0091 0.3524 -0.9358
vn 0.4093 -0.3493 -0.8429
vn -0.9387 -0.3184 -0.1318
vn 0.4093 -0.8429 -0.3492
vn -0.9388 -0.3182 0.1318
vn 0.4092 -0.8430 0.3491
vn -0.9388 -0.1319 0.3183
vn 0.4093 -0.3491 0.8430
vn -0.9388 0.1318 0.3183
vn 0.4093 0.3491 0.8430
vn -0.9388 0.3183 0.1318
vn 0.4093 0.8429 0.3492
vn -0.9388 0.3182 -0.1318
vn 0.4093 0.8430 -0.3491
vn -0.9388 0.1319 -0.3183
vn 0.4093 0.3493 -0.8429
vn 0.3475 0.3597 -0.8660
vn 0.3475 0.3596 -0.8660
vn 0.3475 0.3597 -0.8659
vn -0.9709 0.1032 -0.2162
vn 0.3485 0.8656 -0.3596
vn -0.9713 0.2147 -0.1028
vn 0.9595 0.0069 0.2817
vn -0.7319 -0.0522 0.6794
vn 0.9398 0.3170 0.1276
vn -0.4518 0.8267 0.3353
vn 0.9365 0.1310 0.3253
vn -0.5675 0.3166 0.7601
vn 0.9551 -0.2963 -0.0071
vn -0.8523 -0.5230 -0.0060
vn -0.8523 -0.5230 -0.0061
vn 0.8069 -0.0000 -0.5907
vn 0.3437 -0.0000 0.9391
vn 0.0042 -0.8733 -0.4871
vn 0.0041 -0.8733 -0.4871
vn -0.0018 -0.3518 0.9361
vn -0.3687 -0.8509 -0.3742
vn -0.1424 -0.3285 0.9337
vn -0.0012 -0.8737 -0.4864
vn 0.0006 -0.3515 0.9362
vn -0.8069 -0.0000 -0.5907
vn -0.3437 -0.0000 0.9391
vn -0.0000 0.8069 -0.5907
vn -0.0000 0.3437 0.9391
vn -0.9420 -0.3101 -0.1284
vn -0.2912 0.8838 0.3661
vn -0.0007 -0.6539 -0.7566
vn 0.0032 0.9495 -0.3136
vn 0.4027 -0.8457 -0.3502
vn 0.8889 0.4233 0.1753
vn -0.0007 -0.9974 0.0726
vn 0.0032 0.4497 0.8932
vn -0.8888 0.4233 -0.1753
vn -0.4028 -0.8456 0.3503
vn -0.0004 0.8789 0.4771
vn 0.0007 -0.5892 0.8080
vn 0.7241 0.6372 -0.2639
vn 0.6308 -0.7169 0.2970
vn -0.0004 0.2841 -0.9588
vn 0.0007 -0.9880 -0.1547
vn 0.8069 -0.0000 0.5907
vn 0.3437 -0.0000 -0.9391
vn -0.0000 0.8069 0.5907
vn -0.0000 0.3437 -0.9391
vn -0.8069 -0.0000 0.5907
vn -0.3437 -0.0000 -0.9391
vn -0.0013 -0.8737 0.4866
vn -0.0012 -0.8737 0.4866
vn 0.0006 -0.3515 -0.9362
vn -0.3687 -0.8509 0.3742
vn -0.1424 -0.3285 -0.9337
vn 0.0042 -0.8734 0.4870
vn -0.0018 -0.3518 -0.9361
vn 0.0001 0.2149 -0.9766
vn -0.0002 -0.9825 -0.1863
vn -0.6276 0.7193 -0.2980
vn -0.7271 -0.6343 0.2627
vn 0.0001 0.8425 0.5387
vn -0.0002 -0.5630 0.8264
vn 0.5639 0.7630 -0.3160
vn 0.7809 -0.5771 0.2390
vn -0.0001 0.8772 -0.4800
vn -0.0000 0.8772 -0.4800
vn 0.0001 -0.5880 -0.8089
vn -0.8890 0.4230 0.1754
vn -0.4027 -0.8456 -0.3503
vn -0.0001 0.2809 0.9597
vn 0.0001 -0.9877 0.1562
vn 0.6786 0.6786 0.2811
vn 0.6786 -0.6786 -0.2811
vn -0.4093 -0.3490 -0.8430
vn 0.9388 -0.1319 -0.3183
vn -0.4092 -0.8430 -0.3491
vn 0.9388 -0.3183 -0.1318
vn -0.4092 -0.8430 0.3491
vn 0.9388 -0.3182 0.1318
vn -0.4093 -0.3491 0.8430
vn -0.4093 0.3493 0.8429
vn 0.9388 0.1319 0.3183
vn -0.4094 0.8428 -0.3493
vn 0.9388 0.3183 -0.1318
vn -0.4093 0.3491 -0.8430
vn 0.9388 0.1318 -0.3183
vn -0.6786 0.6786 0.2811
vn -0.6786 -0.6786 -0.2811
vn 0.0021 0.6161 0.7877
vn -0.0091 -0.9109 0.4126
vn 0.9419 0.3105 0.1285
vn 0.2912 -0.8839 -0.3661
vn 0.0021 0.9926 -0.1213
vn -0.0091 -0.3522 -0.9359
vn -0.8134 -0.0050 0.5817
vn 0.8092 0.0137 0.5873
vn -0.4890 0.8059 0.3338
vn 0.8875 0.4257 0.1763
vn -0.8134 0.4077 -0.4149
vn 0.8093 0.4248 -0.4057
vn -0.4093 -0.8429 -0.3492
vn 0.9387 -0.3185 -0.1318
vn 0.8132 -0.5820 0.0036
vn -0.8102 -0.5861 -0.0100
vn 0.4890 -0.3339 -0.8058
vn -0.8875 -0.1763 -0.4257
vn 0.8131 0.4141 -0.4091
vn -0.8102 0.4074 -0.4215
vn -0.9388 0.1319 0.3183
vn -0.8134 0.4149 0.4078
vn 0.8093 0.4055 0.4250
vn -0.4093 0.3494 -0.8429
vn -0.8133 -0.5819 -0.0050
vn 0.8092 -0.5874 0.0137
vn -0.4890 -0.3338 0.8059
vn 0.8875 -0.1763 0.4257
vn -0.8134 -0.4078 0.4150
vn -0.8133 -0.4078 0.4150
vn 0.8092 -0.4251 0.4056
vn -0.4094 0.8429 0.3492
vn 0.9388 0.3182 0.1318
vn -0.8134 0.0050 -0.5817
vn 0.8092 -0.0137 -0.5873
vn 0.4890 0.8059 0.3338
vn -0.8875 0.4257 0.1763
vn 0.8131 -0.0036 0.5821
vn -0.8102 0.0100 0.5861
vn 0.4093 -0.8430 -0.3491
vn -0.9388 -0.3183 -0.1318
vn 0.8131 0.4091 -0.4141
vn -0.8102 0.4215 -0.4074
vn -0.4093 0.3490 0.8430
vn -0.8133 0.4151 -0.4078
vn -0.8133 0.4150 -0.4078
vn 0.8093 0.4056 -0.4250
vn -0.4890 -0.3338 -0.8059
vn -0.8134 -0.5817 0.0050
vn 0.8093 -0.5872 -0.0137
vn 0.8131 0.0036 0.5820
vn -0.8102 -0.0100 0.5861
vn 0.4891 -0.8058 0.3338
vn -0.8876 -0.4256 0.1763
vn 0.8132 -0.4090 -0.4141
vn -0.8102 -0.4214 -0.4074
vn 0.4093 0.8429 -0.3492
vn -0.9388 0.3183 -0.1318
vn -0.4891 0.3338 0.8059
vn 0.8875 0.1763 0.4257
vn -0.8131 0.5822 -0.0029
vn 0.8107 0.5854 0.0081
vn -0.4093 -0.3492 -0.8430
vn -0.8131 -0.4137 0.4096
vn 0.8106 -0.4083 0.4198
vn -0.0001 -0.2810 -0.9597
vn 0.0001 0.9877 -0.1562
vn -0.0001 -0.8772 0.4800
vn -0.0000 -0.8772 0.4800
vn 0.0001 0.5880 0.8088
vn -0.8889 -0.4233 -0.1753
vn -0.4027 0.8457 0.3502
vn 0.7690 0.2446 0.5906
vn 0.5787 -0.3121 -0.7535
vn -0.0000 0.9754 0.2203
vn -0.0000 0.1838 -0.9830
vn -0.7690 0.2446 0.5906
vn -0.5787 -0.3121 -0.7535
vn -0.0000 -0.5340 0.8455
vn -0.0000 -0.8250 -0.5651
vn 0.4093 -0.3492 0.8429
vn 0.4093 -0.8429 0.3492
vn -0.9388 -0.3183 0.1318
vn 0.4093 -0.8430 -0.3492
vn -0.9388 -0.1319 -0.3183
vn 0.4093 0.3492 -0.8429
vn 0.8131 -0.4141 -0.4090
vn -0.8102 -0.4074 -0.4215
vn 0.4890 0.3339 -0.8058
vn -0.8875 0.1763 -0.4257
vn 0.8132 0.5820 0.0036
vn -0.8102 0.5861 -0.0100
vn -0.9388 -0.1318 0.3183
vn -0.4890 0.3338 0.8059
vn -0.8133 0.5818 -0.0050
vn 0.8092 0.5874 0.0137
vn -0.4093 -0.3492 -0.8429
vn 0.9388 -0.1318 -0.3183
vn -0.8134 -0.4149 0.4078
vn 0.8093 -0.4056 0.4250
vn -0.8130 0.4137 0.4097
vn 0.8106 0.4082 0.4198
vn -0.4093 0.3492 -0.8429
vn -0.8130 -0.5822 -0.0029
vn 0.8106 -0.5855 0.0081
vn 0.4889 0.8059 -0.3337
vn -0.8875 0.4257 -0.1763
vn 0.8131 0.4090 0.4141
vn -0.8102 0.4215 0.4074
vn 0.8131 -0.0036 -0.5820
vn -0.8102 0.0100 -0.5861
vn 0.0005 0.5031 -0.8642
vn 0.0004 0.7697 0.6384
vn 0.8888 -0.1754 -0.4233
vn 0.4027 0.3503 0.8456
vn 0.0003 -0.9499 -0.3127
vn -0.0016 -0.1909 0.9816
vn -0.0000 -0.9651 -0.2619
vn -0.0000 -0.2619 0.9651
vn -0.0003 -0.9499 -0.3127
vn 0.0018 -0.1910 0.9816
vn -0.8889 -0.1753 -0.4233
vn -0.4027 0.3503 0.8456
vn -0.0012 0.6146 -0.7888
vn 0.0006 0.7015 0.7127
vn 0.0006 0.7070 -0.7072
vn 0.0006 0.7071 -0.7071
vn -0.0010 0.6948 0.7192
vn -0.0009 0.6948 0.7192
vn 0.4890 -0.3339 0.8058
vn -0.8875 -0.1763 0.4257
vn 0.8131 -0.5821 -0.0036
vn -0.8102 -0.5861 0.0100
vn 0.4093 0.3491 -0.8430
vn 0.8131 0.4141 0.4090
vn -0.8102 0.4074 0.4215
vn -0.8130 0.4096 -0.4137
vn 0.8106 0.4198 -0.4083
vn -0.4093 -0.8430 -0.3491
vn -0.8131 -0.0029 0.5822
vn 0.8106 0.0081 0.5855
vn 0.4093 0.8430 0.3492
vn 0.8131 -0.4090 0.4141
vn 0.8131 -0.4091 0.4141
vn -0.8102 -0.4215 0.4074
vn 0.4890 -0.8059 -0.3338
vn -0.8875 -0.4257 -0.1763
vn 0.8131 0.0036 -0.5821
vn -0.8102 -0.0100 -0.5861
vn 0.9234 -0.3547 0.1469
vn 0.3153 0.8767 -0.3632
vn 0.4383 -0.1069 0.8925
vn 0.4383 -0.1070 0.8924
vn -0.3102 0.9255 0.2175
vn -0.3102 0.9255 0.2174
vn -0.3313 -0.8717 0.3611
vn -0.9158 0.3711 -0.1537
vn 0.4383 -0.7067 -0.5554
vn -0.3102 0.5006 -0.8082
vn 0.4383 0.8924 0.1069
vn -0.3103 0.2172 -0.9255
vn -0.3313 0.3611 0.8717
vn -0.9158 -0.1537 -0.3711
vn 0.4383 -0.5554 0.7067
vn -0.3103 -0.8081 -0.5008
vn -0.3103 -0.8081 -0.5007
vn 0.9234 0.1469 0.3547
vn 0.3153 -0.3632 -0.8767
vn -0.3313 0.3611 -0.8717
vn -0.9158 -0.1537 0.3711
vn 0.4383 0.8924 -0.1069
vn -0.3102 0.2173 0.9255
vn -0.3103 0.2173 0.9255
vn 0.9234 0.1469 -0.3547
vn 0.3153 -0.3632 0.8767
vn 0.4383 -0.5554 -0.7067
vn -0.3103 -0.8081 0.5007
vn -0.3103 -0.8081 0.5008
vn 0.9234 -0.1469 -0.3547
vn 0.3153 0.3632 0.8767
vn 0.4383 -0.8924 -0.1070
vn -0.3102 -0.2174 0.9255
vn -0.3313 -0.3611 -0.8717
vn -0.9158 0.1537 0.3711
vn 0.4383 0.5554 -0.7067
vn -0.3102 0.8082 0.5006
vn -0.3102 0.8082 0.5005
vn 0.9234 -0.1469 0.3547
vn 0.3153 0.3632 -0.8767
vn 0.4383 0.5554 0.7067
vn -0.3102 0.8082 -0.5006
vn -0.3313 -0.3611 0.8717
vn -0.9158 0.1537 -0.3711
vn 0.4383 -0.8924 0.1070
vn -0.3102 -0.2176 -0.9255
vn -0.3102 -0.2175 -0.9255
vn 0.9234 0.3547 0.1469
vn 0.3154 -0.8767 -0.3632
vn 0.4383 0.7067 -0.5554
vn -0.3102 -0.5007 -0.8081
vn -0.3102 -0.5006 -0.8082
vn -0.3314 0.8717 0.3611
vn -0.9158 -0.3710 -0.1537
vn 0.4383 0.1070 0.8924
vn -0.3102 -0.9255 0.2174
vn 0.3313 -0.8717 -0.3611
vn 0.9158 0.3711 0.1537
vn -0.4383 -0.7067 0.5555
vn 0.3103 0.5007 0.8081
vn 0.3102 0.5007 0.8081
vn -0.9234 -0.3547 -0.1469
vn -0.3153 0.8767 0.3632
vn -0.4383 -0.1070 -0.8924
vn 0.3103 0.9255 -0.2173
vn 0.0021 -0.6161 -0.7877
vn -0.0091 0.9109 -0.4126
vn 0.9419 -0.3103 -0.1285
vn 0.2912 0.8838 0.3661
vn 0.0021 -0.9926 0.1214
vn -0.0091 0.3522 0.9359
vn -0.0000 0.5907 0.8069
vn -0.0000 -0.9391 0.3437
vn 0.8069 0.5907 -0.0000
vn 0.3437 -0.9391 -0.0000
vn -0.0000 0.5907 -0.8069
vn -0.0000 -0.9391 -0.3437
vn -0.8069 0.5907 -0.0000
vn -0.3437 -0.9391 -0.0000
vn 0.2984 -0.9544 -0.0000
vn 0.8278 0.5611 -0.0000
vn -0.1658 -0.3826 0.9089
vn 0.3640 0.8399 0.4027
vn -0.8278 -0.5610 -0.0000
vn -0.2985 0.9544 -0.0000
vn -0.1658 -0.3826 -0.9089
vn 0.3640 0.8399 -0.4026
vn -0.8889 -0.1753 0.4233
vn -0.4027 0.3503 -0.8456
vn -0.0003 -0.9499 0.3127
vn 0.0018 -0.1910 -0.9816
vn -0.0000 -0.9651 0.2619
vn -0.0000 -0.2619 -0.9651
vn 0.0003 -0.9499 0.3127
vn -0.0016 -0.1909 -0.9816
vn 0.8888 -0.1754 0.4233
vn 0.4027 0.3503 -0.8456
vn -0.0000 0.3920 0.9200
vn -0.0000 0.7820 -0.6233
vn -0.0002 0.9071 0.4209
vn -0.0001 0.9071 0.4209
vn 0.0019 -0.5499 0.8352
vn 0.8317 0.5137 -0.2108
vn 0.5011 -0.7949 0.3422
vn 0.5011 -0.7949 0.3421
vn -0.0000 0.3733 -0.9277
vn -0.0000 -0.9937 -0.1122
vn -0.8889 0.4233 -0.1753
vn -0.4027 -0.8456 0.3503
vn -0.8889 0.4233 0.1753
vn -0.0000 0.3733 0.9277
vn -0.0000 -0.9937 0.1122
vn 0.8888 0.4234 0.1754
vn 0.4027 -0.8457 -0.3503
vn 0.0005 0.8640 -0.5035
vn 0.0003 -0.6379 -0.7701
vn -0.0000 0.7862 -0.6180
vn -0.0000 -0.6498 -0.7601
vn -0.0006 0.8640 -0.5036
vn -0.0004 -0.6379 -0.7701
vn -0.0000 0.9277 -0.3733
vn -0.0000 0.1122 0.9937
vn 0.8888 0.1754 -0.4233
vn 0.4027 -0.3503 0.8456
vn 0.0001 -0.4200 -0.9075
vn -0.0017 -0.8351 0.5500
vn -0.8328 0.2101 -0.5121
vn -0.5000 -0.3423 0.7955
vn 0.0021 0.9926 0.1213
vn -0.0091 -0.3524 0.9358
vn 0.9419 0.3104 -0.1285
vn 0.2912 -0.8838 0.3661
vn 0.0021 0.6161 -0.7877
vn -0.0091 -0.9108 -0.4127
vn 0.8070 -0.5906 -0.0000
vn 0.3438 0.9391 -0.0000
vn 0.0037 -0.5004 0.8658
vn 0.0036 -0.5004 0.8658
vn 0.0036 -0.5003 0.8658
vn -0.0077 0.9269 0.3753
vn -0.6535 -0.7569 -0.0000
vn -0.5365 0.8439 -0.0000
vn 0.0036 -0.5003 -0.8658
vn -0.0077 0.9268 -0.3754
vn -0.0007 0.9974 -0.0726
vn 0.0032 -0.4497 -0.8932
vn -0.9421 0.3097 0.1285
vn -0.2911 -0.8839 -0.3661
vn -0.0007 0.6540 0.7565
vn 0.0032 -0.9495 0.3137
vn 0.4027 0.8457 0.3502
vn 0.8888 -0.4234 -0.1753
vn -0.9980 0.0639 -0.0000
vn 0.2020 -0.9794 -0.0000
vn -0.2926 0.3531 0.8887
vn 0.5841 -0.7050 0.4022
vn 0.0836 0.9965 -0.0000
vn 0.9367 -0.3501 -0.0000
vn -0.2926 0.3531 -0.8887
vn 0.5841 -0.7050 -0.4022
vn -0.8165 -0.5773 -0.0000
vn 0.8165 -0.5774 -0.0000
vn -0.4279 0.0007 0.9038
vn -0.4279 0.0008 0.9038
vn 0.9204 0.0010 0.3911
vn -0.6856 0.7280 -0.0000
vn 0.8832 0.4690 -0.0000
vn -0.4279 0.0008 -0.9038
vn -0.4279 0.0007 -0.9038
vn 0.9204 0.0010 -0.3910
vn 0.9419 -0.1286 0.3103
vn 0.2912 0.3661 -0.8838
vn 0.0021 0.1213 0.9926
vn -0.0091 0.9359 -0.3522
vn -0.6786 -0.2811 0.6786
vn -0.6786 0.2811 -0.6786
vn 0.0021 -0.7877 0.6161
vn -0.0091 -0.4125 -0.9109
vn 0.5905 -0.8070 -0.0000
vn -0.9391 -0.3435 -0.0000
vn 0.5905 0.8070 -0.0000
vn -0.9391 0.3435 -0.0000
vn 0.2165 -0.1755 -0.9604
vn 0.2164 -0.1752 -0.9605
vn -0.1465 0.9688 -0.2001
vn 0.8110 -0.5406 -0.2239
vn 0.5202 0.7890 0.3268
vn 0.2164 -0.8028 0.5557
vn -0.1466 0.5438 0.8263
vn -0.5237 -0.7871 -0.3260
vn -0.8084 0.5438 0.2252
vn -0.0007 0.6539 -0.7566
vn 0.0032 -0.9496 -0.3136
vn -0.9419 0.3103 -0.1284
vn -0.2912 -0.8838 0.3661
vn -0.0007 0.9974 0.0726
vn 0.0032 -0.4496 0.8932
vn 0.4027 0.8456 -0.3503
vn 0.8889 -0.4231 0.1753
vn 0.0001 -0.2149 -0.9766
vn -0.0002 0.9825 -0.1862
vn 0.5639 -0.7630 -0.3160
vn 0.7809 0.5771 0.2390
vn 0.0001 -0.8425 0.5387
vn -0.0002 0.5631 0.8264
vn -0.6276 -0.7193 -0.2979
vn -0.7271 0.6343 0.2627
vn 0.0001 0.9766 0.2149
vn -0.0002 0.1862 -0.9825
vn -0.6276 0.2979 0.7193
vn -0.7271 -0.2627 -0.6343
vn 0.0001 -0.5387 0.8425
vn -0.0002 -0.8265 -0.5630
vn 0.5639 0.3160 0.7630
vn 0.7809 -0.2390 -0.5771
vn 0.0001 0.8426 -0.5386
vn -0.0002 -0.5630 -0.8264
vn -0.6276 0.7193 0.2980
vn -0.7271 -0.6343 -0.2628
vn 0.0001 0.2149 0.9766
vn -0.0002 -0.9825 0.1862
vn 0.5639 0.7630 0.3161
vn 0.7809 -0.5771 -0.2391
vn -0.0000 -0.8069 0.5907
vn -0.0000 -0.3437 -0.9391
vn -0.9420 -0.1285 0.3101
vn -0.2912 0.3661 -0.8838
vn -0.0007 -0.7565 0.6540
vn 0.0032 -0.3137 -0.9495
vn 0.4028 -0.3502 0.8456
vn 0.8889 0.1754 -0.4233
vn -0.0007 0.0726 0.9974
vn 0.0032 0.8932 -0.4497
vn -0.0004 0.4771 -0.8789
vn 0.0007 0.8080 0.5891
vn 0.7241 -0.2639 -0.6372
vn 0.6308 0.2969 0.7169
vn -0.0004 -0.9588 -0.2840
vn 0.0007 -0.1548 0.9880
vn -0.0000 -0.9930 0.1181
vn -0.0000 0.3782 0.9257
vn -0.3927 -0.8528 -0.3442
vn -0.8731 0.4516 0.1838
vn -0.0000 -0.3066 -0.9518
vn -0.0000 0.9989 -0.0463
vn 0.3927 -0.8528 -0.3442
vn 0.8731 0.4515 0.1838
vn 0.8889 -0.4232 -0.1754
vn 0.4027 0.8457 0.3503
vn 0.0006 -0.8797 0.4755
vn -0.0012 0.5898 0.8076
vn -0.7346 -0.6268 -0.2596
vn -0.6190 0.7256 0.3005
vn 0.0006 -0.2857 -0.9583
vn -0.0012 0.9881 -0.1540
vn -0.0001 0.2809 -0.9597
vn -0.0000 0.2809 -0.9597
vn 0.0001 -0.9877 -0.1562
vn -0.4027 -0.8457 0.3502
vn -0.0001 0.8773 0.4800
vn 0.0001 -0.5880 0.8089
vn -0.0000 -0.5773 -0.8165
vn -0.0000 -0.5773 0.8165
vn -0.9155 0.0003 -0.4024
vn -0.3627 -0.0023 0.9319
vn -0.5817 0.7022 -0.4105
vn -0.2197 0.2657 0.9387
vn -0.0000 0.9180 -0.3966
vn -0.0000 0.3471 0.9378
vn 0.5817 0.7022 -0.4105
vn 0.2198 0.2657 0.9387
vn 0.2197 0.2657 0.9387
vn 0.9155 0.0003 -0.4023
vn 0.3627 -0.0023 0.9319
vn -0.0000 0.9180 0.3966
vn -0.0000 0.3471 -0.9378
vn -0.5817 0.7022 0.4105
vn -0.2198 0.2657 -0.9387
vn -0.9155 0.0003 0.4024
vn -0.3627 -0.0023 -0.9319
vn 0.9155 0.0003 0.4023
vn 0.3627 -0.0023 -0.9319
vn 0.5817 0.7022 0.4105
vn 0.2198 0.2657 -0.9387
vn 0.2198 0.2658 -0.9386
vn -0.0001 0.9597 -0.2809
vn 0.0001 0.1562 0.9877
vn 0.6786 0.2811 -0.6786
vn 0.6786 -0.2811 0.6786
vn -0.0001 -0.4800 -0.8772
vn -0.0000 -0.4800 -0.8772
vn 0.0001 -0.8088 0.5880
vn -0.8889 0.1751 -0.4233
vn -0.4028 -0.3502 0.8456
vn -0.0004 -0.2841 0.9588
vn 0.0007 0.9879 0.1548
vn -0.8888 -0.4233 0.1753
vn -0.4027 0.8456 -0.3503
vn -0.0004 -0.8789 -0.4771
vn 0.0007 0.5891 -0.8080
vn 0.7241 -0.6372 0.2639
vn 0.6308 0.7169 -0.2969
vn -0.0020 -0.6161 0.7877
vn 0.0087 0.9109 0.4124
vn -0.9419 -0.3102 0.1285
vn -0.2912 0.8838 -0.3661
vn -0.0020 -0.9926 -0.1213
vn 0.0087 0.3524 -0.9358
vn 0.4028 0.3502 0.8456
vn 0.8889 -0.1753 -0.4233
vn -0.0007 0.7566 0.6539
vn 0.0032 0.3136 -0.9495
vn -0.9420 0.1286 0.3101
vn -0.2912 -0.3661 -0.8838
vn -0.0007 -0.0726 0.9974
vn 0.0032 -0.8932 -0.4496
vn -0.0000 0.3920 -0.9200
vn -0.0000 0.7820 0.6233
vn 0.8889 -0.1755 -0.4233
vn -0.0000 -0.9277 -0.3733
vn -0.0000 -0.1122 0.9937
vn -0.0000 -0.8455 -0.5340
vn -0.0000 0.5651 -0.8250
vn 0.7690 -0.5906 0.2446
vn 0.5787 0.7535 -0.3121
vn -0.0000 -0.2203 0.9754
vn -0.0000 0.9830 0.1838
vn -0.7690 -0.5906 0.2446
vn -0.5787 0.7535 -0.3121
vn -0.0001 0.9762 -0.2168
vn 0.0001 0.1853 0.9827
vn 0.6140 0.3021 -0.7292
vn 0.7391 -0.2577 0.6223
vn -0.0001 -0.5369 -0.8436
vn 0.0001 -0.8259 0.5639
vn -0.5639 0.3160 -0.7630
vn -0.7809 -0.2390 0.5771
vn -0.0004 0.4771 0.8788
vn 0.0007 0.8080 -0.5891
vn -0.8888 -0.1754 0.4233
vn -0.0004 -0.9588 0.2841
vn 0.0007 -0.1548 -0.9879
vn 0.7241 -0.2639 0.6372
vn 0.6308 0.2969 -0.7169
vn -0.0001 -0.9762 0.2169
vn 0.0001 -0.1853 -0.9827
vn 0.6140 -0.3021 0.7292
vn 0.7391 0.2578 -0.6223
vn -0.0001 0.5369 0.8436
vn 0.0001 0.8259 -0.5638
vn -0.5639 -0.3160 0.7630
vn -0.7809 0.2390 -0.5771
vn -0.5907 -0.0000 0.8069
vn 0.9391 -0.0000 0.3437
vn -0.5906 0.8069 -0.0000
vn 0.9391 0.3437 -0.0000
vn -0.5907 -0.0000 -0.8069
vn 0.9391 -0.0000 -0.3437
vn -0.5906 -0.8069 -0.0000
vn 0.9391 -0.3437 -0.0000
vn -0.0001 0.5369 -0.8436
vn 0.0001 0.8259 0.5638
vn 0.6140 -0.3020 -0.7293
vn 0.7391 0.2578 0.6223
vn -0.0001 -0.9762 -0.2169
vn 0.0001 -0.1853 0.9827
vn -0.5638 -0.3161 -0.7630
vn -0.7809 0.2390 0.5771
vn -0.0001 0.8437 -0.5369
vn 0.0001 -0.5639 -0.8259
vn -0.5638 0.7630 0.3160
vn -0.7809 -0.5771 -0.2390
vn -0.0001 0.2169 0.9762
vn 0.0001 -0.9827 0.1853
vn 0.6139 0.7293 0.3021
vn 0.7391 -0.6223 -0.2578
vn -0.0001 -0.2169 -0.9762
vn 0.0001 0.9827 -0.1853
vn 0.6140 -0.7292 -0.3021
vn 0.7392 0.6222 0.2578
vn -0.0001 -0.8436 0.5369
vn 0.0001 0.5638 0.8259
vn -0.5638 -0.7630 -0.3160
vn -0.7809 0.5771 0.2390
vn 0.0001 -0.8425 -0.5386
vn -0.0002 0.5631 -0.8264
vn 0.5639 -0.7630 0.3161
vn 0.7809 0.5771 -0.2390
vn 0.0001 -0.2149 0.9766
vn -0.0002 0.9825 0.1863
vn -0.6276 -0.7193 0.2980
vn -0.7270 0.6343 -0.2627
vn -0.0000 -0.9200 -0.3920
vn -0.0000 0.6233 -0.7820
vn 0.8888 -0.4235 0.1753
vn -0.0000 -0.3733 0.9277
vn -0.0000 0.9937 0.1122
vn -0.4028 0.8456 -0.3503
vn -0.4028 0.3503 -0.8456
vn -0.0000 -0.9277 0.3733
vn -0.0000 -0.1122 -0.9937
vn 0.8889 -0.1754 0.4233
vn 0.4028 0.3503 -0.8456
vn 0.8889 -0.1752 0.4233
vn -0.0007 -0.0726 -0.9974
vn 0.0032 -0.8932 0.4497
vn -0.9420 0.1283 -0.3101
vn -0.2912 -0.3661 0.8839
vn -0.0007 0.7565 -0.6540
vn 0.0032 0.3137 0.9495
vn -0.9419 -0.3103 -0.1285
vn -0.0020 -0.6161 -0.7876
vn 0.0087 0.9109 -0.4125
vn -0.0020 -0.9926 0.1213
vn 0.0087 0.3525 0.9358
vn -0.0000 -0.8069 -0.5907
vn -0.0000 -0.3437 0.9391
vn -0.0000 0.4469 -0.8946
vn -0.0000 -0.9146 -0.4044
vn -0.7001 0.7141 -0.0000
vn -0.4981 -0.8671 -0.0000
vn -0.0000 0.4469 0.8946
vn -0.0000 -0.9146 0.4044
vn 0.7000 0.7141 -0.0000
vn 0.4982 -0.8671 -0.0000
vn 0.0005 -0.8772 -0.4802
vn 0.0004 -0.8772 -0.4802
vn -0.0009 0.5878 -0.8090
vn 0.8888 -0.4233 0.1754
vn 0.4028 0.8456 -0.3503
vn 0.0006 -0.2529 0.9675
vn -0.0002 0.9927 0.1204
vn -0.6662 -0.6888 0.2858
vn -0.6663 0.6884 -0.2867
vn -0.6663 0.6884 -0.2866
vn -0.0007 -0.2527 0.9675
vn -0.0006 -0.2527 0.9675
vn 0.0002 0.9927 0.1204
vn -0.8889 -0.4233 0.1753
vn -0.0005 -0.8772 -0.4801
vn 0.0010 0.5878 -0.8090
vn 0.6662 -0.6888 0.2858
vn 0.6663 0.6884 -0.2866
vn -0.0000 -0.5907 0.8069
vn -0.0000 0.9391 0.3437
vn -0.8069 -0.5907 -0.0000
vn -0.3437 0.9391 -0.0000
vn -0.0000 -0.5907 -0.8069
vn -0.0000 0.9391 -0.3437
vn 0.8069 -0.5907 -0.0000
vn 0.3437 0.9391 -0.0000
vn 0.0006 -0.2527 -0.9675
vn -0.0002 0.9927 -0.1204
vn 0.4027 0.8456 0.3503
vn 0.0005 -0.8772 0.4801
vn -0.0009 0.5879 0.8090
vn -0.6662 -0.6888 -0.2858
vn -0.6663 0.6884 0.2866
vn -0.4093 0.3492 0.8430
vn -0.4093 0.8430 0.3492
vn -0.4093 0.8430 -0.3492
vn -0.4093 0.3492 -0.8430
vn -0.4093 -0.8430 -0.3492
vn 0.8889 0.1753 -0.4233
vn 0.4028 -0.3502 0.8457
vn -0.0000 -0.3920 -0.9199
vn -0.0000 -0.7820 0.6233
vn -0.8889 0.1755 -0.4233
vn -0.4027 -0.3503 0.8456
vn -0.7346 0.2596 0.6268
vn -0.6191 -0.3006 -0.7256
vn 0.0006 -0.4756 0.8797
vn -0.0012 -0.8076 -0.5897
vn 0.8888 0.1754 0.4233
vn 0.4027 -0.3503 -0.8456
vn 0.0006 0.9583 0.2858
vn -0.0012 0.1540 -0.9881
vn 0.9419 0.1286 0.3103
vn 0.2912 -0.3661 -0.8839
vn 0.0021 0.7877 0.6161
vn -0.0091 0.4127 -0.9108
vn -0.6786 0.2811 0.6786
vn -0.6786 -0.2811 -0.6786
vn 0.0021 -0.1213 0.9926
vn -0.0091 -0.9358 -0.3524
vn -0.8889 0.1753 -0.4233
vn 0.8329 0.2101 -0.5120
vn 0.5002 -0.3422 0.7954
vn 0.5002 -0.3423 0.7954
vn -0.0001 -0.4200 -0.9075
vn 0.0019 -0.8351 0.5500
vn 0.8070 0.5906 -0.0000
vn 0.3438 -0.9391 -0.0000
vn -0.0005 -0.8772 0.4802
vn 0.0010 0.5878 0.8090
vn -0.4027 0.8456 0.3503
vn -0.0007 -0.2529 -0.9675
vn 0.0002 0.9927 -0.1204
vn 0.6662 -0.6888 -0.2858
vn 0.6663 0.6884 0.2866
vn 0.0021 0.1213 -0.9926
vn -0.0091 0.9358 0.3524
vn 0.9419 -0.1284 -0.3103
vn 0.2912 0.3661 0.8838
vn 0.0021 -0.7877 -0.6161
vn -0.0091 -0.4127 0.9108
vn -0.6786 0.2810 0.6786
vn -0.9420 -0.1283 -0.3101
vn -0.2912 0.3660 0.8839
vn -0.0007 0.0726 -0.9974
vn 0.0032 0.8932 0.4496
vn 0.8889 0.1754 0.4233
vn -0.0007 -0.7566 -0.6539
vn 0.0032 -0.3136 0.9495
vn -0.0011 -0.5008 0.8656
vn 0.0023 0.9270 0.3750
vn -0.0011 -0.5008 -0.8655
vn 0.0023 0.9271 -0.3749
vn 0.5364 -0.8440 -0.0000
vn 0.6534 0.7571 -0.0000
vn 0.0006 0.4755 0.8797
vn -0.0012 0.8076 -0.5898
vn -0.7346 -0.2596 0.6268
vn -0.6191 0.3006 -0.7256
vn 0.0006 -0.9583 0.2858
vn -0.0012 -0.1540 -0.9881
vn 0.0021 0.7877 -0.6161
vn -0.0091 0.4125 0.9109
vn 0.9419 0.1285 -0.3103
vn 0.2912 -0.3661 0.8839
vn 0.0021 -0.1213 -0.9926
vn -0.0091 -0.9359 0.3522
vn -0.8130 0.0029 0.5822
vn 0.8106 -0.0081 0.5855
vn -0.4092 0.8430 -0.3491
vn -0.8131 -0.4096 -0.4137
vn 0.8106 -0.4198 -0.4083
vn -0.4891 -0.8058 0.3338
vn 0.4279 0.0008 0.9038
vn -0.9204 0.0010 0.3911
vn 0.8165 -0.5773 -0.0000
vn -0.8166 -0.5772 -0.0000
vn 0.4279 0.0008 -0.9038
vn -0.9204 0.0010 -0.3911
vn 0.6857 0.7279 -0.0000
vn -0.8830 0.4693 -0.0000
vn 0.2926 0.3530 0.8887
vn -0.5841 -0.7050 0.4022
vn 0.9979 0.0642 -0.0000
vn -0.2019 -0.9794 -0.0000
vn 0.2926 0.3531 -0.8887
vn -0.5841 -0.7050 -0.4022
vn -0.0836 0.9965 -0.0000
vn -0.9367 -0.3503 -0.0000
vn 0.0001 0.9071 0.4209
vn -0.0017 -0.5500 0.8352
vn 0.8889 0.4233 -0.1754
vn 0.4027 -0.8456 0.3503
vn -0.8317 0.5136 -0.2108
vn -0.8317 0.5136 -0.2107
vn -0.5012 -0.7948 0.3421
vn -0.0020 0.1213 0.9926
vn 0.0087 0.9358 -0.3526
vn -0.9419 -0.1285 0.3103
vn -0.0020 -0.7876 0.6162
vn -0.0020 -0.7876 0.6161
vn 0.0087 -0.4126 -0.9109
vn 0.2165 0.1753 -0.9604
vn 0.2165 0.1754 -0.9604
vn 0.2165 0.1755 -0.9604
vn -0.1466 -0.9688 -0.1998
vn -0.5237 0.7871 -0.3260
vn -0.8084 -0.5438 0.2252
vn 0.2164 0.8029 0.5554
vn -0.1465 -0.5435 0.8265
vn 0.8110 0.5406 -0.2239
vn 0.5202 -0.7890 0.3268
vn 0.2164 -0.9606 -0.1747
vn -0.1466 -0.1997 0.9688
vn -0.5237 -0.3260 -0.7871
vn -0.8084 0.2252 0.5438
vn 0.2164 0.5554 -0.8029
vn 0.2164 0.5555 -0.8029
vn -0.1465 0.8265 0.5435
vn 0.8110 -0.2239 -0.5406
vn 0.5202 0.3268 0.7890
vn 0.2165 0.9604 -0.1756
vn -0.1465 0.2001 0.9688
vn 0.8110 0.2239 -0.5406
vn 0.5202 -0.3268 0.7890
vn 0.2164 -0.5557 -0.8028
vn -0.1466 -0.8263 0.5438
vn -0.5237 0.3260 -0.7871
vn -0.8084 -0.2252 0.5438
vn -0.0001 0.4800 0.8772
vn -0.0000 0.4800 0.8772
vn 0.0001 0.8089 -0.5880
vn -0.8888 -0.1755 0.4233
vn -0.0001 -0.9597 0.2810
vn 0.0001 -0.1562 -0.9877
vn -0.0001 -0.8773 -0.4800
vn 0.0001 0.5880 -0.8089
vn -0.0001 -0.2809 0.9597
vn -0.0000 -0.2809 0.9597
vn 0.0001 0.9877 0.1562
vn -0.8888 -0.4234 0.1753
vn -0.4027 0.8457 -0.3502
vn 0.2164 0.9605 0.1750
vn -0.1466 0.1997 -0.9688
vn -0.5237 0.3260 0.7871
vn -0.8084 -0.2252 -0.5438
vn 0.2165 -0.5550 0.8032
vn -0.1465 -0.8265 -0.5435
vn 0.8110 0.2239 0.5406
vn 0.5202 -0.3268 -0.7890
vn 0.0001 0.5386 0.8425
vn -0.0002 0.8264 -0.5630
vn -0.6276 -0.2979 0.7193
vn -0.7271 0.2627 -0.6343
vn 0.0001 -0.9766 0.2149
vn -0.0002 -0.1862 -0.9825
vn 0.5639 -0.3160 0.7630
vn 0.7809 0.2391 -0.5771
vn -0.0001 0.9597 0.2809
vn -0.0000 0.9597 0.2809
vn 0.0001 0.1562 -0.9877
vn -0.8889 0.1752 0.4233
vn -0.4028 -0.3503 -0.8456
vn -0.0001 -0.4800 0.8773
vn 0.0001 -0.8089 -0.5880
vn 0.6786 0.2811 0.6786
vn 0.6786 -0.2811 -0.6786
vn -0.0000 0.9199 0.3920
vn -0.0000 -0.6233 0.7820
vn 0.8889 0.4232 -0.1753
vn 0.4823 0.3352 0.8093
vn 0.8359 -0.2101 -0.5071
vn -0.2684 0.9493 0.1640
vn 0.1829 0.2030 -0.9619
vn -0.8396 0.2079 0.5019
vn -0.4769 -0.3364 -0.8121
vn -0.2684 -0.5552 0.7872
vn -0.2684 -0.5553 0.7872
vn 0.1830 -0.8236 -0.5368
vn -0.5237 0.7871 0.3260
vn -0.8084 -0.5438 -0.2252
vn 0.2165 0.1755 0.9604
vn -0.1465 -0.9688 0.2001
vn 0.8110 0.5406 0.2239
vn 0.5202 -0.7890 -0.3268
vn 0.2164 0.8028 -0.5557
vn -0.1466 -0.5438 -0.8263
vn 0.2164 -0.1750 0.9605
vn 0.2164 -0.1752 0.9605
vn -0.1466 0.9688 0.1997
vn -0.5237 -0.7871 0.3260
vn -0.8084 0.5438 -0.2252
vn 0.2164 -0.8029 -0.5554
vn -0.1465 0.5435 -0.8265
vn 0.8110 -0.5406 0.2239
vn 0.5202 0.7890 -0.3268
vn 0.2164 -0.9605 0.1748
vn -0.1465 -0.2001 -0.9688
vn 0.8110 -0.2239 0.5406
vn 0.5202 0.3268 -0.7890
vn 0.2164 0.5557 0.8028
vn -0.1466 0.8263 -0.5438
vn -0.5237 -0.3260 0.7871
vn -0.8084 0.2252 -0.5438
vn -0.0000 -0.6019 -0.7986
vn -0.0000 -0.5609 0.8279
vn -0.3449 -0.3526 -0.8699
vn -0.8207 0.2208 0.5270
vn -0.0000 0.1193 -0.9929
vn -0.0000 0.9253 0.3792
vn 0.3449 -0.3526 -0.8699
vn 0.8206 0.2209 0.5271
vn -0.0020 0.9926 -0.1213
vn 0.0087 -0.3525 -0.9358
vn -0.9419 0.3104 0.1285
vn -0.2912 -0.8839 -0.3661
vn -0.0020 0.6162 0.7876
vn 0.0087 -0.9109 0.4126
vn -0.9420 -0.3101 0.1284
vn -0.0007 -0.9974 -0.0725
vn 0.0032 0.4496 -0.8932
vn 0.4028 -0.8456 0.3503
vn -0.0007 -0.6539 0.7566
vn 0.0032 0.9495 0.3136
vn -0.0004 -0.8788 0.4771
vn 0.0007 0.5892 0.8080
vn -0.0004 -0.2841 -0.9588
vn 0.0007 0.9880 -0.1548
vn 0.7241 -0.6372 -0.2639
vn 0.6308 0.7169 0.2969
vn -0.0001 0.4800 -0.8773
vn 0.0001 0.8089 0.5880
vn -0.0001 -0.9597 -0.2809
vn -0.0000 -0.9597 -0.2809
vn 0.0001 -0.1562 0.9877
vn -0.8889 -0.1752 -0.4233
vn -0.4028 0.3502 0.8457
vn -0.0004 0.9588 -0.2841
vn 0.0007 0.1548 0.9879
vn 0.7241 0.2639 -0.6372
vn 0.6308 -0.2969 0.7169
vn -0.0004 -0.4771 -0.8788
vn 0.0007 -0.8080 0.5891
vn -0.8888 0.1754 -0.4233
vn 0.0001 -0.5386 -0.8425
vn -0.0002 -0.8265 0.5630
vn -0.6275 0.2979 -0.7193
vn -0.7271 -0.2627 0.6343
vn 0.0001 0.9766 -0.2149
vn -0.0002 0.1862 0.9825
vn 0.5639 0.3160 -0.7630
vn 0.7809 -0.2390 0.5771
vn -0.9419 0.1285 -0.3103
vn -0.2912 -0.3661 0.8838
vn -0.0020 0.7876 -0.6162
vn -0.0020 0.7876 -0.6161
vn 0.0087 0.4126 0.9109
vn -0.0020 -0.1213 -0.9926
vn 0.0087 -0.9358 0.3525
vn -0.4383 -0.5554 -0.7067
vn 0.3102 -0.8082 0.5006
vn 0.3102 -0.8082 0.5005
vn -0.9234 0.1469 -0.3547
vn -0.3153 -0.3631 0.8767
vn -0.4383 0.8924 -0.1070
vn 0.3102 0.2174 0.9255
vn 0.3313 0.3611 -0.8717
vn 0.9158 -0.1537 0.3711
vn 0.3314 0.8717 -0.3611
vn 0.9158 -0.3711 0.1537
vn -0.4383 0.1070 -0.8924
vn -0.4383 0.1069 -0.8925
vn 0.3102 -0.9255 -0.2174
vn -0.9234 0.3547 -0.1469
vn -0.3154 -0.8767 0.3632
vn -0.4383 0.7067 0.5555
vn 0.3102 -0.5006 0.8082
vn -0.3314 0.8717 -0.3611
vn -0.9158 -0.3711 0.1537
vn 0.4383 0.7067 0.5554
vn -0.3102 -0.5006 0.8082
vn 0.9233 0.3548 -0.1469
vn 0.3153 -0.8767 0.3632
vn 0.4383 0.1070 -0.8924
vn -0.3102 -0.9255 -0.2175
vn -0.9234 -0.1469 -0.3547
vn -0.3153 0.3632 0.8767
vn -0.4383 0.5554 -0.7067
vn 0.3102 0.8081 0.5007
vn 0.3313 -0.3611 -0.8717
vn 0.9158 0.1537 0.3710
vn -0.4383 -0.8924 -0.1070
vn 0.3102 -0.2176 0.9254
vn 0.3102 -0.2175 0.9255
vn -0.9234 0.3547 0.1469
vn -0.3154 -0.8767 -0.3632
vn -0.4383 0.1070 0.8924
vn 0.3102 -0.9255 0.2174
vn 0.3313 0.8717 0.3611
vn 0.9158 -0.3711 -0.1537
vn -0.4383 0.7067 -0.5554
vn 0.3102 -0.5007 -0.8082
vn -0.9234 -0.3547 0.1469
vn -0.3153 0.8767 -0.3632
vn -0.4383 -0.7067 -0.5554
vn 0.3102 0.5006 -0.8082
vn 0.3313 -0.8717 0.3611
vn 0.9158 0.3710 -0.1537
vn -0.4383 -0.1070 0.8924
vn 0.3102 0.9254 0.2176
vn -0.3313 -0.8717 -0.3611
vn -0.9158 0.3711 0.1537
vn 0.4383 -0.1071 -0.8924
vn 0.4383 -0.1070 -0.8924
vn -0.3102 0.9255 -0.2174
vn -0.3103 0.9255 -0.2173
vn 0.9234 -0.3547 -0.1469
vn 0.3153 0.8768 0.3631
vn 0.4383 -0.7067 0.5554
vn -0.3102 0.5007 0.8082
vn -0.3102 0.5006 0.8082
vn 0.3313 -0.3611 0.8717
vn 0.9158 0.1537 -0.3711
vn -0.4383 0.5555 0.7067
vn -0.4383 0.5554 0.7067
vn 0.3103 0.8080 -0.5008
vn 0.3103 0.8081 -0.5008
vn -0.9234 -0.1469 0.3547
vn -0.3153 0.3632 -0.8767
vn -0.4383 -0.8924 0.1070
vn 0.3102 -0.2174 -0.9255
vn -0.0000 0.5340 -0.8455
vn -0.0000 0.8250 0.5651
vn 0.7690 -0.2446 -0.5906
vn 0.5787 0.3121 0.7535
vn -0.0000 -0.9754 -0.2203
vn -0.0000 -0.1838 0.9830
vn -0.7690 -0.2446 -0.5906
vn -0.5787 0.3121 0.7535
vn -0.0001 0.9762 0.2169
vn 0.0001 0.1853 -0.9827
vn -0.5639 0.3160 0.7630
vn -0.7809 -0.2390 -0.5771
vn -0.0001 -0.5369 0.8436
vn 0.0001 -0.8259 -0.5639
vn 0.6140 0.3020 0.7293
vn 0.7391 -0.2578 -0.6223
vn -0.0000 0.9755 -0.2202
vn -0.0000 0.1838 0.9830
vn 0.7690 0.2446 -0.5906
vn 0.5787 -0.3121 0.7535
vn -0.0000 -0.5340 -0.8455
vn -0.0000 -0.8250 0.5651
vn -0.7690 0.2446 -0.5906
vn -0.5787 -0.3121 0.7535
vn -0.0020 0.7877 0.6161
vn 0.0087 0.4124 -0.9110
vn -0.9419 0.1286 0.3103
vn -0.0020 -0.1213 0.9926
vn -0.0020 -0.1212 0.9926
vn 0.0087 -0.9358 -0.3524
vn -0.0000 0.2203 -0.9754
vn -0.0000 -0.9830 -0.1838
vn -0.7690 0.5906 -0.2446
vn -0.5787 -0.7535 0.3121
vn -0.0000 0.8455 0.5340
vn -0.0000 -0.5651 0.8250
vn 0.7690 0.5906 -0.2446
vn 0.5787 -0.7535 0.3121
vn 0.8888 -0.1753 -0.4233
vn 0.0006 -0.9583 -0.2858
vn -0.0012 -0.1540 0.9881
vn -0.7346 -0.2596 -0.6268
vn -0.6190 0.3005 0.7256
vn 0.0006 0.4756 -0.8797
vn -0.0012 0.8076 0.5898
vn -0.6276 -0.2979 -0.7193
vn -0.7271 0.2627 0.6343
vn 0.0001 0.5387 -0.8425
vn -0.0002 0.8264 0.5630
vn 0.5639 -0.3160 -0.7630
vn 0.7809 0.2390 0.5771
vn 0.0001 -0.9766 -0.2149
vn -0.0002 -0.1862 0.9825
vn 0.0006 0.2857 0.9583
vn -0.0012 -0.9881 0.1540
vn 0.8889 0.4232 0.1754
vn 0.0006 0.8797 -0.4755
vn -0.0012 -0.5897 -0.8076
vn -0.7347 0.6268 0.2596
vn -0.6191 -0.7255 -0.3006
vn -0.9595 0.0069 0.2817
vn 0.7320 -0.0522 0.6793
vn -0.3483 0.8657 -0.3595
vn 0.9712 0.2148 -0.1028
vn -0.3476 0.3597 -0.8659
vn 0.9709 0.1031 -0.2161
vn 0.9709 0.1031 -0.2160
vn -0.9551 -0.2963 -0.0071
vn 0.8522 -0.5232 -0.0060
vn -0.9365 0.1311 0.3253
vn 0.5674 0.3167 0.7601
vn 0.5674 0.3166 0.7601
vn -0.9397 0.3172 0.1277
vn 0.4518 0.8267 0.3353
vn -0.2683 0.9494 -0.1635
vn -0.2683 0.9493 -0.1637
vn 0.1831 0.2023 0.9620
vn 0.4824 0.3352 -0.8093
vn 0.8359 -0.2100 0.5071
vn -0.2684 -0.5553 -0.7871
vn 0.1831 -0.8235 0.5370
vn -0.8396 0.2079 -0.5019
vn -0.4769 -0.3364 0.8121
vn -0.9419 -0.1286 -0.3103
vn -0.2912 0.3661 0.8838
vn -0.0020 0.1212 -0.9926
vn 0.0087 0.9358 0.3523
vn -0.0020 -0.7877 -0.6161
vn 0.0087 -0.4124 0.9110
vn -0.0000 -0.2203 -0.9754
vn -0.0000 0.9830 -0.1838
vn 0.7690 -0.5906 -0.2446
vn 0.5787 0.7535 0.3121
vn -0.0000 -0.8455 0.5340
vn -0.0000 0.5651 0.8250
vn -0.7690 -0.5906 -0.2446
vn -0.5787 0.7535 0.3121
vn 0.4824 -0.3352 -0.8093
vn 0.8359 0.2101 0.5071
vn -0.2684 -0.9493 -0.1639
vn 0.1830 -0.2030 0.9619
vn -0.8396 -0.2079 -0.5019
vn -0.4769 0.3364 0.8121
vn -0.2684 0.5551 -0.7873
vn -0.2684 0.5552 -0.7872
vn 0.1831 0.8233 0.5372
vn -0.0004 0.2841 0.9588
vn 0.0007 -0.9880 0.1548
vn 0.7241 0.6371 0.2639
vn 0.6308 -0.7169 -0.2969
vn -0.0004 0.8789 -0.4771
vn 0.0007 -0.5891 -0.8080
vn -0.0000 -0.7682 -0.6402
vn -0.0000 -0.4164 0.9092
vn -0.2943 0.0117 -0.9556
vn -0.2942 0.0117 -0.9557
vn -0.6205 -0.0550 0.7822
vn -0.6205 -0.0550 0.7823
vn -0.0000 0.9660 -0.2587
vn -0.0000 0.1075 0.9942
vn 0.2942 0.0118 -0.9557
vn 0.6206 -0.0550 0.7822
vn -0.0000 0.9199 -0.3920
vn -0.0000 -0.6233 -0.7820
vn -0.8890 0.4229 0.1754
vn -0.4028 -0.8456 -0.3503
vn 0.8890 0.4231 0.1753
vn 0.3313 0.3611 0.8717
vn 0.9158 -0.1537 -0.3711
vn -0.4383 0.8925 0.1070
vn 0.3102 0.2175 -0.9255
vn 0.3102 0.2174 -0.9255
vn -0.9234 0.1469 0.3547
vn -0.3153 -0.3631 -0.8767
vn -0.4383 -0.5554 0.7067
vn 0.3102 -0.8081 -0.5007
vn 0.3103 -0.8081 -0.5008
vn -0.2684 0.1639 0.9493
vn -0.2683 0.1638 0.9493
vn 0.1831 -0.9621 0.2023
vn 0.4824 0.8093 0.3352
vn 0.8359 -0.5071 -0.2101
vn -0.2684 0.7872 -0.5552
vn 0.1829 -0.5366 -0.8238
vn -0.8396 0.5019 0.2079
vn -0.4769 -0.8121 -0.3364
vn -0.0000 0.9277 0.3733
vn -0.0000 0.1122 -0.9937
vn -0.8889 0.1753 0.4233
vn -0.4027 -0.3503 -0.8456
vn -0.0000 -0.3920 0.9199
vn -0.0000 -0.7820 -0.6233
vn 0.8889 0.1755 0.4233
vn -0.2684 -0.1639 -0.9493
vn -0.2684 -0.1640 -0.9493
vn 0.1831 0.9620 -0.2023
vn 0.4824 -0.8093 -0.3352
vn 0.8359 0.5072 0.2100
vn -0.2684 -0.7873 0.5551
vn 0.1831 0.5372 0.8234
vn 0.1831 0.5371 0.8234
vn -0.8396 -0.5019 -0.2079
vn -0.4769 0.8121 0.3364
vn -0.2684 0.1640 -0.9492
vn -0.2684 0.1641 -0.9492
vn 0.1830 -0.9620 -0.2027
vn -0.8396 0.5018 -0.2079
vn -0.4769 -0.8120 0.3364
vn -0.2683 0.7870 0.5555
vn 0.1831 -0.5372 0.8233
vn 0.4824 0.8093 -0.3352
vn 0.8359 -0.5070 0.2101
vn -0.0000 -0.3733 -0.9277
vn -0.0000 0.9937 -0.1122
vn 0.8889 -0.4232 -0.1753
vn 0.4028 0.8456 0.3503
vn -0.0000 -0.9200 0.3920
vn -0.0000 0.6233 0.7820
vn -0.8888 -0.4235 -0.1753
vn -0.0001 0.2169 -0.9762
vn 0.0001 -0.9827 -0.1853
vn -0.5639 0.7630 -0.3161
vn -0.7809 -0.5771 0.2391
vn -0.0001 0.8436 0.5369
vn 0.0001 -0.5638 0.8259
vn 0.6139 0.7293 -0.3021
vn 0.7391 -0.6223 0.2578
vn 0.4823 -0.8093 0.3352
vn 0.8359 0.5071 -0.2101
vn -0.2684 -0.1640 0.9492
vn -0.2684 -0.1641 0.9492
vn 0.1830 0.9619 0.2030
vn -0.8396 -0.5019 0.2079
vn -0.4769 0.8121 -0.3364
vn -0.2684 -0.7872 -0.5552
vn -0.2684 -0.7872 -0.5553
vn 0.1831 0.5372 -0.8233
vn -0.2683 -0.9493 0.1638
vn -0.2684 -0.9493 0.1639
vn 0.1830 -0.2028 -0.9620
vn 0.4823 -0.3352 0.8093
vn 0.8359 0.2100 -0.5071
vn -0.2684 0.5553 0.7872
vn -0.2684 0.5552 0.7872
vn 0.1830 0.8237 -0.5367
vn -0.8396 -0.2079 0.5019
vn -0.4769 0.3364 -0.8121
vn -0.0000 -0.3920 0.9200
vn 0.8888 0.1753 0.4234
vn -0.0001 -0.8436 -0.5369
vn 0.0001 0.5638 -0.8259
vn 0.6140 -0.7292 0.3021
vn 0.7392 0.6222 -0.2578
vn -0.0001 -0.2169 0.9762
vn 0.0001 0.9827 0.1853
vn -0.5639 -0.7630 0.3161
vn -0.7809 0.5771 -0.2390
vn -0.0000 0.8455 -0.5340
vn -0.0000 -0.5651 -0.8250
vn -0.7690 0.5906 0.2446
vn -0.5787 -0.7535 -0.3121
vn -0.0000 0.2203 0.9754
vn -0.0000 -0.9830 0.1838
vn 0.7690 0.5906 0.2446
vn 0.5787 -0.7535 -0.3121
vn 0.0006 0.8797 0.4756
vn -0.0012 -0.5898 0.8076
vn 0.8888 0.4234 -0.1753
vn 0.0006 0.2858 -0.9583
vn -0.0012 -0.9881 -0.1541
vn -0.7347 0.6268 -0.2596
vn -0.6191 -0.7256 0.3005
vn -0.0004 0.9588 0.2841
vn 0.0007 0.1548 -0.9880
vn -0.0004 -0.4771 0.8789
vn 0.0007 -0.8080 -0.5891
vn 0.7241 0.2639 0.6372
vn 0.6308 -0.2969 -0.7169
vn -0.0000 0.5340 0.8455
vn -0.0000 0.8250 -0.5651
vn -0.7690 -0.2446 0.5906
vn -0.5787 0.3121 -0.7535
vn -0.0000 -0.9754 0.2203
vn -0.0000 -0.1838 -0.9830
vn 0.7690 -0.2446 0.5906
vn 0.5787 0.3121 -0.7535
vn 0.0006 0.9583 -0.2858
vn -0.0012 0.1540 0.9881
vn 0.0006 -0.4755 -0.8797
vn -0.0012 -0.8076 0.5898
vn -0.7346 0.2596 -0.6268
vn -0.6190 -0.3005 0.7256
vn 0.8888 -0.4234 0.1754
vn 0.4027 0.8457 -0.3503
vn 0.0006 -0.2858 0.9583
vn -0.0012 0.9881 0.1540
vn -0.7346 -0.6268 0.2596
vn -0.6191 0.7256 -0.3006
vn 0.0006 -0.8797 -0.4756
vn -0.0012 0.5898 -0.8076
vn 0.4093 -0.3490 0.8430
vn 0.4092 -0.8430 -0.3491
vn -0.9388 -0.3182 -0.1318
vn 0.4093 -0.3490 -0.8430
vn -0.5908 0.8068 -0.0000
vn -0.5908 -0.8068 -0.0000
vn 0.2246 0.9743 0.0196
vn 0.4868 -0.8734 -0.0136
vn -0.0000 0.2912 -0.9567
vn -0.0000 -0.9929 -0.1187
vn -0.2246 0.9743 0.0196
vn -0.4869 -0.8734 -0.0136
vn -0.0000 0.9597 0.2810
vn -0.0000 -0.5763 0.8172
vn -0.4094 -0.8428 0.3493
vn 0.9388 -0.3184 0.1318
vn -0.8134 0.4077 0.4149
vn 0.8092 0.4249 0.4056
vn 0.8092 0.4250 0.4056
vn -0.4890 -0.8059 0.3338
vn -0.8133 -0.4079 -0.4149
vn 0.8093 -0.4248 -0.4057
vn -0.8130 0.4137 -0.4097
vn 0.8106 -0.5855 -0.0081
vn 0.4891 0.3338 0.8059
vn 0.8131 -0.4141 0.4090
vn 0.4093 -0.3492 -0.8429
vn 0.8132 0.5820 -0.0036
vn -0.8102 0.5861 0.0100
vn 0.8092 0.5874 -0.0137
vn -0.4890 0.3339 -0.8059
vn -0.8133 -0.4151 -0.4077
vn -0.8133 -0.4150 -0.4078
vn 0.9388 -0.1319 0.3183
vn -0.8130 0.4096 0.4137
vn -0.8131 -0.0029 -0.5822
vn -0.4891 -0.8058 -0.3338
vn 0.8876 -0.4256 -0.1763
vn -0.8131 -0.4097 0.4137
vn -0.8131 -0.4096 0.4137
vn 0.8106 -0.4197 0.4083
vn 0.8107 0.5855 -0.0081
vn -0.8131 -0.4137 -0.4096
vn 0.8106 -0.4082 -0.4198
vn -0.4093 -0.3492 0.8429
vn -0.9419 0.3104 -0.1285
vn 0.0087 -0.3525 0.9358
vn -0.0020 0.6162 -0.7876
vn 0.0087 -0.9109 -0.4126
vn 0.9419 -0.3102 0.1285
vn 0.2912 0.8839 -0.3661
vn -0.0091 0.9109 0.4126
vn -0.6785 0.6787 -0.2811
vn 0.0021 -0.9926 -0.1214
vn -0.0091 0.3522 -0.9359
vn 0.4094 -0.8429 -0.3492
vn 0.4093 -0.3493 0.8429
vn 0.4093 0.3493 0.8429
vn -0.9388 0.3182 0.1318
vn 0.4091 0.8431 0.3490
vn -0.9387 0.3184 -0.1318
vn -0.9388 0.1318 -0.3183
vn 0.4093 0.3490 -0.8430
vn 0.3476 0.3597 -0.8659
vn -0.9709 0.1031 -0.2161
vn -0.9709 0.1032 -0.2161
vn 0.3483 0.8657 -0.3595
vn -0.9712 0.2148 -0.1028
vn -0.7320 -0.0522 0.6793
vn 0.9397 0.3171 0.1277
vn 0.9397 0.3172 0.1277
vn 0.9365 0.1311 0.3253
vn -0.5674 0.3166 0.7601
vn -0.5674 0.3166 0.7602
vn -0.8522 -0.5232 -0.0061
vn -0.8522 -0.5232 -0.0060
vn 0.3438 -0.0000 0.9391
vn 0.0042 -0.8734 -0.4870
vn -0.0018 -0.3519 0.9361
vn -0.0012 -0.8737 -0.4866
vn -0.3438 -0.0000 0.9391
vn -0.9419 -0.3103 -0.1284
vn -0.2912 0.8839 0.3661
vn 0.4028 -0.8456 -0.3503
vn -0.0007 -0.9974 0.0725
vn 0.0032 0.4496 0.8932
vn -0.8889 0.4233 -0.1754
vn -0.0003 0.8788 0.4771
vn -0.0004 0.8788 0.4771
vn 0.0007 -0.5891 0.8080
vn 0.6308 -0.7169 0.2969
vn -0.0013 -0.8737 0.4864
vn -0.0012 -0.8737 0.4864
vn 0.0041 -0.8733 0.4871
vn -0.0002 -0.9825 -0.1862
vn -0.6275 0.7193 -0.2980
vn 0.0001 0.8426 0.5386
vn 0.5639 0.7630 -0.3161
vn 0.7809 -0.5771 0.2391
vn -0.0000 0.8773 -0.4799
vn -0.0001 0.8773 -0.4800
vn -0.0001 0.8773 -0.4799
vn -0.8889 0.4232 0.1753
vn -0.0000 0.2809 0.9597
vn -0.4092 -0.3493 -0.8429
vn 0.9388 -0.3182 -0.1318
vn -0.4093 -0.8429 0.3492
vn -0.4093 -0.3493 0.8429
vn -0.4094 0.8428 0.3493
vn -0.4093 0.3490 -0.8430
vn 0.9388 0.1319 -0.3183
vn -0.6785 -0.6787 -0.2811
vn -0.0091 -0.9108 0.4127
vn 0.9419 0.3103 0.1285
vn 0.2912 -0.8838 -0.3661
vn -0.0091 -0.3524 -0.9358
vn -0.8133 -0.0050 0.5818
vn -0.8133 0.4079 -0.4149
vn 0.8092 0.4251 -0.4056
vn -0.4094 -0.8428 -0.3493
vn 0.8131 -0.5821 0.0036
vn 0.4890 -0.3338 -0.8059
vn 0.8131 0.4141 -0.4090
vn 0.4093 0.3492 0.8430
vn -0.8133 0.4151 0.4077
vn -0.8133 0.4150 0.4078
vn -0.8133 0.4151 0.4078
vn 0.8092 0.4057 0.4250
vn -0.8134 -0.5817 -0.0050
vn 0.8093 -0.5872 0.0137
vn -0.8133 -0.4079 0.4149
vn 0.8093 -0.4249 0.4056
vn -0.4092 0.8431 0.3491
vn 0.9388 0.3184 0.1318
vn 0.4891 0.8058 0.3338
vn -0.8876 0.4256 0.1763
vn 0.8132 -0.0036 0.5820
vn 0.8131 0.4090 -0.4141
vn -0.8102 0.4214 -0.4074
vn 0.8092 0.4057 -0.4250
vn -0.4890 -0.3339 -0.8059
vn -0.8133 -0.5818 0.0050
vn 0.8092 -0.5874 -0.0137
vn 0.8131 0.0036 0.5821
vn 0.4890 -0.8059 0.3338
vn -0.8875 -0.4257 0.1763
vn 0.8131 -0.4091 -0.4141
vn -0.8101 -0.4216 -0.4074
vn 0.4093 0.8430 -0.3492
vn -0.8130 0.5822 -0.0029
vn 0.8106 0.5855 0.0081
vn -0.8130 -0.4137 0.4097
vn 0.8106 -0.4082 0.4198
vn -0.0000 -0.2809 -0.9597
vn -0.0001 -0.2809 -0.9597
vn -0.0000 -0.8773 0.4800
vn -0.0001 -0.8773 0.4800
vn 0.0001 0.5880 0.8089
vn -0.8889 -0.4232 -0.1753
vn -0.4028 0.8456 0.3503
vn 0.4093 0.3492 0.8429
vn 0.8131 -0.4141 -0.4091
vn 0.4890 0.3338 -0.8059
vn 0.8131 0.5821 0.0036
vn -0.8101 0.5861 -0.0100
vn -0.4890 0.3337 0.8059
vn 0.8875 0.1764 0.4257
vn 0.8093 0.5873 0.0137
vn -0.4093 -0.3491 -0.8430
vn -0.8133 -0.4150 0.4078
vn 0.8093 -0.4055 0.4250
vn 0.8106 0.4083 0.4198
vn -0.8131 -0.5822 -0.0029
vn 0.8107 -0.5854 0.0081
vn 0.4891 0.8058 -0.3338
vn 0.8131 0.4091 0.4141
vn 0.4093 -0.8430 0.3492
vn 0.8131 -0.0036 -0.5821
vn 0.0005 0.5030 -0.8643
vn 0.0006 -0.9499 -0.3127
vn 0.0012 -0.1910 0.9816
vn -0.0012 0.6148 -0.7887
vn 0.0005 0.7016 0.7126
vn -0.0010 0.6947 0.7193
vn 0.4890 -0.3338 0.8059
vn 0.8132 -0.5820 -0.0036
vn 0.4093 0.3492 -0.8430
vn 0.8131 0.4141 0.4091
vn -0.4891 0.8059 0.3338
vn -0.8131 0.4096 -0.4137
vn -0.8130 -0.0029 0.5822
vn 0.8131 0.0036 -0.5820
vn 0.9234 -0.3546 0.1469
vn 0.3153 0.8768 -0.3631
vn -0.3103 0.9255 0.2173
vn -0.3102 0.5007 -0.8082
vn 0.4383 0.8925 0.1069
vn -0.3102 0.2175 -0.9255
vn -0.3102 -0.8082 -0.5006
vn -0.3102 -0.8082 -0.5007
vn 0.3153 -0.3631 -0.8768
vn -0.3313 0.3610 -0.8717
vn -0.9158 -0.1537 0.3710
vn 0.4383 0.8925 -0.1068
vn 0.4383 0.8925 -0.1069
vn -0.3102 0.2175 0.9255
vn 0.3153 -0.3631 0.8767
vn 0.4383 -0.5555 -0.7066
vn -0.3102 -0.8082 0.5005
vn -0.3102 -0.2175 0.9255
vn -0.3313 -0.3610 -0.8717
vn -0.9158 0.1537 0.3710
vn 0.4383 0.5553 -0.7067
vn 0.4383 0.5555 0.7067
vn 0.4383 -0.8924 0.1069
vn -0.3102 -0.2174 -0.9255
vn 0.3153 -0.8767 -0.3632
vn -0.3313 0.8717 0.3611
vn -0.9158 -0.3711 -0.1537
vn 0.4383 0.1069 0.8925
vn 0.9158 0.3710 0.1537
vn -0.4383 -0.7067 0.5554
vn -0.3153 0.8768 0.3632
vn 0.3102 0.9255 -0.2175
vn 0.3102 0.9255 -0.2174
vn -0.0091 0.9108 -0.4127
vn 0.2911 0.8839 0.3661
vn 0.0021 -0.9926 0.1213
vn -0.0091 0.3524 0.9358
vn -0.6786 0.6785 0.2811
vn -0.8069 0.5906 -0.0000
vn 0.2985 -0.9544 -0.0000
vn 0.3640 0.8399 0.4026
vn -0.8276 -0.5613 -0.0000
vn -0.2984 0.9544 -0.0000
vn 0.3640 0.8399 -0.4027
vn -0.0006 -0.9499 0.3127
vn -0.0011 -0.1909 -0.9816
vn 0.8888 -0.1753 0.4234
vn -0.0001 0.9071 0.4208
vn -0.0002 0.9071 0.4208
vn 0.0019 -0.5500 0.8352
vn 0.8317 0.5137 -0.2107
vn 0.5012 -0.7948 0.3421
vn 0.8888 0.4233 0.1754
vn 0.0005 0.8640 -0.5036
vn 0.0004 -0.6379 -0.7701
vn -0.0000 -0.6499 -0.7601
vn -0.0006 0.8640 -0.5034
vn 0.8888 0.1753 -0.4234
vn 0.4027 -0.3503 0.8457
vn -0.8329 0.2101 -0.5120
vn -0.5002 -0.3422 0.7954
vn -0.0091 -0.3522 0.9359
vn 0.9419 0.3103 -0.1285
vn 0.2912 -0.8839 0.3661
vn -0.0091 -0.9109 -0.4126
vn -0.0077 0.9268 0.3754
vn -0.6532 -0.7572 -0.0000
vn -0.5363 0.8440 -0.0000
vn 0.0037 -0.5004 -0.8658
vn 0.0036 -0.5004 -0.8658
vn -0.0077 0.9269 -0.3753
vn -0.0007 0.9974 -0.0725
vn 0.0032 -0.4496 -0.8932
vn -0.9419 0.3105 0.1284
vn -0.2912 -0.8838 -0.3661
vn -0.0007 0.6539 0.7566
vn 0.0032 -0.9495 0.3136
vn 0.8889 -0.4233 -0.1753
vn -0.9980 0.0638 -0.0000
vn 0.2019 -0.9794 -0.0000
vn 0.9366 -0.3503 -0.0000
vn 0.9204 0.0010 0.3910
vn -0.6857 0.7279 -0.0000
vn 0.8831 0.4692 -0.0000
vn 0.9204 0.0010 -0.3911
vn 0.9419 -0.1284 0.3103
vn 0.2912 0.3661 -0.8839
vn -0.0091 0.9358 -0.3524
vn -0.0091 -0.4127 -0.9108
vn -0.9391 -0.3436 -0.0000
vn -0.9391 0.3436 -0.0000
vn 0.2164 -0.1747 -0.9606
vn -0.1466 0.9688 -0.1997
vn 0.2164 -0.8028 0.5556
vn -0.1465 0.5435 0.8265
vn 0.0032 -0.9495 -0.3137
vn -0.9420 0.3101 -0.1284
vn -0.2911 -0.8839 0.3661
vn 0.0032 -0.4497 0.8932
vn 0.4027 0.8457 -0.3502
vn -0.0002 0.9825 -0.1863
vn 0.5638 -0.7630 -0.3160
vn 0.0001 -0.8425 0.5386
vn -0.6275 -0.7193 -0.2979
vn 0.0001 -0.5386 0.8425
vn 0.0001 0.8425 -0.5387
vn -0.7271 -0.6343 -0.2627
vn -0.0002 -0.9825 0.1863
vn -0.9420 -0.1284 0.3101
vn -0.2912 0.3661 -0.8839
vn -0.0007 -0.7566 0.6539
vn 0.0032 -0.3136 -0.9495
vn 0.0032 0.8932 -0.4496
vn -0.0003 0.4771 -0.8788
vn -0.0004 0.4771 -0.8788
vn 0.0007 0.8080 0.5892
vn -0.0004 -0.9588 -0.2841
vn 0.0007 -0.1548 0.9879
vn -0.8888 -0.1753 -0.4233
vn 0.8731 0.4516 0.1838
vn 0.0006 -0.8797 0.4756
vn -0.7347 -0.6268 -0.2596
vn 0.0006 -0.2858 -0.9583
vn -0.0000 0.2810 -0.9597
vn -0.0001 0.2810 -0.9597
vn -0.8888 0.4234 -0.1753
vn -0.0000 0.8772 0.4801
vn -0.0001 0.8772 0.4801
vn 0.0001 -0.5880 0.8088
vn -0.2197 0.2657 -0.9387
vn 0.2197 0.2657 -0.9387
vn -0.0000 0.9597 -0.2809
vn -0.0000 -0.4800 -0.8773
vn -0.0001 -0.4800 -0.8773
vn 0.0001 -0.8089 0.5880
vn -0.4028 -0.3503 0.8456
vn 0.0007 0.9880 0.1548
vn -0.8889 -0.4233 0.1754
vn -0.0003 -0.8788 -0.4771
vn 0.0007 0.5892 -0.8080
vn 0.0087 0.9109 0.4125
vn -0.9419 -0.3104 0.1285
vn 0.0087 0.3525 -0.9358
vn 0.4028 0.3503 0.8456
vn -0.0007 0.7565 0.6540
vn 0.0032 0.3137 -0.9495
vn -0.9420 0.1283 0.3101
vn -0.2912 -0.3661 -0.8839
vn 0.0032 -0.8932 -0.4497
vn -0.4028 0.3503 0.8456
vn -0.0001 0.9762 -0.2169
vn 0.6140 0.3020 -0.7293
vn 0.7391 -0.2578 0.6223
vn -0.5639 0.3161 -0.7630
vn -0.0004 0.4771 0.8789
vn -0.8888 -0.1753 0.4233
vn -0.0003 -0.9588 0.2840
vn 0.0007 -0.1548 -0.9880
vn 0.6140 -0.3020 0.7293
vn 0.7391 0.2577 -0.6223
vn -0.5639 -0.3161 0.7630
vn -0.5907 0.8069 -0.0000
vn -0.5907 -0.8069 -0.0000
vn 0.6140 -0.3021 -0.7292
vn 0.7391 0.2577 0.6223
vn -0.5639 -0.3160 -0.7630
vn -0.0001 0.8436 -0.5369
vn 0.0001 -0.5638 -0.8259
vn -0.5639 0.7630 0.3161
vn -0.7809 -0.5771 -0.2391
vn 0.6140 0.7292 0.3021
vn 0.6139 -0.7293 -0.3021
vn 0.7391 0.6223 0.2577
vn -0.5639 -0.7630 -0.3160
vn 0.0001 -0.8425 -0.5387
vn -0.0002 0.5630 -0.8264
vn -0.6276 -0.7193 0.2979
vn -0.7271 0.6343 -0.2627
vn 0.8890 -0.4231 0.1753
vn -0.8890 -0.4229 0.1754
vn 0.8889 -0.1753 0.4233
vn 0.4028 0.3502 -0.8456
vn -0.9420 0.1286 -0.3101
vn -0.0007 0.7566 -0.6539
vn 0.0032 0.3136 0.9495
vn -0.0020 -0.6161 -0.7877
vn 0.0087 0.9109 -0.4124
vn -0.0020 -0.9926 0.1212
vn 0.0087 0.3524 0.9358
vn -0.6999 0.7142 -0.0000
vn -0.4980 -0.8672 -0.0000
vn 0.4980 -0.8672 -0.0000
vn 0.0005 -0.8772 -0.4800
vn -0.0009 0.5879 -0.8090
vn 0.0006 -0.2527 0.9675
vn -0.6663 -0.6888 0.2858
vn -0.0007 -0.2528 0.9675
vn -0.0005 -0.8772 -0.4802
vn -0.8069 -0.5906 -0.0000
vn 0.0006 -0.2529 -0.9675
vn 0.8889 -0.4233 -0.1754
vn 0.0005 -0.8772 0.4802
vn 0.8889 0.1752 -0.4233
vn -0.6191 -0.3005 -0.7256
vn 0.0006 -0.4755 0.8797
vn -0.0012 -0.8076 -0.5898
vn 0.9419 0.1285 0.3103
vn -0.0091 0.4125 -0.9109
vn -0.0091 -0.9358 -0.3523
vn 0.8328 0.2102 -0.5121
vn 0.8328 0.2101 -0.5121
vn 0.5000 -0.3423 0.7955
vn 0.0019 -0.8352 0.5500
vn 0.8070 0.5905 -0.0000
vn -0.8066 0.5911 -0.0000
vn -0.0005 -0.8772 0.4801
vn -0.0007 -0.2527 -0.9675
vn -0.0006 -0.2527 -0.9675
vn 0.0002 0.9927 -0.1205
vn 0.6663 -0.6888 -0.2858
vn -0.0091 0.9359 0.3522
vn 0.9419 -0.1286 -0.3103
vn 0.2912 0.3661 0.8839
vn -0.0091 -0.4125 0.9109
vn -0.9420 -0.1285 -0.3101
vn 0.0032 0.8932 0.4497
vn 0.4028 -0.3502 -0.8457
vn 0.8889 0.1752 0.4233
vn -0.0007 -0.7565 -0.6540
vn 0.0032 -0.3137 0.9495
vn -0.0011 -0.5008 0.8655
vn 0.0023 0.9271 0.3749
vn -0.8066 -0.5911 -0.0000
vn -0.0011 -0.5008 -0.8656
vn 0.0023 0.9270 -0.3750
vn 0.5365 -0.8439 -0.0000
vn 0.6534 0.7570 -0.0000
vn 0.8888 -0.1753 0.4233
vn 0.0006 0.4756 0.8797
vn -0.6190 0.3005 -0.7256
vn -0.0091 0.4127 0.9108
vn 0.9419 0.1286 -0.3103
vn -0.0091 -0.9358 0.3524
vn -0.8131 0.0029 0.5822
vn -0.8130 -0.4096 -0.4137
vn 0.4279 0.0007 0.9038
vn -0.8164 -0.5775 -0.0000
vn -0.8832 0.4690 -0.0000
vn 0.2926 0.3531 0.8887
vn 0.9980 0.0638 -0.0000
vn 0.2926 0.3530 -0.8887
vn -0.9367 -0.3502 -0.0000
vn 0.0001 0.9071 0.4208
vn 0.8888 0.4233 -0.1754
vn 0.4027 -0.8457 0.3503
vn -0.8316 0.5137 -0.2108
vn -0.5011 -0.7949 0.3421
vn -0.0020 0.1212 0.9926
vn 0.0087 0.9358 -0.3524
vn -0.9419 -0.1286 0.3103
vn -0.0020 -0.7877 0.6161
vn 0.0087 -0.4124 -0.9110
vn 0.2164 0.1750 -0.9605
vn 0.2164 0.1752 -0.9605
vn -0.1465 -0.9688 -0.2001
vn 0.2165 0.8032 0.5550
vn 0.2164 0.8031 0.5551
vn -0.1466 -0.5438 0.8263
vn 0.2164 -0.9605 -0.1750
vn -0.1465 -0.2001 0.9688
vn 0.2164 0.5557 -0.8028
vn -0.1464 0.8266 0.5434
vn 0.2164 0.9606 -0.1747
vn -0.1465 0.2002 0.9687
vn 0.2164 -0.5556 -0.8028
vn 0.2164 -0.5555 -0.8029
vn -0.1465 -0.8265 0.5435
vn -0.0000 0.4800 0.8773
vn -0.0001 0.4800 0.8773
vn -0.8889 -0.1752 0.4233
vn -0.0000 -0.9597 0.2809
vn -0.0001 -0.9597 0.2809
vn -0.0000 -0.8772 -0.4800
vn -0.0001 -0.8772 -0.4800
vn -0.0000 -0.2810 0.9597
vn -0.0001 -0.2810 0.9597
vn -0.8890 -0.4230 0.1754
vn 0.2164 0.9605 0.1751
vn 0.2165 0.9604 0.1755
vn -0.1465 0.2001 -0.9688
vn 0.2164 -0.5557 0.8028
vn -0.1466 -0.8263 -0.5438
vn 0.0001 0.5387 0.8425
vn 0.7809 0.2390 -0.5771
vn -0.0001 0.9597 0.2810
vn -0.4028 -0.3502 -0.8456
vn -0.0000 -0.4801 0.8772
vn -0.0001 -0.4801 0.8772
vn 0.0001 -0.8088 -0.5880
vn -0.8888 0.4235 -0.1753
vn -0.0000 0.9200 0.3920
vn 0.8890 0.4231 -0.1753
vn 0.4824 0.3352 0.8093
vn -0.2684 0.9493 0.1639
vn 0.1830 0.2029 -0.9620
vn -0.2684 -0.5553 0.7871
vn -0.2684 -0.5554 0.7871
vn 0.1831 -0.8235 -0.5370
vn 0.2164 0.1747 0.9606
vn -0.1466 -0.9688 0.1998
vn 0.2165 0.8032 -0.5550
vn -0.1465 -0.5435 -0.8265
vn 0.2165 -0.1755 0.9604
vn -0.1465 0.9688 0.2001
vn 0.2164 -0.8028 -0.5557
vn -0.1466 0.5438 -0.8263
vn 0.2164 -0.9606 0.1747
vn 0.2164 -0.9605 0.1750
vn -0.1466 -0.1997 -0.9688
vn 0.2165 0.5550 0.8032
vn -0.1465 0.8265 -0.5435
vn -0.8206 0.2209 0.5271
vn 0.8207 0.2209 0.5270
vn 0.8207 0.2209 0.5269
vn -0.0020 0.9926 -0.1212
vn 0.0087 -0.3524 -0.9358
vn -0.9419 0.3103 0.1285
vn -0.0020 0.6161 0.7877
vn 0.0087 -0.9110 0.4124
vn -0.9419 -0.3104 0.1284
vn -0.2911 0.8839 -0.3661
vn -0.0007 -0.9974 -0.0726
vn 0.0032 0.4497 -0.8932
vn 0.4027 -0.8457 0.3502
vn 0.8889 0.4233 -0.1753
vn -0.0004 -0.8789 0.4771
vn 0.0007 0.5891 0.8080
vn -0.0003 -0.2841 -0.9588
vn 0.0007 0.9879 -0.1548
vn -0.0000 0.4800 -0.8772
vn -0.0001 0.4800 -0.8772
vn -0.0000 -0.9597 -0.2810
vn -0.0001 -0.9597 -0.2810
vn -0.0003 0.9588 -0.2841
vn 0.0007 0.1548 0.9880
vn -0.0004 -0.4771 -0.8789
vn 0.0007 -0.8080 0.5892
vn -0.8888 0.1753 -0.4233
vn 0.0001 -0.5387 -0.8425
vn -0.6276 0.2979 -0.7193
vn -0.0002 0.1863 0.9825
vn -0.9419 0.1286 -0.3103
vn -0.0020 0.7877 -0.6161
vn 0.0087 0.4124 0.9110
vn -0.0020 -0.1212 -0.9926
vn 0.0087 -0.9358 0.3524
vn 0.3103 -0.8080 0.5008
vn -0.3153 -0.3632 0.8767
vn -0.4383 0.8925 -0.1069
vn 0.3103 -0.9255 -0.2172
vn -0.4383 0.7067 0.5554
vn -0.3313 0.8717 -0.3610
vn -0.3102 -0.5007 0.8081
vn 0.9234 0.3546 -0.1469
vn 0.3154 -0.8767 0.3632
vn 0.4383 0.1071 -0.8924
vn -0.3102 -0.9255 -0.2174
vn -0.3153 0.3632 0.8768
vn 0.9158 0.1537 0.3711
vn 0.3102 -0.2174 0.9255
vn 0.3102 -0.9255 0.2175
vn 0.3314 0.8717 0.3611
vn 0.9158 -0.3710 -0.1537
vn 0.3102 -0.5006 -0.8082
vn 0.3101 -0.5006 -0.8082
vn -0.3153 0.8768 -0.3632
vn -0.4383 -0.1069 0.8924
vn 0.3102 0.9255 0.2174
vn 0.3102 0.9255 0.2175
vn -0.3102 0.9255 -0.2175
vn 0.3153 0.8767 0.3632
vn -0.3102 0.5007 0.8081
vn 0.9158 0.1537 -0.3710
vn 0.3102 0.8082 -0.5006
vn -0.4383 -0.8924 0.1069
vn 0.3102 -0.2175 -0.9255
vn 0.6140 0.3021 0.7292
vn -0.0000 0.9754 -0.2203
vn -0.0020 0.7876 0.6161
vn 0.0087 0.4126 -0.9109
vn -0.9419 0.1285 0.3103
vn 0.0087 -0.9358 -0.3525
vn -0.6191 0.3006 0.7256
vn 0.0006 0.4755 -0.8797
vn -0.6275 -0.2980 -0.7193
vn 0.0001 0.5386 -0.8425
vn 0.7809 0.2391 0.5771
vn 0.0006 0.2858 0.9583
vn 0.8888 0.4234 0.1753
vn 0.4027 -0.8456 -0.3503
vn 0.0006 0.8797 -0.4756
vn -0.0012 -0.5898 -0.8076
vn -0.7346 0.6268 0.2596
vn -0.6191 -0.7256 -0.3005
vn 0.7319 -0.0522 0.6794
vn -0.3485 0.8656 -0.3596
vn 0.9713 0.2147 -0.1028
vn -0.3475 0.3599 -0.8659
vn 0.9709 0.1032 -0.2162
vn 0.8523 -0.5231 -0.0060
vn -0.9365 0.1310 0.3253
vn 0.5675 0.3166 0.7601
vn -0.9398 0.3171 0.1277
vn 0.4519 0.8267 0.3353
vn -0.2684 0.9492 -0.1641
vn -0.2684 0.9493 -0.1640
vn 0.1830 0.2030 0.9619
vn 0.8359 -0.2101 0.5071
vn -0.2684 -0.5551 -0.7873
vn -0.2684 -0.5552 -0.7872
vn 0.1830 -0.8237 0.5368
vn -0.9419 -0.1285 -0.3103
vn -0.0020 0.1213 -0.9926
vn 0.0087 0.9357 0.3526
vn -0.0020 -0.7876 -0.6161
vn 0.0087 -0.4126 0.9109
vn 0.4823 -0.3352 -0.8093
vn -0.2684 -0.9492 -0.1641
vn 0.1831 -0.2023 0.9620
vn -0.2684 0.5553 -0.7872
vn 0.1830 0.8237 0.5367
vn -0.0003 0.2841 0.9588
vn 0.0007 -0.9880 0.1547
vn 0.7241 0.6372 0.2639
vn 0.6308 -0.7169 -0.2970
vn 0.0007 -0.5892 -0.8080
vn -0.2942 0.0118 -0.9557
vn -0.6207 -0.0549 0.7821
vn -0.6207 -0.0550 0.7821
vn 0.2943 0.0117 -0.9556
vn 0.6205 -0.0550 0.7823
vn -0.0000 0.9200 -0.3920
vn -0.8888 0.4233 0.1753
vn 0.8888 0.4235 0.1753
vn -0.4383 0.8925 0.1069
vn -0.3153 -0.3632 -0.8767
vn 0.3102 -0.8082 -0.5006
vn -0.2684 0.1641 0.9492
vn -0.2684 0.1640 0.9492
vn 0.1830 -0.9619 0.2030
vn -0.2684 0.7872 -0.5553
vn 0.1830 -0.5367 -0.8237
vn 0.1830 -0.5368 -0.8236
vn -0.8396 0.5018 0.2079
vn -0.8889 0.1755 0.4233
vn -0.2684 -0.1642 -0.9492
vn -0.2684 -0.1641 -0.9492
vn 0.1830 0.9619 -0.2030
vn 0.4823 -0.8093 -0.3352
vn 0.8359 0.5070 0.2101
vn -0.2684 -0.7872 0.5552
vn 0.1831 0.5372 0.8233
vn 0.1830 -0.9620 -0.2028
vn -0.8395 0.5020 -0.2079
vn -0.4768 -0.8121 0.3364
vn -0.2684 0.7874 0.5550
vn 0.1829 -0.5366 0.8237
vn 0.4823 0.8093 -0.3352
vn 0.8358 -0.5072 0.2100
vn 0.8890 -0.4231 -0.1753
vn -0.8888 -0.4233 -0.1753
vn -0.5638 0.7630 -0.3160
vn -0.7809 -0.5771 0.2390
vn 0.6140 0.7292 -0.3021
vn 0.7392 -0.6222 0.2578
vn 0.4824 -0.8093 0.3352
vn 0.8359 0.5070 -0.2101
vn 0.1830 0.9620 0.2028
vn -0.4769 0.8120 -0.3364
vn -0.2684 -0.7871 -0.5553
vn 0.1829 0.5366 -0.8238
vn 0.1830 -0.2027 -0.9620
vn 0.4824 -0.3352 0.8093
vn 0.8359 0.2101 -0.5071
vn -0.2684 0.5551 0.7873
vn 0.1831 0.8233 -0.5372
vn 0.4027 -0.3502 -0.8457
vn 0.6139 -0.7293 0.3021
vn 0.7391 0.6223 -0.2578
vn 0.0006 0.8797 0.4755
vn -0.0012 -0.5897 0.8076
vn 0.8888 0.4234 -0.1754
vn 0.0006 0.2857 -0.9583
vn -0.0012 -0.9881 -0.1540
vn -0.7346 0.6268 -0.2596
vn -0.6190 -0.7256 0.3005
vn 0.0007 0.1548 -0.9879
vn -0.8888 0.1753 0.4233
vn -0.0003 -0.4771 0.8788
vn 0.8888 0.1753 -0.4233
vn 0.0006 -0.4756 -0.8797
vn -0.0012 -0.8076 0.5897
vn -0.6191 -0.3005 0.7256
vn 0.8889 -0.4232 0.1754
vn 0.0006 -0.2857 0.9583
vn -0.7347 -0.6268 0.2596
vn -0.6191 0.7256 -0.3005
vn 0.0006 -0.8797 -0.4755
vn 0.4092 -0.3493 0.8429
vn 0.4092 0.8430 -0.3491
vn 0.4092 0.8430 0.3491
vn -0.5909 0.8068 -0.0000
vn 0.9390 0.3439 -0.0000
vn -0.5909 -0.8068 -0.0000
vn 0.9390 -0.3439 -0.0000
vn -0.0000 -0.9929 -0.1188
vn -0.4867 -0.8735 -0.0136
vt 0.000000 0.000000
s 0
f 453/1/1 7/1/1 19/1/1
f 453/1/2 454/1/2 20/1/2
f 454/1/3 19/1/3 15/1/3
f 454/1/4 455/1/4 16/1/4
f 455/1/5 15/1/5 11/1/5
f 456/1/6 12/1/6 16/1/6
f 453/1/7 456/1/7 11/1/7
f 453/1/8 8/1/8 12/1/8
f 457/1/9 13/1/9 25/1/9
f 458/1/10 26/1/10 14/1/10
f 459/1/11 458/1/11 25/1/11
f 459/1/12 22/1/12 26/1/12
f 459/1/13 21/1/13 17/1/13
f 460/1/14 18/1/14 22/1/14
f 460/1/15 17/1/15 13/1/15
f 460/1/16 457/1/16 14/1/16
f 461/1/17 145/1/17 157/1/17
f 462/1/18 158/1/18 146/1/18
f 462/1/19 157/1/19 153/1/19
f 462/1/20 463/1/20 154/1/20
f 464/1/21 463/1/21 153/1/21
f 463/1/22 464/1/22 150/1/22
f 461/1/23 464/1/23 149/1/23
f 461/1/24 146/1/24 150/1/24
f 465/1/25 83/1/25 91/1/25
f 465/1/26 466/1/26 92/1/26
f 467/1/27 466/1/27 91/1/27
f 467/1/28 88/1/28 92/1/28
f 468/1/29 467/1/29 87/1/29
f 468/1/30 80/1/30 88/1/30
f 468/1/31 79/1/31 83/1/31
f 468/1/32 465/1/32 84/1/32
f 469/1/33 23/1/34 27/1/34
f 469/1/35 470/1/35 28/1/35
f 471/1/36 470/1/36 27/1/36
f 471/1/37 16/1/37 28/1/37
f 472/1/38 471/1/38 15/1/38
f 472/1/39 20/1/39 16/1/39
f 472/1/40 19/1/40 23/1/40
f 472/1/41 469/1/41 24/1/41
f 474/1/42 473/1/42 131/1/42
f 473/1/2 474/1/2 142/1/2
f 474/1/43 141/1/43 137/1/44
f 474/1/45 475/1/45 138/1/45
f 476/1/5 475/1/5 137/1/5
f 476/1/46 134/1/46 138/1/46
f 473/1/47 476/1/47 133/1/47
f 473/1/48 132/1/48 134/1/48
f 477/1/49 157/1/49 159/1/49
f 478/1/50 160/1/50 158/1/50
f 478/1/51 159/1/51 155/1/51
f 478/1/52 479/1/52 156/1/52
f 480/1/53 479/1/53 155/1/53
f 479/1/54 480/1/54 154/1/54
f 477/1/55 480/1/56 153/1/56
f 477/1/57 158/1/57 154/1/57
f 481/1/58 145/1/58 149/1/58
f 481/1/59 482/1/59 150/1/59
f 483/1/60 482/1/60 149/1/60
f 482/1/37 483/1/37 138/1/37
f 484/1/61 483/1/61 137/1/61
f 484/1/62 142/1/62 138/1/62
f 481/1/63 484/1/63 141/1/63
f 481/1/41 146/1/41 142/1/41
f 486/1/64 485/1/64 243/1/64
f 485/1/65 486/1/65 220/1/65
f 487/1/66 486/1/66 219/1/66
f 486/1/67 487/1/67 218/1/67
f 488/1/68 487/1/68 217/1/68
f 487/1/69 488/1/69 242/1/69
f 485/1/70 488/1/70 241/1/70
f 488/1/71 485/1/71 244/1/71
f 490/1/72 489/1/72 133/1/72
f 490/1/73 138/1/73 134/1/73
f 491/1/74 490/1/74 137/1/74
f 490/1/75 491/1/75 294/1/75
f 492/1/76 491/1/76 293/1/76
f 491/1/77 492/1/77 292/1/77
f 492/1/78 291/1/78 133/1/78
f 489/1/79 134/1/79 292/1/79
f 493/1/80 75/1/80 81/1/80
f 494/1/81 82/1/81 76/1/81
f 495/1/82 494/1/82 81/1/82
f 494/1/83 495/1/83 236/1/83
f 495/1/84 235/1/84 231/1/84
f 495/1/85 496/1/85 232/1/85
f 496/1/86 231/1/86 75/1/86
f 493/1/87 76/1/87 232/1/87
f 498/1/30 497/1/30 45/1/30
f 498/1/88 48/1/88 46/1/88
f 498/1/89 47/1/89 39/1/89
f 499/1/90 40/1/90 48/1/90
f 500/1/91 499/1/91 39/1/91
f 500/1/92 36/1/92 40/1/92
f 500/1/93 35/1/93 33/1/93
f 500/1/94 501/1/94 34/1/94
f 502/1/95 501/1/95 33/1/95
f 501/1/96 502/1/96 38/1/96
f 502/1/97 37/1/97 41/1/97
f 502/1/98 503/1/98 42/1/98
f 504/1/99 503/1/99 41/1/99
f 503/1/100 504/1/100 44/1/100
f 504/1/101 43/1/101 45/1/101
f 497/1/102 46/1/102 44/1/102
f 505/1/103 211/1/104 207/1/105
f 505/1/106 506/1/106 208/1/106
f 507/1/107 506/1/107 207/1/107
f 507/1/108 210/1/108 208/1/108
f 507/1/109 209/1/109 205/1/109
f 507/1/110 508/1/110 206/1/110
f 509/1/111 508/1/111 205/1/111
f 509/1/112 216/1/112 206/1/112
f 510/1/113 509/1/113 215/1/113
f 510/1/114 214/1/114 216/1/114
f 510/1/115 213/1/115 211/1/115
f 505/1/116 212/1/116 214/1/117
f 512/1/118 511/1/118 69/1/118
f 511/1/119 512/1/119 68/1/119
f 512/1/120 67/1/121 203/1/121
f 512/1/122 513/1/122 204/1/122
f 513/1/123 203/1/123 193/1/123
f 513/1/124 514/1/124 194/1/124
f 515/1/125 514/1/125 193/1/125
f 515/1/126 198/1/126 194/1/126
f 515/1/127 197/1/127 221/1/127
f 515/1/128 516/1/128 222/1/128
f 511/1/129 516/1/129 221/1/129
f 516/1/130 511/1/130 70/1/130
f 517/1/131 29/1/131 25/1/131
f 518/1/132 26/1/132 30/1/132
f 519/1/133 518/1/133 25/1/133
f 518/1/134 519/1/134 42/1/134
f 519/1/135 41/1/135 37/1/135
f 519/1/136 520/1/136 38/1/136
f 520/1/137 37/1/137 29/1/137
f 517/1/138 30/1/138 38/1/138
f 522/1/139 521/1/139 151/1/139
f 522/1/140 160/1/140 152/1/140
f 523/1/141 522/1/141 159/1/141
f 522/1/142 523/1/142 394/1/142
f 524/1/143 523/1/143 393/1/143
f 523/1/144 524/1/144 400/1/144
f 524/1/145 399/1/145 151/1/145
f 521/1/146 152/1/146 400/1/146
f 526/1/147 525/1/147 71/1/147
f 525/1/148 526/1/148 66/1/148
f 527/1/149 526/1/149 65/1/149
f 526/1/150 527/1/150 240/1/150
f 528/1/151 527/1/151 239/1/151
f 527/1/152 528/1/152 200/1/152
f 528/1/153 199/1/154 195/1/154
f 528/1/155 529/1/155 196/1/155
f 530/1/156 529/1/156 195/1/156
f 530/1/157 202/1/157 196/1/157
f 525/1/158 530/1/158 201/1/158
f 525/1/159 72/1/159 202/1/159
f 531/1/160 387/1/160 391/1/160
f 532/1/161 392/1/161 388/1/161
f 532/1/162 391/1/162 385/1/162
f 533/1/163 386/1/163 392/1/163
f 534/1/164 533/1/164 385/1/164
f 533/1/165 534/1/165 378/1/165
f 531/1/166 534/1/166 377/1/166
f 534/1/167 531/1/167 388/1/167
f 535/1/168 255/1/168 21/1/169
f 536/1/170 22/1/170 256/1/170
f 536/1/171 21/1/171 31/1/171
f 536/1/172 537/1/172 32/1/172
f 538/1/173 537/1/173 31/1/173
f 537/1/174 538/1/174 252/1/174
f 535/1/175 538/1/175 251/1/175
f 538/1/176 535/1/176 256/1/176
f 540/1/177 539/1/177 49/1/177
f 540/1/178 58/1/178 50/1/178
f 540/1/179 57/1/179 51/1/179
f 541/1/180 52/1/180 58/1/180
f 541/1/181 51/1/181 55/1/181
f 541/1/182 542/1/182 56/1/182
f 543/1/183 542/1/183 55/1/183
f 542/1/41 543/1/41 54/1/41
f 543/1/184 53/1/184 63/1/184
f 544/1/185 64/1/185 54/1/185
f 544/1/49 63/1/49 59/1/49
f 544/1/50 545/1/50 60/1/50
f 546/1/186 545/1/186 59/1/186
f 546/1/187 62/1/187 60/1/187
f 546/1/188 61/1/188 49/1/188
f 546/1/189 539/1/189 50/1/189
f 547/1/190 223/1/190 225/1/190
f 547/1/191 548/1/191 226/1/191
f 548/1/192 225/1/192 99/1/192
f 549/1/193 100/1/193 226/1/193
f 549/1/194 99/1/194 91/1/194
f 549/1/195 550/1/195 92/1/195
f 547/1/196 550/1/196 91/1/196
f 550/1/197 547/1/197 224/1/197
f 551/1/198 7/1/198 11/1/198
f 551/1/199 552/1/199 12/1/199
f 553/1/200 552/1/200 11/1/200
f 553/1/201 2/1/201 12/1/201
f 554/1/202 553/1/202 1/1/202
f 554/1/203 6/1/203 2/1/203
f 554/1/204 5/1/204 7/1/204
f 551/1/205 8/1/205 6/1/205
f 555/1/206 93/1/206 97/1/206
f 555/1/207 556/1/207 98/1/207
f 556/1/208 97/1/208 85/1/208
f 557/1/209 86/1/209 98/1/209
f 558/1/210 557/1/210 85/1/210
f 558/1/211 90/1/211 86/1/211
f 555/1/96 558/1/96 89/1/96
f 558/1/212 555/1/212 94/1/212
f 560/1/213 559/1/213 13/1/213
f 560/1/214 18/1/214 14/1/214
f 560/1/215 17/1/215 3/1/215
f 560/1/189 561/1/189 4/1/189
f 561/1/216 3/1/216 9/1/216
f 561/1/217 562/1/217 10/1/217
f 559/1/218 562/1/218 9/1/218
f 562/1/219 559/1/219 14/1/219
f 564/1/220 563/1/220 29/1/221
f 564/1/222 32/1/222 30/1/222
f 565/1/223 564/1/223 31/1/223
f 564/1/224 565/1/224 22/1/224
f 565/1/225 21/1/225 25/1/225
f 565/1/226 566/1/226 26/1/226
f 566/1/53 25/1/53 29/1/53
f 566/1/54 563/1/54 30/1/54
f 568/1/227 567/1/227 91/1/227
f 568/1/228 100/1/228 92/1/228
f 569/1/229 568/1/229 99/1/229
f 569/1/230 96/1/230 100/1/230
f 570/1/231 569/1/231 95/1/231
f 569/1/232 570/1/232 88/1/232
f 570/1/233 87/1/233 91/1/233
f 570/1/234 567/1/234 92/1/234
f 572/1/235 571/1/235 23/1/235
f 572/1/18 32/1/18 24/1/18
f 572/1/236 31/1/236 29/1/237
f 572/1/238 573/1/238 30/1/238
f 574/1/239 573/1/239 29/1/239
f 574/1/22 28/1/22 30/1/22
f 571/1/240 574/1/240 27/1/240
f 571/1/241 24/1/241 28/1/241
f 575/1/242 73/1/242 81/1/242
f 575/1/243 576/1/243 82/1/243
f 577/1/244 576/1/244 81/1/244
f 576/1/245 577/1/245 76/1/245
f 578/1/246 577/1/246 75/1/246
f 578/1/247 78/1/247 76/1/247
f 575/1/248 578/1/248 77/1/248
f 578/1/249 575/1/249 74/1/249
f 579/1/250 135/1/250 143/1/250
f 580/1/251 144/1/251 136/1/251
f 581/1/252 580/1/252 143/1/252
f 581/1/253 140/1/253 144/1/253
f 582/1/254 581/1/254 139/1/254
f 582/1/178 130/1/178 140/1/178
f 582/1/255 129/1/255 135/1/255
f 582/1/256 579/1/256 136/1/256
f 584/1/257 583/1/257 5/1/257
f 583/1/258 584/1/258 254/1/258
f 585/1/176 584/1/176 253/1/176
f 584/1/175 585/1/175 250/1/175
f 585/1/259 249/1/259 7/1/260
f 586/1/261 8/1/261 250/1/261
f 586/1/262 7/1/262 5/1/262
f 583/1/263 6/1/263 8/1/263
f 587/1/264 163/1/264 177/1/264
f 588/1/265 178/1/265 164/1/265
f 589/1/266 588/1/266 177/1/266
f 588/1/267 589/1/267 408/1/267
f 590/1/268 589/1/268 407/1/268
f 589/1/269 590/1/269 406/1/269
f 587/1/270 590/1/270 405/1/270
f 590/1/271 587/1/271 164/1/271
f 591/1/272 115/1/272 119/1/272
f 592/1/93 120/1/93 116/1/93
f 592/1/273 119/1/273 117/1/273
f 593/1/274 118/1/274 120/1/274
f 594/1/275 593/1/275 117/1/275
f 594/1/232 122/1/232 118/1/232
f 595/1/29 594/1/29 121/1/29
f 595/1/276 114/1/276 122/1/276
f 595/1/277 113/1/277 127/1/277
f 596/1/101 128/1/101 114/1/101
f 597/1/248 596/1/248 127/1/248
f 596/1/249 597/1/249 124/1/249
f 598/1/98 597/1/98 123/1/98
f 597/1/97 598/1/97 126/1/97
f 591/1/96 598/1/96 125/1/96
f 591/1/212 116/1/212 126/1/212
f 599/1/278 101/1/278 103/1/278
f 599/1/279 600/1/279 104/1/279
f 600/1/280 103/1/280 97/1/280
f 601/1/281 98/1/281 104/1/281
f 602/1/282 601/1/282 97/1/282
f 602/1/283 94/1/283 98/1/283
f 599/1/272 602/1/272 93/1/272
f 602/1/284 599/1/284 102/1/284
f 603/1/285 1/1/285 9/1/285
f 604/1/251 10/1/251 2/1/251
f 605/1/286 604/1/286 9/1/286
f 605/1/287 4/1/287 10/1/287
f 605/1/288 3/1/288 5/1/288
f 606/1/289 6/1/289 4/1/289
f 606/1/290 5/1/290 1/1/290
f 606/1/291 603/1/291 2/1/291
f 608/1/292 607/1/292 147/1/292
f 608/1/293 152/1/293 148/1/293
f 608/1/294 151/1/294 139/1/294
f 608/1/189 609/1/189 140/1/189
f 609/1/295 139/1/295 143/1/295
f 609/1/296 610/1/296 144/1/296
f 607/1/218 610/1/218 143/1/218
f 610/1/219 607/1/219 148/1/219
f 611/1/297 99/1/297 103/1/297
f 612/1/298 104/1/298 100/1/298
f 613/1/299 612/1/299 103/1/299
f 613/1/300 102/1/300 104/1/300
f 614/1/273 613/1/273 101/1/273
f 614/1/274 96/1/274 102/1/274
f 614/1/301 95/1/301 99/1/301
f 614/1/302 611/1/302 100/1/302
f 616/1/303 615/1/303 347/1/303
f 616/1/304 114/1/304 348/1/304
f 616/1/305 113/1/305 121/1/305
f 616/1/306 617/1/306 122/1/306
f 617/1/307 121/1/307 345/1/307
f 617/1/308 618/1/308 346/1/308
f 619/1/309 618/1/309 345/1/309
f 618/1/310 619/1/310 352/1/310
f 620/1/311 619/1/311 351/1/311
f 620/1/312 318/1/312 352/1/312
f 620/1/313 317/1/313 313/1/313
f 620/1/314 621/1/314 314/1/314
f 621/1/315 313/1/315 211/1/315
f 621/1/316 622/1/316 212/1/316
f 615/1/317 622/1/318 211/1/317
f 615/1/319 348/1/320 212/1/320
f 623/1/321 75/1/321 83/1/321
f 623/1/322 624/1/322 84/1/322
f 625/1/323 624/1/323 83/1/323
f 625/1/324 80/1/324 84/1/324
f 626/1/325 625/1/325 79/1/325
f 625/1/101 626/1/101 78/1/101
f 626/1/326 77/1/326 75/1/326
f 626/1/327 623/1/327 76/1/327
f 628/1/200 627/1/200 133/1/200
f 628/1/201 136/1/201 134/1/201
f 629/1/328 628/1/328 135/1/328
f 629/1/329 130/1/329 136/1/329
f 629/1/330 129/1/330 131/1/330
f 629/1/180 630/1/180 132/1/180
f 630/1/331 131/1/331 133/1/331
f 630/1/332 627/1/332 134/1/332
f 631/1/333 73/1/333 89/1/333
f 632/1/97 90/1/97 74/1/97
f 632/1/334 89/1/335 85/1/335
f 632/1/336 633/1/336 86/1/336
f 633/1/337 85/1/337 81/1/337
f 633/1/338 634/1/338 82/1/338
f 631/1/339 634/1/339 81/1/339
f 631/1/340 74/1/340 82/1/340
f 636/1/341 635/1/341 171/1/341
f 636/1/342 162/1/342 172/1/342
f 636/1/343 161/1/344 165/1/344
f 637/1/345 166/1/346 162/1/345
f 638/1/347 637/1/347 165/1/347
f 638/1/348 168/1/348 166/1/348
f 635/1/349 638/1/349 167/1/349
f 638/1/350 635/1/350 172/1/350
f 639/1/351 173/1/351 177/1/351
f 640/1/352 178/1/352 174/1/352
f 640/1/353 177/1/353 163/1/353
f 640/1/354 641/1/354 164/1/354
f 642/1/355 641/1/355 163/1/355
f 641/1/356 642/1/357 170/1/356
f 639/1/358 642/1/358 169/1/358
f 639/1/359 174/1/359 170/1/359
f 644/1/360 643/1/360 183/1/360
f 644/1/361 192/1/361 184/1/361
f 645/1/362 644/1/362 191/1/362
f 644/1/363 645/1/363 190/1/364
f 646/1/365 645/1/365 189/1/365
f 646/1/366 188/1/366 190/1/366
f 646/1/367 187/1/367 183/1/367
f 643/1/368 184/1/369 188/1/368
f 648/1/370 647/1/370 187/1/370
f 648/1/371 176/1/371 188/1/371
f 648/1/372 175/1/372 179/1/372
f 649/1/373 180/1/373 176/1/373
f 649/1/374 179/1/374 183/1/374
f 649/1/375 650/1/375 184/1/375
f 647/1/376 650/1/376 183/1/376
f 650/1/377 647/1/378 188/1/378
f 651/1/379 161/1/379 169/1/379
f 652/1/380 170/1/380 162/1/380
f 652/1/381 169/1/381 163/1/381
f 653/1/382 164/1/382 170/1/382
f 654/1/383 653/1/383 163/1/383
f 654/1/384 166/1/384 164/1/384
f 651/1/385 654/1/385 165/1/385
f 654/1/386 651/1/387 162/1/387
f 655/1/388 173/1/388 185/1/388
f 656/1/389 186/1/389 174/1/389
f 656/1/390 185/1/390 181/1/390
f 657/1/391 182/1/392 186/1/391
f 658/1/393 657/1/393 181/1/393
f 658/1/394 178/1/394 182/1/394
f 655/1/395 658/1/395 177/1/395
f 658/1/396 655/1/396 174/1/396
f 660/1/397 659/1/397 417/1/397
f 659/1/398 660/1/398 414/1/398
f 661/1/399 660/1/399 413/1/399
f 660/1/400 661/1/401 366/1/401
f 661/1/402 365/1/402 381/1/402
f 661/1/403 662/1/403 382/1/403
f 662/1/404 381/1/404 417/1/404
f 659/1/405 418/1/405 382/1/405
f 663/1/406 235/1/406 81/1/406
f 664/1/407 82/1/407 236/1/407
f 665/1/408 664/1/408 81/1/408
f 664/1/409 665/1/409 86/1/409
f 666/1/410 665/1/410 85/1/410
f 665/1/411 666/1/411 238/1/411
f 663/1/191 666/1/191 237/1/191
f 663/1/190 236/1/190 238/1/190
f 668/1/412 667/1/412 111/1/412
f 668/1/413 244/1/413 112/1/413
f 669/1/414 668/1/414 243/1/414
f 668/1/415 669/1/415 242/1/415
f 670/1/416 669/1/416 241/1/416
f 669/1/417 670/1/417 110/1/417
f 667/1/418 670/1/418 109/1/418
f 670/1/419 667/1/419 112/1/419
f 672/1/420 671/1/420 203/1/420
f 671/1/421 672/1/421 202/1/421
f 673/1/422 672/1/422 201/1/422
f 672/1/423 673/1/423 196/1/423
f 674/1/424 673/1/424 195/1/424
f 673/1/425 674/1/425 194/1/425
f 674/1/426 193/1/426 203/1/426
f 671/1/427 204/1/427 194/1/427
f 675/1/428 311/1/428 315/1/428
f 675/1/429 676/1/429 316/1/429
f 676/1/430 315/1/430 355/1/430
f 676/1/431 677/1/431 356/1/431
f 678/1/432 677/1/432 355/1/432
f 677/1/433 678/1/433 342/1/433
f 679/1/434 678/1/434 341/1/434
f 679/1/435 120/1/435 342/1/435
f 679/1/436 119/1/436 115/1/436
f 680/1/437 116/1/437 120/1/437
f 680/1/438 115/1/438 311/1/438
f 675/1/439 312/1/439 116/1/439
f 682/1/440 681/1/441 319/1/441
f 681/1/442 682/1/442 210/1/442
f 683/1/443 682/1/443 209/1/443
f 683/1/444 208/1/444 210/1/445
f 684/1/446 683/1/446 207/1/446
f 683/1/447 684/1/447 322/1/447
f 684/1/448 321/1/448 319/1/448
f 684/1/449 681/1/449 320/1/449
f 686/1/450 685/1/450 319/1/450
f 685/1/172 686/1/172 324/1/172
f 687/1/451 686/1/451 323/1/451
f 686/1/452 687/1/452 126/1/452
f 687/1/453 125/1/453 123/1/453
f 688/1/454 124/1/454 126/1/454
f 688/1/455 123/1/455 307/1/455
f 688/1/456 689/1/456 308/1/456
f 690/1/457 689/1/457 307/1/457
f 689/1/458 690/1/458 210/1/458
f 685/1/459 690/1/459 209/1/459
f 685/1/460 320/1/460 210/1/460
f 692/1/461 691/1/461 349/1/461
f 691/1/462 692/1/462 128/1/462
f 692/1/463 127/1/463 113/1/463
f 693/1/464 114/1/464 128/1/464
f 694/1/465 693/1/465 113/1/465
f 693/1/466 694/1/466 348/1/466
f 691/1/467 694/1/467 347/1/467
f 691/1/468 350/1/468 348/1/468
f 695/1/85 225/1/85 229/1/85
f 696/1/84 230/1/84 226/1/84
f 696/1/469 229/1/469 103/1/469
f 697/1/470 104/1/470 230/1/470
f 698/1/471 697/1/471 103/1/471
f 697/1/472 698/1/472 100/1/472
f 695/1/473 698/1/473 99/1/473
f 698/1/474 695/1/474 226/1/474
f 700/1/475 699/1/475 67/1/475
f 699/1/476 700/1/476 72/1/476
f 701/1/477 700/1/478 71/1/479
f 700/1/480 701/1/480 202/1/480
f 702/1/481 701/1/481 201/1/481
f 701/1/482 702/1/482 204/1/482
f 702/1/483 203/1/483 67/1/483
f 699/1/484 68/1/484 204/1/484
f 703/1/485 47/1/485 1/1/485
f 704/1/486 2/1/486 48/1/486
f 704/1/487 1/1/487 11/1/487
f 704/1/488 705/1/488 12/1/488
f 706/1/489 705/1/489 11/1/489
f 705/1/490 706/1/490 40/1/490
f 706/1/491 39/1/491 47/1/491
f 706/1/492 703/1/492 48/1/492
f 708/1/493 707/1/493 265/1/493
f 708/1/494 280/1/494 266/1/494
f 709/1/495 708/1/495 279/1/495
f 708/1/496 709/1/496 278/1/496
f 710/1/497 709/1/497 277/1/497
f 709/1/498 710/1/498 262/1/498
f 710/1/499 261/1/499 265/1/499
f 707/1/500 266/1/500 262/1/500
f 712/1/501 711/1/501 263/1/501
f 711/1/502 712/1/502 274/1/502
f 712/1/503 273/1/504 279/1/504
f 713/1/505 280/1/505 274/1/505
f 714/1/506 713/1/506 279/1/506
f 713/1/507 714/1/507 266/1/507
f 711/1/508 714/1/508 265/1/509
f 714/1/510 711/1/510 264/1/510
f 716/1/511 715/1/511 83/1/511
f 715/1/512 716/1/512 76/1/512
f 717/1/513 716/1/513 75/1/513
f 716/1/514 717/1/514 232/1/514
f 718/1/515 717/1/515 231/1/515
f 717/1/516 718/1/516 228/1/516
f 718/1/517 227/1/517 83/1/517
f 715/1/518 84/1/518 228/1/518
f 720/1/64 719/1/64 65/1/64
f 719/1/65 720/1/65 72/1/65
f 721/1/519 720/1/519 71/1/519
f 720/1/520 721/1/520 68/1/520
f 722/1/68 721/1/68 67/1/68
f 721/1/69 722/1/69 70/1/69
f 719/1/521 722/1/521 69/1/521
f 722/1/522 719/1/522 66/1/522
f 724/1/523 723/1/524 397/1/524
f 723/1/525 724/1/525 380/1/525
f 724/1/526 379/1/526 363/1/526
f 724/1/527 725/1/527 364/1/527
f 725/1/528 363/1/528 371/1/528
f 726/1/529 372/1/529 364/1/529
f 723/1/530 726/1/530 371/1/530
f 726/1/531 723/1/531 398/1/531
f 727/1/532 39/1/532 11/1/532
f 728/1/533 12/1/533 40/1/533
f 729/1/534 728/1/534 11/1/534
f 729/1/535 16/1/535 12/1/535
f 730/1/536 729/1/536 15/1/536
f 729/1/537 730/1/537 36/1/537
f 730/1/538 35/1/538 39/1/538
f 730/1/539 727/1/539 40/1/539
f 732/1/540 731/1/540 379/1/540
f 731/1/541 732/1/541 382/1/541
f 733/1/542 732/1/542 381/1/542
f 733/1/543 366/1/543 382/1/543
f 733/1/544 365/1/544 363/1/544
f 734/1/545 364/1/545 366/1/545
f 734/1/546 363/1/546 379/1/546
f 731/1/547 380/1/547 364/1/547
f 735/1/548 369/1/548 373/1/548
f 736/1/549 374/1/549 370/1/549
f 736/1/550 373/1/550 367/1/550
f 736/1/551 737/1/551 368/1/551
f 738/1/552 737/1/552 367/1/552
f 737/1/553 738/1/553 362/1/553
f 735/1/554 738/1/554 361/1/554
f 738/1/555 735/1/555 370/1/555
f 739/1/556 377/1/556 385/1/556
f 740/1/557 386/1/557 378/1/557
f 741/1/558 740/1/558 385/1/558
f 740/1/559 741/1/559 374/1/559
f 742/1/560 741/1/560 373/1/560
f 741/1/561 742/1/561 370/1/561
f 742/1/562 369/1/562 377/1/562
f 739/1/563 378/1/563 370/1/563
f 743/1/564 107/1/564 219/1/564
f 744/1/565 220/1/565 108/1/565
f 745/1/147 744/1/147 219/1/147
f 744/1/148 745/1/148 244/1/148
f 746/1/149 745/1/149 243/1/149
f 745/1/150 746/1/150 112/1/150
f 743/1/151 746/1/151 111/1/151
f 746/1/152 743/1/152 108/1/152
f 747/1/566 13/1/566 9/1/566
f 747/1/567 748/1/567 10/1/567
f 749/1/568 748/1/568 9/1/568
f 748/1/569 749/1/569 46/1/569
f 750/1/570 749/1/570 45/1/570
f 750/1/571 44/1/571 46/1/571
f 750/1/572 43/1/572 13/1/572
f 747/1/573 14/1/573 44/1/573
f 752/1/574 751/1/574 139/1/574
f 751/1/575 752/1/575 396/1/575
f 752/1/576 395/1/576 397/1/576
f 752/1/577 753/1/577 398/1/577
f 753/1/578 397/1/578 129/1/578
f 754/1/579 130/1/579 398/1/579
f 751/1/313 754/1/313 129/1/313
f 754/1/314 751/1/314 140/1/314
f 756/1/580 755/1/580 287/1/580
f 755/1/581 756/1/581 216/1/581
f 756/1/582 215/1/582 205/1/582
f 757/1/583 206/1/583 216/1/583
f 758/1/584 757/1/584 205/1/584
f 757/1/585 758/1/585 286/1/585
f 755/1/586 758/1/586 285/1/586
f 758/1/587 755/1/587 288/1/587
f 759/1/588 87/1/588 95/1/588
f 759/1/589 760/1/589 96/1/589
f 761/1/590 760/1/590 95/1/590
f 760/1/591 761/1/591 440/1/591
f 761/1/592 439/1/592 445/1/592
f 761/1/593 762/1/593 446/1/593
f 762/1/594 445/1/594 87/1/594
f 759/1/595 88/1/595 446/1/595
f 763/1/596 259/1/596 17/1/597
f 764/1/598 18/1/598 260/1/598
f 764/1/448 17/1/448 21/1/448
f 764/1/599 765/1/599 22/1/599
f 766/1/600 765/1/600 21/1/600
f 765/1/601 766/1/601 256/1/601
f 763/1/76 766/1/76 255/1/76
f 766/1/77 763/1/77 260/1/77
f 768/1/602 767/1/602 269/1/602
f 767/1/603 768/1/603 264/1/603
f 768/1/604 263/1/604 265/1/604
f 768/1/605 769/1/605 266/1/605
f 769/1/606 265/1/606 261/1/606
f 769/1/607 770/1/607 262/1/607
f 771/1/608 770/1/608 261/1/608
f 770/1/609 771/1/609 268/1/609
f 772/1/610 771/1/610 267/1/610
f 772/1/611 272/1/612 268/1/612
f 767/1/613 772/1/613 271/1/613
f 767/1/614 270/1/614 272/1/614
f 774/1/615 773/1/615 275/1/615
f 773/1/616 774/1/616 278/1/616
f 775/1/617 774/1/617 277/1/617
f 775/1/618 280/1/618 278/1/618
f 776/1/619 775/1/619 279/1/619
f 776/1/620 274/1/620 280/1/620
f 776/1/603 273/1/603 281/1/603
f 776/1/602 777/1/602 282/1/602
f 777/1/621 281/1/621 283/1/621
f 777/1/622 778/1/622 284/1/622
f 778/1/623 283/1/623 275/1/623
f 778/1/624 773/1/625 276/1/624
f 780/1/626 779/1/626 17/1/626
f 779/1/627 780/1/627 260/1/627
f 781/1/628 780/1/628 259/1/628
f 780/1/629 781/1/629 258/1/629
f 781/1/630 257/1/630 3/1/631
f 782/1/632 4/1/632 258/1/632
f 782/1/633 3/1/633 17/1/633
f 779/1/634 18/1/634 4/1/634
f 783/1/635 401/1/635 141/1/635
f 784/1/636 142/1/636 402/1/636
f 785/1/637 784/1/637 141/1/637
f 785/1/638 132/1/638 142/1/638
f 786/1/639 785/1/639 131/1/639
f 785/1/640 786/1/640 372/1/640
f 783/1/641 786/1/641 371/1/641
f 786/1/642 783/1/642 402/1/642
f 788/1/77 787/1/77 305/1/77
f 788/1/76 304/1/76 306/1/76
f 788/1/643 303/1/643 155/1/643
f 789/1/644 156/1/644 304/1/644
f 790/1/645 789/1/645 155/1/645
f 790/1/646 148/1/646 156/1/646
f 787/1/647 790/1/647 147/1/647
f 790/1/648 787/1/648 306/1/648
f 791/1/649 47/1/649 45/1/649
f 792/1/650 46/1/650 48/1/650
f 792/1/651 45/1/651 9/1/651
f 793/1/652 10/1/652 46/1/652
f 794/1/653 793/1/653 9/1/653
f 793/1/654 794/1/654 2/1/654
f 791/1/655 794/1/655 1/1/655
f 794/1/656 791/1/656 48/1/656
f 796/1/657 795/1/657 49/1/657
f 795/1/658 796/1/658 338/1/658
f 797/1/659 796/1/659 337/1/659
f 796/1/306 797/1/306 334/1/306
f 798/1/660 797/1/660 333/1/660
f 797/1/661 798/1/661 58/1/661
f 798/1/313 57/1/313 49/1/313
f 795/1/314 50/1/314 58/1/314
f 800/1/662 799/1/662 413/1/662
f 799/1/663 800/1/663 168/1/663
f 800/1/664 167/1/664 165/1/664
f 801/1/665 166/1/665 168/1/665
f 802/1/666 801/1/666 165/1/666
f 801/1/667 802/1/667 410/1/667
f 799/1/668 802/1/668 409/1/668
f 799/1/669 414/1/669 410/1/669
f 803/1/670 189/1/670 431/1/670
f 804/1/671 432/1/671 190/1/671
f 804/1/672 431/1/672 441/1/672
f 804/1/673 805/1/673 442/1/673
f 806/1/674 805/1/674 441/1/674
f 805/1/675 806/1/675 188/1/675
f 803/1/676 806/1/676 187/1/676
f 803/1/677 190/1/677 188/1/677
f 807/1/678 375/1/678 145/1/678
f 808/1/679 146/1/679 376/1/679
f 809/1/680 808/1/680 145/1/680
f 808/1/429 809/1/429 142/1/429
f 810/1/681 809/1/681 141/1/681
f 809/1/682 810/1/682 402/1/682
f 807/1/683 810/1/683 401/1/683
f 807/1/684 376/1/684 402/1/684
f 811/1/685 161/1/685 427/1/685
f 812/1/686 428/1/686 162/1/686
f 812/1/687 427/1/687 425/1/687
f 813/1/688 426/1/688 428/1/688
f 814/1/689 813/1/689 425/1/689
f 813/1/690 814/1/690 170/1/690
f 814/1/691 169/1/691 161/1/691
f 811/1/692 162/1/692 170/1/692
f 816/1/693 815/1/693 107/1/693
f 815/1/694 816/1/694 112/1/694
f 817/1/695 816/1/695 111/1/695
f 817/1/696 110/1/696 112/1/696
f 818/1/697 817/1/697 109/1/697
f 817/1/698 818/1/698 106/1/698
f 815/1/699 818/1/699 105/1/699
f 815/1/700 108/1/700 106/1/700
f 819/1/701 187/1/701 441/1/701
f 820/1/702 442/1/702 188/1/702
f 821/1/703 820/1/703 441/1/703
f 821/1/704 438/1/704 442/1/704
f 822/1/705 821/1/705 437/1/705
f 821/1/706 822/1/706 176/1/706
f 822/1/707 175/1/707 187/1/707
f 819/1/708 188/1/708 176/1/708
f 824/1/709 823/1/709 429/1/709
f 823/1/710 824/1/710 186/1/710
f 824/1/711 185/1/711 173/1/711
f 824/1/712 825/1/712 174/1/712
f 825/1/713 173/1/713 423/1/713
f 826/1/714 424/1/714 174/1/714
f 826/1/715 423/1/715 429/1/715
f 826/1/716 823/1/716 430/1/716
f 827/1/717 175/1/717 437/1/717
f 828/1/718 438/1/718 176/1/718
f 829/1/719 828/1/719 437/1/719
f 828/1/720 829/1/720 436/1/720
f 830/1/721 829/1/721 435/1/721
f 829/1/722 830/1/722 172/1/722
f 830/1/723 171/1/723 175/1/723
f 827/1/724 176/1/724 172/1/724
f 832/1/725 831/1/725 363/1/725
f 831/1/726 832/1/726 366/1/726
f 833/1/727 832/1/727 365/1/727
f 832/1/728 833/1/728 360/1/728
f 833/1/729 359/1/729 357/1/729
f 834/1/730 358/1/730 360/1/730
f 834/1/731 357/1/731 363/1/731
f 831/1/732 364/1/732 358/1/732
f 836/1/733 835/1/733 51/1/733
f 835/1/734 836/1/734 330/1/734
f 837/1/735 836/1/735 329/1/735
f 837/1/538 326/1/538 330/1/538
f 838/1/736 837/1/736 325/1/736
f 837/1/737 838/1/737 56/1/737
f 838/1/637 55/1/637 51/1/637
f 838/1/738 835/1/738 52/1/738
f 840/1/438 839/1/438 327/1/438
f 839/1/439 840/1/439 54/1/439
f 841/1/428 840/1/428 53/1/428
f 840/1/739 841/1/739 56/1/739
f 842/1/740 841/1/740 55/1/740
f 841/1/741 842/1/741 326/1/741
f 839/1/742 842/1/742 325/1/742
f 842/1/437 839/1/437 328/1/437
f 844/1/743 843/1/743 33/1/743
f 843/1/744 844/1/744 36/1/744
f 844/1/745 35/1/745 15/1/745
f 845/1/746 16/1/746 36/1/746
f 845/1/747 15/1/747 27/1/747
f 846/1/748 28/1/748 16/1/748
f 843/1/749 846/1/749 27/1/749
f 846/1/750 843/1/750 34/1/750
f 848/1/751 847/1/751 153/1/751
f 847/1/132 848/1/132 156/1/132
f 849/1/752 848/1/752 155/1/752
f 848/1/753 849/1/753 304/1/753
f 849/1/176 303/1/176 299/1/176
f 850/1/175 300/1/175 304/1/175
f 850/1/754 299/1/754 153/1/754
f 847/1/755 154/1/755 300/1/755
f 852/1/118 851/1/118 241/1/118
f 851/1/119 852/1/119 218/1/119
f 853/1/756 852/1/756 217/1/756
f 852/1/757 853/1/757 106/1/757
f 854/1/127 853/1/127 105/1/127
f 853/1/128 854/1/128 110/1/128
f 854/1/129 109/1/129 241/1/129
f 851/1/130 242/1/130 110/1/130
f 856/1/758 855/1/758 267/1/758
f 855/1/759 856/1/759 262/1/759
f 857/1/760 856/1/760 261/1/760
f 856/1/761 857/1/761 278/1/761
f 857/1/762 277/1/762 275/1/762
f 857/1/763 858/1/763 276/1/763
f 855/1/764 858/1/764 275/1/764
f 858/1/765 855/1/765 268/1/765
f 859/1/766 343/1/767 117/1/767
f 860/1/768 118/1/768 344/1/768
f 861/1/769 860/1/769 117/1/769
f 860/1/770 861/1/770 120/1/770
f 862/1/771 861/1/771 119/1/771
f 861/1/772 862/1/772 342/1/772
f 859/1/773 862/1/773 341/1/773
f 862/1/774 859/1/775 344/1/775
f 863/1/776 355/1/776 315/1/777
f 864/1/778 316/1/778 356/1/778
f 865/1/779 864/1/779 315/1/779
f 865/1/638 310/1/638 316/1/638
f 866/1/780 865/1/780 309/1/780
f 865/1/781 866/1/781 354/1/781
f 866/1/782 353/1/782 355/1/782
f 863/1/783 356/1/783 354/1/783
f 868/1/784 867/1/784 219/1/784
f 867/1/785 868/1/785 108/1/785
f 869/1/786 868/1/786 107/1/786
f 868/1/787 869/1/787 106/1/787
f 870/1/788 869/1/788 105/1/788
f 869/1/789 870/1/789 218/1/789
f 867/1/790 870/1/790 217/1/790
f 870/1/791 867/1/791 220/1/791
f 871/1/792 345/1/792 121/1/792
f 872/1/793 122/1/793 346/1/793
f 872/1/492 121/1/492 117/1/492
f 872/1/794 873/1/794 118/1/794
f 874/1/795 873/1/795 117/1/795
f 873/1/796 874/1/796 344/1/796
f 874/1/797 343/1/797 345/1/797
f 871/1/798 346/1/798 344/1/798
f 876/1/42 875/1/42 309/1/42
f 876/1/2 316/1/2 310/1/2
f 876/1/63 315/1/63 311/1/63
f 876/1/41 877/1/41 312/1/41
f 877/1/799 311/1/799 323/1/799
f 878/1/18 324/1/18 312/1/18
f 879/1/800 878/1/800 323/1/800
f 879/1/50 320/1/50 324/1/50
f 879/1/801 319/1/801 321/1/801
f 879/1/187 880/1/187 322/1/187
f 881/1/802 880/1/802 321/1/802
f 880/1/189 881/1/189 314/1/189
f 882/1/254 881/1/254 313/1/254
f 881/1/289 882/1/289 318/1/289
f 882/1/803 317/1/803 309/1/803
f 882/1/180 875/1/180 310/1/180
f 884/1/461 883/1/461 61/1/461
f 883/1/462 884/1/462 340/1/462
f 884/1/804 339/1/804 337/1/804
f 884/1/805 885/1/805 338/1/805
f 886/1/806 885/1/806 337/1/806
f 885/1/807 886/1/807 50/1/807
f 886/1/808 49/1/808 61/1/808
f 883/1/809 62/1/809 50/1/809
f 887/1/810 451/1/810 421/1/810
f 887/1/811 888/1/811 422/1/811
f 888/1/812 421/1/812 93/1/812
f 889/1/813 94/1/813 422/1/813
f 890/1/814 889/1/814 93/1/814
f 889/1/815 890/1/815 90/1/815
f 887/1/816 890/1/816 89/1/816
f 890/1/817 887/1/817 452/1/817
f 891/1/818 91/1/818 83/1/818
f 891/1/819 892/1/819 84/1/819
f 893/1/820 892/1/820 83/1/820
f 892/1/821 893/1/821 228/1/821
f 894/1/822 893/1/822 227/1/822
f 894/1/823 224/1/823 228/1/823
f 894/1/824 223/1/824 91/1/824
f 891/1/825 92/1/825 224/1/825
f 896/1/826 895/1/826 313/1/826
f 895/1/809 896/1/809 322/1/809
f 897/1/461 896/1/461 321/1/461
f 896/1/462 897/1/462 208/1/462
f 897/1/827 207/1/827 211/1/827
f 897/1/828 898/1/828 212/1/829
f 898/1/830 211/1/830 313/1/830
f 895/1/831 314/1/831 212/1/831
f 900/1/412 899/1/412 239/1/412
f 899/1/413 900/1/413 66/1/413
f 901/1/832 900/1/832 65/1/832
f 900/1/833 901/1/833 70/1/833
f 902/1/416 901/1/416 69/1/416
f 901/1/417 902/1/417 222/1/417
f 899/1/418 902/1/418 221/1/418
f 902/1/419 899/1/419 240/1/419
f 903/1/834 353/1/834 309/1/834
f 904/1/835 310/1/835 354/1/835
f 905/1/262 904/1/262 309/1/262
f 904/1/836 905/1/836 318/1/836
f 906/1/837 905/1/837 317/1/837
f 905/1/838 906/1/838 352/1/838
f 903/1/839 906/1/839 351/1/839
f 906/1/840 903/1/840 354/1/840
f 907/1/841 237/1/841 85/1/841
f 908/1/842 86/1/842 238/1/842
f 908/1/843 85/1/843 97/1/843
f 908/1/844 909/1/844 98/1/844
f 910/1/845 909/1/845 97/1/845
f 909/1/846 910/1/846 234/1/846
f 907/1/823 910/1/823 233/1/823
f 910/1/847 907/1/847 238/1/847
f 911/1/848 27/1/848 29/1/848
f 912/1/849 30/1/849 28/1/849
f 913/1/850 912/1/850 29/1/850
f 912/1/851 913/1/851 38/1/851
f 913/1/815 37/1/815 33/1/815
f 914/1/852 34/1/852 38/1/852
f 914/1/853 33/1/853 27/1/853
f 911/1/854 28/1/854 34/1/854
f 915/1/855 195/1/855 199/1/855
f 916/1/856 200/1/856 196/1/856
f 917/1/786 916/1/786 199/1/786
f 916/1/787 917/1/787 198/1/787
f 918/1/857 917/1/857 197/1/857
f 917/1/858 918/1/858 194/1/858
f 915/1/859 918/1/859 193/1/859
f 918/1/860 915/1/860 196/1/860
f 920/1/436 919/1/436 101/1/436
f 919/1/437 920/1/437 94/1/437
f 921/1/861 920/1/861 93/1/861
f 920/1/862 921/1/862 422/1/862
f 922/1/863 921/1/863 421/1/863
f 921/1/864 922/1/864 450/1/864
f 922/1/865 449/1/865 101/1/865
f 919/1/866 102/1/866 450/1/866
f 923/1/867 233/1/867 97/1/867
f 924/1/868 98/1/868 234/1/868
f 925/1/869 924/1/869 97/1/869
f 925/1/870 104/1/870 98/1/870
f 926/1/871 925/1/871 103/1/871
f 925/1/872 926/1/872 230/1/872
f 926/1/516 229/1/516 233/1/516
f 926/1/515 923/1/515 234/1/515
f 928/1/873 927/1/873 155/1/873
f 928/1/874 160/1/874 156/1/874
f 928/1/875 159/1/875 151/1/875
f 928/1/187 929/1/187 152/1/187
f 929/1/876 151/1/876 147/1/876
f 929/1/877 930/1/877 148/1/877
f 930/1/878 147/1/878 155/1/878
f 930/1/10 927/1/10 156/1/10
f 932/1/879 931/1/879 283/1/879
f 931/1/880 932/1/880 282/1/880
f 933/1/881 932/1/881 281/1/881
f 932/1/882 933/1/882 270/1/882
f 933/1/883 269/1/883 271/1/883
f 934/1/884 272/1/884 270/1/884
f 931/1/885 934/1/885 271/1/885
f 934/1/886 931/1/886 284/1/886
f 935/1/887 275/1/887 283/1/887
f 936/1/888 284/1/888 276/1/888
f 937/1/889 936/1/889 283/1/889
f 936/1/890 937/1/890 272/1/890
f 938/1/891 937/1/891 271/1/891
f 937/1/892 938/1/892 268/1/892
f 935/1/893 938/1/893 267/1/893
f 938/1/894 935/1/894 276/1/894
f 939/1/895 307/1/895 123/1/895
f 940/1/896 124/1/896 308/1/896
f 940/1/897 123/1/897 127/1/897
f 940/1/898 941/1/898 128/1/898
f 941/1/446 127/1/446 349/1/446
f 941/1/447 942/1/447 350/1/447
f 942/1/899 349/1/900 307/1/899
f 942/1/901 939/1/901 308/1/901
f 944/1/629 943/1/629 301/1/629
f 943/1/628 944/1/628 306/1/628
f 944/1/902 305/1/902 147/1/902
f 945/1/903 148/1/903 306/1/903
f 946/1/904 945/1/904 147/1/904
f 945/1/567 946/1/567 144/1/567
f 943/1/905 946/1/906 143/1/906
f 946/1/907 943/1/907 302/1/907
f 947/1/908 391/1/909 399/1/910
f 948/1/911 400/1/911 392/1/911
f 949/1/912 948/1/912 399/1/912
f 949/1/913 394/1/913 400/1/913
f 950/1/914 949/1/914 393/1/914
f 949/1/915 950/1/915 386/1/915
f 947/1/916 950/1/916 385/1/916
f 950/1/917 947/1/917 392/1/917
f 951/1/918 379/1/918 397/1/918
f 952/1/919 398/1/919 380/1/919
f 953/1/920 952/1/920 397/1/920
f 953/1/921 396/1/921 398/1/921
f 954/1/922 953/1/923 395/1/922
f 953/1/924 954/1/924 390/1/924
f 951/1/925 954/1/925 389/1/925
f 951/1/926 380/1/926 390/1/926
f 956/1/927 955/1/927 399/1/927
f 955/1/928 956/1/928 392/1/928
f 956/1/929 391/1/929 389/1/929
f 956/1/930 957/1/930 390/1/930
f 957/1/931 389/1/931 395/1/931
f 958/1/932 396/1/932 390/1/932
f 955/1/933 958/1/933 395/1/933
f 955/1/934 400/1/934 396/1/934
f 959/1/935 247/1/935 23/1/936
f 960/1/937 24/1/937 248/1/937
f 960/1/938 23/1/938 19/1/938
f 960/1/739 961/1/739 20/1/739
f 962/1/939 961/1/939 19/1/939
f 961/1/940 962/1/940 246/1/940
f 959/1/629 962/1/629 245/1/629
f 962/1/628 959/1/628 248/1/628
f 964/1/941 963/1/941 7/1/941
f 963/1/942 964/1/942 250/1/942
f 965/1/77 964/1/77 249/1/77
f 964/1/76 965/1/76 246/1/76
f 965/1/943 245/1/943 19/1/944
f 966/1/945 20/1/945 246/1/945
f 963/1/946 966/1/946 19/1/946
f 963/1/947 8/1/947 20/1/947
f 967/1/948 373/1/948 403/1/948
f 968/1/949 404/1/949 374/1/949
f 969/1/950 968/1/950 403/1/950
f 969/1/951 376/1/951 404/1/951
f 970/1/952 969/1/952 375/1/952
f 969/1/953 970/1/953 368/1/953
f 967/1/954 970/1/954 367/1/954
f 967/1/955 374/1/955 368/1/955
f 971/1/956 361/1/956 367/1/956
f 972/1/957 368/1/957 362/1/957
f 973/1/958 972/1/958 367/1/958
f 972/1/959 973/1/959 358/1/959
f 974/1/960 973/1/960 357/1/960
f 973/1/961 974/1/961 360/1/961
f 971/1/962 974/1/962 359/1/962
f 974/1/963 971/1/963 362/1/963
f 975/1/964 251/1/964 31/1/965
f 976/1/966 32/1/966 252/1/966
f 977/1/967 976/1/967 31/1/967
f 976/1/968 977/1/968 24/1/968
f 978/1/969 977/1/969 23/1/969
f 977/1/970 978/1/970 248/1/970
f 978/1/971 247/1/971 251/1/971
f 978/1/972 975/1/972 252/1/972
f 980/1/446 979/1/446 339/1/446
f 979/1/447 980/1/447 62/1/447
f 980/1/139 61/1/139 59/1/139
f 980/1/599 981/1/599 60/1/599
f 982/1/973 981/1/973 59/1/973
f 981/1/974 982/1/974 336/1/974
f 979/1/975 982/1/975 335/1/975
f 982/1/898 979/1/898 340/1/898
f 983/1/976 421/1/976 451/1/976
f 984/1/977 452/1/977 422/1/977
f 985/1/978 984/1/978 451/1/978
f 984/1/979 985/1/979 424/1/979
f 985/1/980 423/1/980 425/1/980
f 986/1/981 426/1/981 424/1/981
f 986/1/982 425/1/983 421/1/983
f 983/1/984 422/1/984 426/1/984
f 988/1/985 987/1/985 393/1/985
f 988/1/986 404/1/986 394/1/986
f 989/1/987 988/1/987 403/1/987
f 988/1/988 989/1/988 374/1/988
f 989/1/989 373/1/989 385/1/989
f 990/1/990 386/1/990 374/1/990
f 990/1/991 385/1/991 393/1/991
f 987/1/992 394/1/992 386/1/992
f 991/1/993 357/1/993 401/1/994
f 992/1/995 402/1/995 358/1/995
f 993/1/996 992/1/996 401/1/996
f 993/1/997 372/1/997 402/1/997
f 994/1/998 993/1/998 371/1/998
f 993/1/999 994/1/999 364/1/999
f 994/1/1000 363/1/1000 357/1/1000
f 994/1/1001 991/1/1001 358/1/1001
f 996/1/1002 995/1/1002 401/1/1002
f 995/1/1003 996/1/1003 358/1/1003
f 997/1/1004 996/1/1004 357/1/1004
f 997/1/1005 368/1/1005 358/1/1005
f 997/1/1006 367/1/1006 375/1/1006
f 998/1/1007 376/1/1007 368/1/1007
f 995/1/1008 998/1/1008 375/1/1008
f 995/1/1009 402/1/1009 376/1/1009
f 1000/1/1010 999/1/1010 289/1/1010
f 999/1/1011 1000/1/1011 214/1/1011
f 1000/1/1012 213/1/1012 215/1/1012
f 1001/1/1013 216/1/1013 214/1/1013
f 1002/1/1014 1001/1/1014 215/1/1014
f 1001/1/1015 1002/1/1015 288/1/1015
f 999/1/1016 1002/1/1016 287/1/1016
f 1002/1/1017 999/1/1017 290/1/1017
f 1003/1/1018 297/1/1018 135/1/1018
f 1004/1/1019 136/1/1019 298/1/1019
f 1004/1/1020 135/1/1020 133/1/1020
f 1005/1/1021 134/1/1021 136/1/1021
f 1006/1/1022 1005/1/1022 133/1/1022
f 1005/1/1023 1006/1/1023 292/1/1023
f 1003/1/175 1006/1/175 291/1/175
f 1006/1/176 1003/1/176 298/1/176
f 1007/1/1024 25/1/1024 13/1/1024
f 1008/1/646 14/1/646 26/1/646
f 1009/1/1025 1008/1/1025 13/1/1025
f 1008/1/1026 1009/1/1026 44/1/1026
f 1009/1/1027 43/1/1027 41/1/1027
f 1010/1/975 42/1/975 44/1/975
f 1010/1/1028 41/1/1028 25/1/1028
f 1007/1/1029 26/1/1029 42/1/1029
f 1011/1/1030 371/1/1030 131/1/1030
f 1012/1/1031 132/1/1031 372/1/1031
f 1013/1/262 1012/1/262 131/1/262
f 1012/1/836 1013/1/836 130/1/836
f 1014/1/1032 1013/1/1032 129/1/1032
f 1013/1/1033 1014/1/1033 398/1/1033
f 1011/1/1034 1014/1/1034 397/1/1034
f 1014/1/1035 1011/1/1035 372/1/1035
f 1016/1/1036 1015/1/1036 3/1/1036
f 1015/1/1037 1016/1/1037 258/1/1037
f 1017/1/972 1016/1/972 257/1/972
f 1017/1/971 254/1/971 258/1/971
f 1017/1/1038 253/1/1038 5/1/1039
f 1018/1/1040 6/1/1040 254/1/1040
f 1015/1/1041 1018/1/1041 5/1/1041
f 1018/1/1042 1015/1/1042 4/1/1042
f 1020/1/1043 1019/1/1043 151/1/1043
f 1019/1/1044 1020/1/1044 400/1/1044
f 1021/1/1045 1020/1/1045 399/1/1045
f 1020/1/1046 1021/1/1046 396/1/1046
f 1021/1/1047 395/1/1047 139/1/1047
f 1022/1/1048 140/1/1048 396/1/1048
f 1019/1/1049 1022/1/1049 139/1/1049
f 1019/1/809 152/1/809 140/1/809
f 1023/1/1050 383/1/1050 389/1/1050
f 1024/1/1051 390/1/1051 384/1/1051
f 1025/1/1052 1024/1/1052 389/1/1052
f 1025/1/1053 392/1/1053 390/1/1053
f 1026/1/1054 1025/1/1054 391/1/1054
f 1025/1/1055 1026/1/1055 388/1/1055
f 1026/1/1056 387/1/1056 383/1/1056
f 1026/1/1057 1023/1/1057 384/1/1057
f 1027/1/1058 137/1/1058 149/1/1058
f 1028/1/1059 150/1/1059 138/1/1059
f 1029/1/1060 1028/1/1061 149/1/1061
f 1028/1/1062 1029/1/1062 296/1/1062
f 1030/1/628 1029/1/628 295/1/628
f 1029/1/629 1030/1/629 294/1/629
f 1030/1/1063 293/1/1063 137/1/1063
f 1027/1/1064 138/1/1064 294/1/1064
f 1032/1/1065 1031/1/1065 419/1/1065
f 1031/1/1066 1032/1/1067 384/1/1066
f 1033/1/1068 1032/1/1068 383/1/1068
f 1032/1/1069 1033/1/1069 388/1/1069
f 1033/1/1070 387/1/1070 415/1/1070
f 1034/1/1071 416/1/1071 388/1/1071
f 1034/1/1072 415/1/1072 419/1/1072
f 1031/1/1073 420/1/1073 416/1/1073
f 1036/1/1074 1035/1/1074 411/1/1074
f 1035/1/1075 1036/1/1075 416/1/1075
f 1037/1/1076 1036/1/1076 415/1/1077
f 1036/1/1078 1037/1/1078 388/1/1078
f 1038/1/1079 1037/1/1079 387/1/1079
f 1038/1/1080 378/1/1080 388/1/1080
f 1038/1/1081 377/1/1081 411/1/1081
f 1035/1/1082 412/1/1082 378/1/1082
f 1039/1/1083 191/1/1083 181/1/1083
f 1039/1/1084 1040/1/1084 182/1/1084
f 1041/1/1085 1040/1/1085 181/1/1085
f 1040/1/1086 1041/1/1086 186/1/1086
f 1042/1/1087 1041/1/1087 185/1/1087
f 1041/1/1088 1042/1/1088 190/1/1088
f 1042/1/1089 189/1/1089 191/1/1089
f 1039/1/1090 192/1/1090 190/1/1090
f 1044/1/1091 1043/1/1091 381/1/1091
f 1044/1/1092 384/1/1092 382/1/1092
f 1044/1/1093 383/1/1093 419/1/1093
f 1045/1/1094 420/1/1094 384/1/1094
f 1046/1/1095 1045/1/1095 419/1/1095
f 1046/1/1096 418/1/1096 420/1/1096
f 1043/1/1097 1046/1/1097 417/1/1097
f 1046/1/1098 1043/1/1099 382/1/1099
f 1048/1/1100 1047/1/1100 377/1/1100
f 1047/1/1101 1048/1/1101 370/1/1101
f 1048/1/1102 369/1/1102 407/1/1102
f 1049/1/1103 408/1/1103 370/1/1103
f 1049/1/1104 407/1/1104 411/1/1104
f 1049/1/1105 1050/1/1105 412/1/1105
f 1047/1/1106 1050/1/1106 411/1/1106
f 1050/1/1107 1047/1/1107 378/1/1107
f 1051/1/1108 359/1/1108 365/1/1108
f 1051/1/1109 1052/1/1109 366/1/1109
f 1052/1/1110 365/1/1110 413/1/1110
f 1053/1/1111 414/1/1111 366/1/1111
f 1053/1/1112 413/1/1112 409/1/1112
f 1054/1/1113 410/1/1113 414/1/1113
f 1051/1/1114 1054/1/1114 409/1/1114
f 1054/1/1115 1051/1/1115 360/1/1115
f 1056/1/1116 1055/1/1116 167/1/1116
f 1056/1/1117 180/1/1117 168/1/1117
f 1057/1/1118 1056/1/1118 179/1/1119
f 1056/1/1120 1057/1/1121 176/1/1120
f 1058/1/1122 1057/1/1122 175/1/1122
f 1058/1/1123 172/1/1123 176/1/1123
f 1058/1/1124 171/1/1124 167/1/1124
f 1055/1/1125 168/1/1125 172/1/1126
f 1060/1/1127 1059/1/1127 409/1/1127
f 1060/1/1128 406/1/1128 410/1/1128
f 1061/1/1129 1060/1/1129 405/1/1130
f 1060/1/1131 1061/1/1132 362/1/1132
f 1061/1/1133 361/1/1133 359/1/1133
f 1062/1/1134 360/1/1134 362/1/1134
f 1062/1/1135 359/1/1135 409/1/1135
f 1059/1/1136 410/1/1136 360/1/1136
f 1064/1/1137 1063/1/1137 419/1/1137
f 1063/1/1138 1064/1/1138 184/1/1138
f 1064/1/1139 183/1/1139 179/1/1139
f 1064/1/1140 1065/1/1140 180/1/1140
f 1065/1/1141 179/1/1141 417/1/1141
f 1065/1/1142 1066/1/1142 418/1/1142
f 1063/1/1143 1066/1/1143 417/1/1143
f 1066/1/1144 1063/1/1144 420/1/1144
f 1068/1/1145 1067/1/1145 423/1/1145
f 1067/1/1146 1068/1/1146 174/1/1146
f 1069/1/1147 1068/1/1147 173/1/1147
f 1069/1/1148 170/1/1148 174/1/1148
f 1069/1/1149 169/1/1149 425/1/1149
f 1070/1/1150 426/1/1150 170/1/1150
f 1067/1/1151 1070/1/1151 425/1/1151
f 1070/1/1152 1067/1/1152 424/1/1152
f 1072/1/1153 1071/1/1153 415/1/1153
f 1071/1/1154 1072/1/1154 192/1/1154
f 1072/1/1155 191/1/1155 183/1/1155
f 1072/1/1156 1073/1/1156 184/1/1156
f 1074/1/1157 1073/1/1157 183/1/1157
f 1073/1/1158 1074/1/1158 420/1/1158
f 1071/1/1159 1074/1/1159 419/1/1159
f 1074/1/1160 1071/1/1160 416/1/1160
f 1076/1/971 1075/1/971 297/1/971
f 1075/1/972 1076/1/972 302/1/972
f 1076/1/1161 301/1/1161 143/1/1161
f 1077/1/1162 144/1/1162 302/1/1162
f 1078/1/1163 1077/1/1163 143/1/1163
f 1078/1/654 136/1/654 144/1/654
f 1075/1/1164 1078/1/1165 135/1/1165
f 1078/1/1166 1075/1/1166 298/1/1166
f 1080/1/1167 1079/1/1167 191/1/1167
f 1079/1/1168 1080/1/1168 416/1/1168
f 1080/1/1169 415/1/1169 411/1/1169
f 1080/1/1170 1081/1/1170 412/1/1170
f 1082/1/1171 1081/1/1171 411/1/1171
f 1081/1/1172 1082/1/1172 182/1/1172
f 1082/1/1173 181/1/1173 191/1/1173
f 1079/1/1174 192/1/1174 182/1/1174
f 1083/1/1175 79/1/1175 87/1/1175
f 1083/1/306 1084/1/306 88/1/306
f 1085/1/1176 1084/1/1176 87/1/1176
f 1084/1/1177 1085/1/1177 446/1/1177
f 1085/1/1178 445/1/1178 443/1/1178
f 1086/1/1179 444/1/1179 446/1/1179
f 1086/1/1180 443/1/1180 79/1/1180
f 1083/1/1181 80/1/1181 444/1/1181
f 1088/1/1182 1087/1/1182 379/1/1182
f 1087/1/1183 1088/1/1183 390/1/1183
f 1089/1/1184 1088/1/1184 389/1/1184
f 1088/1/1185 1089/1/1185 384/1/1185
f 1090/1/1186 1089/1/1186 383/1/1186
f 1090/1/1187 382/1/1187 384/1/1187
f 1090/1/1188 381/1/1188 379/1/1188
f 1087/1/1189 380/1/1189 382/1/1189
f 1091/1/1190 451/1/1190 89/1/1190
f 1092/1/1191 90/1/1191 452/1/1191
f 1092/1/1192 89/1/1192 73/1/1192
f 1092/1/454 1093/1/454 74/1/454
f 1094/1/1193 1093/1/1193 73/1/1193
f 1093/1/1194 1094/1/1194 434/1/1194
f 1091/1/1195 1094/1/1195 433/1/1195
f 1091/1/1196 452/1/1196 434/1/1196
f 1096/1/1197 1095/1/1197 285/1/1197
f 1096/1/1198 308/1/1198 286/1/1198
f 1096/1/1199 307/1/1199 349/1/1199
f 1096/1/1200 1097/1/1200 350/1/1200
f 1098/1/1201 1097/1/1201 349/1/1201
f 1098/1/1202 348/1/1203 350/1/1203
f 1099/1/1204 1098/1/1204 347/1/1204
f 1098/1/1205 1099/1/1205 290/1/1205
f 1099/1/1206 289/1/1206 287/1/1206
f 1099/1/1207 1100/1/1208 288/1/1208
f 1100/1/1209 287/1/1209 285/1/1209
f 1100/1/1210 1095/1/1210 286/1/1210
f 1101/1/1211 431/1/1212 447/1/1212
f 1102/1/1213 448/1/1213 432/1/1213
f 1103/1/1214 1102/1/1214 447/1/1214
f 1103/1/1215 444/1/1215 448/1/1215
f 1104/1/1216 1103/1/1216 443/1/1216
f 1103/1/1217 1104/1/1217 442/1/1217
f 1101/1/1218 1104/1/1218 441/1/1218
f 1101/1/1219 432/1/1219 442/1/1219
f 1106/1/1220 1105/1/1220 149/1/1220
f 1105/1/1221 1106/1/1221 154/1/1221
f 1107/1/1222 1106/1/1222 153/1/1222
f 1106/1/1223 1107/1/1223 300/1/1223
f 1108/1/972 1107/1/972 299/1/972
f 1107/1/971 1108/1/971 296/1/971
f 1108/1/1224 295/1/1224 149/1/1224
f 1105/1/1225 150/1/1225 296/1/1225
f 1110/1/1226 1109/1/1226 417/1/1226
f 1110/1/1227 180/1/1227 418/1/1227
f 1111/1/1228 1110/1/1228 179/1/1228
f 1111/1/1229 168/1/1229 180/1/1229
f 1112/1/1230 1111/1/1230 167/1/1230
f 1111/1/1231 1112/1/1231 414/1/1231
f 1112/1/1232 413/1/1232 417/1/1232
f 1109/1/1233 418/1/1233 414/1/1233
f 1114/1/1234 1113/1/1234 443/1/1234
f 1114/1/1235 446/1/1235 444/1/1235
f 1115/1/1236 1114/1/1236 445/1/1236
f 1114/1/1237 1115/1/1237 438/1/1237
f 1116/1/1238 1115/1/1238 437/1/1238
f 1116/1/1239 442/1/1239 438/1/1239
f 1116/1/1240 441/1/1240 443/1/1241
f 1113/1/1242 444/1/1242 442/1/1242
f 1118/1/450 1117/1/450 159/1/450
f 1118/1/172 158/1/172 160/1/172
f 1119/1/1243 1118/1/1243 157/1/1243
f 1118/1/1244 1119/1/1244 404/1/1244
f 1120/1/1245 1119/1/1245 403/1/1245
f 1119/1/1246 1120/1/1246 394/1/1246
f 1120/1/1247 393/1/1247 159/1/1247
f 1117/1/1248 160/1/1248 394/1/1248
f 1122/1/1249 1121/1/1249 285/1/1249
f 1121/1/1250 1122/1/1250 206/1/1250
f 1122/1/1251 205/1/1252 209/1/1251
f 1123/1/1253 210/1/1254 206/1/1253
f 1123/1/1255 209/1/1255 307/1/1255
f 1123/1/1256 1124/1/1256 308/1/1256
f 1121/1/1257 1124/1/1257 307/1/1257
f 1124/1/1258 1121/1/1258 286/1/1258
f 1126/1/1259 1125/1/1259 335/1/1259
f 1125/1/1260 1126/1/1260 60/1/1260
f 1127/1/1261 1126/1/1261 59/1/1261
f 1126/1/1262 1127/1/1262 64/1/1262
f 1128/1/451 1127/1/451 63/1/451
f 1127/1/452 1128/1/452 332/1/452
f 1128/1/1263 331/1/1263 335/1/1263
f 1128/1/135 1125/1/135 336/1/135
f 1129/1/1264 405/1/1264 407/1/1264
f 1129/1/1265 1130/1/1265 408/1/1265
f 1131/1/1266 1130/1/1266 407/1/1266
f 1130/1/1267 1131/1/1267 370/1/1268
f 1132/1/1269 1131/1/1269 369/1/1269
f 1131/1/1270 1132/1/1270 362/1/1270
f 1132/1/1271 361/1/1271 405/1/1271
f 1129/1/1272 406/1/1273 362/1/1272
f 1133/1/1274 423/1/1275 451/1/1274
f 1134/1/1276 452/1/1276 424/1/1276
f 1135/1/1277 1134/1/1277 451/1/1277
f 1134/1/1278 1135/1/1278 434/1/1278
f 1136/1/1279 1135/1/1279 433/1/1279
f 1135/1/1280 1136/1/1280 430/1/1280
f 1133/1/1281 1136/1/1281 429/1/1281
f 1136/1/1282 1133/1/1282 424/1/1282
f 1138/1/1283 1137/1/1283 331/1/1283
f 1137/1/1284 1138/1/1284 64/1/1284
f 1139/1/1285 1138/1/1285 63/1/1285
f 1139/1/1286 54/1/1286 64/1/1286
f 1140/1/1287 1139/1/1287 53/1/1287
f 1139/1/1288 1140/1/1288 328/1/1288
f 1140/1/1289 327/1/1289 331/1/1289
f 1137/1/815 332/1/815 328/1/815
f 1141/1/1290 437/1/1290 445/1/1291
f 1142/1/1292 446/1/1292 438/1/1292
f 1143/1/1293 1142/1/1293 445/1/1293
f 1142/1/1294 1143/1/1294 440/1/1294
f 1144/1/1295 1143/1/1295 439/1/1295
f 1143/1/1296 1144/1/1297 436/1/1297
f 1141/1/1298 1144/1/1298 435/1/1298
f 1144/1/1299 1141/1/1299 438/1/1299
f 1146/1/1300 1145/1/1301 447/1/1301
f 1145/1/1302 1146/1/1302 432/1/1302
f 1147/1/1303 1146/1/1303 431/1/1303
f 1147/1/1304 430/1/1304 432/1/1304
f 1147/1/1305 429/1/1305 433/1/1305
f 1148/1/1306 434/1/1306 430/1/1306
f 1145/1/1307 1148/1/1307 433/1/1307
f 1145/1/1308 448/1/1308 434/1/1308
f 1150/1/1309 1149/1/1309 57/1/1309
f 1149/1/1310 1150/1/1310 334/1/1310
f 1151/1/1311 1150/1/1311 333/1/1311
f 1150/1/1312 1151/1/1312 330/1/1312
f 1152/1/1313 1151/1/1313 329/1/1313
f 1151/1/1314 1152/1/1314 52/1/1314
f 1149/1/1315 1152/1/1315 51/1/1315
f 1149/1/836 58/1/836 52/1/836
f 1154/1/1316 1153/1/1316 431/1/1316
f 1153/1/1317 1154/1/1317 190/1/1317
f 1155/1/1318 1154/1/1318 189/1/1318
f 1154/1/1319 1155/1/1319 186/1/1319
f 1155/1/1320 185/1/1320 429/1/1320
f 1156/1/1321 430/1/1321 186/1/1321
f 1156/1/1322 429/1/1322 431/1/1322
f 1153/1/1323 432/1/1323 430/1/1323
f 1157/1/1324 439/1/1324 449/1/1324
f 1157/1/1325 1158/1/1325 450/1/1325
f 1159/1/1326 1158/1/1327 449/1/1327
f 1158/1/1328 1159/1/1328 428/1/1328
f 1159/1/1329 427/1/1329 435/1/1329
f 1159/1/1330 1160/1/1330 436/1/1330
f 1160/1/1331 435/1/1331 439/1/1332
f 1157/1/1333 440/1/1333 436/1/1333
f 1161/1/1334 427/1/1334 449/1/1335
f 1162/1/1336 450/1/1336 428/1/1336
f 1162/1/1337 449/1/1337 421/1/1337
f 1163/1/1338 422/1/1338 450/1/1338
f 1164/1/1339 1163/1/1339 421/1/1340
f 1163/1/1341 1164/1/1341 426/1/1341
f 1161/1/1342 1164/1/1342 425/1/1342
f 1164/1/1343 1161/1/1343 428/1/1343
f 1166/1/1285 1165/1/1285 323/1/1285
f 1165/1/1286 1166/1/1286 312/1/1286
f 1167/1/1344 1166/1/1344 311/1/1344
f 1166/1/1288 1167/1/1288 116/1/1288
f 1168/1/1345 1167/1/1345 115/1/1345
f 1168/1/815 126/1/815 116/1/815
f 1168/1/1283 125/1/1283 323/1/1283
f 1168/1/1284 1165/1/1284 324/1/1284
f 1169/1/1346 171/1/1346 435/1/1346
f 1170/1/1347 436/1/1347 172/1/1347
f 1171/1/1348 1170/1/1348 435/1/1348
f 1170/1/1349 1171/1/1349 428/1/1349
f 1172/1/1350 1171/1/1350 427/1/1350
f 1171/1/1351 1172/1/1351 162/1/1351
f 1172/1/1352 161/1/1352 171/1/1352
f 1172/1/1353 1169/1/1353 172/1/1353
f 1174/1/1354 1173/1/1354 181/1/1354
f 1173/1/1355 1174/1/1355 412/1/1355
f 1175/1/1356 1174/1/1356 411/1/1356
f 1174/1/1357 1175/1/1357 408/1/1357
f 1176/1/1358 1175/1/1358 407/1/1358
f 1175/1/1359 1176/1/1359 178/1/1359
f 1176/1/1360 177/1/1360 181/1/1360
f 1176/1/1361 1173/1/1361 182/1/1361
f 1177/1/1362 433/1/1362 73/1/1362
f 1178/1/1363 74/1/1363 434/1/1363
f 1179/1/1364 1178/1/1364 73/1/1364
f 1179/1/898 78/1/898 74/1/898
f 1180/1/1365 1179/1/1365 77/1/1365
f 1179/1/1366 1180/1/1366 448/1/1366
f 1180/1/1367 447/1/1367 433/1/1367
f 1177/1/1368 434/1/1368 448/1/1368
f 1181/1/1369 403/1/1369 157/1/1369
f 1182/1/1370 158/1/1370 404/1/1370
f 1183/1/1285 1182/1/1285 157/1/1285
f 1183/1/1286 146/1/1286 158/1/1286
f 1184/1/1371 1183/1/1371 145/1/1371
f 1183/1/1372 1184/1/1372 376/1/1372
f 1181/1/1373 1184/1/1373 375/1/1373
f 1184/1/1374 1181/1/1374 404/1/1374
f 1186/1/1375 1185/1/1375 163/1/1375
f 1185/1/1376 1186/1/1376 406/1/1376
f 1187/1/1377 1186/1/1377 405/1/1377
f 1187/1/1378 410/1/1378 406/1/1378
f 1188/1/1379 1187/1/1379 409/1/1379
f 1187/1/1380 1188/1/1380 166/1/1380
f 1188/1/1381 165/1/1381 163/1/1381
f 1185/1/1382 164/1/1382 166/1/1382
f 1189/1/1383 447/1/1383 77/1/1383
f 1190/1/1384 78/1/1384 448/1/1384
f 1191/1/463 1190/1/463 77/1/463
f 1190/1/464 1191/1/464 80/1/464
f 1192/1/1385 1191/1/1385 79/1/1385
f 1191/1/1386 1192/1/1386 444/1/1386
f 1192/1/1387 443/1/1387 447/1/1387
f 1189/1/1388 448/1/1388 444/1/1388
f 1194/1/1389 1193/1/1389 95/1/1389
f 1193/1/1390 1194/1/1390 102/1/1390
f 1195/1/1391 1194/1/1391 101/1/1391
f 1194/1/1392 1195/1/1392 450/1/1392
f 1195/1/1393 449/1/1393 439/1/1393
f 1196/1/1394 440/1/1394 450/1/1394
f 1196/1/1395 439/1/1395 95/1/1395
f 1193/1/1396 96/1/1396 440/1/1396
f 1198/1/1397 1197/1/1397 327/1/1397
f 1198/1/93 326/1/93 328/1/93
f 1198/1/92 325/1/92 329/1/92
f 1199/1/274 330/1/274 326/1/274
f 1199/1/1398 329/1/1398 333/1/1398
f 1199/1/1399 1200/1/1399 334/1/1399
f 1201/1/1400 1200/1/1400 333/1/1400
f 1200/1/30 1201/1/30 338/1/30
f 1202/1/277 1201/1/277 337/1/277
f 1202/1/101 340/1/101 338/1/101
f 1203/1/248 1202/1/248 339/1/248
f 1202/1/249 1203/1/249 336/1/249
f 1204/1/98 1203/1/98 335/1/98
f 1204/1/97 332/1/97 336/1/97
f 1204/1/96 331/1/96 327/1/96
f 1204/1/95 1197/1/95 328/1/95
f 1206/1/693 1205/1/693 199/1/693
f 1206/1/694 240/1/694 200/1/694
f 1207/1/1401 1206/1/1401 239/1/1401
f 1206/1/696 1207/1/696 222/1/696
f 1208/1/697 1207/1/697 221/1/697
f 1207/1/698 1208/1/698 198/1/698
f 1205/1/1402 1208/1/1402 197/1/1402
f 1208/1/700 1205/1/700 200/1/700
f 1209/1/1403 289/1/1403 347/1/1403
f 1210/1/1404 348/1/1404 290/1/1404
f 1210/1/1405 347/1/1405 211/1/1405
f 1210/1/1406 1211/1/1406 212/1/1406
f 1212/1/1407 1211/1/1407 211/1/1407
f 1211/1/1408 1212/1/1408 214/1/1408
f 1209/1/1409 1212/1/1409 213/1/1409
f 1212/1/1410 1209/1/1410 290/1/1410
f 453/1/1411 19/1/1411 454/1/1411
f 453/1/1412 20/1/1412 8/1/1412
f 454/1/1413 15/1/1413 455/1/1413
f 454/1/1414 16/1/1415 20/1/1415
f 455/1/5 11/1/5 456/1/5
f 456/1/46 16/1/46 455/1/46
f 453/1/7 11/1/7 7/1/7
f 453/1/8 12/1/8 456/1/8
f 457/1/1416 25/1/1416 458/1/1416
f 458/1/10 14/1/10 457/1/10
f 459/1/11 25/1/11 21/1/11
f 459/1/12 26/1/12 458/1/12
f 459/1/801 17/1/801 460/1/801
f 460/1/187 22/1/187 459/1/187
f 460/1/1417 13/1/1417 457/1/1417
f 460/1/1418 14/1/1418 18/1/1418
f 461/1/799 157/1/799 462/1/799
f 462/1/18 146/1/18 461/1/18
f 462/1/1419 153/1/1419 463/1/1419
f 462/1/20 154/1/20 158/1/20
f 464/1/239 153/1/239 149/1/239
f 463/1/22 150/1/22 154/1/22
f 461/1/23 149/1/23 145/1/23
f 461/1/1420 150/1/1420 464/1/1420
f 465/1/1421 91/1/1421 466/1/1421
f 465/1/26 92/1/26 84/1/26
f 467/1/1422 91/1/1422 87/1/27
f 467/1/28 92/1/28 466/1/28
f 468/1/1423 87/1/1423 79/1/1423
f 468/1/30 88/1/30 467/1/30
f 468/1/1424 83/1/1424 465/1/1424
f 468/1/1425 84/1/1425 80/1/1425
f 469/1/34 27/1/34 470/1/34
f 469/1/1426 28/1/1426 24/1/1426
f 471/1/1427 27/1/1427 15/1/1427
f 471/1/37 28/1/37 470/1/37
f 472/1/1428 15/1/1429 19/1/1429
f 472/1/39 16/1/39 471/1/39
f 472/1/183 23/1/183 469/1/183
f 472/1/1430 24/1/1430 20/1/1430
f 474/1/181 131/1/181 141/1/181
f 473/1/2 142/1/2 132/1/2
f 474/1/1431 137/1/1431 475/1/1431
f 474/1/45 138/1/45 142/1/45
f 476/1/5 137/1/5 133/1/5
f 476/1/46 138/1/46 475/1/46
f 473/1/1432 133/1/1432 131/1/1432
f 473/1/48 134/1/48 476/1/48
f 477/1/800 159/1/800 478/1/800
f 478/1/50 158/1/50 477/1/50
f 478/1/51 155/1/51 479/1/51
f 478/1/52 156/1/52 160/1/52
f 480/1/1433 155/1/1433 153/1/1433
f 479/1/1434 154/1/1434 156/1/1434
f 477/1/1435 153/1/1436 157/1/1435
f 477/1/1437 154/1/57 480/1/57
f 481/1/58 149/1/58 482/1/58
f 481/1/1438 150/1/1438 146/1/1438
f 483/1/36 149/1/36 137/1/36
f 482/1/37 138/1/37 150/1/37
f 484/1/1439 137/1/1439 141/1/1439
f 484/1/1440 138/1/1440 483/1/1440
f 481/1/1441 141/1/1441 145/1/1441
f 481/1/41 142/1/41 484/1/41
f 486/1/64 243/1/64 219/1/64
f 485/1/65 220/1/65 244/1/65
f 487/1/66 219/1/66 217/1/66
f 486/1/67 218/1/67 220/1/67
f 488/1/68 217/1/68 241/1/68
f 487/1/69 242/1/69 218/1/69
f 485/1/70 241/1/70 243/1/70
f 488/1/71 244/1/71 242/1/71
f 490/1/1442 133/1/1442 137/1/1442
f 490/1/535 134/1/535 489/1/535
f 491/1/74 137/1/74 293/1/74
f 490/1/1443 294/1/1443 138/1/1443
f 492/1/76 293/1/76 291/1/76
f 491/1/77 292/1/77 294/1/77
f 492/1/1444 133/1/1444 489/1/1444
f 489/1/1445 292/1/1445 492/1/1445
f 493/1/1446 81/1/1446 494/1/1446
f 494/1/1447 76/1/1447 493/1/1447
f 495/1/82 81/1/82 235/1/82
f 494/1/1448 236/1/1448 82/1/1448
f 495/1/84 231/1/84 496/1/84
f 495/1/1449 232/1/1449 236/1/1449
f 496/1/1450 75/1/1450 493/1/1450
f 493/1/1451 232/1/1451 496/1/1451
f 498/1/276 45/1/276 47/1/276
f 498/1/1400 46/1/1400 497/1/1400
f 498/1/232 39/1/232 499/1/232
f 499/1/1452 48/1/1452 498/1/1452
f 500/1/274 39/1/274 35/1/274
f 500/1/273 40/1/273 499/1/273
f 500/1/284 33/1/284 501/1/284
f 500/1/1453 34/1/1453 36/1/1453
f 502/1/212 33/1/212 37/1/212
f 501/1/1454 38/1/1454 34/1/1454
f 502/1/1455 41/1/1455 503/1/1455
f 502/1/1456 42/1/1456 38/1/1456
f 504/1/1457 41/1/1457 43/1/1457
f 503/1/248 44/1/248 42/1/248
f 504/1/1458 45/1/1458 497/1/1458
f 497/1/1459 44/1/1459 504/1/1459
f 505/1/1460 207/1/1460 506/1/1460
f 505/1/1461 208/1/1462 212/1/1461
f 507/1/1463 207/1/1463 209/1/1463
f 507/1/1464 208/1/1464 506/1/1464
f 507/1/109 205/1/109 508/1/109
f 507/1/1465 206/1/1465 210/1/1465
f 509/1/1466 205/1/1466 215/1/1467
f 509/1/112 206/1/112 508/1/112
f 510/1/1468 215/1/1468 213/1/1468
f 510/1/1469 216/1/1470 509/1/1470
f 510/1/115 211/1/115 505/1/115
f 505/1/1471 214/1/1472 510/1/1472
f 512/1/118 69/1/118 67/1/118
f 511/1/1473 68/1/1473 70/1/1473
f 512/1/1474 203/1/1474 513/1/1474
f 512/1/1475 204/1/1475 68/1/1475
f 513/1/123 193/1/123 514/1/123
f 513/1/124 194/1/124 204/1/124
f 515/1/1476 193/1/1476 197/1/1476
f 515/1/126 194/1/126 514/1/126
f 515/1/127 221/1/127 516/1/127
f 515/1/1477 222/1/1477 198/1/1477
f 511/1/129 221/1/129 69/1/129
f 516/1/130 70/1/130 222/1/130
f 517/1/1478 25/1/1478 518/1/1478
f 518/1/1479 30/1/1479 517/1/1479
f 519/1/133 25/1/133 41/1/133
f 518/1/134 42/1/134 26/1/134
f 519/1/1480 37/1/1480 520/1/1480
f 519/1/136 38/1/136 42/1/136
f 520/1/1481 29/1/1481 517/1/1481
f 517/1/1482 38/1/1482 520/1/1482
f 522/1/1483 151/1/1483 159/1/1483
f 522/1/449 152/1/449 521/1/449
f 523/1/1484 159/1/1484 393/1/1485
f 522/1/1486 394/1/1486 160/1/1486
f 524/1/143 393/1/143 399/1/143
f 523/1/1487 400/1/1487 394/1/1487
f 524/1/145 151/1/145 521/1/145
f 521/1/146 400/1/146 524/1/146
f 526/1/147 71/1/147 65/1/147
f 525/1/148 66/1/148 72/1/148
f 527/1/149 65/1/149 239/1/149
f 526/1/150 240/1/150 66/1/150
f 528/1/151 239/1/151 199/1/151
f 527/1/152 200/1/152 240/1/152
f 528/1/1488 195/1/1488 529/1/1489
f 528/1/155 196/1/155 200/1/155
f 530/1/156 195/1/156 201/1/156
f 530/1/157 196/1/157 529/1/157
f 525/1/1490 201/1/1490 71/1/1490
f 525/1/159 202/1/159 530/1/159
f 531/1/160 391/1/160 532/1/160
f 532/1/1491 388/1/1491 531/1/1491
f 532/1/1492 385/1/1492 533/1/1492
f 533/1/163 392/1/163 532/1/163
f 534/1/1493 385/1/1493 377/1/1493
f 533/1/165 378/1/165 386/1/165
f 531/1/1494 377/1/1494 387/1/1494
f 534/1/1495 388/1/1495 378/1/1495
f 535/1/1496 21/1/1497 536/1/1498
f 536/1/170 256/1/170 535/1/170
f 536/1/1499 31/1/1499 537/1/1499
f 536/1/1262 32/1/1262 22/1/1262
f 538/1/1500 31/1/173 251/1/1500
f 537/1/174 252/1/174 32/1/174
f 535/1/175 251/1/175 255/1/175
f 538/1/176 256/1/176 252/1/176
f 540/1/1501 49/1/1501 57/1/1501
f 540/1/289 50/1/289 539/1/289
f 540/1/204 51/1/204 541/1/204
f 541/1/1502 58/1/1502 540/1/1502
f 541/1/1503 55/1/1503 542/1/1503
f 541/1/2 56/1/2 52/1/2
f 543/1/1504 55/1/1504 53/1/1504
f 542/1/1430 54/1/1430 56/1/1430
f 543/1/235 63/1/235 544/1/235
f 544/1/18 54/1/18 543/1/18
f 544/1/1505 59/1/1505 545/1/1505
f 544/1/50 60/1/50 64/1/50
f 546/1/875 59/1/875 61/1/875
f 546/1/187 60/1/187 545/1/187
f 546/1/1506 49/1/1506 539/1/1506
f 546/1/1507 50/1/1507 62/1/1507
f 547/1/190 225/1/190 548/1/190
f 547/1/1508 226/1/1508 224/1/1508
f 548/1/192 99/1/192 549/1/192
f 549/1/1509 226/1/1509 548/1/1509
f 549/1/1510 91/1/1510 550/1/1510
f 549/1/1511 92/1/1511 100/1/1511
f 547/1/196 91/1/196 223/1/196
f 550/1/1512 224/1/1512 92/1/1512
f 551/1/1513 11/1/1513 552/1/1513
f 551/1/199 12/1/199 8/1/199
f 553/1/200 11/1/200 1/1/200
f 553/1/201 12/1/201 552/1/201
f 554/1/1514 1/1/1514 5/1/1514
f 554/1/1515 2/1/1515 553/1/1515
f 554/1/1516 7/1/1516 551/1/1516
f 551/1/1502 6/1/1502 554/1/1502
f 555/1/1517 97/1/1517 556/1/1517
f 555/1/207 98/1/207 94/1/207
f 556/1/1518 85/1/1518 557/1/1518
f 557/1/209 98/1/209 556/1/209
f 558/1/1519 85/1/1519 89/1/210
f 558/1/211 86/1/211 557/1/211
f 555/1/1520 89/1/1520 93/1/1520
f 558/1/95 94/1/95 90/1/95
f 560/1/1521 13/1/1522 17/1/1523
f 560/1/1524 14/1/1524 559/1/1524
f 560/1/1506 3/1/1506 561/1/1506
f 560/1/1507 4/1/1507 18/1/1507
f 561/1/1525 9/1/1525 562/1/1525
f 561/1/1526 10/1/1526 4/1/1526
f 559/1/218 9/1/218 13/1/218
f 562/1/219 14/1/219 10/1/219
f 564/1/1527 29/1/1527 31/1/1527
f 564/1/1528 30/1/1528 563/1/1528
f 565/1/1529 31/1/1529 21/1/1529
f 564/1/1530 22/1/1530 32/1/1530
f 565/1/225 25/1/225 566/1/225
f 565/1/226 26/1/226 22/1/226
f 566/1/53 29/1/53 563/1/53
f 566/1/1434 30/1/1434 26/1/1434
f 568/1/1531 91/1/1531 99/1/1531
f 568/1/1532 92/1/1532 567/1/1532
f 569/1/1533 99/1/1533 95/1/1533
f 569/1/230 100/1/230 568/1/230
f 570/1/275 95/1/275 87/1/275
f 569/1/232 88/1/232 96/1/232
f 570/1/1534 91/1/1534 567/1/1534
f 570/1/1535 92/1/1535 88/1/1535
f 572/1/17 23/1/17 31/1/17
f 572/1/185 24/1/185 571/1/185
f 572/1/237 29/1/237 573/1/237
f 572/1/1536 30/1/1536 32/1/1536
f 574/1/1537 29/1/1537 27/1/1537
f 574/1/22 30/1/22 573/1/22
f 571/1/1538 27/1/1538 23/1/1538
f 571/1/1539 28/1/1539 574/1/1539
f 575/1/1540 81/1/1540 576/1/1540
f 575/1/243 82/1/243 74/1/243
f 577/1/1541 81/1/1541 75/1/1541
f 576/1/1542 76/1/1542 82/1/1542
f 578/1/1543 75/1/1543 77/1/1543
f 578/1/1544 76/1/1544 577/1/1544
f 575/1/1545 77/1/1545 73/1/1545
f 578/1/249 74/1/249 78/1/249
f 579/1/285 143/1/285 580/1/285
f 580/1/251 136/1/251 579/1/251
f 581/1/1546 143/1/1546 139/1/1546
f 581/1/1547 144/1/1547 580/1/1547
f 582/1/288 139/1/288 129/1/288
f 582/1/289 140/1/289 581/1/289
f 582/1/1548 135/1/1548 579/1/1548
f 582/1/1549 136/1/1549 130/1/1549
f 584/1/1550 5/1/1551 253/1/1550
f 583/1/258 254/1/258 6/1/258
f 585/1/176 253/1/176 249/1/176
f 584/1/175 250/1/175 254/1/175
f 585/1/1552 7/1/1553 586/1/1553
f 586/1/1554 250/1/1554 585/1/1554
f 586/1/1555 5/1/1555 583/1/1555
f 583/1/1556 8/1/1556 586/1/1556
f 587/1/264 177/1/264 588/1/264
f 588/1/265 164/1/265 587/1/265
f 589/1/266 177/1/266 407/1/266
f 588/1/267 408/1/267 178/1/267
f 590/1/268 407/1/268 405/1/268
f 589/1/269 406/1/269 408/1/269
f 587/1/270 405/1/270 163/1/270
f 590/1/271 164/1/271 406/1/271
f 591/1/94 119/1/94 592/1/94
f 592/1/284 116/1/284 591/1/284
f 592/1/273 117/1/273 593/1/273
f 593/1/274 120/1/274 592/1/274
f 594/1/231 117/1/231 121/1/231
f 594/1/232 118/1/232 593/1/232
f 595/1/1423 121/1/1423 113/1/1423
f 595/1/30 122/1/30 594/1/30
f 595/1/325 127/1/325 596/1/325
f 596/1/1458 114/1/1458 595/1/1458
f 597/1/100 127/1/100 123/1/100
f 596/1/249 124/1/249 128/1/249
f 598/1/98 123/1/98 125/1/98
f 597/1/97 126/1/97 124/1/97
f 591/1/1557 125/1/1557 115/1/1557
f 591/1/95 126/1/95 598/1/95
f 599/1/1558 103/1/1558 600/1/1558
f 599/1/279 104/1/279 102/1/279
f 600/1/1559 97/1/1559 601/1/1559
f 601/1/281 104/1/281 600/1/281
f 602/1/1560 97/1/1560 93/1/1560
f 602/1/1561 98/1/1561 601/1/1561
f 599/1/272 93/1/272 101/1/272
f 602/1/284 102/1/284 94/1/284
f 603/1/1562 9/1/1562 604/1/1562
f 604/1/1563 2/1/1563 603/1/1563
f 605/1/286 9/1/286 3/1/286
f 605/1/1564 10/1/1564 604/1/1564
f 605/1/1565 5/1/1565 606/1/1565
f 606/1/289 4/1/289 605/1/289
f 606/1/1566 1/1/1566 603/1/1566
f 606/1/1567 2/1/1567 6/1/1567
f 608/1/292 147/1/292 151/1/292
f 608/1/1568 148/1/1568 607/1/1568
f 608/1/802 139/1/802 609/1/802
f 608/1/189 140/1/189 152/1/189
f 609/1/1569 143/1/1569 610/1/1569
f 609/1/1570 144/1/1570 140/1/1570
f 607/1/218 143/1/218 147/1/218
f 610/1/219 148/1/219 144/1/219
f 611/1/1571 103/1/1571 612/1/1571
f 612/1/298 100/1/298 611/1/298
f 613/1/299 103/1/1572 101/1/1572
f 613/1/300 104/1/300 612/1/300
f 614/1/1573 101/1/1573 95/1/1573
f 614/1/274 102/1/274 613/1/274
f 614/1/1574 99/1/1574 611/1/1574
f 614/1/302 100/1/302 96/1/302
f 616/1/1575 347/1/1575 113/1/1575
f 616/1/304 348/1/304 615/1/304
f 616/1/305 121/1/305 617/1/305
f 616/1/306 122/1/306 114/1/306
f 617/1/307 345/1/1576 618/1/1576
f 617/1/308 346/1/308 122/1/308
f 619/1/309 345/1/309 351/1/309
f 618/1/310 352/1/310 346/1/310
f 620/1/311 351/1/311 317/1/311
f 620/1/312 352/1/1577 619/1/1577
f 620/1/313 313/1/313 621/1/313
f 620/1/314 314/1/314 318/1/314
f 621/1/1578 211/1/1578 622/1/1578
f 621/1/1579 212/1/1579 314/1/1579
f 615/1/317 211/1/317 347/1/317
f 615/1/1580 212/1/1580 622/1/1580
f 623/1/1581 83/1/1581 624/1/1581
f 623/1/322 84/1/322 76/1/322
f 625/1/1582 83/1/1582 79/1/1582
f 625/1/324 84/1/324 624/1/324
f 626/1/1583 79/1/1583 77/1/1583
f 625/1/1458 78/1/1458 80/1/1458
f 626/1/1584 75/1/1584 623/1/1584
f 626/1/327 76/1/327 78/1/327
f 628/1/1585 133/1/1585 135/1/1585
f 628/1/201 134/1/201 627/1/201
f 629/1/1586 135/1/1586 129/1/1586
f 629/1/329 136/1/329 628/1/329
f 629/1/204 131/1/204 630/1/204
f 629/1/180 132/1/180 130/1/180
f 630/1/1587 133/1/1587 627/1/1587
f 630/1/332 134/1/332 132/1/332
f 631/1/333 89/1/333 632/1/333
f 632/1/97 74/1/97 631/1/97
f 632/1/334 85/1/334 633/1/334
f 632/1/336 86/1/336 90/1/336
f 633/1/337 81/1/337 634/1/337
f 633/1/338 82/1/338 86/1/338
f 631/1/1588 81/1/1588 73/1/1588
f 631/1/340 82/1/340 634/1/340
f 636/1/1589 171/1/1589 161/1/1589
f 636/1/1590 172/1/1590 635/1/1590
f 636/1/344 165/1/344 637/1/344
f 637/1/1591 162/1/1591 636/1/1591
f 638/1/347 165/1/347 167/1/347
f 638/1/348 166/1/348 637/1/348
f 635/1/349 167/1/349 171/1/349
f 638/1/1592 172/1/1592 168/1/1592
f 639/1/351 177/1/351 640/1/1593
f 640/1/1594 174/1/1594 639/1/1594
f 640/1/353 163/1/353 641/1/353
f 640/1/354 164/1/354 178/1/354
f 642/1/355 163/1/355 169/1/355
f 641/1/1595 170/1/1595 164/1/1596
f 639/1/358 169/1/358 173/1/358
f 639/1/1597 170/1/1597 642/1/1597
f 644/1/1598 183/1/1598 191/1/1598
f 644/1/1599 184/1/1599 643/1/1599
f 645/1/1600 191/1/1601 189/1/1600
f 644/1/1602 190/1/1602 192/1/1602
f 646/1/365 189/1/365 187/1/365
f 646/1/1603 190/1/1603 645/1/1603
f 646/1/1604 183/1/367 643/1/367
f 643/1/1605 188/1/1605 646/1/1605
f 648/1/370 187/1/370 175/1/370
f 648/1/371 188/1/371 647/1/371
f 648/1/372 179/1/372 649/1/372
f 649/1/1606 176/1/1606 648/1/1606
f 649/1/1607 183/1/1607 650/1/1607
f 649/1/1608 184/1/1608 180/1/1608
f 647/1/1609 183/1/1609 187/1/1609
f 650/1/377 188/1/377 184/1/377
f 651/1/379 169/1/379 652/1/379
f 652/1/380 162/1/380 651/1/380
f 652/1/1610 163/1/1610 653/1/1610
f 653/1/382 170/1/382 652/1/382
f 654/1/383 163/1/383 165/1/383
f 654/1/384 164/1/384 653/1/384
f 651/1/1611 165/1/1611 161/1/1611
f 654/1/1612 162/1/1612 166/1/1612
f 655/1/388 185/1/388 656/1/388
f 656/1/1613 174/1/1613 655/1/1613
f 656/1/390 181/1/390 657/1/390
f 657/1/391 186/1/392 656/1/391
f 658/1/1614 181/1/1614 177/1/1614
f 658/1/1615 182/1/1615 657/1/1615
f 655/1/1616 177/1/1616 173/1/1616
f 658/1/396 174/1/396 178/1/396
f 660/1/397 417/1/397 413/1/397
f 659/1/1617 414/1/1617 418/1/1617
f 661/1/1618 413/1/1618 365/1/1618
f 660/1/400 366/1/400 414/1/400
f 661/1/402 381/1/402 662/1/402
f 661/1/1619 382/1/1619 366/1/1619
f 662/1/404 417/1/404 659/1/404
f 659/1/1620 382/1/1621 662/1/1620
f 663/1/406 81/1/406 664/1/406
f 664/1/1622 236/1/1622 663/1/1622
f 665/1/408 81/1/408 85/1/408
f 664/1/1623 86/1/1623 82/1/1623
f 666/1/1624 85/1/1624 237/1/1624
f 665/1/1625 238/1/1625 86/1/1625
f 663/1/191 237/1/191 235/1/191
f 663/1/1626 238/1/1626 666/1/1626
f 668/1/412 111/1/412 243/1/412
f 668/1/413 112/1/413 667/1/413
f 669/1/414 243/1/414 241/1/414
f 668/1/415 242/1/415 244/1/415
f 670/1/416 241/1/416 109/1/416
f 669/1/417 110/1/417 242/1/417
f 667/1/1627 109/1/1627 111/1/1627
f 670/1/419 112/1/419 110/1/419
f 672/1/1628 203/1/1628 201/1/1628
f 671/1/421 202/1/421 204/1/421
f 673/1/422 201/1/422 195/1/422
f 672/1/1629 196/1/1629 202/1/1629
f 674/1/1630 195/1/1630 193/1/1630
f 673/1/1631 194/1/1631 196/1/1631
f 674/1/426 203/1/426 671/1/426
f 671/1/1632 194/1/1632 674/1/1632
f 675/1/428 315/1/428 676/1/428
f 675/1/429 316/1/429 312/1/429
f 676/1/430 355/1/1633 677/1/1633
f 676/1/431 356/1/431 316/1/431
f 678/1/432 355/1/432 341/1/432
f 677/1/433 342/1/433 356/1/433
f 679/1/434 341/1/434 119/1/434
f 679/1/435 342/1/1634 678/1/1634
f 679/1/1635 115/1/1635 680/1/1635
f 680/1/437 120/1/437 679/1/437
f 680/1/438 311/1/438 675/1/438
f 675/1/439 116/1/439 680/1/439
f 682/1/1636 319/1/1636 209/1/1637
f 681/1/1638 210/1/1638 320/1/1638
f 683/1/1639 209/1/1639 207/1/443
f 683/1/1640 210/1/1640 682/1/1640
f 684/1/446 207/1/446 321/1/446
f 683/1/447 322/1/447 208/1/447
f 684/1/448 319/1/448 681/1/448
f 684/1/449 320/1/449 322/1/449
f 686/1/450 319/1/450 323/1/450
f 685/1/172 324/1/172 320/1/172
f 687/1/451 323/1/451 125/1/451
f 686/1/452 126/1/452 324/1/452
f 687/1/1641 123/1/1641 688/1/1641
f 688/1/1480 126/1/1480 687/1/1480
f 688/1/1642 307/1/1642 689/1/1642
f 688/1/1643 308/1/1643 124/1/456
f 690/1/457 307/1/457 209/1/457
f 689/1/1644 210/1/1644 308/1/1644
f 685/1/1645 209/1/1645 319/1/1645
f 685/1/460 210/1/460 690/1/460
f 692/1/461 349/1/461 127/1/461
f 691/1/462 128/1/462 350/1/462
f 692/1/1646 113/1/1646 693/1/1646
f 693/1/1647 128/1/1647 692/1/1647
f 694/1/465 113/1/465 347/1/465
f 693/1/466 348/1/466 114/1/466
f 691/1/1648 347/1/1648 349/1/1648
f 691/1/1649 348/1/1649 694/1/1649
f 695/1/85 229/1/85 696/1/85
f 696/1/84 226/1/84 695/1/84
f 696/1/469 103/1/469 697/1/469
f 697/1/1650 230/1/1650 696/1/1650
f 698/1/1651 103/1/1651 99/1/1651
f 697/1/1652 100/1/1652 104/1/1652
f 695/1/473 99/1/473 225/1/473
f 698/1/1653 226/1/1653 100/1/1653
f 700/1/475 67/1/475 71/1/475
f 699/1/476 72/1/476 68/1/476
f 701/1/478 71/1/479 201/1/478
f 700/1/1654 202/1/1654 72/1/1654
f 702/1/1655 201/1/1655 203/1/1655
f 701/1/1656 204/1/1656 202/1/1656
f 702/1/1657 67/1/483 699/1/1658
f 699/1/1659 204/1/1659 702/1/1659
f 703/1/1660 1/1/1660 704/1/1660
f 704/1/1661 48/1/1661 703/1/1661
f 704/1/1662 11/1/1662 705/1/1662
f 704/1/1663 12/1/1663 2/1/1663
f 706/1/1664 11/1/1664 39/1/1664
f 705/1/1665 40/1/1665 12/1/1665
f 706/1/589 47/1/589 703/1/589
f 706/1/1666 48/1/1666 40/1/1666
f 708/1/1667 265/1/1667 279/1/1667
f 708/1/1668 266/1/1668 707/1/1668
f 709/1/495 279/1/495 277/1/495
f 708/1/496 278/1/496 280/1/496
f 710/1/497 277/1/497 261/1/497
f 709/1/1669 262/1/1669 278/1/1669
f 710/1/499 265/1/499 707/1/499
f 707/1/500 262/1/500 710/1/500
f 712/1/501 263/1/501 273/1/501
f 711/1/881 274/1/881 264/1/881
f 712/1/504 279/1/504 713/1/504
f 713/1/1670 274/1/1670 712/1/1670
f 714/1/1671 279/1/1671 265/1/1671
f 713/1/1672 266/1/1672 280/1/1672
f 711/1/508 265/1/508 263/1/509
f 714/1/1673 264/1/1673 266/1/1673
f 716/1/1674 83/1/1674 75/1/1674
f 715/1/1675 76/1/1675 84/1/1675
f 717/1/513 75/1/513 231/1/513
f 716/1/1676 232/1/1676 76/1/1676
f 718/1/515 231/1/515 227/1/515
f 717/1/516 228/1/516 232/1/516
f 718/1/517 83/1/517 715/1/517
f 715/1/1677 228/1/1677 718/1/1677
f 720/1/64 65/1/64 71/1/64
f 719/1/65 72/1/65 66/1/65
f 721/1/66 71/1/66 67/1/66
f 720/1/1678 68/1/1678 72/1/1678
f 722/1/68 67/1/68 69/1/68
f 721/1/69 70/1/69 68/1/69
f 719/1/70 69/1/70 65/1/70
f 722/1/1679 66/1/1679 70/1/1679
f 724/1/1680 397/1/1680 379/1/1680
f 723/1/1681 380/1/1681 398/1/1681
f 724/1/526 363/1/526 725/1/526
f 724/1/527 364/1/527 380/1/527
f 725/1/1682 371/1/1682 726/1/1682
f 726/1/1683 364/1/1683 725/1/1683
f 723/1/530 371/1/530 397/1/530
f 726/1/531 398/1/531 372/1/531
f 727/1/532 11/1/532 728/1/532
f 728/1/1684 40/1/1684 727/1/1684
f 729/1/1685 11/1/1685 15/1/1685
f 729/1/1686 12/1/1686 728/1/1686
f 730/1/536 15/1/536 35/1/536
f 729/1/1687 36/1/1687 16/1/1687
f 730/1/1688 39/1/1688 727/1/1688
f 730/1/735 40/1/735 36/1/735
f 732/1/540 379/1/540 381/1/540
f 731/1/1689 382/1/1689 380/1/1689
f 733/1/1690 381/1/1690 365/1/1690
f 733/1/543 382/1/543 732/1/543
f 733/1/1691 363/1/1691 734/1/1691
f 734/1/545 366/1/545 733/1/545
f 734/1/1692 379/1/1692 731/1/1692
f 731/1/547 364/1/547 734/1/547
f 735/1/548 373/1/548 736/1/548
f 736/1/549 370/1/549 735/1/549
f 736/1/550 367/1/550 737/1/550
f 736/1/551 368/1/551 374/1/551
f 738/1/1693 367/1/1693 361/1/1693
f 737/1/553 362/1/553 368/1/553
f 735/1/554 361/1/554 369/1/554
f 738/1/555 370/1/555 362/1/555
f 739/1/1694 385/1/1694 740/1/1694
f 740/1/557 378/1/557 739/1/557
f 741/1/558 385/1/558 373/1/558
f 740/1/1695 374/1/1695 386/1/1695
f 742/1/560 373/1/560 369/1/560
f 741/1/1696 370/1/1696 374/1/1696
f 742/1/562 377/1/562 739/1/562
f 739/1/563 370/1/563 742/1/563
f 743/1/564 219/1/564 744/1/564
f 744/1/565 108/1/565 743/1/565
f 745/1/147 219/1/147 243/1/147
f 744/1/148 244/1/148 220/1/148
f 746/1/149 243/1/149 111/1/149
f 745/1/150 112/1/150 244/1/150
f 743/1/151 111/1/151 107/1/151
f 746/1/152 108/1/152 112/1/152
f 747/1/1697 9/1/1697 748/1/1697
f 747/1/1698 10/1/1698 14/1/1698
f 749/1/1699 9/1/1699 45/1/1699
f 748/1/1700 46/1/1700 10/1/1700
f 750/1/464 45/1/464 43/1/464
f 750/1/804 46/1/804 749/1/804
f 750/1/572 13/1/572 747/1/572
f 747/1/1701 44/1/1701 750/1/1701
f 752/1/1702 139/1/1702 395/1/1703
f 751/1/1704 396/1/1704 140/1/1704
f 752/1/576 397/1/576 753/1/576
f 752/1/577 398/1/577 396/1/577
f 753/1/1705 129/1/1705 754/1/1705
f 754/1/1706 398/1/1706 753/1/1706
f 751/1/1707 129/1/1707 139/1/1707
f 754/1/314 140/1/314 130/1/314
f 756/1/580 287/1/580 215/1/580
f 755/1/581 216/1/581 288/1/581
f 756/1/582 205/1/582 757/1/582
f 757/1/583 216/1/583 756/1/583
f 758/1/584 205/1/584 285/1/584
f 757/1/585 286/1/585 206/1/585
f 755/1/586 285/1/586 287/1/586
f 758/1/1708 288/1/1708 286/1/1708
f 759/1/492 95/1/492 760/1/492
f 759/1/794 96/1/794 88/1/794
f 761/1/1709 95/1/1709 439/1/1709
f 760/1/591 440/1/591 96/1/591
f 761/1/1710 445/1/1710 762/1/1710
f 761/1/593 446/1/593 440/1/593
f 762/1/1711 87/1/1711 759/1/1711
f 759/1/595 446/1/595 762/1/595
f 763/1/1712 17/1/1713 764/1/1713
f 764/1/598 260/1/598 763/1/598
f 764/1/1714 21/1/1714 765/1/1714
f 764/1/599 22/1/599 18/1/599
f 766/1/1715 21/1/1716 255/1/1716
f 765/1/1717 256/1/1717 22/1/1717
f 763/1/76 255/1/76 259/1/76
f 766/1/77 260/1/77 256/1/77
f 768/1/602 269/1/602 263/1/602
f 767/1/603 264/1/603 270/1/603
f 768/1/604 265/1/604 769/1/604
f 768/1/605 266/1/605 264/1/605
f 769/1/606 261/1/606 770/1/606
f 769/1/607 262/1/607 266/1/607
f 771/1/608 261/1/608 267/1/608
f 770/1/609 268/1/609 262/1/609
f 772/1/610 267/1/610 271/1/610
f 772/1/612 268/1/612 771/1/612
f 767/1/613 271/1/613 269/1/613
f 767/1/614 272/1/614 772/1/614
f 774/1/615 275/1/615 277/1/615
f 773/1/616 278/1/616 276/1/616
f 775/1/617 277/1/617 279/1/617
f 775/1/618 278/1/1718 774/1/1718
f 776/1/619 279/1/619 273/1/619
f 776/1/620 280/1/620 775/1/620
f 776/1/603 281/1/603 777/1/603
f 776/1/602 282/1/602 274/1/602
f 777/1/621 283/1/621 778/1/621
f 777/1/622 284/1/622 282/1/622
f 778/1/623 275/1/623 773/1/623
f 778/1/1719 276/1/1719 284/1/1719
f 780/1/1720 17/1/626 259/1/1720
f 779/1/627 260/1/627 18/1/627
f 781/1/628 259/1/628 257/1/628
f 780/1/629 258/1/629 260/1/629
f 781/1/1721 3/1/1722 782/1/1722
f 782/1/1723 258/1/1723 781/1/1723
f 782/1/826 17/1/826 779/1/826
f 779/1/1724 4/1/1724 782/1/1724
f 783/1/635 141/1/635 784/1/635
f 784/1/1725 402/1/1725 783/1/1725
f 785/1/1726 141/1/1726 131/1/1726
f 785/1/638 142/1/638 784/1/638
f 786/1/1727 131/1/1727 371/1/1727
f 785/1/1728 372/1/1728 132/1/1728
f 783/1/641 371/1/641 401/1/641
f 786/1/642 402/1/642 372/1/642
f 788/1/77 305/1/77 303/1/77
f 788/1/76 306/1/76 787/1/76
f 788/1/643 155/1/643 789/1/643
f 789/1/1729 304/1/1729 788/1/1729
f 790/1/1730 155/1/1730 147/1/1730
f 790/1/646 156/1/646 789/1/646
f 787/1/647 147/1/647 305/1/647
f 790/1/1731 306/1/1731 148/1/1731
f 791/1/1732 45/1/1732 792/1/1732
f 792/1/650 48/1/650 791/1/650
f 792/1/1733 9/1/1733 793/1/1733
f 793/1/1734 46/1/1734 792/1/1734
f 794/1/1735 9/1/1735 1/1/1735
f 793/1/1736 2/1/1736 10/1/1736
f 791/1/655 1/1/655 47/1/655
f 794/1/1737 48/1/1737 2/1/1737
f 796/1/657 49/1/657 337/1/657
f 795/1/658 338/1/658 50/1/658
f 797/1/650 337/1/650 333/1/650
f 796/1/306 334/1/306 338/1/306
f 798/1/660 333/1/660 57/1/660
f 797/1/661 58/1/661 334/1/661
f 798/1/313 49/1/313 795/1/313
f 795/1/1738 58/1/1738 798/1/1738
f 800/1/662 413/1/662 167/1/662
f 799/1/663 168/1/663 414/1/663
f 800/1/664 165/1/664 801/1/664
f 801/1/665 168/1/665 800/1/665
f 802/1/666 165/1/666 409/1/666
f 801/1/667 410/1/667 166/1/667
f 799/1/668 409/1/668 413/1/668
f 799/1/669 410/1/669 802/1/669
f 803/1/1739 431/1/1739 804/1/1739
f 804/1/671 190/1/671 803/1/671
f 804/1/1740 441/1/1740 805/1/1740
f 804/1/1741 442/1/1741 432/1/1741
f 806/1/674 441/1/674 187/1/674
f 805/1/675 188/1/675 442/1/675
f 803/1/1742 187/1/1742 189/1/1742
f 803/1/677 188/1/677 806/1/677
f 807/1/1743 145/1/1743 808/1/1743
f 808/1/679 376/1/679 807/1/679
f 809/1/1744 145/1/1744 141/1/1744
f 808/1/429 142/1/429 146/1/429
f 810/1/1745 141/1/1745 401/1/1745
f 809/1/1746 402/1/1746 142/1/1746
f 807/1/683 401/1/683 375/1/683
f 807/1/684 402/1/684 810/1/684
f 811/1/685 427/1/685 812/1/685
f 812/1/686 162/1/686 811/1/686
f 812/1/1747 425/1/1747 813/1/1747
f 813/1/1748 428/1/1748 812/1/1748
f 814/1/689 425/1/689 169/1/689
f 813/1/690 170/1/690 426/1/690
f 814/1/1749 161/1/1749 811/1/1749
f 811/1/692 170/1/692 814/1/692
f 816/1/693 107/1/693 111/1/693
f 815/1/694 112/1/694 108/1/694
f 817/1/1750 111/1/1750 109/1/1750
f 817/1/696 112/1/696 816/1/696
f 818/1/697 109/1/697 105/1/697
f 817/1/698 106/1/698 110/1/698
f 815/1/1751 105/1/1751 107/1/1751
f 815/1/700 106/1/700 818/1/700
f 819/1/701 441/1/701 820/1/701
f 820/1/702 188/1/702 819/1/702
f 821/1/1752 441/1/1752 437/1/1752
f 821/1/1753 442/1/1753 820/1/1753
f 822/1/705 437/1/705 175/1/705
f 821/1/706 176/1/706 438/1/706
f 822/1/1754 187/1/1754 819/1/1754
f 819/1/708 176/1/708 822/1/708
f 824/1/1755 429/1/1755 185/1/1755
f 823/1/1756 186/1/1756 430/1/1756
f 824/1/1757 173/1/1757 825/1/1757
f 824/1/1758 174/1/1758 186/1/1758
f 825/1/713 423/1/713 826/1/713
f 826/1/714 174/1/714 825/1/714
f 826/1/1759 429/1/1759 823/1/1759
f 826/1/716 430/1/716 424/1/716
f 827/1/717 437/1/717 828/1/717
f 828/1/718 176/1/718 827/1/718
f 829/1/1760 437/1/1760 435/1/1760
f 828/1/1761 436/1/1761 438/1/1761
f 830/1/721 435/1/721 171/1/721
f 829/1/722 172/1/722 436/1/722
f 830/1/1762 175/1/1762 827/1/1762
f 827/1/724 172/1/724 830/1/724
f 832/1/1763 363/1/1763 365/1/1763
f 831/1/1764 366/1/1764 364/1/1764
f 833/1/727 365/1/727 359/1/727
f 832/1/728 360/1/728 366/1/728
f 833/1/729 357/1/729 834/1/729
f 834/1/730 360/1/730 833/1/730
f 834/1/1765 363/1/1765 831/1/1765
f 831/1/1766 358/1/1766 834/1/1766
f 836/1/733 51/1/733 329/1/733
f 835/1/734 330/1/734 52/1/734
f 837/1/1767 329/1/1767 325/1/1767
f 837/1/1688 330/1/1688 836/1/1688
f 838/1/736 325/1/736 55/1/736
f 837/1/737 56/1/737 326/1/737
f 838/1/1768 51/1/1768 835/1/1768
f 838/1/638 52/1/638 56/1/638
f 840/1/438 327/1/438 53/1/438
f 839/1/439 54/1/439 328/1/439
f 841/1/428 53/1/428 55/1/428
f 840/1/429 56/1/429 54/1/429
f 842/1/740 55/1/740 325/1/740
f 841/1/741 326/1/741 56/1/741
f 839/1/1769 325/1/1769 327/1/1769
f 842/1/743 328/1/743 326/1/743
f 844/1/1770 33/1/1770 35/1/1770
f 843/1/1769 36/1/1769 34/1/1769
f 844/1/745 15/1/745 845/1/745
f 845/1/746 36/1/746 844/1/746
f 845/1/1771 27/1/1771 846/1/1771
f 846/1/1059 16/1/1059 845/1/1059
f 843/1/1772 27/1/1772 33/1/1772
f 846/1/1773 34/1/1773 28/1/1773
f 848/1/751 153/1/751 155/1/751
f 847/1/132 156/1/132 154/1/132
f 849/1/1774 155/1/1774 303/1/1774
f 848/1/1775 304/1/1775 156/1/1775
f 849/1/176 299/1/176 850/1/176
f 850/1/175 304/1/175 849/1/175
f 850/1/1776 153/1/1776 847/1/1776
f 847/1/1777 300/1/1777 850/1/1777
f 852/1/118 241/1/118 217/1/118
f 851/1/119 218/1/119 242/1/119
f 853/1/756 217/1/756 105/1/756
f 852/1/757 106/1/757 218/1/757
f 854/1/127 105/1/127 109/1/127
f 853/1/128 110/1/128 106/1/128
f 854/1/129 241/1/129 851/1/129
f 851/1/130 110/1/130 854/1/130
f 856/1/758 267/1/758 261/1/758
f 855/1/759 262/1/759 268/1/759
f 857/1/1778 261/1/1778 277/1/1778
f 856/1/1779 278/1/1779 262/1/1779
f 857/1/762 275/1/762 858/1/762
f 857/1/763 276/1/763 278/1/763
f 855/1/764 275/1/764 267/1/764
f 858/1/1780 268/1/1780 276/1/1780
f 859/1/1781 117/1/1781 860/1/1781
f 860/1/1782 344/1/1782 859/1/1782
f 861/1/1389 117/1/1389 119/1/1389
f 860/1/1390 120/1/1390 118/1/1390
f 862/1/1783 119/1/1783 341/1/1783
f 861/1/772 342/1/772 120/1/772
f 859/1/1784 341/1/1784 343/1/1784
f 862/1/775 344/1/775 342/1/775
f 863/1/1785 315/1/1785 864/1/1785
f 864/1/778 356/1/778 863/1/778
f 865/1/779 315/1/779 309/1/779
f 865/1/638 316/1/638 864/1/638
f 866/1/1786 309/1/1786 353/1/1786
f 865/1/781 354/1/781 310/1/781
f 866/1/782 355/1/782 863/1/782
f 863/1/783 354/1/783 866/1/783
f 868/1/784 219/1/784 107/1/784
f 867/1/785 108/1/785 220/1/785
f 869/1/1787 107/1/1787 105/1/1787
f 868/1/787 106/1/787 108/1/787
f 870/1/788 105/1/788 217/1/788
f 869/1/789 218/1/789 106/1/789
f 867/1/790 217/1/790 219/1/790
f 870/1/791 220/1/791 218/1/791
f 871/1/1788 121/1/1788 872/1/1788
f 872/1/793 346/1/793 871/1/793
f 872/1/1789 117/1/1789 873/1/1789
f 872/1/589 118/1/589 122/1/589
f 874/1/1790 117/1/1790 343/1/1790
f 873/1/796 344/1/796 118/1/796
f 874/1/797 345/1/797 871/1/797
f 871/1/798 344/1/798 874/1/798
f 876/1/42 309/1/42 315/1/42
f 876/1/2 310/1/2 875/1/2
f 876/1/63 311/1/63 877/1/63
f 876/1/41 312/1/41 316/1/41
f 877/1/799 323/1/799 878/1/799
f 878/1/18 312/1/18 877/1/18
f 879/1/800 323/1/800 319/1/800
f 879/1/50 324/1/50 878/1/50
f 879/1/801 321/1/801 880/1/801
f 879/1/187 322/1/187 320/1/187
f 881/1/802 321/1/802 313/1/802
f 880/1/189 314/1/189 322/1/189
f 882/1/254 313/1/254 317/1/254
f 881/1/289 318/1/289 314/1/289
f 882/1/803 309/1/803 875/1/803
f 882/1/180 310/1/180 318/1/180
f 884/1/461 61/1/461 339/1/461
f 883/1/462 340/1/462 62/1/462
f 884/1/1791 337/1/1791 885/1/1791
f 884/1/464 338/1/464 340/1/464
f 886/1/806 337/1/806 49/1/806
f 885/1/807 50/1/807 338/1/807
f 886/1/826 61/1/826 883/1/826
f 883/1/809 50/1/809 886/1/809
f 887/1/810 421/1/810 888/1/810
f 887/1/1792 422/1/1792 452/1/1792
f 888/1/1793 93/1/1793 889/1/1793
f 889/1/1794 422/1/1794 888/1/1794
f 890/1/1345 93/1/1345 89/1/1345
f 889/1/815 90/1/815 94/1/815
f 887/1/816 89/1/816 451/1/816
f 890/1/817 452/1/817 90/1/817
f 891/1/1795 83/1/1795 892/1/1795
f 891/1/819 84/1/819 92/1/819
f 893/1/820 83/1/820 227/1/820
f 892/1/1796 228/1/1796 84/1/1796
f 894/1/822 227/1/822 223/1/822
f 894/1/823 228/1/823 893/1/823
f 894/1/824 91/1/824 891/1/824
f 891/1/1797 224/1/1797 894/1/1797
f 896/1/826 313/1/826 321/1/826
f 895/1/809 322/1/809 314/1/809
f 897/1/461 321/1/461 207/1/461
f 896/1/462 208/1/462 322/1/462
f 897/1/1798 211/1/1799 898/1/1799
f 897/1/1800 212/1/1800 208/1/1800
f 898/1/830 313/1/830 895/1/830
f 895/1/1801 212/1/1801 898/1/1801
f 900/1/412 239/1/412 65/1/412
f 899/1/413 66/1/413 240/1/413
f 901/1/1802 65/1/1802 69/1/1802
f 900/1/833 70/1/833 66/1/833
f 902/1/416 69/1/416 221/1/416
f 901/1/417 222/1/417 70/1/417
f 899/1/1803 221/1/1803 239/1/1803
f 902/1/419 240/1/419 222/1/419
f 903/1/1804 309/1/1804 904/1/1804
f 904/1/835 354/1/835 903/1/835
f 905/1/262 309/1/262 317/1/262
f 904/1/836 318/1/836 310/1/836
f 906/1/1805 317/1/1805 351/1/1806
f 905/1/1807 352/1/1807 318/1/1807
f 903/1/1808 351/1/1808 353/1/1808
f 906/1/840 354/1/840 352/1/840
f 907/1/841 85/1/841 908/1/841
f 908/1/1809 238/1/1809 907/1/1809
f 908/1/1810 97/1/1810 909/1/1810
f 908/1/1811 98/1/1811 86/1/1811
f 910/1/845 97/1/845 233/1/845
f 909/1/1812 234/1/1812 98/1/1812
f 907/1/823 233/1/823 237/1/823
f 910/1/822 238/1/822 234/1/822
f 911/1/1813 29/1/1813 912/1/1813
f 912/1/1221 28/1/1221 911/1/1221
f 913/1/850 29/1/850 37/1/850
f 912/1/1814 38/1/1814 30/1/1814
f 913/1/1815 33/1/1815 914/1/1815
f 914/1/1816 38/1/1816 913/1/1816
f 914/1/1817 27/1/1817 911/1/1817
f 911/1/1818 34/1/1818 914/1/1818
f 915/1/1819 199/1/1819 916/1/1819
f 916/1/1820 196/1/1820 915/1/1820
f 917/1/1821 199/1/1821 197/1/1821
f 916/1/787 198/1/787 200/1/787
f 918/1/1822 197/1/1822 193/1/1822
f 917/1/1823 194/1/1823 198/1/1823
f 915/1/1824 193/1/1824 195/1/1824
f 918/1/1825 196/1/1825 194/1/1825
f 920/1/1826 101/1/1826 93/1/1826
f 919/1/437 94/1/437 102/1/437
f 921/1/1827 93/1/1827 421/1/1827
f 920/1/862 422/1/862 94/1/862
f 922/1/863 421/1/863 449/1/863
f 921/1/1828 450/1/1828 422/1/1828
f 922/1/865 101/1/865 919/1/865
f 919/1/866 450/1/866 922/1/866
f 923/1/867 97/1/867 924/1/867
f 924/1/1829 234/1/1829 923/1/1829
f 925/1/1830 97/1/1830 103/1/1830
f 925/1/870 98/1/870 924/1/870
f 926/1/871 103/1/871 229/1/871
f 925/1/1831 230/1/1831 104/1/1831
f 926/1/516 233/1/516 923/1/516
f 926/1/515 234/1/515 230/1/515
f 928/1/1832 155/1/1832 159/1/1832
f 928/1/874 156/1/874 927/1/874
f 928/1/801 151/1/801 929/1/801
f 928/1/187 152/1/187 160/1/187
f 929/1/1833 147/1/1833 930/1/1833
f 929/1/877 148/1/877 152/1/877
f 930/1/1416 155/1/1416 927/1/1416
f 930/1/10 156/1/10 148/1/10
f 932/1/879 283/1/879 281/1/1834
f 931/1/880 282/1/880 284/1/880
f 933/1/502 281/1/502 269/1/502
f 932/1/1835 270/1/1835 282/1/1835
f 933/1/883 271/1/883 934/1/883
f 934/1/884 270/1/884 933/1/884
f 931/1/885 271/1/885 283/1/885
f 934/1/1836 284/1/1836 272/1/1836
f 935/1/1837 283/1/1837 936/1/1837
f 936/1/888 276/1/888 935/1/888
f 937/1/1838 283/1/1838 271/1/1838
f 936/1/890 272/1/890 284/1/890
f 938/1/1839 271/1/1839 267/1/1839
f 937/1/892 268/1/892 272/1/892
f 935/1/893 267/1/893 275/1/893
f 938/1/1840 276/1/1840 268/1/1840
f 939/1/1841 123/1/1841 940/1/1841
f 940/1/896 308/1/896 939/1/896
f 940/1/1842 127/1/1842 941/1/1842
f 940/1/1843 128/1/1843 124/1/1843
f 941/1/446 349/1/446 942/1/446
f 941/1/447 350/1/447 128/1/447
f 942/1/1844 307/1/1844 939/1/1844
f 942/1/1845 308/1/1845 350/1/1845
f 944/1/629 301/1/629 305/1/629
f 943/1/628 306/1/628 302/1/628
f 944/1/1846 147/1/1846 945/1/1846
f 945/1/1847 306/1/1847 944/1/1847
f 946/1/1848 147/1/1848 143/1/1848
f 945/1/1698 144/1/1698 148/1/1698
f 943/1/1849 143/1/1849 301/1/1849
f 946/1/1850 302/1/1850 144/1/1850
f 947/1/1851 399/1/1851 948/1/1852
f 948/1/1853 392/1/1853 947/1/1853
f 949/1/912 399/1/912 393/1/912
f 949/1/913 400/1/913 948/1/913
f 950/1/1854 393/1/1855 385/1/1855
f 949/1/1856 386/1/1856 394/1/1856
f 947/1/916 385/1/916 391/1/916
f 950/1/917 392/1/917 386/1/917
f 951/1/1857 397/1/1857 952/1/1857
f 952/1/1858 380/1/1858 951/1/1858
f 953/1/920 397/1/920 395/1/920
f 953/1/921 398/1/921 952/1/921
f 954/1/1859 395/1/1859 389/1/1859
f 953/1/1860 390/1/1860 396/1/924
f 951/1/925 389/1/925 379/1/925
f 951/1/926 390/1/926 954/1/926
f 956/1/1861 399/1/1861 391/1/1861
f 955/1/1862 392/1/1862 400/1/1862
f 956/1/929 389/1/929 957/1/929
f 956/1/930 390/1/930 392/1/930
f 957/1/1863 395/1/1864 958/1/1864
f 958/1/1865 390/1/1865 957/1/1865
f 955/1/933 395/1/933 399/1/933
f 955/1/934 396/1/934 958/1/934
f 959/1/1866 23/1/1867 960/1/1867
f 960/1/937 248/1/937 959/1/937
f 960/1/1868 19/1/1868 961/1/1868
f 960/1/739 20/1/739 24/1/739
f 962/1/1869 19/1/1870 245/1/1869
f 961/1/940 246/1/940 20/1/940
f 959/1/629 245/1/629 247/1/629
f 962/1/628 248/1/628 246/1/628
f 964/1/1871 7/1/1872 249/1/1872
f 963/1/942 250/1/942 8/1/942
f 965/1/77 249/1/77 245/1/77
f 964/1/76 246/1/76 250/1/76
f 965/1/1873 19/1/1874 966/1/1874
f 966/1/945 246/1/945 965/1/945
f 963/1/1875 19/1/1875 7/1/1875
f 963/1/738 20/1/738 966/1/738
f 967/1/1876 403/1/1876 968/1/1877
f 968/1/1878 374/1/1878 967/1/1878
f 969/1/950 403/1/950 375/1/950
f 969/1/951 404/1/951 968/1/951
f 970/1/1879 375/1/1879 367/1/1879
f 969/1/1880 368/1/1880 376/1/1880
f 967/1/954 367/1/954 373/1/954
f 967/1/955 368/1/955 970/1/955
f 971/1/1881 367/1/1881 972/1/1881
f 972/1/957 362/1/957 971/1/957
f 973/1/958 367/1/958 357/1/958
f 972/1/959 358/1/959 368/1/959
f 974/1/960 357/1/960 359/1/960
f 973/1/961 360/1/961 358/1/961
f 971/1/962 359/1/962 361/1/962
f 974/1/1882 362/1/1882 360/1/1882
f 975/1/1409 31/1/1883 976/1/1883
f 976/1/966 252/1/966 975/1/966
f 977/1/1285 31/1/1285 23/1/1285
f 976/1/1884 24/1/1884 32/1/1884
f 978/1/1885 23/1/1886 247/1/1886
f 977/1/1887 248/1/1887 24/1/1887
f 978/1/971 251/1/971 975/1/971
f 978/1/972 252/1/972 248/1/972
f 980/1/446 339/1/446 61/1/446
f 979/1/447 62/1/447 340/1/447
f 980/1/1888 59/1/1888 981/1/1888
f 980/1/449 60/1/449 62/1/449
f 982/1/1889 59/1/1889 335/1/1889
f 981/1/974 336/1/974 60/1/974
f 979/1/1890 335/1/1890 339/1/1890
f 982/1/1027 340/1/1027 336/1/1027
f 983/1/1891 451/1/1891 984/1/1891
f 984/1/977 422/1/977 983/1/977
f 985/1/978 451/1/1892 423/1/1892
f 984/1/1893 424/1/1893 452/1/1893
f 985/1/980 425/1/980 986/1/980
f 986/1/981 424/1/981 985/1/981
f 986/1/1894 421/1/1895 983/1/1894
f 983/1/1896 426/1/1896 986/1/1896
f 988/1/985 393/1/985 403/1/985
f 988/1/986 394/1/986 987/1/986
f 989/1/1897 403/1/1897 373/1/1897
f 988/1/1898 374/1/1898 404/1/1898
f 989/1/989 385/1/989 990/1/989
f 990/1/990 374/1/990 989/1/990
f 990/1/1899 393/1/1899 987/1/1899
f 987/1/1900 386/1/1900 990/1/1900
f 991/1/994 401/1/1901 992/1/1901
f 992/1/1902 358/1/1902 991/1/1902
f 993/1/996 401/1/996 371/1/996
f 993/1/997 402/1/997 992/1/997
f 994/1/1903 371/1/1903 363/1/1903
f 993/1/1904 364/1/1904 372/1/1904
f 994/1/1000 357/1/1000 991/1/1000
f 994/1/1001 358/1/1001 364/1/1001
f 996/1/1905 401/1/1905 357/1/1906
f 995/1/1907 358/1/1907 402/1/1907
f 997/1/1004 357/1/1004 367/1/1004
f 997/1/1005 358/1/1005 996/1/1005
f 997/1/1908 375/1/1908 998/1/1908
f 998/1/1909 368/1/1909 997/1/1909
f 995/1/1008 375/1/1008 401/1/1008
f 995/1/1009 376/1/1009 998/1/1009
f 1000/1/1010 289/1/1010 213/1/1010
f 999/1/1011 214/1/1011 290/1/1011
f 1000/1/1012 215/1/1012 1001/1/1012
f 1001/1/1910 214/1/1910 1000/1/1910
f 1002/1/1014 215/1/1014 287/1/1014
f 1001/1/1015 288/1/1015 216/1/1015
f 999/1/1016 287/1/1016 289/1/1016
f 1002/1/1911 290/1/1912 288/1/1911
f 1003/1/1913 135/1/1913 1004/1/1913
f 1004/1/1914 298/1/1914 1003/1/1914
f 1004/1/1915 133/1/1915 1005/1/1915
f 1005/1/1663 136/1/1663 1004/1/1663
f 1006/1/1916 133/1/1916 291/1/1916
f 1005/1/1917 292/1/1917 134/1/1917
f 1003/1/175 291/1/175 297/1/175
f 1006/1/176 298/1/176 292/1/176
f 1007/1/1918 13/1/1918 1008/1/1918
f 1008/1/1919 26/1/1919 1007/1/1919
f 1009/1/1920 13/1/1920 43/1/1920
f 1008/1/1921 44/1/1921 14/1/1921
f 1009/1/1922 41/1/1922 1010/1/1922
f 1010/1/1923 44/1/1923 1009/1/1923
f 1010/1/1028 25/1/1028 1007/1/1028
f 1007/1/1029 42/1/1029 1010/1/1029
f 1011/1/1924 131/1/1924 1012/1/1924
f 1012/1/1925 372/1/1925 1011/1/1925
f 1013/1/262 131/1/262 129/1/262
f 1012/1/836 130/1/836 132/1/836
f 1014/1/1926 129/1/1926 397/1/1032
f 1013/1/1927 398/1/1927 130/1/1927
f 1011/1/1034 397/1/1034 371/1/1034
f 1014/1/1035 372/1/1035 398/1/1035
f 1016/1/1928 3/1/1929 257/1/1929
f 1015/1/1037 258/1/1037 4/1/1037
f 1017/1/972 257/1/972 253/1/972
f 1017/1/971 258/1/971 1016/1/971
f 1017/1/1930 5/1/1931 1018/1/1931
f 1018/1/1040 254/1/1040 1017/1/1040
f 1015/1/313 5/1/313 3/1/313
f 1018/1/314 4/1/314 6/1/314
f 1020/1/1932 151/1/1932 399/1/1043
f 1019/1/1933 400/1/1933 152/1/1933
f 1021/1/1045 399/1/1045 395/1/1045
f 1020/1/1046 396/1/1046 400/1/1046
f 1021/1/1934 139/1/1934 1022/1/1934
f 1022/1/1935 396/1/1935 1021/1/1935
f 1019/1/1936 139/1/1936 151/1/1936
f 1019/1/809 140/1/809 1022/1/809
f 1023/1/1937 389/1/1937 1024/1/1937
f 1024/1/1051 384/1/1051 1023/1/1051
f 1025/1/1938 389/1/1938 391/1/1938
f 1025/1/1053 390/1/1053 1024/1/1053
f 1026/1/1054 391/1/1054 387/1/1054
f 1025/1/1939 388/1/1939 392/1/1939
f 1026/1/1056 383/1/1056 1023/1/1056
f 1026/1/1057 384/1/1057 388/1/1057
f 1027/1/1940 149/1/1940 1028/1/1940
f 1028/1/1059 138/1/1059 1027/1/1059
f 1029/1/1941 149/1/1941 295/1/1941
f 1028/1/1942 296/1/1942 150/1/1942
f 1030/1/628 295/1/628 293/1/628
f 1029/1/629 294/1/629 296/1/629
f 1030/1/1943 137/1/1943 1027/1/1943
f 1027/1/1944 294/1/1944 1030/1/1944
f 1032/1/1065 419/1/1065 383/1/1065
f 1031/1/1945 384/1/1945 420/1/1945
f 1033/1/1068 383/1/1068 387/1/1068
f 1032/1/1946 388/1/1946 384/1/1946
f 1033/1/1947 415/1/1947 1034/1/1947
f 1034/1/1071 388/1/1071 1033/1/1071
f 1034/1/1072 419/1/1072 1031/1/1072
f 1031/1/1073 416/1/1073 1034/1/1073
f 1036/1/1074 411/1/1074 415/1/1074
f 1035/1/1075 416/1/1075 412/1/1075
f 1037/1/1077 415/1/1077 387/1/1077
f 1036/1/1948 388/1/1948 416/1/1948
f 1038/1/1079 387/1/1079 377/1/1079
f 1038/1/1080 388/1/1080 1037/1/1080
f 1038/1/1949 411/1/1949 1035/1/1949
f 1035/1/1082 378/1/1082 1038/1/1082
f 1039/1/1950 181/1/1950 1040/1/1950
f 1039/1/1084 182/1/1084 192/1/1084
f 1041/1/1085 181/1/1085 185/1/1085
f 1040/1/1951 186/1/1951 182/1/1951
f 1042/1/1952 185/1/1952 189/1/1952
f 1041/1/1953 190/1/1953 186/1/1953
f 1042/1/1089 191/1/1954 1039/1/1089
f 1039/1/1955 190/1/1955 1042/1/1955
f 1044/1/1091 381/1/1091 383/1/1091
f 1044/1/1956 382/1/1956 1043/1/1956
f 1044/1/1093 419/1/1093 1045/1/1093
f 1045/1/1094 384/1/1094 1044/1/1094
f 1046/1/1095 419/1/1095 417/1/1095
f 1046/1/1957 420/1/1957 1045/1/1957
f 1043/1/1097 417/1/1097 381/1/1097
f 1046/1/1958 382/1/1958 418/1/1958
f 1048/1/1100 377/1/1100 369/1/1100
f 1047/1/1101 370/1/1101 378/1/1101
f 1048/1/1102 407/1/1102 1049/1/1102
f 1049/1/1959 370/1/1959 1048/1/1959
f 1049/1/1960 411/1/1960 1050/1/1960
f 1049/1/1961 412/1/1961 408/1/1961
f 1047/1/1106 411/1/1106 377/1/1106
f 1050/1/1962 378/1/1963 412/1/1963
f 1051/1/1108 365/1/1108 1052/1/1108
f 1051/1/1964 366/1/1964 360/1/1964
f 1052/1/1110 413/1/1110 1053/1/1110
f 1053/1/1111 366/1/1111 1052/1/1111
f 1053/1/1112 409/1/1112 1054/1/1112
f 1054/1/1113 414/1/1113 1053/1/1113
f 1051/1/1965 409/1/1965 359/1/1965
f 1054/1/1966 360/1/1967 410/1/1966
f 1056/1/1116 167/1/1116 179/1/1116
f 1056/1/1117 168/1/1117 1055/1/1117
f 1057/1/1119 179/1/1119 175/1/1119
f 1056/1/1120 176/1/1120 180/1/1968
f 1058/1/1122 175/1/1122 171/1/1122
f 1058/1/1969 176/1/1969 1057/1/1969
f 1058/1/1124 167/1/1124 1055/1/1124
f 1055/1/1970 172/1/1970 1058/1/1126
f 1060/1/1127 409/1/1127 405/1/1127
f 1060/1/1971 410/1/1971 1059/1/1971
f 1061/1/1130 405/1/1130 361/1/1130
f 1060/1/1972 362/1/1972 406/1/1972
f 1061/1/1133 359/1/1133 1062/1/1133
f 1062/1/1134 362/1/1134 1061/1/1134
f 1062/1/1973 409/1/1973 1059/1/1973
f 1059/1/1974 360/1/1136 1062/1/1974
f 1064/1/1137 419/1/1137 183/1/1137
f 1063/1/1138 184/1/1138 420/1/1138
f 1064/1/1139 179/1/1139 1065/1/1139
f 1064/1/1140 180/1/1140 184/1/1140
f 1065/1/1141 417/1/1141 1066/1/1141
f 1065/1/1142 418/1/1142 180/1/1142
f 1063/1/1143 417/1/1143 419/1/1143
f 1066/1/1144 420/1/1144 418/1/1144
f 1068/1/1145 423/1/1145 173/1/1145
f 1067/1/1146 174/1/1146 424/1/1146
f 1069/1/1147 173/1/1147 169/1/1147
f 1069/1/1148 174/1/1148 1068/1/1148
f 1069/1/1149 425/1/1149 1070/1/1149
f 1070/1/1150 170/1/1150 1069/1/1150
f 1067/1/1975 425/1/1975 423/1/1975
f 1070/1/1152 424/1/1152 426/1/1152
f 1072/1/1976 415/1/1976 191/1/1976
f 1071/1/1154 192/1/1154 416/1/1154
f 1072/1/1155 183/1/1155 1073/1/1155
f 1072/1/1156 184/1/1156 192/1/1156
f 1074/1/1157 183/1/1157 419/1/1157
f 1073/1/1158 420/1/1158 184/1/1158
f 1071/1/1159 419/1/1159 415/1/1159
f 1074/1/1160 416/1/1160 420/1/1160
f 1076/1/971 297/1/971 301/1/971
f 1075/1/972 302/1/972 298/1/972
f 1076/1/1977 143/1/1977 1077/1/1977
f 1077/1/1978 302/1/1978 1076/1/1978
f 1078/1/1979 143/1/1979 135/1/1979
f 1078/1/654 144/1/654 1077/1/654
f 1075/1/1164 135/1/1164 297/1/1164
f 1078/1/1980 298/1/1980 136/1/1980
f 1080/1/1167 191/1/1167 415/1/1167
f 1079/1/1168 416/1/1168 192/1/1168
f 1080/1/1169 411/1/1169 1081/1/1169
f 1080/1/1170 412/1/1170 416/1/1170
f 1082/1/1171 411/1/1171 181/1/1171
f 1081/1/1172 182/1/1172 412/1/1172
f 1082/1/1173 191/1/1173 1079/1/1173
f 1079/1/1174 182/1/1174 1082/1/1174
f 1083/1/305 87/1/305 1084/1/305
f 1083/1/306 88/1/306 80/1/306
f 1085/1/1176 87/1/1176 445/1/1176
f 1084/1/1177 446/1/1177 88/1/1177
f 1085/1/1178 443/1/1178 1086/1/1178
f 1086/1/1981 446/1/1981 1085/1/1981
f 1086/1/1982 79/1/1982 1083/1/1982
f 1083/1/1181 444/1/1181 1086/1/1181
f 1088/1/1983 379/1/1983 389/1/1983
f 1087/1/1183 390/1/1183 380/1/1183
f 1089/1/1984 389/1/1984 383/1/1984
f 1088/1/1185 384/1/1185 390/1/1185
f 1090/1/1186 383/1/1186 381/1/1186
f 1090/1/1985 384/1/1985 1089/1/1985
f 1090/1/1188 379/1/1188 1087/1/1188
f 1087/1/1189 382/1/1189 1090/1/1189
f 1091/1/1986 89/1/1986 1092/1/1986
f 1092/1/1191 452/1/1191 1091/1/1191
f 1092/1/1987 73/1/1987 1093/1/1987
f 1092/1/1988 74/1/1988 90/1/1988
f 1094/1/1989 73/1/1989 433/1/1989
f 1093/1/1990 434/1/1990 74/1/1990
f 1091/1/1991 433/1/1991 451/1/1991
f 1091/1/1992 434/1/1992 1094/1/1992
f 1096/1/1197 285/1/1197 307/1/1197
f 1096/1/1993 286/1/1993 1095/1/1993
f 1096/1/1994 349/1/1994 1097/1/1994
f 1096/1/1995 350/1/1995 308/1/1995
f 1098/1/1996 349/1/1996 347/1/1996
f 1098/1/1997 350/1/1997 1097/1/1997
f 1099/1/1204 347/1/1204 289/1/1204
f 1098/1/1998 290/1/1998 348/1/1998
f 1099/1/1999 287/1/1999 1100/1/1999
f 1099/1/2000 288/1/2000 290/1/2000
f 1100/1/2001 285/1/2001 1095/1/2001
f 1100/1/2002 286/1/2002 288/1/2002
f 1101/1/2003 447/1/2003 1102/1/2004
f 1102/1/2005 432/1/2005 1101/1/2005
f 1103/1/1214 447/1/1214 443/1/1214
f 1103/1/2006 448/1/2006 1102/1/2006
f 1104/1/2007 443/1/2008 441/1/2008
f 1103/1/2009 442/1/2009 444/1/2009
f 1101/1/1218 441/1/1218 431/1/1218
f 1101/1/1219 442/1/1219 1104/1/1219
f 1106/1/2010 149/1/2010 153/1/2010
f 1105/1/1221 154/1/1221 150/1/1221
f 1107/1/2011 153/1/2011 299/1/2011
f 1106/1/2012 300/1/2012 154/1/2012
f 1108/1/972 299/1/972 295/1/972
f 1107/1/971 296/1/971 300/1/971
f 1108/1/2013 149/1/2013 1105/1/2013
f 1105/1/2014 296/1/2014 1108/1/2014
f 1110/1/1226 417/1/1226 179/1/1226
f 1110/1/1227 418/1/1227 1109/1/1227
f 1111/1/1228 179/1/1228 167/1/1228
f 1111/1/1229 180/1/1229 1110/1/1229
f 1112/1/1230 167/1/1230 413/1/1230
f 1111/1/1231 414/1/1231 168/1/1231
f 1112/1/1232 417/1/1232 1109/1/1232
f 1109/1/1233 414/1/1233 1112/1/1233
f 1114/1/2015 443/1/2015 445/1/2015
f 1114/1/1235 444/1/1235 1113/1/1235
f 1115/1/2016 445/1/2016 437/1/2016
f 1114/1/2017 438/1/2017 446/1/2017
f 1116/1/1238 437/1/1238 441/1/1238
f 1116/1/1239 438/1/1239 1115/1/1239
f 1116/1/1241 443/1/2018 1113/1/2018
f 1113/1/2019 442/1/2019 1116/1/2019
f 1118/1/450 159/1/450 157/1/450
f 1118/1/1262 160/1/1262 1117/1/1262
f 1119/1/2020 157/1/2020 403/1/2020
f 1118/1/2021 404/1/2021 158/1/2021
f 1120/1/2022 403/1/2022 393/1/2022
f 1119/1/2023 394/1/2023 404/1/2023
f 1120/1/1247 159/1/1247 1117/1/1247
f 1117/1/2024 394/1/2024 1120/1/2024
f 1122/1/1249 285/1/1249 205/1/1249
f 1121/1/1250 206/1/1250 286/1/1250
f 1122/1/2025 209/1/1252 1123/1/2025
f 1123/1/2026 206/1/2027 1122/1/2027
f 1123/1/1255 307/1/1255 1124/1/1255
f 1123/1/1256 308/1/1256 210/1/1256
f 1121/1/2028 307/1/2028 285/1/2028
f 1124/1/2029 286/1/2029 308/1/2029
f 1126/1/2030 335/1/2030 59/1/2030
f 1125/1/1260 60/1/1260 336/1/1260
f 1127/1/2031 59/1/2031 63/1/2031
f 1126/1/1262 64/1/1262 60/1/1262
f 1128/1/451 63/1/451 331/1/451
f 1127/1/452 332/1/452 64/1/452
f 1128/1/2032 335/1/2032 1125/1/2032
f 1128/1/1988 336/1/1988 332/1/1988
f 1129/1/1264 407/1/1264 1130/1/1264
f 1129/1/1265 408/1/1265 406/1/1265
f 1131/1/2033 407/1/2033 369/1/2033
f 1130/1/1268 370/1/1268 408/1/1268
f 1132/1/1269 369/1/1269 361/1/1269
f 1131/1/2034 362/1/2034 370/1/2034
f 1132/1/1271 405/1/1271 1129/1/1271
f 1129/1/2035 362/1/2035 1132/1/2035
f 1133/1/2036 451/1/2037 1134/1/2037
f 1134/1/2038 424/1/2038 1133/1/2038
f 1135/1/1277 451/1/1277 433/1/1277
f 1134/1/1278 434/1/1278 452/1/1278
f 1136/1/1279 433/1/2039 429/1/2039
f 1135/1/2040 430/1/2041 434/1/2041
f 1133/1/2042 429/1/2042 423/1/2042
f 1136/1/1282 424/1/1282 430/1/1282
f 1138/1/1283 331/1/1283 63/1/1283
f 1137/1/1284 64/1/1284 332/1/1284
f 1139/1/2043 63/1/2043 53/1/2043
f 1139/1/1286 64/1/1286 1138/1/1286
f 1140/1/1287 53/1/1287 327/1/1287
f 1139/1/1288 328/1/1288 54/1/1288
f 1140/1/1816 331/1/1816 1137/1/1816
f 1137/1/1815 328/1/1815 1140/1/1815
f 1141/1/2044 445/1/2045 1142/1/2045
f 1142/1/2046 438/1/2046 1141/1/2046
f 1143/1/2047 445/1/2047 439/1/2047
f 1142/1/2048 440/1/2048 446/1/2048
f 1144/1/2049 439/1/2049 435/1/2049
f 1143/1/2050 436/1/2050 440/1/2050
f 1141/1/1298 435/1/1298 437/1/1298
f 1144/1/1299 438/1/1299 436/1/1299
f 1146/1/1301 447/1/1301 431/1/1301
f 1145/1/2051 432/1/2051 448/1/2051
f 1147/1/2052 431/1/2052 429/1/2052
f 1147/1/2053 432/1/2053 1146/1/2053
f 1147/1/2054 433/1/2054 1148/1/2054
f 1148/1/2055 430/1/2055 1147/1/2055
f 1145/1/2056 433/1/2056 447/1/2056
f 1145/1/2057 434/1/2057 1148/1/2057
f 1150/1/1309 57/1/1309 333/1/1309
f 1149/1/1310 334/1/1310 58/1/1310
f 1151/1/2058 333/1/2058 329/1/2058
f 1150/1/794 330/1/794 334/1/794
f 1152/1/1313 329/1/1313 51/1/1313
f 1151/1/1314 52/1/1314 330/1/1314
f 1149/1/2059 51/1/2059 57/1/2059
f 1149/1/263 52/1/263 1152/1/263
f 1154/1/1316 431/1/1316 189/1/1316
f 1153/1/1317 190/1/1317 432/1/1317
f 1155/1/2060 189/1/2060 185/1/2060
f 1154/1/2061 186/1/2061 190/1/2061
f 1155/1/1320 429/1/1320 1156/1/1320
f 1156/1/1321 186/1/1321 1155/1/1321
f 1156/1/2062 431/1/2062 1153/1/2062
f 1153/1/2063 430/1/2063 1156/1/2063
f 1157/1/2064 449/1/2064 1158/1/2064
f 1157/1/2065 450/1/2065 440/1/2065
f 1159/1/1327 449/1/1327 427/1/1327
f 1158/1/2066 428/1/2066 450/1/2066
f 1159/1/1329 435/1/1329 1160/1/1329
f 1159/1/2067 436/1/2067 428/1/2067
f 1160/1/1332 439/1/1332 1157/1/2068
f 1157/1/2069 436/1/2069 1160/1/2069
f 1161/1/1335 449/1/1335 1162/1/1335
f 1162/1/2070 428/1/2070 1161/1/2070
f 1162/1/2071 421/1/2071 1163/1/2071
f 1163/1/2072 450/1/2072 1162/1/2072
f 1164/1/1340 421/1/2073 425/1/1340
f 1163/1/2074 426/1/2074 422/1/2074
f 1161/1/1342 425/1/1342 427/1/1342
f 1164/1/1343 428/1/1343 426/1/1343
f 1166/1/1285 323/1/1285 311/1/1285
f 1165/1/1286 312/1/1286 324/1/1286
f 1167/1/1344 311/1/1344 115/1/1344
f 1166/1/1288 116/1/1288 312/1/1288
f 1168/1/814 115/1/814 125/1/814
f 1168/1/2075 116/1/2075 1167/1/2075
f 1168/1/1283 323/1/1283 1165/1/1283
f 1168/1/1284 324/1/1284 126/1/1284
f 1169/1/1346 435/1/1346 1170/1/1346
f 1170/1/1347 172/1/1347 1169/1/1347
f 1171/1/2076 435/1/2076 427/1/2076
f 1170/1/2077 428/1/2077 436/1/2077
f 1172/1/1350 427/1/1350 161/1/1350
f 1171/1/1351 162/1/1351 428/1/1351
f 1172/1/1352 171/1/1352 1169/1/1352
f 1172/1/1353 172/1/1353 162/1/1353
f 1174/1/1354 181/1/1354 411/1/1354
f 1173/1/1355 412/1/1355 182/1/1355
f 1175/1/1356 411/1/1356 407/1/1356
f 1174/1/1357 408/1/1357 412/1/1357
f 1176/1/1358 407/1/1358 177/1/1358
f 1175/1/1359 178/1/1359 408/1/1359
f 1176/1/1360 181/1/1360 1173/1/1360
f 1176/1/1361 182/1/1361 178/1/1361
f 1177/1/2078 73/1/2078 1178/1/2078
f 1178/1/2079 434/1/2079 1177/1/2079
f 1179/1/2080 73/1/2080 77/1/2080
f 1179/1/1922 74/1/1922 1178/1/1922
f 1180/1/2081 77/1/2081 447/1/2081
f 1179/1/2082 448/1/2082 78/1/2082
f 1180/1/2083 433/1/2083 1177/1/2083
f 1177/1/2084 448/1/2084 1180/1/2084
f 1181/1/1369 157/1/1369 1182/1/1369
f 1182/1/2085 404/1/2085 1181/1/2085
f 1183/1/2086 157/1/2086 145/1/2086
f 1183/1/1286 158/1/1286 1182/1/1286
f 1184/1/2087 145/1/2087 375/1/2087
f 1183/1/1372 376/1/1372 146/1/1372
f 1181/1/1373 375/1/1373 403/1/1373
f 1184/1/1374 404/1/1374 376/1/1374
f 1186/1/1375 163/1/1375 405/1/1375
f 1185/1/1376 406/1/1376 164/1/1376
f 1187/1/1377 405/1/1377 409/1/1377
f 1187/1/1378 406/1/1378 1186/1/1378
f 1188/1/1379 409/1/1379 165/1/1379
f 1187/1/1380 166/1/1380 410/1/1380
f 1188/1/1381 163/1/1381 1185/1/1381
f 1185/1/1382 166/1/1382 1188/1/1382
f 1189/1/1383 77/1/1383 1190/1/1383
f 1190/1/1384 448/1/1384 1189/1/1384
f 1191/1/2088 77/1/2088 79/1/2088
f 1190/1/464 80/1/464 78/1/464
f 1192/1/2089 79/1/2089 443/1/2089
f 1191/1/2090 444/1/2090 80/1/2090
f 1192/1/1387 447/1/1387 1189/1/1387
f 1189/1/2091 444/1/2091 1192/1/2091
f 1194/1/2092 95/1/2092 101/1/2092
f 1193/1/770 102/1/770 96/1/770
f 1195/1/2093 101/1/2093 449/1/2093
f 1194/1/1392 450/1/1392 102/1/1392
f 1195/1/2094 439/1/2094 1196/1/2094
f 1196/1/2095 450/1/2095 1195/1/2095
f 1196/1/2096 95/1/2096 1193/1/2096
f 1193/1/1396 440/1/1396 1196/1/1396
f 1198/1/2097 327/1/2097 325/1/2097
f 1198/1/284 328/1/284 1197/1/284
f 1198/1/273 329/1/273 1199/1/273
f 1199/1/91 326/1/91 1198/1/91
f 1199/1/90 333/1/90 1200/1/90
f 1199/1/232 334/1/232 330/1/232
f 1201/1/88 333/1/88 337/1/88
f 1200/1/276 338/1/276 334/1/276
f 1202/1/325 337/1/325 339/1/325
f 1202/1/1458 338/1/1458 1201/1/1458
f 1203/1/2098 339/1/2098 335/1/2098
f 1202/1/249 336/1/249 340/1/249
f 1204/1/2099 335/1/2099 331/1/2099
f 1204/1/97 336/1/97 1203/1/97
f 1204/1/1557 327/1/1557 1197/1/1557
f 1204/1/212 328/1/212 332/1/212
f 1206/1/693 199/1/693 239/1/693
f 1206/1/694 200/1/694 1205/1/694
f 1207/1/2100 239/1/2100 221/1/2100
f 1206/1/2101 222/1/2101 240/1/2101
f 1208/1/697 221/1/697 197/1/697
f 1207/1/698 198/1/698 222/1/698
f 1205/1/2102 197/1/2102 199/1/2102
f 1208/1/2103 200/1/2103 198/1/2103
f 1209/1/1403 347/1/1403 1210/1/1403
f 1210/1/1404 290/1/1404 1209/1/1404
f 1210/1/1405 211/1/1405 1211/1/1405
f 1210/1/2104 212/1/2104 348/1/2104
f 1212/1/1407 211/1/1407 213/1/1407
f 1211/1/2105 214/1/2105 212/1/2105
f 1209/1/1409 213/1/1409 289/1/1409
f 1212/1/1410 290/1/1410 214/1/1410
