# Blender 5.2.0 LTS
# www.blender.org
mtllib glass rpg body.mtl
o body
v 2.752646 0.348402 0.270566
v 2.753846 0.349534 0.271698
v 2.752619 0.318350 -0.000000
v 2.753873 0.316792 -0.000000
v 2.752646 0.460474 -0.000000
v 2.753846 0.462074 -0.000000
v 2.752619 0.247905 -0.170070
v 2.753873 0.246803 -0.168968
v 2.752619 0.247905 0.170070
v 2.753873 0.246803 0.168968
v 2.752646 0.077835 0.382639
v 2.753846 0.077835 0.384239
v 2.752451 0.077835 0.240343
v 2.754041 0.077835 0.239129
v 2.752646 0.348402 -0.270567
v 2.753846 0.349534 -0.271699
v 2.752451 0.077835 -0.240344
v 2.754041 0.077835 -0.239130
v 2.752646 0.077835 -0.382639
v 2.753846 0.077835 -0.384239
v 2.752646 -0.192732 -0.270567
v 2.753846 -0.193864 -0.271699
v 2.752619 -0.092235 -0.170070
v 2.753873 -0.091133 -0.168968
v 2.752646 -0.304805 0.000000
v 2.753846 -0.306405 0.000000
v 2.752619 -0.162680 0.000000
v 2.753873 -0.161122 0.000000
v 2.752646 -0.192732 0.270566
v 2.753846 -0.193864 0.271698
v 2.752619 -0.092235 0.170070
v 2.753873 -0.091133 0.168968
v 1.881566 -0.064327 0.142161
v 1.882860 -0.063249 0.141083
v 1.881566 0.077834 0.201046
v 1.882860 0.077834 0.199522
v 1.881566 -0.123212 0.000000
v 1.882860 -0.121688 0.000000
v 1.881566 -0.064327 -0.142162
v 1.882860 -0.063249 -0.141084
v 1.881566 0.219996 0.142161
v 1.882860 0.218918 0.141083
v 1.881566 0.077835 -0.201047
v 1.882860 0.077835 -0.199523
v 1.881566 0.219996 -0.142162
v 1.882860 0.218918 -0.141084
v 1.881566 0.278881 -0.000000
v 1.882860 0.277357 -0.000000
v -2.752646 0.077834 -0.135411
v -2.753846 0.077834 -0.137011
v -2.752646 -0.057577 0.000000
v -2.753846 -0.059177 0.000000
v -2.752646 0.077834 0.135410
v -2.753846 0.077834 0.137010
v -2.752646 -0.017916 0.095749
v -2.753846 -0.019048 0.096881
v -2.752646 -0.017916 -0.095750
v -2.753846 -0.019048 -0.096882
v -2.752646 0.213244 -0.000000
v -2.753846 0.214844 -0.000000
v -2.752646 0.173583 -0.095750
v -2.753846 0.174715 -0.096882
v -2.752646 0.173583 0.095749
v -2.753846 0.174715 0.096881
v -2.682809 0.136366 -0.083494
v -2.684223 0.136366 -0.084908
v -2.682939 0.220620 0.045697
v -2.684094 0.221774 0.044543
v -2.682939 0.220620 -0.045937
v -2.684094 0.221774 -0.044783
v -2.682919 0.316656 -0.083620
v -2.684113 0.317762 -0.084783
v -2.682919 0.316656 -0.045942
v -2.684113 0.317762 -0.044779
v -2.682809 0.136366 0.083254
v -2.684223 0.136366 0.084668
v -2.682919 0.316656 0.083379
v -2.684113 0.317762 0.084542
v -2.682919 0.316656 0.045701
v -2.684113 0.317762 0.044538
v -2.651358 0.498701 -0.009874
v -2.652730 0.499297 -0.011202
v -2.638377 0.550373 0.000275
v -2.639377 0.551749 0.001327
v -2.638377 0.550373 -0.000276
v -2.639377 0.551749 -0.001328
v -2.651358 0.498701 0.009873
v -2.652730 0.499297 0.011201
v -2.666629 0.217826 0.059200
v -2.668043 0.217826 0.060614
v -2.666759 0.504715 0.059330
v -2.667914 0.505869 0.060484
v -2.666629 0.217826 -0.059201
v -2.668043 0.217826 -0.060615
v -2.666759 0.504715 -0.059331
v -2.667914 0.505869 -0.060485
v -2.660520 0.501575 -0.055594
v -2.661934 0.501575 -0.057008
v -2.660650 0.634153 -0.037120
v -2.661804 0.632999 -0.035966
v -2.660650 0.656914 -0.055724
v -2.661804 0.658068 -0.056878
v -2.660520 0.501575 -0.037250
v -2.661934 0.501575 -0.035836
v -2.660650 0.634153 0.037119
v -2.661804 0.632999 0.035965
v -2.660650 0.656914 0.055723
v -2.661804 0.658068 0.056877
v -2.660520 0.501575 0.055593
v -2.661934 0.501575 0.057007
v -2.660520 0.501575 0.037249
v -2.661934 0.501575 0.035835
v -2.202874 0.173453 -0.095620
v -2.203222 0.174845 -0.097012
v -2.013401 0.279186 -0.000000
v -2.013721 0.281160 -0.000000
v -2.013401 0.220211 -0.142378
v -2.013721 0.221607 -0.143774
v -2.013401 0.077834 -0.201352
v -2.013721 0.077834 -0.203326
v -2.202874 0.213059 -0.000000
v -2.203222 0.215029 -0.000000
v -2.202874 0.077834 -0.135226
v -2.203222 0.077834 -0.137196
v -2.202874 0.173453 0.095619
v -2.203222 0.174845 0.097011
v -2.202874 -0.017786 -0.095620
v -2.203222 -0.019178 -0.097012
v -2.013401 0.220211 0.142377
v -2.013721 0.221607 0.143773
v -2.013401 0.077834 0.201352
v -2.013721 0.077834 0.203326
v -2.202874 0.077834 0.135225
v -2.203222 0.077834 0.137195
v -2.013401 -0.064544 -0.142378
v -2.013721 -0.065940 -0.143774
v -2.013401 -0.123518 0.000000
v -2.013721 -0.125492 0.000000
v -2.202874 -0.057392 0.000000
v -2.203222 -0.059362 0.000000
v -2.202874 -0.017786 0.095619
v -2.203222 -0.019178 0.097011
v -2.013401 -0.064544 0.142377
v -2.013721 -0.065940 0.143773
v -0.253630 0.280467 0.086677
v -0.252216 0.280467 0.088091
v -0.253630 0.280467 -0.086677
v -0.252216 0.280467 -0.088091
v -0.253500 0.348078 -0.051655
v -0.252346 0.349232 -0.050501
v -0.253500 0.439172 -0.086807
v -0.252346 0.440326 -0.087961
v -0.253500 0.439172 -0.051655
v -0.252346 0.440326 -0.050501
v -0.253500 0.348078 0.051655
v -0.252346 0.349232 0.050501
v -0.253500 0.439172 0.086807
v -0.252346 0.440326 0.087961
v -0.253500 0.439172 0.051655
v -0.252346 0.440326 0.050501
v -0.266069 0.504715 -0.059331
v -0.264915 0.505869 -0.060485
v -0.266199 0.336366 0.059200
v -0.264785 0.336366 0.060614
v -0.266199 0.336366 -0.059201
v -0.264785 0.336366 -0.060615
v -0.266069 0.504715 0.059330
v -0.264915 0.505869 0.060484
v -0.272251 0.501575 -0.055594
v -0.270837 0.501575 -0.057008
v -0.272121 0.656914 -0.055724
v -0.270967 0.658068 -0.056878
v -0.272121 0.634153 -0.037120
v -0.270967 0.632999 -0.035966
v -0.272251 0.501575 -0.037250
v -0.270837 0.501575 -0.035836
v -0.272121 0.634153 0.037119
v -0.270967 0.632999 0.035965
v -0.272121 0.656914 0.055723
v -0.270967 0.658068 0.056877
v -0.272251 0.501575 0.055593
v -0.270837 0.501575 0.057007
v -0.272251 0.501575 0.037249
v -0.270837 0.501575 0.035835
v -0.384414 -0.154392 -0.062961
v -0.383026 -0.155084 -0.064225
v -0.384414 -0.154392 0.062960
v -0.383026 -0.155084 0.064224
v -0.402695 -0.206408 -0.054534
v -0.401463 -0.207072 -0.055962
v -0.402695 -0.206408 0.054533
v -0.401463 -0.207072 0.055961
v -0.286332 0.566174 0.040709
v -0.284966 0.567492 0.040079
v -0.293714 0.560240 0.013006
v -0.292724 0.559196 0.011616
v -0.293714 0.560713 0.013006
v -0.292724 0.561757 0.011616
v -0.286332 0.554779 0.040709
v -0.284966 0.553461 0.040079
v -0.286332 0.566174 -0.040709
v -0.284966 0.567492 -0.040079
v -0.293714 0.560240 -0.013007
v -0.292724 0.559196 -0.011617
v -0.286332 0.554779 -0.040709
v -0.284966 0.553461 -0.040079
v -0.293714 0.560713 -0.013007
v -0.292724 0.561757 -0.011617
v -1.848833 -0.067610 -0.073865
v -1.850247 -0.067610 -0.075279
v -1.848818 -0.180609 -0.074015
v -1.850262 -0.181433 -0.075128
v -1.848818 -0.180609 0.074016
v -1.850262 -0.181433 0.075129
v -1.848833 -0.067610 0.073865
v -1.850247 -0.067610 0.075279
v -1.713142 -0.260727 0.074016
v -1.714585 -0.261551 0.075129
v -1.713142 -0.260727 -0.074015
v -1.714585 -0.261551 -0.075128
v -1.713140 -0.617451 -0.074012
v -1.714586 -0.618261 -0.075132
v -1.713140 -0.617451 0.074012
v -1.714586 -0.618261 0.075132
v -1.648975 -0.657049 -0.073717
v -1.649517 -0.657933 -0.075427
v -1.648975 -0.657049 0.073717
v -1.649517 -0.657933 0.075427
v -0.388196 0.438844 -0.087083
v -0.387593 0.440654 -0.087686
v -0.388472 0.331365 -0.086807
v -0.387318 0.330211 -0.087961
v -0.388473 0.439168 -0.113561
v -0.387317 0.440330 -0.114707
v -0.388472 0.331362 -0.115112
v -0.387318 0.330214 -0.116276
v -0.388473 0.439168 0.113561
v -0.387317 0.440330 0.114707
v -0.388472 0.331365 0.086807
v -0.387318 0.330211 0.087961
v -0.388472 0.439172 0.086807
v -0.387318 0.440326 0.087961
v -0.388472 0.331362 0.115112
v -0.387318 0.330214 0.116276
v -0.575258 0.348078 0.051655
v -0.574104 0.349232 0.050501
v -0.575258 0.439172 0.051655
v -0.574104 0.440326 0.050501
v -0.575258 0.439172 0.076815
v -0.574104 0.440326 0.075661
v -0.575258 0.348078 0.076815
v -0.574104 0.349232 0.075661
v -0.575258 0.439172 -0.051655
v -0.574104 0.440326 -0.050501
v -0.575258 0.348078 -0.051655
v -0.574104 0.349232 -0.050501
v -0.575258 0.439172 -0.076816
v -0.574104 0.440326 -0.075662
v -0.575258 0.348078 -0.076816
v -0.574104 0.349232 -0.075662
v -0.317400 0.656914 -0.055724
v -0.318554 0.658068 -0.056878
v -0.317400 0.656914 0.055723
v -0.318554 0.658068 0.056877
v -2.615372 0.656914 0.055723
v -2.614217 0.658068 0.056877
v -2.615372 0.656914 -0.055724
v -2.614217 0.658068 -0.056878
v -0.294777 0.560713 0.013006
v -0.295767 0.561757 0.011616
v -0.302158 0.566174 0.040709
v -0.303524 0.567492 0.040079
v -0.302158 0.566174 -0.040709
v -0.303524 0.567492 -0.040079
v -0.294777 0.560713 -0.013007
v -0.295767 0.561757 -0.011617
v -2.637209 0.550373 0.000275
v -2.636209 0.551749 0.001327
v -2.637209 0.550373 -0.000276
v -2.636209 0.551749 -0.001328
v -0.323452 0.504715 -0.059331
v -0.324606 0.505869 -0.060485
v -0.323452 0.504715 0.059330
v -0.324606 0.505869 0.060484
v -2.609376 0.504715 0.059330
v -2.608222 0.505869 0.060484
v -2.609376 0.504715 -0.059331
v -2.608222 0.505869 -0.060485
v -0.676381 0.439172 -0.051655
v -0.677535 0.440326 -0.050501
v -0.676381 0.439172 -0.086807
v -0.677535 0.440326 -0.087961
v -0.574308 0.439172 -0.086807
v -0.575462 0.440326 -0.087961
v -0.387783 0.438844 -0.076541
v -0.388386 0.440654 -0.075938
v -0.387507 0.439172 -0.051655
v -0.388661 0.440326 -0.050501
v -0.387507 0.439172 0.076815
v -0.388661 0.440326 0.075661
v -0.387507 0.439172 0.051655
v -0.388661 0.440326 0.050501
v -0.574308 0.439172 0.086807
v -0.575462 0.440326 0.087961
v -0.676381 0.439172 0.086807
v -0.677535 0.440326 0.087961
v -0.676381 0.439172 0.051655
v -0.677535 0.440326 0.050501
v -0.574307 0.439168 0.113561
v -0.575463 0.440330 0.114707
v -0.574307 0.439168 -0.113561
v -0.575463 0.440330 -0.114707
v -2.241776 0.350833 -0.045933
v -2.240663 0.352035 -0.044787
v -2.241776 0.350833 -0.083628
v -2.240663 0.352035 -0.084774
v -2.241776 0.350833 0.083388
v -2.240663 0.352035 0.084534
v -2.241776 0.350833 0.045693
v -2.240663 0.352035 0.044547
v -0.662822 -0.154392 0.062960
v -0.664210 -0.155084 0.064224
v -0.644541 -0.206408 0.054533
v -0.645773 -0.207072 0.055961
v -0.662822 -0.154392 -0.062961
v -0.664210 -0.155084 -0.064225
v -0.644541 -0.206408 -0.054534
v -0.645773 -0.207072 -0.055962
v -0.574308 0.331362 0.115112
v -0.575462 0.330214 0.116276
v -0.574308 0.331362 -0.115112
v -0.575462 0.330214 -0.116276
v -0.676381 0.348078 0.051655
v -0.677535 0.349232 0.050501
v -0.676381 0.348078 -0.051655
v -0.677535 0.349232 -0.050501
v -0.387507 0.348078 -0.051655
v -0.388661 0.349232 -0.050501
v -0.387507 0.348078 0.051655
v -0.388661 0.349232 0.050501
v -0.387507 0.348078 0.076815
v -0.388661 0.349232 0.075661
v -0.387507 0.348078 -0.076816
v -0.388661 0.349232 -0.075662
v -2.531437 0.311753 -0.083561
v -2.532205 0.310423 -0.084841
v -2.395922 0.295943 -0.083442
v -2.394794 0.295293 -0.084960
v -2.515787 0.295943 -0.083442
v -2.516915 0.295293 -0.084960
v -2.401789 0.274485 -0.083561
v -2.400253 0.274485 -0.084841
v -2.509921 0.274485 -0.083561
v -2.511457 0.274485 -0.084841
v -2.380272 0.311753 -0.083561
v -2.379504 0.310423 -0.084841
v -2.358756 0.317518 -0.083561
v -2.358756 0.315982 -0.084841
v -2.552954 0.317518 -0.083561
v -2.552954 0.315982 -0.084841
v -2.574470 0.311753 -0.083561
v -2.573702 0.310423 -0.084841
v -2.337238 0.311753 -0.083561
v -2.338006 0.310423 -0.084841
v -2.321588 0.295943 -0.083442
v -2.322716 0.295293 -0.084960
v -2.315722 0.274485 -0.083561
v -2.317258 0.274485 -0.084841
v -2.241926 0.136366 -0.083494
v -2.240512 0.136366 -0.084908
v -2.321588 0.253028 -0.083442
v -2.322716 0.253678 -0.084960
v -2.337238 0.237218 -0.083561
v -2.338006 0.238548 -0.084841
v -2.358756 0.231452 -0.083561
v -2.358756 0.232988 -0.084841
v -2.380272 0.237218 -0.083561
v -2.379504 0.238548 -0.084841
v -2.531437 0.237218 -0.083561
v -2.532205 0.238548 -0.084841
v -2.395922 0.253028 -0.083442
v -2.394794 0.253678 -0.084960
v -2.515787 0.253028 -0.083442
v -2.516915 0.253678 -0.084960
v -2.552954 0.231452 -0.083561
v -2.552954 0.232988 -0.084841
v -2.574470 0.237218 -0.083561
v -2.573702 0.238548 -0.084841
v -2.590120 0.253028 -0.083442
v -2.588992 0.253678 -0.084960
v -2.595988 0.274485 -0.083561
v -2.594452 0.274485 -0.084841
v -2.590120 0.295943 -0.083442
v -2.588992 0.295293 -0.084960
v -2.315722 0.274485 0.083321
v -2.317258 0.274485 0.084601
v -2.241926 0.136366 0.083254
v -2.240512 0.136366 0.084668
v -2.321588 0.295943 0.083202
v -2.322716 0.295293 0.084720
v -2.337238 0.311753 0.083321
v -2.338006 0.310423 0.084601
v -2.358756 0.317518 0.083321
v -2.358756 0.315982 0.084601
v -2.321588 0.253028 0.083202
v -2.322716 0.253678 0.084720
v -2.337238 0.237218 0.083321
v -2.338006 0.238548 0.084601
v -2.358756 0.231452 0.083321
v -2.358756 0.232988 0.084601
v -2.380272 0.237218 0.083321
v -2.379504 0.238548 0.084601
v -2.531437 0.237218 0.083321
v -2.532205 0.238548 0.084601
v -2.395922 0.253028 0.083202
v -2.394794 0.253678 0.084720
v -2.515787 0.253028 0.083202
v -2.516915 0.253678 0.084720
v -2.401789 0.274485 0.083321
v -2.400253 0.274485 0.084601
v -2.509921 0.274485 0.083321
v -2.511457 0.274485 0.084601
v -2.552954 0.231452 0.083321
v -2.552954 0.232988 0.084601
v -2.574470 0.237218 0.083321
v -2.573702 0.238548 0.084601
v -2.590120 0.253028 0.083202
v -2.588992 0.253678 0.084720
v -2.595988 0.274485 0.083321
v -2.594452 0.274485 0.084601
v -2.590120 0.295943 0.083202
v -2.588992 0.295293 0.084720
v -2.574470 0.311753 0.083321
v -2.573702 0.310423 0.084601
v -2.552954 0.317518 0.083321
v -2.552954 0.315982 0.084601
v -2.531437 0.311753 0.083321
v -2.532205 0.310423 0.084601
v -2.380272 0.311753 0.083321
v -2.379504 0.310423 0.084601
v -2.395922 0.295943 0.083202
v -2.394794 0.295293 0.084720
v -2.515787 0.295943 0.083202
v -2.516915 0.295293 0.084720
v -0.574308 0.331365 -0.086807
v -0.575462 0.330211 -0.087961
v -0.676251 0.280467 -0.086677
v -0.677665 0.280467 -0.088091
v -0.574308 0.331365 0.086807
v -0.575462 0.330211 0.087961
v -0.676251 0.280467 0.086677
v -0.677665 0.280467 0.088091
v -1.174762 -0.067610 0.073865
v -1.173348 -0.067610 0.075279
v -1.174777 -0.180609 0.074016
v -1.173333 -0.181433 0.075129
v -1.310453 -0.260727 0.074016
v -1.309009 -0.261551 0.075129
v -1.310454 -0.617451 0.074012
v -1.309008 -0.618261 0.075132
v -1.374620 -0.657049 0.073717
v -1.374078 -0.657933 0.075427
v -1.174762 -0.067610 -0.073865
v -1.173348 -0.067610 -0.075279
v -1.174777 -0.180609 -0.074015
v -1.173333 -0.181433 -0.075128
v -1.310453 -0.260727 -0.074015
v -1.309009 -0.261551 -0.075128
v -1.310454 -0.617451 -0.074012
v -1.309008 -0.618261 -0.075131
v -1.374620 -0.657049 -0.073717
v -1.374078 -0.657933 -0.075427
v -2.624230 0.498702 0.009873
v -2.622858 0.499298 0.011201
v -2.624230 0.498702 -0.009874
v -2.622858 0.499298 -0.011202
v -0.323322 0.336366 -0.059201
v -0.324736 0.336366 -0.060615
v -0.323322 0.336366 0.059200
v -0.324736 0.336366 0.060614
v -2.609506 0.217826 -0.059201
v -2.608092 0.217826 -0.060615
v -2.609506 0.217826 0.059200
v -2.608092 0.217826 0.060614
v -0.317270 0.501575 -0.055594
v -0.318684 0.501575 -0.057008
v -0.317270 0.501575 0.055593
v -0.318684 0.501575 0.057007
v -2.615501 0.501575 -0.055594
v -2.614087 0.501575 -0.057008
v -2.615501 0.501575 0.055593
v -2.614087 0.501575 0.057007
v -0.294777 0.560240 0.013006
v -0.295767 0.559196 0.011616
v -0.294777 0.560240 -0.013007
v -0.295767 0.559196 -0.011617
v -2.241796 0.220620 0.045697
v -2.240642 0.221774 0.044543
v -2.241796 0.220620 -0.045937
v -2.240642 0.221774 -0.044783
v -0.317270 0.501575 0.037249
v -0.318684 0.501575 0.035835
v -0.317400 0.634153 0.037119
v -0.318554 0.632999 0.035965
v -0.317400 0.634153 -0.037120
v -0.318554 0.632999 -0.035966
v -0.317270 0.501575 -0.037250
v -0.318684 0.501575 -0.035836
v -2.615372 0.634153 0.037119
v -2.614217 0.632999 0.035965
v -2.615501 0.501575 0.037249
v -2.614087 0.501575 0.035835
v -2.615501 0.501575 -0.037250
v -2.614087 0.501575 -0.035836
v -2.615372 0.634153 -0.037120
v -2.614217 0.632999 -0.035966
v -2.315722 0.274485 -0.046000
v -2.317258 0.274485 -0.044720
v -2.321588 0.253028 -0.046119
v -2.322716 0.253678 -0.044601
v -2.337238 0.237218 -0.046000
v -2.338006 0.238548 -0.044720
v -2.321588 0.295943 -0.046119
v -2.322716 0.295293 -0.044601
v -2.337238 0.311753 -0.046000
v -2.338006 0.310423 -0.044720
v -2.358756 0.317518 -0.046000
v -2.358756 0.315982 -0.044720
v -2.552954 0.317518 -0.046000
v -2.552954 0.315982 -0.044720
v -2.574470 0.311753 -0.046000
v -2.573702 0.310423 -0.044720
v -2.531437 0.311753 -0.046000
v -2.532205 0.310423 -0.044720
v -2.380272 0.311753 -0.046000
v -2.379504 0.310423 -0.044720
v -2.395922 0.295943 -0.046119
v -2.394794 0.295293 -0.044601
v -2.515787 0.295943 -0.046119
v -2.516915 0.295293 -0.044601
v -2.401789 0.274485 -0.046000
v -2.400253 0.274485 -0.044720
v -2.531437 0.237218 -0.046000
v -2.532205 0.238548 -0.044720
v -2.395922 0.253028 -0.046119
v -2.394794 0.253678 -0.044601
v -2.515787 0.253028 -0.046119
v -2.516915 0.253678 -0.044601
v -2.509921 0.274485 -0.046000
v -2.511457 0.274485 -0.044720
v -2.380272 0.237218 -0.046000
v -2.379504 0.238548 -0.044720
v -2.358756 0.231452 -0.046000
v -2.358756 0.232988 -0.044720
v -2.552954 0.231452 -0.046000
v -2.552954 0.232988 -0.044720
v -2.574470 0.237218 -0.046000
v -2.573702 0.238548 -0.044720
v -2.590120 0.253028 -0.046119
v -2.588992 0.253678 -0.044601
v -2.595988 0.274485 -0.046000
v -2.594452 0.274485 -0.044720
v -2.590120 0.295943 -0.046119
v -2.588992 0.295293 -0.044601
v -2.358756 0.231452 0.045760
v -2.358756 0.232988 0.044480
v -2.531437 0.237218 0.045760
v -2.532205 0.238548 0.044480
v -2.380272 0.237218 0.045760
v -2.379504 0.238548 0.044480
v -2.395922 0.253028 0.045879
v -2.394794 0.253678 0.044361
v -2.515787 0.253028 0.045879
v -2.516915 0.253678 0.044361
v -2.401789 0.274485 0.045760
v -2.400253 0.274485 0.044480
v -2.509921 0.274485 0.045760
v -2.511457 0.274485 0.044480
v -2.552954 0.231452 0.045760
v -2.552954 0.232988 0.044480
v -2.337238 0.237218 0.045760
v -2.338006 0.238548 0.044480
v -2.574470 0.237218 0.045760
v -2.573702 0.238548 0.044480
v -2.590120 0.253028 0.045879
v -2.588992 0.253678 0.044361
v -2.595988 0.274485 0.045760
v -2.594452 0.274485 0.044480
v -2.590120 0.295943 0.045879
v -2.588992 0.295293 0.044361
v -2.574470 0.311753 0.045760
v -2.573702 0.310423 0.044480
v -2.531437 0.311753 0.045760
v -2.532205 0.310423 0.044480
v -2.395922 0.295943 0.045879
v -2.394794 0.295293 0.044361
v -2.515787 0.295943 0.045879
v -2.516915 0.295293 0.044361
v -2.380272 0.311753 0.045760
v -2.379504 0.310423 0.044480
v -2.358756 0.317518 0.045760
v -2.358756 0.315982 0.044480
v -2.552954 0.317518 0.045760
v -2.552954 0.315982 0.044480
v -2.337296 0.311652 0.045879
v -2.337947 0.310524 0.044361
v -2.321588 0.295943 0.045879
v -2.322716 0.295293 0.044361
v -2.315722 0.274485 0.045760
v -2.317258 0.274485 0.044480
v -2.321487 0.252969 0.045760
v -2.322817 0.253737 0.044480
v -0.891752 0.341422 -0.000000
v -0.892298 0.343346 -0.000000
v -0.051888 0.341384 -0.000000
v -0.051888 0.343384 -0.000000
v -0.891752 0.264219 -0.186385
v -0.892298 0.265579 -0.187745
v -0.051888 0.264192 -0.186358
v -0.051888 0.265606 -0.187772
v -0.051888 0.264192 0.186358
v -0.051888 0.265606 0.187772
v -0.891752 0.077834 -0.263587
v -0.892298 0.077834 -0.265511
v -0.891752 0.264219 0.186385
v -0.892298 0.265579 0.187745
v -0.051888 0.077834 0.263551
v -0.051888 0.077834 0.265551
v -0.891752 0.077834 0.263589
v -0.892298 0.077834 0.265513
v -0.051888 0.077834 -0.263549
v -0.051888 0.077834 -0.265549
v -0.891752 -0.108551 -0.186385
v -0.892298 -0.109911 -0.187745
v -0.051888 -0.108524 -0.186358
v -0.051888 -0.109938 -0.187772
v -0.891752 -0.185754 0.000000
v -0.892298 -0.187678 0.000000
v -0.051888 -0.185716 0.000000
v -0.051888 -0.187716 0.000000
v -0.891752 -0.108551 0.186385
v -0.892298 -0.109911 0.187745
v -0.051888 -0.108524 0.186358
v -0.051888 -0.109938 0.187772
v -0.983030 -0.064571 0.142404
v -0.983658 -0.065913 0.143746
v -0.983030 0.077834 0.201389
v -0.983658 0.077834 0.203289
v -0.983030 -0.123555 0.000000
v -0.983658 -0.125455 0.000000
v -0.983030 -0.064571 -0.142405
v -0.983658 -0.065913 -0.143747
v -0.983030 0.077834 -0.201389
v -0.983658 0.077834 -0.203289
v -0.983030 0.220238 -0.142405
v -0.983658 0.221580 -0.143747
v -0.983030 0.279223 -0.000000
v -0.983658 0.281123 -0.000000
v -0.983030 0.220238 0.142404
v -0.983658 0.221580 0.143746
v -0.302158 0.554779 0.040709
v -0.303524 0.553461 0.040079
v -0.302158 0.554779 -0.040709
v -0.303524 0.553461 -0.040079
v 2.510373 0.077835 0.307755
v 2.509473 0.077835 0.309541
v 1.507824 0.221921 0.144087
v 1.507618 0.223327 0.145493
v 1.507824 0.077834 0.203769
v 1.507618 0.077834 0.205759
v 2.510373 0.295450 0.217615
v 2.509473 0.296712 0.218877
v 2.510373 0.385589 -0.000000
v 2.509473 0.387375 -0.000000
v 1.507824 0.281604 -0.000000
v 1.507618 0.283594 -0.000000
v 1.507824 0.221921 -0.144088
v 1.507618 0.223327 -0.145494
v 2.510373 0.295450 -0.217616
v 2.509473 0.296712 -0.218878
v 2.510373 0.077835 -0.307755
v 2.509473 0.077835 -0.309541
v 1.507824 0.077834 -0.203770
v 1.507618 0.077834 -0.205760
v 1.507824 -0.066254 -0.144088
v 1.507618 -0.067660 -0.145494
v 2.510373 -0.139781 -0.217616
v 2.509473 -0.141043 -0.218878
v 2.510373 -0.229919 0.000000
v 2.509473 -0.231705 0.000000
v 1.507824 -0.125936 0.000000
v 1.507618 -0.127926 0.000000
v 1.507824 -0.066254 0.144087
v 1.507618 -0.067660 0.145493
v 2.510373 -0.139781 0.217615
v 2.509473 -0.141043 0.218877
v 2.587703 0.460333 -0.000000
v 2.587025 0.462215 -0.000000
v 2.587703 0.348302 -0.270468
v 2.587025 0.349632 -0.271798
v 2.587703 0.077835 -0.382498
v 2.587025 0.077835 -0.384380
v 2.587703 0.348303 0.270467
v 2.587025 0.349633 0.271797
v 2.587703 0.077835 0.382498
v 2.587025 0.077835 0.384380
v 2.587703 -0.192633 -0.270468
v 2.587025 -0.193963 -0.271798
v 2.587703 -0.304664 0.000000
v 2.587025 -0.306546 0.000000
v 2.587703 -0.192633 0.270467
v 2.587025 -0.193963 0.271797
v 2.753246 0.076835 -0.240405
v 2.753246 -0.092449 -0.170284
v 2.753246 -0.162983 0.000000
v 2.753246 -0.092449 0.170284
v 2.753246 0.076835 0.240404
v 2.753246 0.076835 0.381942
v 2.753246 -0.192533 0.270367
v 2.753246 -0.304523 0.000000
v 2.753246 -0.192533 -0.270368
v 2.753246 0.076835 -0.381942
v 2.753246 0.248119 0.170284
v 2.753246 0.318653 -0.000000
v 2.753246 0.248119 -0.170284
v 2.753246 0.078835 -0.240405
v 2.753246 0.078835 -0.381942
v 2.753246 0.348203 -0.270368
v 2.753246 0.460192 -0.000000
v 2.753246 0.348203 0.270367
v 2.753246 0.078835 0.381942
v 2.753246 0.078835 0.240404
v 1.883212 0.076910 0.199947
v 2.752247 0.076911 0.239308
v 2.752247 -0.090728 0.169870
v 1.883212 -0.062896 0.142037
v 2.752247 0.246398 -0.169870
v 1.883212 0.218565 -0.142038
v 1.883212 0.078759 -0.199948
v 2.752247 0.078759 -0.239309
v 2.752247 0.317143 -0.000924
v 1.883212 0.277782 -0.000924
v 1.883212 0.219872 -0.140731
v 2.752247 0.247705 -0.168563
v -2.553920 0.316491 -0.083201
v -2.553920 0.316491 -0.046360
v -2.573120 0.311347 -0.046360
v -2.573120 0.311347 -0.083201
v 1.883212 0.277782 0.000924
v 2.752247 0.317143 0.000924
v 2.752247 0.247705 0.168563
v 1.883212 0.219872 0.140730
v 1.882213 0.218692 0.140857
v 1.882213 0.077834 0.199202
v 1.882213 -0.063023 0.140857
v 1.882213 -0.121368 0.000000
v 1.882213 -0.063023 -0.140858
v 1.882213 0.077835 -0.199203
v 1.882213 0.218692 -0.140858
v 1.882213 0.277037 -0.000000
v 2.752247 0.076911 -0.239309
v 1.883212 0.076911 -0.199948
v 1.883212 -0.062896 -0.142038
v 2.752247 -0.090728 -0.169870
v 1.883212 0.218565 0.142037
v 2.752247 0.246398 0.169870
v 2.752247 0.078759 0.239308
v 1.883212 0.078758 0.199947
v 2.752247 -0.161473 0.000924
v 1.883212 -0.122113 0.000924
v 1.883212 -0.064203 0.140730
v 2.752247 -0.092035 0.168563
v 2.752246 0.078759 -0.383056
v 2.588364 0.078759 -0.383056
v 2.588364 0.348043 -0.271516
v 2.752246 0.348044 -0.271516
v -2.753246 0.077834 -0.135129
v -2.753246 -0.017717 -0.095551
v -2.753246 -0.057295 0.000000
v -2.753246 -0.017717 0.095550
v -2.753246 0.077834 0.135128
v -2.753246 0.173384 0.095550
v -2.753246 0.212962 -0.000000
v -2.753246 0.173384 -0.095551
v -2.683516 0.316209 -0.083201
v -2.683516 0.137366 -0.083201
v -2.683516 0.137366 0.082961
v -2.683516 0.316209 0.082961
v -2.683516 0.316209 0.046120
v -2.683516 0.220197 0.046120
v -2.683516 0.220197 -0.046360
v -2.683516 0.316209 -0.046360
v -2.636464 0.550092 0.000033
v -2.636464 0.550092 -0.000034
v -2.623789 0.499969 0.009339
v -2.623789 0.499969 -0.009340
v -0.052888 -0.109614 -0.186141
v -0.052888 -0.186333 -0.000924
v -0.891025 -0.186333 -0.000924
v -0.891025 -0.109614 -0.186141
v -2.661227 0.502575 -0.055301
v -2.661227 0.502575 -0.037543
v -2.661227 0.634576 -0.037543
v -2.661227 0.634576 0.037542
v -2.661227 0.502575 0.037542
v -2.661227 0.502575 0.055300
v -2.661227 0.656491 0.055300
v -2.661227 0.656491 -0.055301
v -2.014513 0.076903 0.201621
v -2.202096 0.076903 0.136156
v -2.202096 -0.017786 0.096936
v -2.014513 -0.064076 0.143226
v -2.202096 0.174770 0.095619
v -2.014513 0.221060 0.141909
v -2.014513 0.279455 0.000931
v -2.202096 0.213990 0.000931
v -2.202096 0.078765 0.136156
v -2.014513 0.078765 0.201621
v -2.014513 0.219743 0.143226
v -2.202096 0.173453 0.096936
v -2.014513 -0.123787 -0.000931
v -2.202096 -0.058323 -0.000931
v -2.202096 -0.019103 -0.095620
v -2.014513 -0.065393 -0.141910
v -2.014513 -0.065393 0.141909
v -2.202096 -0.019103 0.095619
v -2.202096 -0.058323 0.000931
v -2.014513 -0.123787 0.000931
v -2.014513 0.078765 -0.201621
v -2.202096 0.078765 -0.136157
v -2.202096 0.173453 -0.096937
v -2.014513 0.219743 -0.143227
v -2.202096 0.174770 -0.095620
v -2.202096 0.213990 -0.000931
v -2.014513 0.279455 -0.000931
v -2.014513 0.221060 -0.141910
v -0.645490 -0.205797 -0.054388
v -0.645490 -0.205797 0.054387
v -0.663183 -0.155681 0.062429
v -0.663183 -0.155681 -0.062430
v -0.252923 0.347655 -0.052078
v -0.252923 0.347655 0.052078
v -0.252923 0.438749 0.052078
v -0.252923 0.438749 0.086384
v -0.252923 0.281467 0.086384
v -0.252923 0.281467 -0.086384
v -0.252923 0.438749 -0.086384
v -0.252923 0.438749 -0.052078
v -2.316749 0.275451 0.082961
v -2.321893 0.294652 0.082961
v -2.321893 0.294652 0.046120
v -2.316749 0.275451 0.046120
v -0.271544 0.634576 -0.037543
v -0.271544 0.502575 -0.037543
v -0.271544 0.502575 -0.055301
v -0.271544 0.656491 -0.055301
v -0.271544 0.656491 0.055300
v -0.271544 0.502575 0.055300
v -0.271544 0.502575 0.037542
v -0.271544 0.634576 0.037542
v -2.651799 0.499968 -0.009340
v -2.651799 0.499968 0.009339
v -2.639122 0.550092 -0.000034
v -2.639122 0.550092 0.000033
v -0.302581 0.555331 0.039428
v -0.302581 0.565622 0.039428
v -0.295532 0.560409 0.013277
v -0.295532 0.560544 0.013277
v -0.302581 0.555331 -0.039428
v -0.295532 0.560544 -0.013278
v -0.295532 0.560409 -0.013278
v -0.302581 0.565622 -0.039428
v -2.553920 0.232479 0.082961
v -2.553920 0.232479 0.046120
v -2.573120 0.237624 0.046120
v -2.573120 0.237624 0.082961
v -2.594961 0.275451 0.082961
v -2.594961 0.275451 0.046120
v -2.589815 0.294652 0.046120
v -2.589815 0.294652 0.082961
v -0.389084 0.438749 0.076238
v -0.389084 0.349655 0.076238
v -0.573681 0.349655 0.076238
v -0.573681 0.438749 0.076238
v -0.294219 0.560235 0.012311
v -0.294219 0.560718 0.012311
v -0.294272 0.560718 0.012311
v -0.294272 0.560235 0.012311
v -0.387895 0.438749 0.113148
v -0.387895 0.331788 0.114680
v -0.387895 0.331788 0.088384
v -0.387895 0.438749 0.088384
v -0.574885 0.331788 0.088384
v -0.574885 0.331788 0.114680
v -0.574885 0.438749 0.113148
v -0.574885 0.438749 0.088384
v -2.666336 0.505292 -0.058908
v -2.666336 0.505292 0.058907
v -2.609799 0.505292 0.058907
v -2.609799 0.505292 -0.058908
v -2.553920 0.232479 -0.046360
v -2.553920 0.232479 -0.083201
v -2.573120 0.237624 -0.083201
v -2.573120 0.237624 -0.046360
v -2.204048 -0.017558 -0.096699
v -2.752246 -0.017558 -0.096699
v -2.752246 0.076910 -0.135828
v -2.204048 0.076910 -0.135828
v -0.575681 0.349655 -0.051078
v -0.575681 0.438749 -0.051078
v -0.675958 0.438749 -0.051078
v -0.675958 0.349655 -0.051078
v -0.294502 0.561431 -0.013293
v -0.293989 0.561431 -0.013293
v -0.286948 0.566638 -0.039413
v -0.301542 0.566638 -0.039413
v -0.286948 0.554316 -0.039413
v -0.293989 0.559523 -0.013293
v -0.294502 0.559523 -0.013293
v -0.301542 0.554316 -0.039413
v -2.359722 0.232479 -0.046360
v -2.359722 0.232479 -0.083201
v -2.378922 0.237624 -0.083201
v -2.378922 0.237624 -0.046360
v -2.517058 0.252646 -0.046360
v -2.517058 0.252646 -0.083201
v -2.531114 0.238590 -0.083201
v -2.531114 0.238590 -0.046360
v -2.531114 0.310381 -0.046360
v -2.531114 0.310381 -0.083201
v -2.517058 0.296325 -0.083201
v -2.517058 0.296325 -0.046360
v 2.508928 -0.230326 -0.000925
v 1.508716 -0.126651 -0.000925
v 1.508716 -0.067413 -0.143939
v 2.508928 -0.140722 -0.217249
v -0.675958 0.439749 -0.086384
v -0.675958 0.439749 -0.052078
v -0.575681 0.439749 -0.052078
v -0.575681 0.439749 -0.077239
v -0.389067 0.439749 -0.077239
v -0.388895 0.439749 -0.087393
v -0.388895 0.439749 -0.113134
v -0.573885 0.439749 -0.113134
v -0.573885 0.439749 -0.086384
v -0.387084 0.439749 0.077238
v -0.575681 0.439749 0.077238
v -0.575681 0.439749 0.052078
v -0.675958 0.439749 0.052078
v -0.675958 0.439749 0.086384
v -0.573885 0.439749 0.086384
v -0.573885 0.439749 0.113134
v -0.388895 0.439749 0.113134
v -0.388895 0.439749 0.086384
v -0.253923 0.439749 0.086384
v -0.253923 0.439749 0.052078
v -0.387084 0.439749 0.052078
v -2.014513 -0.064076 -0.143227
v -2.202096 -0.017786 -0.096937
v -2.202096 0.076903 -0.136157
v -2.014513 0.076903 -0.201621
v -2.359722 0.316491 -0.083201
v -2.359722 0.316491 -0.046360
v -2.378922 0.311347 -0.046360
v -2.378922 0.311347 -0.083201
v -2.012561 -0.124122 0.000924
v -0.984344 -0.124122 0.000924
v -0.984344 -0.065625 0.142151
v -2.012561 -0.065625 0.142151
v -0.574681 0.438749 0.075238
v -0.574681 0.349655 0.075238
v -0.574681 0.349655 0.052078
v -0.574681 0.438749 0.052078
v -2.594961 0.275451 -0.046360
v -2.594961 0.275451 -0.083201
v -2.589815 0.294652 -0.083201
v -2.589815 0.294652 -0.046360
v -0.662108 -0.155725 0.063434
v -0.644447 -0.205753 0.055405
v -0.402789 -0.205753 0.055405
v -0.385128 -0.155725 0.063434
v -2.394651 0.296325 -0.046360
v -2.394651 0.296325 -0.083201
v -2.380595 0.310381 -0.083201
v -2.380595 0.310381 -0.046360
v -2.553920 0.316491 0.046120
v -2.553920 0.316491 0.082961
v -2.573120 0.311347 0.082961
v -2.573120 0.311347 0.046120
v -0.272544 0.632576 0.036542
v -0.272544 0.502575 0.036542
v -0.316977 0.502575 0.036542
v -0.316977 0.632576 0.036542
v -2.588849 0.296325 0.082961
v -2.588849 0.296325 0.046120
v -2.574793 0.310381 0.046120
v -2.574793 0.310381 0.082961
v -0.052888 0.263975 -0.187448
v -0.052888 0.078758 -0.264166
v -0.891025 0.078758 -0.264166
v -0.891025 0.263975 -0.187448
v -0.389084 0.348655 0.050078
v -0.253923 0.348655 0.050078
v -0.253923 0.348655 -0.050078
v -0.389084 0.348655 -0.050078
v -0.389084 0.348655 -0.075239
v -0.573681 0.348655 -0.075239
v -0.573681 0.348655 -0.050078
v -0.675958 0.348655 -0.050078
v -0.675958 0.348655 0.050078
v -0.573681 0.348655 0.050078
v -0.573681 0.348655 0.075238
v -0.389084 0.348655 0.075238
v -0.388084 0.349655 -0.052078
v -0.388084 0.438749 -0.052078
v -0.388084 0.438749 -0.075239
v -0.388084 0.349655 -0.075239
v -2.509654 0.274485 -0.084201
v -2.515048 0.294618 -0.084201
v -2.396661 0.294618 -0.084201
v -2.402056 0.274485 -0.084201
v -2.396661 0.254353 -0.084201
v -2.515048 0.254353 -0.084201
v -2.242219 0.139569 -0.084201
v -2.321066 0.253541 -0.084201
v -2.315455 0.274485 -0.084201
v -2.321003 0.295195 -0.084201
v -2.242219 0.349530 -0.084201
v -2.358756 0.231185 -0.084201
v -2.337104 0.236986 -0.084201
v -2.322292 0.251798 -0.084201
v -2.243127 0.137366 -0.084201
v -2.681430 0.137366 -0.084201
v -2.589475 0.251857 -0.084201
v -2.574604 0.236986 -0.084201
v -2.552954 0.231185 -0.084201
v -2.531303 0.236986 -0.084201
v -2.515937 0.252353 -0.084201
v -2.395772 0.252353 -0.084201
v -2.380406 0.236986 -0.084201
v -2.596255 0.274485 -0.084201
v -2.590653 0.253584 -0.084201
v -2.682516 0.139208 -0.084201
v -2.682516 0.315953 -0.084201
v -2.590790 0.294876 -0.084201
v -2.380406 0.311985 -0.084201
v -2.395772 0.296618 -0.084201
v -2.515937 0.296618 -0.084201
v -2.531303 0.311985 -0.084201
v -2.552954 0.317785 -0.084201
v -2.574604 0.311985 -0.084201
v -2.589872 0.296717 -0.084201
v -2.676910 0.316717 -0.084201
v -2.244841 0.350151 -0.084201
v -2.322034 0.296914 -0.084201
v -2.337104 0.311985 -0.084201
v -2.358756 0.317785 -0.084201
v -2.509654 0.274485 0.083961
v -2.515048 0.254353 0.083961
v -2.396661 0.254353 0.083961
v -2.402056 0.274485 0.083961
v -2.396661 0.294618 0.083961
v -2.515048 0.294618 0.083961
v -2.243127 0.137366 0.083961
v -2.322292 0.251798 0.083961
v -2.337104 0.236986 0.083961
v -2.358756 0.231185 0.083961
v -2.380406 0.236986 0.083961
v -2.395772 0.252353 0.083961
v -2.515937 0.252353 0.083961
v -2.531303 0.236986 0.083961
v -2.552954 0.231185 0.083961
v -2.574604 0.236986 0.083961
v -2.589475 0.251857 0.083961
v -2.681430 0.137366 0.083961
v -2.590653 0.253584 0.083961
v -2.596255 0.274485 0.083961
v -2.590790 0.294876 0.083961
v -2.682516 0.315953 0.083961
v -2.682516 0.139208 0.083961
v -2.676910 0.316717 0.083961
v -2.589872 0.296717 0.083961
v -2.574604 0.311985 0.083961
v -2.552954 0.317785 0.083961
v -2.531303 0.311985 0.083961
v -2.515937 0.296618 0.083961
v -2.395772 0.296618 0.083961
v -2.380406 0.311985 0.083961
v -2.358756 0.317785 0.083961
v -2.337104 0.311985 0.083961
v -2.322034 0.296914 0.083961
v -2.244841 0.350151 0.083961
v -2.315455 0.274485 0.083961
v -2.321066 0.253541 0.083961
v -2.242219 0.139569 0.083961
v -2.242219 0.349530 0.083961
v -2.321003 0.295195 0.083961
v -0.253923 0.438749 0.087384
v -0.386895 0.438749 0.087384
v -0.386895 0.329788 0.087384
v -0.575885 0.329788 0.087384
v -0.575885 0.438749 0.087384
v -0.675958 0.438749 0.087384
v -0.675958 0.281467 0.087384
v -0.253923 0.281467 0.087384
v -2.336915 0.310381 0.082961
v -2.336915 0.310381 0.046120
v -2.322859 0.296325 0.046120
v -2.322859 0.296325 0.082961
v -0.675958 0.281467 -0.087384
v -0.675958 0.438749 -0.087384
v -0.575885 0.438749 -0.087384
v -0.575885 0.329788 -0.087384
v -0.386895 0.329788 -0.087384
v -0.386895 0.438749 -0.087384
v -0.253923 0.438749 -0.087384
v -0.253923 0.281467 -0.087384
v -2.609799 0.218826 -0.059908
v -2.666336 0.218826 -0.059908
v -2.666336 0.504292 -0.059908
v -2.609799 0.504292 -0.059908
v -2.395617 0.254319 -0.046360
v -2.395617 0.254319 -0.083201
v -2.400762 0.273519 -0.083201
v -2.400762 0.273519 -0.046360
v -1.848540 -0.180450 0.074572
v -1.712863 -0.260568 0.074572
v -1.712863 -0.617296 0.074572
v -1.648964 -0.656491 0.074572
v -1.374631 -0.656491 0.074572
v -1.310731 -0.617296 0.074572
v -1.310731 -0.260568 0.074572
v -1.175055 -0.180450 0.074572
v -1.175055 -0.068610 0.074572
v -1.848540 -0.068610 0.074572
v -2.516092 0.294652 0.082961
v -2.516092 0.294652 0.046120
v -2.510948 0.275451 0.046120
v -2.510948 0.275451 0.082961
v -2.667336 0.504292 -0.058908
v -2.667336 0.218826 -0.058908
v -2.667336 0.218826 0.058907
v -2.667336 0.504292 0.058907
v -1.848540 -0.180450 -0.074572
v -1.848540 -0.068610 -0.074572
v -1.175055 -0.068610 -0.074572
v -1.175055 -0.180450 -0.074572
v -1.310731 -0.260568 -0.074572
v -1.310731 -0.617296 -0.074572
v -1.374631 -0.656491 -0.074572
v -1.648964 -0.656491 -0.074572
v -1.712863 -0.617296 -0.074572
v -1.712863 -0.260568 -0.074572
v -1.849540 -0.180021 0.073572
v -1.849540 -0.068610 0.073572
v -1.849540 -0.068610 -0.073572
v -1.849540 -0.180021 -0.073572
v -2.574793 0.238590 0.082961
v -2.574793 0.238590 0.046120
v -2.588849 0.252646 0.046120
v -2.588849 0.252646 0.082961
v -0.891025 0.263975 0.187448
v -0.891025 0.078758 0.264168
v -0.052888 0.078758 0.264168
v -0.052888 0.263975 0.187448
v 2.588364 0.348044 0.271515
v 2.588364 0.078759 0.383056
v 2.752246 0.078759 0.383056
v 2.752246 0.348044 0.271515
v -2.624823 0.499983 -0.010354
v -2.650765 0.499982 -0.010354
v -2.638095 0.550078 -0.000986
v -2.637491 0.550078 -0.000986
v -0.286948 0.554316 0.039413
v -0.301542 0.554316 0.039413
v -0.294502 0.559523 0.013292
v -0.293989 0.559523 0.013292
v -0.272544 0.502575 -0.036543
v -0.272544 0.632576 -0.036543
v -0.316977 0.632576 -0.036543
v -0.316977 0.502575 -0.036543
v -0.266492 0.337366 -0.059908
v -0.323029 0.337366 -0.059908
v -0.323029 0.504292 -0.059908
v -0.266492 0.504292 -0.059908
v -2.609799 0.504292 0.059907
v -2.666336 0.504292 0.059907
v -2.666336 0.218826 0.059907
v -2.609799 0.218826 0.059907
v -2.532787 0.237624 -0.046360
v -2.532787 0.237624 -0.083201
v -2.551988 0.232479 -0.083201
v -2.551988 0.232479 -0.046360
v -0.272544 0.502575 -0.056301
v -0.316977 0.502575 -0.056301
v -0.316977 0.656491 -0.056301
v -0.272544 0.656491 -0.056301
v -2.615794 0.502575 -0.036543
v -2.615794 0.632576 -0.036543
v -2.660227 0.632576 -0.036543
v -2.660227 0.502575 -0.036543
v -2.615794 0.502575 -0.056301
v -2.660227 0.502575 -0.056301
v -2.660227 0.656491 -0.056301
v -2.615794 0.656491 -0.056301
v -1.373497 -0.656968 0.073572
v -1.373497 -0.656968 -0.073572
v -1.310583 -0.618379 -0.073572
v -1.310583 -0.618379 0.073572
v -1.650098 -0.656968 -0.073572
v -1.650098 -0.656968 0.073572
v -1.713011 -0.618379 0.073572
v -1.713011 -0.618379 -0.073572
v -0.388895 0.438749 0.114148
v -0.573885 0.438749 0.114148
v -0.573885 0.331788 0.115680
v -0.388895 0.331788 0.115680
v -2.615794 0.632576 0.036542
v -2.615794 0.502575 0.036542
v -2.660227 0.502575 0.036542
v -2.660227 0.632576 0.036542
v -2.315455 0.274485 -0.045360
v -2.320956 0.253954 -0.045360
v -2.242219 0.222670 -0.045360
v -2.242219 0.349530 -0.045360
v -2.321003 0.295195 -0.045360
v -2.358756 0.317785 -0.045360
v -2.337104 0.311985 -0.045360
v -2.322034 0.296914 -0.045360
v -2.244841 0.350151 -0.045360
v -2.676910 0.316717 -0.045360
v -2.589872 0.296717 -0.045360
v -2.574604 0.311985 -0.045360
v -2.552954 0.317785 -0.045360
v -2.531303 0.311985 -0.045360
v -2.515937 0.296618 -0.045360
v -2.395772 0.296618 -0.045360
v -2.380406 0.311985 -0.045360
v 2.510669 0.296988 -0.217798
v 2.510669 0.386806 -0.000958
v 2.586618 0.460156 -0.000958
v 2.586618 0.348854 -0.269665
v -2.380406 0.236986 -0.045360
v -2.395772 0.252353 -0.045360
v -2.515937 0.252353 -0.045360
v -2.531303 0.236986 -0.045360
v -2.552954 0.231185 -0.045360
v -2.574604 0.236986 -0.045360
v -2.589822 0.252205 -0.045360
v -2.677506 0.222197 -0.045360
v -2.246444 0.222197 -0.045360
v -2.321910 0.252181 -0.045360
v -2.337105 0.236986 -0.045360
v -2.358756 0.231185 -0.045360
v -2.682516 0.315953 -0.045360
v -2.682516 0.222596 -0.045360
v -2.590764 0.253997 -0.045360
v -2.596255 0.274485 -0.045360
v -2.590790 0.294876 -0.045360
v -2.402056 0.274485 -0.045360
v -2.396661 0.294618 -0.045360
v -2.515048 0.294618 -0.045360
v -2.509654 0.274485 -0.045360
v -2.515048 0.254353 -0.045360
v -2.396661 0.254353 -0.045360
v -2.509654 0.274485 0.045120
v -2.515048 0.294618 0.045120
v -2.396661 0.294618 0.045120
v -2.402056 0.274485 0.045120
v -2.396661 0.254353 0.045120
v -2.515048 0.254353 0.045120
v -2.596255 0.274485 0.045120
v -2.590764 0.253997 0.045120
v -2.682516 0.222596 0.045120
v -2.682516 0.315953 0.045120
v -2.590790 0.294876 0.045120
v -2.552954 0.317785 0.045120
v -2.574604 0.311985 0.045120
v -2.589872 0.296717 0.045120
v -2.676910 0.316717 0.045120
v -2.247337 0.349958 0.045120
v -2.337693 0.312142 0.045120
v -2.358756 0.317785 0.045120
v -2.380406 0.311985 0.045120
v -2.395772 0.296618 0.045120
v -2.515937 0.296618 0.045120
v -2.531303 0.311985 0.045120
v -2.249697 0.346802 0.045120
v -2.322034 0.296914 0.045120
v -2.335861 0.310741 0.045120
v -2.315455 0.274485 0.045120
v -2.321003 0.295195 0.045120
v -2.242219 0.349530 0.045120
v -2.242219 0.222197 0.045120
v -2.677506 0.222197 0.045120
v -2.589822 0.252205 0.045120
v -2.574604 0.236986 0.045120
v -2.552954 0.231185 0.045120
v -2.531303 0.236986 0.045120
v -2.515937 0.252353 0.045120
v -2.395772 0.252353 0.045120
v -2.380406 0.236986 0.045120
v -2.358756 0.231185 0.045120
v -2.337105 0.236986 0.045120
v -2.321255 0.252835 0.045120
v 2.752246 -0.305222 0.000924
v 2.752246 -0.193681 0.270208
v 2.588364 -0.193681 0.270208
v 2.588364 -0.305222 0.000924
v -0.253923 0.349655 -0.051078
v -0.253923 0.438749 -0.051078
v -0.387084 0.438749 -0.051078
v -0.387084 0.349655 -0.051078
v 2.752246 -0.193681 -0.270209
v 2.752246 -0.305222 -0.000924
v 2.588364 -0.305222 -0.000924
v 2.588364 -0.193681 -0.270209
v -2.204048 -0.057994 -0.000924
v -2.752246 -0.057994 -0.000924
v -2.752246 -0.018865 -0.095392
v -2.204048 -0.018865 -0.095392
v -1.713863 -0.616856 -0.073572
v -1.713863 -0.616856 0.073572
v -1.713863 -0.262139 0.073572
v -1.713863 -0.262139 -0.073572
v -2.204048 -0.018865 0.095391
v -2.752246 -0.018865 0.095391
v -2.752246 -0.057994 0.000924
v -2.204048 -0.057994 0.000924
v -0.573681 0.349655 -0.076239
v -0.389084 0.349655 -0.076239
v -0.389084 0.438749 -0.076239
v -0.573681 0.438749 -0.076239
v -2.338588 0.311347 -0.046360
v -2.357790 0.316491 -0.046360
v -2.357790 0.316491 -0.083201
v -2.338588 0.311347 -0.083201
v -2.752246 0.078758 0.135827
v -2.204048 0.078758 0.135827
v -2.204048 0.173225 0.096698
v -2.752246 0.173225 0.096698
v -2.752246 0.173225 -0.096699
v -2.204048 0.173225 -0.096699
v -2.204048 0.078758 -0.135828
v -2.752246 0.078758 -0.135828
v -0.316977 0.657491 -0.055301
v -0.316977 0.657491 0.055300
v -0.272544 0.657491 0.055300
v -0.272544 0.657491 -0.055301
v -0.272544 0.656491 0.056300
v -0.316977 0.656491 0.056300
v -0.316977 0.502575 0.056300
v -0.272544 0.502575 0.056300
v -2.012561 0.279790 -0.000924
v -0.984344 0.279790 -0.000924
v -0.984344 0.221292 -0.142152
v -2.012561 0.221292 -0.142152
v -2.752246 0.213661 0.000924
v -2.752246 0.174532 0.095391
v -2.204048 0.174532 0.095391
v -2.204048 0.213661 0.000924
v -2.752246 0.174532 -0.095392
v -2.752246 0.213661 -0.000924
v -2.204048 0.213661 -0.000924
v -2.204048 0.174532 -0.095392
v -0.052888 0.076910 -0.264166
v -0.052888 -0.108307 -0.187448
v -0.891025 -0.108307 -0.187448
v -0.891025 0.076910 -0.264166
v -2.682516 0.221197 -0.044360
v -2.682516 0.221197 0.044120
v -2.242219 0.221197 0.044120
v -2.242219 0.221197 -0.044360
v -1.848679 -0.181529 -0.073572
v -1.714724 -0.260631 -0.073572
v -1.714724 -0.260631 0.073572
v -1.848679 -0.181529 0.073572
v -0.891025 0.265282 0.186141
v -0.052888 0.265282 0.186141
v -0.052888 0.342001 0.000924
v -0.891025 0.342001 0.000924
v -0.573885 0.330788 0.088384
v -0.388895 0.330788 0.088384
v -0.388895 0.330788 0.114694
v -0.573885 0.330788 0.114694
v -2.551988 0.232479 0.082961
v -2.532787 0.237624 0.082961
v -2.532787 0.237624 0.046120
v -2.551988 0.232479 0.046120
v -0.266492 0.504292 0.059907
v -0.323029 0.504292 0.059907
v -0.323029 0.337366 0.059907
v -0.266492 0.337366 0.059907
v -0.052888 0.265282 -0.186141
v -0.891025 0.265282 -0.186141
v -0.891025 0.342001 -0.000924
v -0.052888 0.342001 -0.000924
v -2.242216 0.351357 0.046120
v -2.682519 0.317286 0.046120
v -2.682519 0.317286 0.082961
v -2.242216 0.351357 0.082961
v -2.012561 0.219985 -0.143459
v -0.984344 0.219985 -0.143459
v -0.984344 0.078758 -0.201956
v -2.012561 0.078758 -0.201956
v -2.588849 0.296325 -0.046360
v -2.588849 0.296325 -0.083201
v -2.574793 0.310381 -0.083201
v -2.574793 0.310381 -0.046360
v -0.323029 0.505292 -0.058908
v -0.323029 0.505292 0.058907
v -0.266492 0.505292 0.058907
v -0.266492 0.505292 -0.058908
v -2.012561 0.076910 -0.201956
v -0.984344 0.076910 -0.201956
v -0.984344 -0.064318 -0.143459
v -2.012561 -0.064318 -0.143459
v -2.395617 0.254319 0.082961
v -2.395617 0.254319 0.046120
v -2.400762 0.273519 0.046120
v -2.400762 0.273519 0.082961
v -0.574681 0.349655 -0.075239
v -0.574681 0.438749 -0.075239
v -0.574681 0.438749 -0.052078
v -0.574681 0.349655 -0.052078
v -0.387895 0.331788 -0.114680
v -0.387895 0.438749 -0.113148
v -0.387895 0.438749 -0.088384
v -0.387895 0.331788 -0.088384
v 2.752247 -0.161473 -0.000924
v 2.752247 -0.092035 -0.168563
v 1.883212 -0.064203 -0.140731
v 1.883212 -0.122113 -0.000924
v -2.574793 0.238590 -0.046360
v -2.574793 0.238590 -0.083201
v -2.588849 0.252646 -0.083201
v -2.588849 0.252646 -0.046360
v -2.242216 0.351357 -0.083201
v -2.682519 0.317286 -0.083201
v -2.682519 0.317286 -0.046360
v -2.242216 0.351357 -0.046360
v -0.984344 0.076910 0.201956
v -2.012561 0.076910 0.201956
v -2.012561 -0.064318 0.143458
v -0.984344 -0.064318 0.143458
v -0.387084 0.439749 -0.052078
v -0.253923 0.439749 -0.052078
v -0.253923 0.439749 -0.086384
v -0.386912 0.439749 -0.086384
v -0.387084 0.439749 -0.076231
v -2.012561 -0.065625 -0.142152
v -0.984344 -0.065625 -0.142152
v -0.984344 -0.124122 -0.000924
v -2.012561 -0.124122 -0.000924
v -2.551988 0.316491 -0.046360
v -2.551988 0.316491 -0.083201
v -2.532787 0.311347 -0.083201
v -2.532787 0.311347 -0.046360
v -2.589815 0.254319 -0.046360
v -2.589815 0.254319 -0.083201
v -2.594961 0.273519 -0.083201
v -2.594961 0.273519 -0.046360
v -2.637877 0.551061 0.000198
v -2.637877 0.551061 -0.000199
v -2.637709 0.551061 -0.000199
v -2.637709 0.551061 0.000198
v -0.892871 -0.185748 0.000946
v -0.892871 -0.109215 0.185711
v -0.982498 -0.066042 0.142537
v -0.982498 -0.124690 0.000946
v -0.982498 0.220371 0.143875
v -0.982498 0.078780 0.202524
v -0.892871 0.078780 0.263583
v -0.892871 0.263545 0.187049
v -0.982498 0.220371 -0.143876
v -0.892871 0.263545 -0.187049
v -0.892871 0.078780 -0.263581
v -0.982498 0.078780 -0.202524
v -0.982498 0.221709 0.142537
v -0.892871 0.264883 0.185711
v -0.892871 0.341416 0.000946
v -0.982498 0.280358 0.000946
v -0.982498 -0.064704 -0.143876
v -0.982498 0.076888 -0.202524
v -0.892871 0.076888 -0.263581
v -0.892871 -0.107877 -0.187049
v -0.892871 0.076888 0.263583
v -0.982498 0.076888 0.202524
v -0.982498 -0.064704 0.143875
v -0.892871 -0.107877 0.187049
v -0.982498 -0.066042 -0.142538
v -0.892871 -0.109215 -0.185711
v -0.892871 -0.185748 -0.000946
v -0.982498 -0.124690 -0.000946
v -0.286948 0.566638 0.039413
v -0.293989 0.561431 0.013292
v -0.294502 0.561431 0.013292
v -0.301542 0.566638 0.039413
v -0.384053 -0.155681 0.062429
v -0.401746 -0.205797 0.054387
v -0.401746 -0.205797 -0.054388
v -0.384053 -0.155681 -0.062430
v -2.012561 0.078758 0.201956
v -0.984344 0.078758 0.201956
v -0.984344 0.219985 0.143458
v -2.012561 0.219985 0.143458
v -0.388895 0.331788 -0.115680
v -0.573885 0.331788 -0.115680
v -0.573885 0.438749 -0.114148
v -0.388895 0.438749 -0.114148
v -0.676958 0.281467 -0.086384
v -0.676958 0.281467 0.086384
v -0.676958 0.438749 0.086384
v -0.676958 0.438749 0.052078
v -0.676958 0.347655 0.052078
v -0.676958 0.347655 -0.052078
v -0.676958 0.438749 -0.052078
v -0.676958 0.438749 -0.086384
v -2.624823 0.499983 0.010353
v -2.637491 0.550078 0.000985
v -2.638095 0.550078 0.000985
v -2.650765 0.499982 0.010353
v -0.574885 0.438749 -0.113148
v -0.574885 0.331788 -0.114680
v -0.574885 0.331788 -0.088384
v -0.574885 0.438749 -0.088384
v -0.388084 0.349655 0.052078
v -0.388084 0.349655 0.075238
v -0.388084 0.438749 0.075238
v -0.388084 0.438749 0.052078
v -2.615794 0.656491 0.056300
v -2.660227 0.656491 0.056300
v -2.660227 0.502575 0.056300
v -2.615794 0.502575 0.056300
v -2.338588 0.311347 0.082961
v -2.357790 0.316491 0.082961
v -2.357790 0.316491 0.046120
v -2.338588 0.311347 0.046120
v -0.285909 0.565622 -0.039429
v -0.292959 0.560409 -0.013278
v -0.292959 0.560544 -0.013278
v -0.285909 0.555331 -0.039429
v -0.982498 0.221709 -0.142538
v -0.982498 0.280358 -0.000946
v -0.892871 0.341416 -0.000946
v -0.892871 0.264883 -0.185711
v -0.317977 0.502575 -0.055301
v -0.317977 0.502575 -0.037543
v -0.317977 0.634576 -0.037543
v -0.317977 0.634576 0.037542
v -0.317977 0.502575 0.037542
v -0.317977 0.502575 0.055300
v -0.317977 0.656491 0.055300
v -0.317977 0.656491 -0.055301
v -0.324029 0.337366 -0.058908
v -0.324029 0.337366 0.058907
v -0.324029 0.504292 0.058907
v -0.324029 0.504292 -0.058908
v -2.615794 0.633576 -0.035543
v -2.615794 0.633576 0.035542
v -2.660227 0.633576 0.035542
v -2.660227 0.633576 -0.035543
v -0.272544 0.633576 -0.035543
v -0.272544 0.633576 0.035542
v -0.316977 0.633576 0.035542
v -0.316977 0.633576 -0.035543
v -1.309731 -0.616856 -0.073572
v -1.309731 -0.262139 -0.073572
v -1.309731 -0.262139 0.073572
v -1.309731 -0.616856 0.073572
v -2.517058 0.296325 0.082961
v -2.531114 0.310381 0.082961
v -2.531114 0.310381 0.046120
v -2.517058 0.296325 0.046120
v -1.174916 -0.181529 0.073572
v -1.308870 -0.260631 0.073572
v -1.308870 -0.260631 -0.073572
v -1.174916 -0.181529 -0.073572
v -0.052888 -0.186333 0.000924
v -0.052888 -0.109614 0.186141
v -0.891025 -0.109614 0.186141
v -0.891025 -0.186333 0.000924
v -1.174055 -0.068610 0.073572
v -1.174055 -0.180021 0.073572
v -1.174055 -0.180021 -0.073572
v -1.174055 -0.068610 -0.073572
v -2.516092 0.254319 0.082961
v -2.510948 0.273519 0.082961
v -2.510948 0.273519 0.046120
v -2.516092 0.254319 0.046120
v -2.531114 0.238590 0.082961
v -2.517058 0.252646 0.082961
v -2.517058 0.252646 0.046120
v -2.531114 0.238590 0.046120
v -2.241219 0.350434 0.082961
v -2.241219 0.137366 0.082961
v -2.241219 0.137366 -0.083201
v -2.241219 0.350434 -0.083201
v -2.241219 0.350434 -0.046360
v -2.241219 0.220197 -0.046360
v -2.241219 0.220197 0.046120
v -2.241219 0.350434 0.046120
v -0.265492 0.504292 -0.058908
v -0.265492 0.504292 0.058907
v -0.265492 0.337366 0.058907
v -0.265492 0.337366 -0.058908
v -2.321893 0.254319 0.082961
v -2.316749 0.273519 0.082961
v -2.316749 0.273519 0.046120
v -2.321893 0.254319 0.046120
v -2.394651 0.296325 0.082961
v -2.394651 0.296325 0.046120
v -2.380595 0.310381 0.046120
v -2.380595 0.310381 0.082961
v -2.359722 0.232479 0.082961
v -2.359722 0.232479 0.046120
v -2.378922 0.237624 0.046120
v -2.378922 0.237624 0.082961
v -2.322859 0.252646 -0.046360
v -2.322859 0.252646 -0.083201
v -2.336915 0.238590 -0.083201
v -2.336915 0.238590 -0.046360
v -2.510948 0.273519 -0.046360
v -2.510948 0.273519 -0.083201
v -2.516092 0.254319 -0.083201
v -2.516092 0.254319 -0.046360
v -2.380595 0.238590 0.082961
v -2.380595 0.238590 0.046120
v -2.394651 0.252646 0.046120
v -2.394651 0.252646 0.082961
v -2.400762 0.275451 0.082961
v -2.400762 0.275451 0.046120
v -2.395617 0.294652 0.046120
v -2.395617 0.294652 0.082961
v -2.359722 0.316491 0.046120
v -2.359722 0.316491 0.082961
v -2.378922 0.311347 0.082961
v -2.378922 0.311347 0.046120
v -2.532787 0.311347 0.082961
v -2.551988 0.316491 0.082961
v -2.551988 0.316491 0.046120
v -2.532787 0.311347 0.046120
v -2.589815 0.254319 0.082961
v -2.589815 0.254319 0.046120
v -2.594961 0.273519 0.046120
v -2.594961 0.273519 0.082961
v -2.012561 0.221292 0.142151
v -0.984344 0.221292 0.142151
v -0.984344 0.279790 0.000924
v -2.012561 0.279790 0.000924
v -0.052888 -0.108307 0.187448
v -0.052888 0.076910 0.264168
v -0.891025 0.076910 0.264168
v -0.891025 -0.108307 0.187448
v -2.608799 0.504292 -0.058908
v -2.608799 0.504292 0.058907
v -2.608799 0.218826 0.058907
v -2.608799 0.218826 -0.058908
v -0.294219 0.560235 -0.012312
v -0.294272 0.560235 -0.012312
v -0.294272 0.560718 -0.012312
v -0.294219 0.560718 -0.012312
v -2.380595 0.238590 -0.046360
v -2.380595 0.238590 -0.083201
v -2.394651 0.252646 -0.083201
v -2.394651 0.252646 -0.046360
v -2.357790 0.232479 0.082961
v -2.338588 0.237624 0.082961
v -2.338588 0.237624 0.046120
v -2.357790 0.232479 0.046120
v -2.336915 0.238590 0.082961
v -2.322859 0.252646 0.082961
v -2.322859 0.252646 0.046120
v -2.336915 0.238590 0.046120
v -2.400762 0.275451 -0.046360
v -2.400762 0.275451 -0.083201
v -2.395617 0.294652 -0.083201
v -2.395617 0.294652 -0.046360
v -2.336915 0.310381 -0.046360
v -2.336915 0.310381 -0.083201
v -2.322859 0.296325 -0.083201
v -2.322859 0.296325 -0.046360
v -0.388895 0.330788 -0.114694
v -0.388895 0.330788 -0.088384
v -0.573885 0.330788 -0.088384
v -0.573885 0.330788 -0.114694
v -2.321893 0.294652 -0.046360
v -2.321893 0.294652 -0.083201
v -2.316749 0.275451 -0.083201
v -2.316749 0.275451 -0.046360
v -0.285909 0.565622 0.039428
v -0.285909 0.555331 0.039428
v -0.292959 0.560544 0.013276
v -0.292959 0.560409 0.013276
v -0.253923 0.438749 0.051078
v -0.253923 0.349655 0.051078
v -0.387084 0.349655 0.051078
v -0.387084 0.438749 0.051078
v -2.614794 0.634576 -0.037543
v -2.614794 0.502575 -0.037543
v -2.614794 0.502575 -0.055301
v -2.614794 0.656491 -0.055301
v -2.614794 0.656491 0.055300
v -2.614794 0.502575 0.055300
v -2.614794 0.502575 0.037542
v -2.614794 0.634576 0.037542
v 2.508928 0.076910 0.308162
v 1.508716 0.076909 0.204484
v 1.508716 -0.066105 0.145246
v 2.508928 -0.139414 0.218556
v 2.508928 0.078760 0.308162
v 2.508928 0.295083 0.218556
v 1.508716 0.221772 0.145246
v 1.508716 0.078759 0.204484
v 2.508928 0.076910 -0.308162
v 2.508928 -0.139414 -0.218557
v 1.508716 -0.066105 -0.145247
v 1.508716 0.076909 -0.204485
v 2.508928 0.296391 -0.217249
v 1.508716 0.223080 -0.143939
v 1.508716 0.282319 -0.000925
v 2.508928 0.385996 -0.000925
v 2.508928 0.385996 0.000925
v 1.508716 0.282319 0.000925
v 1.508716 0.223080 0.143938
v 2.508928 0.296391 0.217248
v 2.508928 -0.230326 0.000925
v 2.508928 -0.140722 0.217248
v 1.508716 -0.067413 0.143938
v 1.508716 -0.126651 0.000925
v 2.508928 0.078760 -0.308162
v 1.508716 0.078759 -0.204485
v 1.508716 0.221772 -0.145247
v 2.508928 0.295083 -0.218557
v 2.510669 0.296988 0.217797
v 2.586618 0.348855 0.269664
v 2.586618 0.460156 0.000958
v 2.510669 0.386806 0.000958
v 2.586618 0.076877 0.382321
v 2.510669 0.076877 0.308972
v 2.510669 -0.139963 0.219153
v 2.586618 -0.191830 0.271019
v 2.586618 0.076877 -0.382321
v 2.586618 -0.191830 -0.271020
v 2.510669 -0.139963 -0.219154
v 2.510669 0.076877 -0.308972
v 2.586618 0.078793 -0.382321
v 2.510669 0.078793 -0.308972
v 2.510669 0.295632 -0.219154
v 2.586618 0.347499 -0.271020
v -0.662108 -0.155725 -0.063435
v -0.385128 -0.155725 -0.063435
v -0.402789 -0.205753 -0.055406
v -0.644447 -0.205753 -0.055406
v 2.510669 0.295632 0.219153
v 2.510669 0.078793 0.308972
v 2.586618 0.078793 0.382321
v 2.586618 0.347500 0.271019
v 2.586618 -0.304487 -0.000958
v 2.510669 -0.231136 -0.000958
v 2.510669 -0.141319 -0.217798
v 2.586618 -0.193185 -0.269665
v 2.586618 -0.304487 0.000958
v 2.586618 -0.193185 0.269664
v 2.510669 -0.141319 0.217797
v 2.510669 -0.231136 0.000958
v -2.338588 0.237624 -0.046360
v -2.338588 0.237624 -0.083201
v -2.357790 0.232479 -0.083201
v -2.357790 0.232479 -0.046360
v 2.588364 0.349350 -0.270209
v 2.588364 0.460891 -0.000924
v 2.752246 0.460891 -0.000924
v 2.752246 0.349351 -0.270209
v -2.204048 0.076910 0.135827
v -2.752246 0.076910 0.135827
v -2.752246 -0.017558 0.096698
v -2.204048 -0.017558 0.096698
v 2.588364 0.460891 0.000924
v 2.588364 0.349351 0.270208
v 2.752246 0.349351 0.270208
v 2.752246 0.460891 0.000924
v 2.752246 0.076911 -0.383056
v 2.752246 -0.192374 -0.271516
v 2.588364 -0.192374 -0.271516
v 2.588364 0.076911 -0.383056
v -2.316749 0.273519 -0.046360
v -2.316749 0.273519 -0.083201
v -2.321893 0.254319 -0.083201
v -2.321893 0.254319 -0.046360
v -0.575681 0.438749 0.051078
v -0.575681 0.349655 0.051078
v -0.675958 0.349655 0.051078
v -0.675958 0.438749 0.051078
v -2.660227 0.657491 -0.055301
v -2.660227 0.657491 0.055300
v -2.615794 0.657491 0.055300
v -2.615794 0.657491 -0.055301
v 2.752246 -0.192374 0.271515
v 2.752246 0.076911 0.383056
v 2.588364 0.076911 0.383056
v 2.588364 -0.192374 0.271515
v -2.516092 0.294652 -0.046360
v -2.516092 0.294652 -0.083201
v -2.510948 0.275451 -0.083201
v -2.510948 0.275451 -0.046360
vn -0.2733 0.7594 0.5904
vn 0.7713 -0.0000 0.6365
vn 0.4674 0.6282 0.6221
vn -0.3075 0.6699 0.6757
vn -0.8498 -0.3792 -0.3661
vn 0.4510 0.8925 -0.0000
vn -0.3343 0.9425 -0.0000
vn -0.8379 -0.5459 -0.0000
vn -0.3075 0.6699 -0.6757
vn -0.8498 -0.3793 0.3661
vn -0.2734 0.7594 -0.5904
vn 0.4674 0.6282 -0.6220
vn -0.8319 -0.0000 0.5549
vn -0.4412 0.4114 0.7976
vn 0.7714 -0.0000 -0.6363
vn -0.6020 -0.0000 -0.7985
vn 0.6979 -0.0000 0.7162
vn 0.4517 -0.6309 0.6308
vn -0.4871 -0.6177 0.6175
vn -0.6487 0.5381 -0.5382
vn -0.4871 -0.8733 0.0001
vn -0.6488 0.7610 -0.0000
vn -0.4869 -0.6176 -0.6176
vn 0.4517 -0.8922 -0.0000
vn -0.6488 0.5380 0.5381
vn -0.4411 0.4115 -0.7976
vn 0.4517 -0.6309 -0.6308
vn -0.6020 -0.0000 0.7985
vn 0.6979 -0.0000 -0.7162
vn -0.8319 -0.0001 -0.5549
vn -0.3075 -0.6699 -0.6758
vn 0.4674 -0.6282 -0.6220
vn 0.4510 -0.8925 -0.0000
vn -0.3343 -0.9425 -0.0000
vn -0.8377 0.5461 -0.0000
vn -0.3075 -0.6699 0.6757
vn -0.8498 0.3792 -0.3661
vn -0.2734 -0.7594 0.5905
vn 0.4674 -0.6282 0.6221
vn -0.4411 -0.4115 -0.7976
vn 0.4517 0.6310 -0.6307
vn -0.4871 0.6178 -0.6174
vn -0.6487 -0.5381 0.5381
vn -0.4871 0.8733 -0.0001
vn -0.6487 -0.7611 -0.0000
vn -0.4870 0.6176 0.6176
vn 0.4518 0.8921 -0.0001
vn -0.6487 -0.5382 -0.5381
vn -0.4411 -0.4115 0.7976
vn 0.4518 0.6308 0.6308
vn -0.2734 -0.7594 -0.5904
vn -0.8498 0.3792 0.3661
vn -0.6955 0.6974 -0.1728
vn 0.6592 -0.0000 -0.7519
vn 0.7289 0.4607 0.5064
vn -0.4711 -0.0000 0.8821
vn 0.7067 -0.7067 -0.0330
vn -0.6740 -0.3925 -0.6258
vn -0.4755 -0.6221 0.6220
vn 0.6672 0.5266 -0.5267
vn -0.6740 0.3925 0.6258
vn 0.7067 0.7068 0.0330
vn -0.4753 0.6221 -0.6221
vn -0.6955 -0.6974 0.1728
vn 0.6673 -0.5267 0.5266
vn -0.4712 -0.0000 -0.8821
vn 0.6592 -0.0000 0.7519
vn 0.7288 -0.4609 -0.5064
vn -0.6740 -0.1650 0.7201
vn 0.7188 0.4394 0.5388
vn -0.4751 0.8799 -0.0000
vn 0.6673 -0.7448 -0.0000
vn -0.6740 -0.6258 -0.3925
vn 0.7188 -0.0701 -0.6917
vn 0.5511 0.3995 -0.7326
vn -0.0000 -0.9156 -0.4022
vn -0.0000 -0.9155 0.4022
vn 0.5512 0.3995 0.7325
vn -0.0000 0.6020 -0.7985
vn -0.6770 0.0703 0.7326
vn -0.2925 0.5130 -0.8070
vn -0.6770 0.0704 -0.7326
vn 0.4536 -0.7890 0.4144
vn -0.2925 0.5130 0.8070
vn 0.4536 -0.7890 -0.4144
vn -0.0000 0.6020 0.7985
vn -0.6740 -0.1650 -0.7201
vn 0.7188 0.4394 -0.5388
vn 0.7188 -0.0701 0.6917
vn -0.6740 -0.6258 0.3925
vn -0.4757 0.6220 0.6220
vn 0.6674 -0.5265 -0.5266
vn 0.4609 -0.0000 0.8875
vn 0.4608 0.6276 0.6275
vn 0.4608 -0.6276 0.6275
vn 0.4609 -0.8875 -0.0000
vn -0.4751 -0.8800 -0.0000
vn 0.4609 -0.6275 -0.6276
vn 0.6674 0.7447 -0.0000
vn -0.4757 -0.6220 -0.6220
vn 0.4609 -0.0000 -0.8875
vn 0.6672 0.5267 0.5267
vn 0.4609 0.6275 -0.6275
vn 0.4608 0.8875 -0.0000
vn -0.6955 0.6974 0.1728
vn 0.7288 0.4609 -0.5064
vn -0.6740 -0.3925 0.6258
vn 0.7067 -0.7068 0.0330
vn -0.6740 0.3925 -0.6258
vn 0.7067 0.7067 -0.0330
vn 0.7289 -0.4607 0.5064
vn -0.6955 -0.6974 -0.1728
vn -0.6740 0.1650 -0.7201
vn 0.7187 -0.4395 -0.5388
vn -0.6740 0.6258 0.3925
vn 0.7188 0.0702 0.6917
vn -0.6900 -0.7237 0.0136
vn 0.6694 -0.7320 0.1273
vn 0.3213 -0.0000 0.9470
vn -0.3910 -0.0000 -0.9204
vn -0.3909 0.6509 -0.6508
vn -0.6900 0.5021 0.5214
vn 0.3214 -0.6696 0.6696
vn 0.6693 0.4276 0.6076
vn 0.4870 -0.6176 -0.6176
vn 0.4870 -0.0000 -0.8734
vn -0.4533 -0.0000 -0.8914
vn 0.6510 0.5367 0.5369
vn 0.4871 -0.8733 -0.0000
vn -0.4533 -0.6303 -0.6303
vn 0.6509 0.7591 -0.0000
vn -0.4534 -0.8913 -0.0000
vn -0.4533 -0.6302 0.6303
vn 0.4870 -0.6175 0.6176
vn 0.6510 0.5368 -0.5367
vn -0.4533 -0.0000 0.8914
vn 0.4871 -0.0001 0.8734
vn 0.6510 -0.0001 -0.7591
vn 0.4869 0.6176 0.6177
vn 0.6510 -0.5366 -0.5369
vn -0.4534 0.6301 0.6304
vn -0.4534 0.8913 -0.0001
vn 0.4870 0.8734 -0.0001
vn 0.6509 -0.7591 -0.0000
vn -0.4533 0.6303 -0.6303
vn 0.4870 0.6177 -0.6174
vn 0.6510 -0.5366 0.5369
vn 0.6510 -0.0000 0.7591
vn 0.3217 -0.6123 -0.7222
vn 0.4876 0.5917 -0.6420
vn -0.5467 0.5267 -0.6509
vn 0.6809 -0.2907 0.6722
vn 0.3216 -0.6125 0.7221
vn -0.5475 -0.4059 -0.7318
vn 0.6809 -0.2907 -0.6722
vn -0.5474 -0.4060 0.7318
vn -0.5468 0.5266 0.6509
vn 0.4875 0.5916 0.6421
vn 0.6434 -0.5213 -0.5607
vn 0.4633 0.6232 -0.6300
vn 0.6459 -0.5136 0.5649
vn -0.5532 0.5225 -0.6488
vn -0.6067 0.5611 -0.5631
vn 0.1951 0.6904 -0.6966
vn 0.9262 -0.2399 0.2908
vn 0.1952 0.6906 0.6964
vn 0.9263 -0.2397 -0.2908
vn 0.4633 0.6231 0.6301
vn -0.6066 0.5612 0.5631
vn 0.6459 -0.5136 -0.5648
vn -0.5533 0.5224 0.6488
vn 0.6433 -0.5213 0.5607
vn -0.4768 0.4239 -0.7700
vn 0.4842 0.7275 -0.4861
vn 0.4842 0.7274 0.4862
vn -0.4762 0.4248 0.7699
vn -0.5013 -0.6859 -0.5275
vn -0.5013 -0.6859 0.5275
vn -0.1532 -0.6112 0.7765
vn -0.5394 -0.6664 -0.5147
vn -0.1531 -0.6112 -0.7766
vn 0.6974 -0.1845 0.6926
vn -0.5394 -0.6664 0.5147
vn 0.6974 -0.1843 -0.6926
vn 0.6853 -0.1157 0.7190
vn 0.6854 0.4266 -0.5902
vn 0.4648 -0.6261 -0.6261
vn 0.4310 0.9024 -0.0000
vn 0.4648 -0.8854 -0.0000
vn -0.3157 -0.9489 -0.0000
vn -0.6693 -0.0082 0.7429
vn 0.2589 0.9659 -0.0000
vn -0.6693 0.5195 -0.5312
vn 0.2589 0.6830 0.6830
vn -0.3157 -0.6710 -0.6709
vn 0.4311 0.6380 0.6380
vn 0.3191 -0.6156 0.7206
vn 0.3191 -0.6154 -0.7207
vn -0.6192 -0.4829 -0.6192
vn 0.6435 -0.4144 -0.6436
vn -0.6193 -0.4830 0.6190
vn -0.6036 -0.5542 0.5732
vn 0.2420 -0.6607 0.7106
vn 0.9223 0.2807 -0.2657
vn 0.2420 -0.6607 -0.7106
vn 0.9223 0.2807 0.2657
vn 0.3191 -0.6156 -0.7206
vn -0.6037 -0.5541 -0.5732
vn 0.6435 -0.4144 0.6436
vn 0.3192 -0.6154 0.7207
vn -0.6193 -0.4830 -0.6190
vn 0.6435 -0.4144 -0.6435
vn -0.6192 -0.4830 0.6192
vn -0.5748 0.5823 0.5749
vn 0.4937 0.5921 0.6370
vn 0.5727 -0.5865 -0.5727
vn 0.4935 0.5921 -0.6370
vn 0.5727 -0.5865 0.5727
vn -0.5748 0.5824 -0.5748
vn 0.6435 -0.4144 0.6435
vn -0.6669 0.7437 -0.0462
vn 0.6697 0.6940 0.2644
vn -0.1837 -0.0000 0.9830
vn 0.1592 -0.0000 -0.9873
vn -0.1932 -0.0000 0.9812
vn -0.1931 -0.6938 0.6938
vn -0.6673 -0.4931 -0.5582
vn 0.1593 0.6981 -0.6981
vn -0.1832 -0.6952 0.6951
vn 0.6695 -0.6777 -0.3041
vn 0.1500 0.6991 -0.6991
vn 0.1494 -0.0000 -0.9888
vn -0.6675 -0.5581 0.4930
vn -0.1931 0.6938 0.6938
vn -0.1837 0.6951 0.6951
vn 0.6697 -0.3037 0.6776
vn 0.1500 -0.6991 -0.6991
vn 0.1592 -0.6981 -0.6981
vn 0.6697 0.2642 -0.6941
vn 0.1499 -0.9887 -0.0000
vn -0.6669 -0.0462 -0.7437
vn -0.1832 0.9831 -0.0000
vn 0.1592 -0.9872 -0.0000
vn -0.1930 0.9812 -0.0000
vn -0.6673 -0.7434 -0.0460
vn 0.6694 -0.6944 0.2642
vn 0.6697 0.6777 -0.3038
vn -0.6674 0.4930 -0.5581
vn -0.6672 0.0461 0.7435
vn 0.6696 -0.2643 0.6941
vn -0.1834 -0.9830 -0.0000
vn 0.1590 0.9873 -0.0000
vn -0.1930 -0.9812 -0.0000
vn -0.1931 -0.6938 -0.6938
vn -0.6670 0.5585 -0.4932
vn 0.1591 0.6981 0.6981
vn -0.1837 -0.6951 -0.6951
vn 0.6697 0.3037 -0.6776
vn 0.1496 0.6992 0.6992
vn 0.1500 0.9887 -0.0000
vn -0.6670 0.5585 0.4932
vn 0.6697 0.3037 0.6777
vn -0.6670 0.0462 -0.7437
vn 0.6697 -0.2642 -0.6941
vn -0.6669 -0.7437 0.0462
vn 0.6695 -0.6942 -0.2642
vn -0.1832 -0.0000 -0.9831
vn 0.1591 -0.0000 0.9873
vn -0.6670 0.4932 0.5585
vn -0.1931 -0.0000 -0.9812
vn 0.1591 -0.6981 0.6981
vn -0.1932 0.6938 -0.6938
vn -0.1833 0.6951 -0.6952
vn 0.6697 0.6777 0.3038
vn 0.1495 -0.6991 0.6992
vn 0.1500 -0.0001 0.9887
vn -0.6670 -0.0462 0.7437
vn -0.6670 -0.5585 -0.4932
vn 0.6693 0.2640 0.6945
vn 0.6695 -0.3041 -0.6777
vn 0.5553 -0.4776 0.6809
vn 0.5554 -0.4775 -0.6809
vn -0.4582 -0.7513 -0.4749
vn 0.6535 -0.0867 -0.7520
vn 0.1146 0.6377 0.7617
vn -0.4581 -0.7513 0.4750
vn 0.5281 0.7068 -0.4707
vn 0.1146 0.6378 -0.7617
vn -0.7005 0.1389 0.7000
vn 0.5282 0.7068 0.4706
vn -0.7005 0.1391 -0.7000
vn 0.6535 -0.0866 0.7520
vn -0.1917 0.6940 -0.6940
vn -0.1917 0.6940 0.6940
vn 0.6339 0.5469 0.5469
vn -0.9202 -0.2768 0.2768
vn -0.4700 0.6241 -0.6241
vn 0.6338 0.5469 -0.5469
vn -0.5774 -0.5774 0.5773
vn 0.5773 0.5774 -0.5773
vn 0.5748 0.5823 0.5748
vn -0.4936 0.5921 0.6370
vn -0.5727 -0.5865 -0.5727
vn -0.3192 -0.6154 0.7207
vn -0.6436 -0.4143 -0.6436
vn -0.3192 -0.6154 -0.7207
vn 0.6192 -0.4829 0.6192
vn -0.6435 -0.4144 0.6435
vn 0.6192 -0.4830 -0.6192
vn 0.5763 0.5977 -0.5573
vn -0.4936 0.5921 -0.6370
vn -0.5775 -0.6149 0.5371
vn 0.5774 0.5773 0.5773
vn -0.4700 0.6241 0.6242
vn -0.5774 -0.5774 -0.5773
vn -0.9202 -0.2768 -0.2768
vn 0.1598 0.6378 0.7534
vn 0.4265 -0.5433 0.7231
vn -0.9045 -0.0000 0.4265
vn 0.5433 0.3091 -0.7806
vn 0.5788 -0.0000 -0.8155
vn -0.6081 -0.3097 0.7310
vn -0.6041 -0.3065 -0.7357
vn 0.1598 0.6379 -0.7534
vn 0.5379 0.3034 0.7865
vn -0.9101 0.0017 -0.4143
vn 0.4265 -0.5435 -0.7230
vn 0.5905 -0.0032 0.8070
vn -0.3191 -0.6156 0.7206
vn -0.2421 -0.6607 0.7106
vn 0.6037 -0.5542 0.5731
vn -0.6435 -0.4144 -0.6436
vn -0.9223 0.2808 -0.2657
vn -0.3193 -0.6154 -0.7207
vn 0.6193 -0.4830 0.6190
vn -0.6436 -0.4144 0.6435
vn 0.5748 0.5823 -0.5748
vn -0.5727 -0.5865 0.5727
vn -0.6435 -0.4144 -0.6435
vn -0.3191 -0.6156 -0.7206
vn 0.6192 -0.4830 0.6192
vn -0.6435 -0.4143 0.6436
vn 0.6193 -0.4830 -0.6190
vn 0.6037 -0.5542 -0.5731
vn -0.2420 -0.6607 -0.7106
vn -0.9223 0.2808 0.2657
vn 0.1533 -0.6112 0.7765
vn 0.1532 -0.6113 -0.7764
vn -0.6974 -0.1845 -0.6926
vn 0.5395 -0.6664 -0.5146
vn -0.6974 -0.1844 0.6926
vn -0.4842 0.7275 0.4862
vn 0.4766 0.4244 0.7699
vn 0.5013 -0.6859 -0.5275
vn -0.4842 0.7275 -0.4862
vn 0.4763 0.4251 -0.7697
vn 0.5013 -0.6859 0.5275
vn 0.5395 -0.6664 0.5147
vn 0.1417 0.7793 0.6104
vn 0.1417 -0.7793 0.6104
vn -0.6999 -0.6950 0.1650
vn 0.5311 -0.5051 0.6803
vn -0.6999 0.6949 0.1650
vn -0.2394 0.6631 -0.7093
vn 0.4846 0.7648 -0.4245
vn 0.4962 -0.5242 0.6921
vn -0.2394 -0.6630 -0.7093
vn 0.4823 -0.7657 -0.4254
vn 0.4962 0.5242 0.6921
vn 0.5311 0.5051 0.6803
vn 0.1418 -0.7793 -0.6104
vn -0.6999 -0.6950 -0.1649
vn -0.2394 -0.6631 0.7093
vn 0.4846 -0.7648 0.4245
vn 0.4962 0.5242 -0.6921
vn 0.5311 0.5052 -0.6802
vn -0.2394 0.6630 0.7093
vn 0.4823 0.7658 0.4254
vn 0.4962 -0.5242 -0.6921
vn 0.1418 0.7793 -0.6104
vn 0.5311 -0.5052 -0.6802
vn -0.6999 0.6950 -0.1650
vn 0.5510 -0.3996 -0.7326
vn 0.5511 -0.3994 0.7326
vn -0.0000 0.9155 0.4022
vn -0.0000 -0.6020 0.7985
vn -0.6770 -0.0703 -0.7326
vn 0.0001 0.9155 -0.4022
vn -0.2926 -0.5130 0.8070
vn -0.6770 -0.0704 0.7326
vn 0.4535 0.7891 -0.4144
vn -0.2927 -0.5131 -0.8069
vn 0.4536 0.7890 0.4143
vn -0.0000 -0.6020 -0.7985
vn -0.4266 -0.5434 0.7230
vn 0.9045 -0.0000 0.4264
vn 0.9046 -0.0000 -0.4264
vn -0.4264 -0.5435 -0.7230
vn -0.5790 -0.0000 0.8154
vn -0.1596 0.6379 -0.7534
vn -0.5665 0.2487 0.7856
vn -0.1596 0.6379 0.7534
vn 0.5805 -0.3652 -0.7278
vn -0.5665 0.2488 -0.7856
vn 0.5805 -0.3652 0.7278
vn -0.5789 0.0001 -0.8154
vn 0.6242 -0.6241 -0.4700
vn 0.7071 0.7071 -0.0001
vn -0.5469 0.6339 -0.5469
vn 0.5773 -0.5774 0.5774
vn -0.5774 0.5774 -0.5773
vn 0.5773 0.5773 -0.5774
vn -0.6241 -0.6242 -0.4700
vn -0.5774 -0.5773 0.5773
vn 0.5469 0.6339 -0.5469
vn -0.7071 0.7071 -0.0000
vn -0.2768 -0.9202 0.2768
vn 0.2768 -0.9202 0.2768
vn -0.1439 0.7568 0.6376
vn 0.2394 0.6631 -0.7092
vn 0.2394 -0.6630 -0.7093
vn -0.1441 -0.7569 0.6375
vn -0.4962 0.5243 0.6920
vn -0.4962 -0.5242 0.6921
vn 0.1443 -0.7571 0.6372
vn 0.1442 0.7568 0.6375
vn -0.4710 -0.6190 0.6286
vn -0.4689 0.6294 0.6197
vn 0.5754 0.5824 0.5742
vn -0.5757 0.5741 -0.5823
vn -0.5794 -0.5803 -0.5722
vn 0.0013 -0.7067 -0.7076
vn 0.5797 -0.5720 0.5803
vn -0.5469 0.5469 -0.6338
vn -0.0015 0.7076 -0.7066
vn 0.2768 -0.2768 0.9202
vn -0.2763 -0.9203 -0.2769
vn 0.5475 0.6333 0.5470
vn -0.0013 -0.7067 -0.7075
vn -0.2768 -0.2768 0.9202
vn -0.5797 -0.5720 0.5803
vn 0.4710 -0.6190 0.6286
vn 0.5756 0.5741 -0.5823
vn 0.5469 0.5469 -0.6339
vn -0.5749 0.5827 0.5744
vn 0.4690 0.6293 0.6197
vn 0.5790 -0.5806 -0.5724
vn 0.0012 0.7075 -0.7067
vn 0.2768 -0.9202 -0.2768
vn -0.5471 0.6336 0.5470
vn -0.6241 -0.4699 0.6242
vn -0.6242 -0.4701 -0.6240
vn 0.6242 -0.4701 0.6240
vn -0.5748 0.5824 0.5748
vn 0.6242 -0.4699 -0.6242
vn 0.5749 0.5823 0.5748
vn -0.5727 -0.5864 0.5728
vn 0.5747 0.5825 -0.5748
vn -0.0000 0.9156 0.4022
vn -0.0001 -0.6020 0.7985
vn -0.6770 -0.0704 -0.7326
vn -0.0000 0.9155 -0.4022
vn -0.2926 -0.5131 0.8069
vn -0.6770 -0.0703 0.7326
vn 0.4536 0.7891 -0.4142
vn -0.2926 -0.5130 -0.8070
vn 0.4536 0.7890 0.4144
vn 0.7124 -0.6164 0.3354
vn -0.6645 -0.4313 0.6103
vn -0.6645 0.7365 0.1266
vn 0.7125 0.6730 -0.1987
vn 0.7071 -0.7071 -0.0000
vn 0.2768 0.9202 0.2768
vn 0.6241 0.6242 -0.4700
vn -0.5469 -0.6339 -0.5469
vn -0.6241 0.6242 -0.4700
vn 0.5774 -0.5773 -0.5774
vn -0.7071 -0.7071 -0.0000
vn -0.5774 0.5773 0.5773
vn 0.9202 -0.2768 -0.2768
vn -0.6338 0.5469 0.5469
vn -0.5564 -0.5952 0.5798
vn 0.2394 0.6631 0.7093
vn 0.5563 -0.5951 0.5799
vn -0.4962 -0.5243 -0.6920
vn 0.8033 -0.1985 -0.5615
vn -0.5311 -0.5051 -0.6803
vn 0.6999 0.6950 -0.1649
vn -0.8033 -0.1984 -0.5615
vn 0.8034 0.1985 -0.5614
vn 0.6999 -0.6950 -0.1650
vn 0.2394 -0.6631 0.7092
vn 0.5563 0.5952 0.5799
vn -0.4962 0.5243 -0.6920
vn -0.5563 0.5952 0.5798
vn -0.8033 0.1984 -0.5615
vn -0.5311 0.5051 -0.6803
vn 0.5512 -0.3995 -0.7326
vn 0.5511 -0.3995 0.7326
vn -0.0000 0.9156 -0.4022
vn 0.4536 0.7890 -0.4144
vn -0.2925 -0.5130 0.8070
vn -0.2925 -0.5130 -0.8070
vn 0.4535 0.7890 0.4144
vn 0.6322 0.1807 -0.7534
vn 0.6323 0.1806 0.7534
vn -0.5724 0.4828 0.6628
vn 0.5634 -0.2725 0.7800
vn -0.5724 0.4829 -0.6627
vn -0.4535 0.7890 -0.4144
vn -0.2574 -0.6410 -0.7231
vn 0.2925 -0.5130 0.8070
vn -0.4536 0.7890 0.4144
vn -0.2574 -0.6411 0.7230
vn 0.2925 -0.5130 -0.8070
vn 0.5634 -0.2725 -0.7799
vn -0.2574 0.6410 -0.7231
vn -0.2573 0.6412 0.7230
vn -0.4536 -0.7890 0.4144
vn 0.2925 0.5130 0.8070
vn 0.6323 -0.1805 -0.7534
vn -0.4535 -0.7891 -0.4143
vn 0.5634 0.2725 0.7799
vn -0.5723 -0.4829 -0.6628
vn -0.5724 -0.4828 0.6628
vn 0.6323 -0.1808 0.7534
vn 0.5634 0.2725 -0.7800
vn 0.2925 0.5130 -0.8070
vn 0.6843 -0.3366 0.6469
vn -0.4984 -0.8669 -0.0000
vn -0.5526 -0.8334 -0.0000
vn -0.6827 -0.0489 0.7290
vn -0.3339 0.9426 -0.0000
vn 0.4239 0.9057 -0.0000
vn -0.6827 0.4810 -0.5501
vn -0.3338 0.6666 0.6665
vn 0.6842 0.2195 -0.6954
vn -0.5526 -0.5894 -0.5893
vn 0.4239 0.6404 0.6404
vn -0.4985 -0.6130 -0.6130
vn -0.6242 -0.4699 0.6241
vn -0.6242 -0.4699 -0.6242
vn -0.5748 0.5823 -0.5748
vn 0.6242 -0.4700 0.6241
vn 0.5467 0.6435 0.5358
vn 0.6736 -0.1537 0.7229
vn -0.2796 -0.9345 -0.2204
vn 0.7057 -0.1552 0.6913
vn 0.1355 -0.9384 -0.3180
vn -0.5350 0.7718 0.3435
vn 0.5350 0.7719 -0.3433
vn 0.9935 -0.1128 0.0122
vn -0.1358 -0.9385 0.3175
vn 0.6738 -0.4224 -0.6063
vn -0.5478 -0.6052 0.5776
vn -0.6252 -0.4687 -0.6241
vn 0.5588 0.5972 -0.5754
vn 0.5794 -0.5804 0.5722
vn -0.5749 0.5827 -0.5744
vn -0.5474 0.6333 -0.5470
vn -0.6944 -0.1923 -0.6934
vn -0.6940 -0.1917 -0.6940
vn 0.6940 -0.1917 -0.6940
vn 0.6242 -0.4699 -0.6241
vn -0.5773 -0.5773 0.5774
vn -0.6241 -0.4699 -0.6242
vn 0.5774 0.5773 -0.5773
vn 0.5774 -0.5774 0.5773
vn -0.6242 -0.4699 0.6242
vn -0.5773 0.5774 -0.5773
vn -0.5749 0.5823 0.5748
vn -0.6944 -0.1924 0.6933
vn -0.6256 -0.4689 0.6235
vn 0.6252 -0.4687 0.6240
vn 0.6944 -0.1924 0.6934
vn 0.6241 -0.4700 0.6242
vn -0.6242 -0.4700 -0.6241
vn -0.5774 0.5773 -0.5773
vn -0.6670 -0.4932 0.5585
vn 0.6694 -0.6777 0.3042
vn -0.6669 0.7437 0.0462
vn 0.6693 0.6945 -0.2640
vn 0.5510 0.3994 -0.7327
vn 0.5512 0.3994 0.7325
vn -0.6771 0.0702 0.7326
vn -0.2925 0.5129 -0.8070
vn -0.6770 0.0703 -0.7326
vn 0.4535 -0.7891 -0.4143
vn -0.0000 0.6021 0.7984
vn 0.6995 -0.2457 -0.6711
vn -0.6790 -0.0535 -0.7321
vn 0.2934 0.9560 -0.0000
vn 0.6995 0.3008 0.6482
vn -0.3502 -0.9367 -0.0000
vn 0.2933 0.6760 -0.6760
vn -0.3502 -0.6623 0.6623
vn -0.6791 0.4796 0.5557
vn 0.4699 -0.6242 0.6241
vn -0.0000 0.7071 0.7071
vn 0.2768 0.9202 -0.2768
vn -0.0000 -0.7071 -0.7071
vn -0.5469 -0.6339 0.5469
vn -0.4699 0.6242 -0.6241
vn -0.4266 -0.5434 -0.7230
vn -0.4264 -0.5435 0.7230
vn 0.9046 -0.0000 0.4264
vn -0.5789 0.0001 0.8154
vn 0.9045 -0.0000 -0.4264
vn -0.5790 -0.0000 -0.8154
vn -0.8341 0.4928 -0.2479
vn -0.5871 -0.6564 -0.4738
vn 0.5871 -0.6564 -0.4738
vn -0.6535 -0.0867 -0.7520
vn 0.8341 0.4928 -0.2479
vn 0.4582 -0.7513 0.4749
vn -0.5282 0.7068 -0.4707
vn 0.7005 0.1391 0.7000
vn -0.6323 -0.1806 -0.7534
vn -0.6323 -0.1807 0.7534
vn 0.5724 -0.4829 0.6628
vn -0.5634 0.2725 0.7799
vn 0.5724 -0.4830 -0.6627
vn 0.2573 0.6410 -0.7231
vn 0.2574 0.6411 0.7230
vn -0.5634 0.2725 -0.7799
vn 0.5511 0.3995 0.7326
vn 0.5512 0.3995 -0.7325
vn -0.0000 0.6021 -0.7985
vn -0.0000 -0.9156 0.4022
vn 0.7317 0.6785 0.0648
vn 0.7206 -0.6153 0.3195
vn -0.7206 -0.6153 0.3195
vn 0.6435 -0.4143 0.6436
vn -0.7317 0.6785 0.0649
vn -0.6193 -0.4831 -0.6190
vn 0.9223 0.2808 0.2657
vn -0.6037 -0.5542 -0.5731
vn -0.6323 -0.1806 0.7534
vn -0.6323 -0.1807 -0.7534
vn 0.2573 0.6412 -0.7230
vn 0.6853 0.5902 0.4266
vn 0.4648 0.6261 -0.6261
vn 0.4648 -0.0000 -0.8854
vn 0.6853 -0.7190 -0.1157
vn 0.4310 -0.0000 0.9024
vn 0.4311 -0.6380 0.6380
vn -0.3157 -0.0000 -0.9489
vn -0.6693 -0.7430 -0.0083
vn 0.2589 -0.0000 0.9659
vn -0.6693 0.5312 0.5195
vn 0.2594 -0.6829 0.6829
vn -0.3157 0.6709 -0.6710
vn 0.7071 -0.0000 0.7071
vn 0.6940 0.1918 0.6940
vn -0.2768 0.9202 -0.2768
vn 0.5469 -0.6338 0.5469
vn 0.7071 -0.0000 -0.7071
vn -0.2768 0.9202 0.2768
vn 0.6940 0.1918 -0.6940
vn 0.5469 -0.6338 -0.5469
vn 0.6242 0.4700 -0.6241
vn 0.5775 -0.5770 -0.5775
vn -0.6242 0.4700 -0.6241
vn -0.5878 0.5558 0.5878
vn -0.5774 -0.5773 -0.5773
vn 0.5773 0.5774 0.5773
vn -0.6940 0.1917 -0.6940
vn -0.7071 0.0001 -0.7071
vn -0.7071 -0.0000 0.7071
vn 0.9202 -0.2768 0.2768
vn -0.6339 0.5469 -0.5469
vn -0.6940 0.1917 0.6940
vn -0.6242 0.4700 0.6241
vn 0.6242 0.4700 0.6242
vn -0.0000 -0.7071 0.7071
vn -0.5614 0.5918 0.5785
vn 0.5235 0.5860 0.6186
vn 0.5461 -0.6017 -0.5828
vn 0.2575 0.7775 -0.5738
vn -0.4278 -0.7090 -0.5606
vn -0.7984 0.5555 0.2324
vn -0.9443 -0.0000 0.3290
vn -0.9047 -0.0000 -0.4261
vn 0.5792 -0.0000 0.8152
vn 0.7984 0.5554 0.2324
vn 0.9046 -0.0000 -0.4262
vn 0.9443 -0.0000 0.3291
vn -0.5792 -0.0000 0.8152
vn 0.7984 -0.5554 0.2325
vn -0.5634 -0.2726 0.7799
vn -0.7984 -0.5555 0.2324
vn 0.5723 0.4829 -0.6628
vn 0.3370 -0.8277 0.4487
vn 0.5509 -0.4060 -0.7292
vn -0.6244 0.3141 -0.7152
vn -0.9613 -0.1236 0.2464
vn 0.4750 -0.3930 0.7874
vn -0.9045 -0.0000 -0.4265
vn -0.9445 -0.0000 0.3284
vn 0.5788 -0.0000 0.8155
vn -0.9099 0.2402 0.3381
vn 0.5432 0.3091 0.7806
vn 0.5058 0.7314 0.4574
vn -0.6081 -0.3097 -0.7310
vn -0.5901 -0.6126 0.5259
vn 0.4741 0.5475 -0.6896
vn -0.6740 -0.2912 0.6789
vn -0.4697 0.8114 0.3479
vn -0.0000 0.9303 0.3667
vn 0.2927 -0.5131 0.8069
vn -0.0062 0.9211 0.3894
vn -0.4537 0.7890 -0.4143
vn 0.8980 -0.4164 0.1418
vn -0.9122 -0.3823 0.1475
vn 0.6148 0.3220 -0.7200
vn 0.0360 0.9238 0.3813
vn -0.4850 -0.3872 0.7841
vn 0.4698 0.8114 0.3478
vn -0.0000 0.9304 0.3666
vn -0.4698 0.8115 0.3475
vn -0.3972 0.8522 0.3405
vn 0.3972 0.8522 0.3405
vn 0.4699 0.8115 0.3475
vn 0.9563 -0.1549 0.2480
vn 0.9445 -0.0000 0.3286
vn -0.3750 -0.8199 0.4325
vn -0.6269 0.6684 0.4002
vn 0.8485 0.3803 0.3681
vn 0.3972 -0.8522 0.3405
vn 0.4698 -0.8115 0.3475
vn -0.3972 -0.8522 0.3405
vn -0.4698 -0.8115 0.3475
vn -0.0000 -0.9303 0.3667
vn 0.4698 -0.8115 0.3476
vn 0.3283 -0.9029 0.2775
vn -0.7349 0.1406 0.6634
vn 0.8069 0.3639 0.4653
vn -0.1758 -0.9391 0.2954
vn -0.4698 -0.8114 0.3477
vn 0.2926 0.5130 0.8070
vn -0.7984 -0.5555 -0.2324
vn -0.9443 -0.0000 -0.3290
vn -0.9047 -0.0000 0.4261
vn 0.5635 -0.2725 -0.7799
vn 0.5792 -0.0001 -0.8152
vn 0.7984 -0.5554 -0.2325
vn -0.5724 0.4829 0.6627
vn -0.5634 -0.2725 -0.7800
vn 0.5723 0.4829 0.6627
vn 0.9047 -0.0000 0.4261
vn 0.9443 -0.0000 -0.3291
vn -0.5791 -0.0000 -0.8152
vn 0.7984 0.5554 -0.2324
vn -0.5634 0.2726 -0.7799
vn -0.7984 0.5555 -0.2324
vn -0.5723 -0.4829 0.6628
vn 0.8980 -0.4164 -0.1419
vn 0.5508 -0.4061 0.7292
vn -0.6200 0.3113 0.7202
vn -0.0061 0.9211 -0.3894
vn 0.4713 -0.3912 -0.7905
vn -0.6739 -0.2913 -0.6789
vn -0.4537 0.7890 0.4143
vn -0.4697 0.8114 -0.3479
vn 0.2927 -0.5130 -0.8069
vn 0.0001 0.9156 0.4022
vn -0.0000 0.9303 -0.3667
vn 0.4699 0.8115 -0.3475
vn 0.3972 0.8522 -0.3406
vn -0.3972 0.8522 -0.3406
vn -0.4535 0.7890 0.4144
vn -0.4698 0.8115 -0.3476
vn -0.0000 0.9304 -0.3666
vn 0.4697 0.8114 -0.3479
vn 0.0360 0.9238 -0.3813
vn -0.4850 -0.3872 -0.7841
vn -0.9122 -0.3823 -0.1475
vn 0.6148 0.3219 0.7200
vn 0.9563 -0.1549 -0.2480
vn 0.9445 -0.0000 -0.3286
vn 0.8485 0.3803 -0.3681
vn -0.6269 0.6684 -0.4002
vn -0.3750 -0.8199 -0.4325
vn -0.7349 0.1406 -0.6634
vn 0.3283 -0.9029 -0.2775
vn 0.4698 -0.8114 -0.3476
vn -0.0000 -0.9304 -0.3667
vn -0.4698 -0.8115 -0.3475
vn -0.3972 -0.8522 -0.3405
vn -0.4535 -0.7891 0.4144
vn 0.3972 -0.8522 -0.3405
vn 0.4536 -0.7890 0.4143
vn 0.4698 -0.8115 -0.3476
vn -0.0000 -0.9304 -0.3666
vn -0.0000 0.6021 -0.7984
vn -0.4698 -0.8114 -0.3477
vn 0.2952 0.5174 -0.8032
vn -0.1758 -0.9391 -0.2954
vn -0.4543 -0.7902 0.4113
vn 0.8069 0.3639 -0.4653
vn -0.5901 -0.6126 -0.5258
vn 0.4741 0.5475 0.6895
vn -0.9613 -0.1236 -0.2464
vn -0.9445 -0.0000 -0.3284
vn 0.3370 -0.8277 -0.4487
vn 0.5058 0.7314 -0.4574
vn -0.9099 0.2402 -0.3381
vn 0.6370 0.5921 -0.4936
vn -0.6940 0.6940 0.1917
vn 0.6940 0.6940 0.1917
vn 0.7071 0.7071 -0.0000
vn -0.6370 0.5921 -0.4936
vn -0.7207 -0.6154 -0.3192
vn 0.6436 -0.4143 -0.6436
vn -0.6192 -0.4829 0.6192
vn 0.7207 -0.6154 -0.3192
vn -0.2287 0.6372 0.7360
vn -0.2773 -0.6586 -0.6996
vn -0.1880 0.6582 -0.7290
vn 0.3711 0.4592 0.8071
vn 0.6525 -0.1558 -0.7416
vn 0.6323 -0.1806 0.7534
vn -0.7207 -0.6154 0.3192
vn -0.6192 -0.4830 -0.6192
vn -0.6370 0.5921 0.4936
vn -0.2768 -0.2768 -0.9202
vn 0.6940 0.6940 -0.1917
vn 0.5469 0.5469 0.6339
vn 0.3029 -0.2678 -0.9146
vn -0.6178 0.7818 -0.0850
vn -0.4795 0.5401 0.6916
vn -0.5741 0.7771 0.2578
vn 0.6283 0.5563 0.5438
vn 0.7207 -0.6154 0.3192
vn -0.7208 -0.6152 0.3194
vn 0.7208 -0.6151 0.3194
vn 0.6192 -0.4829 -0.6192
vn 0.6437 -0.4140 0.6436
vn -0.6192 -0.4828 -0.6192
vn -0.6369 0.5921 0.4937
vn 0.6370 0.5921 0.4936
vn -0.6436 -0.4142 0.6436
vn -0.1596 -0.6379 -0.7534
vn -0.1597 -0.6378 0.7534
vn 0.5724 0.4830 0.6627
vn -0.5634 -0.2725 -0.7799
vn -0.4267 0.5433 -0.7231
vn -0.4265 0.5435 0.7230
vn -0.5791 -0.0000 -0.8153
vn 0.9046 -0.0000 0.4262
vn -0.7566 -0.4181 -0.5028
vn -0.7551 -0.4348 0.4908
vn -0.7649 -0.4366 0.4737
vn -0.8253 -0.4705 -0.3123
vn 0.4689 0.2676 -0.8417
vn -0.7606 -0.4466 -0.4712
vn 0.6823 0.3636 -0.6343
vn -0.2591 -0.9131 -0.3148
vn -0.7577 -0.4137 0.5048
vn 0.3341 0.0157 -0.9424
vn 0.2591 -0.9131 -0.3148
vn -0.1830 -0.8826 0.4331
vn -0.3341 0.0157 -0.9424
vn 0.1830 -0.8826 0.4331
vn 0.7576 -0.4137 0.5048
vn 0.7606 -0.4466 -0.4712
vn -0.6823 0.3636 -0.6343
vn 0.7649 -0.4366 0.4737
vn 0.8253 -0.4708 -0.3119
vn -0.4689 0.2676 -0.8417
vn 0.7566 -0.4181 -0.5028
vn -0.6792 0.3967 -0.6175
vn 0.7154 0.5994 -0.3590
vn 0.7550 -0.4348 0.4907
vn -0.6521 0.4186 -0.6321
vn -0.7154 0.5995 -0.3590
vn 0.6249 0.4859 0.6111
vn 0.6521 0.4186 -0.6321
vn -0.6249 0.4859 0.6111
vn 0.6792 0.3966 -0.6175
vn 0.1596 0.6380 0.7533
vn -0.5723 -0.4828 -0.6628
vn 0.1600 0.6379 -0.7533
vn 0.5635 0.2724 0.7799
vn 0.4264 -0.5435 -0.7231
vn 0.5791 -0.0000 0.8152
vn 0.4264 -0.5435 0.7230
vn 0.3195 -0.6151 -0.7208
vn 0.4936 0.5922 -0.6369
vn 0.3193 -0.6153 0.7207
vn 0.6436 -0.4142 -0.6436
vn 0.4935 0.5922 0.6370
vn -0.7154 0.5994 0.3590
vn -0.7565 -0.4181 0.5029
vn -0.7550 -0.4349 -0.4907
vn 0.6522 0.4185 0.6321
vn 0.7154 0.5995 0.3590
vn -0.6249 0.4859 -0.6111
vn -0.6521 0.4186 0.6321
vn 0.6248 0.4859 -0.6111
vn 0.7550 -0.4348 -0.4908
vn 0.7565 -0.4180 0.5029
vn -0.6792 0.3966 0.6175
vn 0.7651 -0.4367 -0.4732
vn 0.8253 -0.4707 0.3120
vn -0.4689 0.2677 0.8417
vn 0.7606 -0.4466 0.4712
vn -0.6823 0.3636 0.6343
vn 0.2591 -0.9131 0.3148
vn 0.7576 -0.4138 -0.5048
vn -0.3341 0.0157 0.9424
vn -0.2591 -0.9131 0.3148
vn 0.1830 -0.8826 -0.4331
vn 0.3341 0.0157 0.9424
vn -0.1830 -0.8826 -0.4331
vn -0.7576 -0.4137 -0.5048
vn -0.7606 -0.4466 0.4712
vn 0.6823 0.3635 0.6343
vn -0.7651 -0.4367 -0.4731
vn -0.8253 -0.4705 0.3123
vn 0.4683 0.2678 0.8420
vn 0.6792 0.3966 0.6175
vn 0.3215 0.6011 0.7317
vn 0.4383 -0.6105 0.6597
vn 0.3215 0.6011 -0.7317
vn 0.4384 -0.6105 -0.6596
vn 0.2574 -0.6410 -0.7231
vn 0.2573 -0.6412 0.7230
vn -0.6323 0.1806 -0.7534
vn -0.5355 -0.3460 0.7704
vn -0.6323 0.1807 0.7534
vn 0.5499 0.4537 -0.7013
vn -0.6693 0.5312 -0.5195
vn -0.3157 0.6710 0.6709
vn -0.3157 -0.0000 0.9489
vn -0.6693 -0.7430 0.0083
vn 0.2589 -0.0000 -0.9659
vn 0.6853 -0.7190 0.1157
vn 0.4311 -0.0000 -0.9023
vn 0.6853 0.5902 -0.4266
vn 0.4648 -0.0000 0.8854
vn 0.4311 -0.6380 -0.6380
vn 0.4647 0.6261 0.6261
vn 0.2589 -0.6830 -0.6830
vn -0.6899 -0.7237 -0.0136
vn -0.6899 0.5021 -0.5214
vn -0.3909 0.6509 0.6508
vn 0.3214 -0.0000 -0.9470
vn -0.3909 -0.0000 0.9204
vn 0.6694 -0.7319 -0.1273
vn 0.6693 0.4276 -0.6076
vn 0.3215 -0.6696 -0.6696
vn -0.7993 -0.5643 0.2064
vn 0.7993 -0.5643 0.2065
vn -0.5609 0.5814 0.5894
vn 0.5609 0.5814 0.5894
vn 0.8034 0.1986 0.5614
vn 0.6999 -0.6950 0.1649
vn -0.8033 0.1984 0.5615
vn -0.5564 0.5952 -0.5798
vn 0.5564 0.5952 -0.5799
vn -0.5311 0.5051 0.6803
vn 0.7317 0.6785 -0.0648
vn 0.7206 -0.6153 -0.3195
vn -0.7317 0.6785 -0.0648
vn -0.6037 -0.5542 0.5731
vn -0.7206 -0.6153 -0.3195
vn -0.7207 -0.6153 0.3193
vn 0.7207 -0.6154 0.3193
vn -0.6370 0.5921 0.4937
vn 0.5748 0.5823 -0.5749
vn -0.6436 -0.4143 0.6435
vn 0.6369 0.5921 -0.4937
vn -0.7208 -0.6151 -0.3194
vn 0.7208 -0.6152 -0.3194
vn -0.6436 -0.4142 -0.6436
vn 0.6192 -0.4828 0.6192
vn 0.6770 -0.0703 -0.7326
vn 0.6770 -0.0704 0.7326
vn -0.5512 -0.3994 -0.7326
vn -0.5510 -0.3995 0.7327
vn -0.7207 -0.6154 0.3193
vn 0.6370 0.5920 0.4936
vn 0.7317 0.6785 -0.0649
vn -0.9223 0.2807 -0.2657
vn -0.7318 0.6785 -0.0649
vn 0.6037 -0.5541 0.5732
vn 0.7207 -0.6153 0.3193
vn -0.6370 0.5920 0.4937
vn 0.6370 0.5920 0.4937
vn -0.5728 -0.5864 0.5728
vn 0.5748 0.5824 -0.5749
vn -0.6289 0.0812 -0.7732
vn -0.6289 0.0812 0.7732
vn 0.2784 0.7169 -0.6391
vn 0.2784 0.7170 0.6391
vn 0.6289 0.0812 0.7732
vn 0.6289 0.0812 -0.7732
vn -0.2784 0.7170 0.6390
vn -0.2784 0.7170 -0.6391
vn -0.6246 0.6180 -0.4774
vn 0.6248 0.6177 -0.4775
vn -0.6236 -0.6304 -0.4624
vn 0.6236 -0.6304 -0.4623
vn 0.7318 0.6785 0.0649
vn 0.6036 -0.5542 -0.5732
vn -0.9223 0.2807 0.2657
vn -0.7318 0.6785 0.0650
vn -0.9006 -0.3887 -0.1944
vn -0.9445 -0.0000 -0.3286
vn -0.9046 0.0001 0.4264
vn 0.5312 -0.3526 -0.7704
vn 0.5789 -0.0000 -0.8154
vn 0.5456 -0.8367 -0.0466
vn -0.5502 0.4443 0.7070
vn -0.9256 -0.2348 -0.2968
vn 0.6081 0.5629 0.5598
vn 0.4883 0.5449 0.6816
vn 0.4653 0.7860 -0.4070
vn -0.5933 -0.6045 -0.5316
vn -0.6081 -0.3096 0.7310
vn -0.4536 -0.7891 0.4143
vn 0.2926 0.5130 -0.8070
vn 0.3972 -0.8522 -0.3406
vn -0.5800 -0.2721 0.7678
vn -0.5800 -0.7354 -0.3504
vn -0.4985 0.6130 -0.6130
vn 0.4238 -0.9058 -0.0000
vn -0.4984 0.8670 -0.0000
vn -0.3910 0.9204 -0.0000
vn 0.6251 0.4478 0.6393
vn 0.3214 -0.9469 -0.0000
vn 0.6251 -0.1354 -0.7687
vn 0.4238 -0.6404 0.6405
vn -0.4698 0.8115 -0.3475
vn 0.4698 0.8114 -0.3477
vn 0.2792 0.8767 -0.3918
vn -0.5355 -0.3460 -0.7704
vn -0.9696 -0.0849 0.2293
vn 0.5499 0.4537 0.7013
vn 0.9696 -0.1251 0.2101
vn -0.2607 0.8813 -0.3941
vn -0.4698 0.8114 -0.3477
vn 0.2926 -0.5130 -0.8070
vn -0.0000 0.9304 -0.3667
vn -0.5730 -0.8174 -0.0591
vn -0.6071 0.7085 -0.3598
vn 0.8915 -0.4101 -0.1926
vn 0.9444 -0.0000 -0.3288
vn 0.5791 -0.0000 -0.8152
vn 0.7984 0.5554 0.2325
vn -0.5791 0.0001 0.8152
vn -0.5634 -0.2725 0.7799
vn -0.5724 0.4828 -0.6628
vn 0.8915 -0.4101 0.1926
vn 0.9444 -0.0000 0.3288
vn -0.5731 -0.8174 0.0591
vn -0.6071 0.7085 0.3598
vn -0.0000 -0.9304 0.3667
vn -0.7349 0.1406 0.6635
vn 0.4841 0.5399 -0.6885
vn 0.6449 0.2538 0.7209
vn -0.6127 -0.5874 0.5288
vn 0.0173 -0.9580 0.2863
vn 0.0018 -0.9101 -0.4145
vn -0.0011 -0.9377 0.3475
vn -0.0032 0.5905 0.8070
vn -0.2925 0.5129 0.8070
vn 0.4535 -0.7891 -0.4144
vn -0.3972 -0.8522 0.3406
vn -0.4536 -0.7890 -0.4144
vn 0.2925 0.5129 0.8071
vn 0.8399 0.4364 -0.3227
vn -0.1823 -0.9453 0.2703
vn -0.9383 0.0345 0.3441
vn -0.9376 -0.0012 0.3476
vn 0.4653 0.7860 0.4070
vn 0.7046 -0.7096 -0.0074
vn -0.9195 -0.2764 0.2793
vn -0.9697 -0.0848 -0.2293
vn 0.6364 0.5463 -0.5446
vn 0.2792 0.8767 0.3918
vn 0.4698 0.8114 0.3477
vn -0.4536 0.7890 -0.4144
vn -0.4698 0.8115 0.3476
vn -0.0000 0.9304 0.3667
vn -0.4578 0.7929 -0.4022
vn -0.4652 0.8057 0.3666
vn 0.3010 -0.5214 0.7985
vn -0.7939 0.4584 -0.3994
vn -0.8058 0.4652 0.3666
vn 0.5257 -0.3035 0.7947
vn 0.6693 0.1275 -0.7319
vn 0.6694 0.6076 0.4275
vn -0.6900 0.5213 0.5021
vn 0.3214 0.6696 -0.6696
vn -0.3909 -0.6508 0.6509
vn -0.3909 -0.9204 -0.0000
vn -0.6900 0.0138 -0.7237
vn 0.3215 0.9469 -0.0000
vn -0.6242 0.6241 -0.4700
vn 0.6694 0.1274 0.7319
vn 0.6694 0.6075 -0.4276
vn -0.6900 0.0138 0.7237
vn -0.6900 0.5213 -0.5021
vn 0.3214 0.6696 0.6696
vn -0.3909 -0.6509 -0.6508
vn 0.7125 -0.1987 0.6730
vn -0.6646 0.1267 0.7364
vn -0.6646 0.6102 -0.4312
vn 0.7125 0.3354 -0.6164
vn 0.4084 -0.6230 0.6671
vn 0.4078 -0.6235 -0.6671
vn 0.0884 0.6847 0.7234
vn 0.0883 0.6847 -0.7235
vn 0.7125 0.3354 0.6164
vn -0.6645 0.6102 0.4313
vn -0.6646 0.1269 -0.7363
vn 0.7125 -0.1987 -0.6730
vn 0.5606 -0.7090 0.4278
vn -0.6241 -0.6242 0.4700
vn 0.5735 0.7774 -0.2584
vn -0.7094 0.7013 -0.0707
vn 0.6770 0.0703 0.7326
vn -0.5512 0.3994 0.7326
vn -0.5510 0.3995 -0.7326
vn 0.6770 0.0703 -0.7326
vn 0.7125 -0.6730 0.1987
vn -0.6645 -0.7365 -0.1266
vn 0.7125 0.6164 -0.3354
vn -0.6645 0.4312 -0.6103
vn 0.7125 0.6164 0.3354
vn -0.6645 0.4312 0.6103
vn 0.7125 -0.6730 -0.1987
vn -0.6645 -0.7365 0.1266
vn -0.6242 -0.4700 0.6241
vn 0.5727 -0.5864 -0.5728
vn -0.5749 0.5823 0.5749
vn 0.6242 -0.4700 -0.6241
vn -0.6370 0.5920 -0.4936
vn 0.7207 -0.6154 -0.3193
vn 0.6995 0.2456 0.6711
vn -0.6791 0.0537 0.7321
vn 0.2934 -0.9560 -0.0000
vn 0.6995 -0.3008 -0.6483
vn -0.3502 0.9367 -0.0000
vn 0.2932 -0.6760 0.6760
vn -0.3500 0.6624 -0.6624
vn -0.6790 -0.4798 -0.5556
vn -0.6645 -0.6103 0.4312
vn -0.6646 -0.1267 -0.7364
vn 0.7124 -0.3354 0.6164
vn 0.7125 0.1988 -0.6729
vn -0.6646 -0.6103 -0.4311
vn -0.6645 -0.1267 0.7364
vn 0.7125 0.1987 0.6730
vn 0.7124 -0.3354 -0.6164
vn 0.6854 0.7190 -0.1157
vn 0.6853 -0.5902 0.4266
vn -0.6692 -0.5312 0.5196
vn -0.6692 0.7430 -0.0083
vn -0.7071 0.0001 0.7071
vn -0.7072 -0.0002 -0.7070
vn 0.7072 -0.0001 0.7070
vn 0.7071 -0.0001 -0.7071
vn 0.6344 -0.2730 -0.7232
vn -0.3291 0.6698 -0.6656
vn 0.6344 -0.2729 0.7232
vn -0.3291 0.6699 0.6655
vn 0.6853 -0.4266 0.5902
vn -0.6693 -0.5195 0.5312
vn 0.6853 0.1157 -0.7190
vn 0.4311 -0.9023 -0.0000
vn 0.4648 0.8854 -0.0000
vn -0.3162 0.9487 -0.0000
vn -0.6693 0.0082 -0.7430
vn 0.2594 -0.9658 -0.0000
vn -0.7064 -0.0011 -0.7078
vn 0.7064 -0.0010 -0.7078
vn 0.6230 0.4711 0.6245
vn -0.6232 0.4712 0.6242
vn -0.5511 -0.3995 0.7326
vn -0.5511 -0.3994 -0.7326
vn -0.7207 -0.6154 -0.3193
vn 0.7207 -0.6153 -0.3193
vn -0.6435 -0.4143 -0.6436
vn 0.6853 -0.4266 -0.5902
vn -0.6693 -0.5195 -0.5312
vn -0.6692 0.0083 0.7430
vn 0.6853 0.1157 0.7190
vn -0.5891 -0.5092 -0.6274
vn 0.6569 -0.4276 -0.6210
vn -0.5891 -0.5093 0.6273
vn 0.6570 -0.4277 0.6209
vn 0.6995 0.6482 0.3008
vn -0.6791 0.5557 0.4797
vn 0.6995 -0.6711 -0.2456
vn 0.2934 -0.0000 0.9560
vn -0.3497 -0.0000 -0.9369
vn -0.6791 -0.7321 -0.0537
vn -0.6323 -0.1805 0.7534
vn 0.2573 0.6411 -0.7230
vn 0.6995 0.6711 -0.2457
vn -0.6791 0.7321 -0.0537
vn -0.3500 -0.6624 -0.6624
vn 0.6995 -0.6482 0.3008
vn 0.2934 0.6760 0.6760
vn -0.6791 -0.5556 0.4797
vn -0.1597 -0.6379 -0.7534
vn -0.4265 0.5435 -0.7230
vn -0.4267 0.5432 0.7231
vn 0.4699 -0.6242 -0.6242
vn -0.0000 0.7071 -0.7071
vn -0.4699 0.6242 0.6241
vn 0.0001 -0.7071 0.7071
vn -0.4710 -0.6190 -0.6286
vn 0.5797 -0.5720 -0.5803
vn -0.5226 0.5915 -0.6140
vn -0.2604 0.7779 0.5720
vn -0.1370 -0.7799 0.6107
vn -0.5762 0.5737 0.5820
vn 0.7187 -0.4394 0.5388
vn 0.7188 0.0701 -0.6917
vn -0.6740 0.6258 -0.3925
vn -0.6740 0.1650 0.7200
vn 0.2574 -0.6411 0.7230
vn -0.6323 0.1808 -0.7533
vn -0.6323 0.1806 0.7534
vn 0.6570 -0.4277 -0.6208
vn 0.6569 -0.4276 0.6210
vn 0.6995 0.6711 0.2457
vn -0.3499 -0.0000 0.9368
vn -0.6791 0.7321 0.0537
vn 0.2936 -0.0000 -0.9559
vn -0.6790 -0.5557 -0.4798
vn 0.6995 -0.6482 -0.3008
vn -0.6731 -0.4237 0.6062
vn 0.6091 -0.4243 -0.6700
vn -0.7056 -0.1548 -0.6915
vn -0.9936 -0.1124 -0.0124
vn 0.6995 0.3009 -0.6483
vn -0.6791 0.4797 -0.5556
vn 0.6995 -0.2456 0.6711
vn -0.6790 -0.0537 0.7322
vn -0.5510 0.3994 -0.7327
vn -0.5511 0.3994 0.7326
vn -0.1596 -0.6379 0.7534
vn -0.4266 0.5434 -0.7230
vn -0.4264 0.5435 0.7230
vn -0.3867 -0.3297 -0.8613
vn -0.3864 -0.3294 0.8615
vn 0.3861 -0.3295 0.8616
vn 0.3867 -0.3294 -0.8614
vn 0.6467 0.2021 0.7355
vn 0.6466 -0.3771 -0.6631
vn 0.2594 0.6829 -0.6829
vn -0.6315 0.6580 0.4102
vn -0.3164 -0.6708 0.6708
vn -0.6315 0.1752 -0.7554
vn -0.6316 -0.7552 -0.1753
vn -0.6314 0.4102 -0.6581
vn -0.3500 0.6624 0.6624
vn 0.6467 -0.6630 0.3771
vn 0.6466 0.7355 -0.2022
vn 0.2933 -0.6760 -0.6760
vn -0.6316 0.4101 0.6580
vn 0.6467 0.7355 0.2021
vn 0.6467 -0.6631 -0.3771
vn -0.6316 -0.7553 0.1753
vn -0.6315 -0.6580 0.4101
vn 0.6467 -0.2021 0.7355
vn 0.6466 0.3771 -0.6631
vn -0.6315 -0.1752 -0.7553
vn -0.6314 -0.4102 0.6581
vn -0.6315 0.7553 0.1753
vn 0.6466 0.6631 -0.3770
vn 0.6467 -0.7355 0.2022
vn -0.6316 0.7553 -0.1753
vn 0.6467 0.6630 0.3772
vn -0.6315 -0.4102 -0.6580
vn 0.6467 -0.7355 -0.2022
vn -0.6315 0.6580 -0.4101
vn 0.6466 0.2023 -0.7355
vn 0.6467 -0.3771 0.6630
vn -0.6315 0.1752 0.7553
vn 0.8034 -0.1985 0.5614
vn 0.6999 0.6949 0.1650
vn 0.5563 -0.5951 -0.5799
vn -0.5563 -0.5952 -0.5799
vn -0.8033 -0.1985 0.5615
vn -0.5311 -0.5051 0.6803
vn -0.1146 0.6378 0.7617
vn -0.5553 -0.4775 0.6809
vn -0.5553 -0.4775 -0.6809
vn -0.6535 -0.0867 0.7520
vn -0.1146 0.6378 -0.7617
vn 0.4582 -0.7513 -0.4750
vn -0.5281 0.7068 0.4707
vn 0.7005 0.1390 -0.7000
vn 0.6995 -0.6711 0.2457
vn -0.6791 -0.7321 0.0537
vn 0.6995 0.6482 -0.3008
vn -0.6791 0.5556 -0.4797
vn -0.6236 -0.6304 0.4623
vn 0.6236 -0.6304 0.4624
vn 0.5756 0.5741 0.5823
vn -0.6248 0.6178 0.4775
vn -0.5797 -0.5720 -0.5803
vn 0.6246 0.6180 0.4774
vn 0.3193 -0.6154 0.7207
vn 0.3192 -0.6154 -0.7207
vn 0.4936 0.5921 0.6370
vn 0.4700 0.6242 -0.6241
vn 0.1917 0.6940 -0.6940
vn 0.1917 0.6940 0.6940
vn 0.4699 0.6242 0.6242
vn 0.4936 0.5921 -0.6370
vn 0.7993 -0.5643 -0.2065
vn 0.5609 0.5815 -0.5893
vn -0.5609 0.5814 -0.5894
vn -0.7993 -0.5643 -0.2065
vn 0.4710 -0.6189 -0.6285
vn 0.4689 0.6293 -0.6197
vn -0.0012 -0.7067 0.7075
vn 0.0014 0.7076 0.7066
vn -0.4700 -0.6242 0.6241
vn -0.6371 0.5920 -0.4937
vn 0.6370 0.5920 -0.4937
vn 0.5748 0.5824 0.5748
vn -0.7207 -0.6153 -0.3193
vn -0.5727 -0.5866 -0.5727
vn -0.5510 0.3995 0.7326
vn 0.6594 0.0928 0.7461
vn -0.5436 0.4265 -0.7230
vn 0.6588 0.1351 -0.7401
vn -0.1417 0.7793 -0.6104
vn -0.4846 0.7648 0.4245
vn -0.4823 -0.7658 0.4254
vn -0.1417 -0.7793 -0.6104
vn -0.6316 -0.6579 -0.4101
vn -0.6315 -0.1753 0.7553
vn 0.6466 0.3771 0.6631
vn 0.6467 -0.2022 -0.7355
vn 0.2421 -0.6607 -0.7106
vn 0.7071 0.0001 -0.7071
vn -0.7072 0.0003 0.7070
vn -0.7071 -0.0000 -0.7071
vn -0.0884 0.6847 -0.7234
vn -0.4079 -0.6235 -0.6670
vn -0.0876 0.6850 0.7232
vn -0.4077 -0.6235 0.6671
vn 0.6323 -0.1807 0.7534
vn -0.2574 0.6410 0.7231
vn -0.2574 0.6411 -0.7230
vn 0.6323 -0.1807 -0.7534
vn -0.6344 -0.2729 0.7232
vn 0.3291 0.6699 0.6656
vn -0.6344 -0.2729 -0.7232
vn 0.3291 0.6699 -0.6655
vn 0.6854 0.4266 0.5902
vn 0.6853 -0.1157 -0.7190
vn 0.4310 0.6381 -0.6381
vn 0.4648 -0.6261 0.6261
vn -0.6693 0.5195 0.5312
vn -0.6693 -0.0082 -0.7429
vn -0.3215 0.6011 0.7317
vn -0.4384 -0.6105 0.6597
vn -0.4383 -0.6105 -0.6597
vn -0.3215 0.6011 -0.7317
vn 0.1600 -0.6378 0.7534
vn 0.4265 0.5433 0.7231
vn 0.4264 0.5436 -0.7230
vn 0.1597 -0.6380 -0.7533
vn -0.2574 -0.6410 0.7231
vn 0.6323 0.1808 -0.7533
vn -0.2573 -0.6411 -0.7230
vn -0.3167 -0.6186 0.7190
vn -0.4993 0.5928 0.6319
vn -0.3169 -0.6184 -0.7192
vn -0.4992 0.5928 -0.6320
vn -0.4761 0.6254 0.6182
vn -0.1882 0.6979 0.6911
vn -0.1879 0.6978 -0.6912
vn -0.4762 0.6255 -0.6181
vn 0.1350 -0.6588 0.7401
vn 0.4266 0.5434 0.7230
vn 0.3996 0.5510 -0.7326
vn 0.0929 -0.6593 -0.7461
vn 0.5511 -0.3994 -0.7326
vn 0.6323 0.1806 -0.7534
vn 0.6323 0.1805 0.7534
vn -0.2574 -0.6412 -0.7230
vn -0.2573 -0.6411 0.7230
vn 0.4264 0.5435 -0.7231
vn 0.4264 0.5435 0.7230
vn 0.1597 -0.6379 -0.7534
vn 0.1600 -0.6379 0.7533
vn 0.2574 -0.6411 -0.7230
vn 0.2573 -0.6410 0.7231
vn -0.6323 0.1807 -0.7534
vn -0.1597 0.6378 -0.7534
vn -0.1596 0.6380 0.7533
vn 0.5510 0.3994 0.7327
vn 0.5512 0.3994 -0.7325
vn -0.6771 0.0702 -0.7326
vn -0.5510 0.3994 0.7327
vn -0.5511 0.3994 -0.7326
vn -0.4264 0.5435 -0.7230
vn -0.4266 0.5434 0.7230
vn 0.6995 -0.3008 0.6482
vn -0.6790 -0.4797 0.5557
vn 0.6995 0.2457 -0.6711
vn -0.6791 0.0536 -0.7320
vn 0.6854 0.7189 0.1157
vn 0.6853 -0.5902 -0.4266
vn -0.6693 0.7430 0.0083
vn -0.6693 -0.5312 -0.5195
vn -0.4935 0.5923 -0.6369
vn -0.4935 0.5922 0.6370
vn -0.3194 -0.6152 0.7208
vn -0.3193 -0.6153 -0.7208
vn 0.1438 0.7568 -0.6377
vn -0.1438 0.7568 -0.6376
vn 0.1443 -0.7571 -0.6372
vn -0.1440 -0.7570 -0.6374
vn 0.2574 -0.6410 0.7231
vn -0.6323 0.1805 -0.7534
vn -0.5511 -0.3994 0.7326
vn -0.5511 -0.3995 -0.7326
vn 0.6381 0.2125 0.7400
vn -0.2574 -0.6412 0.7230
vn 0.6175 0.2492 -0.7461
vn -0.2775 -0.6215 -0.7326
vn -0.4267 -0.5432 -0.7231
vn -0.4265 -0.5435 0.7230
vn -0.2573 0.6411 0.7230
vn 0.7065 -0.0010 0.7078
vn 0.6231 0.4712 -0.6243
vn -0.7065 -0.0009 0.7077
vn -0.6230 0.4712 -0.6244
vn 0.1598 0.6379 0.7534
vn 0.4265 -0.5434 0.7231
vn -0.1417 -0.7793 0.6104
vn -0.1417 0.7793 0.6104
vn -0.4846 -0.7649 -0.4244
vn -0.4822 0.7659 -0.4254
vn 0.6242 0.6241 0.4700
vn -0.6241 0.6242 0.4700
vn -0.2420 -0.6607 0.7106
vn -0.4936 0.5922 -0.6370
vn -0.4937 0.5920 0.6370
vn -0.2420 -0.6607 -0.7105
vn 0.6843 0.6469 0.3366
vn -0.4985 -0.0000 0.8669
vn -0.5527 -0.0000 0.8334
vn -0.6827 0.7291 0.0488
vn -0.3338 -0.0000 -0.9426
vn 0.4239 -0.0000 -0.9057
vn -0.6827 -0.5501 -0.4810
vn -0.3338 0.6666 -0.6665
vn 0.6843 -0.6954 -0.2194
vn -0.5526 -0.5893 0.5893
vn 0.4240 0.6404 -0.6404
vn -0.4985 -0.6130 0.6129
vn 0.6843 -0.6469 0.3366
vn -0.4985 0.6129 0.6130
vn 0.6843 0.6954 -0.2194
vn 0.4240 -0.6404 -0.6404
vn -0.5527 0.5893 0.5893
vn -0.6827 0.5500 -0.4810
vn -0.3338 -0.6665 -0.6666
vn -0.6827 -0.7291 0.0488
vn 0.6843 0.6469 -0.3366
vn -0.4985 -0.0000 -0.8669
vn 0.6843 -0.6954 0.2194
vn 0.4239 -0.0000 0.9057
vn -0.6827 -0.5501 0.4810
vn -0.6827 0.7291 -0.0489
vn -0.3339 -0.0000 0.9426
vn -0.5526 -0.0000 -0.8334
vn 0.6843 -0.2195 -0.6954
vn -0.5526 0.5893 -0.5893
vn -0.6827 -0.4810 -0.5501
vn -0.3338 -0.6666 0.6665
vn -0.6827 0.0489 0.7291
vn -0.3339 -0.9426 -0.0000
vn 0.6843 0.3365 0.6469
vn -0.5526 0.8334 -0.0000
vn 0.6843 0.3366 -0.6469
vn -0.6827 0.0488 -0.7290
vn -0.6828 -0.4809 0.5501
vn 0.6843 -0.2195 0.6954
vn 0.6843 -0.3365 -0.6469
vn 0.6843 0.2195 0.6954
vn -0.6827 0.4810 0.5501
vn -0.6827 -0.0489 -0.7291
vn 0.6843 -0.6469 -0.3366
vn -0.6827 -0.7291 -0.0488
vn -0.6827 0.5500 0.4810
vn 0.6843 0.6954 0.2194
vn -0.5800 -0.7354 0.3505
vn 0.6251 -0.1356 0.7687
vn 0.6251 0.4478 -0.6393
vn -0.5800 -0.2721 -0.7678
vn -0.5800 0.7678 -0.2721
vn 0.6251 0.6394 0.4477
vn -0.5799 -0.3506 -0.7353
vn 0.6251 -0.7687 -0.1355
vn 0.6251 0.6393 -0.4477
vn 0.6251 -0.7687 0.1356
vn -0.5800 -0.3506 0.7354
vn -0.5800 0.7678 0.2721
vn -0.5800 -0.7678 0.2721
vn 0.6251 -0.6394 -0.4477
vn -0.5800 0.3505 0.7353
vn 0.6251 0.7687 0.1355
vn 0.8341 0.4928 0.2479
vn -0.8341 0.4928 0.2479
vn 0.5871 -0.6564 0.4738
vn -0.5871 -0.6564 0.4738
vn -0.5800 -0.7678 -0.2721
vn -0.5800 0.3505 -0.7353
vn 0.6250 -0.6394 0.4477
vn 0.6250 0.7687 -0.1356
vn -0.5800 0.2720 0.7678
vn 0.6251 -0.4478 0.6393
vn -0.5800 0.7354 -0.3504
vn 0.6251 0.1354 -0.7687
vn 0.6250 0.1356 0.7687
vn 0.6250 -0.4478 -0.6394
vn -0.5800 0.7353 0.3505
vn -0.5800 0.2722 -0.7678
vn 0.6770 -0.0704 -0.7326
vn 0.6770 -0.0703 0.7326
vn -0.6900 -0.5213 -0.5022
vn -0.6900 -0.0137 0.7237
vn 0.6693 -0.1274 0.7320
vn 0.6694 -0.6075 -0.4276
vn 0.7125 0.6730 0.1987
vn -0.6646 0.7364 -0.1266
vn -0.6646 -0.4312 -0.6103
vn 0.7125 -0.6164 -0.3354
vn -0.6899 -0.5214 0.5022
vn -0.6900 -0.0137 -0.7237
vn 0.6693 -0.6076 0.4276
vn 0.6693 -0.1274 -0.7320
vn 0.6693 0.7320 0.1273
vn 0.6693 -0.4276 0.6076
vn -0.6900 -0.5020 0.5214
vn -0.6900 0.7237 0.0136
vn 0.4266 0.5434 -0.7230
vn 0.1597 -0.6379 0.7534
vn 0.6241 0.6242 0.4700
vn 0.6241 -0.4699 -0.6243
vn 0.6694 0.7319 -0.1273
vn 0.6693 -0.4276 -0.6076
vn -0.6900 0.7237 -0.0136
vn -0.6900 -0.5020 -0.5214
vn 0.1599 0.6378 -0.7534
vn 0.1597 0.6380 0.7533
vn 0.4264 -0.5435 -0.7230
vn 0.4263 -0.5436 0.7230
vt 0.500000 0.500000
vt 0.625000 0.500000
vt 0.750000 0.500000
vt 0.875000 0.500000
vt 1.000000 0.500000
vt 0.125000 0.500000
vt 0.250000 0.500000
vt 0.375000 0.500000
vt 0.000000 0.500000
vt 1.000000 0.799781
vt 1.000000 0.776785
vt 0.916667 0.776785
vt 0.916667 0.799781
vt 0.419706 0.080294
vt 0.250000 0.010000
vt 0.490000 0.250000
vt 0.419706 0.419706
vt 0.250000 0.490000
vt 0.080294 0.419706
vt 0.010000 0.250000
vt 0.080294 0.080294
vt 0.375000 0.750000
vt 0.625000 0.750000
vt 0.625000 0.709503
vt 0.492272 0.709503
vt 0.492272 0.540497
vt 0.625000 0.540497
vt 0.000000 0.000000
vt 0.375000 0.543867
vt 0.586654 0.543867
vt 0.586654 0.706133
vt 0.375000 0.706133
vt 1.000000 1.000000
vt 0.875000 1.000000
vt 0.125000 1.000000
vt 0.250000 1.000000
vt 0.000000 1.000000
vt 0.750000 1.000000
vt 0.625000 1.000000
vt 0.500000 1.000000
vt 0.375000 1.000000
vt 0.482023 0.051934
vt 0.482023 0.198066
vt 0.625000 0.051934
vt 0.625000 0.000000
vt 0.375000 0.000000
vt 0.375000 0.250000
vt 0.625000 0.250000
vt 0.625000 0.198066
vt 0.166667 0.700219
vt 0.250000 0.700219
vt 0.166667 0.723215
vt 0.250000 0.723215
vt 0.375000 0.206133
vt 0.586654 0.206133
vt 0.375000 0.043867
vt 0.586654 0.043867
vt 0.500000 0.723215
vt 0.500000 0.700219
vt 0.583333 0.723215
vt 0.583333 0.700219
vt 0.750000 0.700219
vt 0.750000 0.723215
vt 0.833333 0.723215
vt 0.833333 0.700219
vt 0.375000 0.916667
vt 0.528249 0.916667
vt 0.375000 0.833333
vt 0.528249 0.833333
vt 0.500000 0.916667
vt 0.791667 0.750000
vt 0.625000 0.916667
vt 0.500000 0.833333
vt 0.708333 0.750000
vt 0.625000 0.833333
vt 0.875000 0.750000
vt 0.500000 0.799781
vt 0.500000 0.776785
vt 0.583333 0.799781
vt 0.583333 0.776785
vt 0.375000 0.416667
vt 0.528249 0.416667
vt 0.528249 0.462343
vt 0.375000 0.462343
vt 0.333333 0.799781
vt 0.333333 0.776785
vt 0.416667 0.799781
vt 0.416667 0.776785
vt 0.083333 0.799781
vt 0.083333 0.776785
vt 0.166667 0.799781
vt 0.166667 0.776785
vt 0.625000 0.551934
vt 0.685300 0.551934
vt 0.685300 0.515943
vt 0.795312 0.515943
vt 0.791667 0.500000
vt 0.708333 0.500000
vt 0.795312 0.734057
vt 0.685300 0.734057
vt 0.685300 0.698066
vt 0.625000 0.698066
vt 0.875000 0.698066
vt 0.795312 0.698066
vt 0.750000 0.799781
vt 0.750000 0.776785
vt 0.833333 0.799781
vt 0.833333 0.776785
vt 1.000000 0.700219
vt 1.000000 0.723215
vt 0.916667 0.700219
vt 0.916667 0.723215
vt 0.147971 0.750000
vt 0.208333 0.750000
vt 0.147971 0.500000
vt 0.208333 0.500000
vt 0.291667 0.500000
vt 0.337343 0.500000
vt 0.337343 0.750000
vt 0.291667 0.750000
vt 0.375000 0.333333
vt 0.528249 0.333333
vt 0.579755 0.394537
vt 0.552361 0.391337
vt 0.572948 0.348101
vt 0.547287 0.351302
vt 0.520734 0.348101
vt 0.525630 0.394537
vt 0.516510 0.306723
vt 0.541514 0.303523
vt 0.567218 0.306723
vt 0.498672 0.315468
vt 0.492804 0.327412
vt 0.530051 0.435915
vt 0.508680 0.427171
vt 0.500171 0.415226
vt 0.506502 0.403281
vt 0.500772 0.339357
vt 0.558513 0.439115
vt 0.585997 0.435915
vt 0.590608 0.339357
vt 0.600738 0.403281
vt 0.609868 0.415226
vt 0.604662 0.427171
vt 0.587016 0.315468
vt 0.595661 0.327412
vt 0.525630 0.855463
vt 0.552361 0.858663
vt 0.520734 0.901899
vt 0.547287 0.898698
vt 0.572948 0.901899
vt 0.579754 0.855463
vt 0.516510 0.943277
vt 0.498672 0.934532
vt 0.492804 0.922588
vt 0.500772 0.910643
vt 0.506502 0.846719
vt 0.500171 0.834774
vt 0.508680 0.822829
vt 0.530051 0.814085
vt 0.558513 0.810885
vt 0.585997 0.814085
vt 0.604662 0.822829
vt 0.609868 0.834774
vt 0.600738 0.846719
vt 0.590608 0.910643
vt 0.595661 0.922588
vt 0.587016 0.934532
vt 0.567218 0.943277
vt 0.541514 0.946477
vt 0.083333 0.700219
vt 0.083333 0.723215
vt 0.625000 0.416667
vt 0.500000 0.416667
vt 0.500000 0.333333
vt 0.625000 0.333333
vt 0.666667 0.799781
vt 0.666667 0.776785
vt 0.500000 0.250000
vt 0.500000 0.750000
vt 0.666667 0.723215
vt 0.666667 0.700219
vt 0.397018 0.325656
vt 0.410973 0.323398
vt 0.375000 0.285622
vt 0.457151 0.285622
vt 0.425137 0.325656
vt 0.440733 0.340258
vt 0.436010 0.331828
vt 0.457151 0.462067
vt 0.434019 0.416837
vt 0.445241 0.410665
vt 0.448361 0.402235
vt 0.443101 0.393805
vt 0.430942 0.387633
vt 0.427739 0.354860
vt 0.437810 0.348688
vt 0.398027 0.354860
vt 0.386930 0.348688
vt 0.399154 0.387633
vt 0.387576 0.393805
vt 0.383360 0.402235
vt 0.387842 0.410665
vt 0.400261 0.416837
vt 0.375000 0.462067
vt 0.386683 0.331828
vt 0.382838 0.340258
vt 0.417364 0.419096
vt 0.413086 0.357119
vt 0.414959 0.385374
vt 0.430942 0.862367
vt 0.414959 0.864626
vt 0.427739 0.895140
vt 0.413086 0.892881
vt 0.398027 0.895140
vt 0.399154 0.862367
vt 0.400261 0.833163
vt 0.417364 0.830904
vt 0.375000 0.787933
vt 0.457151 0.787933
vt 0.434019 0.833163
vt 0.445241 0.839334
vt 0.448361 0.847765
vt 0.457151 0.964378
vt 0.436010 0.918172
vt 0.440733 0.909742
vt 0.437810 0.901312
vt 0.443101 0.856195
vt 0.425137 0.924344
vt 0.410973 0.926602
vt 0.375000 0.964378
vt 0.387842 0.839335
vt 0.383360 0.847765
vt 0.387576 0.856195
vt 0.386930 0.901311
vt 0.382838 0.909742
vt 0.386683 0.918172
vt 0.397018 0.924344
vt 0.375000 0.272971
vt 0.528249 0.272971
vt 0.000000 0.776785
vt 0.000000 0.799781
vt 0.337067 0.750000
vt 0.337067 0.500000
vt 0.160622 0.750000
vt 0.160622 0.500000
vt 0.416667 0.700219
vt 0.416667 0.723215
vt 0.875000 0.709503
vt 0.875000 0.540497
vt 0.875000 0.551934
vt 0.795312 0.551934
vt 0.482023 0.698066
vt 0.482023 0.551934
vt 0.000000 0.700219
vt 0.000000 0.723215
vt 0.500000 0.000000
vt 0.333333 0.700219
vt 0.333333 0.723215
vt 0.625000 0.209503
vt 0.492272 0.209503
vt 0.492272 0.040497
vt 0.625000 0.040497
vt 0.250000 0.799781
vt 0.250000 0.776785
vt 0.375000 0.977029
vt 0.528249 0.977029
vt 0.375000 0.787657
vt 0.528249 0.787657
s 1
f 713/1/1 17/1/2 23/2/3
f 713/1/1 714/2/4 24/2/5
f 714/2/4 23/2/3 27/3/6
f 714/2/4 715/3/7 28/3/8
f 716/4/9 715/3/7 27/3/6
f 716/4/9 32/4/10 28/3/8
f 717/5/11 716/4/9 31/4/12
f 717/5/11 14/5/13 32/4/10
f 718/5/14 717/5/11 13/5/15
f 718/5/14 12/5/16 14/5/13
f 718/5/14 11/5/17 29/4/18
f 718/5/14 719/4/19 30/4/20
f 720/3/21 719/4/19 29/4/18
f 719/4/19 720/3/21 26/3/22
f 721/2/23 720/3/21 25/3/24
f 720/3/21 721/2/23 22/2/25
f 722/1/26 721/2/23 21/2/27
f 722/1/26 20/1/28 22/2/25
f 722/1/26 19/1/29 17/1/2
f 722/1/26 713/1/1 18/1/30
f 723/6/31 9/6/32 3/7/33
f 723/6/31 724/7/34 4/7/35
f 725/8/36 724/7/34 3/7/33
f 724/7/34 725/8/36 8/8/37
f 726/1/38 725/8/36 7/8/39
f 726/1/38 18/1/30 8/8/37
f 727/1/40 726/1/38 17/1/2
f 727/1/40 20/1/28 18/1/30
f 727/1/40 19/1/29 15/8/41
f 727/1/40 728/8/42 16/8/43
f 729/7/44 728/8/42 15/8/41
f 729/7/44 6/7/45 16/8/43
f 730/6/46 729/7/44 5/7/47
f 729/7/44 730/6/46 2/6/48
f 731/9/49 730/6/46 1/6/50
f 731/9/49 12/9/16 2/6/48
f 731/9/49 11/9/17 13/9/15
f 731/9/49 732/9/51 14/9/13
f 732/9/51 13/9/15 9/6/32
f 732/9/51 723/6/31 10/6/52
f 733/5/53 35/5/54 13/5/15
f 734/5/55 14/5/13 36/5/56
f 734/5/55 13/5/15 31/4/12
f 734/5/55 735/4/57 32/4/10
f 736/4/58 735/4/57 31/4/12
f 735/4/57 736/4/58 34/4/59
f 736/4/58 33/4/60 35/5/54
f 736/4/58 733/5/53 36/5/56
f 738/8/61 737/8/62 7/8/39
f 737/8/62 738/8/61 46/8/63
f 739/1/64 738/8/61 45/8/65
f 739/1/64 44/1/66 46/8/63
f 739/1/64 43/1/67 17/1/2
f 740/1/68 18/1/30 44/1/66
f 740/1/68 17/1/2 7/8/39
f 740/1/68 737/8/62 8/8/37
f 742/7/69 741/7/70 3/7/33
f 741/7/70 742/7/69 48/7/71
f 742/7/69 47/7/72 45/8/65
f 743/8/73 46/8/63 48/7/71
f 743/8/73 45/8/65 7/8/39
f 744/8/74 8/8/37 46/8/63
f 741/7/70 744/8/74 7/8/39
f 741/7/70 4/7/35 8/8/37
f 745/10/75 359/10/76 529/11/77
f 745/10/75 746/11/78 530/11/79
f 747/12/80 746/11/78 529/11/77
f 746/11/78 747/12/80 532/12/81
f 748/13/82 747/12/80 531/12/83
f 747/12/80 748/13/82 362/13/84
f 745/10/75 748/13/82 361/13/85
f 745/10/75 360/10/86 362/13/84
f 749/7/87 47/7/72 3/7/33
f 750/7/88 4/7/35 48/7/71
f 750/7/88 3/7/33 9/6/32
f 750/7/88 751/6/89 10/6/52
f 752/6/90 751/6/89 9/6/32
f 751/6/89 752/6/90 42/6/91
f 749/7/87 752/6/90 41/6/92
f 752/6/90 749/7/87 48/7/71
f 754/9/93 753/6/94 41/6/92
f 754/9/93 36/9/56 42/6/91
f 754/9/93 35/9/54 33/4/60
f 754/9/93 755/4/95 34/4/59
f 756/3/96 755/4/95 33/4/60
f 756/3/96 38/3/97 34/4/59
f 757/2/98 756/3/96 37/3/99
f 756/3/96 757/2/98 40/2/100
f 758/1/101 757/2/98 39/2/102
f 757/2/98 758/1/101 44/1/66
f 759/8/103 758/1/101 43/1/67
f 758/1/101 759/8/103 46/8/63
f 759/8/103 45/8/65 47/7/72
f 759/8/103 760/7/104 48/7/71
f 760/7/104 47/7/72 41/6/92
f 753/6/94 42/6/91 48/7/71
f 762/1/105 761/1/106 17/1/2
f 761/1/106 762/1/105 44/1/66
f 763/2/107 762/1/105 43/1/67
f 763/2/107 40/2/100 44/1/66
f 763/2/107 39/2/102 23/2/3
f 764/2/108 24/2/5 40/2/100
f 761/1/106 764/2/108 23/2/3
f 761/1/106 18/1/30 24/2/5
f 765/6/109 41/6/92 9/6/32
f 766/6/110 10/6/52 42/6/91
f 767/9/111 766/6/110 9/6/32
f 767/9/111 14/9/13 10/6/52
f 768/9/112 767/9/111 13/9/15
f 767/9/111 768/9/112 36/9/56
f 768/9/112 35/9/54 41/6/92
f 765/6/109 42/6/91 36/9/56
f 770/3/113 769/3/114 27/3/6
f 769/3/114 770/3/113 38/3/97
f 771/4/115 770/3/113 37/3/99
f 771/4/115 34/4/59 38/3/97
f 771/4/115 33/4/60 31/4/12
f 772/4/116 32/4/10 34/4/59
f 772/4/116 31/4/12 27/3/6
f 769/3/114 28/3/8 32/4/10
f 774/1/117 773/1/118 19/1/29
f 773/1/118 774/1/117 702/1/119
f 774/1/117 701/1/120 699/8/121
f 774/1/117 775/8/122 700/8/123
f 775/8/122 699/8/121 15/8/41
f 776/8/124 16/8/43 700/8/123
f 773/1/118 776/8/124 15/8/41
f 776/8/124 773/1/118 20/1/28
f 778/14/125 777/15/126 49/15/127
f 777/15/126 778/14/125 58/14/128
f 779/16/129 778/14/125 57/14/130
f 779/16/129 52/16/131 58/14/128
f 779/16/129 51/16/132 55/17/133
f 779/16/129 780/17/134 56/17/135
f 780/17/134 55/17/133 53/18/136
f 780/17/134 781/18/137 54/18/138
f 782/19/139 781/18/137 53/18/136
f 781/18/137 782/19/139 64/19/140
f 782/19/139 63/19/141 59/20/142
f 783/20/143 60/20/144 64/19/140
f 783/20/143 59/20/142 61/21/145
f 783/20/143 784/21/146 62/21/147
f 777/15/126 784/21/146 61/21/145
f 777/15/126 50/15/148 62/21/147
f 786/8/149 785/2/150 71/2/151
f 785/2/150 786/8/149 66/8/152
f 787/22/153 786/8/149 65/8/154
f 786/8/149 787/22/153 76/22/155
f 787/22/153 75/22/156 77/23/157
f 788/23/158 78/23/159 76/22/155
f 789/24/160 788/23/158 77/23/157
f 788/23/158 789/24/160 80/24/161
f 789/24/160 79/24/162 67/25/163
f 789/24/160 790/25/164 68/25/165
f 791/26/166 790/25/164 67/25/163
f 790/25/164 791/26/166 70/26/167
f 792/27/168 791/26/166 69/26/169
f 792/27/168 74/27/170 70/26/167
f 785/2/150 792/27/168 73/27/171
f 792/27/168 785/2/150 72/2/172
f 793/28/173 279/28/174 277/28/175
f 794/28/176 278/28/177 280/28/178
f 795/28/179 794/28/176 277/28/175
f 794/28/176 795/28/179 474/28/180
f 796/28/181 795/28/179 473/28/182
f 795/28/179 796/28/181 476/28/183
f 796/28/181 475/28/184 279/28/174
f 793/28/173 280/28/178 476/28/183
f 798/3/185 797/2/186 635/2/187
f 797/2/186 798/3/185 640/3/188
f 798/3/185 639/3/189 637/3/190
f 799/3/191 638/3/192 640/3/188
f 800/2/193 799/3/191 637/3/190
f 799/3/191 800/2/193 634/2/194
f 797/2/186 800/2/193 633/2/195
f 800/2/193 797/2/186 636/2/196
f 802/29/197 801/8/198 97/8/199
f 801/8/198 802/29/197 104/29/200
f 802/29/197 103/29/201 99/30/202
f 802/29/197 803/30/203 100/30/204
f 804/31/205 803/30/203 99/30/202
f 803/30/203 804/31/205 106/31/206
f 805/32/207 804/31/205 105/31/208
f 805/32/207 112/32/209 106/31/206
f 806/22/210 805/32/207 111/32/211
f 805/32/207 806/22/210 110/22/212
f 806/22/210 109/22/213 107/23/214
f 807/23/215 108/23/216 110/22/212
f 808/2/217 807/23/215 107/23/214
f 807/23/215 808/2/217 102/2/218
f 801/8/198 808/2/217 101/2/219
f 808/2/217 801/8/198 98/8/220
f 810/33/221 809/33/222 131/33/223
f 809/33/222 810/33/221 134/33/224
f 810/33/221 133/33/225 141/34/226
f 810/33/221 811/34/227 142/34/228
f 811/34/227 141/34/226 143/34/229
f 812/34/230 144/34/231 142/34/228
f 812/34/230 143/34/229 131/33/223
f 809/33/222 132/33/232 144/34/231
f 813/35/233 125/35/234 129/35/235
f 814/35/236 130/35/237 126/35/238
f 815/36/239 814/35/236 129/35/235
f 814/35/236 815/36/239 116/36/240
f 816/36/241 815/36/239 115/36/242
f 815/36/239 816/36/241 122/36/243
f 816/36/241 121/36/244 125/35/234
f 816/36/241 813/35/233 126/35/238
f 817/37/245 133/37/225 131/37/223
f 818/37/246 132/37/232 134/37/224
f 819/35/247 818/37/246 131/37/223
f 818/37/246 819/35/247 130/35/237
f 820/35/248 819/35/247 129/35/235
f 819/35/247 820/35/248 126/35/238
f 817/37/245 820/35/248 125/35/234
f 817/37/245 134/37/224 126/35/238
f 822/38/249 821/38/250 137/38/251
f 821/38/250 822/38/249 140/38/252
f 822/38/249 139/38/253 127/39/254
f 822/38/249 823/39/255 128/39/256
f 823/39/255 127/39/254 135/39/257
f 824/39/258 136/39/259 128/39/256
f 821/38/250 824/39/258 135/39/257
f 824/39/258 821/38/250 138/38/260
f 826/34/261 825/34/262 143/34/229
f 825/34/262 826/34/261 142/34/228
f 827/38/263 826/34/261 141/34/226
f 826/34/261 827/38/263 140/38/252
f 827/38/263 139/38/253 137/38/251
f 828/38/264 138/38/260 140/38/252
f 825/34/262 828/38/264 137/38/251
f 825/34/262 144/34/231 138/38/260
f 830/40/265 829/40/266 119/40/267
f 829/40/266 830/40/265 124/40/268
f 831/41/269 830/40/265 123/40/270
f 831/41/269 114/41/271 124/40/268
f 831/41/269 113/41/272 117/41/273
f 832/41/274 118/41/275 114/41/271
f 829/40/266 832/41/274 117/41/273
f 832/41/274 829/40/266 120/40/276
f 834/36/277 833/41/278 113/41/272
f 834/36/277 122/36/243 114/41/271
f 834/36/277 121/36/244 115/36/242
f 835/36/279 116/36/240 122/36/243
f 835/36/279 115/36/242 117/41/273
f 836/41/280 118/41/275 116/36/240
f 833/41/278 836/41/280 117/41/273
f 836/41/280 833/41/278 114/41/271
f 838/23/281 837/2/282 327/2/283
f 837/2/282 838/23/281 324/23/284
f 839/23/285 838/23/281 323/23/286
f 839/23/285 322/23/287 324/23/284
f 840/2/288 839/23/285 321/23/289
f 839/23/285 840/2/288 326/2/290
f 840/2/288 325/2/291 327/2/283
f 840/2/288 837/2/282 328/2/292
f 842/42/293 841/43/294 149/43/295
f 841/43/294 842/42/293 156/42/296
f 843/44/297 842/42/293 155/42/298
f 843/44/297 160/44/299 156/42/296
f 843/44/297 159/44/300 157/45/301
f 844/45/302 158/45/303 160/44/299
f 845/46/304 844/45/302 157/45/301
f 844/45/302 845/46/304 146/46/305
f 846/47/306 845/46/304 145/46/307
f 845/46/304 846/47/306 148/47/308
f 846/47/306 147/47/309 151/48/310
f 847/48/311 152/48/312 148/47/308
f 847/48/311 151/48/310 153/49/313
f 847/48/311 848/49/314 154/49/315
f 848/49/314 153/49/313 149/43/295
f 848/49/314 841/43/294 150/43/316
f 850/50/317 849/51/318 395/51/319
f 850/50/317 400/50/320 396/51/321
f 850/50/317 399/50/322 607/52/323
f 850/50/317 851/52/324 608/52/325
f 851/52/324 607/52/323 609/53/326
f 851/52/324 852/53/327 610/53/328
f 849/51/318 852/53/327 609/53/326
f 852/53/327 849/51/318 396/51/321
f 854/54/329 853/55/330 173/55/331
f 854/54/329 176/54/332 174/55/333
f 855/47/334 854/54/329 175/54/335
f 854/54/329 855/47/334 170/47/336
f 855/47/334 169/47/309 171/48/337
f 856/48/311 172/48/338 170/47/336
f 857/45/302 856/48/311 171/48/337
f 856/48/311 857/45/302 180/45/303
f 858/46/304 857/45/302 179/45/301
f 857/45/302 858/46/304 182/46/339
f 859/56/340 858/46/304 181/46/341
f 858/46/304 859/56/340 184/56/342
f 859/56/340 183/56/343 177/57/344
f 859/56/340 860/57/345 178/57/346
f 853/55/330 860/57/345 177/57/344
f 860/57/345 853/55/330 174/55/333
f 862/28/347 861/28/348 81/28/349
f 861/28/348 862/28/347 88/28/350
f 862/28/347 87/28/351 83/28/352
f 863/28/353 84/28/354 88/28/350
f 863/28/353 83/28/352 85/28/355
f 864/28/356 86/28/357 84/28/354
f 861/28/348 864/28/356 85/28/355
f 864/28/356 861/28/348 82/28/358
f 866/28/359 865/28/360 661/28/361
f 865/28/360 866/28/359 272/28/362
f 866/28/359 271/28/363 269/28/364
f 867/28/365 270/28/366 272/28/362
f 867/28/365 269/28/364 493/28/367
f 868/28/368 494/28/369 270/28/366
f 865/28/360 868/28/368 493/28/367
f 868/28/368 865/28/360 662/28/370
f 869/28/371 663/28/372 495/28/373
f 870/28/374 496/28/375 664/28/376
f 870/28/374 495/28/373 275/28/377
f 871/28/378 276/28/379 496/28/375
f 872/28/380 871/28/378 275/28/377
f 871/28/378 872/28/380 274/28/381
f 869/28/371 872/28/380 273/28/382
f 872/28/380 869/28/371 664/28/376
f 874/58/383 873/59/384 423/59/385
f 873/59/384 874/58/383 580/58/386
f 875/60/387 874/58/383 579/58/388
f 875/60/387 584/60/389 580/58/386
f 876/61/390 875/60/387 583/60/391
f 876/61/390 426/61/392 584/60/389
f 876/61/390 425/61/393 423/59/385
f 876/61/390 873/59/384 424/59/394
f 877/62/395 429/62/396 587/63/397
f 877/62/395 878/63/398 588/63/399
f 879/64/400 878/63/398 587/63/397
f 879/64/400 590/64/401 588/63/399
f 880/65/402 879/64/400 589/64/403
f 879/64/400 880/65/402 432/65/404
f 880/65/402 431/65/405 429/62/396
f 880/65/402 877/62/395 430/62/406
f 882/66/407 881/67/408 299/67/409
f 881/67/408 882/66/407 342/66/410
f 882/66/407 341/66/411 251/68/412
f 882/66/407 883/68/413 252/68/414
f 883/68/413 251/68/412 249/69/415
f 884/69/416 250/69/417 252/68/414
f 881/67/408 884/69/416 249/69/415
f 884/69/416 881/67/408 300/67/418
f 885/28/419 197/28/420 195/28/421
f 886/28/422 196/28/423 198/28/424
f 886/28/422 195/28/421 493/28/367
f 887/28/425 494/28/369 196/28/423
f 887/28/425 493/28/367 269/28/364
f 888/28/426 270/28/366 494/28/369
f 885/28/419 888/28/426 269/28/364
f 888/28/426 885/28/419 198/28/424
f 890/70/427 889/71/428 237/71/429
f 890/70/427 244/70/430 238/71/431
f 891/70/432 890/70/427 243/70/433
f 890/70/427 891/70/432 240/70/434
f 892/72/435 891/70/432 239/70/436
f 891/70/432 892/72/435 242/72/437
f 892/72/435 241/72/438 237/71/429
f 889/71/428 238/71/431 242/72/437
f 893/73/439 449/73/440 329/73/441
f 894/73/442 330/73/443 450/73/444
f 894/73/442 329/73/441 309/74/445
f 894/73/442 895/74/446 310/74/447
f 896/75/448 895/74/446 309/74/445
f 895/74/446 896/75/448 304/75/449
f 893/73/439 896/75/448 303/75/450
f 896/75/448 893/73/439 450/73/444
f 898/23/451 897/2/452 95/2/219
f 897/2/452 898/23/451 92/23/216
f 899/76/453 898/23/451 91/23/454
f 898/23/451 899/76/453 286/76/303
f 900/4/455 899/76/453 285/76/456
f 899/76/453 900/4/455 288/4/457
f 897/2/452 900/4/455 287/4/458
f 900/4/455 897/2/452 96/2/218
f 902/77/383 901/78/384 555/78/459
f 901/78/384 902/77/383 386/77/460
f 903/79/461 902/77/383 385/77/462
f 903/79/461 388/79/463 386/77/460
f 904/80/464 903/79/461 387/79/465
f 903/79/461 904/80/464 558/80/466
f 904/80/464 557/80/467 555/78/459
f 904/80/464 901/78/384 556/78/394
f 905/39/468 127/39/254 57/39/130
f 906/39/469 58/39/128 128/39/256
f 907/40/470 906/39/469 57/39/130
f 907/40/470 50/40/148 58/39/128
f 908/40/471 907/40/470 49/40/127
f 907/40/470 908/40/471 124/40/268
f 905/39/468 908/40/471 123/40/270
f 908/40/471 905/39/468 128/39/256
f 909/81/472 255/81/473 253/82/313
f 910/82/474 254/82/315 256/81/475
f 911/83/476 910/82/474 253/82/313
f 911/83/476 290/83/477 254/82/315
f 912/84/478 911/83/476 289/83/479
f 911/83/476 912/84/478 336/84/480
f 909/81/472 912/84/478 335/84/481
f 909/81/472 256/81/475 336/84/480
f 913/28/482 275/28/377 207/28/483
f 913/28/482 914/28/484 208/28/485
f 915/28/486 914/28/484 207/28/483
f 915/28/486 202/28/487 208/28/485
f 915/28/486 201/28/488 273/28/382
f 915/28/486 916/28/489 274/28/381
f 916/28/489 273/28/382 275/28/377
f 916/28/489 913/28/482 276/28/379
f 917/28/490 205/28/491 203/28/492
f 917/28/490 918/28/493 204/28/494
f 919/28/495 918/28/493 203/28/492
f 919/28/495 496/28/375 204/28/494
f 920/28/496 919/28/495 495/28/373
f 920/28/496 664/28/376 496/28/375
f 917/28/490 920/28/496 663/28/372
f 917/28/490 206/28/497 664/28/376
f 922/77/498 921/78/499 553/78/459
f 921/78/499 922/77/498 376/77/386
f 922/77/498 375/77/500 377/79/501
f 923/79/387 378/79/502 376/77/386
f 924/80/464 923/79/387 377/79/501
f 923/79/387 924/80/464 552/80/503
f 924/80/464 551/80/504 553/78/459
f 924/80/464 921/78/499 554/78/394
f 926/85/505 925/86/506 547/86/507
f 925/86/506 926/85/505 384/85/508
f 926/85/505 383/85/509 379/87/510
f 926/85/505 927/87/511 380/87/512
f 927/87/511 379/87/510 543/88/513
f 927/87/511 928/88/514 544/88/515
f 925/86/506 928/88/514 543/88/513
f 925/86/506 548/86/516 544/88/515
f 930/89/517 929/90/518 533/90/519
f 929/90/518 930/89/517 346/89/520
f 931/91/521 930/89/517 345/89/522
f 931/91/521 350/91/523 346/89/520
f 931/91/521 349/91/524 539/92/525
f 931/91/521 932/92/526 540/92/527
f 932/92/526 539/92/525 533/90/519
f 932/92/526 929/90/518 534/90/528
f 933/3/529 689/3/530 691/3/531
f 934/3/532 692/3/533 690/3/534
f 935/2/535 934/3/532 691/3/531
f 934/3/532 935/2/535 686/2/536
f 936/2/537 935/2/535 685/2/538
f 935/2/535 936/2/537 688/2/539
f 933/3/529 936/2/537 687/2/540
f 933/3/529 690/3/534 688/2/539
f 938/93/541 937/2/542 291/2/543
f 937/2/542 938/93/541 290/93/477
f 939/94/544 938/93/541 289/93/479
f 939/94/544 254/94/315 290/93/477
f 939/94/544 253/94/313 257/95/545
f 939/94/544 940/95/546 258/95/547
f 941/96/548 940/95/546 257/95/545
f 941/96/548 296/96/549 258/95/547
f 941/96/548 295/96/550 229/97/551
f 941/96/548 942/97/552 230/97/553
f 943/97/554 942/97/552 229/97/551
f 943/97/554 234/97/555 230/97/553
f 944/98/556 943/97/554 233/97/557
f 944/98/556 312/98/558 234/97/555
f 944/98/556 311/98/559 293/98/560
f 944/98/556 945/98/561 294/98/418
f 937/2/542 945/98/561 293/98/560
f 937/2/542 292/2/218 294/98/418
f 946/99/562 299/99/409 249/100/415
f 947/100/563 250/100/417 300/99/418
f 948/101/564 947/100/563 249/100/415
f 948/101/564 248/101/565 250/100/417
f 949/102/566 948/101/564 247/101/567
f 949/102/566 308/102/568 248/101/565
f 950/23/569 949/102/566 307/102/570
f 950/23/569 306/23/216 308/102/568
f 950/23/569 305/23/571 303/74/450
f 950/23/569 951/74/572 304/74/449
f 952/74/573 951/74/572 303/74/450
f 952/74/573 310/74/447 304/74/449
f 953/71/574 952/74/573 309/74/445
f 953/71/574 238/71/431 310/74/447
f 953/71/574 237/71/429 241/71/438
f 953/71/574 954/71/575 242/71/437
f 955/76/576 954/71/575 241/71/438
f 955/76/576 158/76/303 242/71/437
f 956/103/455 955/76/576 157/76/301
f 955/76/576 956/103/455 160/103/299
f 957/104/577 956/103/455 159/103/300
f 956/103/455 957/104/577 302/104/568
f 957/104/577 301/104/578 299/99/409
f 957/104/577 946/99/562 300/99/418
f 959/39/579 958/39/580 135/39/257
f 958/39/580 959/39/579 128/39/256
f 960/40/581 959/39/579 127/39/254
f 959/39/579 960/40/581 124/40/268
f 960/40/581 123/40/270 119/40/267
f 961/40/582 120/40/276 124/40/268
f 958/39/580 961/40/582 119/40/267
f 961/40/582 958/39/580 136/39/259
f 962/10/583 357/10/76 527/11/77
f 962/10/583 963/11/584 528/11/79
f 963/11/584 527/11/77 535/12/83
f 963/11/584 964/12/585 536/12/586
f 965/13/587 964/12/585 535/12/83
f 965/13/587 356/13/84 536/12/586
f 962/10/583 965/13/587 355/13/588
f 965/13/587 962/10/583 358/10/589
f 967/3/590 966/38/591 137/38/251
f 966/38/591 967/3/590 650/3/592
f 968/4/593 967/3/590 649/3/594
f 968/4/593 646/4/595 650/3/592
f 968/4/593 645/4/596 143/34/229
f 969/34/597 144/34/231 646/4/595
f 969/34/597 143/34/229 137/38/251
f 969/34/597 966/38/591 138/38/260
f 971/68/598 970/69/599 249/69/415
f 970/69/599 971/68/598 252/68/414
f 971/68/598 251/68/412 245/68/600
f 972/68/601 246/68/602 252/68/414
f 972/68/601 245/68/600 247/69/567
f 973/69/603 248/69/565 246/68/602
f 970/69/599 973/69/603 247/69/567
f 973/69/603 970/69/599 250/69/417
f 975/105/604 974/106/605 561/106/606
f 974/106/605 975/105/604 392/105/607
f 976/107/400 975/105/604 391/105/608
f 976/107/400 394/107/401 392/105/607
f 976/107/400 393/107/403 563/108/405
f 976/107/400 977/108/402 564/108/404
f 977/108/402 563/108/405 561/106/606
f 977/108/402 974/106/605 562/106/609
f 978/23/610 321/23/289 323/23/286
f 978/23/610 979/23/611 324/23/284
f 980/39/612 979/23/611 323/23/286
f 979/23/611 980/39/612 192/39/613
f 981/39/614 980/39/612 191/39/615
f 981/39/614 188/39/616 192/39/613
f 978/23/610 981/39/614 187/39/617
f 978/23/610 322/23/287 188/39/616
f 983/107/618 982/108/619 537/108/620
f 982/108/619 983/107/618 348/107/621
f 983/107/618 347/107/622 355/13/588
f 983/107/618 984/13/623 356/13/84
f 985/12/624 984/13/623 355/13/588
f 984/13/623 985/12/624 536/12/586
f 982/108/619 985/12/624 535/12/83
f 982/108/619 538/108/625 536/12/586
f 987/109/626 986/110/627 603/110/76
f 987/109/626 436/109/628 604/110/86
f 987/109/626 435/109/629 433/111/83
f 987/109/626 988/111/80 434/111/81
f 988/111/80 433/111/83 591/112/85
f 988/111/80 989/112/82 592/112/84
f 989/112/82 591/112/85 603/110/76
f 989/112/82 986/110/627 604/110/86
f 990/57/630 177/57/344 183/56/343
f 991/56/631 184/56/342 178/57/346
f 992/32/632 991/56/631 183/56/343
f 991/56/631 992/32/632 502/32/633
f 993/31/634 992/32/632 501/32/635
f 992/32/632 993/31/634 504/31/636
f 990/57/630 993/31/634 503/31/637
f 993/31/634 990/57/630 178/57/346
f 994/65/638 431/65/405 589/64/403
f 994/65/638 995/64/639 590/64/401
f 995/64/639 589/64/403 591/112/85
f 995/64/639 996/112/640 592/112/84
f 997/111/624 996/112/640 591/112/85
f 996/112/640 997/111/624 434/111/81
f 994/65/638 997/111/624 433/111/83
f 994/65/638 432/65/404 434/111/81
f 998/8/641 619/8/642 631/1/643
f 999/1/644 632/1/645 620/8/646
f 999/1/644 631/1/643 623/1/647
f 1000/1/648 624/1/649 632/1/645
f 1001/8/650 1000/1/648 623/1/647
f 1000/1/648 1001/8/650 618/8/651
f 998/8/641 1001/8/650 617/8/652
f 1001/8/650 998/8/641 620/8/646
f 1003/113/653 1002/114/654 339/114/655
f 1003/113/653 156/113/296 340/114/656
f 1004/115/657 1003/113/653 155/113/298
f 1003/113/653 1004/115/657 150/115/316
f 1004/115/657 149/115/295 337/116/658
f 1004/115/657 1005/116/659 338/116/660
f 1006/116/661 1005/116/659 337/116/658
f 1006/116/661 344/116/662 338/116/660
f 1007/117/663 1006/116/661 343/116/664
f 1006/116/661 1007/117/663 260/117/665
f 1007/117/663 259/117/666 255/117/473
f 1007/117/663 1008/117/667 256/117/475
f 1009/118/668 1008/117/667 255/117/473
f 1009/118/668 336/118/480 256/117/475
f 1010/119/669 1009/118/668 335/118/481
f 1009/118/668 1010/119/669 334/119/670
f 1010/119/669 333/119/671 245/120/600
f 1010/119/669 1011/120/672 246/120/602
f 1012/120/673 1011/120/672 245/120/600
f 1012/120/673 252/120/414 246/120/602
f 1013/114/674 1012/120/673 251/120/412
f 1012/120/673 1013/114/674 342/114/410
f 1013/114/674 341/114/411 339/114/655
f 1013/114/674 1002/114/654 340/114/656
f 1014/121/675 337/121/658 297/122/676
f 1015/122/677 298/122/678 338/121/660
f 1016/122/679 1015/122/677 297/122/676
f 1015/122/677 1016/122/679 296/122/549
f 1017/121/680 1016/122/679 295/122/550
f 1016/122/679 1017/121/680 344/121/662
f 1017/121/680 343/121/664 337/121/658
f 1014/121/675 338/121/660 344/121/662
f 1019/123/681 1018/124/682 353/124/683
f 1019/123/681 350/123/523 354/124/684
f 1019/123/681 349/123/524 347/125/622
f 1019/123/681 1020/125/685 348/125/621
f 1020/125/685 347/125/622 351/126/686
f 1020/125/685 1021/126/687 352/126/688
f 1022/127/689 1021/126/687 351/126/686
f 1022/127/689 382/127/690 352/126/688
f 1023/128/691 1022/127/689 381/127/692
f 1022/127/689 1023/128/691 384/128/508
f 1023/128/691 383/128/509 353/124/683
f 1023/128/691 1018/124/682 354/124/684
f 1024/47/693 369/47/694 371/129/695
f 1024/47/693 1025/129/696 372/129/697
f 1025/129/696 371/129/695 367/130/698
f 1025/129/696 1026/130/699 368/130/700
f 1027/131/701 1026/130/699 367/130/698
f 1027/131/701 366/131/702 368/130/700
f 1028/48/703 1027/131/701 365/131/704
f 1028/48/703 316/48/705 366/131/702
f 1024/47/693 1028/48/703 315/48/706
f 1024/47/693 370/47/707 316/48/705
f 1030/132/708 1029/133/709 375/133/500
f 1030/132/708 374/132/710 376/133/386
f 1031/129/711 1030/132/708 373/132/712
f 1031/129/711 372/129/697 374/132/710
f 1032/47/713 1031/129/711 371/129/695
f 1031/129/711 1032/47/713 370/47/707
f 1033/8/714 1032/47/713 369/47/694
f 1033/8/714 66/8/152 370/47/707
f 1033/8/714 65/8/154 389/134/715
f 1034/134/716 390/134/717 66/8/152
f 1034/134/716 389/134/715 387/135/465
f 1034/134/716 1035/135/718 388/135/463
f 1036/136/719 1035/135/718 387/135/465
f 1036/136/719 386/136/460 388/135/463
f 1037/137/720 1036/136/719 385/136/462
f 1037/137/720 380/137/512 386/136/460
f 1038/128/721 1037/137/720 379/137/510
f 1038/128/721 384/128/508 380/137/512
f 1039/127/722 1038/128/721 383/128/509
f 1038/128/721 1039/127/722 382/127/690
f 1039/127/722 381/127/692 377/138/501
f 1039/127/722 1040/138/723 378/138/502
f 1040/138/723 377/138/501 375/133/500
f 1040/138/723 1029/133/709 376/133/386
f 1042/134/724 1041/139/725 391/139/608
f 1042/134/724 390/134/717 392/139/607
f 1043/8/726 1042/134/724 389/134/715
f 1043/8/726 66/8/152 390/134/717
f 1043/8/726 65/8/154 71/2/151
f 1043/8/726 1044/2/727 72/2/172
f 1044/2/727 71/2/151 393/140/403
f 1045/140/728 394/140/401 72/2/172
f 1045/140/728 393/140/403 391/139/608
f 1045/140/728 1041/139/725 392/139/607
f 1047/125/729 1046/141/730 355/141/588
f 1047/125/729 348/125/621 356/141/84
f 1048/123/731 1047/125/729 347/125/622
f 1047/125/729 1048/123/731 350/123/523
f 1048/123/731 349/123/524 345/142/522
f 1048/123/731 1049/142/732 346/142/520
f 1050/143/733 1049/142/732 345/142/522
f 1049/142/732 1050/143/733 360/143/86
f 1051/144/734 1050/143/733 359/143/76
f 1050/143/733 1051/144/734 362/144/84
f 1052/140/735 1051/144/734 361/144/85
f 1052/140/735 394/140/401 362/144/84
f 1053/2/736 1052/140/735 393/140/403
f 1053/2/736 72/2/172 394/140/401
f 1053/2/736 71/2/151 315/48/706
f 1053/2/736 1054/48/737 316/48/705
f 1054/48/737 315/48/706 365/131/704
f 1054/48/737 1055/131/738 366/131/702
f 1055/131/738 365/131/704 363/145/522
f 1055/131/738 1056/145/739 364/145/740
f 1057/146/733 1056/145/739 363/145/522
f 1056/145/739 1057/146/733 358/146/589
f 1046/141/730 1057/146/733 357/146/76
f 1046/141/730 356/141/84 358/146/589
f 1059/147/741 1058/148/742 421/148/743
f 1059/147/741 418/147/744 422/148/745
f 1060/149/746 1059/147/741 417/147/747
f 1059/147/741 1060/149/746 416/149/748
f 1060/149/746 415/149/749 419/150/750
f 1060/149/746 1061/150/751 420/150/752
f 1062/151/753 1061/150/751 419/150/750
f 1062/151/753 442/151/754 420/150/752
f 1063/152/755 1062/151/753 441/151/620
f 1062/151/753 1063/152/755 444/152/527
f 1063/152/755 443/152/756 421/148/743
f 1063/152/755 1058/148/742 422/148/745
f 1064/41/757 397/41/758 405/153/759
f 1065/153/760 406/153/761 398/41/762
f 1065/153/760 405/153/759 407/154/763
f 1065/153/760 1066/154/764 408/154/765
f 1066/154/764 407/154/763 409/155/766
f 1067/155/767 410/155/394 408/154/765
f 1068/156/768 1067/155/767 409/155/766
f 1068/156/768 412/156/503 410/155/394
f 1069/149/769 1068/156/768 411/156/504
f 1069/149/769 416/149/748 412/156/503
f 1070/147/770 1069/149/769 415/149/749
f 1070/147/770 418/147/744 416/149/748
f 1070/147/770 417/147/747 413/157/771
f 1070/147/770 1071/157/772 414/157/515
f 1072/158/773 1071/157/772 413/157/771
f 1071/157/772 1072/158/773 424/158/394
f 1073/159/774 1072/158/773 423/158/385
f 1072/158/773 1073/159/774 426/159/392
f 1074/160/775 1073/159/774 425/159/393
f 1074/160/775 428/160/776 426/159/392
f 1075/22/777 1074/160/775 427/160/778
f 1074/160/775 1075/22/777 76/22/155
f 1075/22/777 75/22/156 397/41/758
f 1075/22/777 1064/41/757 398/41/762
f 1076/160/779 427/160/778 429/161/396
f 1076/160/779 1077/161/780 430/161/406
f 1078/162/781 1077/161/780 429/161/396
f 1078/162/781 432/162/404 430/161/406
f 1079/23/782 1078/162/781 431/162/405
f 1078/162/781 1079/23/782 78/23/159
f 1080/22/783 1079/23/782 77/23/157
f 1080/22/783 76/22/155 78/23/159
f 1080/22/783 75/22/156 427/160/778
f 1080/22/783 1076/160/779 428/160/776
f 1081/23/784 77/23/157 431/162/405
f 1081/23/784 1082/162/785 432/162/404
f 1082/162/785 431/162/405 433/163/83
f 1082/162/785 1083/163/786 434/163/81
f 1084/164/787 1083/163/786 433/163/83
f 1083/163/786 1084/164/787 436/164/628
f 1085/165/788 1084/164/787 435/164/629
f 1085/165/788 438/165/528 436/164/628
f 1086/152/789 1085/165/788 437/165/790
f 1086/152/789 444/152/527 438/165/528
f 1087/151/791 1086/152/789 443/152/756
f 1086/152/789 1087/151/791 442/151/754
f 1087/151/791 441/151/620 439/166/792
f 1087/151/791 1088/166/793 440/166/81
f 1089/167/794 1088/166/793 439/166/792
f 1088/166/793 1089/167/794 404/167/795
f 1090/168/796 1089/167/794 403/167/629
f 1090/168/796 402/168/797 404/167/795
f 1091/169/798 1090/168/796 401/168/799
f 1091/169/798 400/169/320 402/168/797
f 1092/39/800 1091/169/798 399/169/322
f 1092/39/800 318/39/801 400/169/320
f 1081/23/784 1092/39/800 317/39/802
f 1081/23/784 78/23/159 318/39/801
f 1094/153/803 1093/170/804 395/170/319
f 1094/153/803 406/153/761 396/170/321
f 1095/41/805 1094/153/803 405/153/759
f 1095/41/805 398/41/762 406/153/761
f 1095/41/805 397/41/758 317/39/802
f 1095/41/805 1096/39/806 318/39/801
f 1096/39/806 317/39/802 399/169/322
f 1096/39/806 1097/169/807 400/169/320
f 1097/169/807 399/169/322 395/170/319
f 1097/169/807 1093/170/804 396/170/321
f 1099/72/416 1098/39/808 157/39/301
f 1098/39/808 1099/72/416 242/72/437
f 1099/72/416 241/72/438 239/70/436
f 1099/72/416 1100/70/809 240/70/434
f 1101/73/810 1100/70/809 239/70/436
f 1100/70/809 1101/73/810 450/73/444
f 1102/75/811 1101/73/810 449/73/440
f 1102/75/811 304/75/449 450/73/444
f 1102/75/811 303/75/450 305/23/571
f 1103/23/812 306/23/216 304/75/449
f 1104/22/813 1103/23/812 305/23/571
f 1103/23/812 1104/22/813 452/22/814
f 1104/22/813 451/22/815 145/41/307
f 1105/41/816 146/41/305 452/22/814
f 1105/41/816 145/41/307 157/39/301
f 1098/39/808 158/39/303 146/41/305
f 1106/171/817 401/171/799 605/172/818
f 1107/172/819 606/172/820 402/171/797
f 1108/52/821 1107/172/819 605/172/818
f 1107/172/819 1108/52/821 608/52/325
f 1109/50/822 1108/52/821 607/52/323
f 1108/52/821 1109/50/822 400/50/320
f 1109/50/822 399/50/322 401/171/799
f 1109/50/822 1106/171/817 402/171/797
f 1110/8/823 447/8/824 291/2/543
f 1111/2/825 292/2/218 448/8/633
f 1112/173/811 1111/2/825 291/2/543
f 1111/2/825 1112/173/811 294/173/418
f 1112/173/811 293/173/560 445/174/826
f 1112/173/811 1113/174/827 446/174/828
f 1113/174/827 445/174/826 231/175/829
f 1114/175/830 232/175/831 446/174/828
f 1115/176/832 1114/175/830 231/175/829
f 1115/176/832 230/176/553 232/175/831
f 1115/176/832 229/176/551 151/48/310
f 1116/48/833 152/48/312 230/176/553
f 1117/47/834 1116/48/833 151/48/310
f 1116/48/833 1117/47/834 148/47/308
f 1110/8/823 1117/47/834 147/47/309
f 1117/47/834 1110/8/823 448/8/633
f 1119/8/835 1118/47/836 481/47/837
f 1118/47/836 1119/8/835 94/8/838
f 1119/8/835 93/8/839 95/2/219
f 1120/2/840 96/2/218 94/8/838
f 1121/48/841 1120/2/840 95/2/219
f 1120/2/840 1121/48/841 288/48/457
f 1118/47/836 1121/48/841 287/48/458
f 1121/48/841 1118/47/836 482/47/842
f 1123/177/843 1122/178/844 545/178/845
f 1123/177/843 382/177/690 546/178/846
f 1123/177/843 381/177/692 351/105/686
f 1123/177/843 1124/105/847 352/105/688
f 1125/106/848 1124/105/847 351/105/686
f 1125/106/848 542/106/849 352/105/688
f 1122/178/844 1125/106/848 541/106/850
f 1122/178/844 546/178/846 542/106/849
f 1126/1/851 213/1/852 217/8/853
f 1126/1/851 1127/8/854 218/8/855
f 1128/8/856 1127/8/854 217/8/853
f 1128/8/856 224/8/857 218/8/855
f 1129/8/858 1128/8/856 223/8/859
f 1128/8/856 1129/8/858 228/8/860
f 1130/47/861 1129/8/858 227/8/862
f 1129/8/858 1130/47/861 462/47/863
f 1130/47/861 461/47/864 459/47/865
f 1131/47/866 460/47/867 462/47/863
f 1131/47/866 459/47/865 457/47/868
f 1131/47/866 1132/47/869 458/47/870
f 1133/179/871 1132/47/869 457/47/868
f 1133/179/871 456/179/872 458/47/870
f 1134/48/873 1133/179/871 455/179/874
f 1133/179/871 1134/48/873 454/48/875
f 1135/2/876 1134/48/873 453/48/877
f 1134/48/873 1135/2/876 216/2/878
f 1135/2/876 215/2/879 213/1/852
f 1126/1/851 214/1/880 216/2/878
f 1136/50/881 443/50/756 597/52/882
f 1136/50/881 1137/52/883 598/52/884
f 1137/52/883 597/52/882 577/53/683
f 1137/52/883 1138/53/885 578/53/886
f 1139/51/887 1138/53/885 577/53/683
f 1138/53/885 1139/51/887 422/51/745
f 1136/50/881 1139/51/887 421/51/743
f 1136/50/881 444/50/527 422/51/745
f 1141/8/888 1140/2/889 95/2/219
f 1140/2/889 1141/8/888 94/8/838
f 1142/22/890 1141/8/888 93/8/839
f 1141/8/888 1142/22/890 90/22/891
f 1142/22/890 89/22/815 91/23/454
f 1143/23/892 92/23/216 90/22/891
f 1143/23/892 91/23/454 95/2/219
f 1140/2/889 96/2/218 92/23/216
f 1145/23/893 1144/180/894 211/180/895
f 1144/180/894 1145/23/893 210/23/896
f 1146/39/897 1145/23/893 209/23/898
f 1145/23/893 1146/39/897 464/39/899
f 1146/39/897 463/39/900 465/40/901
f 1147/40/902 466/40/903 464/39/899
f 1147/40/902 465/40/901 467/41/904
f 1147/40/902 1148/41/905 468/41/906
f 1149/41/907 1148/41/905 467/41/904
f 1149/41/907 470/41/908 468/41/906
f 1150/41/909 1149/41/907 469/41/910
f 1149/41/907 1150/41/909 472/41/911
f 1151/22/912 1150/41/909 471/41/913
f 1150/41/909 1151/22/912 226/22/914
f 1151/22/912 225/22/915 221/22/916
f 1152/22/917 222/22/918 226/22/914
f 1152/22/917 221/22/916 219/22/919
f 1152/22/917 1153/22/920 220/22/921
f 1144/180/894 1153/22/920 219/22/919
f 1144/180/894 212/180/922 220/22/921
f 1155/2/923 1154/1/924 213/1/852
f 1154/1/924 1155/2/923 216/2/878
f 1156/23/925 1155/2/923 215/2/879
f 1155/2/923 1156/23/925 210/23/896
f 1156/23/925 209/23/898 211/180/895
f 1157/180/926 212/180/922 210/23/896
f 1154/1/924 1157/180/926 211/180/895
f 1157/180/926 1154/1/924 214/1/880
f 1159/60/927 1158/61/928 425/61/393
f 1158/61/928 1159/60/927 584/60/389
f 1160/181/929 1159/60/927 583/60/391
f 1160/181/929 586/181/930 584/60/389
f 1161/182/931 1160/181/929 585/181/932
f 1160/181/929 1161/182/931 428/182/776
f 1161/182/931 427/182/778 425/61/393
f 1161/182/931 1158/61/928 426/61/392
f 1162/6/933 625/6/934 629/9/935
f 1162/6/933 1163/9/936 630/9/937
f 1164/9/938 1163/9/936 629/9/935
f 1163/9/936 1164/9/938 628/9/939
f 1165/6/940 1164/9/938 627/9/941
f 1164/9/938 1165/6/940 622/6/942
f 1165/6/940 621/6/943 625/6/934
f 1162/6/933 626/6/944 622/6/942
f 1167/9/945 1166/6/946 703/6/947
f 1166/6/946 1167/9/945 706/9/948
f 1167/9/945 705/9/949 11/9/17
f 1168/9/950 12/9/16 706/9/948
f 1168/9/950 11/9/17 1/6/50
f 1169/6/951 2/6/48 12/9/16
f 1166/6/946 1169/6/951 1/6/50
f 1169/6/951 1166/6/946 704/6/952
f 1171/28/953 1170/28/954 475/28/184
f 1171/28/953 82/28/358 476/28/183
f 1171/28/953 81/28/349 85/28/355
f 1172/28/955 86/28/357 82/28/358
f 1173/28/956 1172/28/955 85/28/355
f 1172/28/955 1173/28/956 280/28/178
f 1170/28/954 1173/28/956 279/28/174
f 1173/28/956 1170/28/954 476/28/183
f 1174/28/957 199/28/958 661/28/361
f 1174/28/957 1175/28/959 662/28/370
f 1175/28/959 661/28/361 493/28/367
f 1175/28/959 1176/28/960 494/28/369
f 1176/28/960 493/28/367 195/28/421
f 1176/28/960 1177/28/961 196/28/423
f 1174/28/957 1177/28/961 195/28/421
f 1174/28/957 200/28/962 196/28/423
f 1179/55/963 1178/54/964 175/54/335
f 1178/54/964 1179/55/963 174/55/333
f 1180/30/965 1179/55/963 173/55/331
f 1180/30/965 506/30/204 174/55/333
f 1180/30/965 505/30/966 507/29/201
f 1181/29/967 508/29/200 506/30/204
f 1178/54/964 1181/29/967 507/29/201
f 1181/29/967 1178/54/964 176/54/332
f 1183/8/968 1182/47/969 165/47/837
f 1182/47/969 1183/8/968 478/8/633
f 1183/8/968 477/8/824 281/2/219
f 1184/2/970 282/2/218 478/8/633
f 1185/48/841 1184/2/970 281/2/219
f 1185/48/841 162/48/338 282/2/218
f 1182/47/969 1185/48/841 161/48/971
f 1185/48/841 1182/47/969 166/47/972
f 1187/23/812 1186/39/973 285/39/456
f 1186/39/973 1187/23/812 92/23/216
f 1188/22/974 1187/23/812 91/23/454
f 1187/23/812 1188/22/974 90/22/891
f 1189/41/975 1188/22/974 89/22/815
f 1188/22/974 1189/41/975 484/41/976
f 1189/41/975 483/41/977 285/39/456
f 1186/39/973 286/39/303 484/41/976
f 1191/87/978 1190/88/979 543/88/513
f 1190/88/979 1191/87/978 380/87/512
f 1191/87/978 379/87/510 385/77/462
f 1191/87/978 1192/77/980 386/77/460
f 1192/77/980 385/77/462 555/78/459
f 1192/77/980 1193/78/981 556/78/394
f 1190/88/979 1193/78/981 555/78/459
f 1193/78/981 1190/88/979 544/88/515
f 1195/8/982 1194/47/834 169/47/309
f 1194/47/834 1195/8/982 486/8/220
f 1195/8/982 485/8/824 261/2/543
f 1196/2/825 262/2/218 486/8/220
f 1197/48/983 1196/2/825 261/2/543
f 1196/2/825 1197/48/983 172/48/338
f 1194/47/834 1197/48/983 171/48/337
f 1197/48/983 1194/47/834 170/47/336
f 1199/55/984 1198/54/964 513/54/335
f 1198/54/964 1199/55/984 516/55/985
f 1200/30/986 1199/55/984 515/55/987
f 1199/55/984 1200/30/986 100/30/204
f 1200/30/986 99/30/202 103/29/201
f 1201/29/967 104/29/200 100/30/204
f 1198/54/964 1201/29/967 103/29/201
f 1201/29/967 1198/54/964 514/54/332
f 1203/8/968 1202/47/988 489/47/309
f 1202/47/988 1203/8/968 98/8/220
f 1203/8/968 97/8/199 101/2/219
f 1204/2/989 102/2/218 98/8/220
f 1205/48/990 1204/2/989 101/2/219
f 1204/2/989 1205/48/990 268/48/991
f 1202/47/988 1205/48/990 267/48/992
f 1205/48/990 1202/47/988 490/47/308
f 1207/46/993 1206/47/994 461/47/864
f 1206/47/994 1207/46/993 472/46/911
f 1207/46/993 471/46/913 469/46/910
f 1208/46/995 470/46/908 472/46/911
f 1209/47/996 1208/46/995 469/46/910
f 1208/46/995 1209/47/996 460/47/867
f 1206/47/994 1209/47/996 459/47/865
f 1209/47/996 1206/47/994 462/47/863
f 1211/8/997 1210/22/998 225/22/915
f 1210/22/998 1211/8/997 228/8/860
f 1211/8/997 227/8/862 223/8/859
f 1212/8/999 224/8/857 228/8/860
f 1213/22/1000 1212/8/999 223/8/859
f 1212/8/999 1213/22/1000 222/22/918
f 1210/22/998 1213/22/1000 221/22/916
f 1213/22/1000 1210/22/998 226/22/914
f 1215/74/1001 1214/71/1002 237/71/429
f 1215/74/1001 310/74/447 238/71/431
f 1215/74/1001 309/74/445 329/73/441
f 1216/73/1003 330/73/443 310/74/447
f 1217/70/1004 1216/73/1003 329/73/441
f 1216/73/1003 1217/70/1004 244/70/430
f 1214/71/1002 1217/70/1004 243/70/433
f 1217/70/1004 1214/71/1002 238/71/431
f 1218/57/1005 509/57/1006 511/56/343
f 1219/56/631 512/56/308 510/57/1007
f 1220/32/632 1219/56/631 511/56/343
f 1219/56/631 1220/32/632 112/32/209
f 1221/31/1008 1220/32/632 111/32/211
f 1220/32/632 1221/31/1008 106/31/206
f 1218/57/1005 1221/31/1008 105/31/208
f 1221/31/1008 1218/57/1005 510/57/1007
f 1223/183/1009 1222/184/1010 517/184/1011
f 1223/183/1009 520/183/1012 518/184/1013
f 1224/185/1014 1223/183/1009 519/183/1015
f 1224/185/1014 500/185/1016 520/183/1012
f 1224/185/1014 499/185/1017 313/186/1018
f 1225/186/1019 314/186/1020 500/185/1016
f 1225/186/1019 313/186/1018 523/187/1021
f 1225/186/1019 1226/187/807 524/187/320
f 1226/187/807 523/187/1021 517/184/1011
f 1226/187/807 1222/184/1010 518/184/1013
f 1227/188/787 527/188/77 525/189/1022
f 1227/188/787 1228/189/796 526/189/1023
f 1229/187/798 1228/189/796 525/189/1022
f 1229/187/798 524/187/320 526/189/1023
f 1230/186/800 1229/187/798 523/187/1021
f 1230/186/800 314/186/1020 524/187/320
f 1231/190/784 1230/186/800 313/186/1018
f 1231/190/784 74/190/170 314/186/1020
f 1231/190/784 73/190/171 563/191/405
f 1231/190/784 1232/191/785 564/191/404
f 1232/191/785 563/191/405 531/192/83
f 1232/191/785 1233/192/786 532/192/81
f 1234/193/787 1233/192/786 531/192/83
f 1233/192/786 1234/193/787 530/193/79
f 1235/194/788 1234/193/787 529/193/77
f 1235/194/788 534/194/528 530/193/79
f 1236/195/789 1235/194/788 533/194/519
f 1236/195/789 540/195/527 534/194/528
f 1237/196/1024 1236/195/789 539/195/525
f 1236/195/789 1237/196/1024 538/196/625
f 1237/196/1024 537/196/620 535/197/83
f 1237/196/1024 1238/197/793 536/197/586
f 1227/188/787 1238/197/793 535/197/83
f 1238/197/793 1227/188/787 528/188/79
f 1240/7/1025 1239/8/1026 679/8/1027
f 1239/8/1026 1240/7/1025 674/7/1028
f 1240/7/1025 673/7/1029 697/7/1030
f 1241/7/1031 698/7/1032 674/7/1028
f 1241/7/1031 697/7/1030 699/8/121
f 1241/7/1031 1242/8/1033 700/8/123
f 1239/8/1026 1242/8/1033 699/8/121
f 1242/8/1033 1239/8/1026 680/8/1034
f 1244/198/769 1243/199/768 551/199/504
f 1244/198/769 546/198/846 552/199/503
f 1245/200/770 1244/198/769 545/198/845
f 1245/200/770 548/200/516 546/198/846
f 1245/200/770 547/200/507 543/201/513
f 1245/200/770 1246/201/1035 544/201/515
f 1247/202/773 1246/201/1035 543/201/513
f 1247/202/773 556/202/394 544/201/515
f 1248/203/1036 1247/202/773 555/202/459
f 1248/203/1036 558/203/466 556/202/394
f 1249/204/1037 1248/203/1036 557/203/467
f 1249/204/1037 560/204/1038 558/203/466
f 1250/205/1039 1249/204/1037 559/204/1040
f 1250/205/1039 70/205/167 560/204/1038
f 1250/205/1039 69/205/169 499/185/1017
f 1250/205/1039 1251/185/1041 500/185/1016
f 1251/185/1041 499/185/1017 519/183/1015
f 1251/185/1041 1252/183/1042 520/183/1012
f 1252/183/1042 519/183/1015 521/206/513
f 1252/183/1042 1253/206/1043 522/206/1044
f 1254/207/1045 1253/206/1043 521/206/513
f 1254/207/1045 554/207/394 522/206/1044
f 1243/199/768 1254/207/1045 553/207/459
f 1243/199/768 552/199/503 554/207/394
f 1256/205/1046 1255/190/1047 73/190/171
f 1255/190/1047 1256/205/1046 70/205/167
f 1256/205/1046 69/205/169 559/204/1040
f 1256/205/1046 1257/204/1048 560/204/1038
f 1257/204/1048 559/204/1040 561/208/606
f 1257/204/1048 1258/208/1049 562/208/609
f 1259/191/781 1258/208/1049 561/208/606
f 1259/191/781 564/191/404 562/208/609
f 1255/190/1047 1259/191/781 563/191/405
f 1259/191/781 1255/190/1047 74/190/170
f 1261/196/753 1260/209/751 541/209/850
f 1261/196/753 538/196/625 542/209/849
f 1262/195/755 1261/196/753 537/196/620
f 1261/196/753 1262/195/755 540/195/527
f 1262/195/755 539/195/525 549/210/743
f 1262/195/755 1263/210/742 550/210/1050
f 1264/200/741 1263/210/742 549/210/743
f 1264/200/741 548/200/516 550/210/1050
f 1264/200/741 547/200/507 545/198/845
f 1265/198/746 546/198/846 548/200/516
f 1265/198/746 545/198/845 541/209/850
f 1265/198/746 1260/209/751 542/209/849
f 1267/211/681 1266/212/682 577/212/683
f 1267/211/681 598/211/884 578/212/886
f 1267/211/681 597/211/882 595/213/622
f 1268/213/1051 596/213/621 598/211/884
f 1268/213/1051 595/213/622 575/214/686
f 1268/213/1051 1269/214/687 576/214/1052
f 1270/215/689 1269/214/687 575/214/686
f 1270/215/689 572/215/1053 576/214/1052
f 1271/216/691 1270/215/689 571/215/692
f 1270/215/689 1271/216/691 574/216/508
f 1271/216/691 573/216/1054 577/212/683
f 1271/216/691 1266/212/682 578/212/886
f 1273/217/1055 1272/218/1056 587/218/397
f 1273/217/1055 586/217/930 588/218/399
f 1274/219/1057 1273/217/1055 585/217/932
f 1274/219/1057 68/219/165 586/217/930
f 1274/219/1057 67/219/163 79/220/162
f 1275/220/1058 80/220/161 68/219/165
f 1275/220/1058 79/220/162 589/221/403
f 1276/221/728 590/221/401 80/220/161
f 1276/221/728 589/221/403 587/218/397
f 1276/221/728 1272/218/1056 588/218/399
f 1278/222/734 1277/223/1059 603/223/76
f 1277/223/1059 1278/222/734 592/222/84
f 1279/221/735 1278/222/734 591/222/85
f 1279/221/735 590/221/401 592/222/84
f 1280/220/1060 1279/221/735 589/221/403
f 1280/220/1060 80/220/161 590/221/401
f 1280/220/1060 79/220/162 319/224/1061
f 1280/220/1060 1281/224/1062 320/224/1063
f 1281/224/1062 319/224/1061 605/225/818
f 1281/224/1062 1282/225/1064 606/225/820
f 1282/225/1064 605/225/818 601/226/1065
f 1282/225/1064 1283/226/1066 602/226/1067
f 1284/227/730 1283/226/1066 601/226/1065
f 1284/227/730 600/227/1068 602/226/1067
f 1285/213/729 1284/227/730 599/227/1069
f 1285/213/729 596/213/621 600/227/1068
f 1286/211/1070 1285/213/729 595/213/622
f 1286/211/1070 598/211/884 596/213/621
f 1286/211/1070 597/211/882 593/228/1071
f 1286/211/1070 1287/228/732 594/228/1072
f 1277/223/1059 1287/228/732 593/228/1071
f 1287/228/732 1277/223/1059 604/223/86
f 1288/224/1073 319/224/1061 607/229/323
f 1288/224/1073 1289/229/1074 608/229/325
f 1290/225/1075 1289/229/1074 607/229/323
f 1290/225/1075 606/225/820 608/229/325
f 1288/224/1073 1290/225/1075 605/225/818
f 1288/224/1073 320/224/1063 606/225/820
f 1292/229/701 1291/230/1076 609/230/326
f 1292/229/701 608/229/325 610/230/328
f 1293/224/1077 1292/229/701 607/229/323
f 1293/224/1077 320/224/1063 608/229/325
f 1294/231/1078 1293/224/1077 319/224/1061
f 1293/224/1077 1294/231/1078 498/231/1079
f 1295/219/1080 1294/231/1078 497/231/1081
f 1295/219/1080 68/219/165 498/231/1079
f 1295/219/1080 67/219/163 585/217/932
f 1295/219/1080 1296/217/1082 586/217/930
f 1296/217/1082 585/217/932 583/232/391
f 1296/217/1082 1297/232/1083 584/232/389
f 1298/233/719 1297/232/1083 583/232/391
f 1297/232/1083 1298/233/719 580/233/386
f 1298/233/719 579/233/388 567/234/1084
f 1298/233/719 1299/234/1085 568/234/512
f 1300/216/721 1299/234/1085 567/234/1084
f 1300/216/721 574/216/508 568/234/512
f 1301/215/722 1300/216/721 573/216/1054
f 1300/216/721 1301/215/722 572/215/1053
f 1301/215/722 571/215/692 569/235/501
f 1301/215/722 1302/235/723 570/235/502
f 1302/235/723 569/235/501 565/236/500
f 1302/235/723 1303/236/1086 566/236/386
f 1303/236/1086 565/236/500 581/237/1087
f 1303/236/1086 1304/237/1088 582/237/1089
f 1304/237/1088 581/237/1087 611/238/1090
f 1304/237/1088 1305/238/1091 612/238/1092
f 1305/238/1091 611/238/1090 609/230/326
f 1291/230/1076 610/230/328 612/238/1092
f 1306/3/1093 25/3/24 29/4/18
f 1306/3/1093 1307/4/1094 30/4/20
f 1308/4/1095 1307/4/1094 29/4/18
f 1307/4/1094 1308/4/1095 712/4/1096
f 1308/4/1095 711/4/1097 709/3/1098
f 1308/4/1095 1309/3/1099 710/3/1100
f 1309/3/1099 709/3/1098 25/3/24
f 1306/3/1093 26/3/22 710/3/1100
f 1310/239/472 149/239/295 153/240/313
f 1311/240/474 154/240/315 150/239/316
f 1312/122/1101 1311/240/474 153/240/313
f 1311/240/474 1312/122/1101 298/122/678
f 1313/121/478 1312/122/1101 297/122/676
f 1312/122/1101 1313/121/478 338/121/660
f 1310/239/472 1313/121/478 337/121/658
f 1313/121/478 1310/239/472 150/239/316
f 1315/3/1102 1314/2/1103 21/2/27
f 1314/2/1103 1315/3/1102 26/3/22
f 1316/3/1104 1315/3/1102 25/3/24
f 1315/3/1102 1316/3/1104 710/3/1100
f 1317/2/1105 1316/3/1104 709/3/1098
f 1317/2/1105 708/2/1106 710/3/1100
f 1317/2/1105 707/2/1107 21/2/27
f 1314/2/1103 22/2/25 708/2/1106
f 1318/38/1108 139/38/253 51/38/132
f 1319/38/1109 52/38/131 140/38/252
f 1319/38/1109 51/38/132 57/39/130
f 1319/38/1109 1320/39/1110 58/39/128
f 1321/39/1111 1320/39/1110 57/39/130
f 1320/39/1110 1321/39/1111 128/39/256
f 1318/38/1108 1321/39/1111 127/39/254
f 1321/39/1111 1318/38/1108 140/38/252
f 1323/8/1112 1322/22/1113 221/22/916
f 1322/22/1113 1323/8/1112 224/8/857
f 1324/8/1114 1323/8/1112 223/8/859
f 1323/8/1112 1324/8/1114 218/8/855
f 1325/22/1115 1324/8/1114 217/8/853
f 1324/8/1114 1325/22/1115 220/22/921
f 1325/22/1115 219/22/919 221/22/916
f 1322/22/1113 222/22/918 220/22/921
f 1326/34/1116 141/34/226 55/34/133
f 1327/34/1117 56/34/135 142/34/228
f 1328/38/1118 1327/34/1117 55/34/133
f 1327/34/1117 1328/38/1118 52/38/131
f 1329/38/1119 1328/38/1118 51/38/132
f 1328/38/1118 1329/38/1119 140/38/252
f 1326/34/1116 1329/38/1119 139/38/253
f 1326/34/1116 142/34/228 140/38/252
f 1331/121/1120 1330/81/1121 259/81/666
f 1331/121/1120 344/121/662 260/81/665
f 1331/121/1120 343/121/664 295/122/550
f 1332/122/1122 296/122/549 344/121/662
f 1332/122/1122 295/122/550 257/82/545
f 1332/122/1122 1333/82/1123 258/82/547
f 1330/81/1121 1333/82/1123 257/82/545
f 1333/82/1123 1330/81/1121 260/81/665
f 1334/90/1124 525/90/1022 527/241/77
f 1334/90/1124 1335/241/1125 528/241/79
f 1336/242/1126 1335/241/1125 527/241/77
f 1336/242/1126 358/242/589 528/241/79
f 1336/242/1126 357/242/76 363/89/522
f 1336/242/1126 1337/89/1127 364/89/740
f 1337/89/1127 363/89/522 525/90/1022
f 1337/89/1127 1334/90/1124 526/90/1023
f 1339/37/1128 1338/37/1129 53/37/136
f 1338/37/1129 1339/37/1128 134/37/224
f 1339/37/1128 133/37/225 125/35/234
f 1340/35/1130 126/35/238 134/37/224
f 1340/35/1130 125/35/234 63/35/141
f 1341/35/1131 64/35/140 126/35/238
f 1341/35/1131 63/35/141 53/37/136
f 1338/37/1129 54/37/138 64/35/140
f 1343/41/1132 1342/41/1133 61/41/145
f 1342/41/1133 1343/41/1132 114/41/271
f 1343/41/1132 113/41/272 123/40/270
f 1344/40/1134 124/40/268 114/41/271
f 1344/40/1134 123/40/270 49/40/127
f 1345/40/1135 50/40/148 124/40/268
f 1345/40/1135 49/40/127 61/41/145
f 1342/41/1133 62/41/147 50/40/148
f 1347/23/1136 1346/2/577 261/2/543
f 1346/2/577 1347/23/1136 264/23/1137
f 1348/76/544 1347/23/1136 263/23/1138
f 1347/23/1136 1348/76/544 180/76/303
f 1349/4/1139 1348/76/544 179/76/301
f 1348/76/544 1349/4/1139 172/4/338
f 1346/2/577 1349/4/1139 171/4/337
f 1349/4/1139 1346/2/577 262/2/218
f 1351/23/1140 1350/39/808 179/39/301
f 1350/39/808 1351/23/1140 264/23/1137
f 1352/22/813 1351/23/1140 263/23/1138
f 1351/23/1140 1352/22/813 488/22/212
f 1353/41/1141 1352/22/813 487/22/213
f 1352/22/813 1353/41/1141 182/41/339
f 1353/41/1141 181/41/341 179/39/301
f 1350/39/808 180/39/303 182/41/339
f 1355/7/1142 1354/36/1143 115/36/242
f 1354/36/1143 1355/7/1142 658/7/1144
f 1356/8/1145 1355/7/1142 657/7/1146
f 1355/7/1142 1356/8/1145 656/8/1147
f 1356/8/1145 655/8/1148 117/41/273
f 1357/41/1149 118/41/275 656/8/1147
f 1354/36/1143 1357/41/1149 117/41/273
f 1354/36/1143 116/36/240 118/41/275
f 1359/35/1150 1358/36/1151 59/36/142
f 1358/36/1151 1359/35/1150 64/35/140
f 1360/35/1152 1359/35/1150 63/35/141
f 1359/35/1150 1360/35/1152 126/35/238
f 1360/35/1152 125/35/234 121/36/244
f 1361/36/1153 122/36/243 126/35/238
f 1361/36/1153 121/36/244 59/36/142
f 1358/36/1151 60/36/144 122/36/243
f 1362/41/1154 61/41/145 59/36/142
f 1363/36/1155 60/36/144 62/41/147
f 1364/36/1156 1363/36/1155 59/36/142
f 1363/36/1155 1364/36/1156 122/36/243
f 1365/41/1157 1364/36/1156 121/36/244
f 1364/36/1156 1365/41/1157 114/41/271
f 1365/41/1157 113/41/272 61/41/145
f 1362/41/1154 62/41/147 114/41/271
f 1366/1/1158 631/1/643 635/2/187
f 1366/1/1158 1367/2/1159 636/2/196
f 1367/2/1159 635/2/187 633/2/195
f 1368/2/1160 634/2/194 636/2/196
f 1368/2/1160 633/2/195 623/1/647
f 1368/2/1160 1369/1/1161 624/1/649
f 1366/1/1158 1369/1/1161 623/1/647
f 1369/1/1161 1366/1/1158 632/1/645
f 1371/243/1162 1370/244/1163 69/244/169
f 1370/244/1163 1371/243/1162 68/243/165
f 1372/245/1164 1371/243/1162 67/243/163
f 1371/243/1162 1372/245/1164 498/245/1079
f 1372/245/1164 497/245/1081 499/246/1017
f 1372/245/1164 1373/246/1165 500/246/1016
f 1370/244/1163 1373/246/1165 499/246/1017
f 1373/246/1165 1370/244/1163 70/244/167
f 1375/22/1166 1374/180/1167 211/180/895
f 1374/180/1167 1375/22/1166 220/22/921
f 1376/8/1168 1375/22/1166 219/22/919
f 1375/22/1166 1376/8/1168 218/8/855
f 1376/8/1168 217/8/853 213/1/852
f 1377/1/1169 214/1/880 218/8/855
f 1374/180/1167 1377/1/1169 213/1/852
f 1377/1/1169 1374/180/1167 212/180/922
f 1379/6/1170 1378/6/1171 625/6/934
f 1378/6/1171 1379/6/1170 622/6/942
f 1380/7/1172 1379/6/1170 621/6/943
f 1379/6/1170 1380/7/1172 616/7/1173
f 1380/7/1172 615/7/1174 613/7/1175
f 1381/7/1176 614/7/1177 616/7/1173
f 1378/6/1171 1381/7/1176 613/7/1175
f 1381/7/1176 1378/6/1171 626/6/944
f 1382/73/1178 449/73/440 239/70/436
f 1383/70/1179 240/70/434 450/73/444
f 1383/70/1179 239/70/436 243/70/433
f 1384/70/1180 244/70/430 240/70/434
f 1385/73/1181 1384/70/1180 243/70/433
f 1384/70/1180 1385/73/1181 330/73/443
f 1382/73/1178 1385/73/1181 329/73/441
f 1385/73/1181 1382/73/1178 450/73/444
f 1387/247/979 1386/59/1182 423/59/385
f 1386/59/1182 1387/247/979 414/247/515
f 1387/247/979 413/247/771 567/248/1084
f 1387/247/979 1388/248/978 568/248/512
f 1388/248/978 567/248/1084 579/58/388
f 1389/58/1183 580/58/386 568/248/512
f 1386/59/1182 1389/58/1183 579/58/388
f 1389/58/1183 1386/59/1182 424/59/394
f 1391/23/812 1390/39/808 167/39/456
f 1391/23/812 284/23/216 168/39/303
f 1392/22/1184 1391/23/812 283/23/1138
f 1391/23/812 1392/22/1184 480/22/814
f 1393/41/1185 1392/22/1184 479/22/815
f 1392/22/1184 1393/41/1185 164/41/1186
f 1393/41/1185 163/41/341 167/39/456
f 1390/39/808 168/39/303 164/41/1186
f 1394/8/1187 619/8/642 617/8/652
f 1395/8/1188 618/8/651 620/8/646
f 1396/7/1189 1395/8/1188 617/8/652
f 1395/8/1188 1396/7/1189 614/7/1177
f 1397/7/1190 1396/7/1189 613/7/1175
f 1396/7/1189 1397/7/1190 616/7/1173
f 1397/7/1190 615/7/1174 619/8/642
f 1397/7/1190 1394/8/1187 620/8/646
f 1399/24/1191 1398/249/1192 319/249/1061
f 1398/249/1192 1399/24/1191 80/24/161
f 1400/23/1193 1399/24/1191 79/24/162
f 1400/23/1193 78/23/159 80/24/161
f 1400/23/1193 77/23/157 317/76/802
f 1401/76/1194 318/76/801 78/23/159
f 1401/76/1194 317/76/802 319/249/1061
f 1401/76/1194 1398/249/1192 320/249/1063
f 1403/8/1195 1402/41/1196 117/41/273
f 1402/41/1196 1403/8/1195 656/8/1147
f 1404/1/1197 1403/8/1195 655/8/1148
f 1404/1/1197 654/1/1198 656/8/1147
f 1404/1/1197 653/1/1199 119/40/267
f 1405/40/1200 120/40/276 654/1/1198
f 1405/40/1200 119/40/267 117/41/273
f 1402/41/1196 118/41/275 120/40/276
f 1407/107/639 1406/108/1201 563/108/405
f 1406/108/1201 1407/107/639 394/107/401
f 1407/107/639 393/107/403 361/13/85
f 1407/107/639 1408/13/1202 362/13/84
f 1409/12/624 1408/13/1202 361/13/85
f 1408/13/1202 1409/12/624 532/12/81
f 1406/108/1201 1409/12/624 531/12/83
f 1406/108/1201 564/108/404 532/12/81
f 1411/23/569 1410/2/542 281/2/219
f 1410/2/542 1411/23/569 284/23/216
f 1412/76/544 1411/23/569 283/23/1138
f 1411/23/569 1412/76/544 168/76/303
f 1413/4/455 1412/76/544 167/76/456
f 1412/76/544 1413/4/455 162/4/338
f 1410/2/542 1413/4/455 161/4/971
f 1413/4/455 1410/2/542 282/2/218
f 1415/1/1203 1414/40/1204 119/40/267
f 1414/40/1204 1415/1/1203 654/1/1198
f 1415/1/1203 653/1/1199 651/2/1205
f 1416/2/1206 652/2/1207 654/1/1198
f 1416/2/1206 651/2/1205 135/39/257
f 1417/39/1208 136/39/259 652/2/1207
f 1414/40/1204 1417/39/1208 135/39/257
f 1414/40/1204 120/40/276 136/39/259
f 1419/181/1209 1418/182/844 415/182/749
f 1418/182/844 1419/181/1209 572/181/1053
f 1419/181/1209 571/181/692 575/63/686
f 1419/181/1209 1420/63/1210 576/63/1052
f 1421/62/1211 1420/63/1210 575/63/686
f 1420/63/1210 1421/62/1211 420/62/752
f 1418/182/844 1421/62/1211 419/62/750
f 1418/182/844 416/182/748 420/62/752
f 1422/81/1212 259/81/666 257/82/545
f 1423/82/1213 258/82/547 260/81/665
f 1423/82/1213 257/82/545 253/82/313
f 1424/82/1214 254/82/315 258/82/547
f 1425/81/1215 1424/82/1214 253/82/313
f 1424/82/1214 1425/81/1215 256/81/475
f 1422/81/1212 1425/81/1215 255/81/473
f 1425/81/1215 1422/81/1212 260/81/665
f 1426/175/1216 235/175/1217 233/97/557
f 1426/175/1216 1427/97/1218 234/97/555
f 1428/176/1219 1427/97/1218 233/97/557
f 1427/97/1218 1428/176/1219 230/176/553
f 1429/175/1220 1428/176/1219 229/176/551
f 1428/176/1219 1429/175/1220 232/175/831
f 1429/175/1220 231/175/829 235/175/1217
f 1426/175/1216 236/175/1221 232/175/831
f 1430/3/1222 27/3/6 23/2/3
f 1430/3/1222 1431/2/1223 24/2/5
f 1432/2/1224 1431/2/1223 23/2/3
f 1431/2/1223 1432/2/1224 40/2/100
f 1433/3/1225 1432/2/1224 39/2/102
f 1432/2/1224 1433/3/1225 38/3/97
f 1433/3/1225 37/3/99 27/3/6
f 1430/3/1222 28/3/8 38/3/97
f 1435/79/927 1434/80/1226 557/80/467
f 1435/79/927 388/79/463 558/80/466
f 1436/177/1227 1435/79/927 387/79/465
f 1436/177/1227 390/177/717 388/79/463
f 1437/178/1228 1436/177/1227 389/177/715
f 1436/177/1227 1437/178/1228 560/178/1038
f 1437/178/1228 559/178/1040 557/80/467
f 1437/178/1228 1434/80/1226 558/80/466
f 1439/2/1191 1438/4/1229 315/4/706
f 1438/4/1229 1439/2/1191 72/2/172
f 1440/27/1193 1439/2/1191 71/2/151
f 1439/2/1191 1440/27/1193 74/27/170
f 1440/27/1193 73/27/171 313/250/1018
f 1441/250/1230 314/250/1020 74/27/170
f 1438/4/1229 1441/250/1230 313/250/1018
f 1441/250/1230 1438/4/1229 316/4/705
f 1442/5/1231 647/5/1232 131/33/223
f 1443/33/1233 132/33/232 648/5/1234
f 1444/34/1235 1443/33/1233 131/33/223
f 1443/33/1233 1444/34/1235 144/34/231
f 1445/4/1236 1444/34/1235 143/34/229
f 1444/34/1235 1445/4/1236 646/4/595
f 1442/5/1231 1445/4/1236 645/4/596
f 1442/5/1231 648/5/1234 646/4/595
f 1447/251/544 1446/252/1237 297/252/676
f 1446/252/1237 1447/251/544 154/251/315
f 1448/4/1238 1447/251/544 153/251/313
f 1448/4/1238 152/4/312 154/251/315
f 1449/97/1239 1448/4/1238 151/4/310
f 1448/4/1238 1449/97/1239 230/97/553
f 1449/97/1239 229/97/551 295/96/550
f 1449/97/1239 1450/96/1240 296/96/549
f 1446/252/1237 1450/96/1240 295/96/550
f 1446/252/1237 298/252/678 296/96/549
f 1452/2/1241 1451/39/1242 135/39/257
f 1451/39/1242 1452/2/1241 652/2/1207
f 1453/3/1243 1452/2/1241 651/2/1205
f 1452/2/1241 1453/3/1243 650/3/592
f 1453/3/1243 649/3/594 137/38/251
f 1454/38/1244 138/38/260 650/3/592
f 1454/38/1244 137/38/251 135/39/257
f 1451/39/1242 136/39/259 138/38/260
f 1456/242/1245 1455/241/1246 529/241/77
f 1456/242/1245 360/242/86 530/241/79
f 1456/242/1245 359/242/76 345/89/522
f 1456/242/1245 1457/89/1127 346/89/520
f 1457/89/1127 345/89/522 533/90/519
f 1457/89/1127 1458/90/1124 534/90/528
f 1458/90/1124 533/90/519 529/241/77
f 1458/90/1124 1455/241/1246 530/241/79
f 1460/177/843 1459/178/1247 559/178/1040
f 1460/177/843 390/177/717 560/178/1038
f 1460/177/843 389/177/715 391/105/608
f 1460/177/843 1461/105/1248 392/105/607
f 1461/105/1248 391/105/608 561/106/606
f 1461/105/1248 1462/106/1249 562/106/609
f 1459/178/1247 1462/106/1249 561/106/606
f 1459/178/1247 560/178/1038 562/106/609
f 1463/28/1250 85/28/355 83/28/352
f 1464/28/1251 84/28/354 86/28/357
f 1464/28/1251 83/28/352 277/28/175
f 1464/28/1251 1465/28/1252 278/28/177
f 1465/28/1252 277/28/175 279/28/174
f 1466/28/1253 280/28/178 278/28/177
f 1466/28/1253 279/28/174 85/28/355
f 1466/28/1253 1463/28/1250 86/28/357
f 1468/4/1254 1467/3/1255 637/3/190
f 1467/3/1255 1468/4/1254 642/4/1256
f 1469/4/1257 1468/4/1254 641/4/1258
f 1468/4/1254 1469/4/1257 646/4/595
f 1470/3/1259 1469/4/1257 645/4/596
f 1469/4/1257 1470/3/1259 650/3/592
f 1470/3/1259 649/3/594 637/3/190
f 1467/3/1255 638/3/192 650/3/592
f 1472/9/1260 1471/6/1261 659/6/1262
f 1471/6/1261 1472/9/1260 648/9/1234
f 1472/9/1260 647/9/1232 629/9/935
f 1473/9/1263 630/9/937 648/9/1234
f 1473/9/1263 629/9/935 625/6/934
f 1474/6/1264 626/6/944 630/9/937
f 1471/6/1261 1474/6/1264 625/6/934
f 1474/6/1264 1471/6/1261 660/6/1265
f 1475/8/1266 655/8/1148 617/8/652
f 1476/8/1267 618/8/651 656/8/1147
f 1477/1/1268 1476/8/1267 617/8/652
f 1476/8/1267 1477/1/1268 624/1/649
f 1478/1/1269 1477/1/1268 623/1/647
f 1477/1/1268 1478/1/1269 654/1/1198
f 1475/8/1266 1478/1/1269 653/1/1199
f 1478/1/1269 1475/8/1266 656/8/1147
f 1479/6/1270 659/6/1262 625/6/934
f 1480/6/1271 626/6/944 660/6/1265
f 1480/6/1271 625/6/934 613/7/1175
f 1480/6/1271 1481/7/1272 614/7/1177
f 1482/7/1273 1481/7/1272 613/7/1175
f 1481/7/1272 1482/7/1273 658/7/1144
f 1482/7/1273 657/7/1146 659/6/1262
f 1479/6/1270 660/6/1265 658/7/1144
f 1483/2/1274 651/2/1205 653/1/1199
f 1483/2/1274 1484/1/1275 654/1/1198
f 1484/1/1275 653/1/1199 623/1/647
f 1485/1/1276 624/1/649 654/1/1198
f 1486/2/1277 1485/1/1276 623/1/647
f 1486/2/1277 634/2/194 624/1/649
f 1483/2/1274 1486/2/1277 633/2/195
f 1486/2/1277 1483/2/1274 652/2/1207
f 1488/5/1278 1487/5/1279 629/5/935
f 1487/5/1279 1488/5/1278 648/5/1234
f 1488/5/1278 647/5/1232 645/4/596
f 1488/5/1278 1489/4/1280 646/4/595
f 1489/4/1280 645/4/596 641/4/1258
f 1490/4/1281 642/4/1256 646/4/595
f 1490/4/1281 641/4/1258 629/5/935
f 1490/4/1281 1487/5/1279 630/5/937
f 1491/2/1282 651/2/1205 633/2/195
f 1492/2/1283 634/2/194 652/2/1207
f 1493/3/1284 1492/2/1283 633/2/195
f 1493/3/1284 638/3/192 634/2/194
f 1494/3/1285 1493/3/1284 637/3/190
f 1493/3/1284 1494/3/1285 650/3/592
f 1494/3/1285 649/3/594 651/2/1205
f 1494/3/1285 1491/2/1282 652/2/1207
f 1495/28/1286 193/28/1287 197/28/420
f 1495/28/1286 1496/28/1288 198/28/424
f 1497/28/1289 1496/28/1288 197/28/420
f 1497/28/1289 270/28/366 198/28/424
f 1498/28/1290 1497/28/1289 269/28/364
f 1498/28/1290 272/28/362 270/28/366
f 1495/28/1286 1498/28/1290 271/28/363
f 1495/28/1286 194/28/1291 272/28/362
f 1499/45/1292 187/45/617 191/45/615
f 1499/45/1292 1500/45/1293 192/45/613
f 1501/48/1294 1500/45/1293 191/45/615
f 1500/45/1293 1501/48/1294 190/48/1295
f 1502/48/1296 1501/48/1294 189/48/1297
f 1502/48/1296 186/48/1298 190/48/1295
f 1499/45/1292 1502/48/1296 185/48/1299
f 1499/45/1292 188/45/616 186/48/1298
f 1504/9/1300 1503/37/1301 131/37/223
f 1503/37/1301 1504/9/1300 648/9/1234
f 1504/9/1300 647/9/1232 659/6/1262
f 1504/9/1300 1505/6/1302 660/6/1265
f 1505/6/1302 659/6/1262 129/35/235
f 1506/35/1303 130/35/237 660/6/1265
f 1503/37/1301 1506/35/1303 129/35/235
f 1503/37/1301 132/37/232 130/35/237
f 1508/174/1304 1507/175/1305 235/175/1217
f 1507/175/1305 1508/174/1304 332/174/1306
f 1509/98/1307 1508/174/1304 331/174/1308
f 1508/174/1304 1509/98/1307 312/98/558
f 1510/97/1309 1509/98/1307 311/98/559
f 1510/97/1309 234/97/555 312/98/558
f 1510/97/1309 233/97/557 235/175/1217
f 1507/175/1305 236/175/1221 234/97/555
f 1512/22/1310 1511/8/1311 447/8/824
f 1511/8/1311 1512/22/1310 452/22/814
f 1512/22/1310 451/22/815 305/23/571
f 1513/23/1312 306/23/216 452/22/814
f 1514/102/1313 1513/23/1312 305/23/571
f 1513/23/1312 1514/102/1313 308/102/568
f 1514/102/1313 307/102/570 333/253/671
f 1514/102/1313 1515/253/1314 334/253/670
f 1516/254/1315 1515/253/1314 333/253/671
f 1515/253/1314 1516/254/1315 336/254/480
f 1517/93/1316 1516/254/1315 335/254/481
f 1517/93/1316 290/93/477 336/254/480
f 1518/2/1317 1517/93/1316 289/93/479
f 1518/2/1317 292/2/218 290/93/477
f 1511/8/1311 1518/2/1317 291/2/543
f 1518/2/1317 1511/8/1311 448/8/633
f 1519/28/1318 473/28/182 277/28/175
f 1520/28/1319 278/28/177 474/28/180
f 1521/28/1320 1520/28/1319 277/28/175
f 1520/28/1319 1521/28/1320 84/28/354
f 1522/28/1321 1521/28/1320 83/28/352
f 1521/28/1320 1522/28/1321 88/28/350
f 1522/28/1321 87/28/351 473/28/182
f 1522/28/1321 1519/28/1318 474/28/180
f 1524/174/1322 1523/98/1323 311/98/559
f 1524/174/1322 332/174/1306 312/98/558
f 1525/174/1324 1524/174/1322 331/174/1308
f 1524/174/1322 1525/174/1324 446/174/828
f 1526/173/1325 1525/174/1324 445/174/826
f 1525/174/1324 1526/173/1325 294/173/418
f 1526/173/1325 293/173/560 311/98/559
f 1523/98/1323 312/98/558 294/173/418
f 1528/66/1326 1527/66/601 339/66/655
f 1527/66/601 1528/66/1326 342/66/410
f 1528/66/1326 341/66/411 299/67/409
f 1529/67/599 300/67/418 342/66/410
f 1529/67/599 299/67/409 301/67/578
f 1530/67/1313 302/67/568 300/67/418
f 1527/66/601 1530/67/1313 301/67/578
f 1530/67/1313 1527/66/601 340/66/656
f 1532/23/1327 1531/39/1328 265/39/1329
f 1531/39/1328 1532/23/1327 108/23/216
f 1533/22/1330 1532/23/1327 107/23/214
f 1532/23/1327 1533/22/1330 110/22/212
f 1534/41/1185 1533/22/1330 109/22/213
f 1533/22/1330 1534/41/1185 492/41/339
f 1534/41/1185 491/41/341 265/39/1329
f 1531/39/1328 266/39/1331 492/41/339
f 1536/255/1332 1535/171/1333 401/171/799
f 1536/255/1332 404/255/795 402/171/797
f 1536/255/1332 403/255/629 601/256/1065
f 1536/255/1332 1537/256/1334 602/256/1067
f 1538/172/1335 1537/256/1334 601/256/1065
f 1538/172/1335 606/172/820 602/256/1067
f 1535/171/1333 1538/172/1335 605/172/818
f 1538/172/1335 1535/171/1333 402/171/797
f 1539/28/1336 201/28/488 207/28/483
f 1540/28/1337 208/28/485 202/28/487
f 1540/28/1337 207/28/483 203/28/492
f 1541/28/1338 204/28/494 208/28/485
f 1542/28/1339 1541/28/1338 203/28/492
f 1541/28/1338 1542/28/1339 206/28/497
f 1539/28/1336 1542/28/1339 205/28/491
f 1542/28/1339 1539/28/1336 202/28/487
f 1543/8/1340 655/8/1148 657/7/1146
f 1543/8/1340 1544/7/1341 658/7/1144
f 1544/7/1341 657/7/1146 613/7/1175
f 1545/7/1342 614/7/1177 658/7/1144
f 1546/8/1343 1545/7/1342 613/7/1175
f 1545/7/1342 1546/8/1343 618/8/651
f 1543/8/1340 1546/8/1343 617/8/652
f 1546/8/1343 1543/8/1340 656/8/1147
f 1548/29/197 1547/8/1311 485/8/824
f 1547/8/1311 1548/29/197 508/29/200
f 1548/29/197 507/29/201 505/30/966
f 1548/29/197 1549/30/203 506/30/204
f 1550/31/1344 1549/30/203 505/30/966
f 1549/30/203 1550/31/1344 504/31/636
f 1551/32/207 1550/31/1344 503/31/637
f 1551/32/207 502/32/633 504/31/636
f 1552/22/210 1551/32/207 501/32/635
f 1551/32/207 1552/22/210 488/22/212
f 1552/22/210 487/22/213 263/23/1138
f 1553/23/1312 264/23/1137 488/22/212
f 1554/2/1317 1553/23/1312 263/23/1138
f 1553/23/1312 1554/2/1317 262/2/218
f 1547/8/1311 1554/2/1317 261/2/543
f 1554/2/1317 1547/8/1311 486/8/220
f 1556/22/210 1555/8/1311 477/8/824
f 1555/8/1311 1556/22/210 480/22/814
f 1556/22/210 479/22/815 283/23/1138
f 1557/23/1312 284/23/216 480/22/814
f 1557/23/1312 283/23/1138 281/2/219
f 1557/23/1312 1558/2/1317 282/2/218
f 1555/8/1311 1558/2/1317 281/2/219
f 1558/2/1317 1555/8/1311 478/8/633
f 1560/57/653 1559/55/1345 515/55/987
f 1559/55/1345 1560/57/653 510/57/1007
f 1561/31/1346 1560/57/653 509/57/1006
f 1560/57/653 1561/31/1346 106/31/206
f 1562/30/1347 1561/31/1346 105/31/208
f 1561/31/1346 1562/30/1347 100/30/204
f 1559/55/1345 1562/30/1347 99/30/202
f 1562/30/1347 1559/55/1345 516/55/985
f 1564/57/653 1563/55/1345 173/55/331
f 1563/55/1345 1564/57/653 178/57/346
f 1565/31/669 1564/57/653 177/57/344
f 1565/31/669 504/31/636 178/57/346
f 1566/30/1347 1565/31/669 503/31/637
f 1565/31/669 1566/30/1347 506/30/204
f 1563/55/1345 1566/30/1347 505/30/966
f 1566/30/1347 1563/55/1345 174/55/333
f 1568/46/1348 1567/46/1349 469/46/910
f 1567/46/1349 1568/46/1348 468/46/906
f 1569/47/1350 1568/46/1348 467/46/904
f 1568/46/1348 1569/47/1350 458/47/870
f 1569/47/1350 457/47/868 459/47/865
f 1570/47/1351 460/47/867 458/47/870
f 1567/46/1349 1570/47/1351 459/47/865
f 1570/47/1351 1567/46/1349 470/46/908
f 1571/50/1352 443/50/756 437/171/790
f 1571/50/1352 1572/171/1353 438/171/528
f 1572/171/1353 437/171/790 593/172/1071
f 1572/171/1353 1573/172/1354 594/172/1072
f 1574/52/1355 1573/172/1354 593/172/1071
f 1574/52/1355 598/52/884 594/172/1072
f 1571/50/1352 1574/52/1355 597/52/882
f 1574/52/1355 1571/50/1352 444/50/527
f 1576/47/1356 1575/179/1357 455/179/874
f 1575/179/1357 1576/47/1356 458/47/870
f 1577/46/1358 1576/47/1356 457/47/868
f 1576/47/1356 1577/46/1358 468/46/906
f 1577/46/1358 467/46/904 465/257/901
f 1578/257/1359 466/257/903 468/46/906
f 1575/179/1357 1578/257/1359 465/257/901
f 1578/257/1359 1575/179/1357 456/179/872
f 1580/4/1360 1579/3/1361 639/3/189
f 1579/3/1361 1580/4/1360 644/4/1362
f 1580/4/1360 643/4/1363 641/4/1258
f 1581/4/1364 642/4/1256 644/4/1362
f 1581/4/1364 641/4/1258 637/3/190
f 1581/4/1364 1582/3/1365 638/3/192
f 1579/3/1361 1582/3/1365 637/3/190
f 1582/3/1365 1579/3/1361 640/3/188
f 1583/48/1366 453/48/877 455/179/874
f 1584/179/1367 456/179/872 454/48/875
f 1585/257/1368 1584/179/1367 455/179/874
f 1584/179/1367 1585/257/1368 466/257/903
f 1586/45/1369 1585/257/1368 465/257/901
f 1585/257/1368 1586/45/1369 464/45/899
f 1583/48/1366 1586/45/1369 463/45/900
f 1586/45/1369 1583/48/1366 454/48/875
f 1587/258/1370 417/258/747 421/51/743
f 1587/258/1370 1588/51/1371 422/51/745
f 1589/53/1372 1588/51/1371 421/51/743
f 1588/51/1371 1589/53/1372 578/53/886
f 1590/259/1373 1589/53/1372 577/53/683
f 1590/259/1373 574/259/508 578/53/886
f 1587/258/1370 1590/259/1373 573/259/1054
f 1590/259/1373 1587/258/1370 418/258/744
f 1592/258/506 1591/247/1374 413/247/771
f 1592/258/506 418/258/744 414/247/515
f 1592/258/506 417/258/747 573/259/1054
f 1592/258/506 1593/259/1375 574/259/508
f 1593/259/1375 573/259/1054 567/248/1084
f 1593/259/1375 1594/248/1376 568/248/512
f 1591/247/1374 1594/248/1376 567/248/1084
f 1594/248/1376 1591/247/1374 414/247/515
f 1596/46/1377 1595/45/1378 317/45/802
f 1595/45/1378 1596/46/1377 398/46/762
f 1596/46/1377 397/46/758 369/47/694
f 1596/46/1377 1597/47/1379 370/47/707
f 1597/47/1379 369/47/694 315/48/706
f 1598/48/1380 316/48/705 370/47/707
f 1598/48/1380 315/48/706 313/260/1018
f 1598/48/1380 1599/260/1381 314/260/1020
f 1599/260/1381 313/260/1018 499/261/1017
f 1599/260/1381 1600/261/1382 500/261/1016
f 1601/262/1383 1600/261/1382 499/261/1017
f 1600/261/1382 1601/262/1383 498/262/1079
f 1602/263/1384 1601/262/1383 497/262/1081
f 1602/263/1384 320/263/1063 498/262/1079
f 1602/263/1384 319/263/1061 317/45/802
f 1595/45/1378 318/45/801 320/263/1063
f 1604/45/302 1603/48/311 161/48/971
f 1603/48/311 1604/45/302 168/45/303
f 1605/46/304 1604/45/302 167/45/456
f 1604/45/302 1605/46/304 164/46/1186
f 1606/47/306 1605/46/304 163/46/341
f 1605/46/304 1606/47/306 166/47/972
f 1606/47/306 165/47/837 161/48/971
f 1603/48/311 162/48/338 166/47/972
f 1607/258/1385 405/258/759 395/51/319
f 1607/258/1385 1608/51/1386 396/51/321
f 1608/51/1386 395/51/319 609/53/326
f 1608/51/1386 1609/53/1387 610/53/328
f 1610/259/1388 1609/53/1387 609/53/326
f 1609/53/1387 1610/259/1388 612/259/1092
f 1610/259/1388 611/259/1090 405/258/759
f 1607/258/1385 406/258/761 612/259/1092
f 1612/64/639 1611/65/1201 441/65/620
f 1611/65/1201 1612/64/639 596/64/621
f 1612/64/639 595/64/622 599/112/1069
f 1612/64/639 1613/112/623 600/112/1068
f 1614/111/624 1613/112/623 599/112/1069
f 1613/112/623 1614/111/624 440/111/81
f 1611/65/1201 1614/111/624 439/111/792
f 1611/65/1201 442/65/754 440/111/81
f 1616/58/1389 1615/59/499 409/59/766
f 1615/59/499 1616/58/1389 566/58/386
f 1617/60/387 1616/58/1389 565/58/500
f 1617/60/387 570/60/502 566/58/386
f 1618/61/464 1617/60/387 569/60/501
f 1618/61/464 412/61/503 570/60/502
f 1615/59/499 1618/61/464 411/61/504
f 1618/61/464 1615/59/499 410/59/394
f 1620/85/1390 1619/86/1391 519/86/1015
f 1619/86/1391 1620/85/1390 372/85/697
f 1620/85/1390 371/85/695 373/87/712
f 1620/85/1390 1621/87/1392 374/87/710
f 1621/87/1392 373/87/712 521/88/513
f 1622/88/1393 522/88/1044 374/87/710
f 1619/86/1391 1622/88/1393 521/88/513
f 1619/86/1391 520/86/1012 522/88/1044
f 1624/264/1394 1623/265/1395 549/265/743
f 1623/265/1395 1624/264/1394 354/264/684
f 1625/85/1396 1624/264/1394 353/264/683
f 1625/85/1396 384/85/508 354/264/684
f 1625/85/1396 383/85/509 547/86/507
f 1625/85/1396 1626/86/1397 548/86/516
f 1626/86/1397 547/86/507 549/265/743
f 1626/86/1397 1623/265/1395 550/265/1050
f 1628/60/1398 1627/61/1399 411/61/504
f 1627/61/1399 1628/60/1398 570/60/502
f 1629/181/1400 1628/60/1398 569/60/501
f 1629/181/1400 572/181/1053 570/60/502
f 1630/182/1228 1629/181/1400 571/181/692
f 1629/181/1400 1630/182/1228 416/182/748
f 1630/182/1228 415/182/749 411/61/504
f 1630/182/1228 1627/61/1399 412/61/503
f 1632/63/604 1631/62/395 419/62/750
f 1631/62/395 1632/63/604 576/63/1052
f 1633/64/1401 1632/63/604 575/63/686
f 1633/64/1401 596/64/621 576/63/1052
f 1634/65/1402 1633/64/1401 595/64/622
f 1633/64/1401 1634/65/1402 442/65/754
f 1634/65/1402 441/65/620 419/62/750
f 1634/65/1402 1631/62/395 420/62/752
f 1636/109/1403 1635/110/1404 601/110/1065
f 1636/109/1403 404/109/795 602/110/1067
f 1636/109/1403 403/109/629 439/111/792
f 1636/109/1403 1637/111/80 440/111/81
f 1637/111/80 439/111/792 599/112/1069
f 1637/111/80 1638/112/1405 600/112/1068
f 1635/110/1404 1638/112/1405 599/112/1069
f 1635/110/1404 602/110/1067 600/112/1068
f 1640/255/1406 1639/171/1124 437/171/790
f 1640/255/1406 436/255/628 438/171/528
f 1640/255/1406 435/255/629 603/256/76
f 1640/255/1406 1641/256/1407 604/256/86
f 1642/172/1127 1641/256/1407 603/256/76
f 1642/172/1127 594/172/1072 604/256/86
f 1639/171/1124 1642/172/1127 593/172/1071
f 1642/172/1127 1639/171/1124 438/171/528
f 1644/181/843 1643/182/1247 427/182/778
f 1643/182/1247 1644/181/843 586/181/930
f 1644/181/843 585/181/932 587/63/397
f 1644/181/843 1645/63/1408 588/63/399
f 1646/62/1409 1645/63/1408 587/63/397
f 1646/62/1409 430/62/406 588/63/399
f 1643/182/1247 1646/62/1409 429/62/396
f 1643/182/1247 428/182/776 430/62/406
f 1648/6/1410 1647/35/1411 129/35/235
f 1647/35/1411 1648/6/1410 660/6/1265
f 1649/7/1412 1648/6/1410 659/6/1262
f 1649/7/1412 658/7/1144 660/6/1265
f 1649/7/1412 657/7/1146 115/36/242
f 1650/36/1413 116/36/240 658/7/1144
f 1647/35/1411 1650/36/1413 115/36/242
f 1650/36/1413 1647/35/1411 130/35/237
f 1652/5/1414 1651/4/1415 643/4/1363
f 1651/4/1415 1652/5/1414 628/5/939
f 1652/5/1414 627/5/941 629/5/935
f 1653/5/1416 630/5/937 628/5/939
f 1654/4/1417 1653/5/1416 629/5/935
f 1654/4/1417 642/4/1256 630/5/937
f 1651/4/1415 1654/4/1417 641/4/1258
f 1654/4/1417 1651/4/1415 644/4/1362
f 1655/48/1418 287/48/458 285/45/456
f 1655/48/1418 1656/45/1419 286/45/303
f 1657/46/1420 1656/45/1419 285/45/456
f 1656/45/1419 1657/46/1420 484/46/976
f 1658/47/1421 1657/46/1420 483/46/977
f 1657/46/1420 1658/47/1421 482/47/842
f 1658/47/1421 481/47/837 287/48/458
f 1655/48/1418 288/48/457 482/47/842
f 1660/28/1422 1659/28/1423 207/28/483
f 1660/28/1422 276/28/379 208/28/485
f 1660/28/1422 275/28/377 495/28/373
f 1661/28/1424 496/28/375 276/28/379
f 1662/28/1425 1661/28/1424 495/28/373
f 1662/28/1425 204/28/494 496/28/375
f 1662/28/1425 203/28/492 207/28/483
f 1659/28/1423 208/28/485 204/28/494
f 1664/79/1398 1663/80/1426 551/80/504
f 1664/79/1398 378/79/502 552/80/503
f 1665/177/1427 1664/79/1398 377/79/501
f 1665/177/1427 382/177/690 378/79/502
f 1666/178/931 1665/177/1427 381/177/692
f 1665/177/1427 1666/178/931 546/178/846
f 1666/178/931 545/178/845 551/80/504
f 1666/178/931 1663/80/1426 552/80/503
f 1667/59/1428 409/59/766 407/247/763
f 1667/59/1428 1668/247/979 408/247/765
f 1668/247/979 407/247/763 581/248/1087
f 1669/248/978 582/248/1089 408/247/765
f 1669/248/978 581/248/1087 565/58/500
f 1669/248/978 1670/58/1429 566/58/386
f 1667/59/1428 1670/58/1429 565/58/500
f 1670/58/1429 1667/59/1428 410/59/394
f 1672/258/1430 1671/247/1431 407/247/763
f 1672/258/1430 406/258/761 408/247/765
f 1673/259/1432 1672/258/1430 405/258/759
f 1672/258/1430 1673/259/1432 612/259/1092
f 1674/248/1433 1673/259/1432 611/259/1090
f 1673/259/1432 1674/248/1433 582/248/1089
f 1671/247/1431 1674/248/1433 581/248/1087
f 1674/248/1433 1671/247/1431 408/247/765
f 1676/105/1434 1675/106/1435 541/106/850
f 1675/106/1435 1676/105/1434 352/105/688
f 1677/107/1401 1676/105/1434 351/105/686
f 1677/107/1401 348/107/621 352/105/688
f 1678/108/402 1677/107/1401 347/107/622
f 1677/107/1401 1678/108/402 538/108/625
f 1678/108/402 537/108/620 541/106/850
f 1678/108/402 1675/106/1435 542/106/849
f 1680/89/517 1679/90/1436 525/90/1022
f 1679/90/1436 1680/89/517 364/89/740
f 1681/91/521 1680/89/517 363/89/522
f 1681/91/521 366/91/702 364/89/740
f 1681/91/521 365/91/704 523/92/1021
f 1681/91/521 1682/92/822 524/92/320
f 1682/92/822 523/92/1021 525/90/1022
f 1682/92/822 1679/90/1436 526/90/1023
f 1684/175/1437 1683/175/1438 235/175/1217
f 1683/175/1438 1684/175/1437 232/175/831
f 1685/174/1439 1684/175/1437 231/175/829
f 1685/174/1439 446/174/828 232/175/831
f 1685/174/1439 445/174/826 331/174/1308
f 1686/174/1440 332/174/1306 446/174/828
f 1683/175/1438 1686/174/1440 331/174/1308
f 1686/174/1440 1683/175/1438 236/175/1221
f 1688/91/324 1687/92/1441 523/92/1021
f 1687/92/1441 1688/91/324 366/91/702
f 1688/91/324 365/91/704 367/264/698
f 1688/91/324 1689/264/327 368/264/700
f 1690/265/1442 1689/264/327 367/264/698
f 1689/264/327 1690/265/1442 518/265/1013
f 1687/92/1441 1690/265/1442 517/265/1011
f 1687/92/1441 524/92/320 518/265/1013
f 1692/28/1443 1691/28/1444 193/28/1287
f 1691/28/1444 1692/28/1443 200/28/962
f 1692/28/1443 199/28/958 195/28/421
f 1693/28/1445 196/28/423 200/28/962
f 1693/28/1445 195/28/421 197/28/420
f 1694/28/1446 198/28/424 196/28/423
f 1691/28/1444 1694/28/1446 197/28/420
f 1694/28/1446 1691/28/1444 194/28/1291
f 1696/266/472 1695/267/1447 159/267/300
f 1695/267/1447 1696/266/472 156/266/296
f 1697/66/478 1696/266/472 155/266/298
f 1696/266/472 1697/66/478 340/66/656
f 1697/66/478 339/66/655 301/67/578
f 1698/67/1448 302/67/568 340/66/656
f 1695/267/1447 1698/67/1448 301/67/578
f 1698/67/1448 1695/267/1447 160/267/299
f 1700/54/329 1699/55/1449 515/55/987
f 1700/54/329 514/54/332 516/55/985
f 1701/47/334 1700/54/329 513/54/335
f 1700/54/329 1701/47/334 490/47/308
f 1701/47/334 489/47/309 267/48/992
f 1702/48/1450 268/48/991 490/47/308
f 1703/45/1451 1702/48/1450 267/48/992
f 1702/48/1450 1703/45/1451 266/45/1331
f 1704/46/304 1703/45/1451 265/45/1329
f 1703/45/1451 1704/46/304 492/46/339
f 1705/56/340 1704/46/304 491/46/341
f 1704/46/304 1705/56/340 512/56/308
f 1705/56/340 511/56/343 509/57/1006
f 1705/56/340 1706/57/1452 510/57/1007
f 1699/55/1449 1706/57/1452 509/57/1006
f 1706/57/1452 1699/55/1449 516/55/985
f 1707/5/1453 665/5/1454 669/5/1455
f 1708/5/1456 670/5/1457 666/5/1458
f 1709/4/1459 1708/5/1456 669/5/1455
f 1708/5/1456 1709/4/1459 694/4/1460
f 1710/4/1461 1709/4/1459 693/4/1462
f 1709/4/1459 1710/4/1461 696/4/1463
f 1710/4/1461 695/4/1464 665/5/1454
f 1707/5/1453 666/5/1458 696/4/1463
f 1711/9/1465 665/9/1454 671/6/1466
f 1712/6/1467 672/6/1468 666/9/1458
f 1712/6/1467 671/6/1466 667/6/1469
f 1713/6/1470 668/6/1471 672/6/1468
f 1714/9/1472 1713/6/1470 667/6/1469
f 1714/9/1472 670/9/1457 668/6/1471
f 1711/9/1465 1714/9/1472 669/9/1455
f 1714/9/1472 1711/9/1465 666/9/1458
f 1715/1/1473 681/1/1474 687/2/540
f 1716/2/1475 688/2/539 682/1/1476
f 1716/2/1475 687/2/540 685/2/538
f 1717/2/1477 686/2/536 688/2/539
f 1718/1/1478 1717/2/1477 685/2/538
f 1717/2/1477 1718/1/1478 684/1/1479
f 1715/1/1473 1718/1/1478 683/1/1480
f 1718/1/1478 1715/1/1473 682/1/1476
f 1719/8/1481 679/8/1027 677/8/1482
f 1720/8/1483 678/8/1484 680/8/1034
f 1721/7/1485 1720/8/1483 677/8/1482
f 1721/7/1485 676/7/1486 678/8/1484
f 1722/7/1487 1721/7/1485 675/7/1488
f 1721/7/1485 1722/7/1487 674/7/1028
f 1719/8/1481 1722/7/1487 673/7/1029
f 1719/8/1481 680/8/1034 674/7/1028
f 1723/7/1489 673/7/1029 675/7/1488
f 1724/7/1490 676/7/1486 674/7/1028
f 1725/6/1491 1724/7/1490 675/7/1488
f 1725/6/1491 668/6/1471 676/7/1486
f 1726/6/1492 1725/6/1491 667/6/1469
f 1725/6/1491 1726/6/1492 672/6/1468
f 1723/7/1489 1726/6/1492 671/6/1466
f 1723/7/1489 674/7/1028 672/6/1468
f 1727/3/1493 689/3/530 695/4/1464
f 1728/4/1494 696/4/1463 690/3/534
f 1728/4/1494 695/4/1464 693/4/1462
f 1729/4/1495 694/4/1460 696/4/1463
f 1730/3/1496 1729/4/1495 693/4/1462
f 1730/3/1496 692/3/533 694/4/1460
f 1727/3/1493 1730/3/1496 691/3/531
f 1730/3/1496 1727/3/1493 690/3/534
f 1731/1/1497 681/1/1474 683/1/1480
f 1732/1/1498 684/1/1479 682/1/1476
f 1732/1/1498 683/1/1480 677/8/1482
f 1732/1/1498 1733/8/1499 678/8/1484
f 1734/8/1500 1733/8/1499 677/8/1482
f 1733/8/1499 1734/8/1500 680/8/1034
f 1734/8/1500 679/8/1027 681/1/1474
f 1734/8/1500 1731/1/1497 682/1/1476
f 1735/6/1501 671/6/1466 703/6/947
f 1736/6/1502 704/6/952 672/6/1468
f 1737/7/1503 1736/6/1502 703/6/947
f 1736/6/1502 1737/7/1503 698/7/1032
f 1738/7/1504 1737/7/1503 697/7/1030
f 1737/7/1503 1738/7/1504 674/7/1028
f 1738/7/1504 673/7/1029 671/6/1466
f 1738/7/1504 1735/6/1501 672/6/1468
f 1740/5/1505 1739/5/1506 705/5/949
f 1739/5/1506 1740/5/1505 666/5/1458
f 1741/4/1507 1740/5/1505 665/5/1454
f 1741/4/1507 696/4/1463 666/5/1458
f 1741/4/1507 695/4/1464 711/4/1097
f 1742/4/1508 712/4/1096 696/4/1463
f 1742/4/1508 711/4/1097 705/5/949
f 1739/5/1506 706/5/948 712/4/1096
f 1743/1/1509 701/1/120 707/2/1107
f 1744/2/1510 708/2/1106 702/1/119
f 1745/2/1511 1744/2/1510 707/2/1107
f 1744/2/1510 1745/2/1511 688/2/539
f 1745/2/1511 687/2/540 681/1/1474
f 1745/2/1511 1746/1/1512 682/1/1476
f 1746/1/1512 681/1/1474 701/1/120
f 1743/1/1509 702/1/119 682/1/1476
f 1748/1/1513 1747/1/1514 701/1/120
f 1747/1/1514 1748/1/1513 682/1/1476
f 1748/1/1513 681/1/1474 679/8/1027
f 1749/8/1515 680/8/1034 682/1/1476
f 1749/8/1515 679/8/1027 699/8/121
f 1750/8/1516 700/8/123 680/8/1034
f 1750/8/1516 699/8/121 701/1/120
f 1747/1/1514 702/1/119 700/8/123
f 1752/48/1517 1751/2/1518 325/2/291
f 1751/2/1518 1752/48/1517 186/48/1298
f 1752/48/1517 185/48/1299 189/48/1297
f 1752/48/1517 1753/48/1519 190/48/1295
f 1754/2/1520 1753/48/1519 189/48/1297
f 1754/2/1520 328/2/292 190/48/1295
f 1751/2/1518 1754/2/1520 327/2/283
f 1751/2/1518 326/2/290 328/2/292
f 1756/9/1521 1755/6/1522 671/6/1466
f 1755/6/1522 1756/9/1521 666/9/1458
f 1756/9/1521 665/9/1454 705/9/949
f 1757/9/1523 706/9/948 666/9/1458
f 1757/9/1523 705/9/949 703/6/947
f 1757/9/1523 1758/6/1524 704/6/952
f 1755/6/1522 1758/6/1524 703/6/947
f 1758/6/1524 1755/6/1522 672/6/1468
f 1760/3/1525 1759/3/1526 709/3/1098
f 1759/3/1526 1760/3/1525 690/3/534
f 1760/3/1525 689/3/530 687/2/540
f 1760/3/1525 1761/2/1527 688/2/539
f 1761/2/1527 687/2/540 707/2/1107
f 1762/2/1528 708/2/1106 688/2/539
f 1759/3/1526 1762/2/1528 707/2/1107
f 1759/3/1526 710/3/1100 708/2/1106
f 1764/4/1529 1763/3/1530 709/3/1098
f 1764/4/1529 712/4/1096 710/3/1100
f 1765/4/1531 1764/4/1529 711/4/1097
f 1764/4/1529 1765/4/1531 696/4/1463
f 1765/4/1531 695/4/1464 689/3/530
f 1766/3/1532 690/3/534 696/4/1463
f 1766/3/1532 689/3/530 709/3/1098
f 1763/3/1530 710/3/1100 690/3/534
f 1768/87/1533 1767/88/1534 521/88/513
f 1767/88/1534 1768/87/1533 374/87/710
f 1769/77/1183 1768/87/1533 373/87/712
f 1769/77/1183 376/77/386 374/87/710
f 1769/77/1183 375/77/500 553/78/459
f 1769/77/1183 1770/78/1182 554/78/394
f 1767/88/1534 1770/78/1182 553/78/459
f 1767/88/1534 522/88/1044 554/78/394
f 1771/8/1535 699/8/121 697/7/1030
f 1772/7/1536 698/7/1032 700/8/123
f 1772/7/1536 697/7/1030 5/7/47
f 1773/7/1537 6/7/45 698/7/1032
f 1773/7/1537 5/7/47 15/8/41
f 1774/8/1538 16/8/43 6/7/45
f 1771/8/1535 1774/8/1538 15/8/41
f 1774/8/1538 1771/8/1535 700/8/123
f 1775/33/1539 133/33/225 53/33/136
f 1776/33/1540 54/33/138 134/33/224
f 1777/34/1541 1776/33/1540 53/33/136
f 1777/34/1541 56/34/135 54/33/138
f 1778/34/1542 1777/34/1541 55/34/133
f 1777/34/1541 1778/34/1542 142/34/228
f 1775/33/1539 1778/34/1542 141/34/226
f 1775/33/1539 134/33/224 142/34/228
f 1780/6/1543 1779/7/1544 697/7/1030
f 1779/7/1544 1780/6/1543 704/6/952
f 1780/6/1543 703/6/947 1/6/50
f 1781/6/1545 2/6/48 704/6/952
f 1782/7/1546 1781/6/1545 1/6/50
f 1781/6/1545 1782/7/1546 6/7/45
f 1779/7/1544 1782/7/1546 5/7/47
f 1782/7/1546 1779/7/1544 698/7/1032
f 1783/1/1547 19/1/29 21/2/27
f 1783/1/1547 1784/2/1548 22/2/25
f 1785/2/1549 1784/2/1548 21/2/27
f 1784/2/1548 1785/2/1549 708/2/1106
f 1786/1/1550 1785/2/1549 707/2/1107
f 1786/1/1550 702/1/119 708/2/1106
f 1786/1/1550 701/1/120 19/1/29
f 1783/1/1547 20/1/28 702/1/119
f 1788/264/1551 1787/265/1386 517/265/1011
f 1788/264/1551 368/264/700 518/265/1013
f 1789/85/1396 1788/264/1551 367/264/698
f 1789/85/1396 372/85/697 368/264/700
f 1790/86/1552 1789/85/1396 371/85/695
f 1789/85/1396 1790/86/1552 520/86/1012
f 1790/86/1552 519/86/1015 517/265/1011
f 1790/86/1552 1787/265/1386 518/265/1013
f 1792/68/472 1791/69/1553 247/69/567
f 1791/69/1553 1792/68/472 246/68/602
f 1793/268/478 1792/68/472 245/68/600
f 1792/68/472 1793/268/478 334/268/670
f 1793/268/478 333/268/671 307/269/570
f 1794/269/1448 308/269/568 334/268/670
f 1791/69/1553 1794/269/1448 307/269/570
f 1791/69/1553 248/69/565 308/269/568
f 1796/23/1136 1795/2/577 101/2/219
f 1795/2/577 1796/23/1136 108/23/216
f 1797/76/453 1796/23/1136 107/23/214
f 1796/23/1136 1797/76/453 266/76/1331
f 1798/4/1554 1797/76/453 265/76/1329
f 1797/76/453 1798/4/1554 268/4/991
f 1795/2/577 1798/4/1554 267/4/992
f 1798/4/1554 1795/2/577 102/2/218
f 1800/5/1555 1799/4/1556 29/4/18
f 1800/5/1555 12/5/16 30/4/20
f 1801/5/1557 1800/5/1555 11/5/17
f 1800/5/1555 1801/5/1557 706/5/948
f 1801/5/1557 705/5/949 711/4/1097
f 1801/5/1557 1802/4/1558 712/4/1096
f 1802/4/1558 711/4/1097 29/4/18
f 1799/4/1556 30/4/20 712/4/1096
f 1804/91/1559 1803/92/1560 539/92/525
f 1803/92/1560 1804/91/1559 350/91/523
f 1804/91/1559 349/91/524 353/264/683
f 1804/91/1559 1805/264/1561 354/264/684
f 1806/265/1562 1805/264/1561 353/264/683
f 1805/264/1561 1806/265/1562 550/265/1050
f 1803/92/1560 1806/265/1562 549/265/743
f 1803/92/1560 540/92/527 550/265/1050
f 713/1/1 23/2/3 714/2/4
f 713/1/1 24/2/5 18/1/30
f 714/2/4 27/3/6 715/3/7
f 714/2/4 28/3/8 24/2/5
f 716/4/9 27/3/6 31/4/12
f 716/4/9 28/3/8 715/3/7
f 717/5/11 31/4/12 13/5/15
f 717/5/11 32/4/10 716/4/9
f 718/5/14 13/5/15 11/5/17
f 718/5/14 14/5/13 717/5/11
f 718/5/14 29/4/18 719/4/19
f 718/5/14 30/4/20 12/5/16
f 720/3/21 29/4/18 25/3/24
f 719/4/19 26/3/22 30/4/20
f 721/2/23 25/3/24 21/2/27
f 720/3/21 22/2/25 26/3/22
f 722/1/26 21/2/27 19/1/29
f 722/1/26 22/2/25 721/2/23
f 722/1/26 17/1/2 713/1/1
f 722/1/26 18/1/30 20/1/28
f 723/6/31 3/7/33 724/7/34
f 723/6/31 4/7/35 10/6/52
f 725/8/36 3/7/33 7/8/39
f 724/7/34 8/8/37 4/7/35
f 726/1/38 7/8/39 17/1/2
f 726/1/38 8/8/37 725/8/36
f 727/1/40 17/1/2 19/1/29
f 727/1/40 18/1/30 726/1/38
f 727/1/40 15/8/41 728/8/42
f 727/1/40 16/8/43 20/1/28
f 729/7/44 15/8/41 5/7/47
f 729/7/44 16/8/43 728/8/42
f 730/6/46 5/7/47 1/6/50
f 729/7/44 2/6/48 6/7/45
f 731/9/49 1/6/50 11/9/17
f 731/9/49 2/6/48 730/6/46
f 731/9/49 13/9/15 732/9/51
f 731/9/49 14/9/13 12/9/16
f 732/9/51 9/6/32 723/6/31
f 732/9/51 10/6/52 14/9/13
f 733/5/53 13/5/15 734/5/55
f 734/5/55 36/5/56 733/5/53
f 734/5/55 31/4/12 735/4/57
f 734/5/55 32/4/10 14/5/13
f 736/4/58 31/4/12 33/4/60
f 735/4/57 34/4/59 32/4/10
f 736/4/58 35/5/54 733/5/53
f 736/4/58 36/5/56 34/4/59
f 738/8/61 7/8/39 45/8/65
f 737/8/62 46/8/63 8/8/37
f 739/1/64 45/8/65 43/1/67
f 739/1/64 46/8/63 738/8/61
f 739/1/64 17/1/2 740/1/68
f 740/1/68 44/1/66 739/1/64
f 740/1/68 7/8/39 737/8/62
f 740/1/68 8/8/37 18/1/30
f 742/7/69 3/7/33 47/7/72
f 741/7/70 48/7/71 4/7/35
f 742/7/69 45/8/65 743/8/73
f 743/8/73 48/7/71 742/7/69
f 743/8/73 7/8/39 744/8/74
f 744/8/74 46/8/63 743/8/73
f 741/7/70 7/8/39 3/7/33
f 741/7/70 8/8/37 744/8/74
f 745/10/75 529/11/77 746/11/78
f 745/10/75 530/11/79 360/10/86
f 747/12/80 529/11/77 531/12/83
f 746/11/78 532/12/81 530/11/79
f 748/13/82 531/12/83 361/13/85
f 747/12/80 362/13/84 532/12/81
f 745/10/75 361/13/85 359/10/76
f 745/10/75 362/13/84 748/13/82
f 749/7/87 3/7/33 750/7/88
f 750/7/88 48/7/71 749/7/87
f 750/7/88 9/6/32 751/6/89
f 750/7/88 10/6/52 4/7/35
f 752/6/90 9/6/32 41/6/92
f 751/6/89 42/6/91 10/6/52
f 749/7/87 41/6/92 47/7/72
f 752/6/90 48/7/71 42/6/91
f 754/9/93 41/6/92 35/9/54
f 754/9/93 42/6/91 753/6/94
f 754/9/93 33/4/60 755/4/95
f 754/9/93 34/4/59 36/9/56
f 756/3/96 33/4/60 37/3/99
f 756/3/96 34/4/59 755/4/95
f 757/2/98 37/3/99 39/2/102
f 756/3/96 40/2/100 38/3/97
f 758/1/101 39/2/102 43/1/67
f 757/2/98 44/1/66 40/2/100
f 759/8/103 43/1/67 45/8/65
f 758/1/101 46/8/63 44/1/66
f 759/8/103 47/7/72 760/7/104
f 759/8/103 48/7/71 46/8/63
f 760/7/104 41/6/92 753/6/94
f 753/6/94 48/7/71 760/7/104
f 762/1/105 17/1/2 43/1/67
f 761/1/106 44/1/66 18/1/30
f 763/2/107 43/1/67 39/2/102
f 763/2/107 44/1/66 762/1/105
f 763/2/107 23/2/3 764/2/108
f 764/2/108 40/2/100 763/2/107
f 761/1/106 23/2/3 17/1/2
f 761/1/106 24/2/5 764/2/108
f 765/6/109 9/6/32 766/6/110
f 766/6/110 42/6/91 765/6/109
f 767/9/111 9/6/32 13/9/15
f 767/9/111 10/6/52 766/6/110
f 768/9/112 13/9/15 35/9/54
f 767/9/111 36/9/56 14/9/13
f 768/9/112 41/6/92 765/6/109
f 765/6/109 36/9/56 768/9/112
f 770/3/113 27/3/6 37/3/99
f 769/3/114 38/3/97 28/3/8
f 771/4/115 37/3/99 33/4/60
f 771/4/115 38/3/97 770/3/113
f 771/4/115 31/4/12 772/4/116
f 772/4/116 34/4/59 771/4/115
f 772/4/116 27/3/6 769/3/114
f 769/3/114 32/4/10 772/4/116
f 774/1/117 19/1/29 701/1/120
f 773/1/118 702/1/119 20/1/28
f 774/1/117 699/8/121 775/8/122
f 774/1/117 700/8/123 702/1/119
f 775/8/122 15/8/41 776/8/124
f 776/8/124 700/8/123 775/8/122
f 773/1/118 15/8/41 19/1/29
f 776/8/124 20/1/28 16/8/43
f 778/14/125 49/15/127 57/14/130
f 777/15/126 58/14/128 50/15/148
f 779/16/129 57/14/130 51/16/132
f 779/16/129 58/14/128 778/14/125
f 779/16/129 55/17/133 780/17/134
f 779/16/129 56/17/135 52/16/131
f 780/17/134 53/18/136 781/18/137
f 780/17/134 54/18/138 56/17/135
f 782/19/139 53/18/136 63/19/141
f 781/18/137 64/19/140 54/18/138
f 782/19/139 59/20/142 783/20/143
f 783/20/143 64/19/140 782/19/139
f 783/20/143 61/21/145 784/21/146
f 783/20/143 62/21/147 60/20/144
f 777/15/126 61/21/145 49/15/127
f 777/15/126 62/21/147 784/21/146
f 786/8/149 71/2/151 65/8/154
f 785/2/150 66/8/152 72/2/172
f 787/22/153 65/8/154 75/22/156
f 786/8/149 76/22/155 66/8/152
f 787/22/153 77/23/157 788/23/158
f 788/23/158 76/22/155 787/22/153
f 789/24/160 77/23/157 79/24/162
f 788/23/158 80/24/161 78/23/159
f 789/24/160 67/25/163 790/25/164
f 789/24/160 68/25/165 80/24/161
f 791/26/166 67/25/163 69/26/169
f 790/25/164 70/26/167 68/25/165
f 792/27/168 69/26/169 73/27/171
f 792/27/168 70/26/167 791/26/166
f 785/2/150 73/27/171 71/2/151
f 792/27/168 72/2/172 74/27/170
f 793/28/173 277/28/175 794/28/176
f 794/28/176 280/28/178 793/28/173
f 795/28/179 277/28/175 473/28/182
f 794/28/176 474/28/180 278/28/177
f 796/28/181 473/28/182 475/28/184
f 795/28/179 476/28/183 474/28/180
f 796/28/181 279/28/174 793/28/173
f 793/28/173 476/28/183 796/28/181
f 798/3/185 635/2/187 639/3/189
f 797/2/186 640/3/188 636/2/196
f 798/3/185 637/3/190 799/3/191
f 799/3/191 640/3/188 798/3/185
f 800/2/193 637/3/190 633/2/195
f 799/3/191 634/2/194 638/3/192
f 797/2/186 633/2/195 635/2/187
f 800/2/193 636/2/196 634/2/194
f 802/29/197 97/8/199 103/29/201
f 801/8/198 104/29/200 98/8/220
f 802/29/197 99/30/202 803/30/203
f 802/29/197 100/30/204 104/29/200
f 804/31/205 99/30/202 105/31/208
f 803/30/203 106/31/206 100/30/204
f 805/32/207 105/31/208 111/32/211
f 805/32/207 106/31/206 804/31/205
f 806/22/210 111/32/211 109/22/213
f 805/32/207 110/22/212 112/32/209
f 806/22/210 107/23/214 807/23/215
f 807/23/215 110/22/212 806/22/210
f 808/2/217 107/23/214 101/2/219
f 807/23/215 102/2/218 108/23/216
f 801/8/198 101/2/219 97/8/199
f 808/2/217 98/8/220 102/2/218
f 810/33/221 131/33/223 133/33/225
f 809/33/222 134/33/224 132/33/232
f 810/33/221 141/34/226 811/34/227
f 810/33/221 142/34/228 134/33/224
f 811/34/227 143/34/229 812/34/230
f 812/34/230 142/34/228 811/34/227
f 812/34/230 131/33/223 809/33/222
f 809/33/222 144/34/231 812/34/230
f 813/35/233 129/35/235 814/35/236
f 814/35/236 126/35/238 813/35/233
f 815/36/239 129/35/235 115/36/242
f 814/35/236 116/36/240 130/35/237
f 816/36/241 115/36/242 121/36/244
f 815/36/239 122/36/243 116/36/240
f 816/36/241 125/35/234 813/35/233
f 816/36/241 126/35/238 122/36/243
f 817/37/245 131/37/223 818/37/246
f 818/37/246 134/37/224 817/37/245
f 819/35/247 131/37/223 129/35/235
f 818/37/246 130/35/237 132/37/232
f 820/35/248 129/35/235 125/35/234
f 819/35/247 126/35/238 130/35/237
f 817/37/245 125/35/234 133/37/225
f 817/37/245 126/35/238 820/35/248
f 822/38/249 137/38/251 139/38/253
f 821/38/250 140/38/252 138/38/260
f 822/38/249 127/39/254 823/39/255
f 822/38/249 128/39/256 140/38/252
f 823/39/255 135/39/257 824/39/258
f 824/39/258 128/39/256 823/39/255
f 821/38/250 135/39/257 137/38/251
f 824/39/258 138/38/260 136/39/259
f 826/34/261 143/34/229 141/34/226
f 825/34/262 142/34/228 144/34/231
f 827/38/263 141/34/226 139/38/253
f 826/34/261 140/38/252 142/34/228
f 827/38/263 137/38/251 828/38/264
f 828/38/264 140/38/252 827/38/263
f 825/34/262 137/38/251 143/34/229
f 825/34/262 138/38/260 828/38/264
f 830/40/265 119/40/267 123/40/270
f 829/40/266 124/40/268 120/40/276
f 831/41/269 123/40/270 113/41/272
f 831/41/269 124/40/268 830/40/265
f 831/41/269 117/41/273 832/41/274
f 832/41/274 114/41/271 831/41/269
f 829/40/266 117/41/273 119/40/267
f 832/41/274 120/40/276 118/41/275
f 834/36/277 113/41/272 121/36/244
f 834/36/277 114/41/271 833/41/278
f 834/36/277 115/36/242 835/36/279
f 835/36/279 122/36/243 834/36/277
f 835/36/279 117/41/273 836/41/280
f 836/41/280 116/36/240 835/36/279
f 833/41/278 117/41/273 113/41/272
f 836/41/280 114/41/271 118/41/275
f 838/23/281 327/2/283 323/23/286
f 837/2/282 324/23/284 328/2/292
f 839/23/285 323/23/286 321/23/289
f 839/23/285 324/23/284 838/23/281
f 840/2/288 321/23/289 325/2/291
f 839/23/285 326/2/290 322/23/287
f 840/2/288 327/2/283 837/2/282
f 840/2/288 328/2/292 326/2/290
f 842/42/293 149/43/295 155/42/298
f 841/43/294 156/42/296 150/43/316
f 843/44/297 155/42/298 159/44/300
f 843/44/297 156/42/296 842/42/293
f 843/44/297 157/45/301 844/45/302
f 844/45/302 160/44/299 843/44/297
f 845/46/304 157/45/301 145/46/307
f 844/45/302 146/46/305 158/45/303
f 846/47/306 145/46/307 147/47/309
f 845/46/304 148/47/308 146/46/305
f 846/47/306 151/48/310 847/48/311
f 847/48/311 148/47/308 846/47/306
f 847/48/311 153/49/313 848/49/314
f 847/48/311 154/49/315 152/48/312
f 848/49/314 149/43/295 841/43/294
f 848/49/314 150/43/316 154/49/315
f 850/50/317 395/51/319 399/50/322
f 850/50/317 396/51/321 849/51/318
f 850/50/317 607/52/323 851/52/324
f 850/50/317 608/52/325 400/50/320
f 851/52/324 609/53/326 852/53/327
f 851/52/324 610/53/328 608/52/325
f 849/51/318 609/53/326 395/51/319
f 852/53/327 396/51/321 610/53/328
f 854/54/329 173/55/331 175/54/335
f 854/54/329 174/55/333 853/55/330
f 855/47/334 175/54/335 169/47/309
f 854/54/329 170/47/336 176/54/332
f 855/47/334 171/48/337 856/48/311
f 856/48/311 170/47/336 855/47/334
f 857/45/302 171/48/337 179/45/301
f 856/48/311 180/45/303 172/48/338
f 858/46/304 179/45/301 181/46/341
f 857/45/302 182/46/339 180/45/303
f 859/56/340 181/46/341 183/56/343
f 858/46/304 184/56/342 182/46/339
f 859/56/340 177/57/344 860/57/345
f 859/56/340 178/57/346 184/56/342
f 853/55/330 177/57/344 173/55/331
f 860/57/345 174/55/333 178/57/346
f 862/28/347 81/28/349 87/28/351
f 861/28/348 88/28/350 82/28/358
f 862/28/347 83/28/352 863/28/353
f 863/28/353 88/28/350 862/28/347
f 863/28/353 85/28/355 864/28/356
f 864/28/356 84/28/354 863/28/353
f 861/28/348 85/28/355 81/28/349
f 864/28/356 82/28/358 86/28/357
f 866/28/359 661/28/361 271/28/363
f 865/28/360 272/28/362 662/28/370
f 866/28/359 269/28/364 867/28/365
f 867/28/365 272/28/362 866/28/359
f 867/28/365 493/28/367 868/28/368
f 868/28/368 270/28/366 867/28/365
f 865/28/360 493/28/367 661/28/361
f 868/28/368 662/28/370 494/28/369
f 869/28/371 495/28/373 870/28/374
f 870/28/374 664/28/376 869/28/371
f 870/28/374 275/28/377 871/28/378
f 871/28/378 496/28/375 870/28/374
f 872/28/380 275/28/377 273/28/382
f 871/28/378 274/28/381 276/28/379
f 869/28/371 273/28/382 663/28/372
f 872/28/380 664/28/376 274/28/381
f 874/58/383 423/59/385 579/58/388
f 873/59/384 580/58/386 424/59/394
f 875/60/387 579/58/388 583/60/391
f 875/60/387 580/58/386 874/58/383
f 876/61/390 583/60/391 425/61/393
f 876/61/390 584/60/389 875/60/387
f 876/61/390 423/59/385 873/59/384
f 876/61/390 424/59/394 426/61/392
f 877/62/395 587/63/397 878/63/398
f 877/62/395 588/63/399 430/62/406
f 879/64/400 587/63/397 589/64/403
f 879/64/400 588/63/399 878/63/398
f 880/65/402 589/64/403 431/65/405
f 879/64/400 432/65/404 590/64/401
f 880/65/402 429/62/396 877/62/395
f 880/65/402 430/62/406 432/65/404
f 882/66/407 299/67/409 341/66/411
f 881/67/408 342/66/410 300/67/418
f 882/66/407 251/68/412 883/68/413
f 882/66/407 252/68/414 342/66/410
f 883/68/413 249/69/415 884/69/416
f 884/69/416 252/68/414 883/68/413
f 881/67/408 249/69/415 299/67/409
f 884/69/416 300/67/418 250/69/417
f 885/28/419 195/28/421 886/28/422
f 886/28/422 198/28/424 885/28/419
f 886/28/422 493/28/367 887/28/425
f 887/28/425 196/28/423 886/28/422
f 887/28/425 269/28/364 888/28/426
f 888/28/426 494/28/369 887/28/425
f 885/28/419 269/28/364 197/28/420
f 888/28/426 198/28/424 270/28/366
f 890/70/427 237/71/429 243/70/433
f 890/70/427 238/71/431 889/71/428
f 891/70/432 243/70/433 239/70/436
f 890/70/427 240/70/434 244/70/430
f 892/72/435 239/70/436 241/72/438
f 891/70/432 242/72/437 240/70/434
f 892/72/435 237/71/429 889/71/428
f 889/71/428 242/72/437 892/72/435
f 893/73/439 329/73/441 894/73/442
f 894/73/442 450/73/444 893/73/439
f 894/73/442 309/74/445 895/74/446
f 894/73/442 310/74/447 330/73/443
f 896/75/448 309/74/445 303/75/450
f 895/74/446 304/75/449 310/74/447
f 893/73/439 303/75/450 449/73/440
f 896/75/448 450/73/444 304/75/449
f 898/23/451 95/2/219 91/23/454
f 897/2/452 92/23/216 96/2/218
f 899/76/453 91/23/454 285/76/456
f 898/23/451 286/76/303 92/23/216
f 900/4/455 285/76/456 287/4/458
f 899/76/453 288/4/457 286/76/303
f 897/2/452 287/4/458 95/2/219
f 900/4/455 96/2/218 288/4/457
f 902/77/383 555/78/459 385/77/462
f 901/78/384 386/77/460 556/78/394
f 903/79/461 385/77/462 387/79/465
f 903/79/461 386/77/460 902/77/383
f 904/80/464 387/79/465 557/80/467
f 903/79/461 558/80/466 388/79/463
f 904/80/464 555/78/459 901/78/384
f 904/80/464 556/78/394 558/80/466
f 905/39/468 57/39/130 906/39/469
f 906/39/469 128/39/256 905/39/468
f 907/40/470 57/39/130 49/40/127
f 907/40/470 58/39/128 906/39/469
f 908/40/471 49/40/127 123/40/270
f 907/40/470 124/40/268 50/40/148
f 905/39/468 123/40/270 127/39/254
f 908/40/471 128/39/256 124/40/268
f 909/81/472 253/82/313 910/82/474
f 910/82/474 256/81/475 909/81/472
f 911/83/476 253/82/313 289/83/479
f 911/83/476 254/82/315 910/82/474
f 912/84/478 289/83/479 335/84/481
f 911/83/476 336/84/480 290/83/477
f 909/81/472 335/84/481 255/81/473
f 909/81/472 336/84/480 912/84/478
f 913/28/482 207/28/483 914/28/484
f 913/28/482 208/28/485 276/28/379
f 915/28/486 207/28/483 201/28/488
f 915/28/486 208/28/485 914/28/484
f 915/28/486 273/28/382 916/28/489
f 915/28/486 274/28/381 202/28/487
f 916/28/489 275/28/377 913/28/482
f 916/28/489 276/28/379 274/28/381
f 917/28/490 203/28/492 918/28/493
f 917/28/490 204/28/494 206/28/497
f 919/28/495 203/28/492 495/28/373
f 919/28/495 204/28/494 918/28/493
f 920/28/496 495/28/373 663/28/372
f 920/28/496 496/28/375 919/28/495
f 917/28/490 663/28/372 205/28/491
f 917/28/490 664/28/376 920/28/496
f 922/77/498 553/78/459 375/77/500
f 921/78/499 376/77/386 554/78/394
f 922/77/498 377/79/501 923/79/387
f 923/79/387 376/77/386 922/77/498
f 924/80/464 377/79/501 551/80/504
f 923/79/387 552/80/503 378/79/502
f 924/80/464 553/78/459 921/78/499
f 924/80/464 554/78/394 552/80/503
f 926/85/505 547/86/507 383/85/509
f 925/86/506 384/85/508 548/86/516
f 926/85/505 379/87/510 927/87/511
f 926/85/505 380/87/512 384/85/508
f 927/87/511 543/88/513 928/88/514
f 927/87/511 544/88/515 380/87/512
f 925/86/506 543/88/513 547/86/507
f 925/86/506 544/88/515 928/88/514
f 930/89/517 533/90/519 345/89/522
f 929/90/518 346/89/520 534/90/528
f 931/91/521 345/89/522 349/91/524
f 931/91/521 346/89/520 930/89/517
f 931/91/521 539/92/525 932/92/526
f 931/91/521 540/92/527 350/91/523
f 932/92/526 533/90/519 929/90/518
f 932/92/526 534/90/528 540/92/527
f 933/3/529 691/3/531 934/3/532
f 934/3/532 690/3/534 933/3/529
f 935/2/535 691/3/531 685/2/538
f 934/3/532 686/2/536 692/3/533
f 936/2/537 685/2/538 687/2/540
f 935/2/535 688/2/539 686/2/536
f 933/3/529 687/2/540 689/3/530
f 933/3/529 688/2/539 936/2/537
f 938/93/541 291/2/543 289/93/479
f 937/2/542 290/93/477 292/2/218
f 939/94/544 289/93/479 253/94/313
f 939/94/544 290/93/477 938/93/541
f 939/94/544 257/95/545 940/95/546
f 939/94/544 258/95/547 254/94/315
f 941/96/548 257/95/545 295/96/550
f 941/96/548 258/95/547 940/95/546
f 941/96/548 229/97/551 942/97/552
f 941/96/548 230/97/553 296/96/549
f 943/97/554 229/97/551 233/97/557
f 943/97/554 230/97/553 942/97/552
f 944/98/556 233/97/557 311/98/559
f 944/98/556 234/97/555 943/97/554
f 944/98/556 293/98/560 945/98/561
f 944/98/556 294/98/418 312/98/558
f 937/2/542 293/98/560 291/2/543
f 937/2/542 294/98/418 945/98/561
f 946/99/562 249/100/415 947/100/563
f 947/100/563 300/99/418 946/99/562
f 948/101/564 249/100/415 247/101/567
f 948/101/564 250/100/417 947/100/563
f 949/102/566 247/101/567 307/102/570
f 949/102/566 248/101/565 948/101/564
f 950/23/569 307/102/570 305/23/571
f 950/23/569 308/102/568 949/102/566
f 950/23/569 303/74/450 951/74/572
f 950/23/569 304/74/449 306/23/216
f 952/74/573 303/74/450 309/74/445
f 952/74/573 304/74/449 951/74/572
f 953/71/574 309/74/445 237/71/429
f 953/71/574 310/74/447 952/74/573
f 953/71/574 241/71/438 954/71/575
f 953/71/574 242/71/437 238/71/431
f 955/76/576 241/71/438 157/76/301
f 955/76/576 242/71/437 954/71/575
f 956/103/455 157/76/301 159/103/300
f 955/76/576 160/103/299 158/76/303
f 957/104/577 159/103/300 301/104/578
f 956/103/455 302/104/568 160/103/299
f 957/104/577 299/99/409 946/99/562
f 957/104/577 300/99/418 302/104/568
f 959/39/579 135/39/257 127/39/254
f 958/39/580 128/39/256 136/39/259
f 960/40/581 127/39/254 123/40/270
f 959/39/579 124/40/268 128/39/256
f 960/40/581 119/40/267 961/40/582
f 961/40/582 124/40/268 960/40/581
f 958/39/580 119/40/267 135/39/257
f 961/40/582 136/39/259 120/40/276
f 962/10/583 527/11/77 963/11/584
f 962/10/583 528/11/79 358/10/589
f 963/11/584 535/12/83 964/12/585
f 963/11/584 536/12/586 528/11/79
f 965/13/587 535/12/83 355/13/588
f 965/13/587 536/12/586 964/12/585
f 962/10/583 355/13/588 357/10/76
f 965/13/587 358/10/589 356/13/84
f 967/3/590 137/38/251 649/3/594
f 966/38/591 650/3/592 138/38/260
f 968/4/593 649/3/594 645/4/596
f 968/4/593 650/3/592 967/3/590
f 968/4/593 143/34/229 969/34/597
f 969/34/597 646/4/595 968/4/593
f 969/34/597 137/38/251 966/38/591
f 969/34/597 138/38/260 144/34/231
f 971/68/598 249/69/415 251/68/412
f 970/69/599 252/68/414 250/69/417
f 971/68/598 245/68/600 972/68/601
f 972/68/601 252/68/414 971/68/598
f 972/68/601 247/69/567 973/69/603
f 973/69/603 246/68/602 972/68/601
f 970/69/599 247/69/567 249/69/415
f 973/69/603 250/69/417 248/69/565
f 975/105/604 561/106/606 391/105/608
f 974/106/605 392/105/607 562/106/609
f 976/107/400 391/105/608 393/107/403
f 976/107/400 392/105/607 975/105/604
f 976/107/400 563/108/405 977/108/402
f 976/107/400 564/108/404 394/107/401
f 977/108/402 561/106/606 974/106/605
f 977/108/402 562/106/609 564/108/404
f 978/23/610 323/23/286 979/23/611
f 978/23/610 324/23/284 322/23/287
f 980/39/612 323/23/286 191/39/615
f 979/23/611 192/39/613 324/23/284
f 981/39/614 191/39/615 187/39/617
f 981/39/614 192/39/613 980/39/612
f 978/23/610 187/39/617 321/23/289
f 978/23/610 188/39/616 981/39/614
f 983/107/618 537/108/620 347/107/622
f 982/108/619 348/107/621 538/108/625
f 983/107/618 355/13/588 984/13/623
f 983/107/618 356/13/84 348/107/621
f 985/12/624 355/13/588 535/12/83
f 984/13/623 536/12/586 356/13/84
f 982/108/619 535/12/83 537/108/620
f 982/108/619 536/12/586 985/12/624
f 987/109/626 603/110/76 435/109/629
f 987/109/626 604/110/86 986/110/627
f 987/109/626 433/111/83 988/111/80
f 987/109/626 434/111/81 436/109/628
f 988/111/80 591/112/85 989/112/82
f 988/111/80 592/112/84 434/111/81
f 989/112/82 603/110/76 986/110/627
f 989/112/82 604/110/86 592/112/84
f 990/57/630 183/56/343 991/56/631
f 991/56/631 178/57/346 990/57/630
f 992/32/632 183/56/343 501/32/635
f 991/56/631 502/32/633 184/56/342
f 993/31/634 501/32/635 503/31/637
f 992/32/632 504/31/636 502/32/633
f 990/57/630 503/31/637 177/57/344
f 993/31/634 178/57/346 504/31/636
f 994/65/638 589/64/403 995/64/639
f 994/65/638 590/64/401 432/65/404
f 995/64/639 591/112/85 996/112/640
f 995/64/639 592/112/84 590/64/401
f 997/111/624 591/112/85 433/111/83
f 996/112/640 434/111/81 592/112/84
f 994/65/638 433/111/83 431/65/405
f 994/65/638 434/111/81 997/111/624
f 998/8/641 631/1/643 999/1/644
f 999/1/644 620/8/646 998/8/641
f 999/1/644 623/1/647 1000/1/648
f 1000/1/648 632/1/645 999/1/644
f 1001/8/650 623/1/647 617/8/652
f 1000/1/648 618/8/651 624/1/649
f 998/8/641 617/8/652 619/8/642
f 1001/8/650 620/8/646 618/8/651
f 1003/113/653 339/114/655 155/113/298
f 1003/113/653 340/114/656 1002/114/654
f 1004/115/657 155/113/298 149/115/295
f 1003/113/653 150/115/316 156/113/296
f 1004/115/657 337/116/658 1005/116/659
f 1004/115/657 338/116/660 150/115/316
f 1006/116/661 337/116/658 343/116/664
f 1006/116/661 338/116/660 1005/116/659
f 1007/117/663 343/116/664 259/117/666
f 1006/116/661 260/117/665 344/116/662
f 1007/117/663 255/117/473 1008/117/667
f 1007/117/663 256/117/475 260/117/665
f 1009/118/668 255/117/473 335/118/481
f 1009/118/668 256/117/475 1008/117/667
f 1010/119/669 335/118/481 333/119/671
f 1009/118/668 334/119/670 336/118/480
f 1010/119/669 245/120/600 1011/120/672
f 1010/119/669 246/120/602 334/119/670
f 1012/120/673 245/120/600 251/120/412
f 1012/120/673 246/120/602 1011/120/672
f 1013/114/674 251/120/412 341/114/411
f 1012/120/673 342/114/410 252/120/414
f 1013/114/674 339/114/655 1002/114/654
f 1013/114/674 340/114/656 342/114/410
f 1014/121/675 297/122/676 1015/122/677
f 1015/122/677 338/121/660 1014/121/675
f 1016/122/679 297/122/676 295/122/550
f 1015/122/677 296/122/549 298/122/678
f 1017/121/680 295/122/550 343/121/664
f 1016/122/679 344/121/662 296/122/549
f 1017/121/680 337/121/658 1014/121/675
f 1014/121/675 344/121/662 1017/121/680
f 1019/123/681 353/124/683 349/123/524
f 1019/123/681 354/124/684 1018/124/682
f 1019/123/681 347/125/622 1020/125/685
f 1019/123/681 348/125/621 350/123/523
f 1020/125/685 351/126/686 1021/126/687
f 1020/125/685 352/126/688 348/125/621
f 1022/127/689 351/126/686 381/127/692
f 1022/127/689 352/126/688 1021/126/687
f 1023/128/691 381/127/692 383/128/509
f 1022/127/689 384/128/508 382/127/690
f 1023/128/691 353/124/683 1018/124/682
f 1023/128/691 354/124/684 384/128/508
f 1024/47/693 371/129/695 1025/129/696
f 1024/47/693 372/129/697 370/47/707
f 1025/129/696 367/130/698 1026/130/699
f 1025/129/696 368/130/700 372/129/697
f 1027/131/701 367/130/698 365/131/704
f 1027/131/701 368/130/700 1026/130/699
f 1028/48/703 365/131/704 315/48/706
f 1028/48/703 366/131/702 1027/131/701
f 1024/47/693 315/48/706 369/47/694
f 1024/47/693 316/48/705 1028/48/703
f 1030/132/708 375/133/500 373/132/712
f 1030/132/708 376/133/386 1029/133/709
f 1031/129/711 373/132/712 371/129/695
f 1031/129/711 374/132/710 1030/132/708
f 1032/47/713 371/129/695 369/47/694
f 1031/129/711 370/47/707 372/129/697
f 1033/8/714 369/47/694 65/8/154
f 1033/8/714 370/47/707 1032/47/713
f 1033/8/714 389/134/715 1034/134/716
f 1034/134/716 66/8/152 1033/8/714
f 1034/134/716 387/135/465 1035/135/718
f 1034/134/716 388/135/463 390/134/717
f 1036/136/719 387/135/465 385/136/462
f 1036/136/719 388/135/463 1035/135/718
f 1037/137/720 385/136/462 379/137/510
f 1037/137/720 386/136/460 1036/136/719
f 1038/128/721 379/137/510 383/128/509
f 1038/128/721 380/137/512 1037/137/720
f 1039/127/722 383/128/509 381/127/692
f 1038/128/721 382/127/690 384/128/508
f 1039/127/722 377/138/501 1040/138/723
f 1039/127/722 378/138/502 382/127/690
f 1040/138/723 375/133/500 1029/133/709
f 1040/138/723 376/133/386 378/138/502
f 1042/134/724 391/139/608 389/134/715
f 1042/134/724 392/139/607 1041/139/725
f 1043/8/726 389/134/715 65/8/154
f 1043/8/726 390/134/717 1042/134/724
f 1043/8/726 71/2/151 1044/2/727
f 1043/8/726 72/2/172 66/8/152
f 1044/2/727 393/140/403 1045/140/728
f 1045/140/728 72/2/172 1044/2/727
f 1045/140/728 391/139/608 1041/139/725
f 1045/140/728 392/139/607 394/140/401
f 1047/125/729 355/141/588 347/125/622
f 1047/125/729 356/141/84 1046/141/730
f 1048/123/731 347/125/622 349/123/524
f 1047/125/729 350/123/523 348/125/621
f 1048/123/731 345/142/522 1049/142/732
f 1048/123/731 346/142/520 350/123/523
f 1050/143/733 345/142/522 359/143/76
f 1049/142/732 360/143/86 346/142/520
f 1051/144/734 359/143/76 361/144/85
f 1050/143/733 362/144/84 360/143/86
f 1052/140/735 361/144/85 393/140/403
f 1052/140/735 362/144/84 1051/144/734
f 1053/2/736 393/140/403 71/2/151
f 1053/2/736 394/140/401 1052/140/735
f 1053/2/736 315/48/706 1054/48/737
f 1053/2/736 316/48/705 72/2/172
f 1054/48/737 365/131/704 1055/131/738
f 1054/48/737 366/131/702 316/48/705
f 1055/131/738 363/145/522 1056/145/739
f 1055/131/738 364/145/740 366/131/702
f 1057/146/733 363/145/522 357/146/76
f 1056/145/739 358/146/589 364/145/740
f 1046/141/730 357/146/76 355/141/588
f 1046/141/730 358/146/589 1057/146/733
f 1059/147/741 421/148/743 417/147/747
f 1059/147/741 422/148/745 1058/148/742
f 1060/149/746 417/147/747 415/149/749
f 1059/147/741 416/149/748 418/147/744
f 1060/149/746 419/150/750 1061/150/751
f 1060/149/746 420/150/752 416/149/748
f 1062/151/753 419/150/750 441/151/620
f 1062/151/753 420/150/752 1061/150/751
f 1063/152/755 441/151/620 443/152/756
f 1062/151/753 444/152/527 442/151/754
f 1063/152/755 421/148/743 1058/148/742
f 1063/152/755 422/148/745 444/152/527
f 1064/41/757 405/153/759 1065/153/760
f 1065/153/760 398/41/762 1064/41/757
f 1065/153/760 407/154/763 1066/154/764
f 1065/153/760 408/154/765 406/153/761
f 1066/154/764 409/155/766 1067/155/767
f 1067/155/767 408/154/765 1066/154/764
f 1068/156/768 409/155/766 411/156/504
f 1068/156/768 410/155/394 1067/155/767
f 1069/149/769 411/156/504 415/149/749
f 1069/149/769 412/156/503 1068/156/768
f 1070/147/770 415/149/749 417/147/747
f 1070/147/770 416/149/748 1069/149/769
f 1070/147/770 413/157/771 1071/157/772
f 1070/147/770 414/157/515 418/147/744
f 1072/158/773 413/157/771 423/158/385
f 1071/157/772 424/158/394 414/157/515
f 1073/159/774 423/158/385 425/159/393
f 1072/158/773 426/159/392 424/158/394
f 1074/160/775 425/159/393 427/160/778
f 1074/160/775 426/159/392 1073/159/774
f 1075/22/777 427/160/778 75/22/156
f 1074/160/775 76/22/155 428/160/776
f 1075/22/777 397/41/758 1064/41/757
f 1075/22/777 398/41/762 76/22/155
f 1076/160/779 429/161/396 1077/161/780
f 1076/160/779 430/161/406 428/160/776
f 1078/162/781 429/161/396 431/162/405
f 1078/162/781 430/161/406 1077/161/780
f 1079/23/782 431/162/405 77/23/157
f 1078/162/781 78/23/159 432/162/404
f 1080/22/783 77/23/157 75/22/156
f 1080/22/783 78/23/159 1079/23/782
f 1080/22/783 427/160/778 1076/160/779
f 1080/22/783 428/160/776 76/22/155
f 1081/23/784 431/162/405 1082/162/785
f 1081/23/784 432/162/404 78/23/159
f 1082/162/785 433/163/83 1083/163/786
f 1082/162/785 434/163/81 432/162/404
f 1084/164/787 433/163/83 435/164/629
f 1083/163/786 436/164/628 434/163/81
f 1085/165/788 435/164/629 437/165/790
f 1085/165/788 436/164/628 1084/164/787
f 1086/152/789 437/165/790 443/152/756
f 1086/152/789 438/165/528 1085/165/788
f 1087/151/791 443/152/756 441/151/620
f 1086/152/789 442/151/754 444/152/527
f 1087/151/791 439/166/792 1088/166/793
f 1087/151/791 440/166/81 442/151/754
f 1089/167/794 439/166/792 403/167/629
f 1088/166/793 404/167/795 440/166/81
f 1090/168/796 403/167/629 401/168/799
f 1090/168/796 404/167/795 1089/167/794
f 1091/169/798 401/168/799 399/169/322
f 1091/169/798 402/168/797 1090/168/796
f 1092/39/800 399/169/322 317/39/802
f 1092/39/800 400/169/320 1091/169/798
f 1081/23/784 317/39/802 77/23/157
f 1081/23/784 318/39/801 1092/39/800
f 1094/153/803 395/170/319 405/153/759
f 1094/153/803 396/170/321 1093/170/804
f 1095/41/805 405/153/759 397/41/758
f 1095/41/805 406/153/761 1094/153/803
f 1095/41/805 317/39/802 1096/39/806
f 1095/41/805 318/39/801 398/41/762
f 1096/39/806 399/169/322 1097/169/807
f 1096/39/806 400/169/320 318/39/801
f 1097/169/807 395/170/319 1093/170/804
f 1097/169/807 396/170/321 400/169/320
f 1099/72/416 157/39/301 241/72/438
f 1098/39/808 242/72/437 158/39/303
f 1099/72/416 239/70/436 1100/70/809
f 1099/72/416 240/70/434 242/72/437
f 1101/73/810 239/70/436 449/73/440
f 1100/70/809 450/73/444 240/70/434
f 1102/75/811 449/73/440 303/75/450
f 1102/75/811 450/73/444 1101/73/810
f 1102/75/811 305/23/571 1103/23/812
f 1103/23/812 304/75/449 1102/75/811
f 1104/22/813 305/23/571 451/22/815
f 1103/23/812 452/22/814 306/23/216
f 1104/22/813 145/41/307 1105/41/816
f 1105/41/816 452/22/814 1104/22/813
f 1105/41/816 157/39/301 1098/39/808
f 1098/39/808 146/41/305 1105/41/816
f 1106/171/817 605/172/818 1107/172/819
f 1107/172/819 402/171/797 1106/171/817
f 1108/52/821 605/172/818 607/52/323
f 1107/172/819 608/52/325 606/172/820
f 1109/50/822 607/52/323 399/50/322
f 1108/52/821 400/50/320 608/52/325
f 1109/50/822 401/171/799 1106/171/817
f 1109/50/822 402/171/797 400/50/320
f 1110/8/823 291/2/543 1111/2/825
f 1111/2/825 448/8/633 1110/8/823
f 1112/173/811 291/2/543 293/173/560
f 1111/2/825 294/173/418 292/2/218
f 1112/173/811 445/174/826 1113/174/827
f 1112/173/811 446/174/828 294/173/418
f 1113/174/827 231/175/829 1114/175/830
f 1114/175/830 446/174/828 1113/174/827
f 1115/176/832 231/175/829 229/176/551
f 1115/176/832 232/175/831 1114/175/830
f 1115/176/832 151/48/310 1116/48/833
f 1116/48/833 230/176/553 1115/176/832
f 1117/47/834 151/48/310 147/47/309
f 1116/48/833 148/47/308 152/48/312
f 1110/8/823 147/47/309 447/8/824
f 1117/47/834 448/8/633 148/47/308
f 1119/8/835 481/47/837 93/8/839
f 1118/47/836 94/8/838 482/47/842
f 1119/8/835 95/2/219 1120/2/840
f 1120/2/840 94/8/838 1119/8/835
f 1121/48/841 95/2/219 287/48/458
f 1120/2/840 288/48/457 96/2/218
f 1118/47/836 287/48/458 481/47/837
f 1121/48/841 482/47/842 288/48/457
f 1123/177/843 545/178/845 381/177/692
f 1123/177/843 546/178/846 1122/178/844
f 1123/177/843 351/105/686 1124/105/847
f 1123/177/843 352/105/688 382/177/690
f 1125/106/848 351/105/686 541/106/850
f 1125/106/848 352/105/688 1124/105/847
f 1122/178/844 541/106/850 545/178/845
f 1122/178/844 542/106/849 1125/106/848
f 1126/1/851 217/8/853 1127/8/854
f 1126/1/851 218/8/855 214/1/880
f 1128/8/856 217/8/853 223/8/859
f 1128/8/856 218/8/855 1127/8/854
f 1129/8/858 223/8/859 227/8/862
f 1128/8/856 228/8/860 224/8/857
f 1130/47/861 227/8/862 461/47/864
f 1129/8/858 462/47/863 228/8/860
f 1130/47/861 459/47/865 1131/47/866
f 1131/47/866 462/47/863 1130/47/861
f 1131/47/866 457/47/868 1132/47/869
f 1131/47/866 458/47/870 460/47/867
f 1133/179/871 457/47/868 455/179/874
f 1133/179/871 458/47/870 1132/47/869
f 1134/48/873 455/179/874 453/48/877
f 1133/179/871 454/48/875 456/179/872
f 1135/2/876 453/48/877 215/2/879
f 1134/48/873 216/2/878 454/48/875
f 1135/2/876 213/1/852 1126/1/851
f 1126/1/851 216/2/878 1135/2/876
f 1136/50/881 597/52/882 1137/52/883
f 1136/50/881 598/52/884 444/50/527
f 1137/52/883 577/53/683 1138/53/885
f 1137/52/883 578/53/886 598/52/884
f 1139/51/887 577/53/683 421/51/743
f 1138/53/885 422/51/745 578/53/886
f 1136/50/881 421/51/743 443/50/756
f 1136/50/881 422/51/745 1139/51/887
f 1141/8/888 95/2/219 93/8/839
f 1140/2/889 94/8/838 96/2/218
f 1142/22/890 93/8/839 89/22/815
f 1141/8/888 90/22/891 94/8/838
f 1142/22/890 91/23/454 1143/23/892
f 1143/23/892 90/22/891 1142/22/890
f 1143/23/892 95/2/219 1140/2/889
f 1140/2/889 92/23/216 1143/23/892
f 1145/23/893 211/180/895 209/23/898
f 1144/180/894 210/23/896 212/180/922
f 1146/39/897 209/23/898 463/39/900
f 1145/23/893 464/39/899 210/23/896
f 1146/39/897 465/40/901 1147/40/902
f 1147/40/902 464/39/899 1146/39/897
f 1147/40/902 467/41/904 1148/41/905
f 1147/40/902 468/41/906 466/40/903
f 1149/41/907 467/41/904 469/41/910
f 1149/41/907 468/41/906 1148/41/905
f 1150/41/909 469/41/910 471/41/913
f 1149/41/907 472/41/911 470/41/908
f 1151/22/912 471/41/913 225/22/915
f 1150/41/909 226/22/914 472/41/911
f 1151/22/912 221/22/916 1152/22/917
f 1152/22/917 226/22/914 1151/22/912
f 1152/22/917 219/22/919 1153/22/920
f 1152/22/917 220/22/921 222/22/918
f 1144/180/894 219/22/919 211/180/895
f 1144/180/894 220/22/921 1153/22/920
f 1155/2/923 213/1/852 215/2/879
f 1154/1/924 216/2/878 214/1/880
f 1156/23/925 215/2/879 209/23/898
f 1155/2/923 210/23/896 216/2/878
f 1156/23/925 211/180/895 1157/180/926
f 1157/180/926 210/23/896 1156/23/925
f 1154/1/924 211/180/895 213/1/852
f 1157/180/926 214/1/880 212/180/922
f 1159/60/927 425/61/393 583/60/391
f 1158/61/928 584/60/389 426/61/392
f 1160/181/929 583/60/391 585/181/932
f 1160/181/929 584/60/389 1159/60/927
f 1161/182/931 585/181/932 427/182/778
f 1160/181/929 428/182/776 586/181/930
f 1161/182/931 425/61/393 1158/61/928
f 1161/182/931 426/61/392 428/182/776
f 1162/6/933 629/9/935 1163/9/936
f 1162/6/933 630/9/937 626/6/944
f 1164/9/938 629/9/935 627/9/941
f 1163/9/936 628/9/939 630/9/937
f 1165/6/940 627/9/941 621/6/943
f 1164/9/938 622/6/942 628/9/939
f 1165/6/940 625/6/934 1162/6/933
f 1162/6/933 622/6/942 1165/6/940
f 1167/9/945 703/6/947 705/9/949
f 1166/6/946 706/9/948 704/6/952
f 1167/9/945 11/9/17 1168/9/950
f 1168/9/950 706/9/948 1167/9/945
f 1168/9/950 1/6/50 1169/6/951
f 1169/6/951 12/9/16 1168/9/950
f 1166/6/946 1/6/50 703/6/947
f 1169/6/951 704/6/952 2/6/48
f 1171/28/953 475/28/184 81/28/349
f 1171/28/953 476/28/183 1170/28/954
f 1171/28/953 85/28/355 1172/28/955
f 1172/28/955 82/28/358 1171/28/953
f 1173/28/956 85/28/355 279/28/174
f 1172/28/955 280/28/178 86/28/357
f 1170/28/954 279/28/174 475/28/184
f 1173/28/956 476/28/183 280/28/178
f 1174/28/957 661/28/361 1175/28/959
f 1174/28/957 662/28/370 200/28/962
f 1175/28/959 493/28/367 1176/28/960
f 1175/28/959 494/28/369 662/28/370
f 1176/28/960 195/28/421 1177/28/961
f 1176/28/960 196/28/423 494/28/369
f 1174/28/957 195/28/421 199/28/958
f 1174/28/957 196/28/423 1177/28/961
f 1179/55/963 175/54/335 173/55/331
f 1178/54/964 174/55/333 176/54/332
f 1180/30/965 173/55/331 505/30/966
f 1180/30/965 174/55/333 1179/55/963
f 1180/30/965 507/29/201 1181/29/967
f 1181/29/967 506/30/204 1180/30/965
f 1178/54/964 507/29/201 175/54/335
f 1181/29/967 176/54/332 508/29/200
f 1183/8/968 165/47/837 477/8/824
f 1182/47/969 478/8/633 166/47/972
f 1183/8/968 281/2/219 1184/2/970
f 1184/2/970 478/8/633 1183/8/968
f 1185/48/841 281/2/219 161/48/971
f 1185/48/841 282/2/218 1184/2/970
f 1182/47/969 161/48/971 165/47/837
f 1185/48/841 166/47/972 162/48/338
f 1187/23/812 285/39/456 91/23/454
f 1186/39/973 92/23/216 286/39/303
f 1188/22/974 91/23/454 89/22/815
f 1187/23/812 90/22/891 92/23/216
f 1189/41/975 89/22/815 483/41/977
f 1188/22/974 484/41/976 90/22/891
f 1189/41/975 285/39/456 1186/39/973
f 1186/39/973 484/41/976 1189/41/975
f 1191/87/978 543/88/513 379/87/510
f 1190/88/979 380/87/512 544/88/515
f 1191/87/978 385/77/462 1192/77/980
f 1191/87/978 386/77/460 380/87/512
f 1192/77/980 555/78/459 1193/78/981
f 1192/77/980 556/78/394 386/77/460
f 1190/88/979 555/78/459 543/88/513
f 1193/78/981 544/88/515 556/78/394
f 1195/8/982 169/47/309 485/8/824
f 1194/47/834 486/8/220 170/47/336
f 1195/8/982 261/2/543 1196/2/825
f 1196/2/825 486/8/220 1195/8/982
f 1197/48/983 261/2/543 171/48/337
f 1196/2/825 172/48/338 262/2/218
f 1194/47/834 171/48/337 169/47/309
f 1197/48/983 170/47/336 172/48/338
f 1199/55/984 513/54/335 515/55/987
f 1198/54/964 516/55/985 514/54/332
f 1200/30/986 515/55/987 99/30/202
f 1199/55/984 100/30/204 516/55/985
f 1200/30/986 103/29/201 1201/29/967
f 1201/29/967 100/30/204 1200/30/986
f 1198/54/964 103/29/201 513/54/335
f 1201/29/967 514/54/332 104/29/200
f 1203/8/968 489/47/309 97/8/199
f 1202/47/988 98/8/220 490/47/308
f 1203/8/968 101/2/219 1204/2/989
f 1204/2/989 98/8/220 1203/8/968
f 1205/48/990 101/2/219 267/48/992
f 1204/2/989 268/48/991 102/2/218
f 1202/47/988 267/48/992 489/47/309
f 1205/48/990 490/47/308 268/48/991
f 1207/46/993 461/47/864 471/46/913
f 1206/47/994 472/46/911 462/47/863
f 1207/46/993 469/46/910 1208/46/995
f 1208/46/995 472/46/911 1207/46/993
f 1209/47/996 469/46/910 459/47/865
f 1208/46/995 460/47/867 470/46/908
f 1206/47/994 459/47/865 461/47/864
f 1209/47/996 462/47/863 460/47/867
f 1211/8/997 225/22/915 227/8/862
f 1210/22/998 228/8/860 226/22/914
f 1211/8/997 223/8/859 1212/8/999
f 1212/8/999 228/8/860 1211/8/997
f 1213/22/1000 223/8/859 221/22/916
f 1212/8/999 222/22/918 224/8/857
f 1210/22/998 221/22/916 225/22/915
f 1213/22/1000 226/22/914 222/22/918
f 1215/74/1001 237/71/429 309/74/445
f 1215/74/1001 238/71/431 1214/71/1002
f 1215/74/1001 329/73/441 1216/73/1003
f 1216/73/1003 310/74/447 1215/74/1001
f 1217/70/1004 329/73/441 243/70/433
f 1216/73/1003 244/70/430 330/73/443
f 1214/71/1002 243/70/433 237/71/429
f 1217/70/1004 238/71/431 244/70/430
f 1218/57/1005 511/56/343 1219/56/631
f 1219/56/631 510/57/1007 1218/57/1005
f 1220/32/632 511/56/343 111/32/211
f 1219/56/631 112/32/209 512/56/308
f 1221/31/1008 111/32/211 105/31/208
f 1220/32/632 106/31/206 112/32/209
f 1218/57/1005 105/31/208 509/57/1006
f 1221/31/1008 510/57/1007 106/31/206
f 1223/183/1009 517/184/1011 519/183/1015
f 1223/183/1009 518/184/1013 1222/184/1010
f 1224/185/1014 519/183/1015 499/185/1017
f 1224/185/1014 520/183/1012 1223/183/1009
f 1224/185/1014 313/186/1018 1225/186/1019
f 1225/186/1019 500/185/1016 1224/185/1014
f 1225/186/1019 523/187/1021 1226/187/807
f 1225/186/1019 524/187/320 314/186/1020
f 1226/187/807 517/184/1011 1222/184/1010
f 1226/187/807 518/184/1013 524/187/320
f 1227/188/787 525/189/1022 1228/189/796
f 1227/188/787 526/189/1023 528/188/79
f 1229/187/798 525/189/1022 523/187/1021
f 1229/187/798 526/189/1023 1228/189/796
f 1230/186/800 523/187/1021 313/186/1018
f 1230/186/800 524/187/320 1229/187/798
f 1231/190/784 313/186/1018 73/190/171
f 1231/190/784 314/186/1020 1230/186/800
f 1231/190/784 563/191/405 1232/191/785
f 1231/190/784 564/191/404 74/190/170
f 1232/191/785 531/192/83 1233/192/786
f 1232/191/785 532/192/81 564/191/404
f 1234/193/787 531/192/83 529/193/77
f 1233/192/786 530/193/79 532/192/81
f 1235/194/788 529/193/77 533/194/519
f 1235/194/788 530/193/79 1234/193/787
f 1236/195/789 533/194/519 539/195/525
f 1236/195/789 534/194/528 1235/194/788
f 1237/196/1024 539/195/525 537/196/620
f 1236/195/789 538/196/625 540/195/527
f 1237/196/1024 535/197/83 1238/197/793
f 1237/196/1024 536/197/586 538/196/625
f 1227/188/787 535/197/83 527/188/77
f 1238/197/793 528/188/79 536/197/586
f 1240/7/1025 679/8/1027 673/7/1029
f 1239/8/1026 674/7/1028 680/8/1034
f 1240/7/1025 697/7/1030 1241/7/1031
f 1241/7/1031 674/7/1028 1240/7/1025
f 1241/7/1031 699/8/121 1242/8/1033
f 1241/7/1031 700/8/123 698/7/1032
f 1239/8/1026 699/8/121 679/8/1027
f 1242/8/1033 680/8/1034 700/8/123
f 1244/198/769 551/199/504 545/198/845
f 1244/198/769 552/199/503 1243/199/768
f 1245/200/770 545/198/845 547/200/507
f 1245/200/770 546/198/846 1244/198/769
f 1245/200/770 543/201/513 1246/201/1035
f 1245/200/770 544/201/515 548/200/516
f 1247/202/773 543/201/513 555/202/459
f 1247/202/773 544/201/515 1246/201/1035
f 1248/203/1036 555/202/459 557/203/467
f 1248/203/1036 556/202/394 1247/202/773
f 1249/204/1037 557/203/467 559/204/1040
f 1249/204/1037 558/203/466 1248/203/1036
f 1250/205/1039 559/204/1040 69/205/169
f 1250/205/1039 560/204/1038 1249/204/1037
f 1250/205/1039 499/185/1017 1251/185/1041
f 1250/205/1039 500/185/1016 70/205/167
f 1251/185/1041 519/183/1015 1252/183/1042
f 1251/185/1041 520/183/1012 500/185/1016
f 1252/183/1042 521/206/513 1253/206/1043
f 1252/183/1042 522/206/1044 520/183/1012
f 1254/207/1045 521/206/513 553/207/459
f 1254/207/1045 522/206/1044 1253/206/1043
f 1243/199/768 553/207/459 551/199/504
f 1243/199/768 554/207/394 1254/207/1045
f 1256/205/1046 73/190/171 69/205/169
f 1255/190/1047 70/205/167 74/190/170
f 1256/205/1046 559/204/1040 1257/204/1048
f 1256/205/1046 560/204/1038 70/205/167
f 1257/204/1048 561/208/606 1258/208/1049
f 1257/204/1048 562/208/609 560/204/1038
f 1259/191/781 561/208/606 563/191/405
f 1259/191/781 562/208/609 1258/208/1049
f 1255/190/1047 563/191/405 73/190/171
f 1259/191/781 74/190/170 564/191/404
f 1261/196/753 541/209/850 537/196/620
f 1261/196/753 542/209/849 1260/209/751
f 1262/195/755 537/196/620 539/195/525
f 1261/196/753 540/195/527 538/196/625
f 1262/195/755 549/210/743 1263/210/742
f 1262/195/755 550/210/1050 540/195/527
f 1264/200/741 549/210/743 547/200/507
f 1264/200/741 550/210/1050 1263/210/742
f 1264/200/741 545/198/845 1265/198/746
f 1265/198/746 548/200/516 1264/200/741
f 1265/198/746 541/209/850 1260/209/751
f 1265/198/746 542/209/849 546/198/846
f 1267/211/681 577/212/683 597/211/882
f 1267/211/681 578/212/886 1266/212/682
f 1267/211/681 595/213/622 1268/213/1051
f 1268/213/1051 598/211/884 1267/211/681
f 1268/213/1051 575/214/686 1269/214/687
f 1268/213/1051 576/214/1052 596/213/621
f 1270/215/689 575/214/686 571/215/692
f 1270/215/689 576/214/1052 1269/214/687
f 1271/216/691 571/215/692 573/216/1054
f 1270/215/689 574/216/508 572/215/1053
f 1271/216/691 577/212/683 1266/212/682
f 1271/216/691 578/212/886 574/216/508
f 1273/217/1055 587/218/397 585/217/932
f 1273/217/1055 588/218/399 1272/218/1056
f 1274/219/1057 585/217/932 67/219/163
f 1274/219/1057 586/217/930 1273/217/1055
f 1274/219/1057 79/220/162 1275/220/1058
f 1275/220/1058 68/219/165 1274/219/1057
f 1275/220/1058 589/221/403 1276/221/728
f 1276/221/728 80/220/161 1275/220/1058
f 1276/221/728 587/218/397 1272/218/1056
f 1276/221/728 588/218/399 590/221/401
f 1278/222/734 603/223/76 591/222/85
f 1277/223/1059 592/222/84 604/223/86
f 1279/221/735 591/222/85 589/221/403
f 1279/221/735 592/222/84 1278/222/734
f 1280/220/1060 589/221/403 79/220/162
f 1280/220/1060 590/221/401 1279/221/735
f 1280/220/1060 319/224/1061 1281/224/1062
f 1280/220/1060 320/224/1063 80/220/161
f 1281/224/1062 605/225/818 1282/225/1064
f 1281/224/1062 606/225/820 320/224/1063
f 1282/225/1064 601/226/1065 1283/226/1066
f 1282/225/1064 602/226/1067 606/225/820
f 1284/227/730 601/226/1065 599/227/1069
f 1284/227/730 602/226/1067 1283/226/1066
f 1285/213/729 599/227/1069 595/213/622
f 1285/213/729 600/227/1068 1284/227/730
f 1286/211/1070 595/213/622 597/211/882
f 1286/211/1070 596/213/621 1285/213/729
f 1286/211/1070 593/228/1071 1287/228/732
f 1286/211/1070 594/228/1072 598/211/884
f 1277/223/1059 593/228/1071 603/223/76
f 1287/228/732 604/223/86 594/228/1072
f 1288/224/1073 607/229/323 1289/229/1074
f 1288/224/1073 608/229/325 320/224/1063
f 1290/225/1075 607/229/323 605/225/818
f 1290/225/1075 608/229/325 1289/229/1074
f 1288/224/1073 605/225/818 319/224/1061
f 1288/224/1073 606/225/820 1290/225/1075
f 1292/229/701 609/230/326 607/229/323
f 1292/229/701 610/230/328 1291/230/1076
f 1293/224/1077 607/229/323 319/224/1061
f 1293/224/1077 608/229/325 1292/229/701
f 1294/231/1078 319/224/1061 497/231/1081
f 1293/224/1077 498/231/1079 320/224/1063
f 1295/219/1080 497/231/1081 67/219/163
f 1295/219/1080 498/231/1079 1294/231/1078
f 1295/219/1080 585/217/932 1296/217/1082
f 1295/219/1080 586/217/930 68/219/165
f 1296/217/1082 583/232/391 1297/232/1083
f 1296/217/1082 584/232/389 586/217/930
f 1298/233/719 583/232/391 579/233/388
f 1297/232/1083 580/233/386 584/232/389
f 1298/233/719 567/234/1084 1299/234/1085
f 1298/233/719 568/234/512 580/233/386
f 1300/216/721 567/234/1084 573/216/1054
f 1300/216/721 568/234/512 1299/234/1085
f 1301/215/722 573/216/1054 571/215/692
f 1300/216/721 572/215/1053 574/216/508
f 1301/215/722 569/235/501 1302/235/723
f 1301/215/722 570/235/502 572/215/1053
f 1302/235/723 565/236/500 1303/236/1086
f 1302/235/723 566/236/386 570/235/502
f 1303/236/1086 581/237/1087 1304/237/1088
f 1303/236/1086 582/237/1089 566/236/386
f 1304/237/1088 611/238/1090 1305/238/1091
f 1304/237/1088 612/238/1092 582/237/1089
f 1305/238/1091 609/230/326 1291/230/1076
f 1291/230/1076 612/238/1092 1305/238/1091
f 1306/3/1093 29/4/18 1307/4/1094
f 1306/3/1093 30/4/20 26/3/22
f 1308/4/1095 29/4/18 711/4/1097
f 1307/4/1094 712/4/1096 30/4/20
f 1308/4/1095 709/3/1098 1309/3/1099
f 1308/4/1095 710/3/1100 712/4/1096
f 1309/3/1099 25/3/24 1306/3/1093
f 1306/3/1093 710/3/1100 1309/3/1099
f 1310/239/472 153/240/313 1311/240/474
f 1311/240/474 150/239/316 1310/239/472
f 1312/122/1101 153/240/313 297/122/676
f 1311/240/474 298/122/678 154/240/315
f 1313/121/478 297/122/676 337/121/658
f 1312/122/1101 338/121/660 298/122/678
f 1310/239/472 337/121/658 149/239/295
f 1313/121/478 150/239/316 338/121/660
f 1315/3/1102 21/2/27 25/3/24
f 1314/2/1103 26/3/22 22/2/25
f 1316/3/1104 25/3/24 709/3/1098
f 1315/3/1102 710/3/1100 26/3/22
f 1317/2/1105 709/3/1098 707/2/1107
f 1317/2/1105 710/3/1100 1316/3/1104
f 1317/2/1105 21/2/27 1314/2/1103
f 1314/2/1103 708/2/1106 1317/2/1105
f 1318/38/1108 51/38/132 1319/38/1109
f 1319/38/1109 140/38/252 1318/38/1108
f 1319/38/1109 57/39/130 1320/39/1110
f 1319/38/1109 58/39/128 52/38/131
f 1321/39/1111 57/39/130 127/39/254
f 1320/39/1110 128/39/256 58/39/128
f 1318/38/1108 127/39/254 139/38/253
f 1321/39/1111 140/38/252 128/39/256
f 1323/8/1112 221/22/916 223/8/859
f 1322/22/1113 224/8/857 222/22/918
f 1324/8/1114 223/8/859 217/8/853
f 1323/8/1112 218/8/855 224/8/857
f 1325/22/1115 217/8/853 219/22/919
f 1324/8/1114 220/22/921 218/8/855
f 1325/22/1115 221/22/916 1322/22/1113
f 1322/22/1113 220/22/921 1325/22/1115
f 1326/34/1116 55/34/133 1327/34/1117
f 1327/34/1117 142/34/228 1326/34/1116
f 1328/38/1118 55/34/133 51/38/132
f 1327/34/1117 52/38/131 56/34/135
f 1329/38/1119 51/38/132 139/38/253
f 1328/38/1118 140/38/252 52/38/131
f 1326/34/1116 139/38/253 141/34/226
f 1326/34/1116 140/38/252 1329/38/1119
f 1331/121/1120 259/81/666 343/121/664
f 1331/121/1120 260/81/665 1330/81/1121
f 1331/121/1120 295/122/550 1332/122/1122
f 1332/122/1122 344/121/662 1331/121/1120
f 1332/122/1122 257/82/545 1333/82/1123
f 1332/122/1122 258/82/547 296/122/549
f 1330/81/1121 257/82/545 259/81/666
f 1333/82/1123 260/81/665 258/82/547
f 1334/90/1124 527/241/77 1335/241/1125
f 1334/90/1124 528/241/79 526/90/1023
f 1336/242/1126 527/241/77 357/242/76
f 1336/242/1126 528/241/79 1335/241/1125
f 1336/242/1126 363/89/522 1337/89/1127
f 1336/242/1126 364/89/740 358/242/589
f 1337/89/1127 525/90/1022 1334/90/1124
f 1337/89/1127 526/90/1023 364/89/740
f 1339/37/1128 53/37/136 133/37/225
f 1338/37/1129 134/37/224 54/37/138
f 1339/37/1128 125/35/234 1340/35/1130
f 1340/35/1130 134/37/224 1339/37/1128
f 1340/35/1130 63/35/141 1341/35/1131
f 1341/35/1131 126/35/238 1340/35/1130
f 1341/35/1131 53/37/136 1338/37/1129
f 1338/37/1129 64/35/140 1341/35/1131
f 1343/41/1132 61/41/145 113/41/272
f 1342/41/1133 114/41/271 62/41/147
f 1343/41/1132 123/40/270 1344/40/1134
f 1344/40/1134 114/41/271 1343/41/1132
f 1344/40/1134 49/40/127 1345/40/1135
f 1345/40/1135 124/40/268 1344/40/1134
f 1345/40/1135 61/41/145 1342/41/1133
f 1342/41/1133 50/40/148 1345/40/1135
f 1347/23/1136 261/2/543 263/23/1138
f 1346/2/577 264/23/1137 262/2/218
f 1348/76/544 263/23/1138 179/76/301
f 1347/23/1136 180/76/303 264/23/1137
f 1349/4/1139 179/76/301 171/4/337
f 1348/76/544 172/4/338 180/76/303
f 1346/2/577 171/4/337 261/2/543
f 1349/4/1139 262/2/218 172/4/338
f 1351/23/1140 179/39/301 263/23/1138
f 1350/39/808 264/23/1137 180/39/303
f 1352/22/813 263/23/1138 487/22/213
f 1351/23/1140 488/22/212 264/23/1137
f 1353/41/1141 487/22/213 181/41/341
f 1352/22/813 182/41/339 488/22/212
f 1353/41/1141 179/39/301 1350/39/808
f 1350/39/808 182/41/339 1353/41/1141
f 1355/7/1142 115/36/242 657/7/1146
f 1354/36/1143 658/7/1144 116/36/240
f 1356/8/1145 657/7/1146 655/8/1148
f 1355/7/1142 656/8/1147 658/7/1144
f 1356/8/1145 117/41/273 1357/41/1149
f 1357/41/1149 656/8/1147 1356/8/1145
f 1354/36/1143 117/41/273 115/36/242
f 1354/36/1143 118/41/275 1357/41/1149
f 1359/35/1150 59/36/142 63/35/141
f 1358/36/1151 64/35/140 60/36/144
f 1360/35/1152 63/35/141 125/35/234
f 1359/35/1150 126/35/238 64/35/140
f 1360/35/1152 121/36/244 1361/36/1153
f 1361/36/1153 126/35/238 1360/35/1152
f 1361/36/1153 59/36/142 1358/36/1151
f 1358/36/1151 122/36/243 1361/36/1153
f 1362/41/1154 59/36/142 1363/36/1155
f 1363/36/1155 62/41/147 1362/41/1154
f 1364/36/1156 59/36/142 121/36/244
f 1363/36/1155 122/36/243 60/36/144
f 1365/41/1157 121/36/244 113/41/272
f 1364/36/1156 114/41/271 122/36/243
f 1365/41/1157 61/41/145 1362/41/1154
f 1362/41/1154 114/41/271 1365/41/1157
f 1366/1/1158 635/2/187 1367/2/1159
f 1366/1/1158 636/2/196 632/1/645
f 1367/2/1159 633/2/195 1368/2/1160
f 1368/2/1160 636/2/196 1367/2/1159
f 1368/2/1160 623/1/647 1369/1/1161
f 1368/2/1160 624/1/649 634/2/194
f 1366/1/1158 623/1/647 631/1/643
f 1369/1/1161 632/1/645 624/1/649
f 1371/243/1162 69/244/169 67/243/163
f 1370/244/1163 68/243/165 70/244/167
f 1372/245/1164 67/243/163 497/245/1081
f 1371/243/1162 498/245/1079 68/243/165
f 1372/245/1164 499/246/1017 1373/246/1165
f 1372/245/1164 500/246/1016 498/245/1079
f 1370/244/1163 499/246/1017 69/244/169
f 1373/246/1165 70/244/167 500/246/1016
f 1375/22/1166 211/180/895 219/22/919
f 1374/180/1167 220/22/921 212/180/922
f 1376/8/1168 219/22/919 217/8/853
f 1375/22/1166 218/8/855 220/22/921
f 1376/8/1168 213/1/852 1377/1/1169
f 1377/1/1169 218/8/855 1376/8/1168
f 1374/180/1167 213/1/852 211/180/895
f 1377/1/1169 212/180/922 214/1/880
f 1379/6/1170 625/6/934 621/6/943
f 1378/6/1171 622/6/942 626/6/944
f 1380/7/1172 621/6/943 615/7/1174
f 1379/6/1170 616/7/1173 622/6/942
f 1380/7/1172 613/7/1175 1381/7/1176
f 1381/7/1176 616/7/1173 1380/7/1172
f 1378/6/1171 613/7/1175 625/6/934
f 1381/7/1176 626/6/944 614/7/1177
f 1382/73/1178 239/70/436 1383/70/1179
f 1383/70/1179 450/73/444 1382/73/1178
f 1383/70/1179 243/70/433 1384/70/1180
f 1384/70/1180 240/70/434 1383/70/1179
f 1385/73/1181 243/70/433 329/73/441
f 1384/70/1180 330/73/443 244/70/430
f 1382/73/1178 329/73/441 449/73/440
f 1385/73/1181 450/73/444 330/73/443
f 1387/247/979 423/59/385 413/247/771
f 1386/59/1182 414/247/515 424/59/394
f 1387/247/979 567/248/1084 1388/248/978
f 1387/247/979 568/248/512 414/247/515
f 1388/248/978 579/58/388 1389/58/1183
f 1389/58/1183 568/248/512 1388/248/978
f 1386/59/1182 579/58/388 423/59/385
f 1389/58/1183 424/59/394 580/58/386
f 1391/23/812 167/39/456 283/23/1138
f 1391/23/812 168/39/303 1390/39/808
f 1392/22/1184 283/23/1138 479/22/815
f 1391/23/812 480/22/814 284/23/216
f 1393/41/1185 479/22/815 163/41/341
f 1392/22/1184 164/41/1186 480/22/814
f 1393/41/1185 167/39/456 1390/39/808
f 1390/39/808 164/41/1186 1393/41/1185
f 1394/8/1187 617/8/652 1395/8/1188
f 1395/8/1188 620/8/646 1394/8/1187
f 1396/7/1189 617/8/652 613/7/1175
f 1395/8/1188 614/7/1177 618/8/651
f 1397/7/1190 613/7/1175 615/7/1174
f 1396/7/1189 616/7/1173 614/7/1177
f 1397/7/1190 619/8/642 1394/8/1187
f 1397/7/1190 620/8/646 616/7/1173
f 1399/24/1191 319/249/1061 79/24/162
f 1398/249/1192 80/24/161 320/249/1063
f 1400/23/1193 79/24/162 77/23/157
f 1400/23/1193 80/24/161 1399/24/1191
f 1400/23/1193 317/76/802 1401/76/1194
f 1401/76/1194 78/23/159 1400/23/1193
f 1401/76/1194 319/249/1061 1398/249/1192
f 1401/76/1194 320/249/1063 318/76/801
f 1403/8/1195 117/41/273 655/8/1148
f 1402/41/1196 656/8/1147 118/41/275
f 1404/1/1197 655/8/1148 653/1/1199
f 1404/1/1197 656/8/1147 1403/8/1195
f 1404/1/1197 119/40/267 1405/40/1200
f 1405/40/1200 654/1/1198 1404/1/1197
f 1405/40/1200 117/41/273 1402/41/1196
f 1402/41/1196 120/40/276 1405/40/1200
f 1407/107/639 563/108/405 393/107/403
f 1406/108/1201 394/107/401 564/108/404
f 1407/107/639 361/13/85 1408/13/1202
f 1407/107/639 362/13/84 394/107/401
f 1409/12/624 361/13/85 531/12/83
f 1408/13/1202 532/12/81 362/13/84
f 1406/108/1201 531/12/83 563/108/405
f 1406/108/1201 532/12/81 1409/12/624
f 1411/23/569 281/2/219 283/23/1138
f 1410/2/542 284/23/216 282/2/218
f 1412/76/544 283/23/1138 167/76/456
f 1411/23/569 168/76/303 284/23/216
f 1413/4/455 167/76/456 161/4/971
f 1412/76/544 162/4/338 168/76/303
f 1410/2/542 161/4/971 281/2/219
f 1413/4/455 282/2/218 162/4/338
f 1415/1/1203 119/40/267 653/1/1199
f 1414/40/1204 654/1/1198 120/40/276
f 1415/1/1203 651/2/1205 1416/2/1206
f 1416/2/1206 654/1/1198 1415/1/1203
f 1416/2/1206 135/39/257 1417/39/1208
f 1417/39/1208 652/2/1207 1416/2/1206
f 1414/40/1204 135/39/257 119/40/267
f 1414/40/1204 136/39/259 1417/39/1208
f 1419/181/1209 415/182/749 571/181/692
f 1418/182/844 572/181/1053 416/182/748
f 1419/181/1209 575/63/686 1420/63/1210
f 1419/181/1209 576/63/1052 572/181/1053
f 1421/62/1211 575/63/686 419/62/750
f 1420/63/1210 420/62/752 576/63/1052
f 1418/182/844 419/62/750 415/182/749
f 1418/182/844 420/62/752 1421/62/1211
f 1422/81/1212 257/82/545 1423/82/1213
f 1423/82/1213 260/81/665 1422/81/1212
f 1423/82/1213 253/82/313 1424/82/1214
f 1424/82/1214 258/82/547 1423/82/1213
f 1425/81/1215 253/82/313 255/81/473
f 1424/82/1214 256/81/475 254/82/315
f 1422/81/1212 255/81/473 259/81/666
f 1425/81/1215 260/81/665 256/81/475
f 1426/175/1216 233/97/557 1427/97/1218
f 1426/175/1216 234/97/555 236/175/1221
f 1428/176/1219 233/97/557 229/176/551
f 1427/97/1218 230/176/553 234/97/555
f 1429/175/1220 229/176/551 231/175/829
f 1428/176/1219 232/175/831 230/176/553
f 1429/175/1220 235/175/1217 1426/175/1216
f 1426/175/1216 232/175/831 1429/175/1220
f 1430/3/1222 23/2/3 1431/2/1223
f 1430/3/1222 24/2/5 28/3/8
f 1432/2/1224 23/2/3 39/2/102
f 1431/2/1223 40/2/100 24/2/5
f 1433/3/1225 39/2/102 37/3/99
f 1432/2/1224 38/3/97 40/2/100
f 1433/3/1225 27/3/6 1430/3/1222
f 1430/3/1222 38/3/97 1433/3/1225
f 1435/79/927 557/80/467 387/79/465
f 1435/79/927 558/80/466 1434/80/1226
f 1436/177/1227 387/79/465 389/177/715
f 1436/177/1227 388/79/463 1435/79/927
f 1437/178/1228 389/177/715 559/178/1040
f 1436/177/1227 560/178/1038 390/177/717
f 1437/178/1228 557/80/467 1434/80/1226
f 1437/178/1228 558/80/466 560/178/1038
f 1439/2/1191 315/4/706 71/2/151
f 1438/4/1229 72/2/172 316/4/705
f 1440/27/1193 71/2/151 73/27/171
f 1439/2/1191 74/27/170 72/2/172
f 1440/27/1193 313/250/1018 1441/250/1230
f 1441/250/1230 74/27/170 1440/27/1193
f 1438/4/1229 313/250/1018 315/4/706
f 1441/250/1230 316/4/705 314/250/1020
f 1442/5/1231 131/33/223 1443/33/1233
f 1443/33/1233 648/5/1234 1442/5/1231
f 1444/34/1235 131/33/223 143/34/229
f 1443/33/1233 144/34/231 132/33/232
f 1445/4/1236 143/34/229 645/4/596
f 1444/34/1235 646/4/595 144/34/231
f 1442/5/1231 645/4/596 647/5/1232
f 1442/5/1231 646/4/595 1445/4/1236
f 1447/251/544 297/252/676 153/251/313
f 1446/252/1237 154/251/315 298/252/678
f 1448/4/1238 153/251/313 151/4/310
f 1448/4/1238 154/251/315 1447/251/544
f 1449/97/1239 151/4/310 229/97/551
f 1448/4/1238 230/97/553 152/4/312
f 1449/97/1239 295/96/550 1450/96/1240
f 1449/97/1239 296/96/549 230/97/553
f 1446/252/1237 295/96/550 297/252/676
f 1446/252/1237 296/96/549 1450/96/1240
f 1452/2/1241 135/39/257 651/2/1205
f 1451/39/1242 652/2/1207 136/39/259
f 1453/3/1243 651/2/1205 649/3/594
f 1452/2/1241 650/3/592 652/2/1207
f 1453/3/1243 137/38/251 1454/38/1244
f 1454/38/1244 650/3/592 1453/3/1243
f 1454/38/1244 135/39/257 1451/39/1242
f 1451/39/1242 138/38/260 1454/38/1244
f 1456/242/1245 529/241/77 359/242/76
f 1456/242/1245 530/241/79 1455/241/1246
f 1456/242/1245 345/89/522 1457/89/1127
f 1456/242/1245 346/89/520 360/242/86
f 1457/89/1127 533/90/519 1458/90/1124
f 1457/89/1127 534/90/528 346/89/520
f 1458/90/1124 529/241/77 1455/241/1246
f 1458/90/1124 530/241/79 534/90/528
f 1460/177/843 559/178/1040 389/177/715
f 1460/177/843 560/178/1038 1459/178/1247
f 1460/177/843 391/105/608 1461/105/1248
f 1460/177/843 392/105/607 390/177/717
f 1461/105/1248 561/106/606 1462/106/1249
f 1461/105/1248 562/106/609 392/105/607
f 1459/178/1247 561/106/606 559/178/1040
f 1459/178/1247 562/106/609 1462/106/1249
f 1463/28/1250 83/28/352 1464/28/1251
f 1464/28/1251 86/28/357 1463/28/1250
f 1464/28/1251 277/28/175 1465/28/1252
f 1464/28/1251 278/28/177 84/28/354
f 1465/28/1252 279/28/174 1466/28/1253
f 1466/28/1253 278/28/177 1465/28/1252
f 1466/28/1253 85/28/355 1463/28/1250
f 1466/28/1253 86/28/357 280/28/178
f 1468/4/1254 637/3/190 641/4/1258
f 1467/3/1255 642/4/1256 638/3/192
f 1469/4/1257 641/4/1258 645/4/596
f 1468/4/1254 646/4/595 642/4/1256
f 1470/3/1259 645/4/596 649/3/594
f 1469/4/1257 650/3/592 646/4/595
f 1470/3/1259 637/3/190 1467/3/1255
f 1467/3/1255 650/3/592 1470/3/1259
f 1472/9/1260 659/6/1262 647/9/1232
f 1471/6/1261 648/9/1234 660/6/1265
f 1472/9/1260 629/9/935 1473/9/1263
f 1473/9/1263 648/9/1234 1472/9/1260
f 1473/9/1263 625/6/934 1474/6/1264
f 1474/6/1264 630/9/937 1473/9/1263
f 1471/6/1261 625/6/934 659/6/1262
f 1474/6/1264 660/6/1265 626/6/944
f 1475/8/1266 617/8/652 1476/8/1267
f 1476/8/1267 656/8/1147 1475/8/1266
f 1477/1/1268 617/8/652 623/1/647
f 1476/8/1267 624/1/649 618/8/651
f 1478/1/1269 623/1/647 653/1/1199
f 1477/1/1268 654/1/1198 624/1/649
f 1475/8/1266 653/1/1199 655/8/1148
f 1478/1/1269 656/8/1147 654/1/1198
f 1479/6/1270 625/6/934 1480/6/1271
f 1480/6/1271 660/6/1265 1479/6/1270
f 1480/6/1271 613/7/1175 1481/7/1272
f 1480/6/1271 614/7/1177 626/6/944
f 1482/7/1273 613/7/1175 657/7/1146
f 1481/7/1272 658/7/1144 614/7/1177
f 1482/7/1273 659/6/1262 1479/6/1270
f 1479/6/1270 658/7/1144 1482/7/1273
f 1483/2/1274 653/1/1199 1484/1/1275
f 1483/2/1274 654/1/1198 652/2/1207
f 1484/1/1275 623/1/647 1485/1/1276
f 1485/1/1276 654/1/1198 1484/1/1275
f 1486/2/1277 623/1/647 633/2/195
f 1486/2/1277 624/1/649 1485/1/1276
f 1483/2/1274 633/2/195 651/2/1205
f 1486/2/1277 652/2/1207 634/2/194
f 1488/5/1278 629/5/935 647/5/1232
f 1487/5/1279 648/5/1234 630/5/937
f 1488/5/1278 645/4/596 1489/4/1280
f 1488/5/1278 646/4/595 648/5/1234
f 1489/4/1280 641/4/1258 1490/4/1281
f 1490/4/1281 646/4/595 1489/4/1280
f 1490/4/1281 629/5/935 1487/5/1279
f 1490/4/1281 630/5/937 642/4/1256
f 1491/2/1282 633/2/195 1492/2/1283
f 1492/2/1283 652/2/1207 1491/2/1282
f 1493/3/1284 633/2/195 637/3/190
f 1493/3/1284 634/2/194 1492/2/1283
f 1494/3/1285 637/3/190 649/3/594
f 1493/3/1284 650/3/592 638/3/192
f 1494/3/1285 651/2/1205 1491/2/1282
f 1494/3/1285 652/2/1207 650/3/592
f 1495/28/1286 197/28/420 1496/28/1288
f 1495/28/1286 198/28/424 194/28/1291
f 1497/28/1289 197/28/420 269/28/364
f 1497/28/1289 198/28/424 1496/28/1288
f 1498/28/1290 269/28/364 271/28/363
f 1498/28/1290 270/28/366 1497/28/1289
f 1495/28/1286 271/28/363 193/28/1287
f 1495/28/1286 272/28/362 1498/28/1290
f 1499/45/1292 191/45/615 1500/45/1293
f 1499/45/1292 192/45/613 188/45/616
f 1501/48/1294 191/45/615 189/48/1297
f 1500/45/1293 190/48/1295 192/45/613
f 1502/48/1296 189/48/1297 185/48/1299
f 1502/48/1296 190/48/1295 1501/48/1294
f 1499/45/1292 185/48/1299 187/45/617
f 1499/45/1292 186/48/1298 1502/48/1296
f 1504/9/1300 131/37/223 647/9/1232
f 1503/37/1301 648/9/1234 132/37/232
f 1504/9/1300 659/6/1262 1505/6/1302
f 1504/9/1300 660/6/1265 648/9/1234
f 1505/6/1302 129/35/235 1506/35/1303
f 1506/35/1303 660/6/1265 1505/6/1302
f 1503/37/1301 129/35/235 131/37/223
f 1503/37/1301 130/35/237 1506/35/1303
f 1508/174/1304 235/175/1217 331/174/1308
f 1507/175/1305 332/174/1306 236/175/1221
f 1509/98/1307 331/174/1308 311/98/559
f 1508/174/1304 312/98/558 332/174/1306
f 1510/97/1309 311/98/559 233/97/557
f 1510/97/1309 312/98/558 1509/98/1307
f 1510/97/1309 235/175/1217 1507/175/1305
f 1507/175/1305 234/97/555 1510/97/1309
f 1512/22/1310 447/8/824 451/22/815
f 1511/8/1311 452/22/814 448/8/633
f 1512/22/1310 305/23/571 1513/23/1312
f 1513/23/1312 452/22/814 1512/22/1310
f 1514/102/1313 305/23/571 307/102/570
f 1513/23/1312 308/102/568 306/23/216
f 1514/102/1313 333/253/671 1515/253/1314
f 1514/102/1313 334/253/670 308/102/568
f 1516/254/1315 333/253/671 335/254/481
f 1515/253/1314 336/254/480 334/253/670
f 1517/93/1316 335/254/481 289/93/479
f 1517/93/1316 336/254/480 1516/254/1315
f 1518/2/1317 289/93/479 291/2/543
f 1518/2/1317 290/93/477 1517/93/1316
f 1511/8/1311 291/2/543 447/8/824
f 1518/2/1317 448/8/633 292/2/218
f 1519/28/1318 277/28/175 1520/28/1319
f 1520/28/1319 474/28/180 1519/28/1318
f 1521/28/1320 277/28/175 83/28/352
f 1520/28/1319 84/28/354 278/28/177
f 1522/28/1321 83/28/352 87/28/351
f 1521/28/1320 88/28/350 84/28/354
f 1522/28/1321 473/28/182 1519/28/1318
f 1522/28/1321 474/28/180 88/28/350
f 1524/174/1322 311/98/559 331/174/1308
f 1524/174/1322 312/98/558 1523/98/1323
f 1525/174/1324 331/174/1308 445/174/826
f 1524/174/1322 446/174/828 332/174/1306
f 1526/173/1325 445/174/826 293/173/560
f 1525/174/1324 294/173/418 446/174/828
f 1526/173/1325 311/98/559 1523/98/1323
f 1523/98/1323 294/173/418 1526/173/1325
f 1528/66/1326 339/66/655 341/66/411
f 1527/66/601 342/66/410 340/66/656
f 1528/66/1326 299/67/409 1529/67/599
f 1529/67/599 342/66/410 1528/66/1326
f 1529/67/599 301/67/578 1530/67/1313
f 1530/67/1313 300/67/418 1529/67/599
f 1527/66/601 301/67/578 339/66/655
f 1530/67/1313 340/66/656 302/67/568
f 1532/23/1327 265/39/1329 107/23/214
f 1531/39/1328 108/23/216 266/39/1331
f 1533/22/1330 107/23/214 109/22/213
f 1532/23/1327 110/22/212 108/23/216
f 1534/41/1185 109/22/213 491/41/341
f 1533/22/1330 492/41/339 110/22/212
f 1534/41/1185 265/39/1329 1531/39/1328
f 1531/39/1328 492/41/339 1534/41/1185
f 1536/255/1332 401/171/799 403/255/629
f 1536/255/1332 402/171/797 1535/171/1333
f 1536/255/1332 601/256/1065 1537/256/1334
f 1536/255/1332 602/256/1067 404/255/795
f 1538/172/1335 601/256/1065 605/172/818
f 1538/172/1335 602/256/1067 1537/256/1334
f 1535/171/1333 605/172/818 401/171/799
f 1538/172/1335 402/171/797 606/172/820
f 1539/28/1336 207/28/483 1540/28/1337
f 1540/28/1337 202/28/487 1539/28/1336
f 1540/28/1337 203/28/492 1541/28/1338
f 1541/28/1338 208/28/485 1540/28/1337
f 1542/28/1339 203/28/492 205/28/491
f 1541/28/1338 206/28/497 204/28/494
f 1539/28/1336 205/28/491 201/28/488
f 1542/28/1339 202/28/487 206/28/497
f 1543/8/1340 657/7/1146 1544/7/1341
f 1543/8/1340 658/7/1144 656/8/1147
f 1544/7/1341 613/7/1175 1545/7/1342
f 1545/7/1342 658/7/1144 1544/7/1341
f 1546/8/1343 613/7/1175 617/8/652
f 1545/7/1342 618/8/651 614/7/1177
f 1543/8/1340 617/8/652 655/8/1148
f 1546/8/1343 656/8/1147 618/8/651
f 1548/29/197 485/8/824 507/29/201
f 1547/8/1311 508/29/200 486/8/220
f 1548/29/197 505/30/966 1549/30/203
f 1548/29/197 506/30/204 508/29/200
f 1550/31/1344 505/30/966 503/31/637
f 1549/30/203 504/31/636 506/30/204
f 1551/32/207 503/31/637 501/32/635
f 1551/32/207 504/31/636 1550/31/1344
f 1552/22/210 501/32/635 487/22/213
f 1551/32/207 488/22/212 502/32/633
f 1552/22/210 263/23/1138 1553/23/1312
f 1553/23/1312 488/22/212 1552/22/210
f 1554/2/1317 263/23/1138 261/2/543
f 1553/23/1312 262/2/218 264/23/1137
f 1547/8/1311 261/2/543 485/8/824
f 1554/2/1317 486/8/220 262/2/218
f 1556/22/210 477/8/824 479/22/815
f 1555/8/1311 480/22/814 478/8/633
f 1556/22/210 283/23/1138 1557/23/1312
f 1557/23/1312 480/22/814 1556/22/210
f 1557/23/1312 281/2/219 1558/2/1317
f 1557/23/1312 282/2/218 284/23/216
f 1555/8/1311 281/2/219 477/8/824
f 1558/2/1317 478/8/633 282/2/218
f 1560/57/653 515/55/987 509/57/1006
f 1559/55/1345 510/57/1007 516/55/985
f 1561/31/1346 509/57/1006 105/31/208
f 1560/57/653 106/31/206 510/57/1007
f 1562/30/1347 105/31/208 99/30/202
f 1561/31/1346 100/30/204 106/31/206
f 1559/55/1345 99/30/202 515/55/987
f 1562/30/1347 516/55/985 100/30/204
f 1564/57/653 173/55/331 177/57/344
f 1563/55/1345 178/57/346 174/55/333
f 1565/31/669 177/57/344 503/31/637
f 1565/31/669 178/57/346 1564/57/653
f 1566/30/1347 503/31/637 505/30/966
f 1565/31/669 506/30/204 504/31/636
f 1563/55/1345 505/30/966 173/55/331
f 1566/30/1347 174/55/333 506/30/204
f 1568/46/1348 469/46/910 467/46/904
f 1567/46/1349 468/46/906 470/46/908
f 1569/47/1350 467/46/904 457/47/868
f 1568/46/1348 458/47/870 468/46/906
f 1569/47/1350 459/47/865 1570/47/1351
f 1570/47/1351 458/47/870 1569/47/1350
f 1567/46/1349 459/47/865 469/46/910
f 1570/47/1351 470/46/908 460/47/867
f 1571/50/1352 437/171/790 1572/171/1353
f 1571/50/1352 438/171/528 444/50/527
f 1572/171/1353 593/172/1071 1573/172/1354
f 1572/171/1353 594/172/1072 438/171/528
f 1574/52/1355 593/172/1071 597/52/882
f 1574/52/1355 594/172/1072 1573/172/1354
f 1571/50/1352 597/52/882 443/50/756
f 1574/52/1355 444/50/527 598/52/884
f 1576/47/1356 455/179/874 457/47/868
f 1575/179/1357 458/47/870 456/179/872
f 1577/46/1358 457/47/868 467/46/904
f 1576/47/1356 468/46/906 458/47/870
f 1577/46/1358 465/257/901 1578/257/1359
f 1578/257/1359 468/46/906 1577/46/1358
f 1575/179/1357 465/257/901 455/179/874
f 1578/257/1359 456/179/872 466/257/903
f 1580/4/1360 639/3/189 643/4/1363
f 1579/3/1361 644/4/1362 640/3/188
f 1580/4/1360 641/4/1258 1581/4/1364
f 1581/4/1364 644/4/1362 1580/4/1360
f 1581/4/1364 637/3/190 1582/3/1365
f 1581/4/1364 638/3/192 642/4/1256
f 1579/3/1361 637/3/190 639/3/189
f 1582/3/1365 640/3/188 638/3/192
f 1583/48/1366 455/179/874 1584/179/1367
f 1584/179/1367 454/48/875 1583/48/1366
f 1585/257/1368 455/179/874 465/257/901
f 1584/179/1367 466/257/903 456/179/872
f 1586/45/1369 465/257/901 463/45/900
f 1585/257/1368 464/45/899 466/257/903
f 1583/48/1366 463/45/900 453/48/877
f 1586/45/1369 454/48/875 464/45/899
f 1587/258/1370 421/51/743 1588/51/1371
f 1587/258/1370 422/51/745 418/258/744
f 1589/53/1372 421/51/743 577/53/683
f 1588/51/1371 578/53/886 422/51/745
f 1590/259/1373 577/53/683 573/259/1054
f 1590/259/1373 578/53/886 1589/53/1372
f 1587/258/1370 573/259/1054 417/258/747
f 1590/259/1373 418/258/744 574/259/508
f 1592/258/506 413/247/771 417/258/747
f 1592/258/506 414/247/515 1591/247/1374
f 1592/258/506 573/259/1054 1593/259/1375
f 1592/258/506 574/259/508 418/258/744
f 1593/259/1375 567/248/1084 1594/248/1376
f 1593/259/1375 568/248/512 574/259/508
f 1591/247/1374 567/248/1084 413/247/771
f 1594/248/1376 414/247/515 568/248/512
f 1596/46/1377 317/45/802 397/46/758
f 1595/45/1378 398/46/762 318/45/801
f 1596/46/1377 369/47/694 1597/47/1379
f 1596/46/1377 370/47/707 398/46/762
f 1597/47/1379 315/48/706 1598/48/1380
f 1598/48/1380 370/47/707 1597/47/1379
f 1598/48/1380 313/260/1018 1599/260/1381
f 1598/48/1380 314/260/1020 316/48/705
f 1599/260/1381 499/261/1017 1600/261/1382
f 1599/260/1381 500/261/1016 314/260/1020
f 1601/262/1383 499/261/1017 497/262/1081
f 1600/261/1382 498/262/1079 500/261/1016
f 1602/263/1384 497/262/1081 319/263/1061
f 1602/263/1384 498/262/1079 1601/262/1383
f 1602/263/1384 317/45/802 1595/45/1378
f 1595/45/1378 320/263/1063 1602/263/1384
f 1604/45/302 161/48/971 167/45/456
f 1603/48/311 168/45/303 162/48/338
f 1605/46/304 167/45/456 163/46/341
f 1604/45/302 164/46/1186 168/45/303
f 1606/47/306 163/46/341 165/47/837
f 1605/46/304 166/47/972 164/46/1186
f 1606/47/306 161/48/971 1603/48/311
f 1603/48/311 166/47/972 1606/47/306
f 1607/258/1385 395/51/319 1608/51/1386
f 1607/258/1385 396/51/321 406/258/761
f 1608/51/1386 609/53/326 1609/53/1387
f 1608/51/1386 610/53/328 396/51/321
f 1610/259/1388 609/53/326 611/259/1090
f 1609/53/1387 612/259/1092 610/53/328
f 1610/259/1388 405/258/759 1607/258/1385
f 1607/258/1385 612/259/1092 1610/259/1388
f 1612/64/639 441/65/620 595/64/622
f 1611/65/1201 596/64/621 442/65/754
f 1612/64/639 599/112/1069 1613/112/623
f 1612/64/639 600/112/1068 596/64/621
f 1614/111/624 599/112/1069 439/111/792
f 1613/112/623 440/111/81 600/112/1068
f 1611/65/1201 439/111/792 441/65/620
f 1611/65/1201 440/111/81 1614/111/624
f 1616/58/1389 409/59/766 565/58/500
f 1615/59/499 566/58/386 410/59/394
f 1617/60/387 565/58/500 569/60/501
f 1617/60/387 566/58/386 1616/58/1389
f 1618/61/464 569/60/501 411/61/504
f 1618/61/464 570/60/502 1617/60/387
f 1615/59/499 411/61/504 409/59/766
f 1618/61/464 410/59/394 412/61/503
f 1620/85/1390 519/86/1015 371/85/695
f 1619/86/1391 372/85/697 520/86/1012
f 1620/85/1390 373/87/712 1621/87/1392
f 1620/85/1390 374/87/710 372/85/697
f 1621/87/1392 521/88/513 1622/88/1393
f 1622/88/1393 374/87/710 1621/87/1392
f 1619/86/1391 521/88/513 519/86/1015
f 1619/86/1391 522/88/1044 1622/88/1393
f 1624/264/1394 549/265/743 353/264/683
f 1623/265/1395 354/264/684 550/265/1050
f 1625/85/1396 353/264/683 383/85/509
f 1625/85/1396 354/264/684 1624/264/1394
f 1625/85/1396 547/86/507 1626/86/1397
f 1625/85/1396 548/86/516 384/85/508
f 1626/86/1397 549/265/743 1623/265/1395
f 1626/86/1397 550/265/1050 548/86/516
f 1628/60/1398 411/61/504 569/60/501
f 1627/61/1399 570/60/502 412/61/503
f 1629/181/1400 569/60/501 571/181/692
f 1629/181/1400 570/60/502 1628/60/1398
f 1630/182/1228 571/181/692 415/182/749
f 1629/181/1400 416/182/748 572/181/1053
f 1630/182/1228 411/61/504 1627/61/1399
f 1630/182/1228 412/61/503 416/182/748
f 1632/63/604 419/62/750 575/63/686
f 1631/62/395 576/63/1052 420/62/752
f 1633/64/1401 575/63/686 595/64/622
f 1633/64/1401 576/63/1052 1632/63/604
f 1634/65/1402 595/64/622 441/65/620
f 1633/64/1401 442/65/754 596/64/621
f 1634/65/1402 419/62/750 1631/62/395
f 1634/65/1402 420/62/752 442/65/754
f 1636/109/1403 601/110/1065 403/109/629
f 1636/109/1403 602/110/1067 1635/110/1404
f 1636/109/1403 439/111/792 1637/111/80
f 1636/109/1403 440/111/81 404/109/795
f 1637/111/80 599/112/1069 1638/112/1405
f 1637/111/80 600/112/1068 440/111/81
f 1635/110/1404 599/112/1069 601/110/1065
f 1635/110/1404 600/112/1068 1638/112/1405
f 1640/255/1406 437/171/790 435/255/629
f 1640/255/1406 438/171/528 1639/171/1124
f 1640/255/1406 603/256/76 1641/256/1407
f 1640/255/1406 604/256/86 436/255/628
f 1642/172/1127 603/256/76 593/172/1071
f 1642/172/1127 604/256/86 1641/256/1407
f 1639/171/1124 593/172/1071 437/171/790
f 1642/172/1127 438/171/528 594/172/1072
f 1644/181/843 427/182/778 585/181/932
f 1643/182/1247 586/181/930 428/182/776
f 1644/181/843 587/63/397 1645/63/1408
f 1644/181/843 588/63/399 586/181/930
f 1646/62/1409 587/63/397 429/62/396
f 1646/62/1409 588/63/399 1645/63/1408
f 1643/182/1247 429/62/396 427/182/778
f 1643/182/1247 430/62/406 1646/62/1409
f 1648/6/1410 129/35/235 659/6/1262
f 1647/35/1411 660/6/1265 130/35/237
f 1649/7/1412 659/6/1262 657/7/1146
f 1649/7/1412 660/6/1265 1648/6/1410
f 1649/7/1412 115/36/242 1650/36/1413
f 1650/36/1413 658/7/1144 1649/7/1412
f 1647/35/1411 115/36/242 129/35/235
f 1650/36/1413 130/35/237 116/36/240
f 1652/5/1414 643/4/1363 627/5/941
f 1651/4/1415 628/5/939 644/4/1362
f 1652/5/1414 629/5/935 1653/5/1416
f 1653/5/1416 628/5/939 1652/5/1414
f 1654/4/1417 629/5/935 641/4/1258
f 1654/4/1417 630/5/937 1653/5/1416
f 1651/4/1415 641/4/1258 643/4/1363
f 1654/4/1417 644/4/1362 642/4/1256
f 1655/48/1418 285/45/456 1656/45/1419
f 1655/48/1418 286/45/303 288/48/457
f 1657/46/1420 285/45/456 483/46/977
f 1656/45/1419 484/46/976 286/45/303
f 1658/47/1421 483/46/977 481/47/837
f 1657/46/1420 482/47/842 484/46/976
f 1658/47/1421 287/48/458 1655/48/1418
f 1655/48/1418 482/47/842 1658/47/1421
f 1660/28/1422 207/28/483 275/28/377
f 1660/28/1422 208/28/485 1659/28/1423
f 1660/28/1422 495/28/373 1661/28/1424
f 1661/28/1424 276/28/379 1660/28/1422
f 1662/28/1425 495/28/373 203/28/492
f 1662/28/1425 496/28/375 1661/28/1424
f 1662/28/1425 207/28/483 1659/28/1423
f 1659/28/1423 204/28/494 1662/28/1425
f 1664/79/1398 551/80/504 377/79/501
f 1664/79/1398 552/80/503 1663/80/1426
f 1665/177/1427 377/79/501 381/177/692
f 1665/177/1427 378/79/502 1664/79/1398
f 1666/178/931 381/177/692 545/178/845
f 1665/177/1427 546/178/846 382/177/690
f 1666/178/931 551/80/504 1663/80/1426
f 1666/178/931 552/80/503 546/178/846
f 1667/59/1428 407/247/763 1668/247/979
f 1667/59/1428 408/247/765 410/59/394
f 1668/247/979 581/248/1087 1669/248/978
f 1669/248/978 408/247/765 1668/247/979
f 1669/248/978 565/58/500 1670/58/1429
f 1669/248/978 566/58/386 582/248/1089
f 1667/59/1428 565/58/500 409/59/766
f 1670/58/1429 410/59/394 566/58/386
f 1672/258/1430 407/247/763 405/258/759
f 1672/258/1430 408/247/765 1671/247/1431
f 1673/259/1432 405/258/759 611/259/1090
f 1672/258/1430 612/259/1092 406/258/761
f 1674/248/1433 611/259/1090 581/248/1087
f 1673/259/1432 582/248/1089 612/259/1092
f 1671/247/1431 581/248/1087 407/247/763
f 1674/248/1433 408/247/765 582/248/1089
f 1676/105/1434 541/106/850 351/105/686
f 1675/106/1435 352/105/688 542/106/849
f 1677/107/1401 351/105/686 347/107/622
f 1677/107/1401 352/105/688 1676/105/1434
f 1678/108/402 347/107/622 537/108/620
f 1677/107/1401 538/108/625 348/107/621
f 1678/108/402 541/106/850 1675/106/1435
f 1678/108/402 542/106/849 538/108/625
f 1680/89/517 525/90/1022 363/89/522
f 1679/90/1436 364/89/740 526/90/1023
f 1681/91/521 363/89/522 365/91/704
f 1681/91/521 364/89/740 1680/89/517
f 1681/91/521 523/92/1021 1682/92/822
f 1681/91/521 524/92/320 366/91/702
f 1682/92/822 525/90/1022 1679/90/1436
f 1682/92/822 526/90/1023 524/92/320
f 1684/175/1437 235/175/1217 231/175/829
f 1683/175/1438 232/175/831 236/175/1221
f 1685/174/1439 231/175/829 445/174/826
f 1685/174/1439 232/175/831 1684/175/1437
f 1685/174/1439 331/174/1308 1686/174/1440
f 1686/174/1440 446/174/828 1685/174/1439
f 1683/175/1438 331/174/1308 235/175/1217
f 1686/174/1440 236/175/1221 332/174/1306
f 1688/91/324 523/92/1021 365/91/704
f 1687/92/1441 366/91/702 524/92/320
f 1688/91/324 367/264/698 1689/264/327
f 1688/91/324 368/264/700 366/91/702
f 1690/265/1442 367/264/698 517/265/1011
f 1689/264/327 518/265/1013 368/264/700
f 1687/92/1441 517/265/1011 523/92/1021
f 1687/92/1441 518/265/1013 1690/265/1442
f 1692/28/1443 193/28/1287 199/28/958
f 1691/28/1444 200/28/962 194/28/1291
f 1692/28/1443 195/28/421 1693/28/1445
f 1693/28/1445 200/28/962 1692/28/1443
f 1693/28/1445 197/28/420 1694/28/1446
f 1694/28/1446 196/28/423 1693/28/1445
f 1691/28/1444 197/28/420 193/28/1287
f 1694/28/1446 194/28/1291 198/28/424
f 1696/266/472 159/267/300 155/266/298
f 1695/267/1447 156/266/296 160/267/299
f 1697/66/478 155/266/298 339/66/655
f 1696/266/472 340/66/656 156/266/296
f 1697/66/478 301/67/578 1698/67/1448
f 1698/67/1448 340/66/656 1697/66/478
f 1695/267/1447 301/67/578 159/267/300
f 1698/67/1448 160/267/299 302/67/568
f 1700/54/329 515/55/987 513/54/335
f 1700/54/329 516/55/985 1699/55/1449
f 1701/47/334 513/54/335 489/47/309
f 1700/54/329 490/47/308 514/54/332
f 1701/47/334 267/48/992 1702/48/1450
f 1702/48/1450 490/47/308 1701/47/334
f 1703/45/1451 267/48/992 265/45/1329
f 1702/48/1450 266/45/1331 268/48/991
f 1704/46/304 265/45/1329 491/46/341
f 1703/45/1451 492/46/339 266/45/1331
f 1705/56/340 491/46/341 511/56/343
f 1704/46/304 512/56/308 492/46/339
f 1705/56/340 509/57/1006 1706/57/1452
f 1705/56/340 510/57/1007 512/56/308
f 1699/55/1449 509/57/1006 515/55/987
f 1706/57/1452 516/55/985 510/57/1007
f 1707/5/1453 669/5/1455 1708/5/1456
f 1708/5/1456 666/5/1458 1707/5/1453
f 1709/4/1459 669/5/1455 693/4/1462
f 1708/5/1456 694/4/1460 670/5/1457
f 1710/4/1461 693/4/1462 695/4/1464
f 1709/4/1459 696/4/1463 694/4/1460
f 1710/4/1461 665/5/1454 1707/5/1453
f 1707/5/1453 696/4/1463 1710/4/1461
f 1711/9/1465 671/6/1466 1712/6/1467
f 1712/6/1467 666/9/1458 1711/9/1465
f 1712/6/1467 667/6/1469 1713/6/1470
f 1713/6/1470 672/6/1468 1712/6/1467
f 1714/9/1472 667/6/1469 669/9/1455
f 1714/9/1472 668/6/1471 1713/6/1470
f 1711/9/1465 669/9/1455 665/9/1454
f 1714/9/1472 666/9/1458 670/9/1457
f 1715/1/1473 687/2/540 1716/2/1475
f 1716/2/1475 682/1/1476 1715/1/1473
f 1716/2/1475 685/2/538 1717/2/1477
f 1717/2/1477 688/2/539 1716/2/1475
f 1718/1/1478 685/2/538 683/1/1480
f 1717/2/1477 684/1/1479 686/2/536
f 1715/1/1473 683/1/1480 681/1/1474
f 1718/1/1478 682/1/1476 684/1/1479
f 1719/8/1481 677/8/1482 1720/8/1483
f 1720/8/1483 680/8/1034 1719/8/1481
f 1721/7/1485 677/8/1482 675/7/1488
f 1721/7/1485 678/8/1484 1720/8/1483
f 1722/7/1487 675/7/1488 673/7/1029
f 1721/7/1485 674/7/1028 676/7/1486
f 1719/8/1481 673/7/1029 679/8/1027
f 1719/8/1481 674/7/1028 1722/7/1487
f 1723/7/1489 675/7/1488 1724/7/1490
f 1724/7/1490 674/7/1028 1723/7/1489
f 1725/6/1491 675/7/1488 667/6/1469
f 1725/6/1491 676/7/1486 1724/7/1490
f 1726/6/1492 667/6/1469 671/6/1466
f 1725/6/1491 672/6/1468 668/6/1471
f 1723/7/1489 671/6/1466 673/7/1029
f 1723/7/1489 672/6/1468 1726/6/1492
f 1727/3/1493 695/4/1464 1728/4/1494
f 1728/4/1494 690/3/534 1727/3/1493
f 1728/4/1494 693/4/1462 1729/4/1495
f 1729/4/1495 696/4/1463 1728/4/1494
f 1730/3/1496 693/4/1462 691/3/531
f 1730/3/1496 694/4/1460 1729/4/1495
f 1727/3/1493 691/3/531 689/3/530
f 1730/3/1496 690/3/534 692/3/533
f 1731/1/1497 683/1/1480 1732/1/1498
f 1732/1/1498 682/1/1476 1731/1/1497
f 1732/1/1498 677/8/1482 1733/8/1499
f 1732/1/1498 678/8/1484 684/1/1479
f 1734/8/1500 677/8/1482 679/8/1027
f 1733/8/1499 680/8/1034 678/8/1484
f 1734/8/1500 681/1/1474 1731/1/1497
f 1734/8/1500 682/1/1476 680/8/1034
f 1735/6/1501 703/6/947 1736/6/1502
f 1736/6/1502 672/6/1468 1735/6/1501
f 1737/7/1503 703/6/947 697/7/1030
f 1736/6/1502 698/7/1032 704/6/952
f 1738/7/1504 697/7/1030 673/7/1029
f 1737/7/1503 674/7/1028 698/7/1032
f 1738/7/1504 671/6/1466 1735/6/1501
f 1738/7/1504 672/6/1468 674/7/1028
f 1740/5/1505 705/5/949 665/5/1454
f 1739/5/1506 666/5/1458 706/5/948
f 1741/4/1507 665/5/1454 695/4/1464
f 1741/4/1507 666/5/1458 1740/5/1505
f 1741/4/1507 711/4/1097 1742/4/1508
f 1742/4/1508 696/4/1463 1741/4/1507
f 1742/4/1508 705/5/949 1739/5/1506
f 1739/5/1506 712/4/1096 1742/4/1508
f 1743/1/1509 707/2/1107 1744/2/1510
f 1744/2/1510 702/1/119 1743/1/1509
f 1745/2/1511 707/2/1107 687/2/540
f 1744/2/1510 688/2/539 708/2/1106
f 1745/2/1511 681/1/1474 1746/1/1512
f 1745/2/1511 682/1/1476 688/2/539
f 1746/1/1512 701/1/120 1743/1/1509
f 1743/1/1509 682/1/1476 1746/1/1512
f 1748/1/1513 701/1/120 681/1/1474
f 1747/1/1514 682/1/1476 702/1/119
f 1748/1/1513 679/8/1027 1749/8/1515
f 1749/8/1515 682/1/1476 1748/1/1513
f 1749/8/1515 699/8/121 1750/8/1516
f 1750/8/1516 680/8/1034 1749/8/1515
f 1750/8/1516 701/1/120 1747/1/1514
f 1747/1/1514 700/8/123 1750/8/1516
f 1752/48/1517 325/2/291 185/48/1299
f 1751/2/1518 186/48/1298 326/2/290
f 1752/48/1517 189/48/1297 1753/48/1519
f 1752/48/1517 190/48/1295 186/48/1298
f 1754/2/1520 189/48/1297 327/2/283
f 1754/2/1520 190/48/1295 1753/48/1519
f 1751/2/1518 327/2/283 325/2/291
f 1751/2/1518 328/2/292 1754/2/1520
f 1756/9/1521 671/6/1466 665/9/1454
f 1755/6/1522 666/9/1458 672/6/1468
f 1756/9/1521 705/9/949 1757/9/1523
f 1757/9/1523 666/9/1458 1756/9/1521
f 1757/9/1523 703/6/947 1758/6/1524
f 1757/9/1523 704/6/952 706/9/948
f 1755/6/1522 703/6/947 671/6/1466
f 1758/6/1524 672/6/1468 704/6/952
f 1760/3/1525 709/3/1098 689/3/530
f 1759/3/1526 690/3/534 710/3/1100
f 1760/3/1525 687/2/540 1761/2/1527
f 1760/3/1525 688/2/539 690/3/534
f 1761/2/1527 707/2/1107 1762/2/1528
f 1762/2/1528 688/2/539 1761/2/1527
f 1759/3/1526 707/2/1107 709/3/1098
f 1759/3/1526 708/2/1106 1762/2/1528
f 1764/4/1529 709/3/1098 711/4/1097
f 1764/4/1529 710/3/1100 1763/3/1530
f 1765/4/1531 711/4/1097 695/4/1464
f 1764/4/1529 696/4/1463 712/4/1096
f 1765/4/1531 689/3/530 1766/3/1532
f 1766/3/1532 696/4/1463 1765/4/1531
f 1766/3/1532 709/3/1098 1763/3/1530
f 1763/3/1530 690/3/534 1766/3/1532
f 1768/87/1533 521/88/513 373/87/712
f 1767/88/1534 374/87/710 522/88/1044
f 1769/77/1183 373/87/712 375/77/500
f 1769/77/1183 374/87/710 1768/87/1533
f 1769/77/1183 553/78/459 1770/78/1182
f 1769/77/1183 554/78/394 376/77/386
f 1767/88/1534 553/78/459 521/88/513
f 1767/88/1534 554/78/394 1770/78/1182
f 1771/8/1535 697/7/1030 1772/7/1536
f 1772/7/1536 700/8/123 1771/8/1535
f 1772/7/1536 5/7/47 1773/7/1537
f 1773/7/1537 698/7/1032 1772/7/1536
f 1773/7/1537 15/8/41 1774/8/1538
f 1774/8/1538 6/7/45 1773/7/1537
f 1771/8/1535 15/8/41 699/8/121
f 1774/8/1538 700/8/123 16/8/43
f 1775/33/1539 53/33/136 1776/33/1540
f 1776/33/1540 134/33/224 1775/33/1539
f 1777/34/1541 53/33/136 55/34/133
f 1777/34/1541 54/33/138 1776/33/1540
f 1778/34/1542 55/34/133 141/34/226
f 1777/34/1541 142/34/228 56/34/135
f 1775/33/1539 141/34/226 133/33/225
f 1775/33/1539 142/34/228 1778/34/1542
f 1780/6/1543 697/7/1030 703/6/947
f 1779/7/1544 704/6/952 698/7/1032
f 1780/6/1543 1/6/50 1781/6/1545
f 1781/6/1545 704/6/952 1780/6/1543
f 1782/7/1546 1/6/50 5/7/47
f 1781/6/1545 6/7/45 2/6/48
f 1779/7/1544 5/7/47 697/7/1030
f 1782/7/1546 698/7/1032 6/7/45
f 1783/1/1547 21/2/27 1784/2/1548
f 1783/1/1547 22/2/25 20/1/28
f 1785/2/1549 21/2/27 707/2/1107
f 1784/2/1548 708/2/1106 22/2/25
f 1786/1/1550 707/2/1107 701/1/120
f 1786/1/1550 708/2/1106 1785/2/1549
f 1786/1/1550 19/1/29 1783/1/1547
f 1783/1/1547 702/1/119 1786/1/1550
f 1788/264/1551 517/265/1011 367/264/698
f 1788/264/1551 518/265/1013 1787/265/1386
f 1789/85/1396 367/264/698 371/85/695
f 1789/85/1396 368/264/700 1788/264/1551
f 1790/86/1552 371/85/695 519/86/1015
f 1789/85/1396 520/86/1012 372/85/697
f 1790/86/1552 517/265/1011 1787/265/1386
f 1790/86/1552 518/265/1013 520/86/1012
f 1792/68/472 247/69/567 245/68/600
f 1791/69/1553 246/68/602 248/69/565
f 1793/268/478 245/68/600 333/268/671
f 1792/68/472 334/268/670 246/68/602
f 1793/268/478 307/269/570 1794/269/1448
f 1794/269/1448 334/268/670 1793/268/478
f 1791/69/1553 307/269/570 247/69/567
f 1791/69/1553 308/269/568 1794/269/1448
f 1796/23/1136 101/2/219 107/23/214
f 1795/2/577 108/23/216 102/2/218
f 1797/76/453 107/23/214 265/76/1329
f 1796/23/1136 266/76/1331 108/23/216
f 1798/4/1554 265/76/1329 267/4/992
f 1797/76/453 268/4/991 266/76/1331
f 1795/2/577 267/4/992 101/2/219
f 1798/4/1554 102/2/218 268/4/991
f 1800/5/1555 29/4/18 11/5/17
f 1800/5/1555 30/4/20 1799/4/1556
f 1801/5/1557 11/5/17 705/5/949
f 1800/5/1555 706/5/948 12/5/16
f 1801/5/1557 711/4/1097 1802/4/1558
f 1801/5/1557 712/4/1096 706/5/948
f 1802/4/1558 29/4/18 1799/4/1556
f 1799/4/1556 712/4/1096 1802/4/1558
f 1804/91/1559 539/92/525 349/91/524
f 1803/92/1560 350/91/523 540/92/527
f 1804/91/1559 353/264/683 1805/264/1561
f 1804/91/1559 354/264/684 350/91/523
f 1806/265/1562 353/264/683 549/265/743
f 1805/264/1561 550/265/1050 354/264/684
f 1803/92/1560 549/265/743 539/92/525
f 1803/92/1560 550/265/1050 1806/265/1562
