# Blender 5.2.0 LTS
# www.blender.org
mtllib glass body upper.mtl
o body_upper
v 1.507329 -0.316146 -0.129969
v 1.508660 -0.316438 -0.131433
v 1.507329 -0.316146 0.129846
v 1.508660 -0.316438 0.131310
v 1.507329 -0.397018 -0.096373
v 1.508531 -0.398348 -0.097260
v 1.507329 -0.397018 0.096251
v 1.508531 -0.398348 0.097138
v 1.507329 0.092206 -0.129969
v 1.508660 0.092498 -0.131433
v 1.507329 0.092206 0.129846
v 1.508660 0.092498 0.131310
v 1.507329 0.173078 0.096251
v 1.508531 0.174408 0.097138
v 1.507329 0.173078 -0.096373
v 1.508531 0.174408 -0.097260
v -1.507329 0.084583 -0.000061
v -1.508590 0.086136 -0.000061
v -1.507329 0.054912 0.030247
v -1.508590 0.053814 0.029149
v -1.507329 0.067016 0.042351
v -1.508590 0.068114 0.043449
v -1.507329 0.024604 0.059918
v -1.508590 0.024604 0.061471
v -1.507329 0.067466 -0.000061
v -1.508590 0.065913 -0.000061
v -1.507329 0.024604 0.042801
v -1.508937 0.024604 0.041612
v -1.507329 0.054912 -0.030369
v -1.508590 0.053814 -0.029271
v -1.507329 -0.005704 0.030247
v -1.508590 -0.004606 0.029149
v -1.507329 0.067016 -0.042473
v -1.508590 0.068114 -0.043571
v -1.507329 -0.017808 0.042351
v -1.508590 -0.018906 0.043449
v -1.507329 0.024604 -0.060040
v -1.508590 0.024604 -0.061593
v -1.507329 -0.035375 -0.000061
v -1.508590 -0.036928 -0.000061
v -1.507329 0.024604 -0.042923
v -1.508937 0.024604 -0.041734
v -1.507329 -0.018258 -0.000061
v -1.508590 -0.016705 -0.000061
v -1.507329 -0.005704 -0.030369
v -1.508590 -0.004606 -0.029271
v -1.507329 -0.017808 -0.042473
v -1.508590 -0.018906 -0.043571
v -1.090824 0.054912 0.030247
v -1.092085 0.053814 0.029149
v -1.090824 0.024604 0.042801
v -1.092085 0.024604 0.041248
v -1.090824 0.067466 -0.000061
v -1.092085 0.065913 -0.000061
v -1.090824 -0.005704 0.030247
v -1.092085 -0.004606 0.029149
v -1.090824 0.054912 -0.030369
v -1.092085 0.053814 -0.029271
v -1.090824 0.024604 -0.042923
v -1.092085 0.024604 -0.041370
v -1.090824 -0.005704 -0.030369
v -1.092085 -0.004606 -0.029271
v -1.090824 -0.018258 -0.000061
v -1.092085 -0.016705 -0.000061
v 0.852996 -0.254656 -0.000061
v 0.854257 -0.256209 -0.000061
v 0.852996 -0.089329 -0.111493
v 0.854327 -0.089620 -0.112957
v 0.852996 -0.089329 0.111371
v 0.854327 -0.089620 0.112835
v 0.852996 -0.208500 -0.111493
v 0.854198 -0.209388 -0.112822
v 0.852996 -0.208500 0.111371
v 0.854198 -0.209388 0.112700
v 0.852996 0.133535 -0.111493
v 0.854257 0.134633 -0.112591
v 0.852996 0.022103 -0.157651
v 0.854257 0.022103 -0.159204
v 0.852996 0.133535 0.111371
v 0.854257 0.134633 0.112469
v 0.852996 0.022103 0.157528
v 0.854257 0.022103 0.159081
v 0.852996 0.179692 -0.000061
v 0.854257 0.181245 -0.000061
v -1.016539 0.133535 0.111371
v -1.017799 0.134633 0.112469
v -1.016539 0.133535 -0.111493
v -1.017799 0.134633 -0.112591
v -1.016539 -0.089329 -0.111493
v -1.017870 -0.089620 -0.112957
v -1.016539 0.179692 -0.000061
v -1.017799 0.181245 -0.000061
v -1.016539 0.022103 -0.157651
v -1.017799 0.022103 -0.159204
v -1.016539 -0.089329 0.111371
v -1.017870 -0.089620 0.112835
v -1.016539 0.022103 0.157528
v -1.017799 0.022103 0.159081
v -1.016539 -0.254656 -0.000061
v -1.017799 -0.256209 -0.000061
v -1.016539 -0.208500 0.111371
v -1.017741 -0.209388 0.112700
v -1.016539 -0.208500 -0.111493
v -1.017741 -0.209388 -0.112822
v -0.981869 0.121254 -0.080229
v -0.983283 0.121254 -0.081643
v -0.981869 0.121254 0.080107
v -0.983283 0.121254 0.081521
v -0.981869 0.181422 -0.080229
v -0.983283 0.181422 -0.081643
v -0.981869 0.181422 0.080107
v -0.983283 0.181422 0.081521
v -0.981869 0.341896 -0.039496
v -0.983024 0.343051 -0.038341
v -0.981869 0.397018 -0.080229
v -0.983024 0.398173 -0.081384
v -0.981869 0.397018 -0.039496
v -0.983024 0.398173 -0.038341
v -0.981869 0.341896 0.039374
v -0.983024 0.343051 0.038219
v -0.981869 0.397018 0.080107
v -0.983024 0.398173 0.081262
v -0.981869 0.397018 0.039374
v -0.983024 0.398173 0.038219
v 0.688061 0.181422 0.080107
v 0.689518 0.181692 0.081451
v 0.688061 0.121254 -0.080229
v 0.689475 0.121254 -0.081643
v 0.688061 0.181422 -0.080229
v 0.689557 0.181684 -0.081531
v 0.688061 0.121254 0.080107
v 0.689475 0.121254 0.081521
v 0.624995 0.341896 0.039374
v 0.626034 0.343355 0.038484
v 0.608760 0.397018 0.080107
v 0.609661 0.398403 0.081234
v 0.608760 0.397018 0.039374
v 0.609683 0.398354 0.038207
v 0.624995 0.341896 -0.039496
v 0.626031 0.343345 -0.038586
v 0.608760 0.397018 -0.080229
v 0.609678 0.398296 -0.081464
v 0.608760 0.397018 -0.039496
v 0.609683 0.398354 -0.038329
v 0.668859 0.098185 -0.116797
v 0.670066 0.099527 -0.117659
v 0.668859 0.024234 0.157651
v 0.670108 0.024234 0.159213
v 0.668859 0.024234 -0.150625
v 0.670108 0.024234 -0.152187
v 0.668859 0.098185 0.123824
v 0.670066 0.099527 0.124686
v 0.668859 -0.049718 -0.116797
v 0.670066 -0.051060 -0.117659
v 0.668859 -0.049718 0.123824
v 0.670066 -0.051060 0.124686
v -0.849640 0.024234 -0.146393
v -0.850914 0.024234 -0.147935
v -0.849640 0.024234 0.153418
v -0.850914 0.024234 0.154960
v -0.849640 0.066560 -0.130765
v -0.850837 0.067875 -0.131681
v -0.849640 0.066560 0.137791
v -0.850837 0.067875 0.138707
v -0.849640 -0.018093 -0.130765
v -0.850837 -0.019408 -0.131681
v -0.849640 -0.018093 0.137791
v -0.850837 -0.019408 0.138707
v 0.481057 0.098185 -0.116797
v 0.482029 0.099702 -0.117665
v 0.504682 0.024234 0.157651
v 0.506054 0.024234 0.159106
v 0.504682 0.024234 -0.150625
v 0.506054 0.024234 -0.152080
v 0.481057 0.098185 0.123824
v 0.482029 0.099702 0.124692
v 0.481057 -0.049718 -0.116797
v 0.482029 -0.051235 -0.117665
v 0.481057 -0.049718 0.123824
v 0.482029 -0.051235 0.124692
v -0.741506 0.209258 -0.080229
v -0.742313 0.209354 -0.082056
v -0.841790 0.326802 0.080107
v -0.842445 0.325383 0.081355
v -0.841790 0.326802 -0.080229
v -0.842445 0.325383 -0.081477
v -0.920102 0.326802 -0.080229
v -0.918947 0.325647 -0.081384
v -0.741506 0.209258 0.080107
v -0.742313 0.209354 0.081934
v -0.920102 0.326802 0.080107
v -0.918947 0.325647 0.081262
v -0.764810 0.192381 -0.080229
v -0.765282 0.193837 -0.081517
v -0.920102 0.209273 0.080107
v -0.919122 0.209801 0.081769
v -0.764810 0.192381 0.080107
v -0.765282 0.193837 0.081395
v -0.920102 0.209273 -0.080229
v -0.919122 0.209801 -0.081891
v -0.894452 0.192381 -0.080229
v -0.894015 0.193840 -0.081525
v -0.894452 0.192381 0.080107
v -0.894015 0.193840 0.081403
v 0.016717 0.397018 0.080107
v 0.016262 0.398476 0.081398
v 0.016717 0.397018 0.039374
v 0.016262 0.398476 0.038082
v 0.016717 0.397018 -0.080229
v 0.016262 0.398476 -0.081521
v 0.016717 0.397018 -0.039496
v 0.016262 0.398476 -0.038205
v -0.797968 0.397018 -0.039496
v -0.797304 0.398468 -0.038289
v -0.797968 0.397018 -0.080229
v -0.797315 0.398442 -0.081473
v -0.797968 0.397018 0.080107
v -0.797315 0.398442 0.081350
v -0.797968 0.397018 0.039374
v -0.797304 0.398468 0.038167
v -0.062913 0.341896 -0.039496
v -0.063497 0.343767 -0.039100
v -0.062913 0.341896 0.039374
v -0.063497 0.343767 0.038978
v -0.760969 0.341896 0.039374
v -0.759747 0.343429 0.038978
v -0.760969 0.341896 -0.039496
v -0.759752 0.343428 -0.039084
v -0.105861 0.312167 -0.080229
v -0.107256 0.312898 -0.081461
v -0.105861 0.312167 0.080107
v -0.107256 0.312898 0.081339
v 0.008555 -0.049718 -0.116797
v 0.007583 -0.051235 -0.117665
v 0.008555 -0.049718 0.123824
v 0.007583 -0.051235 0.124692
v 0.558546 -0.049718 -0.116797
v 0.557339 -0.051060 -0.117659
v 0.558546 -0.049718 0.123824
v 0.557339 -0.051060 0.124686
v -0.230233 0.066560 0.137791
v -0.229036 0.067875 0.138707
v -0.230233 0.024234 0.153418
v -0.228959 0.024234 0.154960
v -0.230233 -0.018093 0.137791
v -0.229036 -0.019408 0.138707
v -0.015070 0.024234 0.157651
v -0.016442 0.024234 0.159106
v 0.008555 0.098185 0.123824
v 0.007583 0.099702 0.124692
v 0.558546 0.024234 0.157651
v 0.557297 0.024234 0.159213
v 0.558546 0.098185 0.123824
v 0.557339 0.099527 0.124686
v -0.230233 0.066560 -0.130765
v -0.229036 0.067875 -0.131681
v -0.230233 0.024234 -0.146393
v -0.228959 0.024234 -0.147935
v -0.230233 -0.018093 -0.130765
v -0.229036 -0.019408 -0.131681
v -0.015070 0.024234 -0.150625
v -0.016442 0.024234 -0.152080
v 0.008555 0.098185 -0.116797
v 0.007583 0.099702 -0.117665
v 0.558546 0.024234 -0.150625
v 0.557297 0.024234 -0.152187
v 0.558546 0.098185 -0.116797
v 0.557339 0.099527 -0.117659
v 1.339450 0.173078 -0.096373
v 1.338248 0.174408 -0.097260
v 1.339450 0.173078 0.096251
v 1.338248 0.174408 0.097138
v 1.339450 0.092206 -0.129969
v 1.338119 0.092498 -0.131433
v 1.339450 -0.316146 -0.129969
v 1.338119 -0.316438 -0.131433
v 1.339450 0.092206 0.129846
v 1.338119 0.092498 0.131310
v 1.339450 -0.397018 -0.096373
v 1.338248 -0.398348 -0.097260
v 1.339450 -0.316146 0.129846
v 1.338119 -0.316438 0.131310
v 1.339450 -0.397018 0.096251
v 1.338248 -0.398348 0.097138
v -0.105861 0.181422 -0.080229
v -0.106464 0.182025 -0.082038
v -0.617237 0.181422 -0.080229
v -0.616712 0.182556 -0.081790
v -0.617237 0.181422 0.080107
v -0.616717 0.182557 0.081669
v -0.105861 0.181422 0.080107
v -0.106583 0.182144 0.081827
v -0.105861 0.121254 -0.080229
v -0.105861 0.121254 -0.082229
v -0.017182 0.197537 -0.080229
v -0.016786 0.198999 -0.081534
v 0.530654 0.197537 -0.080229
v 0.530080 0.198976 -0.081494
v -0.044668 0.213615 -0.080229
v -0.043721 0.214158 -0.081905
v -0.044668 0.291911 -0.080229
v -0.043277 0.291166 -0.081458
v 0.020953 0.335569 -0.080229
v 0.021394 0.334110 -0.081524
v 0.530226 0.335569 -0.080229
v 0.529642 0.334132 -0.081492
v 0.558139 0.308382 -0.080229
v 0.556707 0.307778 -0.081487
v 0.558139 0.223615 -0.080229
v 0.557055 0.224081 -0.081844
v 0.530654 0.197537 0.080107
v 0.530080 0.198976 0.081372
v 0.558139 0.223615 0.080107
v 0.557055 0.224081 0.081722
v 0.558139 0.308382 0.080107
v 0.556707 0.307778 0.081365
v 0.530226 0.335569 0.080107
v 0.529642 0.334132 0.081370
v 0.020953 0.335569 0.080107
v 0.021394 0.334110 0.081402
v -0.044668 0.291911 0.080107
v -0.043277 0.291166 0.081336
v -0.044668 0.213615 0.080107
v -0.043721 0.214158 0.081783
v -0.017182 0.197537 0.080107
v -0.016786 0.198999 0.081412
v -0.069378 -0.089329 0.111371
v -0.068117 -0.090427 0.112469
v -0.069378 0.133535 0.111371
v -0.068117 0.134633 0.112469
v -0.069378 0.022103 0.157528
v -0.068117 0.022103 0.159081
v -0.069378 -0.089329 -0.111493
v -0.068117 -0.090427 -0.112591
v -0.069378 -0.135486 -0.000061
v -0.068117 -0.137039 -0.000061
v -0.069378 0.133535 -0.111493
v -0.068117 0.134633 -0.112591
v -0.069378 0.179692 -0.000061
v -0.068117 0.181245 -0.000061
v -0.069378 0.022103 -0.157651
v -0.068117 0.022103 -0.159204
v -0.168212 0.133535 -0.111493
v -0.169473 0.134633 -0.112591
v -0.168212 0.179692 -0.000061
v -0.169473 0.181245 -0.000061
v -0.168212 0.022103 -0.157651
v -0.169473 0.022103 -0.159204
v -0.168212 0.133535 0.111371
v -0.169473 0.134633 0.112469
v -0.168212 -0.089329 -0.111493
v -0.169473 -0.090427 -0.112591
v -0.168212 0.022103 0.157528
v -0.169473 0.022103 0.159081
v -0.168212 -0.135486 -0.000061
v -0.169473 -0.137039 -0.000061
v -0.168212 -0.089329 0.111371
v -0.169473 -0.090427 0.112469
v -0.948602 -0.017808 0.042351
v -0.948602 -0.019222 0.043765
v -0.948602 0.024604 0.059918
v -0.948602 0.024604 0.061918
v -0.948602 -0.035375 -0.000061
v -0.948602 -0.037375 -0.000061
v -0.948602 0.067016 0.042351
v -0.948602 0.068430 0.043765
v -0.948602 -0.017808 -0.042473
v -0.948602 -0.019222 -0.043887
v -0.948602 0.084583 -0.000061
v -0.948602 0.086583 -0.000061
v -0.948602 0.024604 -0.060040
v -0.948602 0.024604 -0.062040
v -0.948602 0.067016 -0.042473
v -0.948602 0.068430 -0.043887
v 0.838923 -0.035112 0.079346
v 0.838923 -0.036526 0.080760
v 1.363204 -0.035112 0.079346
v 1.363204 -0.036526 0.080760
v 1.363204 0.044295 0.112238
v 1.363204 0.044295 0.114238
v 0.838923 -0.068004 -0.000061
v 0.838923 -0.070004 -0.000061
v 0.838923 0.044295 0.112238
v 0.838923 0.044295 0.114238
v 1.363204 -0.068004 -0.000061
v 1.363204 -0.070004 -0.000061
v 1.363204 0.123702 0.079346
v 1.363204 0.125116 0.080760
v 0.838923 -0.035112 -0.079468
v 0.838923 -0.036526 -0.080882
v 0.838923 0.123702 0.079346
v 0.838923 0.125116 0.080760
v 1.363204 -0.035112 -0.079468
v 1.363204 -0.036526 -0.080882
v 1.363204 0.156594 -0.000061
v 1.363204 0.158594 -0.000061
v 0.838923 0.044295 -0.112360
v 0.838923 0.044295 -0.114360
v 0.838923 0.156594 -0.000061
v 0.838923 0.158594 -0.000061
v 1.363204 0.044295 -0.112360
v 1.363204 0.044295 -0.114360
v 1.363204 0.123702 -0.079468
v 1.363204 0.125116 -0.080882
v 0.838923 0.123702 -0.079468
v 0.838923 0.125116 -0.080882
v -0.917705 0.133535 -0.111493
v -0.916444 0.134633 -0.112591
v -0.917705 0.179692 -0.000061
v -0.916444 0.181245 -0.000061
v -0.917705 0.133535 0.111371
v -0.916444 0.134633 0.112469
v -0.917705 0.022103 -0.157651
v -0.916444 0.022103 -0.159204
v -0.917705 0.022103 0.157528
v -0.916444 0.022103 0.159081
v -0.917705 -0.089329 -0.111493
v -0.916374 -0.089620 -0.112957
v -0.917705 -0.208500 -0.111493
v -0.916503 -0.209388 -0.112822
v -0.917705 -0.089329 0.111371
v -0.916374 -0.089620 0.112835
v -0.917705 -0.254656 -0.000061
v -0.916444 -0.256209 -0.000061
v -0.917705 -0.208500 0.111371
v -0.916503 -0.209388 0.112700
v 0.754163 0.133535 -0.111493
v 0.752903 0.134633 -0.112591
v 0.754163 0.179692 -0.000061
v 0.752903 0.181245 -0.000061
v 0.754163 0.022103 -0.157651
v 0.752903 0.022103 -0.159204
v 0.754163 0.133535 0.111371
v 0.752903 0.134633 0.112469
v 0.754163 -0.089329 -0.111493
v 0.752832 -0.089620 -0.112957
v 0.754163 0.022103 0.157528
v 0.752903 0.022103 0.159081
v 0.754163 -0.208500 -0.111493
v 0.752961 -0.209388 -0.112822
v 0.754163 -0.089329 0.111371
v 0.752832 -0.089620 0.112835
v 0.754163 -0.254656 -0.000061
v 0.752903 -0.256209 -0.000061
v 0.754163 -0.208500 0.111371
v 0.752961 -0.209388 0.112700
v 1.338784 -0.316093 0.129578
v 1.338784 0.092153 0.129578
v 1.338849 0.172743 0.096027
v 1.338849 0.172743 -0.096149
v 1.338784 0.092153 -0.129701
v 1.338784 -0.316093 -0.129701
v 1.338849 -0.396683 -0.096149
v 1.338849 -0.396683 0.096027
v -0.798636 0.397743 0.039770
v -0.981446 0.397595 0.039797
v -0.981446 0.397595 0.079684
v -0.798642 0.397730 0.079729
v -1.507959 0.067772 -0.000061
v -1.507959 0.055128 0.030463
v -1.508133 0.025604 0.042875
v -1.507959 0.025604 0.059198
v -1.507959 0.066800 0.042135
v -1.507959 0.084277 -0.000061
v -1.507959 0.066800 -0.042257
v -1.507959 0.025604 -0.059320
v -1.508133 0.025604 -0.042997
v -1.507959 0.055128 -0.030585
v -0.982446 0.341473 0.039797
v -0.982446 0.341473 -0.039919
v -0.982446 0.396595 -0.039919
v -0.982446 0.396595 -0.079806
v -0.982576 0.181422 -0.079936
v -0.982576 0.122254 -0.079936
v -0.982576 0.122254 0.079814
v -0.982576 0.181422 0.079814
v -0.982446 0.396595 0.079684
v -0.982446 0.396595 0.039797
v -1.507959 -0.017592 0.042135
v -1.507959 0.023604 0.059198
v -1.508133 0.023604 0.042875
v -1.507959 -0.005920 0.030463
v -1.507959 -0.018564 -0.000061
v -1.507959 -0.005920 -0.030585
v -1.508133 0.023604 -0.042997
v -1.507959 0.023604 -0.059320
v -1.507959 -0.017592 -0.042257
v -1.507959 -0.035069 -0.000061
v -1.506959 -0.018740 -0.042098
v -0.949602 -0.018898 -0.042256
v -0.949602 -0.035992 -0.000985
v -1.506959 -0.035769 -0.000985
v -1.016169 0.134467 -0.111118
v -1.016169 0.180086 -0.000985
v -0.918075 0.180086 -0.000985
v -0.918075 0.134467 -0.111118
v -1.092454 0.023680 0.041642
v -1.092454 -0.004231 0.030081
v -1.506959 -0.004231 0.030081
v -1.507133 0.023680 0.041824
v 1.506995 0.093275 -0.130317
v 1.339784 0.093275 -0.130317
v 1.339849 0.172819 -0.097200
v 1.506930 0.172819 -0.097200
v -1.506959 0.054746 0.028774
v -1.506959 0.066307 0.000863
v -1.092454 0.066307 0.000863
v -1.092454 0.054746 0.028774
v 0.017489 0.397747 -0.079875
v 0.017489 0.397747 -0.039850
v 0.608222 0.397686 -0.039913
v 0.608219 0.397657 -0.079847
v -0.949602 0.023680 0.060535
v -1.506959 0.023680 0.060312
v -1.506959 -0.017433 0.043283
v -0.949602 -0.017591 0.043441
v -1.091454 -0.004390 0.028933
v -1.091454 0.024604 0.040942
v -1.091454 0.053598 0.028933
v -1.091454 0.065607 -0.000061
v -1.091454 0.053598 -0.029055
v -1.091454 0.024604 -0.041064
v -1.091454 -0.004390 -0.029055
v -1.091454 -0.016399 -0.000061
v 0.558943 0.098856 0.123255
v 0.668462 0.098856 0.123255
v 0.668462 0.098856 -0.116228
v 0.558943 0.098856 -0.116228
v -0.043973 0.290538 -0.079844
v -0.043973 0.290538 0.079722
v -0.044195 0.214887 0.079945
v -0.044195 0.214887 -0.080067
v -0.893233 0.193111 -0.079877
v -0.893233 0.193111 0.079755
v -0.766046 0.193109 0.079751
v -0.766046 0.193109 -0.079873
v 0.853662 -0.089276 0.111103
v 0.853597 -0.208276 0.111036
v 0.853626 -0.254350 -0.000061
v 0.853597 -0.208276 -0.111158
v 0.853662 -0.089276 -0.111225
v 0.853626 0.022103 -0.157345
v 0.853626 0.133319 -0.111277
v 0.853626 0.179386 -0.000061
v 0.853626 0.133319 0.111155
v 0.853626 0.022103 0.157222
v 1.362204 0.124792 -0.079251
v 0.839923 0.124792 -0.079251
v 0.839923 0.157211 -0.000985
v 1.362204 0.157211 -0.000985
v -1.017169 0.133319 0.111155
v -1.017169 0.179386 -0.000061
v -1.017169 0.133319 -0.111277
v -1.017169 0.022103 -0.157345
v -1.017205 -0.089276 -0.111225
v -1.017140 -0.208276 -0.111158
v -1.017169 -0.254350 -0.000061
v -1.017140 -0.208276 0.111036
v -1.017205 -0.089276 0.111103
v -1.017169 0.022103 0.157222
v -0.850238 -0.017750 -0.130526
v -0.850238 -0.017750 0.137552
v -0.850277 0.023234 0.152754
v -0.850277 0.023234 -0.145729
v -0.895068 0.193661 0.079755
v -0.895068 0.193661 -0.079877
v -0.918777 0.208987 -0.080060
v -0.918777 0.208987 0.079938
v 0.480792 -0.049567 -0.117647
v 0.008820 -0.049567 -0.117647
v -0.014424 0.023325 -0.150936
v 0.504036 0.023325 -0.150936
v -0.615977 0.181990 0.079888
v -0.107222 0.181783 0.079967
v -0.107163 0.181724 -0.080134
v -0.615975 0.181989 -0.080010
v 0.625795 0.341661 -0.040041
v 0.625797 0.341666 0.039929
v 0.609504 0.396727 0.039790
v 0.609556 0.396772 0.079670
v 0.688444 0.182496 0.079779
v 0.688464 0.182491 -0.079880
v 0.609564 0.396718 -0.079847
v 0.609504 0.396727 -0.039913
v 0.669483 0.024234 0.157332
v 0.669462 -0.049389 0.123613
v 0.669462 -0.049389 -0.116586
v 0.669483 0.024234 -0.150306
v 0.669462 0.097856 -0.116586
v 0.669462 0.097856 0.123613
v -0.229635 0.066217 -0.130526
v -0.229635 0.066217 0.137552
v -0.229596 0.025234 0.152754
v -0.229596 0.025234 -0.145729
v -0.229596 0.023234 0.152754
v -0.229635 -0.017750 0.137552
v -0.229635 -0.017750 -0.130526
v -0.229596 0.023234 -0.145729
v -0.015452 0.025187 0.156852
v 0.007765 0.097991 0.123603
v 0.007765 0.097991 -0.116576
v -0.015452 0.025187 -0.149826
v 1.339849 0.173743 0.095695
v 1.506930 0.173743 0.095695
v 1.506930 0.173743 -0.095817
v 1.339849 0.173743 -0.095817
v -1.507133 0.023680 -0.041946
v -1.506959 -0.004231 -0.030203
v -1.092454 -0.004231 -0.030203
v -1.092454 0.023680 -0.041764
v -0.069748 0.133160 -0.112425
v -0.069748 0.023027 -0.158045
v -0.167842 0.023027 -0.158045
v -0.167842 0.133160 -0.112425
v -0.069748 0.021179 -0.158045
v -0.069748 -0.088954 -0.112425
v -0.167842 -0.088954 -0.112425
v -0.167842 0.021179 -0.158045
v -0.167842 0.133160 0.112303
v -0.167842 0.023027 0.157922
v -0.069748 0.023027 0.157922
v -0.069748 0.133160 0.112303
v -0.764236 0.193695 -0.079873
v -0.764236 0.193695 0.079751
v -0.742719 0.208720 0.080021
v -0.742719 0.208720 -0.080143
v 0.480543 -0.050476 0.123258
v 0.009069 -0.050476 0.123258
v 0.009069 -0.050476 -0.116231
v 0.480543 -0.050476 -0.116231
v -1.506959 0.053439 -0.030203
v -1.507133 0.025528 -0.041946
v -1.092454 0.025528 -0.041764
v -1.092454 0.053439 -0.030203
v -0.949602 0.068106 -0.042256
v -1.506959 0.067948 -0.042098
v -1.506959 0.084977 -0.000985
v -0.949602 0.085200 -0.000985
v -0.064027 0.342262 -0.040298
v 0.015667 0.397178 -0.039850
v 0.015667 0.397178 -0.079875
v -0.105737 0.313102 -0.079845
v -0.105737 0.313102 0.079723
v 0.015667 0.397178 0.079753
v 0.015667 0.397178 0.039728
v -0.064027 0.342262 0.040176
v -0.949602 0.066799 0.043441
v -1.506959 0.066641 0.043283
v -1.506959 0.025528 0.060312
v -0.949602 0.025528 0.060535
v 0.558943 -0.049480 0.124671
v 0.668462 -0.049480 0.124671
v 0.668483 0.023325 0.158016
v 0.558922 0.023325 0.158016
v -1.092454 0.053439 0.030081
v -1.092454 0.025528 0.041642
v -1.507133 0.025528 0.041824
v -1.506959 0.053439 0.030081
v -0.167842 0.021179 0.157922
v -0.167842 -0.088954 0.112303
v -0.069748 -0.088954 0.112303
v -0.069748 0.021179 0.157922
v -0.981446 0.396595 0.038797
v -0.798169 0.396743 0.038770
v -0.762234 0.343662 0.039176
v -0.981446 0.343473 0.038797
v -0.014424 0.025143 -0.150936
v 0.008820 0.098034 -0.117647
v 0.480792 0.098034 -0.117647
v 0.504036 0.025143 -0.150936
v -1.016169 0.133160 0.112303
v -1.016169 0.023027 0.157922
v -0.918075 0.023027 0.157922
v -0.918075 0.133160 0.112303
v 0.839923 0.123485 -0.080558
v 1.362204 0.123485 -0.080558
v 1.362204 0.045219 -0.112977
v 0.839923 0.045219 -0.112977
v -0.981446 0.397595 -0.079806
v -0.981446 0.397595 -0.039919
v -0.798636 0.397743 -0.039892
v -0.798642 0.397730 -0.079851
v -0.069748 -0.135880 0.000863
v -0.069748 -0.090261 0.110996
v -0.167842 -0.090261 0.110996
v -0.167842 -0.135880 0.000863
v 0.480792 0.098034 0.124674
v 0.008820 0.098034 0.124674
v -0.014424 0.025143 0.157962
v 0.504036 0.025143 0.157962
v -0.014424 0.023325 0.157962
v 0.008820 -0.049567 0.124674
v 0.480792 -0.049567 0.124674
v 0.504036 0.023325 0.157962
v 0.852626 0.021179 -0.158045
v 0.852662 -0.088551 -0.112608
v 0.754497 -0.088551 -0.112608
v 0.754533 0.021179 -0.158045
v -0.230635 -0.018750 -0.130223
v -0.230635 -0.018750 0.137249
v -0.849238 -0.018750 0.137249
v -0.849238 -0.018750 -0.130223
v 0.020341 0.334286 -0.079876
v 0.020341 0.334286 0.079754
v -0.043140 0.292092 0.079722
v -0.043140 0.292092 -0.079844
v 0.668462 0.097947 -0.117644
v 0.668483 0.025143 -0.150990
v 0.558922 0.025143 -0.150990
v 0.558943 0.097947 -0.117644
v 0.852597 -0.209327 -0.111234
v 0.852626 -0.255050 -0.000985
v 0.754533 -0.255050 -0.000985
v 0.754562 -0.209327 -0.111234
v 1.339784 0.093275 0.130194
v 1.506995 0.093275 0.130194
v 1.506930 0.172819 0.097078
v 1.339849 0.172819 0.097078
v 0.754533 0.133160 0.112303
v 0.754533 0.023027 0.157922
v 0.852626 0.023027 0.157922
v 0.852626 0.133160 0.112303
v -1.506959 0.066307 -0.000985
v -1.506959 0.054746 -0.028896
v -1.092454 0.054746 -0.028896
v -1.092454 0.066307 -0.000985
v -1.092454 -0.005538 -0.028896
v -1.506959 -0.005538 -0.028896
v -1.506959 -0.017099 -0.000985
v -1.092454 -0.017099 -0.000985
v 1.339849 -0.396759 0.097078
v 1.506930 -0.396759 0.097078
v 1.506995 -0.317215 0.130194
v 1.339784 -0.317215 0.130194
v -0.918075 0.021179 -0.158045
v -0.918039 -0.088551 -0.112608
v -1.016205 -0.088551 -0.112608
v -1.016169 0.021179 -0.158045
v -0.043331 0.213382 -0.080067
v -0.043331 0.213382 0.079945
v -0.017847 0.198773 0.079760
v -0.017847 0.198773 -0.079882
v -0.742559 0.210067 -0.080143
v -0.742559 0.210067 0.080021
v -0.841468 0.325332 0.079731
v -0.841468 0.325332 -0.079853
v 0.608222 0.397686 0.039790
v 0.017489 0.397747 0.039728
v 0.017489 0.397747 0.079753
v 0.608211 0.397710 0.079670
v -0.843117 0.326092 0.079731
v -0.918525 0.326225 0.079684
v -0.918525 0.326225 -0.079806
v -0.843117 0.326092 -0.079853
v -0.741365 0.210209 -0.081143
v -0.841656 0.327092 -0.080853
v -0.920525 0.327225 -0.080806
v -0.920612 0.210183 -0.081060
v -0.981576 0.182970 -0.080936
v -0.981446 0.396595 -0.080806
v -0.798108 0.396730 -0.080851
v -0.619639 0.183611 -0.081010
v -0.617085 0.180989 -0.081010
v -0.107163 0.180724 -0.081134
v -0.106861 0.122254 -0.081229
v -0.981576 0.122254 -0.080936
v -0.981576 0.180776 -0.080936
v -0.919703 0.208399 -0.081060
v -0.894533 0.192111 -0.080877
v -0.764722 0.192109 -0.080873
v -0.741688 0.208232 -0.081143
v -0.981576 0.122254 0.080814
v 0.687768 0.122254 0.080814
v 0.687789 0.180830 0.080779
v 0.557854 0.222713 0.080915
v 0.530766 0.197256 0.080739
v -0.017255 0.197268 0.080760
v -0.044220 0.212743 0.080945
v -0.105975 0.180783 0.080967
v -0.617088 0.180990 0.080888
v -0.741688 0.208232 0.081021
v -0.764722 0.192109 0.080751
v -0.894533 0.192111 0.080755
v -0.919703 0.208399 0.080938
v -0.981576 0.180776 0.080814
v 0.020871 0.335839 -0.080876
v -0.044973 0.292074 -0.080844
v -0.045195 0.214490 -0.081067
v -0.105163 0.183380 -0.081134
v -0.105559 0.312009 -0.080845
v 0.016802 0.396747 -0.080875
v 0.608521 0.396657 -0.080847
v 0.687160 0.183140 -0.080880
v 0.558597 0.224574 -0.081037
v 0.558423 0.308502 -0.080858
v 0.530340 0.335851 -0.080860
v -0.105163 0.181120 -0.081134
v -0.044220 0.212743 -0.081067
v -0.017255 0.197268 -0.080882
v 0.530766 0.197256 -0.080861
v 0.557854 0.222713 -0.081037
v 0.687809 0.180826 -0.080880
v 0.687768 0.122254 -0.080936
v -0.104861 0.122254 -0.081229
v -1.506959 0.023680 -0.060434
v -0.949602 0.023680 -0.060657
v -0.949602 -0.017591 -0.043563
v -1.506959 -0.017433 -0.043405
v -0.841656 0.327092 0.080731
v -0.741365 0.210209 0.081021
v -0.619641 0.183611 0.080888
v -0.798108 0.396730 0.080729
v -0.981446 0.396595 0.080684
v -0.981576 0.182970 0.080814
v -0.920612 0.210183 0.080938
v -0.920525 0.327225 0.080684
v 0.007765 -0.049524 -0.116576
v 0.007765 -0.049524 0.123603
v -0.015452 0.023281 0.156852
v -0.015452 0.023281 -0.149826
v -0.068748 0.133319 0.111155
v -0.068748 0.022103 0.157222
v -0.068748 -0.089113 0.111155
v -0.068748 -0.135180 -0.000061
v -0.068748 -0.089113 -0.111277
v -0.068748 0.022103 -0.157345
v -0.068748 0.133319 -0.111277
v -0.068748 0.179386 -0.000061
v -0.759691 0.341918 0.038347
v -0.617644 0.182735 0.079681
v -0.617642 0.182734 -0.079803
v -0.759693 0.341917 -0.038461
v -0.849238 0.067217 -0.130223
v -0.849238 0.067217 0.137249
v -0.230635 0.067217 0.137249
v -0.230635 0.067217 -0.130223
v -0.849277 0.025172 0.153843
v -0.230596 0.025172 0.153843
v -0.230635 0.066279 0.138595
v -0.849238 0.066279 0.138595
v -0.919612 0.210537 0.079938
v -0.919612 0.210537 -0.080060
v -0.919525 0.325225 -0.079806
v -0.919525 0.325225 0.079684
v -0.062205 0.342832 0.038176
v 0.624515 0.342625 0.037929
v 0.624513 0.342620 -0.038041
v -0.062205 0.342832 -0.038298
v 0.839923 0.043371 -0.112977
v 1.362204 0.043371 -0.112977
v 1.362204 -0.034895 -0.080558
v 0.839923 -0.034895 -0.080558
v -1.092454 -0.017099 0.000863
v -1.506959 -0.017099 0.000863
v -1.506959 -0.005538 0.028774
v -1.092454 -0.005538 0.028774
v -1.506959 -0.035769 0.000863
v -0.949602 -0.035992 0.000863
v -0.949602 -0.018898 0.042134
v -1.506959 -0.018740 0.041976
v 0.529367 0.198256 -0.079861
v -0.015984 0.198268 -0.079882
v -0.015984 0.198268 0.079760
v 0.529367 0.198256 0.079739
v -0.168842 0.133319 -0.111277
v -0.168842 0.022103 -0.157345
v -0.168842 -0.089113 -0.111277
v -0.168842 -0.135180 -0.000061
v -0.168842 -0.089113 0.111155
v -0.168842 0.022103 0.157222
v -0.168842 0.133319 0.111155
v -0.168842 0.179386 -0.000061
v 1.362204 0.123485 0.080436
v 0.839923 0.123485 0.080436
v 0.839923 0.045219 0.112855
v 1.362204 0.045219 0.112855
v -0.167842 0.134467 -0.111118
v -0.167842 0.180086 -0.000985
v -0.069748 0.180086 -0.000985
v -0.069748 0.134467 -0.111118
v -0.230635 0.066279 -0.131569
v -0.230596 0.025172 -0.146818
v -0.849277 0.025172 -0.146818
v -0.849238 0.066279 -0.131569
v 1.507995 -0.316093 0.129578
v 1.507930 -0.396683 0.096027
v 1.507930 -0.396683 -0.096149
v 1.507995 -0.316093 -0.129701
v 1.507995 0.092153 -0.129701
v 1.507930 0.172743 -0.096149
v 1.507930 0.172743 0.096027
v 1.507995 0.092153 0.129578
v 0.839923 -0.068621 0.000863
v 1.362204 -0.068621 0.000863
v 1.362204 -0.036202 0.079129
v 0.839923 -0.036202 0.079129
v -0.981446 0.342473 -0.037919
v -0.981446 0.342473 0.037797
v -0.761358 0.342662 0.038176
v -0.761360 0.342662 -0.038290
v 1.362204 0.043371 0.112855
v 0.839923 0.043371 0.112855
v 0.839923 -0.034895 0.080436
v 1.362204 -0.034895 0.080436
v -0.069748 -0.090261 -0.111118
v -0.069748 -0.135880 -0.000985
v -0.167842 -0.135880 -0.000985
v -0.167842 -0.090261 -0.111118
v -0.918075 -0.255050 0.000863
v -0.918104 -0.209327 0.111112
v -1.016140 -0.209327 0.111112
v -1.016169 -0.255050 0.000863
v 0.009069 0.098943 0.123258
v 0.480543 0.098943 0.123258
v 0.480543 0.098943 -0.116231
v 0.009069 0.098943 -0.116231
v -1.506959 0.066641 -0.043405
v -0.949602 0.066799 -0.043563
v -0.949602 0.025528 -0.060657
v -1.506959 0.025528 -0.060434
v -0.949602 0.085200 0.000863
v -1.506959 0.084977 0.000863
v -1.506959 0.067948 0.041976
v -0.949602 0.068106 0.042134
v 0.668462 -0.050389 0.123255
v 0.558943 -0.050389 0.123255
v 0.558943 -0.050389 -0.116228
v 0.668462 -0.050389 -0.116228
v -1.016140 -0.207944 0.112036
v -0.918104 -0.207944 0.112036
v -0.918039 -0.090475 0.112103
v -1.016205 -0.090475 0.112103
v -1.016169 0.180086 0.000863
v -1.016169 0.134467 0.110996
v -0.918075 0.134467 0.110996
v -0.918075 0.180086 0.000863
v 1.362204 0.157211 0.000863
v 0.839923 0.157211 0.000863
v 0.839923 0.124792 0.079129
v 1.362204 0.124792 0.079129
v -0.167842 0.180086 0.000863
v -0.167842 0.134467 0.110996
v -0.069748 0.134467 0.110996
v -0.069748 0.180086 0.000863
v -0.918104 -0.209327 -0.111234
v -0.918075 -0.255050 -0.000985
v -1.016169 -0.255050 -0.000985
v -1.016140 -0.209327 -0.111234
v 0.668483 0.025143 0.158016
v 0.668462 0.097947 0.124671
v 0.558943 0.097947 0.124671
v 0.558922 0.025143 0.158016
v 0.754533 0.134467 -0.111118
v 0.754533 0.180086 -0.000985
v 0.852626 0.180086 -0.000985
v 0.852626 0.134467 -0.111118
v -1.016169 0.021179 0.157922
v -1.016205 -0.088551 0.112486
v -0.918039 -0.088551 0.112486
v -0.918075 0.021179 0.157922
v -0.918104 -0.207944 -0.112158
v -1.016140 -0.207944 -0.112158
v -1.016205 -0.090475 -0.112225
v -0.918039 -0.090475 -0.112225
v -0.918075 0.133160 -0.112425
v -0.918075 0.023027 -0.158045
v -1.016169 0.023027 -0.158045
v -1.016169 0.133160 -0.112425
v 0.839923 -0.036202 -0.079251
v 1.362204 -0.036202 -0.079251
v 1.362204 -0.068621 -0.000985
v 0.839923 -0.068621 -0.000985
v -0.230596 0.023296 -0.146818
v -0.230635 -0.017812 -0.131569
v -0.849238 -0.017812 -0.131569
v -0.849277 0.023296 -0.146818
v 0.624176 0.343620 -0.039041
v 0.608474 0.396686 -0.038913
v 0.016802 0.396747 -0.038850
v -0.060004 0.343832 -0.039298
v -0.798169 0.396743 -0.038892
v -0.981446 0.396595 -0.038919
v -0.981446 0.343473 -0.038919
v -0.762236 0.343662 -0.039290
v -0.850277 0.025234 0.152754
v -0.850238 0.066217 0.137552
v -0.850238 0.066217 -0.130526
v -0.850277 0.025234 -0.145729
v 0.754533 0.180086 0.000863
v 0.754533 0.134467 0.110996
v 0.852626 0.134467 0.110996
v 0.852626 0.180086 0.000863
v 0.754533 0.021179 0.157922
v 0.754497 -0.088551 0.112486
v 0.852662 -0.088551 0.112486
v 0.852626 0.021179 0.157922
v 0.852626 0.133160 -0.112425
v 0.852626 0.023027 -0.158045
v 0.754533 0.023027 -0.158045
v 0.754533 0.133160 -0.112425
v 1.506930 -0.396759 -0.097200
v 1.339849 -0.396759 -0.097200
v 1.339784 -0.317215 -0.130317
v 1.506995 -0.317215 -0.130317
v 0.668483 0.023325 -0.150990
v 0.668462 -0.049480 -0.117644
v 0.558943 -0.049480 -0.117644
v 0.558922 0.023325 -0.150990
v 0.852597 -0.207944 -0.112158
v 0.754562 -0.207944 -0.112158
v 0.754497 -0.090475 -0.112225
v 0.852662 -0.090475 -0.112225
v 0.557943 -0.049389 -0.116586
v 0.557943 -0.049389 0.123613
v 0.557922 0.024234 0.157332
v 0.557943 0.097856 0.123613
v 0.557943 0.097856 -0.116586
v 0.557922 0.024234 -0.150306
v -0.106163 0.182724 -0.080134
v -0.106222 0.182783 0.079967
v -0.106559 0.311533 0.079723
v -0.106559 0.311533 -0.079845
v 0.688789 0.180557 0.079779
v 0.688768 0.122254 0.079814
v 0.688768 0.122254 -0.079936
v 0.688809 0.180553 -0.079880
v 0.481847 0.097991 -0.116576
v 0.481847 0.097991 0.123603
v 0.505064 0.025187 0.156852
v 0.505064 0.025187 -0.149826
v 0.505064 0.023281 0.156852
v 0.481847 -0.049524 0.123603
v 0.481847 -0.049524 -0.116576
v 0.505064 0.023281 -0.149826
v 0.556872 0.223160 0.079915
v 0.556872 0.223160 -0.080037
v 0.531092 0.198945 -0.079861
v 0.531092 0.198945 0.079739
v 1.506995 0.091352 -0.130701
v 1.506995 -0.315292 -0.130701
v 1.339784 -0.315292 -0.130701
v 1.339784 0.091352 -0.130701
v 0.530650 0.334153 0.079738
v 0.530650 0.334153 -0.079860
v 0.556706 0.308778 -0.079858
v 0.556706 0.308778 0.079736
v 0.852626 -0.255050 0.000863
v 0.852597 -0.209327 0.111112
v 0.754562 -0.209327 0.111112
v 0.754533 -0.255050 0.000863
v 1.506930 -0.397683 0.095695
v 1.339849 -0.397683 0.095695
v 1.339849 -0.397683 -0.095817
v 1.506930 -0.397683 -0.095817
v 1.339784 0.091352 0.130578
v 1.339784 -0.315292 0.130578
v 1.506995 -0.315292 0.130578
v 1.506995 0.091352 0.130578
v 0.557597 0.224848 0.079915
v 0.557423 0.307080 0.079736
v 0.557423 0.307080 -0.079858
v 0.557597 0.224848 -0.080037
v 0.754562 -0.207944 0.112036
v 0.852597 -0.207944 0.112036
v 0.852662 -0.090475 0.112103
v 0.754497 -0.090475 0.112103
v -0.795536 0.394953 -0.079865
v -0.760095 0.342627 -0.040331
v -0.623859 0.189935 -0.080024
v -0.762334 0.345603 -0.040290
v -0.797084 0.396900 -0.079064
v -0.797078 0.396913 -0.039892
v -0.760093 0.342627 0.040217
v -0.795536 0.394953 0.079743
v -0.623861 0.189936 0.079903
v -0.797084 0.396900 0.078942
v -0.762332 0.345603 0.040176
v -0.797078 0.396913 0.039770
v 0.687140 0.183144 0.080779
v 0.608513 0.396710 0.080670
v 0.016802 0.396747 0.080753
v -0.105559 0.312009 0.080723
v -0.105222 0.183439 0.080967
v -0.045195 0.214490 0.080945
v -0.044973 0.292074 0.080722
v 0.020871 0.335839 0.080754
v 0.530340 0.335851 0.080738
v 0.558423 0.308502 0.080736
v 0.558597 0.224574 0.080915
v -0.849238 -0.017812 0.138595
v -0.230635 -0.017812 0.138595
v -0.230596 0.023296 0.153843
v -0.849277 0.023296 0.153843
v -0.917039 -0.089276 0.111103
v -0.917104 -0.208276 0.111036
v -0.917075 -0.254350 -0.000061
v -0.917104 -0.208276 -0.111158
v -0.917039 -0.089276 -0.111225
v -0.917075 0.022103 -0.157345
v -0.917075 0.133319 -0.111277
v -0.917075 0.179386 -0.000061
v -0.917075 0.133319 0.111155
v -0.917075 0.022103 0.157222
v 0.528934 0.334851 0.079738
v 0.022174 0.334839 0.079754
v 0.022174 0.334839 -0.079876
v 0.528934 0.334851 -0.079860
v 0.753533 0.133319 0.111155
v 0.753533 0.179386 -0.000061
v 0.753533 0.133319 -0.111277
v 0.753533 0.022103 -0.157345
v 0.753497 -0.089276 -0.111225
v 0.753562 -0.208276 -0.111158
v 0.753533 -0.254350 -0.000061
v 0.753562 -0.208276 0.111036
v 0.753497 -0.089276 0.111103
v 0.753533 0.022103 0.157222
v 0.624178 0.343625 0.038929
v -0.060004 0.343832 0.039176
v 0.016802 0.396747 0.038728
v 0.608474 0.396686 0.038790
vn -0.3736 -0.0000 0.9276
vn 0.9334 -0.0000 0.3588
vn -0.4301 0.3468 0.8335
vn 0.9369 0.1335 0.3230
vn -0.4871 0.8733 -0.0000
vn 0.9407 0.3394 -0.0000
vn -0.4301 0.3470 -0.8335
vn -0.4301 0.3469 -0.8335
vn 0.9369 0.1335 -0.3230
vn -0.3736 -0.0000 -0.9276
vn 0.9334 -0.0000 -0.3588
vn -0.4301 -0.3468 -0.8335
vn 0.9369 -0.1335 -0.3230
vn -0.4871 -0.8734 -0.0000
vn 0.9405 -0.3397 -0.0000
vn -0.4301 -0.3469 0.8335
vn 0.9369 -0.1335 0.3230
vn -0.0003 0.5324 -0.8465
vn 0.0010 -0.9254 -0.3789
vn -0.8069 0.5907 -0.0000
vn -0.3437 -0.9391 -0.0000
vn -0.0003 0.5276 0.8495
vn 0.0009 -0.9275 0.3738
vn 0.7310 0.6824 0.0002
vn 0.4755 -0.8797 -0.0003
vn -0.4093 -0.8430 -0.3491
vn 0.9388 -0.3182 -0.1319
vn -0.4559 -0.3416 -0.8219
vn 0.9169 -0.1624 -0.3645
vn -0.8133 -0.5818 0.0042
vn 0.8098 -0.5867 -0.0117
vn -0.4093 0.3493 0.8429
vn 0.9388 0.1318 0.3183
vn -0.4093 0.8430 0.3491
vn 0.9388 0.3184 0.1318
vn -0.4092 0.8430 -0.3491
vn 0.9387 0.3184 -0.1318
vn -0.4093 0.3492 -0.8430
vn 0.9388 0.1319 -0.3183
vn -0.8132 -0.5819 -0.0042
vn 0.8097 -0.5868 0.0117
vn -0.4559 -0.3416 0.8219
vn 0.9169 -0.1626 0.3645
vn 0.9169 -0.1625 0.3645
vn -0.4093 -0.8429 0.3492
vn 0.9388 -0.3183 0.1318
vn -0.5909 0.8068 -0.0000
vn 0.9391 0.3438 -0.0000
vn -0.5907 -0.0000 0.8069
vn 0.9391 -0.0000 0.3437
vn -0.5907 0.8069 -0.0000
vn 0.9391 0.3437 -0.0000
vn -0.4869 0.0004 -0.8735
vn 0.9312 -0.0005 -0.3644
vn -0.3827 -0.0000 -0.9239
vn 0.9239 -0.0000 -0.3827
vn -0.8166 -0.5773 -0.0000
vn 0.8165 -0.5773 -0.0000
vn -0.3827 -0.0000 0.9239
vn 0.9239 -0.0000 0.3827
vn -0.4867 0.0004 0.8736
vn 0.9312 -0.0005 0.3644
vn -0.5907 -0.0000 -0.8069
vn 0.9391 -0.0000 -0.3437
vn -0.4093 -0.3491 0.8430
vn 0.9388 -0.1319 0.3183
vn -0.8132 0.5819 0.0042
vn 0.8097 0.5868 -0.0117
vn -0.4559 0.3417 -0.8218
vn 0.9169 0.1626 -0.3645
vn 0.9169 0.1625 -0.3645
vn -0.4091 0.8431 -0.3491
vn 0.9388 0.3183 -0.1318
vn -0.4093 0.8429 0.3492
vn 0.9388 0.3182 0.1319
vn -0.4559 0.3416 0.8219
vn 0.9169 0.1625 0.3645
vn -0.8133 0.5818 -0.0042
vn 0.8098 0.5867 0.0117
vn -0.4092 -0.3493 -0.8429
vn 0.9388 -0.1318 -0.3183
vn 0.9388 -0.3184 -0.1318
vn -0.4094 -0.8429 0.3493
vn 0.9387 -0.3184 0.1318
vn -0.0002 -0.2809 -0.9597
vn 0.0004 0.9877 -0.1563
vn 0.6787 -0.6785 -0.2811
vn 0.6786 0.6786 0.2811
vn -0.0002 -0.8772 0.4801
vn 0.0004 0.5880 0.8089
vn 0.0003 0.5880 0.8089
vn -0.8889 -0.4232 -0.1754
vn -0.4027 0.8457 0.3503
vn -0.8888 0.4233 -0.1754
vn -0.4027 -0.8457 0.3503
vn -0.0000 0.9200 0.3920
vn -0.0000 -0.6233 0.7820
vn 0.8889 0.4232 -0.1753
vn 0.4028 -0.8456 0.3503
vn -0.0000 0.3733 -0.9277
vn -0.0000 -0.9937 -0.1122
vn 0.4027 0.3503 -0.8456
vn 0.8888 -0.1754 0.4233
vn -0.0000 -0.1122 -0.9937
vn -0.0000 -0.9277 0.3733
vn -0.9130 0.1546 -0.3774
vn -0.3461 -0.3687 0.8627
vn -0.0001 0.7563 -0.6542
vn 0.0006 0.3118 0.9502
vn -0.0000 -0.3096 -0.9509
vn -0.0000 -0.8204 0.5718
vn -0.8854 0.1788 -0.4291
vn -0.3932 -0.3533 0.8489
vn -0.0000 0.9544 -0.2984
vn -0.0000 0.0378 0.9993
vn 0.8854 0.1789 -0.4291
vn 0.3932 -0.3533 0.8489
vn -0.8888 -0.4234 -0.1754
vn -0.4027 0.8456 0.3503
vn -0.0000 -0.6233 -0.7820
vn -0.0000 0.9200 -0.3920
vn 0.4027 -0.8457 -0.3503
vn 0.8888 0.4234 0.1754
vn -0.0000 -0.9937 0.1122
vn -0.0000 0.3733 0.9277
vn -0.6863 0.7273 -0.0000
vn -0.5105 -0.8599 -0.0000
vn 0.0001 0.4830 0.8756
vn -0.0001 -0.9178 0.3971
vn 0.7711 0.6368 -0.0003
vn 0.4085 -0.9128 0.0009
vn 0.0001 0.4742 -0.8804
vn -0.0002 -0.9223 -0.3866
vn -0.0002 0.4801 0.8772
vn 0.0004 0.8089 -0.5880
vn 0.0003 0.8089 -0.5880
vn -0.8889 -0.1753 0.4233
vn -0.4027 0.3503 -0.8457
vn -0.0002 -0.9597 0.2809
vn 0.0004 -0.1563 -0.9877
vn 0.6786 -0.2810 0.6786
vn 0.6786 0.2811 -0.6786
vn -0.9388 -0.1319 0.3183
vn 0.4093 -0.3491 0.8430
vn -0.9388 0.1319 0.3183
vn 0.4093 0.3491 0.8430
vn -0.9388 0.3182 0.1319
vn 0.4091 0.8431 0.3490
vn -0.9388 0.3184 -0.1318
vn 0.4092 0.8430 -0.3491
vn -0.9388 0.1319 -0.3183
vn 0.4093 0.3491 -0.8430
vn -0.9388 -0.1319 -0.3183
vn 0.4093 -0.3491 -0.8430
vn -0.9388 -0.3182 -0.1319
vn 0.4092 -0.8430 -0.3491
vn -0.9388 -0.3184 0.1318
vn 0.4092 -0.8430 0.3491
vn -0.0000 0.6468 0.7627
vn -0.0000 -0.9054 0.4246
vn 0.8609 0.5088 -0.0000
vn 0.3861 -0.9225 -0.0000
vn -0.0000 0.6468 -0.7627
vn -0.0000 -0.9054 -0.4246
vn -0.8608 0.5089 -0.0000
vn -0.3861 -0.9225 -0.0000
vn 0.8921 0.4519 -0.0000
vn -0.6700 0.7424 -0.0000
vn 0.4242 0.0007 0.9055
vn -0.9471 0.0055 0.3208
vn 0.9371 -0.3490 -0.0000
vn -0.8384 -0.5450 -0.0000
vn 0.4242 0.0007 -0.9056
vn -0.9471 0.0055 -0.3208
vn -0.5137 0.8579 -0.0000
vn -0.6826 -0.7308 -0.0000
vn -0.0000 0.4371 0.8994
vn -0.0000 -0.9144 0.4049
vn 0.5075 0.8617 -0.0000
vn 0.6897 -0.7241 -0.0000
vn -0.0000 0.4371 -0.8994
vn -0.0000 -0.9144 -0.4049
vn 0.4302 -0.0004 0.9027
vn -0.9369 0.0005 0.3496
vn 0.4487 -0.8255 0.3422
vn 0.4487 -0.8255 0.3423
vn -0.9397 -0.3161 0.1308
vn -0.9396 -0.3162 0.1309
vn 0.4487 -0.8256 -0.3422
vn -0.9397 -0.3161 -0.1308
vn 0.4302 -0.0004 -0.9027
vn -0.9369 0.0005 -0.3496
vn 0.3912 -0.3521 -0.8503
vn -0.9361 -0.1350 -0.3249
vn 0.4093 0.3492 -0.8430
vn 0.4093 0.8430 -0.3492
vn -0.9388 0.3183 -0.1318
vn 0.4093 0.8429 0.3492
vn -0.9388 0.3183 0.1318
vn -0.9388 0.1318 0.3183
vn 0.3912 -0.3520 0.8503
vn -0.9361 -0.1349 0.3249
vn -0.0000 0.1951 -0.9808
vn -0.0000 0.1950 -0.9808
vn -0.0000 -0.9808 -0.1950
vn -0.0000 -0.9808 -0.1951
vn -0.6786 0.6786 -0.2811
vn -0.6786 0.6785 -0.2811
vn -0.6786 0.6785 -0.2812
vn -0.6783 -0.6788 0.2812
vn -0.6784 -0.6786 0.2815
vn -0.0000 0.8315 0.5555
vn -0.0000 0.8314 0.5556
vn -0.0000 -0.5556 0.8314
vn -0.0000 -0.5555 0.8315
vn 0.6786 0.6786 -0.2811
vn 0.6786 -0.6786 0.2811
vn -0.4092 0.8430 0.3491
vn -0.4093 0.3491 -0.8430
vn -0.3912 -0.3520 -0.8503
vn 0.9361 -0.1350 -0.3249
vn -0.4302 -0.0004 -0.9027
vn 0.9369 0.0005 -0.3495
vn -0.4487 -0.8256 -0.3422
vn 0.9396 -0.3162 -0.1308
vn -0.4487 -0.8255 0.3423
vn 0.9397 -0.3161 0.1308
vn -0.4303 -0.0004 0.9027
vn 0.9369 0.0005 0.3495
vn -0.3912 -0.3521 0.8503
vn 0.9361 -0.1350 0.3249
vn -0.4093 0.3492 0.8429
vn -0.4968 -0.8679 -0.0000
vn -0.4478 -0.3105 0.8385
vn 0.9393 -0.1184 0.3220
vn -0.8435 0.5371 -0.0000
vn 0.8435 0.5371 -0.0000
vn -0.4477 -0.3105 -0.8385
vn 0.9393 -0.1184 -0.3219
vn 0.9009 0.4340 -0.0000
vn 0.1681 -0.9858 -0.0000
vn 0.2172 0.3275 -0.9195
vn -0.5066 -0.7963 -0.3306
vn 0.2110 0.9775 -0.0000
vn -0.9206 -0.3905 -0.0000
vn 0.2172 0.3275 0.9196
vn 0.2172 0.3275 0.9195
vn -0.5066 -0.7963 0.3306
vn -0.0000 -0.9846 -0.1748
vn -0.0000 -0.0109 0.9999
vn -0.8252 -0.4305 -0.3656
vn -0.3800 0.2811 0.8813
vn -0.0000 0.3240 -0.9460
vn -0.0000 0.7827 0.6224
vn 0.8252 -0.4305 -0.3657
vn 0.3800 0.2811 0.8813
vn -0.0000 0.3605 0.9328
vn -0.0006 -0.9690 0.2471
vn 0.2414 0.9704 -0.0001
vn 0.4438 -0.8961 0.0007
vn -0.0000 0.3407 -0.9402
vn -0.0008 -0.9733 -0.2295
vn -0.0009 -0.9733 -0.2295
vn -0.4104 0.9119 -0.0000
vn -0.6090 -0.7932 -0.0000
vn 0.2868 0.9574 -0.0350
vn 0.2437 0.9699 0.0014
vn 0.2498 0.9683 0.0079
vn -0.9920 0.1235 0.0265
vn -0.9865 0.1624 0.0192
vn -0.9870 0.1580 -0.0303
vn 0.5641 0.1655 -0.8090
vn 0.5856 0.1466 -0.7972
vn 0.5529 0.1402 -0.8214
vn -0.8756 -0.2612 -0.4063
vn -0.8619 -0.2621 -0.4341
vn 0.2835 0.9552 0.0851
vn 0.3294 0.9442 -0.0007
vn -0.9962 0.0870 0.0003
vn -0.9942 0.0536 -0.0935
vn -0.9965 0.0275 0.0787
vn 0.4537 0.1621 0.8763
vn 0.5205 0.0979 0.8482
vn 0.4692 0.2564 0.8451
vn -0.8716 -0.2268 0.4347
vn -0.8644 -0.3157 0.3913
vn -0.8603 -0.3218 0.3954
vn 0.9299 -0.3542 -0.0991
vn 0.9405 -0.3398 -0.0010
vn 0.9388 -0.3445 0.0049
vn -0.5970 -0.8022 0.0048
vn -0.6378 -0.7656 0.0837
vn -0.6063 -0.7890 -0.0991
vn 0.4556 0.2519 -0.8538
vn 0.4803 0.0703 -0.8743
vn 0.3957 0.1196 -0.9105
vn -0.8416 -0.3765 -0.3873
vn -0.8915 -0.2961 -0.3429
vn -0.8103 -0.3415 -0.4763
vn 0.3565 0.9343 0.0002
vn 0.3736 0.9257 0.0594
vn 0.4051 0.9137 -0.0333
vn -0.9899 0.1340 -0.0458
vn -0.9959 0.0909 -0.0007
vn 0.5611 0.1647 0.8112
vn 0.5559 0.1307 0.8209
vn -0.8765 -0.2613 0.4043
vn -0.8687 -0.2955 0.3974
vn -0.8639 -0.2509 0.4368
vn 0.4500 -0.3717 0.8120
vn -0.9400 -0.1418 0.3104
vn -0.9399 -0.1419 0.3105
vn 0.4787 -0.8780 -0.0000
vn -0.9406 -0.3396 -0.0000
vn 0.4500 -0.3717 -0.8120
vn -0.9400 -0.1418 -0.3103
vn 0.4500 0.3717 -0.8120
vn 0.4500 0.3718 -0.8120
vn -0.9400 0.1419 -0.3104
vn 0.4788 0.8779 -0.0000
vn -0.9406 0.3396 -0.0000
vn 0.4500 0.3717 0.8120
vn 0.4501 0.3717 0.8120
vn -0.9400 0.1418 0.3103
vn 0.4969 0.8678 -0.0000
vn -0.9406 0.3395 -0.0000
vn 0.4477 0.3105 0.8385
vn -0.9393 0.1184 0.3220
vn 0.8435 -0.5371 -0.0000
vn -0.8435 -0.5371 -0.0000
vn 0.4477 0.3105 -0.8385
vn -0.9393 0.1184 -0.3220
vn 0.4476 -0.3105 0.8386
vn -0.9393 -0.1184 0.3220
vn 0.4969 -0.8678 -0.0000
vn -0.9406 -0.3395 -0.0000
vn 0.4477 -0.3105 -0.8385
vn -0.9393 -0.1184 -0.3220
vn -0.3767 0.4818 0.7912
vn 0.9255 -0.1330 0.3547
vn -0.2385 0.9711 -0.0000
vn 0.9944 0.1057 -0.0000
vn -0.3767 0.4818 -0.7912
vn 0.9255 -0.1330 -0.3547
vn -0.9282 -0.3721 -0.0000
vn 0.6932 -0.7208 -0.0000
vn -0.0000 0.6417 0.7669
vn -0.0000 -0.9083 0.4183
vn 0.8575 0.5145 -0.0000
vn 0.3835 -0.9236 -0.0000
vn -0.0000 0.6417 -0.7669
vn -0.0000 -0.9083 -0.4183
vn -0.8573 0.5148 -0.0000
vn -0.3835 -0.9235 -0.0000
vn -0.9130 0.1548 0.3774
vn -0.3462 -0.3688 -0.8627
vn -0.0000 -0.1122 0.9937
vn -0.0000 -0.9277 -0.3733
vn 0.4027 0.3503 0.8456
vn 0.8888 -0.1754 -0.4233
vn -0.0001 0.7564 0.6541
vn 0.0006 0.3117 -0.9502
vn 0.8889 0.1753 -0.4233
vn 0.4027 -0.3503 0.8456
vn -0.0000 -0.3920 -0.9200
vn -0.0000 -0.7820 0.6233
vn -0.8889 0.1753 -0.4233
vn -0.4027 -0.3503 0.8456
vn -0.0000 0.9277 -0.3733
vn -0.0000 0.1122 0.9937
vn 0.8889 -0.1753 -0.4233
vn -0.8889 -0.1753 -0.4233
vn -0.4027 0.3503 0.8456
vn -0.0000 0.3920 -0.9200
vn -0.0000 0.7820 0.6233
vn -0.8889 0.1753 0.4233
vn -0.4027 -0.3503 -0.8456
vn -0.0000 -0.3920 0.9200
vn -0.0000 -0.7820 -0.6233
vn 0.8889 0.1753 0.4233
vn 0.4027 -0.3503 -0.8456
vn -0.0000 0.9277 0.3733
vn -0.0000 0.1122 -0.9937
vn -0.9164 0.4002 -0.0000
vn -0.1339 -0.9910 -0.0000
vn -0.2375 0.3260 0.9150
vn 0.5415 -0.7959 0.2709
vn -0.4056 0.9141 -0.0000
vn 0.8422 -0.5392 -0.0000
vn -0.2375 0.3259 -0.9151
vn 0.5415 -0.7958 -0.2710
vn -0.0000 -0.5980 0.8015
vn -0.0000 0.8840 0.4675
vn -0.8279 -0.5609 -0.0000
vn -0.4545 0.8907 -0.0000
vn -0.0000 -0.5980 -0.8015
vn -0.0000 0.8840 -0.4675
vn 0.8279 -0.5609 -0.0000
vn 0.4546 0.8907 -0.0000
vn -0.9130 -0.1548 0.3774
vn -0.3461 0.3687 -0.8627
vn -0.0001 -0.7563 0.6542
vn 0.0006 -0.3118 -0.9502
vn 0.8888 0.1753 -0.4233
vn -0.0002 0.2808 -0.9598
vn 0.0004 -0.9877 -0.1562
vn 0.0003 -0.9877 -0.1562
vn -0.8888 0.4234 -0.1753
vn -0.4027 -0.8457 0.3502
vn -0.0002 0.8773 0.4800
vn 0.0004 -0.5879 0.8089
vn -0.3254 0.4678 0.8218
vn 0.4846 -0.7112 0.5092
vn 0.4847 -0.7112 0.5092
vn 0.1503 0.9886 -0.0000
vn 0.9092 -0.4165 -0.0000
vn -0.2617 0.3778 -0.8881
vn 0.5216 -0.7532 -0.4007
vn -0.9912 0.1320 -0.0000
vn 0.1327 -0.9912 -0.0000
vn -0.2617 0.3778 0.8881
vn 0.5216 -0.7532 0.4007
vn -0.3253 0.4677 -0.8219
vn 0.4846 -0.7111 -0.5094
vn 0.3124 0.9500 -0.0000
vn 0.9432 -0.3322 -0.0000
vn -0.0002 0.9598 0.2808
vn 0.0004 0.1562 -0.9877
vn 0.0003 0.1562 -0.9877
vn -0.8888 0.1754 0.4233
vn -0.4027 -0.3503 -0.8457
vn -0.0002 -0.4800 0.8773
vn 0.0004 -0.8089 -0.5879
vn 0.6786 0.2811 0.6786
vn 0.6786 -0.2811 -0.6786
vn -0.0000 -0.9626 0.2709
vn -0.0000 -0.0095 -1.0000
vn 0.8729 -0.2032 0.4437
vn 0.3935 0.3829 -0.8358
vn -0.0000 0.3726 0.9280
vn -0.0000 0.7963 -0.6049
vn -0.8729 -0.2031 0.4437
vn -0.3935 0.3829 -0.8358
vn 0.4027 -0.3503 -0.8457
vn 0.8888 0.1753 0.4233
vn -0.0001 -0.7564 -0.6541
vn 0.0006 -0.3117 0.9502
vn -0.9130 -0.1548 -0.3774
vn -0.3461 0.3687 0.8627
vn -0.4027 0.3503 -0.8456
vn 0.8889 -0.1753 0.4233
vn -0.0000 0.3920 0.9200
vn -0.0000 0.7820 -0.6233
vn -0.0004 0.8608 -0.5089
vn -0.0002 0.3367 0.9416
vn 0.7483 0.5028 -0.4328
vn 0.1753 0.1302 0.9759
vn 0.0009 -0.2256 -0.9742
vn -0.0007 -0.7637 0.6455
vn -0.8069 -0.0000 -0.5907
vn -0.3437 -0.0000 0.9391
vn -0.8252 0.4305 -0.3657
vn -0.3800 -0.2811 0.8813
vn -0.0000 0.9846 -0.1749
vn -0.0000 0.0109 0.9999
vn 0.8252 0.4306 -0.3657
vn 0.8252 0.4305 -0.3657
vn 0.3799 -0.2811 0.8812
vn -0.0000 -0.3240 -0.9460
vn -0.0000 -0.7827 0.6224
vn -0.0000 0.9808 -0.1951
vn -0.0000 0.9808 -0.1950
vn -0.0000 0.1954 0.9807
vn -0.0003 0.1953 0.9808
vn 0.6786 0.2812 -0.6786
vn 0.6786 -0.2811 0.6786
vn -0.0000 -0.5552 -0.8317
vn 0.0003 -0.5553 -0.8317
vn -0.0000 -0.8317 0.5552
vn 0.0004 -0.8316 0.5553
vn -0.6786 0.2811 -0.6786
vn -0.6785 -0.2811 0.6786
vn -0.6786 -0.2811 0.6786
vn -0.0003 0.5324 0.8465
vn 0.0010 -0.9254 0.3789
vn 0.7309 0.6825 -0.0002
vn 0.4754 -0.8797 0.0003
vn 0.4754 -0.8798 0.0003
vn -0.0003 0.5277 -0.8495
vn 0.0009 -0.9275 -0.3739
vn 0.8888 -0.4233 0.1753
vn 0.4027 0.8456 -0.3503
vn -0.0000 -0.3733 0.9277
vn -0.0000 0.9937 0.1122
vn -0.8889 -0.4233 0.1753
vn -0.4027 0.8457 -0.3503
vn -0.0000 -0.9200 -0.3920
vn -0.0000 0.6233 -0.7820
vn -0.0000 0.9846 0.1749
vn -0.0000 0.0109 -0.9999
vn -0.8252 0.4305 0.3656
vn -0.3800 -0.2811 -0.8813
vn -0.0000 -0.3240 0.9460
vn -0.0000 -0.7827 -0.6225
vn 0.8252 0.4305 0.3657
vn 0.3800 -0.2811 -0.8813
vn -0.8252 -0.4305 0.3656
vn -0.3800 0.2811 -0.8812
vn -0.0000 -0.9846 0.1749
vn -0.0000 -0.0109 -0.9999
vn 0.8252 -0.4305 0.3657
vn 0.3799 0.2811 -0.8813
vn -0.0000 0.3240 0.9460
vn -0.0000 0.7827 -0.6225
vn 0.8995 -0.1670 -0.4037
vn -0.0000 -0.8199 -0.5725
vn -0.0000 -0.3104 0.9506
vn -0.8995 -0.1671 -0.4037
vn -0.4023 0.3504 0.8458
vn 0.8533 -0.5214 -0.0000
vn 0.3804 0.9248 -0.0000
vn -0.0000 -0.6361 0.7716
vn -0.0000 0.9116 0.4110
vn -0.8534 -0.5213 -0.0000
vn -0.3804 0.9248 -0.0000
vn -0.0000 -0.6361 -0.7716
vn -0.0000 0.9116 -0.4110
vn 0.9026 -0.4304 -0.0000
vn 0.1645 0.9864 -0.0000
vn 0.2545 -0.3831 0.8879
vn -0.5073 0.7632 0.4002
vn 0.1179 -0.9930 -0.0000
vn -0.9892 0.1466 -0.0000
vn 0.2545 -0.3830 -0.8880
vn -0.5073 0.7632 -0.4003
vn 0.8729 0.2032 -0.4437
vn 0.3935 -0.3829 0.8358
vn -0.0000 -0.3726 -0.9280
vn -0.0000 -0.7963 0.6049
vn -0.8728 0.2032 -0.4437
vn -0.3935 -0.3829 0.8358
vn -0.0000 0.9626 -0.2709
vn -0.0000 0.0095 1.0000
vn 0.8739 -0.4490 -0.1862
vn 0.3932 0.8493 0.3523
vn -0.0000 -0.9200 0.3920
vn -0.0000 0.6233 0.7820
vn -0.8738 -0.4492 -0.1862
vn -0.3932 0.8493 0.3523
vn -0.0000 -0.2992 -0.9542
vn -0.0000 0.9993 -0.0386
vn -0.0000 -0.3096 0.9509
vn -0.0000 -0.8204 -0.5718
vn 0.8854 0.1786 0.4291
vn 0.3932 -0.3533 -0.8489
vn -0.0000 0.9544 0.2984
vn -0.0000 0.0378 -0.9993
vn -0.8854 0.1789 0.4291
vn -0.3932 -0.3533 -0.8489
vn 0.8889 0.1754 0.4233
vn -0.8888 -0.4235 0.1753
vn 0.8889 0.4232 -0.1754
vn -0.0000 0.9937 -0.1122
vn -0.0000 -0.3733 -0.9277
vn -0.8888 0.4234 0.1754
vn -0.4027 -0.8456 -0.3503
vn 0.4028 0.8456 0.3503
vn 0.8888 -0.4234 -0.1754
vn -0.0000 -0.9544 0.2984
vn -0.0000 -0.0378 -0.9993
vn 0.8854 -0.1789 0.4291
vn 0.3932 0.3533 -0.8489
vn -0.0000 0.3096 0.9509
vn -0.0000 0.8204 -0.5718
vn -0.8854 -0.1788 0.4291
vn -0.3932 0.3533 -0.8489
vn 0.4027 0.3503 0.8457
vn -0.8995 -0.1671 -0.4038
vn 0.1720 0.9851 -0.0000
vn -0.8938 -0.4485 -0.0000
vn 0.1976 0.3355 0.9211
vn -0.4642 -0.8236 0.3259
vn 0.8807 0.4738 -0.0000
vn 0.2086 -0.9780 -0.0000
vn 0.1976 0.3356 -0.9211
vn -0.4642 -0.8236 -0.3259
vn -0.6094 -0.7929 -0.0000
vn 0.9455 0.3257 -0.0000
vn -0.3233 -0.2755 0.9053
vn 0.7297 0.6289 0.2685
vn -0.9769 -0.2136 -0.0000
vn 0.0523 0.9986 -0.0000
vn -0.3234 -0.2756 -0.9053
vn 0.7297 0.6289 -0.2683
vn 0.0001 0.4831 -0.8756
vn -0.0001 -0.9178 -0.3970
vn 0.0001 0.4862 0.8738
vn 0.7811 0.6244 -0.0001
vn 0.4232 -0.9060 0.0010
vn -0.0007 -0.5274 0.8496
vn 0.0021 0.9279 0.3729
vn -0.0007 -0.5274 -0.8496
vn 0.0021 0.9279 -0.3729
vn 0.4715 -0.8819 -0.0000
vn 0.7259 0.6879 -0.0000
vn -0.6344 -0.5421 -0.5510
vn -0.3447 -0.2999 0.8895
vn -0.3446 -0.2999 0.8895
vn -0.0009 -0.8601 -0.5102
vn -0.0000 -0.3431 0.9393
vn -0.0000 -0.3430 0.9393
vn 0.8338 0.0003 -0.5521
vn 0.4155 -0.0034 0.9096
vn 0.2246 -0.5026 -0.8348
vn 0.2766 -0.6177 0.7361
vn -0.8738 0.0004 -0.4863
vn -0.3642 -0.0005 0.9313
vn -0.0004 0.8602 -0.5100
vn -0.0000 0.3424 0.9395
vn -0.0000 0.3425 0.9395
vn 0.6804 0.5702 -0.4604
vn 0.3021 0.2519 0.9194
vn -0.1182 -0.5361 -0.8358
vn -0.1616 -0.7434 0.6490
vn -0.1615 -0.7434 0.6490
vn 0.0001 0.8302 -0.5574
vn 0.0002 0.8302 -0.5574
vn 0.0007 0.5063 0.8623
vn 0.6377 0.0022 -0.7703
vn 0.6377 0.0023 -0.7703
vn 0.7460 0.0041 0.6659
vn -0.0001 -0.6492 -0.7606
vn 0.0004 -0.6493 0.7605
vn -0.9239 -0.0000 -0.3827
vn -0.2779 0.6178 -0.7356
vn -0.2218 0.5047 0.8343
vn 0.4844 0.7393 -0.4678
vn 0.2169 0.3536 0.9099
vn -0.0000 0.9220 -0.3871
vn -0.0000 0.3498 0.9368
vn -0.4902 0.6839 -0.5404
vn -0.2479 0.3832 0.8898
vn 0.1654 0.7458 -0.6453
vn 0.1147 0.5371 0.8357
vn -0.0000 -0.5773 0.8165
vn -0.0000 -0.5773 -0.8165
vn 0.9254 -0.0001 0.3790
vn 0.3725 -0.0010 -0.9280
vn 0.2099 0.6475 0.7326
vn 0.1590 0.4991 -0.8518
vn -0.6115 0.6460 0.4570
vn -0.2695 0.2976 -0.9159
vn -0.2694 0.2976 -0.9159
vn -0.0000 0.9195 0.3931
vn -0.0000 0.3491 -0.9371
vn 0.4433 0.7622 0.4717
vn 0.2001 0.3685 -0.9078
vn -0.3486 0.6648 0.6607
vn -0.3472 0.6656 0.6607
vn -0.2557 0.4971 -0.8292
vn 0.0001 0.8373 0.5467
vn 0.0005 0.4889 -0.8723
vn 0.1654 0.7460 0.6451
vn 0.1655 0.7460 0.6451
vn 0.1147 0.5373 -0.8355
vn -0.4901 0.6838 0.5405
vn -0.2478 0.3831 -0.8898
vn -0.0000 0.9220 0.3871
vn -0.0000 0.9221 0.3871
vn -0.0000 0.3501 -0.9367
vn 0.4844 0.7393 0.4677
vn 0.2169 0.3536 -0.9099
vn -0.2779 0.6178 0.7356
vn -0.2776 0.6179 0.7356
vn -0.2218 0.5046 -0.8344
vn -0.9239 -0.0000 0.3827
vn 0.5038 -0.7578 -0.4146
vn 0.1918 -0.2877 0.9383
vn 0.8678 -0.0005 -0.4970
vn 0.4149 -0.0057 0.9099
vn 0.2702 -0.5163 -0.8127
vn 0.3386 -0.6592 0.6714
vn -0.8350 -0.0007 -0.5503
vn -0.4515 -0.0050 0.8923
vn -0.5183 0.7484 -0.4138
vn -0.1965 0.2842 0.9384
vn 0.0001 0.8942 -0.4476
vn -0.0000 0.3512 0.9363
vn 0.8480 0.3121 -0.4284
vn 0.3281 0.1207 0.9369
vn -0.1588 -0.4924 -0.8558
vn -0.2077 -0.6427 0.7374
vn -0.8884 -0.0004 -0.4591
vn -0.4022 -0.0042 0.9155
vn -0.6366 -0.6536 -0.4093
vn -0.2407 -0.2470 0.9386
vn -0.0000 -0.9181 -0.3963
vn -0.0000 -0.3478 0.9376
vn -0.3436 0.6584 -0.6697
vn -0.3437 0.6584 -0.6697
vn -0.2681 0.5175 0.8126
vn 0.4433 0.7622 -0.4718
vn 0.2001 0.3685 0.9078
vn -0.0000 0.9195 -0.3930
vn -0.0000 0.3490 0.9371
vn -0.6115 0.6460 -0.4569
vn -0.2695 0.2976 0.9159
vn 0.2085 0.6429 -0.7370
vn 0.2080 0.6431 -0.7370
vn 0.1570 0.4936 0.8554
vn 0.9280 -0.0001 -0.3725
vn 0.3657 -0.0017 0.9307
vn 0.0001 -0.6492 -0.7606
vn -0.0004 -0.6493 0.7605
vn -0.7461 -0.0014 -0.6659
vn -0.6373 -0.0067 0.7706
vn -0.0002 0.4800 -0.8773
vn 0.0004 0.8089 0.5879
vn -0.0002 -0.9598 -0.2808
vn 0.0004 -0.1562 0.9877
vn 0.0003 -0.1562 0.9877
vn -0.8888 -0.1754 -0.4233
vn -0.4027 0.3503 0.8457
vn -0.6344 -0.5421 0.5510
vn -0.3447 -0.3000 -0.8895
vn -0.1182 -0.5363 0.8357
vn -0.1616 -0.7436 -0.6488
vn -0.1615 -0.7436 -0.6488
vn 0.6801 0.5700 0.4610
vn 0.3023 0.2520 -0.9193
vn -0.0004 0.8602 0.5099
vn -0.0000 0.3426 -0.9395
vn -0.8737 0.0004 0.4865
vn -0.3643 -0.0005 -0.9313
vn 0.2246 -0.5025 0.8349
vn 0.2766 -0.6177 -0.7361
vn 0.8338 0.0003 0.5520
vn 0.4154 -0.0034 -0.9096
vn -0.0009 -0.8600 0.5102
vn -0.0009 -0.8600 0.5103
vn -0.0000 -0.3437 -0.9391
vn -0.0000 -0.3436 -0.9391
vn -0.2385 -0.9711 -0.0000
vn 0.9944 -0.1057 -0.0000
vn -0.3767 -0.4818 0.7912
vn 0.9255 0.1330 0.3547
vn -0.9282 0.3721 -0.0000
vn 0.6932 0.7208 -0.0000
vn -0.3767 -0.4818 -0.7911
vn 0.9255 0.1330 -0.3547
vn 0.4093 0.3492 0.8430
vn 0.4093 -0.3492 0.8430
vn 0.4093 -0.8429 0.3492
vn -0.9388 -0.3183 0.1318
vn 0.4093 -0.8430 -0.3492
vn -0.9388 -0.3183 -0.1318
vn 0.4093 -0.3492 -0.8429
vn 0.3802 0.5361 0.7537
vn 0.3483 0.6199 0.7031
vn 0.3179 0.5445 0.7762
vn -0.7046 -0.5626 0.4323
vn -0.7149 -0.4810 0.5074
vn -0.7261 -0.4965 0.4756
vn 0.9622 0.2722 0.0085
vn 0.9604 0.2780 -0.0181
vn 0.9496 0.3130 -0.0178
vn -0.1626 -0.9867 -0.0026
vn -0.1651 -0.9862 0.0115
vn -0.2023 -0.9791 0.0209
vn 0.3782 0.5445 -0.7487
vn 0.3942 0.5684 -0.7222
vn 0.3175 0.5611 -0.7644
vn -0.7281 -0.5411 -0.4208
vn -0.7622 -0.4181 -0.4942
vn -0.7261 -0.4867 -0.4858
vn 0.0751 0.9972 0.0009
vn -0.0408 0.9952 -0.0886
vn -0.0263 0.9955 0.0915
vn -0.9942 -0.0588 0.0896
vn -0.9980 0.0415 0.0468
vn -0.9976 0.0299 -0.0620
vn -0.8533 0.5214 -0.0000
vn -0.3804 -0.9248 -0.0000
vn -0.0000 0.6361 0.7716
vn -0.0000 -0.9116 0.4110
vn 0.8533 0.5215 -0.0000
vn 0.3804 -0.9248 -0.0000
vn -0.0000 0.6361 -0.7716
vn -0.0000 -0.9116 -0.4110
vn -0.0000 -0.4124 0.9110
vn -0.0000 -0.7659 -0.6430
vn 0.8748 0.1685 0.4543
vn 0.3926 -0.3200 -0.8623
vn -0.0000 0.9442 0.3294
vn -0.0000 0.0699 -0.9976
vn -0.8748 0.1685 0.4543
vn -0.3926 -0.3199 -0.8622
vn 0.9324 -0.3613 -0.0000
vn -0.8325 -0.5540 -0.0000
vn 0.4851 0.0008 -0.8745
vn 0.4851 0.0007 -0.8745
vn -0.9543 0.0021 -0.2990
vn -0.5906 0.8070 -0.0000
vn 0.4852 0.0008 0.8744
vn -0.9543 0.0021 0.2990
vn 0.0002 0.8460 0.5332
vn 0.0001 -0.6318 0.7751
vn 0.8339 0.5519 -0.0000
vn 0.4318 -0.9019 0.0001
vn 0.0002 0.8478 -0.5304
vn 0.0001 -0.6301 -0.7765
vn -0.7975 0.6033 -0.0000
vn -0.5865 -0.8100 -0.0000
vn -0.0000 0.5552 -0.8317
vn -0.0003 0.5553 -0.8317
vn -0.0000 -0.9809 -0.1945
vn -0.0005 -0.9809 -0.1947
vn -0.0000 -0.1950 0.9808
vn -0.0000 -0.1951 0.9808
vn -0.6786 -0.2811 -0.6786
vn -0.6786 -0.2810 -0.6786
vn -0.6786 0.2811 0.6786
vn -0.8889 0.4233 -0.1754
vn 0.8888 -0.4234 0.1754
vn -0.0002 -0.8773 -0.4800
vn 0.0004 0.5879 -0.8089
vn -0.0002 -0.2808 0.9598
vn 0.0004 0.9877 0.1562
vn 0.0003 0.9877 0.1562
vn -0.8889 -0.4233 0.1754
vn -0.4027 0.8457 -0.3502
vn -0.0000 0.4420 -0.8970
vn -0.0000 -0.9148 -0.4040
vn -0.5209 0.8536 -0.0000
vn -0.6738 -0.7389 -0.0000
vn -0.0000 0.4420 0.8970
vn -0.0000 -0.9151 0.4033
vn 0.4880 0.8729 -0.0000
vn 0.7103 -0.7039 -0.0000
vn -0.4093 0.3492 -0.8429
vn 0.9388 0.1318 -0.3183
vn -0.4093 -0.3492 -0.8430
vn -0.4093 -0.8430 -0.3492
vn 0.9388 -0.3183 -0.1318
vn -0.4093 -0.8430 0.3492
vn -0.4093 -0.3492 0.8430
vn -0.4093 0.3492 0.8430
vn 0.9388 0.1319 0.3183
vn -0.4093 0.8430 0.3492
vn 0.9388 0.3183 0.1319
vn -0.4093 0.8430 -0.3492
vn -0.0000 0.9808 0.1951
vn -0.0000 0.9808 0.1950
vn -0.0000 0.1954 -0.9807
vn 0.0003 0.1953 -0.9808
vn -0.6782 0.2812 0.6789
vn -0.6785 0.2815 0.6786
vn -0.6783 -0.2812 -0.6789
vn -0.6784 -0.2815 -0.6787
vn -0.0000 -0.5552 0.8317
vn -0.0003 -0.5553 0.8317
vn -0.0000 -0.8314 -0.5556
vn -0.0000 -0.8315 -0.5555
vn 0.6785 -0.2811 -0.6787
vn -0.8889 0.4233 -0.1753
vn -0.4027 -0.8456 0.3503
vn 0.8888 0.4233 -0.1753
vn 0.4027 -0.8456 0.3503
vn 0.8748 0.1685 -0.4543
vn 0.3926 -0.3200 0.8622
vn -0.0000 -0.4124 -0.9110
vn -0.0000 -0.7659 0.6430
vn -0.8748 0.1685 -0.4543
vn -0.3926 -0.3200 0.8622
vn -0.0000 0.9442 -0.3294
vn -0.0000 0.0698 0.9976
vn 0.4301 -0.3468 0.8335
vn -0.9369 -0.1335 0.3230
vn 0.4870 -0.8734 -0.0000
vn 0.4301 -0.3468 -0.8335
vn 0.4300 -0.3468 -0.8335
vn -0.9369 -0.1335 -0.3230
vn 0.3736 -0.0000 -0.9276
vn -0.9334 -0.0000 -0.3588
vn 0.4301 0.3468 -0.8335
vn -0.9369 0.1336 -0.3230
vn 0.4870 0.8734 -0.0000
vn -0.9407 0.3394 -0.0000
vn 0.4301 0.3468 0.8335
vn -0.9369 0.1335 0.3230
vn 0.3736 -0.0000 0.9276
vn -0.9334 -0.0000 0.3588
vn -0.0000 -0.8313 -0.5558
vn 0.0002 -0.8313 -0.5558
vn -0.0000 0.5556 -0.8314
vn -0.0000 0.5555 -0.8315
vn 0.6785 -0.6787 0.2811
vn 0.6785 0.6786 -0.2811
vn -0.0000 -0.1954 0.9807
vn 0.0002 -0.1953 0.9807
vn -0.0000 0.9807 0.1956
vn 0.0004 0.9807 0.1953
vn -0.6781 -0.6790 0.2813
vn -0.6784 -0.6786 0.2816
vn -0.6784 0.6788 -0.2811
vn -0.6785 0.6787 -0.2811
vn -0.6786 0.6787 -0.2810
vn -0.8069 0.5906 -0.0000
vn -0.0008 0.9001 0.4357
vn -0.0010 -0.6736 0.7391
vn 0.8911 0.4537 -0.0000
vn 0.8912 0.4537 -0.0000
vn 0.4300 -0.9028 -0.0000
vn -0.0008 0.9005 -0.4348
vn -0.0010 -0.6712 -0.7413
vn -0.0000 0.5552 0.8317
vn 0.0003 0.5553 0.8317
vn -0.0000 0.8317 -0.5552
vn 0.0004 0.8316 -0.5553
vn -0.0000 -0.9809 0.1945
vn 0.0005 -0.9809 0.1947
vn -0.0000 -0.1950 -0.9808
vn -0.0000 -0.1951 -0.9808
vn 0.6783 -0.2812 0.6789
vn 0.6782 -0.2812 0.6789
vn 0.6785 -0.2815 0.6786
vn 0.6786 0.2810 -0.6786
vn 0.8889 -0.4233 -0.1753
vn 0.4027 0.8456 0.3503
vn -0.8889 -0.4233 -0.1753
vn 0.8739 -0.4490 0.1862
vn 0.3932 0.8493 -0.3523
vn -0.0000 -0.2992 0.9542
vn -0.0000 0.9993 0.0386
vn -0.8739 -0.4491 0.1863
vn -0.3932 0.8493 -0.3523
vn -0.0000 0.5980 0.8015
vn -0.0000 -0.8840 0.4675
vn 0.8279 0.5609 -0.0000
vn 0.4545 -0.8907 -0.0000
vn -0.0000 0.5980 -0.8015
vn -0.0000 -0.8840 -0.4675
vn -0.8279 0.5609 -0.0000
vn -0.4545 -0.8907 -0.0000
vn -0.0002 0.9597 -0.2809
vn 0.0004 0.1563 0.9877
vn -0.0002 -0.4801 -0.8772
vn 0.0004 -0.8089 0.5880
vn 0.0003 -0.8089 0.5880
vn -0.8888 0.1753 -0.4233
vn -0.4027 -0.3503 0.8457
vn -0.0002 0.8772 -0.4801
vn 0.0004 -0.5880 -0.8089
vn 0.0003 -0.5880 -0.8089
vn -0.8886 0.4238 0.1753
vn -0.4027 -0.8457 -0.3502
vn -0.0002 0.2809 0.9597
vn 0.0004 -0.9877 0.1563
vn 0.6787 0.6785 0.2811
vn -0.0000 -0.6468 0.7627
vn -0.0000 0.9054 0.4246
vn -0.8608 -0.5089 -0.0000
vn -0.3861 0.9225 -0.0000
vn -0.0000 -0.6468 -0.7627
vn -0.0000 0.9054 -0.4246
vn 0.8608 -0.5089 -0.0000
vn 0.3860 0.9225 -0.0000
vn -0.0000 -0.7670 0.6416
vn -0.0000 -0.4181 -0.9084
vn 0.8854 -0.0004 0.4648
vn 0.3932 0.0005 -0.9195
vn -0.0000 0.5384 0.8427
vn -0.0000 0.6505 -0.7595
vn -0.8854 -0.0004 0.4649
vn -0.3931 0.0005 -0.9195
vn -0.8889 0.4232 0.1754
vn -0.4027 -0.8457 -0.3503
vn 0.8889 0.4231 0.1753
vn 0.4027 -0.8456 -0.3503
vn -0.0000 0.8313 -0.5558
vn -0.0002 0.8313 -0.5558
vn -0.0000 -0.5556 -0.8315
vn -0.6783 0.6788 0.2812
vn -0.6784 0.6788 0.2812
vn -0.6787 0.6784 0.2813
vn -0.6786 -0.6786 -0.2811
vn -0.0000 0.1951 0.9808
vn -0.0000 0.1950 0.9808
vn -0.0000 -0.9808 0.1950
vn -0.0000 -0.9808 0.1951
vn 0.6784 0.6788 0.2811
vn 0.6785 0.6787 0.2811
vn 0.6785 0.6787 0.2810
vn 0.6785 -0.6787 -0.2811
vn 0.6786 -0.6786 -0.2811
vn -0.8888 0.4233 0.1753
vn 0.8889 0.4233 0.1753
vn 0.8739 -0.4491 -0.1862
vn -0.8738 -0.4491 -0.1863
vn -0.3933 0.8493 0.3523
vn 0.8729 0.2032 0.4436
vn 0.3935 -0.3829 -0.8358
vn -0.0000 0.9626 0.2709
vn -0.0000 0.0095 -1.0000
vn -0.8728 0.2033 0.4437
vn -0.3935 -0.3829 -0.8358
vn -0.0000 -0.3726 0.9280
vn -0.0000 -0.7963 -0.6049
vn -0.8889 0.4231 -0.1753
vn -0.4028 -0.8456 0.3503
vn 0.8889 0.4233 -0.1753
vn -0.8995 -0.1669 0.4038
vn -0.4023 0.3503 -0.8458
vn -0.0000 -0.8199 0.5725
vn -0.0000 -0.3104 -0.9506
vn 0.8995 -0.1671 0.4037
vn 0.4021 0.3504 -0.8459
vn -0.0000 -0.7670 -0.6416
vn -0.0000 -0.4181 0.9084
vn -0.8853 -0.0004 -0.4649
vn -0.3932 0.0005 0.9195
vn -0.0000 0.5384 -0.8427
vn -0.0000 0.6505 0.7595
vn 0.8854 -0.0004 -0.4648
vn 0.3931 0.0005 0.9195
vn 0.8889 0.1754 -0.4233
vn -0.0000 -0.1954 -0.9807
vn -0.0002 -0.1953 -0.9807
vn 0.6786 -0.6785 -0.2811
vn 0.6787 -0.6785 -0.2810
vn 0.6786 0.6787 0.2810
vn -0.0000 -0.8315 0.5555
vn -0.0000 -0.8315 0.5556
vn -0.0000 -0.8314 0.5556
vn 0.0004 0.5553 0.8316
vn -0.6787 -0.6785 -0.2811
vn -0.6786 0.6786 0.2811
vn 0.8748 -0.1685 -0.4543
vn 0.3926 0.3200 0.8623
vn -0.0000 -0.9442 -0.3294
vn -0.0000 -0.0698 0.9976
vn -0.8748 -0.1685 -0.4543
vn -0.3926 0.3199 0.8623
vn -0.0000 0.4124 -0.9110
vn -0.0000 0.7659 0.6430
vn 0.8071 0.2376 0.5405
vn 0.2838 0.0876 -0.9549
vn 0.0001 0.8978 0.4404
vn -0.0001 0.3403 -0.9403
vn -0.5289 0.7643 0.3690
vn -0.1240 0.1926 -0.9734
vn -0.0002 -0.1755 0.9845
vn -0.0002 -0.8868 -0.4622
vn -0.0001 -0.8868 -0.4622
vn -0.0004 0.8609 0.5087
vn -0.0002 0.3367 -0.9416
vn -0.8069 -0.0000 0.5907
vn -0.3437 -0.0000 -0.9391
vn 0.0009 -0.2280 0.9737
vn -0.0006 -0.7667 -0.6420
vn 0.7490 0.5033 0.4310
vn 0.7490 0.5032 0.4310
vn 0.1774 0.1313 -0.9753
vn -0.4476 0.3105 0.8386
vn 0.9393 0.1184 0.3220
vn -0.4968 0.8679 -0.0000
vn 0.9406 0.3395 -0.0000
vn -0.4477 0.3105 -0.8385
vn 0.9393 0.1184 -0.3220
vn -0.8435 -0.5372 -0.0000
vn 0.8435 -0.5372 -0.0000
vn -0.8887 0.4236 0.1753
vn 0.8888 0.4233 0.1753
vn -0.8995 -0.1671 0.4037
vn -0.4029 0.3503 -0.8456
vn -0.8889 0.1754 -0.4233
vn -0.0000 -0.9544 -0.2984
vn -0.0000 -0.0378 0.9993
vn -0.8854 -0.1788 -0.4291
vn -0.3932 0.3533 0.8489
vn -0.0000 0.3096 -0.9509
vn -0.0000 0.8204 0.5718
vn 0.8854 -0.1786 -0.4291
vn 0.3932 0.3533 0.8489
vn 0.8729 -0.2031 -0.4437
vn 0.8729 -0.2032 -0.4437
vn 0.3935 0.3829 0.8358
vn -0.0000 -0.9626 -0.2709
vn -0.0000 -0.0095 1.0000
vn -0.8728 -0.2033 -0.4437
vn -0.8728 -0.2032 -0.4437
vn -0.3935 0.3829 0.8358
vn -0.0000 0.3726 -0.9280
vn -0.0000 0.7963 0.6049
vn -0.0000 -0.7671 -0.6416
vn -0.8854 -0.0004 -0.4648
vn -0.4787 -0.8780 -0.0000
vn 0.9406 -0.3396 -0.0000
vn -0.4501 -0.3717 0.8119
vn 0.9400 -0.1418 0.3103
vn -0.4500 0.3718 0.8120
vn 0.9400 0.1419 0.3104
vn -0.4787 0.8780 -0.0000
vn -0.4501 0.3717 -0.8119
vn 0.9400 0.1418 -0.3104
vn 0.9400 0.1419 -0.3104
vn -0.4500 -0.3717 -0.8120
vn 0.9400 -0.1419 -0.3104
vn -0.9704 -0.2414 -0.0001
vn 0.8961 -0.4438 0.0007
vn -0.4434 0.0003 0.8963
vn 0.9569 0.0045 0.2905
vn 0.9569 0.0046 0.2905
vn -0.6727 0.7399 -0.0000
vn 0.8905 0.4550 -0.0000
vn -0.4324 0.0003 -0.9017
vn 0.9623 0.0053 -0.2721
vn 0.3971 0.0002 0.9178
vn 0.3901 0.0023 0.9208
vn 0.3934 -0.0065 0.9194
vn -0.9192 -0.0065 0.3936
vn -0.9204 0.0008 0.3910
vn -0.8165 -0.5773 -0.0000
vn 0.4037 0.0003 -0.9149
vn 0.3993 -0.0058 -0.9168
vn -0.9167 -0.0059 -0.3995
vn -0.9207 0.0010 -0.3904
vn -0.9176 0.0015 -0.3975
vn 0.7609 0.6489 0.0077
vn 0.7664 0.6424 -0.0001
vn 0.7664 0.6423 -0.0008
vn -0.8337 0.5522 0.0021
vn -0.8355 0.5495 -0.0067
vn -0.8351 0.5501 0.0057
vn 0.2385 0.9711 -0.0000
vn -0.9944 0.1056 -0.0000
vn 0.3767 0.4818 0.7912
vn -0.9255 -0.1330 0.3547
vn 0.9282 -0.3720 -0.0000
vn -0.6932 -0.7208 -0.0000
vn 0.3767 0.4818 -0.7911
vn -0.9255 -0.1329 -0.3547
vn 0.3767 -0.4818 0.7911
vn -0.9255 0.1330 0.3547
vn 0.2385 -0.9711 -0.0000
vn -0.9944 -0.1057 -0.0000
vn 0.3767 -0.4818 -0.7912
vn -0.9255 0.1330 -0.3547
vn 0.9282 0.3720 -0.0000
vn -0.6932 0.7208 -0.0000
vn -0.3383 0.9411 -0.0000
vn 0.9807 -0.1956 -0.0000
vn -0.2802 0.2935 -0.9140
vn -0.2802 0.2936 -0.9140
vn 0.6393 -0.6875 -0.3444
vn -0.9548 0.2974 -0.0000
vn -0.0308 -0.9995 -0.0000
vn -0.2802 0.2936 0.9140
vn 0.6393 -0.6875 0.3443
vn 0.9096 -0.0000 -0.4156
vn 0.4023 -0.0000 0.9155
vn -0.0000 -0.6507 -0.7593
vn -0.0000 -0.5382 0.8428
vn -0.9096 -0.0000 -0.4156
vn -0.4023 -0.0000 0.9155
vn -0.0000 0.6507 -0.7593
vn -0.0000 0.5382 0.8428
vn -0.9579 -0.2870 -0.0000
vn -0.0205 0.9998 -0.0000
vn -0.3197 -0.3283 -0.8888
vn -0.3196 -0.3282 -0.8889
vn 0.6387 0.6558 -0.4024
vn -0.2662 -0.9639 -0.0000
vn 1.0000 0.0002 -0.0000
vn -0.3197 -0.3283 0.8888
vn 0.6385 0.6557 0.4030
vn 0.8739 -0.4491 0.1862
vn -0.8739 -0.4490 0.1863
vn -0.8739 -0.4490 0.1862
vn -0.3933 0.8493 -0.3523
vn -0.0000 -0.6417 0.7670
vn -0.0000 0.9083 0.4183
vn -0.8572 -0.5150 -0.0000
vn -0.3835 0.9235 -0.0000
vn -0.0000 -0.6417 -0.7670
vn -0.0000 0.9083 -0.4183
vn 0.8573 -0.5148 -0.0000
vn 0.3836 0.9235 -0.0000
vn -0.9096 -0.0000 0.4156
vn -0.4022 -0.0000 -0.9155
vn -0.0000 -0.6507 0.7593
vn -0.0000 -0.5382 -0.8428
vn 0.9096 -0.0000 0.4156
vn 0.4022 -0.0000 -0.9155
vn -0.0000 0.6507 0.7593
vn -0.0000 0.5382 -0.8428
vn -0.4086 0.0006 0.9127
vn -0.4086 0.0005 0.9127
vn 0.9390 0.0041 0.3438
vn -0.8762 0.4820 -0.0000
vn 0.6979 0.7162 -0.0000
vn -0.4087 0.0006 -0.9127
vn -0.4087 0.0005 -0.9127
vn 0.9390 0.0041 -0.3438
vn -0.9155 -0.4024 -0.0000
vn 0.8169 -0.5768 -0.0000
vn -0.0000 -0.7671 0.6416
vn -0.8854 -0.0004 0.4648
vn 0.2889 0.6789 0.6750
vn 0.4218 0.6286 0.6534
vn 0.3430 0.6452 0.6827
vn -0.8295 -0.1973 0.5224
vn -0.8591 -0.3311 0.3904
vn -0.8130 -0.2841 0.5083
vn 0.6680 0.4524 0.5909
vn 0.6838 0.5202 0.5117
vn 0.6019 0.5061 0.6177
vn -0.4617 -0.5885 0.6637
vn -0.4917 -0.5751 0.6538
vn -0.4780 -0.5271 0.7026
vn 0.3830 0.3183 -0.8672
vn 0.3789 0.3508 -0.8564
vn 0.4809 0.2725 -0.8334
vn -0.6861 -0.5669 -0.4560
vn -0.6459 -0.5545 -0.5247
vn -0.6207 -0.6570 -0.4279
vn 0.8390 0.2477 -0.4844
vn 0.8687 0.0938 -0.4865
vn 0.8872 0.1375 -0.4404
vn -0.4808 -0.7542 -0.4473
vn -0.3706 -0.7210 -0.5855
vn -0.4161 -0.7823 -0.4635
vn 0.0223 0.9995 0.0211
vn 0.1395 0.9848 0.1038
vn 0.0918 0.9890 -0.1156
vn -0.9979 -0.0492 0.0420
vn -0.9911 -0.0847 -0.1029
vn -0.9654 -0.2589 -0.0311
vn 0.5737 0.3098 0.7582
vn 0.5190 0.2192 0.8262
vn 0.5864 0.3606 0.7253
vn -0.7655 -0.4903 0.4167
vn -0.6566 -0.5642 0.5006
vn -0.6320 -0.5618 0.5337
vn 0.2899 0.6791 -0.6744
vn 0.4415 0.6551 -0.6132
vn 0.3441 0.6453 -0.6820
vn -0.8288 -0.1954 -0.5243
vn -0.8147 -0.3399 -0.4699
vn -0.8124 -0.2823 -0.5103
vn 0.3833 0.3186 0.8670
vn 0.3431 0.2590 0.9029
vn 0.4811 0.2727 0.8331
vn -0.6862 -0.5670 0.4556
vn -0.7095 -0.5614 0.4261
vn -0.6208 -0.6572 0.4274
vn 0.6685 0.4533 -0.5896
vn 0.6669 0.4837 -0.5669
vn 0.6025 0.5070 -0.6164
vn -0.4597 -0.5873 -0.6661
vn -0.5570 -0.5514 -0.6211
vn -0.4760 -0.5258 -0.7049
vn 0.8383 0.2462 0.4865
vn 0.8236 0.0673 0.5632
vn 0.8866 0.1358 0.4422
vn -0.4813 -0.7543 0.4466
vn -0.4002 -0.7759 0.4876
vn -0.4168 -0.7823 0.4628
vn 0.5754 0.3107 -0.7565
vn 0.5316 0.2478 -0.8099
vn 0.5881 0.3617 -0.7234
vn -0.7650 -0.4897 -0.4182
vn -0.6771 -0.4330 -0.5950
vn -0.6313 -0.5614 -0.5350
vn 0.0223 0.9995 -0.0211
vn 0.0071 0.9998 -0.0164
vn 0.0918 0.9891 0.1156
vn -0.9979 -0.0492 -0.0420
vn -0.9769 -0.1921 -0.0939
vn -0.9654 -0.2589 0.0311
vn 0.8421 0.3100 0.4412
vn 0.8422 0.3100 0.4412
vn 0.3212 0.1176 -0.9397
vn 0.0001 0.9020 0.4318
vn -0.0002 0.3333 -0.9428
vn -0.5183 0.7485 0.4137
vn -0.1965 0.2842 -0.9384
vn -0.8428 -0.0006 0.5382
vn -0.4342 -0.0042 -0.9008
vn 0.2592 -0.4964 0.8285
vn 0.3419 -0.6669 -0.6621
vn 0.8678 -0.0005 0.4970
vn 0.4148 -0.0057 -0.9099
vn 0.5038 -0.7578 0.4146
vn 0.1918 -0.2877 -0.9383
vn -0.0000 -0.9182 0.3962
vn -0.0000 -0.3477 -0.9376
vn -0.6366 -0.6537 0.4092
vn -0.2402 -0.2466 -0.9389
vn -0.8884 -0.0004 0.4591
vn -0.4022 -0.0042 -0.9155
vn -0.1607 -0.4979 0.8522
vn -0.1606 -0.4979 0.8522
vn -0.2090 -0.6472 -0.7332
vn -0.0000 -0.9442 0.3294
vn -0.0000 -0.0699 -0.9976
vn 0.8748 -0.1685 0.4543
vn 0.3926 0.3199 -0.8622
vn 0.3926 0.3200 -0.8622
vn -0.0000 0.4124 0.9110
vn -0.0000 0.7659 -0.6430
vn -0.8748 -0.1685 0.4543
vn -0.8748 -0.1684 0.4543
vn -0.3926 0.3200 -0.8623
vn 0.4486 -0.8256 0.3422
vn -0.9396 -0.3162 0.1308
vn -0.9396 -0.3163 0.1308
vn 0.4488 -0.8255 -0.3423
vn 0.4487 -0.8255 -0.3423
vn -0.9397 -0.3160 -0.1308
vn 0.3912 -0.3520 -0.8503
vn -0.9388 0.1318 -0.3183
vn 0.4092 0.8430 0.3491
vn 0.4093 0.3492 0.8429
vn -0.9361 -0.1350 0.3249
vn -0.0000 -0.4458 0.8951
vn -0.0000 0.9147 0.4041
vn -0.5131 -0.8584 -0.0000
vn -0.6833 0.7301 -0.0000
vn -0.0000 -0.4458 -0.8951
vn -0.0000 0.9148 -0.4040
vn -0.0000 0.9148 -0.4039
vn 0.4859 -0.8740 -0.0000
vn 0.7122 0.7019 -0.0000
vn -0.3912 -0.3521 -0.8503
vn 0.9369 0.0005 -0.3496
vn -0.4488 -0.8255 -0.3423
vn 0.9397 -0.3161 -0.1308
vn 0.9396 -0.3162 -0.1309
vn -0.4486 -0.8256 0.3422
vn 0.9397 -0.3160 0.1308
vn -0.4302 -0.0004 0.9027
vn 0.9369 0.0005 0.3496
vn 0.9361 -0.1349 0.3249
vn -0.0002 -0.1726 -0.9850
vn -0.0001 -0.8866 0.4626
vn -0.0002 -0.8866 0.4626
vn -0.5289 0.7642 -0.3691
vn -0.1241 0.1927 0.9734
vn 0.0001 0.8978 -0.4404
vn -0.0001 0.3403 0.9403
vn 0.8059 0.2372 -0.5425
vn 0.2809 0.0870 0.9558
vn -0.3737 -0.0000 0.9276
vn -0.4301 0.3469 0.8335
vn -0.4301 0.3469 0.8334
vn 0.9405 0.3397 -0.0000
vn -0.4301 0.3468 -0.8335
vn -0.4300 -0.3470 -0.8335
vn -0.4871 -0.8733 -0.0000
vn 0.9407 -0.3394 -0.0000
vn -0.4301 -0.3468 0.8335
vn -0.8070 0.5906 -0.0000
vn 0.0009 -0.9275 0.3739
vn 0.7311 0.6823 0.0002
vn 0.4754 -0.8797 -0.0003
vn -0.4093 -0.8429 -0.3492
vn 0.9387 -0.3184 -0.1318
vn -0.4559 -0.3417 -0.8218
vn 0.9169 -0.1625 -0.3644
vn -0.8132 -0.5819 0.0042
vn 0.8097 -0.5868 -0.0117
vn -0.4094 0.8429 0.3493
vn 0.9388 0.3183 0.1318
vn -0.4093 0.8430 -0.3491
vn 0.9388 0.3182 -0.1319
vn -0.4093 0.3493 -0.8429
vn -0.8133 -0.5818 -0.0042
vn 0.8098 -0.5867 0.0117
vn -0.4093 -0.8430 0.3491
vn -0.5906 0.8069 -0.0000
vn 0.9390 0.3438 -0.0000
vn -0.4867 0.0004 -0.8736
vn -0.4867 0.0008 -0.8736
vn -0.8164 -0.5774 -0.0000
vn 0.8165 -0.5774 -0.0000
vn -0.4869 0.0004 0.8735
vn 0.9312 -0.0003 0.3644
vn -0.4093 -0.3493 0.8429
vn 0.9388 -0.1318 0.3183
vn -0.8133 0.5818 0.0042
vn 0.8098 0.5867 -0.0117
vn -0.4559 0.3416 -0.8219
vn 0.9169 0.1624 -0.3645
vn -0.4094 0.8429 -0.3493
vn 0.9169 0.1626 0.3645
vn -0.8132 0.5819 -0.0042
vn 0.8097 0.5868 0.0117
vn -0.4093 -0.3491 -0.8430
vn 0.9388 -0.1319 -0.3183
vn -0.4094 -0.8429 -0.3493
vn 0.9388 -0.3182 0.1319
vn -0.0002 -0.2808 -0.9598
vn 0.0004 0.9877 -0.1562
vn -0.0002 -0.8773 0.4800
vn 0.0004 0.5879 0.8089
vn -0.8888 -0.4235 -0.1753
vn -0.4027 0.8457 0.3502
vn 0.4027 0.3503 -0.8457
vn -0.9130 0.1548 -0.3774
vn -0.0001 0.7564 -0.6541
vn 0.0006 0.3117 0.9502
vn 0.8854 0.1786 -0.4291
vn -0.8889 -0.4233 -0.1754
vn 0.0001 0.4831 0.8756
vn -0.0001 -0.9178 0.3970
vn 0.7709 0.6370 -0.0003
vn -0.0002 -0.9223 -0.3865
vn -0.0002 0.4800 0.8773
vn 0.0004 0.8089 -0.5879
vn -0.8888 -0.1754 0.4234
vn -0.0002 -0.9598 0.2808
vn 0.0004 -0.1562 -0.9877
vn 0.4093 -0.3492 0.8429
vn -0.9388 0.3184 0.1318
vn 0.4094 0.8429 0.3493
vn -0.9388 0.3182 -0.1319
vn 0.4094 0.8429 -0.3493
vn 0.4093 0.3492 -0.8429
vn -0.9388 -0.3184 -0.1318
vn 0.4094 -0.8429 -0.3493
vn -0.9388 -0.3182 0.1319
vn 0.4093 -0.8430 0.3492
vn 0.8607 0.5090 -0.0000
vn 0.4242 0.0007 0.9056
vn 0.4242 0.0007 -0.9055
vn -0.5137 0.8580 -0.0000
vn 0.6898 -0.7240 -0.0000
vn 0.4487 -0.8256 0.3422
vn 0.4487 -0.8255 -0.3422
vn -0.9396 -0.3162 -0.1309
vn 0.3912 -0.3521 0.8503
vn -0.0003 0.1954 -0.9807
vn -0.0000 0.1956 -0.9807
vn -0.6783 0.6788 -0.2812
vn -0.6787 0.6784 -0.2813
vn -0.6786 -0.6786 0.2811
vn -0.0000 0.8315 0.5556
vn 0.0004 -0.5553 0.8316
vn 0.6786 0.6787 -0.2810
vn 0.6786 -0.6786 0.2810
vn 0.6785 -0.6787 0.2810
vn -0.4093 0.8429 -0.3492
vn 0.9388 0.3183 -0.1319
vn -0.4303 -0.0004 -0.9027
vn -0.4487 -0.8255 -0.3423
vn -0.4487 -0.8256 0.3422
vn 0.9396 -0.3162 0.1308
vn -0.3912 -0.3520 0.8503
vn -0.4093 0.3491 0.8430
vn -0.4971 -0.8677 -0.0000
vn 0.9406 -0.3395 -0.0000
vn -0.4476 -0.3105 0.8386
vn -0.8434 0.5372 -0.0000
vn 0.8434 0.5372 -0.0000
vn -0.4477 -0.3106 -0.8385
vn 0.9393 -0.1184 -0.3220
vn 0.9010 0.4339 -0.0000
vn 0.2111 0.9775 -0.0000
vn -0.9205 -0.3907 -0.0000
vn -0.8252 -0.4305 -0.3657
vn -0.3800 0.2811 0.8812
vn 0.8252 -0.4305 -0.3656
vn 0.3800 0.2811 0.8812
vn -0.0008 -0.9733 -0.2294
vn -0.6090 -0.7931 -0.0000
vn 0.2499 0.9682 0.0079
vn 0.2894 0.9568 0.0283
vn -0.9920 0.1233 0.0265
vn -0.9870 0.1578 -0.0303
vn -0.9927 0.1171 -0.0287
vn -0.8706 -0.2899 -0.3975
vn 0.2342 0.9721 -0.0139
vn 0.4691 0.2564 0.8451
vn 0.4503 0.1619 0.8781
vn -0.8715 -0.2268 0.4347
vn -0.8603 -0.3218 0.3955
vn -0.8240 -0.2950 0.4838
vn 0.9299 -0.3542 -0.0992
vn 0.8999 -0.4358 -0.0155
vn -0.5943 -0.8042 0.0038
vn 0.3958 0.1196 -0.9105
vn 0.3814 0.1873 -0.9052
vn -0.8102 -0.3415 -0.4763
vn -0.8199 -0.4076 -0.4021
vn 0.3566 0.9343 0.0002
vn -0.9885 0.1501 0.0166
vn 0.5885 0.1470 0.7950
vn -0.8639 -0.2508 0.4368
vn 0.4501 -0.3717 0.8120
vn -0.9400 -0.1418 0.3103
vn 0.4788 -0.8779 -0.0000
vn -0.9406 -0.3397 -0.0000
vn 0.4501 0.3717 -0.8119
vn 0.4787 0.8780 -0.0000
vn -0.9400 0.1419 0.3104
vn 0.4478 -0.3105 0.8385
vn 0.8435 0.5372 -0.0000
vn -0.8435 0.5372 -0.0000
vn -0.3767 0.4818 -0.7911
vn 0.8573 0.5148 -0.0000
vn 0.3836 -0.9235 -0.0000
vn -0.8572 0.5150 -0.0000
vn -0.3835 -0.9236 -0.0000
vn -0.3461 -0.3687 -0.8627
vn 0.8888 -0.1753 -0.4233
vn -0.0001 0.7563 0.6542
vn 0.0006 0.3118 -0.9502
vn -0.2375 0.3259 0.9151
vn 0.5415 -0.7958 0.2710
vn -0.4055 0.9141 -0.0000
vn -0.2375 0.3260 -0.9150
vn 0.5415 -0.7959 -0.2709
vn -0.4546 0.8907 -0.0000
vn 0.4545 0.8907 -0.0000
vn -0.3461 0.3688 -0.8627
vn -0.0001 -0.7564 0.6541
vn 0.0006 -0.3117 -0.9502
vn -0.0002 0.2809 -0.9597
vn 0.0004 -0.9877 -0.1563
vn -0.8888 0.4235 -0.1753
vn -0.0002 0.8772 0.4801
vn 0.0004 -0.5880 0.8089
vn -0.3253 0.4677 0.8218
vn -0.3253 0.4677 0.8219
vn 0.4846 -0.7111 0.5094
vn 0.5216 -0.7532 0.4008
vn -0.3254 0.4678 -0.8218
vn 0.4846 -0.7112 -0.5092
vn 0.4847 -0.7112 -0.5092
vn -0.0002 0.9597 0.2809
vn 0.0004 0.1563 -0.9877
vn -0.8888 0.1753 0.4234
vn -0.0002 -0.4801 0.8772
vn 0.0004 -0.8089 -0.5880
vn 0.6786 0.2810 0.6786
vn -0.8728 -0.2032 0.4437
vn 0.8888 0.1754 0.4233
vn -0.0001 -0.7563 -0.6542
vn 0.0006 -0.3118 0.9502
vn -0.9130 -0.1546 -0.3774
vn -0.9131 -0.1546 -0.3774
vn 0.8888 -0.1753 0.4233
vn -0.0004 0.8609 -0.5087
vn 0.7483 0.5028 -0.4327
vn 0.1755 0.1302 0.9758
vn 0.0009 -0.2257 -0.9742
vn -0.0007 -0.7636 0.6456
vn -0.8252 0.4305 -0.3656
vn -0.0000 0.9846 -0.1748
vn 0.3800 -0.2811 0.8812
vn -0.8888 0.1754 0.4234
vn 0.0003 0.9807 -0.1954
vn -0.0000 0.9807 -0.1956
vn 0.0003 0.1953 0.9808
vn 0.6785 0.2811 -0.6787
vn 0.6785 -0.2811 0.6787
vn -0.0000 -0.5556 -0.8314
vn -0.0000 -0.5555 -0.8315
vn -0.6786 0.2810 -0.6786
vn -0.6787 0.2811 -0.6786
vn -0.6786 -0.2810 0.6786
vn -0.6787 -0.2811 0.6786
vn 0.7310 0.6823 -0.0002
vn 0.0009 -0.9275 -0.3738
vn 0.8889 -0.4233 0.1753
vn -0.8888 -0.4233 0.1753
vn -0.4027 0.8456 -0.3503
vn -0.0000 0.9846 0.1748
vn 0.8252 0.4305 0.3656
vn 0.3799 -0.2811 -0.8813
vn -0.3799 0.2811 -0.8813
vn 0.3800 0.2811 -0.8813
vn 0.8995 -0.1671 -0.4037
vn 0.8995 -0.1672 -0.4037
vn -0.4028 0.3503 0.8456
vn 0.8533 -0.5215 -0.0000
vn -0.0000 -0.6360 0.7716
vn -0.8532 -0.5215 -0.0000
vn 0.2545 -0.3830 0.8880
vn -0.5073 0.7632 0.4003
vn 0.2545 -0.3831 -0.8879
vn -0.5073 0.7632 -0.4002
vn -0.8728 0.2033 -0.4437
vn 0.3933 0.8493 0.3523
vn -0.8739 -0.4490 -0.1862
vn -0.8739 -0.4490 -0.1863
vn 0.8854 0.1789 0.4291
vn -0.8854 0.1788 0.4291
vn -0.8889 0.1754 0.4233
vn -0.8888 -0.4234 0.1754
vn 0.4027 -0.8457 0.3503
vn 0.8888 0.4234 -0.1754
vn -0.8888 0.4235 0.1753
vn 0.8854 -0.1786 0.4291
vn -0.8854 -0.1789 0.4291
vn -0.8995 -0.1670 -0.4038
vn 0.1976 0.3356 0.9211
vn 0.1976 0.3355 -0.9211
vn 0.9455 0.3258 -0.0000
vn -0.3234 -0.2756 0.9053
vn -0.3234 -0.2755 0.9053
vn 0.7297 0.6289 0.2683
vn 0.7297 0.6290 0.2683
vn -0.9769 -0.2138 -0.0000
vn -0.3233 -0.2755 -0.9053
vn 0.7297 0.6289 -0.2685
vn 0.7296 0.6289 -0.2685
vn 0.0001 0.4830 -0.8756
vn -0.0001 -0.9178 -0.3971
vn -0.0000 -0.9143 0.4050
vn 0.4233 -0.9060 0.0010
vn -0.8069 0.5908 -0.0000
vn 0.7258 0.6879 -0.0000
vn -0.3457 -0.2989 0.8895
vn -0.3447 -0.3000 0.8895
vn -0.0009 -0.8600 -0.5103
vn -0.0000 -0.3437 0.9391
vn -0.0000 -0.3436 0.9391
vn 0.8338 0.0003 -0.5520
vn 0.4154 -0.0034 0.9096
vn 0.2246 -0.5025 -0.8349
vn -0.8737 0.0004 -0.4865
vn -0.0004 0.8602 -0.5099
vn -0.0000 0.3426 0.9395
vn -0.0000 0.3427 0.9395
vn 0.3021 0.2518 0.9194
vn -0.1182 -0.5362 -0.8358
vn -0.1616 -0.7435 0.6489
vn 0.0001 0.8302 -0.5575
vn 0.0007 0.5063 0.8624
vn 0.6377 0.0022 -0.7702
vn -0.2218 0.5046 0.8344
vn 0.4844 0.7394 -0.4677
vn 0.4844 0.7393 -0.4677
vn -0.0000 0.3501 0.9367
vn -0.4901 0.6838 -0.5405
vn -0.2478 0.3831 0.8898
vn 0.1654 0.7459 -0.6451
vn 0.1147 0.5373 0.8356
vn 0.9255 -0.0001 0.3789
vn 0.2099 0.6474 0.7326
vn 0.1589 0.4990 -0.8519
vn -0.6115 0.6460 0.4569
vn -0.0000 0.9195 0.3930
vn -0.0000 0.3490 -0.9371
vn 0.4433 0.7622 0.4718
vn -0.3472 0.6657 0.6606
vn -0.2557 0.4972 -0.8291
vn 0.0001 0.8374 0.5467
vn 0.1654 0.7459 0.6452
vn 0.1147 0.5372 -0.8356
vn -0.4902 0.6839 0.5404
vn -0.2479 0.3832 -0.8898
vn -0.0000 0.3498 -0.9368
vn 0.4844 0.7393 0.4678
vn -0.2784 0.6176 0.7356
vn -0.2218 0.5047 -0.8343
vn 0.5038 -0.7578 -0.4147
vn 0.1918 -0.2876 0.9383
vn 0.8678 -0.0005 -0.4969
vn 0.4148 -0.0057 0.9099
vn 0.2702 -0.5162 -0.8127
vn 0.3386 -0.6591 0.6716
vn -0.8350 -0.0007 -0.5502
vn -0.4516 -0.0051 0.8922
vn -0.4516 -0.0050 0.8922
vn -0.5183 0.7485 -0.4137
vn 0.0001 0.8942 -0.4477
vn 0.8480 0.3122 -0.4283
vn 0.8480 0.3121 -0.4283
vn 0.3288 0.1209 0.9366
vn -0.1588 -0.4925 -0.8557
vn -0.6366 -0.6537 -0.4092
vn -0.2402 -0.2466 0.9389
vn -0.0000 -0.9182 -0.3962
vn -0.0000 -0.3477 0.9376
vn -0.3436 0.6583 -0.6698
vn 0.4433 0.7622 -0.4717
vn -0.0000 0.9195 -0.3931
vn -0.0000 0.3491 0.9371
vn -0.6115 0.6460 -0.4570
vn -0.2694 0.2976 0.9159
vn 0.1570 0.4937 0.8553
vn -0.0004 -0.6493 0.7606
vn -0.6374 -0.0067 0.7705
vn -0.0002 0.4801 -0.8772
vn 0.0004 0.8089 0.5880
vn 0.6786 -0.2810 -0.6786
vn -0.0002 -0.9597 -0.2809
vn 0.0004 -0.1563 0.9877
vn -0.8888 -0.1753 -0.4234
vn -0.3446 -0.2999 -0.8895
vn -0.1182 -0.5362 0.8358
vn -0.1616 -0.7435 -0.6489
vn 0.3024 0.2520 -0.9193
vn -0.0004 0.8602 0.5100
vn -0.0000 0.3425 -0.9395
vn -0.8738 0.0004 0.4863
vn -0.3642 -0.0005 -0.9313
vn 0.2246 -0.5026 0.8348
vn 0.8338 0.0003 0.5521
vn 0.4155 -0.0034 -0.9096
vn -0.0009 -0.8601 0.5102
vn -0.0000 -0.3431 -0.9393
vn -0.3767 -0.4818 0.7911
vn -0.3767 -0.4818 -0.7912
vn -0.9388 -0.1318 0.3183
vn 0.4092 -0.3492 -0.8430
vn -0.9388 -0.1318 -0.3183
vn 0.4093 0.8430 0.3492
vn 0.3801 0.5361 0.7538
vn 0.3177 0.5445 0.7763
vn 0.3793 0.5643 0.7333
vn -0.7046 -0.5626 0.4325
vn -0.7261 -0.4965 0.4758
vn -0.7685 -0.4236 0.4796
vn 0.9622 0.2723 0.0085
vn 0.9495 0.3132 -0.0178
vn 0.9528 0.3027 0.0246
vn -0.2023 -0.9791 0.0210
vn -0.1884 -0.9818 -0.0257
vn 0.3783 0.5445 -0.7486
vn 0.3176 0.5612 -0.7643
vn 0.3793 0.6238 -0.6834
vn -0.7282 -0.5411 -0.4206
vn -0.7261 -0.4868 -0.4856
vn -0.7065 -0.4857 -0.5147
vn 0.0676 0.9970 -0.0369
vn -0.9976 0.0298 -0.0620
vn -0.9931 -0.0884 -0.0765
vn -0.8534 0.5213 -0.0000
vn 0.8533 0.5214 -0.0000
vn 0.3926 -0.3200 -0.8622
vn -0.3926 -0.3200 -0.8622
vn 0.4852 0.0008 -0.8744
vn -0.5908 0.8068 -0.0000
vn 0.4851 0.0008 0.8745
vn 0.0002 0.8461 0.5330
vn 0.0001 -0.6318 0.7752
vn 0.8338 0.5520 -0.0000
vn 0.4316 -0.9021 0.0001
vn 0.0002 0.8476 -0.5306
vn 0.0003 0.5553 -0.8317
vn 0.6785 -0.2811 -0.6786
vn -0.0002 -0.9807 -0.1953
vn -0.0000 -0.9807 -0.1954
vn -0.0003 -0.1953 0.9808
vn -0.8888 0.4234 -0.1754
vn 0.4027 0.8457 -0.3503
vn -0.0002 -0.8772 -0.4801
vn 0.0004 0.5880 -0.8089
vn 0.6787 -0.6785 0.2811
vn 0.6787 0.6785 -0.2811
vn -0.0002 -0.2809 0.9597
vn 0.0004 0.9877 0.1563
vn -0.8886 -0.4238 0.1753
vn -0.0000 -0.9151 -0.4033
vn -0.0000 -0.9148 0.4038
vn -0.4092 0.3492 -0.8430
vn -0.0003 0.9807 0.1954
vn -0.0003 0.1953 -0.9808
vn 0.0003 -0.5553 0.8317
vn -0.0000 -0.8315 -0.5556
vn 0.6787 0.2810 0.6786
vn 0.3926 -0.3200 0.8623
vn -0.3926 -0.3200 0.8623
vn 0.4873 -0.8732 -0.0000
vn -0.9407 -0.3394 -0.0000
vn 0.4301 -0.3467 -0.8335
vn -0.9369 -0.1336 -0.3230
vn -0.9369 0.1335 -0.3230
vn 0.4873 0.8732 -0.0000
vn -0.0002 -0.8313 -0.5558
vn 0.6786 0.6786 -0.2810
vn -0.6787 0.6785 -0.2811
vn -0.8068 0.5908 -0.0000
vn -0.0008 0.9000 0.4359
vn -0.0010 -0.6735 0.7392
vn -0.0011 -0.6735 0.7392
vn 0.8911 0.4538 -0.0000
vn 0.4297 -0.9030 -0.0000
vn -0.0007 0.9006 -0.4346
vn -0.0008 0.9006 -0.4346
vn -0.0010 -0.6713 -0.7412
vn -0.0000 0.5556 0.8314
vn -0.0000 0.5556 0.8315
vn -0.0000 0.5555 0.8315
vn -0.0000 0.8315 -0.5556
vn -0.0000 0.8314 -0.5556
vn 0.0002 -0.9807 0.1953
vn -0.0000 -0.9807 0.1954
vn 0.0003 -0.1953 -0.9808
vn 0.8888 -0.4233 -0.1753
vn -0.8888 -0.4233 -0.1753
vn -0.8738 -0.4491 0.1863
vn -0.3933 0.8492 -0.3523
vn 0.4546 -0.8907 -0.0000
vn -0.4546 -0.8907 -0.0000
vn -0.0002 0.9598 -0.2808
vn 0.0004 0.1562 0.9877
vn -0.0002 -0.4800 -0.8773
vn 0.0004 -0.8089 0.5879
vn -0.8888 0.1754 -0.4233
vn -0.0002 0.8772 -0.4800
vn 0.0004 -0.5879 -0.8089
vn -0.0002 0.2808 0.9598
vn 0.0004 -0.9877 0.1562
vn 0.3861 0.9225 -0.0000
vn 0.3931 0.0005 -0.9195
vn -0.8853 -0.0004 0.4649
vn -0.3932 0.0005 -0.9195
vn 0.4028 -0.8456 -0.3503
vn -0.0000 0.8313 -0.5559
vn 0.0002 0.8313 -0.5558
vn -0.6783 0.6789 0.2812
vn -0.6785 0.6786 0.2814
vn -0.6786 -0.6786 -0.2810
vn 0.0003 0.1954 0.9807
vn -0.0000 0.1956 0.9807
vn 0.6787 0.6784 0.2812
vn 0.6787 0.6784 0.2811
vn 0.6788 0.6784 0.2811
vn -0.8889 0.4233 0.1753
vn -0.0000 0.9199 -0.3921
vn -0.8739 -0.4491 -0.1863
vn 0.8729 0.2032 0.4437
vn -0.8729 0.2031 0.4437
vn 0.4027 -0.8457 0.3502
vn -0.8994 -0.1672 0.4038
vn -0.4021 0.3504 -0.8459
vn 0.4029 0.3503 -0.8456
vn 0.4028 0.3503 -0.8456
vn -0.8854 -0.0004 -0.4649
vn -0.3931 0.0005 0.9195
vn 0.3932 0.0005 0.9195
vn 0.6785 -0.6786 -0.2811
vn -0.0004 0.5553 0.8316
vn -0.6786 -0.6787 -0.2811
vn -0.6787 0.6785 0.2811
vn 0.3926 0.3200 0.8622
vn -0.3926 0.3200 0.8622
vn 0.8071 0.2376 0.5404
vn -0.5289 0.7642 0.3691
vn -0.5288 0.7642 0.3691
vn -0.1241 0.1927 -0.9734
vn -0.0001 -0.8869 -0.4620
vn -0.0002 -0.8869 -0.4620
vn -0.0004 0.8608 0.5089
vn 0.0009 -0.2278 0.9737
vn -0.0006 -0.7668 -0.6419
vn 0.7489 0.5032 0.4311
vn 0.1772 0.1312 -0.9754
vn -0.4477 0.3105 0.8385
vn 0.9393 0.1184 0.3219
vn -0.4971 0.8677 -0.0000
vn -0.4477 0.3106 -0.8385
vn -0.8890 0.4230 0.1754
vn -0.4028 -0.8456 -0.3503
vn 0.4023 0.3504 -0.8458
vn 0.8854 -0.1789 -0.4291
vn -0.8729 -0.2032 -0.4437
vn -0.4500 -0.3718 0.8120
vn 0.9400 -0.1419 0.3104
vn -0.4500 0.3717 0.8120
vn 0.9400 0.1418 0.3103
vn 0.9406 0.3397 -0.0000
vn -0.4500 0.3717 -0.8120
vn 0.9400 0.1418 -0.3103
vn -0.4500 -0.3718 -0.8120
vn 0.9400 -0.1418 -0.3103
vn -0.4435 0.0003 0.8963
vn 0.9569 0.0045 0.2904
vn -0.4323 0.0003 -0.9017
vn -0.4323 0.0004 -0.9017
vn 0.9622 0.0053 -0.2722
vn 0.3934 -0.0065 0.9193
vn -0.9192 -0.0064 0.3936
vn -0.9234 -0.0007 0.3839
vn -0.8165 -0.5774 -0.0000
vn 0.3994 -0.0058 -0.9168
vn 0.3970 0.0030 -0.9178
vn 0.7609 0.6488 0.0077
vn 0.7665 0.6423 -0.0008
vn 0.7604 0.6494 -0.0077
vn -0.8338 0.5521 0.0021
vn -0.8339 0.5519 -0.0030
vn -0.9944 0.1057 -0.0000
vn 0.3767 0.4819 0.7911
vn 0.9282 -0.3721 -0.0000
vn -0.6931 -0.7208 -0.0000
vn 0.3767 0.4818 -0.7912
vn -0.9255 -0.1330 -0.3547
vn 0.3767 -0.4818 0.7912
vn 0.3767 -0.4818 -0.7911
vn -0.9255 0.1329 -0.3548
vn -0.9255 0.1329 -0.3547
vn 0.9282 0.3721 -0.0000
vn -0.3382 0.9411 -0.0000
vn 0.9807 -0.1954 -0.0000
vn 0.6393 -0.6875 -0.3443
vn -0.2802 0.2935 0.9140
vn 0.6393 -0.6875 0.3444
vn -0.0000 -0.5383 0.8428
vn -0.9579 -0.2871 -0.0000
vn 0.6385 0.6557 -0.4030
vn 1.0000 0.0003 -0.0000
vn 0.6387 0.6558 0.4024
vn -0.8738 -0.4492 0.1862
vn -0.0000 -0.6418 0.7669
vn -0.8573 -0.5148 -0.0000
vn -0.0000 -0.6418 -0.7669
vn 0.8575 -0.5145 -0.0000
vn 0.3835 0.9235 -0.0000
vn -0.4023 -0.0000 -0.9155
vn -0.0000 -0.5383 -0.8428
vn 0.4023 -0.0000 -0.9155
vn -0.4087 0.0005 0.9127
vn -0.4087 0.0006 0.9127
vn -0.8762 0.4819 -0.0000
vn -0.4086 0.0005 -0.9127
vn -0.4086 0.0006 -0.9127
vn -0.9155 -0.4023 -0.0000
vn 0.8168 -0.5769 -0.0000
vn 0.2887 0.6789 0.6751
vn 0.3429 0.6452 0.6827
vn 0.4403 0.6551 0.6140
vn -0.8295 -0.1972 0.5225
vn -0.8130 -0.2840 0.5083
vn -0.8151 -0.3416 0.4679
vn 0.6680 0.4526 0.5908
vn 0.6020 0.5063 0.6175
vn 0.6664 0.4830 0.5680
vn -0.4617 -0.5886 0.6636
vn -0.4781 -0.5272 0.7025
vn -0.5589 -0.5525 0.6184
vn 0.3830 0.3184 -0.8671
vn 0.4809 0.2726 -0.8333
vn 0.3429 0.2588 -0.9030
vn -0.6207 -0.6571 -0.4278
vn -0.7093 -0.5613 -0.4265
vn 0.8390 0.2477 -0.4845
vn 0.8245 0.0690 -0.5616
vn -0.4807 -0.7542 -0.4474
vn -0.4160 -0.7823 -0.4637
vn -0.3995 -0.7759 -0.4882
vn 0.0918 0.9891 -0.1156
vn 0.0071 0.9998 0.0164
vn -0.9769 -0.1921 0.0939
vn 0.5737 0.3099 0.7582
vn 0.5299 0.2467 0.8114
vn -0.7656 -0.4903 0.4166
vn -0.6321 -0.5619 0.5336
vn -0.6781 -0.4335 0.5935
vn 0.2900 0.6791 -0.6743
vn 0.3442 0.6454 -0.6819
vn 0.4230 0.6287 -0.6526
vn -0.8288 -0.1956 -0.5242
vn -0.8123 -0.2824 -0.5102
vn -0.8587 -0.3296 -0.3924
vn 0.4811 0.2727 0.8332
vn 0.3792 0.3510 0.8562
vn -0.6208 -0.6571 0.4275
vn -0.6461 -0.5547 0.5243
vn 0.6685 0.4532 -0.5898
vn 0.6024 0.5070 -0.6165
vn 0.6842 0.5209 -0.5104
vn -0.4596 -0.5873 -0.6662
vn -0.4759 -0.5258 -0.7051
vn -0.4897 -0.5740 -0.6563
vn 0.8383 0.2463 0.4864
vn 0.8866 0.1359 0.4422
vn 0.8679 0.0922 0.4881
vn -0.4815 -0.7542 0.4465
vn -0.4170 -0.7823 0.4627
vn -0.3716 -0.7210 0.5848
vn 0.5754 0.3107 -0.7566
vn 0.5881 0.3616 -0.7235
vn 0.5208 0.2205 -0.8247
vn -0.7650 -0.4897 -0.4183
vn -0.6312 -0.5614 -0.5351
vn -0.6558 -0.5639 -0.5019
vn 0.0918 0.9890 0.1156
vn 0.1396 0.9848 -0.1038
vn -0.9911 -0.0846 0.1029
vn 0.0001 0.9020 0.4317
vn -0.0002 0.3332 -0.9428
vn -0.5183 0.7484 0.4138
vn -0.8428 -0.0006 0.5383
vn -0.4341 -0.0042 -0.9008
vn 0.2591 -0.4965 0.8285
vn 0.3420 -0.6670 -0.6619
vn -0.0000 -0.9181 0.3963
vn -0.0000 -0.3478 -0.9376
vn -0.6366 -0.6536 0.4093
vn -0.2407 -0.2470 -0.9386
vn 0.3926 0.3200 -0.8623
vn -0.3926 0.3199 -0.8623
vn -0.9397 -0.3160 0.1308
vn 0.4486 -0.8256 -0.3422
vn -0.9396 -0.3162 -0.1308
vn -0.9396 -0.3163 -0.1308
vn 0.3911 -0.3521 -0.8503
vn -0.0000 0.9148 0.4039
vn -0.0000 0.9147 -0.4041
vn 0.4860 -0.8740 -0.0000
vn 0.7123 0.7018 -0.0000
vn -0.4486 -0.8256 -0.3422
vn -0.4488 -0.8255 0.3423
vn 0.9396 -0.3162 0.1309
vn -0.0002 -0.1727 -0.9850
vn -0.0002 -0.8868 0.4622
vn -0.0001 -0.8868 0.4622
vn -0.5289 0.7643 -0.3690
vn -0.1240 0.1926 0.9734
vt 0.000000 0.000000
s 0
f 448/1/1 447/1/1 281/1/1
f 447/1/2 448/1/2 278/1/2
f 449/1/3 448/1/3 277/1/3
f 449/1/4 272/1/4 278/1/4
f 450/1/5 449/1/5 271/1/5
f 449/1/6 450/1/6 270/1/6
f 450/1/7 269/1/7 273/1/8
f 450/1/9 451/1/9 274/1/9
f 451/1/10 273/1/10 275/1/10
f 451/1/11 452/1/11 276/1/11
f 453/1/12 452/1/12 275/1/12
f 453/1/13 280/1/13 276/1/13
f 454/1/14 453/1/14 279/1/14
f 454/1/15 284/1/15 280/1/15
f 454/1/16 283/1/16 281/1/16
f 454/1/17 447/1/17 282/1/17
f 455/1/18 219/1/18 123/1/18
f 456/1/19 124/1/19 220/1/19
f 456/1/20 123/1/20 121/1/20
f 457/1/21 122/1/21 124/1/21
f 458/1/22 457/1/22 121/1/22
f 457/1/23 458/1/23 218/1/23
f 455/1/24 458/1/24 217/1/24
f 458/1/25 455/1/25 220/1/25
f 459/1/26 25/1/26 19/1/26
f 459/1/27 460/1/27 20/1/27
f 461/1/28 460/1/28 19/1/28
f 461/1/29 28/1/29 20/1/29
f 462/1/30 461/1/30 27/1/30
f 462/1/31 24/1/31 28/1/31
f 462/1/32 23/1/32 21/1/32
f 462/1/33 463/1/33 22/1/33
f 463/1/34 21/1/34 17/1/34
f 463/1/35 464/1/35 18/1/35
f 465/1/36 464/1/36 17/1/36
f 465/1/37 34/1/37 18/1/37
f 466/1/38 465/1/38 33/1/38
f 466/1/39 38/1/39 34/1/39
f 466/1/40 37/1/40 41/1/40
f 466/1/41 467/1/41 42/1/41
f 467/1/42 41/1/42 29/1/42
f 467/1/43 468/1/43 30/1/44
f 459/1/45 468/1/45 29/1/45
f 468/1/46 459/1/46 26/1/46
f 470/1/47 469/1/47 119/1/47
f 469/1/48 470/1/48 114/1/48
f 471/1/49 470/1/49 113/1/49
f 471/1/50 118/1/50 114/1/50
f 472/1/51 471/1/51 117/1/51
f 471/1/52 472/1/52 116/1/52
f 472/1/53 115/1/53 109/1/53
f 472/1/54 473/1/54 110/1/54
f 474/1/55 473/1/55 109/1/55
f 474/1/56 106/1/56 110/1/56
f 475/1/57 474/1/57 105/1/57
f 474/1/58 475/1/58 108/1/58
f 475/1/59 107/1/59 111/1/59
f 475/1/60 476/1/60 112/1/60
f 477/1/61 476/1/61 111/1/61
f 477/1/62 122/1/62 112/1/62
f 478/1/51 477/1/51 121/1/51
f 477/1/52 478/1/52 124/1/52
f 478/1/63 123/1/63 119/1/63
f 478/1/64 469/1/64 120/1/64
f 480/1/65 479/1/65 35/1/65
f 480/1/66 24/1/66 36/1/66
f 480/1/67 23/1/67 27/1/67
f 480/1/68 481/1/68 28/1/68
f 481/1/69 27/1/69 31/1/69
f 481/1/70 482/1/70 32/1/71
f 482/1/72 31/1/72 43/1/72
f 482/1/73 483/1/73 44/1/73
f 484/1/74 483/1/74 43/1/74
f 483/1/75 484/1/75 46/1/75
f 485/1/76 484/1/76 45/1/76
f 485/1/77 42/1/77 46/1/77
f 486/1/78 485/1/78 41/1/78
f 486/1/79 38/1/79 42/1/79
f 486/1/80 37/1/80 47/1/80
f 486/1/81 487/1/81 48/1/81
f 487/1/26 47/1/26 39/1/26
f 487/1/82 488/1/82 40/1/82
f 479/1/83 488/1/83 39/1/83
f 479/1/84 36/1/84 40/1/84
f 490/1/85 489/1/85 47/1/85
f 489/1/86 490/1/86 368/1/86
f 491/1/87 490/1/87 367/1/87
f 490/1/88 491/1/88 364/1/88
f 491/1/89 363/1/89 39/1/89
f 492/1/90 40/1/91 364/1/91
f 489/1/92 492/1/92 39/1/92
f 492/1/93 489/1/93 48/1/93
f 494/1/94 493/1/94 87/1/94
f 493/1/95 494/1/95 92/1/95
f 494/1/96 91/1/96 409/1/96
f 494/1/97 495/1/97 410/1/97
f 495/1/98 409/1/98 407/1/98
f 496/1/99 408/1/99 410/1/99
f 493/1/100 496/1/100 407/1/100
f 493/1/101 88/1/101 408/1/101
f 498/1/102 497/1/102 51/1/102
f 498/1/103 56/1/103 52/1/103
f 498/1/104 55/1/104 31/1/104
f 499/1/105 32/1/105 56/1/105
f 500/1/106 499/1/106 31/1/106
f 500/1/107 28/1/107 32/1/107
f 497/1/108 500/1/108 27/1/108
f 500/1/109 497/1/109 52/1/109
f 502/1/110 501/1/110 9/1/110
f 501/1/111 502/1/111 274/1/111
f 502/1/112 273/1/112 269/1/112
f 503/1/113 270/1/113 274/1/113
f 504/1/114 503/1/114 269/1/114
f 504/1/115 16/1/115 270/1/115
f 501/1/116 504/1/116 15/1/116
f 504/1/117 501/1/117 10/1/117
f 506/1/118 505/1/118 19/1/118
f 505/1/119 506/1/119 26/1/119
f 507/1/120 506/1/120 25/1/120
f 506/1/121 507/1/121 54/1/121
f 508/1/122 507/1/122 53/1/122
f 507/1/123 508/1/123 50/1/123
f 508/1/124 49/1/124 19/1/124
f 505/1/125 20/1/125 50/1/125
f 510/1/126 509/1/126 209/1/126
f 509/1/127 510/1/127 212/1/127
f 510/1/128 211/1/128 143/1/128
f 511/1/129 144/1/129 212/1/129
f 511/1/130 143/1/130 141/1/130
f 512/1/131 142/1/131 144/1/131
f 509/1/132 512/1/132 141/1/132
f 512/1/133 509/1/133 210/1/133
f 513/1/134 361/1/134 23/1/134
f 514/1/135 24/1/136 362/1/136
f 514/1/137 23/1/137 35/1/137
f 514/1/138 515/1/138 36/1/138
f 516/1/139 515/1/139 35/1/139
f 515/1/140 516/1/140 360/1/140
f 516/1/141 359/1/141 361/1/141
f 513/1/142 362/1/142 360/1/142
f 518/1/143 517/1/143 55/1/143
f 518/1/144 52/1/144 56/1/144
f 519/1/145 518/1/145 51/1/145
f 519/1/146 50/1/146 52/1/146
f 519/1/147 49/1/147 53/1/147
f 519/1/148 520/1/148 54/1/148
f 521/1/149 520/1/149 53/1/149
f 520/1/150 521/1/150 58/1/150
f 522/1/151 521/1/151 57/1/151
f 522/1/152 60/1/152 58/1/152
f 522/1/153 59/1/153 61/1/153
f 523/1/154 62/1/154 60/1/154
f 523/1/155 61/1/155 63/1/155
f 523/1/156 524/1/156 64/1/156
f 517/1/157 524/1/157 63/1/157
f 524/1/158 517/1/158 56/1/158
f 526/1/159 525/1/159 253/1/159
f 525/1/160 526/1/160 152/1/160
f 527/1/161 526/1/161 151/1/161
f 526/1/162 527/1/162 146/1/162
f 528/1/163 527/1/163 145/1/163
f 527/1/164 528/1/164 268/1/164
f 525/1/165 528/1/165 267/1/165
f 528/1/166 525/1/166 254/1/166
f 530/1/167 529/1/167 301/1/167
f 529/1/168 530/1/168 322/1/168
f 531/1/169 530/1/169 321/1/169
f 531/1/170 324/1/170 322/1/170
f 532/1/171 531/1/171 323/1/171
f 531/1/172 532/1/172 300/1/172
f 532/1/173 299/1/173 301/1/173
f 532/1/174 529/1/174 302/1/174
f 533/1/175 201/1/175 203/1/175
f 533/1/176 534/1/176 204/1/176
f 535/1/177 534/1/177 203/1/177
f 534/1/178 535/1/178 198/1/178
f 536/1/179 535/1/179 197/1/179
f 535/1/180 536/1/180 194/1/180
f 536/1/181 193/1/181 201/1/181
f 533/1/182 202/1/182 194/1/182
f 538/1/183 537/1/183 69/1/183
f 538/1/184 74/1/184 70/1/184
f 538/1/185 73/1/185 65/1/186
f 538/1/187 539/1/188 66/1/188
f 540/1/189 539/1/189 65/1/189
f 540/1/190 72/1/190 66/1/190
f 540/1/191 71/1/191 67/1/191
f 540/1/192 541/1/192 68/1/192
f 542/1/193 541/1/193 67/1/193
f 542/1/194 78/1/194 68/1/194
f 543/1/195 542/1/195 77/1/195
f 543/1/151 76/1/151 78/1/151
f 543/1/196 75/1/196 83/1/196
f 544/1/197 84/1/197 76/1/197
f 544/1/198 83/1/198 79/1/198
f 544/1/199 545/1/199 80/1/199
f 545/1/146 79/1/146 81/1/146
f 545/1/200 546/1/200 82/1/200
f 546/1/201 81/1/201 69/1/201
f 546/1/202 537/1/202 70/1/202
f 548/1/203 403/1/203 547/1/204
f 547/1/205 406/1/206 548/1/205
f 548/1/207 399/1/208 405/1/209
f 549/1/210 406/1/210 400/1/211
f 550/1/212 399/1/213 549/1/213
f 549/1/214 396/1/215 550/1/215
f 550/1/216 403/1/216 395/1/216
f 547/1/217 396/1/217 404/1/217
f 552/1/218 551/1/218 85/1/218
f 551/1/35 552/1/35 92/1/35
f 553/1/36 552/1/36 91/1/36
f 552/1/73 553/1/73 88/1/73
f 553/1/219 87/1/219 93/1/219
f 553/1/39 554/1/39 94/1/39
f 554/1/220 93/1/220 89/1/220
f 554/1/221 555/1/221 90/1/221
f 556/1/222 555/1/222 89/1/222
f 556/1/223 104/1/223 90/1/223
f 556/1/224 103/1/224 99/1/224
f 556/1/225 557/1/225 100/1/225
f 558/1/226 557/1/226 99/1/226
f 558/1/227 102/1/227 100/1/227
f 558/1/228 101/1/228 95/1/228
f 558/1/229 559/1/229 96/1/229
f 560/1/230 559/1/230 95/1/230
f 560/1/231 98/1/231 96/1/231
f 551/1/232 560/1/232 97/1/232
f 551/1/33 86/1/33 98/1/33
f 561/1/233 165/1/233 167/1/233
f 562/1/15 168/1/15 166/1/15
f 563/1/234 562/1/234 167/1/234
f 563/1/235 160/1/235 168/1/235
f 564/1/236 563/1/236 159/1/236
f 563/1/237 564/1/237 158/1/237
f 564/1/238 157/1/238 165/1/238
f 564/1/239 561/1/239 166/1/239
f 565/1/240 203/1/240 201/1/240
f 565/1/241 566/1/241 202/1/241
f 567/1/242 566/1/242 201/1/242
f 566/1/243 567/1/243 200/1/243
f 568/1/244 567/1/244 199/1/244
f 567/1/245 568/1/245 196/1/245
f 568/1/246 195/1/247 203/1/247
f 565/1/248 204/1/248 196/1/248
f 569/1/249 177/1/249 233/1/249
f 569/1/250 570/1/250 234/1/250
f 571/1/251 570/1/251 233/1/251
f 571/1/252 262/1/252 234/1/252
f 572/1/253 571/1/253 261/1/253
f 571/1/254 572/1/254 174/1/254
f 572/1/255 173/1/255 177/1/255
f 572/1/256 569/1/256 178/1/256
f 574/1/257 573/1/257 289/1/257
f 573/1/258 574/1/258 292/1/258
f 574/1/259 291/1/259 285/1/259
f 574/1/260 575/1/260 286/1/260
f 575/1/261 285/1/261 287/1/261
f 576/1/262 288/1/262 286/1/263
f 576/1/264 287/1/264 289/1/264
f 576/1/265 573/1/265 290/1/265
f 577/1/266 139/1/267 133/1/268
f 578/1/269 134/1/270 140/1/271
f 579/1/272 578/1/273 133/1/274
f 579/1/275 138/1/275 134/1/276
f 580/1/277 579/1/278 137/1/278
f 579/1/279 580/1/280 136/1/281
f 581/1/282 580/1/283 135/1/284
f 580/1/285 581/1/286 126/1/287
f 582/1/288 581/1/289 125/1/290
f 581/1/291 582/1/292 130/1/293
f 582/1/294 129/1/295 141/1/296
f 583/1/297 142/1/298 130/1/299
f 584/1/300 583/1/301 141/1/302
f 583/1/303 584/1/304 144/1/304
f 584/1/305 143/1/305 139/1/306
f 584/1/307 577/1/308 140/1/309
f 586/1/310 585/1/310 147/1/310
f 586/1/311 156/1/312 148/1/311
f 586/1/313 155/1/313 153/1/313
f 586/1/314 587/1/314 154/1/314
f 587/1/315 153/1/315 149/1/315
f 587/1/316 588/1/316 150/1/316
f 589/1/317 588/1/317 149/1/318
f 589/1/319 146/1/319 150/1/319
f 590/1/320 589/1/320 145/1/320
f 590/1/321 152/1/321 146/1/321
f 590/1/322 151/1/323 147/1/322
f 590/1/324 585/1/324 148/1/324
f 592/1/325 591/1/325 255/1/325
f 592/1/326 242/1/326 256/1/326
f 593/1/327 592/1/327 241/1/327
f 593/1/328 244/1/328 242/1/328
f 594/1/329 593/1/329 243/1/329
f 593/1/330 594/1/330 258/1/330
f 594/1/331 257/1/331 255/1/331
f 594/1/332 591/1/332 256/1/332
f 595/1/333 243/1/333 245/1/333
f 595/1/334 596/1/334 246/1/334
f 596/1/335 245/1/335 259/1/335
f 596/1/336 597/1/336 260/1/336
f 598/1/337 597/1/337 259/1/337
f 598/1/338 258/1/338 260/1/338
f 595/1/237 598/1/237 257/1/237
f 598/1/236 595/1/236 244/1/236
f 599/1/339 247/1/339 249/1/339
f 599/1/340 600/1/340 250/1/340
f 600/1/341 249/1/341 263/1/341
f 600/1/342 601/1/342 264/1/342
f 602/1/343 601/1/343 263/1/343
f 602/1/344 262/1/344 264/1/344
f 599/1/345 602/1/345 261/1/345
f 602/1/346 599/1/346 248/1/346
f 604/1/347 603/1/347 271/1/347
f 603/1/348 604/1/348 14/1/348
f 605/1/349 604/1/349 13/1/349
f 605/1/350 16/1/350 14/1/350
f 606/1/351 605/1/351 15/1/351
f 606/1/352 270/1/352 16/1/352
f 606/1/353 269/1/353 271/1/353
f 606/1/354 603/1/354 272/1/354
f 607/1/355 41/1/355 45/1/355
f 607/1/356 608/1/356 46/1/356
f 609/1/357 608/1/357 45/1/357
f 608/1/358 609/1/358 62/1/358
f 610/1/359 609/1/359 61/1/359
f 609/1/360 610/1/360 60/1/360
f 610/1/361 59/1/361 41/1/361
f 607/1/362 42/1/362 60/1/362
f 611/1/363 337/1/363 341/1/363
f 611/1/364 612/1/364 342/1/364
f 613/1/365 612/1/365 341/1/365
f 613/1/366 348/1/366 342/1/366
f 614/1/367 613/1/367 347/1/367
f 613/1/368 614/1/368 344/1/368
f 611/1/369 614/1/369 343/1/369
f 614/1/370 611/1/370 338/1/370
f 615/1/371 341/1/371 333/1/371
f 615/1/359 616/1/359 334/1/359
f 617/1/358 616/1/358 333/1/358
f 616/1/357 617/1/357 352/1/357
f 617/1/372 351/1/372 347/1/372
f 618/1/373 348/1/373 352/1/373
f 615/1/374 618/1/374 347/1/374
f 618/1/375 615/1/375 342/1/375
f 620/1/376 619/1/376 349/1/376
f 620/1/377 354/1/377 350/1/377
f 620/1/378 353/1/378 331/1/378
f 620/1/379 621/1/379 332/1/379
f 622/1/380 621/1/380 331/1/380
f 622/1/381 330/1/381 332/1/381
f 619/1/382 622/1/382 329/1/382
f 622/1/383 619/1/383 350/1/383
f 624/1/384 623/1/384 193/1/384
f 623/1/385 624/1/385 198/1/385
f 625/1/386 624/1/386 197/1/386
f 624/1/387 625/1/387 190/1/387
f 626/1/388 625/1/388 189/1/388
f 625/1/389 626/1/389 182/1/389
f 626/1/390 181/1/390 193/1/390
f 623/1/391 194/1/391 182/1/391
f 628/1/392 627/1/392 179/1/392
f 627/1/393 628/1/393 236/1/393
f 629/1/394 628/1/394 235/1/394
f 629/1/395 234/1/395 236/1/395
f 630/1/396 629/1/396 233/1/396
f 629/1/397 630/1/397 178/1/397
f 630/1/398 177/1/398 179/1/398
f 627/1/399 180/1/399 178/1/399
f 632/1/400 631/1/400 29/1/400
f 632/1/401 42/1/401 30/1/401
f 633/1/402 632/1/402 41/1/402
f 632/1/403 633/1/403 60/1/403
f 633/1/364 59/1/364 57/1/364
f 633/1/404 634/1/404 58/1/404
f 634/1/370 57/1/370 29/1/370
f 631/1/369 30/1/369 58/1/369
f 635/1/405 373/1/405 33/1/405
f 636/1/406 34/1/407 374/1/407
f 637/1/408 636/1/408 33/1/408
f 636/1/409 637/1/409 18/1/409
f 638/1/410 637/1/410 17/1/410
f 637/1/411 638/1/411 370/1/411
f 635/1/216 638/1/216 369/1/216
f 635/1/217 374/1/217 370/1/217
f 640/1/412 639/1/412 221/1/412
f 640/1/413 212/1/414 222/1/414
f 641/1/415 640/1/415 211/1/415
f 640/1/416 641/1/416 210/1/416
f 641/1/417 209/1/417 229/1/417
f 642/1/418 230/1/418 210/1/418
f 643/1/419 642/1/419 229/1/419
f 642/1/420 643/1/420 232/1/420
f 644/1/421 643/1/421 231/1/421
f 643/1/422 644/1/422 206/1/422
f 645/1/415 644/1/415 205/1/415
f 644/1/416 645/1/416 208/1/416
f 645/1/423 207/1/423 223/1/423
f 645/1/424 646/1/424 224/1/424
f 639/1/425 646/1/425 223/1/425
f 646/1/426 639/1/426 222/1/426
f 647/1/427 365/1/427 21/1/427
f 648/1/428 22/1/429 366/1/429
f 648/1/430 21/1/430 23/1/430
f 648/1/431 649/1/431 24/1/431
f 650/1/432 649/1/432 23/1/432
f 649/1/433 650/1/433 362/1/433
f 650/1/434 361/1/434 365/1/434
f 650/1/435 647/1/435 366/1/435
f 652/1/436 651/1/436 239/1/436
f 651/1/437 652/1/437 156/1/437
f 653/1/438 652/1/438 155/1/438
f 652/1/439 653/1/439 148/1/439
f 654/1/440 653/1/440 147/1/440
f 653/1/441 654/1/441 252/1/441
f 654/1/442 251/1/442 239/1/442
f 651/1/443 240/1/443 252/1/443
f 656/1/444 655/1/444 49/1/444
f 656/1/445 52/1/445 50/1/445
f 656/1/446 51/1/446 27/1/446
f 657/1/447 28/1/447 52/1/447
f 657/1/448 27/1/448 19/1/448
f 657/1/449 658/1/449 20/1/449
f 655/1/383 658/1/383 19/1/383
f 658/1/382 655/1/382 50/1/382
f 660/1/137 659/1/137 353/1/137
f 659/1/450 660/1/450 358/1/450
f 661/1/105 660/1/105 357/1/105
f 660/1/104 661/1/104 328/1/104
f 662/1/451 661/1/451 327/1/451
f 661/1/102 662/1/102 332/1/102
f 659/1/452 662/1/452 331/1/452
f 662/1/453 659/1/453 354/1/453
f 663/1/454 123/1/454 219/1/454
f 663/1/455 664/1/455 220/1/455
f 665/1/456 664/1/456 219/1/456
f 665/1/457 226/1/457 220/1/457
f 665/1/458 225/1/458 119/1/458
f 665/1/459 666/1/459 120/1/459
f 666/1/460 119/1/460 123/1/460
f 663/1/461 124/1/461 120/1/461
f 667/1/462 261/1/462 263/1/462
f 667/1/463 668/1/463 264/1/463
f 669/1/464 668/1/464 263/1/464
f 668/1/465 669/1/465 170/1/465
f 670/1/466 669/1/467 169/1/466
f 670/1/468 174/1/468 170/1/468
f 667/1/469 670/1/469 173/1/469
f 670/1/470 667/1/470 262/1/470
f 671/1/430 85/1/430 97/1/430
f 672/1/377 98/1/377 86/1/377
f 672/1/378 97/1/378 415/1/378
f 672/1/379 673/1/379 416/1/379
f 674/1/380 673/1/380 415/1/380
f 674/1/381 412/1/381 416/1/381
f 671/1/382 674/1/382 411/1/382
f 671/1/383 86/1/383 412/1/383
f 676/1/471 405/1/471 675/1/472
f 676/1/473 406/1/473 404/1/474
f 677/1/475 403/1/142 676/1/142
f 676/1/476 402/1/476 677/1/476
f 677/1/477 397/1/477 401/1/478
f 677/1/479 398/1/480 678/1/479
f 675/1/481 397/1/481 678/1/481
f 678/1/482 406/1/483 675/1/483
f 679/1/20 115/1/20 117/1/20
f 679/1/21 680/1/21 118/1/21
f 681/1/484 680/1/484 117/1/484
f 680/1/485 681/1/485 214/1/485
f 681/1/486 213/1/486 215/1/486
f 682/1/487 216/1/488 214/1/487
f 682/1/489 215/1/489 115/1/489
f 679/1/490 116/1/490 216/1/490
f 683/1/491 335/1/491 327/1/491
f 683/1/492 684/1/492 328/1/492
f 685/1/493 684/1/493 327/1/493
f 685/1/494 358/1/494 328/1/494
f 685/1/495 357/1/495 355/1/495
f 685/1/496 686/1/496 356/1/496
f 683/1/497 686/1/497 355/1/497
f 686/1/498 683/1/498 336/1/498
f 688/1/499 687/1/499 175/1/499
f 687/1/500 688/1/500 250/1/500
f 689/1/501 688/1/501 249/1/501
f 689/1/502 248/1/502 250/1/502
f 690/1/503 689/1/503 247/1/503
f 690/1/504 172/1/504 248/1/504
f 690/1/505 171/1/505 175/1/505
f 690/1/506 687/1/506 176/1/506
f 691/1/507 247/1/507 235/1/507
f 691/1/508 692/1/508 236/1/508
f 693/1/509 692/1/509 235/1/509
f 692/1/510 693/1/510 180/1/510
f 694/1/511 693/1/511 179/1/511
f 694/1/512 172/1/512 180/1/512
f 691/1/513 694/1/513 171/1/513
f 694/1/514 691/1/514 248/1/514
f 696/1/515 695/1/515 77/1/515
f 695/1/359 696/1/359 68/1/359
f 697/1/516 696/1/516 67/1/516
f 696/1/517 697/1/517 436/1/517
f 697/1/518 435/1/518 431/1/518
f 698/1/519 432/1/519 436/1/519
f 695/1/374 698/1/374 431/1/374
f 698/1/375 695/1/375 78/1/375
f 700/1/520 699/1/520 259/1/520
f 700/1/521 246/1/521 260/1/521
f 701/1/522 700/1/522 245/1/522
f 700/1/523 701/1/523 168/1/523
f 702/1/524 701/1/524 167/1/524
f 701/1/525 702/1/525 166/1/525
f 699/1/526 702/1/526 165/1/526
f 699/1/527 260/1/527 166/1/527
f 704/1/528 703/1/528 303/1/528
f 703/1/529 704/1/529 320/1/529
f 705/1/530 704/1/530 319/1/530
f 704/1/531 705/1/531 322/1/531
f 706/1/532 705/1/532 321/1/532
f 705/1/533 706/1/533 302/1/533
f 706/1/534 301/1/534 303/1/534
f 703/1/535 304/1/535 302/1/535
f 708/1/536 707/1/536 145/1/536
f 707/1/537 708/1/537 150/1/537
f 708/1/538 149/1/538 265/1/538
f 708/1/539 709/1/539 266/1/539
f 709/1/540 265/1/540 267/1/540
f 710/1/541 268/1/541 266/1/541
f 707/1/542 710/1/542 267/1/542
f 710/1/543 707/1/543 146/1/543
f 712/1/544 711/1/544 71/1/544
f 711/1/545 712/1/545 66/1/545
f 713/1/546 712/1/546 65/1/546
f 712/1/547 713/1/547 444/1/547
f 713/1/548 443/1/548 439/1/548
f 714/1/549 440/1/549 444/1/549
f 711/1/550 714/1/550 439/1/550
f 714/1/551 711/1/551 72/1/551
f 716/1/552 715/1/552 277/1/552
f 715/1/553 716/1/553 12/1/553
f 716/1/554 11/1/554 13/1/554
f 717/1/555 14/1/555 12/1/555
f 718/1/556 717/1/556 13/1/556
f 717/1/557 718/1/557 272/1/557
f 715/1/558 718/1/558 271/1/558
f 718/1/559 715/1/559 278/1/559
f 720/1/376 719/1/376 433/1/376
f 719/1/377 720/1/377 438/1/377
f 721/1/378 720/1/378 437/1/378
f 720/1/379 721/1/379 82/1/379
f 721/1/560 81/1/560 79/1/560
f 721/1/444 722/1/444 80/1/444
f 719/1/382 722/1/382 79/1/382
f 722/1/383 719/1/383 434/1/383
f 723/1/561 25/1/561 29/1/561
f 723/1/496 724/1/496 30/1/496
f 725/1/101 724/1/101 29/1/101
f 724/1/100 725/1/100 58/1/100
f 725/1/99 57/1/99 53/1/99
f 725/1/562 726/1/562 54/1/562
f 726/1/97 53/1/97 25/1/97
f 723/1/96 26/1/96 54/1/96
f 727/1/563 61/1/563 45/1/563
f 728/1/564 46/1/564 62/1/564
f 729/1/565 728/1/565 45/1/565
f 729/1/566 44/1/566 46/1/566
f 730/1/547 729/1/547 43/1/547
f 729/1/546 730/1/546 64/1/546
f 730/1/567 63/1/567 61/1/567
f 730/1/568 727/1/568 62/1/568
f 732/1/569 731/1/569 283/1/569
f 731/1/570 732/1/570 8/1/570
f 733/1/571 732/1/571 7/1/571
f 732/1/572 733/1/572 4/1/572
f 734/1/573 733/1/573 3/1/573
f 733/1/574 734/1/574 282/1/574
f 734/1/575 281/1/575 283/1/575
f 731/1/576 284/1/576 282/1/576
f 736/1/515 735/1/515 413/1/515
f 735/1/577 736/1/577 418/1/577
f 737/1/516 736/1/516 417/1/516
f 736/1/517 737/1/517 90/1/517
f 737/1/578 89/1/578 93/1/578
f 738/1/373 94/1/373 90/1/373
f 738/1/374 93/1/374 413/1/374
f 738/1/375 735/1/375 414/1/375
f 740/1/579 739/1/579 299/1/579
f 739/1/580 740/1/580 324/1/580
f 740/1/581 323/1/581 325/1/581
f 741/1/582 326/1/582 324/1/582
f 742/1/583 741/1/583 325/1/583
f 741/1/584 742/1/584 296/1/584
f 739/1/585 742/1/585 295/1/585
f 742/1/586 739/1/586 300/1/586
f 744/1/587 743/1/587 181/1/587
f 743/1/588 744/1/588 190/1/588
f 744/1/589 189/1/589 183/1/589
f 745/1/590 184/1/590 190/1/590
f 746/1/591 745/1/591 183/1/591
f 745/1/592 746/1/592 186/1/592
f 743/1/593 746/1/593 185/1/593
f 746/1/594 743/1/594 182/1/594
f 748/1/595 747/1/595 137/1/595
f 747/1/596 748/1/596 208/1/596
f 749/1/126 748/1/126 207/1/126
f 748/1/127 749/1/127 206/1/127
f 749/1/597 205/1/597 135/1/597
f 750/1/178 136/1/178 206/1/178
f 750/1/598 135/1/598 137/1/598
f 747/1/599 138/1/599 136/1/599
f 752/1/600 751/1/600 183/1/600
f 751/1/601 752/1/601 192/1/601
f 753/1/21 752/1/21 191/1/21
f 752/1/20 753/1/20 188/1/20
f 753/1/602 187/1/602 185/1/602
f 754/1/603 186/1/603 188/1/603
f 751/1/604 754/1/604 185/1/604
f 754/1/605 751/1/605 184/1/605
f 755/1/606 181/1/606 185/1/606
f 755/1/607 756/1/608 186/1/608
f 756/1/609 185/1/609 187/1/609
f 756/1/610 757/1/610 188/1/611
f 758/1/612 757/1/612 187/1/612
f 758/1/613 200/1/613 188/1/613
f 759/1/614 758/1/614 199/1/614
f 759/1/615 110/1/615 200/1/615
f 759/1/616 109/1/616 115/1/616
f 760/1/617 116/1/617 110/1/617
f 760/1/618 115/1/618 215/1/618
f 760/1/619 761/1/619 216/1/620
f 762/1/621 761/1/621 215/1/621
f 762/1/622 288/1/622 216/1/622
f 762/1/623 287/1/623 181/1/623
f 762/1/624 755/1/624 182/1/625
f 764/1/626 763/1/626 287/1/627
f 764/1/628 286/1/628 288/1/628
f 765/1/629 764/1/630 285/1/629
f 764/1/631 765/1/631 294/1/631
f 765/1/632 293/1/632 105/1/632
f 766/1/633 106/1/633 294/1/633
f 766/1/634 105/1/634 109/1/634
f 766/1/59 767/1/59 110/1/59
f 767/1/635 109/1/635 199/1/635
f 767/1/636 768/1/636 200/1/636
f 768/1/637 199/1/637 201/1/637
f 768/1/638 769/1/638 202/1/638
f 769/1/639 201/1/639 193/1/639
f 769/1/640 770/1/640 194/1/640
f 771/1/641 770/1/641 193/1/641
f 771/1/642 182/1/642 194/1/642
f 771/1/643 181/1/643 287/1/643
f 771/1/644 763/1/644 288/1/644
f 773/1/645 772/1/645 107/1/645
f 772/1/646 773/1/646 132/1/646
f 773/1/647 131/1/647 125/1/647
f 773/1/648 774/1/648 126/1/648
f 774/1/649 125/1/649 313/1/649
f 774/1/650 775/1/650 314/1/650
f 775/1/651 313/1/651 311/1/651
f 775/1/652 776/1/653 312/1/653
f 777/1/654 776/1/654 311/1/654
f 777/1/655 326/1/655 312/1/655
f 778/1/656 777/1/656 325/1/656
f 778/1/657 324/1/657 326/1/657
f 778/1/658 323/1/658 291/1/659
f 778/1/660 779/1/660 292/1/660
f 780/1/661 779/1/661 291/1/661
f 780/1/662 290/1/662 292/1/662
f 781/1/663 780/1/664 289/1/663
f 781/1/665 190/1/665 290/1/665
f 781/1/666 189/1/666 197/1/666
f 781/1/667 782/1/667 198/1/667
f 783/1/668 782/1/668 197/1/669
f 783/1/670 204/1/670 198/1/670
f 784/1/671 783/1/671 203/1/671
f 784/1/672 196/1/672 204/1/672
f 785/1/673 784/1/674 195/1/674
f 785/1/675 112/1/675 196/1/675
f 772/1/676 785/1/676 111/1/676
f 772/1/55 108/1/55 112/1/55
f 786/1/677 303/1/677 301/1/677
f 786/1/678 787/1/678 302/1/678
f 788/1/679 787/1/679 301/1/679
f 788/1/680 300/1/680 302/1/680
f 789/1/681 788/1/681 299/1/681
f 789/1/682 286/1/682 300/1/682
f 789/1/683 285/1/683 229/1/683
f 789/1/684 790/1/684 230/1/684
f 790/1/685 229/1/685 209/1/685
f 790/1/686 791/1/686 210/1/686
f 792/1/687 791/1/687 209/1/687
f 792/1/688 142/1/688 210/1/688
f 793/1/689 792/1/689 141/1/689
f 793/1/690 130/1/690 142/1/690
f 793/1/691 129/1/691 309/1/691
f 793/1/692 794/1/692 310/1/692
f 794/1/693 309/1/693 307/1/693
f 794/1/694 795/1/694 308/1/694
f 796/1/695 795/1/695 307/1/695
f 796/1/696 306/1/696 308/1/696
f 786/1/697 796/1/697 305/1/697
f 786/1/698 304/1/698 306/1/698
f 797/1/699 285/1/699 299/1/700
f 798/1/701 300/1/701 286/1/701
f 798/1/702 299/1/702 295/1/702
f 798/1/703 799/1/703 296/1/703
f 799/1/704 295/1/704 297/1/704
f 799/1/705 800/1/705 298/1/705
f 801/1/706 800/1/706 297/1/706
f 801/1/707 310/1/707 298/1/707
f 802/1/708 801/1/709 309/1/709
f 802/1/710 130/1/710 310/1/710
f 803/1/711 802/1/711 129/1/711
f 803/1/712 128/1/712 130/1/712
f 804/1/713 803/1/713 127/1/713
f 803/1/714 804/1/714 294/1/714
f 804/1/715 293/1/715 285/1/715
f 804/1/716 797/1/716 286/1/716
f 806/1/717 805/1/717 37/1/717
f 805/1/718 806/1/718 372/1/718
f 807/1/435 806/1/435 371/1/435
f 806/1/434 807/1/434 368/1/434
f 807/1/719 367/1/719 47/1/719
f 808/1/720 48/1/721 368/1/721
f 808/1/722 47/1/722 37/1/722
f 808/1/723 805/1/723 38/1/723
f 810/1/724 809/1/724 183/1/724
f 810/1/725 190/1/725 184/1/725
f 811/1/726 810/1/726 189/1/726
f 811/1/727 290/1/727 190/1/728
f 811/1/729 289/1/729 217/1/729
f 811/1/730 812/1/730 218/1/730
f 813/1/731 812/1/731 217/1/731
f 813/1/732 122/1/732 218/1/732
f 814/1/733 813/1/733 121/1/733
f 813/1/734 814/1/734 112/1/734
f 814/1/735 111/1/735 195/1/735
f 814/1/736 815/1/736 196/1/736
f 815/1/737 195/1/737 191/1/737
f 815/1/738 816/1/738 192/1/738
f 809/1/739 816/1/740 191/1/740
f 809/1/741 184/1/741 192/1/742
f 817/1/743 233/1/743 235/1/743
f 817/1/744 818/1/744 236/1/744
f 819/1/745 818/1/745 235/1/745
f 819/1/746 248/1/746 236/1/746
f 819/1/747 247/1/747 261/1/747
f 819/1/748 820/1/748 262/1/748
f 820/1/749 261/1/749 233/1/749
f 820/1/750 817/1/750 234/1/750
f 822/1/751 821/1/751 329/1/751
f 822/1/145 332/1/145 330/1/145
f 823/1/752 822/1/752 331/1/752
f 823/1/143 328/1/143 332/1/143
f 824/1/753 823/1/753 327/1/753
f 823/1/754 824/1/754 336/1/754
f 825/1/755 824/1/755 335/1/755
f 825/1/756 334/1/756 336/1/756
f 826/1/757 825/1/757 333/1/757
f 826/1/153 342/1/153 334/1/153
f 827/1/195 826/1/195 341/1/195
f 827/1/151 338/1/151 342/1/151
f 827/1/196 337/1/196 339/1/196
f 827/1/197 828/1/197 340/1/197
f 821/1/198 828/1/198 339/1/198
f 828/1/199 821/1/199 330/1/199
f 830/1/758 829/1/759 225/1/760
f 829/1/761 830/1/762 290/1/763
f 831/1/764 830/1/765 289/1/766
f 830/1/767 831/1/768 288/1/769
f 831/1/770 287/1/771 227/1/772
f 832/1/773 228/1/774 288/1/775
f 832/1/776 227/1/777 225/1/778
f 829/1/779 226/1/780 228/1/781
f 834/1/782 833/1/782 161/1/782
f 833/1/783 834/1/783 164/1/783
f 835/1/784 834/1/784 163/1/784
f 835/1/785 242/1/785 164/1/785
f 835/1/786 241/1/786 255/1/786
f 835/1/787 836/1/787 256/1/787
f 833/1/788 836/1/788 255/1/788
f 836/1/789 833/1/789 162/1/789
f 838/1/790 837/1/790 159/1/790
f 838/1/791 244/1/791 160/1/791
f 838/1/792 243/1/792 241/1/792
f 839/1/793 242/1/793 244/1/793
f 840/1/794 839/1/794 241/1/794
f 839/1/795 840/1/795 164/1/795
f 837/1/796 840/1/796 163/1/796
f 840/1/797 837/1/797 160/1/797
f 842/1/798 841/1/798 195/1/798
f 841/1/799 842/1/799 200/1/799
f 842/1/800 199/1/800 187/1/801
f 842/1/802 843/1/802 188/1/802
f 844/1/52 843/1/52 187/1/52
f 843/1/803 844/1/803 192/1/803
f 841/1/804 844/1/804 191/1/804
f 841/1/805 196/1/805 192/1/805
f 845/1/806 223/1/806 133/1/806
f 846/1/807 134/1/807 224/1/807
f 847/1/808 846/1/808 133/1/808
f 846/1/809 847/1/809 140/1/809
f 848/1/810 847/1/810 139/1/810
f 847/1/811 848/1/811 222/1/811
f 845/1/812 848/1/812 221/1/812
f 848/1/813 845/1/813 224/1/813
f 850/1/814 397/1/815 849/1/814
f 849/1/213 402/1/212 850/1/212
f 851/1/435 401/1/435 850/1/435
f 851/1/434 402/1/434 394/1/434
f 852/1/816 393/1/817 851/1/816
f 851/1/818 390/1/819 852/1/818
f 852/1/820 397/1/820 389/1/821
f 852/1/822 398/1/822 849/1/822
f 853/1/498 63/1/498 43/1/498
f 854/1/497 44/1/497 64/1/497
f 854/1/823 43/1/823 31/1/823
f 855/1/95 32/1/95 44/1/95
f 856/1/494 855/1/494 31/1/494
f 855/1/493 856/1/493 56/1/493
f 853/1/492 856/1/492 55/1/492
f 853/1/824 64/1/824 56/1/824
f 858/1/825 857/1/825 39/1/825
f 857/1/826 858/1/826 364/1/826
f 858/1/217 363/1/217 359/1/217
f 859/1/216 360/1/216 364/1/216
f 859/1/827 359/1/827 35/1/827
f 860/1/828 36/1/829 360/1/829
f 857/1/830 860/1/830 35/1/830
f 857/1/831 40/1/831 36/1/831
f 861/1/832 297/1/832 295/1/832
f 862/1/833 296/1/833 298/1/833
f 863/1/834 862/1/834 295/1/834
f 862/1/835 863/1/835 326/1/835
f 864/1/836 863/1/836 325/1/836
f 863/1/837 864/1/837 312/1/837
f 861/1/838 864/1/838 311/1/838
f 864/1/839 861/1/839 298/1/839
f 866/1/840 865/1/840 343/1/840
f 865/1/841 866/1/841 348/1/841
f 867/1/842 866/1/842 347/1/842
f 867/1/81 352/1/81 348/1/81
f 867/1/843 351/1/843 355/1/843
f 868/1/844 356/1/844 352/1/844
f 868/1/845 355/1/845 357/1/845
f 868/1/46 869/1/46 358/1/46
f 870/1/846 869/1/846 357/1/846
f 870/1/66 354/1/66 358/1/66
f 871/1/847 870/1/847 353/1/847
f 871/1/848 350/1/848 354/1/848
f 871/1/849 349/1/849 345/1/849
f 871/1/850 872/1/850 346/1/850
f 865/1/851 872/1/851 345/1/851
f 872/1/73 865/1/73 344/1/73
f 874/1/852 387/1/852 873/1/853
f 873/1/854 392/1/855 874/1/854
f 875/1/856 391/1/857 874/1/856
f 874/1/858 384/1/859 875/1/858
f 876/1/860 383/1/861 875/1/860
f 875/1/862 380/1/863 876/1/863
f 873/1/434 379/1/434 876/1/434
f 873/1/435 380/1/864 388/1/435
f 878/1/865 877/1/865 343/1/865
f 877/1/866 878/1/866 346/1/866
f 879/1/96 878/1/96 345/1/96
f 878/1/97 879/1/97 340/1/97
f 879/1/867 339/1/867 337/1/867
f 879/1/868 880/1/868 338/1/868
f 877/1/100 880/1/100 337/1/100
f 880/1/101 877/1/101 344/1/101
f 882/1/869 881/1/869 255/1/869
f 881/1/870 882/1/870 258/1/870
f 883/1/871 882/1/871 257/1/871
f 882/1/872 883/1/872 158/1/872
f 883/1/873 157/1/873 161/1/873
f 884/1/874 162/1/874 158/1/874
f 881/1/875 884/1/875 161/1/875
f 881/1/876 256/1/876 162/1/876
f 886/1/877 885/1/877 3/1/877
f 886/1/878 8/1/878 4/1/878
f 887/1/879 886/1/879 7/1/879
f 886/1/314 887/1/314 6/1/314
f 887/1/880 5/1/881 1/1/880
f 887/1/882 888/1/882 2/1/882
f 889/1/883 888/1/883 1/1/883
f 888/1/884 889/1/884 10/1/884
f 890/1/885 889/1/885 9/1/885
f 890/1/886 16/1/886 10/1/886
f 891/1/887 890/1/887 15/1/887
f 891/1/888 14/1/888 16/1/888
f 891/1/889 13/1/889 11/1/889
f 891/1/890 892/1/890 12/1/890
f 885/1/891 892/1/891 11/1/891
f 892/1/892 885/1/892 4/1/892
f 894/1/893 381/1/894 893/1/893
f 893/1/895 386/1/896 894/1/896
f 895/1/897 385/1/217 894/1/897
f 895/1/216 386/1/898 378/1/216
f 896/1/899 377/1/900 895/1/899
f 895/1/901 376/1/902 896/1/901
f 893/1/903 375/1/904 896/1/903
f 896/1/905 382/1/906 893/1/907
f 898/1/908 897/1/908 113/1/908
f 897/1/21 898/1/21 120/1/21
f 899/1/909 898/1/909 119/1/909
f 898/1/910 899/1/910 226/1/910
f 900/1/911 899/1/911 225/1/912
f 899/1/913 900/1/913 228/1/913
f 900/1/914 227/1/914 113/1/914
f 897/1/915 114/1/915 228/1/915
f 901/1/916 383/1/916 379/1/917
f 901/1/918 384/1/919 902/1/918
f 902/1/483 375/1/483 383/1/483
f 903/1/481 384/1/481 376/1/481
f 904/1/920 375/1/921 903/1/920
f 903/1/922 378/1/923 904/1/922
f 904/1/924 379/1/925 377/1/926
f 901/1/142 378/1/927 380/1/927
f 906/1/928 905/1/928 333/1/928
f 905/1/929 906/1/929 336/1/929
f 907/1/546 906/1/546 335/1/546
f 906/1/547 907/1/547 356/1/547
f 907/1/930 355/1/930 351/1/930
f 907/1/119 908/1/119 352/1/119
f 905/1/564 908/1/564 351/1/564
f 908/1/563 905/1/563 334/1/563
f 909/1/931 423/1/931 425/1/931
f 910/1/932 426/1/932 424/1/932
f 911/1/933 910/1/933 425/1/933
f 910/1/934 911/1/934 102/1/934
f 912/1/935 911/1/935 101/1/935
f 911/1/936 912/1/936 100/1/936
f 912/1/497 99/1/497 423/1/497
f 912/1/498 909/1/498 424/1/498
f 914/1/937 913/1/937 249/1/937
f 913/1/938 914/1/938 176/1/938
f 915/1/939 914/1/939 175/1/939
f 914/1/940 915/1/940 170/1/940
f 916/1/941 915/1/941 169/1/941
f 915/1/942 916/1/942 264/1/942
f 916/1/943 263/1/943 249/1/943
f 916/1/944 913/1/944 250/1/944
f 918/1/945 917/1/945 33/1/945
f 917/1/946 918/1/946 374/1/946
f 919/1/927 918/1/927 373/1/927
f 919/1/476 372/1/476 374/1/476
f 919/1/947 371/1/947 37/1/947
f 920/1/948 38/1/949 372/1/949
f 917/1/950 920/1/950 37/1/950
f 920/1/951 917/1/951 34/1/951
f 921/1/952 369/1/952 17/1/952
f 922/1/953 18/1/954 370/1/954
f 922/1/955 17/1/955 21/1/955
f 923/1/956 22/1/956 18/1/956
f 924/1/957 923/1/957 21/1/957
f 923/1/958 924/1/958 366/1/958
f 921/1/959 924/1/959 365/1/959
f 924/1/87 921/1/87 370/1/87
f 926/1/960 925/1/960 155/1/960
f 925/1/961 926/1/961 240/1/961
f 927/1/962 926/1/962 239/1/962
f 926/1/963 927/1/963 238/1/963
f 928/1/964 927/1/964 237/1/964
f 927/1/965 928/1/965 154/1/965
f 925/1/966 928/1/966 153/1/966
f 925/1/967 156/1/967 154/1/967
f 929/1/968 101/1/968 425/1/968
f 930/1/969 426/1/969 102/1/969
f 931/1/970 930/1/970 425/1/970
f 930/1/971 931/1/971 422/1/971
f 932/1/972 931/1/972 421/1/972
f 931/1/973 932/1/973 96/1/973
f 932/1/974 95/1/974 101/1/974
f 929/1/975 102/1/975 96/1/975
f 933/1/976 91/1/976 85/1/976
f 933/1/977 934/1/977 86/1/977
f 934/1/125 85/1/125 411/1/125
f 934/1/124 935/1/124 412/1/124
f 936/1/978 935/1/978 411/1/978
f 935/1/979 936/1/979 410/1/979
f 933/1/121 936/1/121 409/1/121
f 933/1/120 92/1/120 410/1/120
f 937/1/980 399/1/980 395/1/981
f 937/1/982 400/1/982 938/1/982
f 938/1/983 391/1/984 399/1/985
f 938/1/986 392/1/986 939/1/986
f 940/1/987 391/1/987 939/1/988
f 939/1/989 388/1/990 940/1/990
f 937/1/991 387/1/992 940/1/993
f 940/1/994 396/1/995 937/1/995
f 942/1/996 941/1/996 345/1/996
f 942/1/566 350/1/566 346/1/566
f 943/1/125 942/1/125 349/1/125
f 942/1/124 943/1/124 330/1/124
f 944/1/997 943/1/997 329/1/997
f 943/1/979 944/1/979 340/1/979
f 941/1/121 944/1/121 339/1/121
f 944/1/120 941/1/120 346/1/120
f 946/1/998 945/1/998 419/1/998
f 945/1/545 946/1/545 424/1/545
f 947/1/546 946/1/546 423/1/546
f 947/1/547 100/1/547 424/1/547
f 947/1/999 99/1/999 103/1/999
f 948/1/1000 104/1/1000 100/1/1000
f 948/1/550 103/1/550 419/1/550
f 948/1/551 945/1/551 420/1/551
f 949/1/1001 147/1/1001 151/1/1001
f 950/1/1002 152/1/1002 148/1/1002
f 951/1/1003 950/1/1003 151/1/1003
f 950/1/1004 951/1/1004 254/1/1004
f 952/1/1005 951/1/1005 253/1/1005
f 951/1/1006 952/1/1006 252/1/1006
f 949/1/1007 952/1/1007 251/1/1007
f 952/1/1008 949/1/1008 148/1/1008
f 954/1/1009 953/1/1009 427/1/1009
f 953/1/1010 954/1/1010 430/1/1010
f 955/1/96 954/1/96 429/1/96
f 954/1/97 955/1/97 84/1/97
f 956/1/1011 955/1/1011 83/1/1011
f 955/1/868 956/1/868 76/1/868
f 953/1/100 956/1/100 75/1/100
f 956/1/101 953/1/101 428/1/101
f 958/1/1012 957/1/1012 97/1/1012
f 957/1/1013 958/1/1013 96/1/1013
f 958/1/1014 95/1/1014 421/1/1014
f 958/1/1015 959/1/1015 422/1/1015
f 959/1/1016 421/1/1016 415/1/1016
f 960/1/1017 416/1/1017 422/1/1017
f 957/1/452 960/1/452 415/1/452
f 957/1/453 98/1/453 416/1/453
f 962/1/1018 961/1/1018 419/1/1018
f 962/1/1019 104/1/1019 420/1/1019
f 963/1/1020 962/1/1020 103/1/1020
f 962/1/1021 963/1/1021 90/1/1021
f 963/1/1022 89/1/1022 417/1/1022
f 963/1/1023 964/1/1023 418/1/1023
f 964/1/1024 417/1/1024 419/1/1024
f 961/1/1025 420/1/1025 418/1/1025
f 965/1/1026 407/1/1026 413/1/1026
f 965/1/364 966/1/364 414/1/364
f 967/1/365 966/1/365 413/1/365
f 967/1/366 94/1/366 414/1/366
f 967/1/950 93/1/950 87/1/950
f 967/1/368 968/1/368 88/1/368
f 968/1/369 87/1/369 407/1/369
f 968/1/370 965/1/370 408/1/370
f 970/1/1027 389/1/1028 969/1/1027
f 969/1/472 394/1/471 970/1/471
f 970/1/87 385/1/1029 393/1/1030
f 970/1/991 386/1/992 971/1/1031
f 972/1/1032 385/1/1033 971/1/1034
f 971/1/916 382/1/1035 972/1/916
f 972/1/1036 389/1/1036 381/1/986
f 972/1/1037 390/1/1037 969/1/1037
f 973/1/1038 257/1/1038 259/1/1038
f 974/1/1039 260/1/1039 258/1/1039
f 975/1/1040 974/1/1040 259/1/1040
f 974/1/1041 975/1/1041 166/1/1041
f 976/1/1042 975/1/1042 165/1/1042
f 975/1/1043 976/1/1043 158/1/1043
f 976/1/1044 157/1/1044 257/1/1044
f 976/1/1045 973/1/1045 258/1/1045
f 977/1/1046 139/1/1046 143/1/1046
f 978/1/1047 144/1/1047 140/1/1047
f 978/1/1048 143/1/1048 211/1/1048
f 978/1/1049 979/1/1049 212/1/1049
f 980/1/1050 979/1/1050 211/1/1050
f 980/1/1051 222/1/1051 212/1/1051
f 980/1/1052 221/1/1052 139/1/1052
f 980/1/1053 977/1/1053 140/1/1054
f 982/1/1055 981/1/1055 213/1/1055
f 982/1/1056 118/1/1056 214/1/1056
f 983/1/1057 982/1/1057 117/1/1057
f 982/1/1058 983/1/1058 114/1/1058
f 984/1/1059 983/1/1059 113/1/1059
f 984/1/1060 228/1/1060 114/1/1060
f 984/1/1061 227/1/1062 213/1/1061
f 984/1/1063 981/1/1063 214/1/1063
f 985/1/1064 159/1/1064 163/1/1064
f 985/1/1065 986/1/1065 164/1/1065
f 986/1/1066 163/1/1066 161/1/1066
f 986/1/1067 987/1/1067 162/1/1067
f 988/1/1068 987/1/1068 161/1/1068
f 988/1/1069 158/1/1069 162/1/1069
f 985/1/1070 988/1/1070 157/1/1070
f 988/1/1071 985/1/1071 160/1/1071
f 989/1/1072 429/1/1072 433/1/1072
f 990/1/977 434/1/977 430/1/977
f 991/1/125 990/1/125 433/1/125
f 990/1/124 991/1/124 80/1/124
f 992/1/1073 991/1/1073 79/1/1073
f 992/1/122 84/1/122 80/1/122
f 989/1/121 992/1/121 83/1/121
f 992/1/120 989/1/120 430/1/120
f 994/1/1074 993/1/1074 437/1/1074
f 993/1/450 994/1/1075 442/1/1075
f 995/1/1014 994/1/1014 441/1/1014
f 994/1/1015 995/1/1015 70/1/1015
f 995/1/1016 69/1/1016 81/1/1016
f 996/1/102 82/1/102 70/1/102
f 993/1/452 996/1/452 81/1/452
f 996/1/453 993/1/453 438/1/453
f 998/1/363 997/1/363 75/1/363
f 998/1/364 78/1/364 76/1/364
f 999/1/365 998/1/365 77/1/365
f 998/1/366 999/1/366 432/1/366
f 999/1/1076 431/1/1076 427/1/1076
f 1000/1/368 428/1/368 432/1/368
f 997/1/369 1000/1/369 427/1/369
f 1000/1/370 997/1/370 76/1/370
f 1002/1/1077 1001/1/1077 5/1/1077
f 1001/1/1078 1002/1/1078 280/1/1078
f 1003/1/1079 1002/1/1079 279/1/1079
f 1002/1/1080 1003/1/1080 276/1/1080
f 1004/1/1081 1003/1/1081 275/1/1081
f 1003/1/1082 1004/1/1082 2/1/1082
f 1004/1/1083 1/1/1083 5/1/1083
f 1001/1/1084 6/1/1084 2/1/1084
f 1005/1/1085 149/1/1085 153/1/1086
f 1006/1/1087 154/1/1087 150/1/1087
f 1007/1/1088 1006/1/1088 153/1/1088
f 1006/1/1089 1007/1/1089 238/1/1089
f 1008/1/1090 1007/1/1090 237/1/1091
f 1007/1/1092 1008/1/1092 266/1/1092
f 1008/1/1093 265/1/1093 149/1/1093
f 1008/1/1094 1005/1/1094 150/1/1094
f 1010/1/1095 1009/1/1095 71/1/1095
f 1009/1/1019 1010/1/1019 440/1/1019
f 1011/1/1096 1010/1/1096 439/1/1096
f 1010/1/1021 1011/1/1021 436/1/1021
f 1012/1/1022 1011/1/1022 435/1/1022
f 1011/1/1023 1012/1/1023 68/1/1023
f 1012/1/1024 67/1/1024 71/1/1024
f 1009/1/1025 72/1/1025 68/1/1025
f 1014/1/1097 1013/1/1097 237/1/1097
f 1014/1/1098 240/1/1098 238/1/1098
f 1014/1/1099 239/1/1099 251/1/1099
f 1014/1/1100 1015/1/1100 252/1/1100
f 1016/1/1101 1015/1/1101 251/1/1101
f 1016/1/1102 254/1/1102 252/1/1102
f 1017/1/1103 1016/1/1103 253/1/1103
f 1016/1/1067 1017/1/1067 268/1/1067
f 1017/1/1104 267/1/1104 265/1/1104
f 1017/1/1105 1018/1/1106 266/1/1106
f 1013/1/1107 1018/1/1107 265/1/1107
f 1013/1/1108 238/1/1108 266/1/1108
f 1020/1/1109 1019/1/1109 285/1/1109
f 1020/1/1110 292/1/1110 286/1/1110
f 1020/1/1111 291/1/1111 231/1/1111
f 1021/1/1112 232/1/1113 292/1/1113
f 1022/1/1114 1021/1/1114 231/1/1114
f 1021/1/1115 1022/1/1115 230/1/1115
f 1019/1/1116 1022/1/1116 229/1/1116
f 1022/1/1117 1019/1/1117 286/1/1117
f 1024/1/1118 1023/1/1119 125/1/1120
f 1023/1/1121 1024/1/1122 132/1/1122
f 1025/1/58 1024/1/58 131/1/58
f 1024/1/1123 1025/1/1123 128/1/1123
f 1025/1/1124 127/1/1124 129/1/1125
f 1026/1/1126 130/1/1127 128/1/1128
f 1026/1/1129 129/1/1130 125/1/1131
f 1023/1/1132 126/1/1133 130/1/1134
f 1028/1/1135 1027/1/1135 169/1/1135
f 1027/1/1136 1028/1/1136 176/1/1136
f 1029/1/1137 1028/1/1137 175/1/1137
f 1029/1/1138 172/1/1138 176/1/1138
f 1030/1/1139 1029/1/1139 171/1/1139
f 1029/1/1140 1030/1/1140 174/1/1140
f 1030/1/1141 173/1/1141 169/1/1141
f 1030/1/1142 1027/1/1142 170/1/1142
f 1031/1/1143 171/1/1143 179/1/1143
f 1031/1/1144 1032/1/1144 180/1/1144
f 1033/1/1145 1032/1/1145 179/1/1145
f 1032/1/1146 1033/1/1146 178/1/1146
f 1034/1/1147 1033/1/1147 177/1/1147
f 1034/1/1148 174/1/1148 178/1/1148
f 1031/1/1149 1034/1/1149 173/1/1149
f 1034/1/1150 1031/1/1150 172/1/1150
f 1036/1/1151 1035/1/1151 313/1/1151
f 1036/1/1152 310/1/1152 314/1/1152
f 1036/1/1153 309/1/1153 297/1/1154
f 1036/1/1155 1037/1/1155 298/1/1155
f 1038/1/1156 1037/1/1156 297/1/1156
f 1037/1/1157 1038/1/1157 312/1/1157
f 1035/1/1158 1038/1/1158 311/1/1158
f 1035/1/1159 314/1/1159 312/1/1159
f 1040/1/1160 1039/1/1160 9/1/1160
f 1039/1/1161 1040/1/1161 2/1/1161
f 1041/1/1162 1040/1/1162 1/1/1162
f 1040/1/1163 1041/1/1163 276/1/1163
f 1042/1/1164 1041/1/1164 275/1/1164
f 1042/1/1165 274/1/1165 276/1/1165
f 1039/1/1166 1042/1/1166 273/1/1166
f 1042/1/1167 1039/1/1167 10/1/1167
f 1044/1/1168 1043/1/1168 317/1/1168
f 1043/1/1169 1044/1/1169 306/1/1169
f 1045/1/1170 1044/1/1171 305/1/1171
f 1044/1/1172 1045/1/1172 308/1/1172
f 1046/1/1173 1045/1/1173 307/1/1173
f 1045/1/1174 1046/1/1174 316/1/1174
f 1046/1/1175 315/1/1175 317/1/1175
f 1043/1/1176 318/1/1176 316/1/1176
f 1047/1/1177 65/1/1177 73/1/1177
f 1048/1/932 74/1/932 66/1/932
f 1049/1/933 1048/1/933 73/1/933
f 1048/1/934 1049/1/934 446/1/934
f 1050/1/1178 1049/1/1179 445/1/1179
f 1049/1/1180 1050/1/1180 444/1/1180
f 1047/1/497 1050/1/497 443/1/497
f 1050/1/498 1047/1/498 66/1/498
f 1052/1/1181 1051/1/1181 7/1/1181
f 1051/1/1182 1052/1/1182 284/1/1182
f 1053/1/1183 1052/1/1183 283/1/1183
f 1052/1/1184 1053/1/1184 280/1/1184
f 1054/1/1185 1053/1/1185 279/1/1185
f 1053/1/1186 1054/1/1186 6/1/1186
f 1054/1/1187 5/1/1187 7/1/1187
f 1054/1/1188 1051/1/1188 8/1/1188
f 1056/1/1189 1055/1/1189 277/1/1189
f 1055/1/1190 1056/1/1190 282/1/1190
f 1057/1/1191 1056/1/1191 281/1/1191
f 1056/1/1192 1057/1/1192 4/1/1192
f 1058/1/1193 1057/1/1193 3/1/1193
f 1057/1/1194 1058/1/1194 12/1/1194
f 1055/1/1195 1058/1/1195 11/1/1195
f 1058/1/1196 1055/1/1196 278/1/1196
f 1059/1/1197 313/1/1198 315/1/1197
f 1059/1/1199 1060/1/1199 316/1/1199
f 1061/1/1200 1060/1/1200 315/1/1200
f 1060/1/1201 1061/1/1201 308/1/1201
f 1062/1/1202 1061/1/1202 307/1/1203
f 1062/1/1204 310/1/1204 308/1/1204
f 1059/1/1205 1062/1/1205 309/1/1205
f 1059/1/1206 314/1/1206 310/1/1206
f 1064/1/1207 1063/1/1207 445/1/1207
f 1063/1/969 1064/1/969 74/1/969
f 1065/1/970 1064/1/970 73/1/970
f 1064/1/971 1065/1/971 70/1/971
f 1066/1/972 1065/1/972 69/1/972
f 1065/1/973 1066/1/973 442/1/973
f 1066/1/1208 441/1/1208 445/1/1208
f 1063/1/975 446/1/975 442/1/975
f 1067/1/1209 215/1/1210 227/1/1211
f 1067/1/1212 1068/1/1213 228/1/1214
f 1069/1/1215 1068/1/1216 227/1/1217
f 1069/1/1218 288/1/1219 228/1/1220
f 1069/1/1221 287/1/1222 215/1/1223
f 1069/1/1224 1067/1/1225 216/1/1226
f 1070/1/1227 227/1/1228 215/1/1229
f 1070/1/1230 1071/1/1231 216/1/1232
f 1071/1/1233 215/1/1234 213/1/1235
f 1071/1/1236 1072/1/1237 214/1/1238
f 1070/1/1239 1072/1/1240 213/1/1241
f 1070/1/1242 228/1/1243 214/1/1244
f 1074/1/1245 1073/1/1246 225/1/1247
f 1074/1/1248 218/1/1249 226/1/1250
f 1075/1/1251 1074/1/1252 217/1/1253
f 1075/1/1254 290/1/1255 218/1/1256
f 1075/1/1257 289/1/1258 225/1/1259
f 1075/1/1260 1073/1/1261 226/1/1262
f 1077/1/1263 1076/1/1264 217/1/1265
f 1077/1/1266 226/1/1267 218/1/1268
f 1077/1/1269 225/1/1270 219/1/1271
f 1077/1/1272 1078/1/1273 220/1/1274
f 1076/1/1275 1078/1/1276 219/1/1277
f 1076/1/1278 218/1/1279 220/1/1280
f 1079/1/1281 125/1/1282 135/1/1281
f 1079/1/1283 1080/1/1283 136/1/1283
f 1080/1/1284 135/1/1284 205/1/1284
f 1080/1/1285 1081/1/1285 206/1/1285
f 1082/1/1286 1081/1/1286 205/1/1286
f 1082/1/1287 232/1/1287 206/1/1287
f 1083/1/1288 1082/1/1288 231/1/1288
f 1083/1/1289 292/1/1289 232/1/1289
f 1083/1/1290 291/1/1290 323/1/1290
f 1083/1/1291 1084/1/1291 324/1/1291
f 1084/1/1292 323/1/1292 321/1/1292
f 1084/1/1293 1085/1/1293 322/1/1293
f 1086/1/1294 1085/1/1294 321/1/1294
f 1086/1/1295 320/1/1295 322/1/1295
f 1086/1/1296 319/1/1296 317/1/1296
f 1086/1/1297 1087/1/1297 318/1/1297
f 1087/1/1298 317/1/1298 315/1/1298
f 1087/1/1299 1088/1/1299 316/1/1299
f 1089/1/1300 1088/1/1300 315/1/1300
f 1089/1/1301 314/1/1301 316/1/1301
f 1079/1/1302 1089/1/1303 313/1/1303
f 1079/1/1304 126/1/1304 314/1/1304
f 1091/1/1305 1090/1/1305 167/1/1305
f 1091/1/1306 246/1/1306 168/1/1306
f 1092/1/1307 1091/1/1307 245/1/1307
f 1091/1/1308 1092/1/1309 244/1/1308
f 1092/1/1310 243/1/1310 159/1/1310
f 1092/1/1311 1093/1/1311 160/1/1311
f 1093/1/1312 159/1/1313 167/1/1312
f 1090/1/1314 168/1/1314 160/1/1314
f 1095/1/183 1094/1/183 421/1/183
f 1095/1/184 426/1/184 422/1/184
f 1095/1/1315 425/1/1315 423/1/1315
f 1095/1/1316 1096/1/1317 424/1/1317
f 1097/1/1318 1096/1/1318 423/1/1319
f 1097/1/1320 420/1/1320 424/1/1320
f 1097/1/191 419/1/191 417/1/191
f 1097/1/192 1098/1/192 418/1/192
f 1099/1/1321 1098/1/1321 417/1/1321
f 1099/1/194 414/1/194 418/1/194
f 1100/1/152 1099/1/152 413/1/152
f 1099/1/1322 1100/1/1322 408/1/1322
f 1100/1/196 407/1/196 409/1/196
f 1100/1/197 1101/1/197 410/1/197
f 1101/1/1323 409/1/1323 411/1/1323
f 1102/1/199 412/1/199 410/1/199
f 1103/1/1324 1102/1/1324 411/1/1324
f 1102/1/200 1103/1/200 416/1/200
f 1103/1/201 415/1/201 421/1/201
f 1103/1/1325 1094/1/1325 422/1/1325
f 1104/1/1326 317/1/1326 319/1/1326
f 1105/1/1327 320/1/1327 318/1/1327
f 1106/1/1328 1105/1/1328 319/1/1328
f 1105/1/1329 1106/1/1329 304/1/1329
f 1107/1/1330 1106/1/1330 303/1/1330
f 1106/1/1331 1107/1/1331 306/1/1332
f 1104/1/1333 1107/1/1333 305/1/1333
f 1107/1/1334 1104/1/1334 318/1/1334
f 1109/1/74 1108/1/74 433/1/74
f 1109/1/850 430/1/850 434/1/850
f 1109/1/851 429/1/851 427/1/851
f 1109/1/73 1110/1/73 428/1/73
f 1110/1/219 427/1/219 431/1/219
f 1110/1/39 1111/1/39 432/1/39
f 1111/1/1335 431/1/1335 435/1/220
f 1111/1/221 1112/1/221 436/1/221
f 1113/1/222 1112/1/222 435/1/222
f 1113/1/1336 440/1/1336 436/1/1336
f 1113/1/1337 439/1/1337 443/1/1337
f 1113/1/1338 1114/1/1339 444/1/1339
f 1115/1/1340 1114/1/1340 443/1/1340
f 1115/1/1341 446/1/1341 444/1/1341
f 1115/1/1342 445/1/1342 441/1/1342
f 1115/1/1343 1116/1/1343 442/1/1343
f 1117/1/230 1116/1/230 441/1/230
f 1117/1/1344 438/1/1344 442/1/1344
f 1108/1/847 1117/1/847 437/1/847
f 1108/1/848 434/1/848 438/1/848
f 1119/1/1345 1118/1/1345 133/1/1345
f 1119/1/1346 224/1/1347 134/1/1346
f 1119/1/1348 223/1/1348 207/1/1348
f 1119/1/1349 1120/1/1349 208/1/1349
f 1121/1/1350 1120/1/1350 207/1/1350
f 1121/1/1351 138/1/1351 208/1/1351
f 1118/1/1352 1121/1/1352 137/1/1352
f 1121/1/1353 1118/1/1353 134/1/1353
f 448/1/1354 281/1/1354 277/1/1354
f 447/1/2 278/1/2 282/1/2
f 449/1/1355 277/1/1356 271/1/1355
f 449/1/4 278/1/4 448/1/4
f 450/1/5 271/1/5 269/1/5
f 449/1/1357 270/1/1357 272/1/1357
f 450/1/1358 273/1/1358 451/1/1358
f 450/1/9 274/1/9 270/1/9
f 451/1/10 275/1/10 452/1/10
f 451/1/11 276/1/11 274/1/11
f 453/1/1359 275/1/1359 279/1/1359
f 453/1/13 276/1/13 452/1/13
f 454/1/1360 279/1/1360 283/1/1360
f 454/1/1361 280/1/1361 453/1/1361
f 454/1/1362 281/1/1362 447/1/1362
f 454/1/17 282/1/17 284/1/17
f 455/1/18 123/1/18 456/1/18
f 456/1/19 220/1/19 455/1/19
f 456/1/1363 121/1/1363 457/1/1363
f 457/1/21 124/1/21 456/1/21
f 458/1/22 121/1/22 217/1/22
f 457/1/1364 218/1/1364 122/1/1364
f 455/1/1365 217/1/1365 219/1/1365
f 458/1/1366 220/1/1366 218/1/1366
f 459/1/1367 19/1/1367 460/1/1367
f 459/1/1368 20/1/1368 26/1/1368
f 461/1/1369 19/1/1369 27/1/1369
f 461/1/1370 20/1/1370 460/1/1370
f 462/1/1371 27/1/1371 23/1/1371
f 462/1/1372 28/1/1372 461/1/1372
f 462/1/847 21/1/847 463/1/847
f 462/1/848 22/1/848 24/1/848
f 463/1/1373 17/1/1373 464/1/1373
f 463/1/1374 18/1/1374 22/1/1374
f 465/1/1375 17/1/1375 33/1/1375
f 465/1/1376 18/1/1376 464/1/1376
f 466/1/1377 33/1/1377 37/1/1377
f 466/1/841 34/1/841 465/1/841
f 466/1/1378 41/1/1378 467/1/1378
f 466/1/1379 42/1/1379 38/1/1379
f 467/1/42 29/1/42 468/1/42
f 467/1/44 30/1/44 42/1/44
f 459/1/1380 29/1/1380 25/1/1380
f 468/1/46 26/1/46 30/1/46
f 470/1/1381 119/1/1381 113/1/1381
f 469/1/1382 114/1/1382 120/1/1382
f 471/1/49 113/1/49 117/1/49
f 471/1/50 114/1/50 470/1/50
f 472/1/803 117/1/803 115/1/803
f 471/1/52 116/1/52 118/1/52
f 472/1/1383 109/1/1384 473/1/1384
f 472/1/54 110/1/54 116/1/54
f 474/1/55 109/1/55 105/1/55
f 474/1/56 110/1/56 473/1/56
f 475/1/1385 105/1/1385 107/1/1385
f 474/1/1386 108/1/1386 106/1/1386
f 475/1/59 111/1/59 476/1/59
f 475/1/60 112/1/60 108/1/60
f 477/1/1387 111/1/1387 121/1/1387
f 477/1/62 112/1/1388 476/1/1388
f 478/1/803 121/1/803 123/1/803
f 477/1/52 124/1/52 122/1/52
f 478/1/63 119/1/63 469/1/63
f 478/1/64 120/1/64 124/1/64
f 480/1/1389 35/1/1389 23/1/1389
f 480/1/1390 36/1/1390 479/1/1390
f 480/1/1391 27/1/1391 481/1/1391
f 480/1/1392 28/1/1392 24/1/1392
f 481/1/1393 31/1/1393 482/1/1393
f 481/1/1394 32/1/1394 28/1/1394
f 482/1/1395 43/1/1395 483/1/1395
f 482/1/37 44/1/37 32/1/37
f 484/1/34 43/1/34 45/1/34
f 483/1/1374 46/1/1374 44/1/1374
f 485/1/76 45/1/76 41/1/76
f 485/1/1396 46/1/1396 484/1/77
f 486/1/1397 41/1/1397 37/1/1397
f 486/1/1398 42/1/1398 485/1/1398
f 486/1/1399 47/1/1399 487/1/1399
f 486/1/1400 48/1/1400 38/1/1400
f 487/1/1401 39/1/1401 488/1/1401
f 487/1/1368 40/1/1368 48/1/1368
f 479/1/1380 39/1/1380 35/1/1380
f 479/1/1402 40/1/1402 488/1/1402
f 490/1/1403 47/1/1403 367/1/1403
f 489/1/1404 368/1/1404 48/1/1404
f 491/1/995 367/1/995 363/1/995
f 490/1/88 364/1/88 368/1/88
f 491/1/1405 39/1/1405 492/1/1405
f 492/1/1406 364/1/1406 491/1/1406
f 489/1/1407 39/1/1407 47/1/1407
f 492/1/1408 48/1/1408 40/1/1408
f 494/1/823 87/1/823 91/1/823
f 493/1/866 92/1/866 88/1/866
f 494/1/96 409/1/96 495/1/96
f 494/1/97 410/1/97 92/1/97
f 495/1/1011 407/1/1011 496/1/1011
f 496/1/868 410/1/868 495/1/868
f 493/1/100 407/1/100 87/1/100
f 493/1/101 408/1/101 496/1/101
f 498/1/1409 51/1/1409 55/1/1409
f 498/1/103 52/1/103 497/1/103
f 498/1/104 31/1/104 499/1/104
f 499/1/105 56/1/105 498/1/105
f 500/1/1410 31/1/1410 27/1/1410
f 500/1/107 32/1/107 499/1/107
f 497/1/1411 27/1/1411 51/1/1411
f 500/1/1412 52/1/1412 28/1/1412
f 502/1/110 9/1/110 273/1/110
f 501/1/111 274/1/111 10/1/111
f 502/1/112 269/1/112 503/1/112
f 503/1/113 274/1/113 502/1/113
f 504/1/114 269/1/114 15/1/114
f 504/1/115 270/1/115 503/1/115
f 501/1/1413 15/1/1413 9/1/1413
f 504/1/117 10/1/117 16/1/117
f 506/1/1414 19/1/1414 25/1/1414
f 505/1/93 26/1/93 20/1/93
f 507/1/120 25/1/120 53/1/120
f 506/1/121 54/1/121 26/1/121
f 508/1/122 53/1/122 49/1/122
f 507/1/123 50/1/123 54/1/123
f 508/1/124 19/1/124 505/1/124
f 505/1/125 50/1/125 508/1/125
f 510/1/126 209/1/126 211/1/126
f 509/1/127 212/1/127 210/1/127
f 510/1/1415 143/1/1415 511/1/1415
f 511/1/1416 212/1/1416 510/1/1416
f 511/1/1417 141/1/1417 512/1/1417
f 512/1/131 144/1/131 511/1/131
f 509/1/132 141/1/132 209/1/132
f 512/1/1418 210/1/1418 142/1/1418
f 513/1/1419 23/1/1419 514/1/1419
f 514/1/1420 362/1/1420 513/1/1420
f 514/1/1421 35/1/1421 515/1/1421
f 514/1/138 36/1/138 24/1/138
f 516/1/1422 35/1/1422 359/1/1422
f 515/1/1423 360/1/1423 36/1/1423
f 516/1/476 361/1/476 513/1/476
f 513/1/142 360/1/142 516/1/142
f 518/1/143 55/1/143 51/1/143
f 518/1/1424 56/1/1424 517/1/1424
f 519/1/200 51/1/200 49/1/200
f 519/1/1324 52/1/1324 518/1/1324
f 519/1/1425 53/1/1425 520/1/1425
f 519/1/1426 54/1/1426 50/1/1426
f 521/1/1427 53/1/1427 57/1/1427
f 520/1/1428 58/1/1428 54/1/1428
f 522/1/151 57/1/151 59/1/151
f 522/1/1429 58/1/1429 521/1/1429
f 522/1/153 61/1/153 523/1/153
f 523/1/757 60/1/757 522/1/757
f 523/1/1430 63/1/1430 524/1/1430
f 523/1/1431 64/1/1431 62/1/1431
f 517/1/1432 63/1/1432 55/1/1432
f 524/1/1433 56/1/1433 64/1/1433
f 526/1/159 253/1/159 151/1/159
f 525/1/160 152/1/160 254/1/160
f 527/1/1434 151/1/1434 145/1/1434
f 526/1/162 146/1/162 152/1/162
f 528/1/163 145/1/163 267/1/163
f 527/1/164 268/1/164 146/1/164
f 525/1/165 267/1/165 253/1/165
f 528/1/166 254/1/166 268/1/166
f 530/1/167 301/1/167 321/1/167
f 529/1/168 322/1/168 302/1/168
f 531/1/1435 321/1/1435 323/1/1435
f 531/1/170 322/1/170 530/1/170
f 532/1/171 323/1/171 299/1/171
f 531/1/172 300/1/172 324/1/172
f 532/1/1436 301/1/1436 529/1/1436
f 532/1/174 302/1/174 300/1/174
f 533/1/1437 203/1/1437 534/1/1437
f 533/1/176 204/1/176 202/1/176
f 535/1/177 203/1/177 197/1/177
f 534/1/178 198/1/178 204/1/178
f 536/1/179 197/1/179 193/1/179
f 535/1/1438 194/1/1438 198/1/1438
f 536/1/181 201/1/181 533/1/181
f 533/1/182 194/1/182 536/1/182
f 538/1/183 69/1/183 73/1/183
f 538/1/184 70/1/184 537/1/184
f 538/1/1439 65/1/1439 539/1/1439
f 538/1/187 66/1/187 74/1/187
f 540/1/1440 65/1/1440 71/1/1440
f 540/1/190 66/1/1441 539/1/190
f 540/1/191 67/1/191 541/1/191
f 540/1/192 68/1/192 72/1/192
f 542/1/193 67/1/193 77/1/193
f 542/1/194 68/1/194 541/1/194
f 543/1/152 77/1/152 75/1/152
f 543/1/151 78/1/151 542/1/151
f 543/1/196 83/1/196 544/1/196
f 544/1/197 76/1/197 543/1/197
f 544/1/198 79/1/198 545/1/198
f 544/1/199 80/1/199 84/1/199
f 545/1/1324 81/1/1324 546/1/1324
f 545/1/145 82/1/145 80/1/145
f 546/1/1442 69/1/1442 537/1/1442
f 546/1/1325 70/1/1325 82/1/1325
f 548/1/1443 405/1/1444 403/1/1444
f 547/1/206 404/1/205 406/1/206
f 548/1/1445 549/1/1446 399/1/1445
f 549/1/1447 548/1/1447 406/1/1447
f 550/1/1448 395/1/212 399/1/213
f 549/1/1449 400/1/860 396/1/860
f 550/1/216 547/1/1450 403/1/216
f 547/1/1451 550/1/1452 396/1/897
f 552/1/74 85/1/74 91/1/74
f 551/1/850 92/1/850 86/1/850
f 553/1/1453 91/1/1453 87/1/1453
f 552/1/1454 88/1/1454 92/1/1454
f 553/1/840 93/1/840 554/1/840
f 553/1/841 94/1/841 88/1/841
f 554/1/220 89/1/220 555/1/220
f 554/1/221 90/1/221 94/1/221
f 556/1/1455 89/1/1455 103/1/1455
f 556/1/223 90/1/223 555/1/223
f 556/1/1337 99/1/1456 557/1/1337
f 556/1/1338 100/1/1338 104/1/1338
f 558/1/1457 99/1/1457 101/1/1457
f 558/1/1458 100/1/1458 557/1/1458
f 558/1/1342 95/1/1342 559/1/1342
f 558/1/229 96/1/229 102/1/229
f 560/1/1459 95/1/1459 97/1/1459
f 560/1/1344 96/1/1344 559/1/1344
f 551/1/1460 97/1/1460 85/1/1460
f 551/1/848 98/1/848 560/1/848
f 561/1/1461 167/1/1461 562/1/1461
f 562/1/1462 166/1/1462 561/1/1462
f 563/1/1463 167/1/1463 159/1/1463
f 563/1/235 168/1/235 562/1/235
f 564/1/1464 159/1/1464 157/1/1464
f 563/1/1465 158/1/1465 160/1/1465
f 564/1/1466 165/1/1466 561/1/1466
f 564/1/1467 166/1/1467 158/1/1467
f 565/1/1468 201/1/1468 566/1/1468
f 565/1/241 202/1/241 204/1/241
f 567/1/242 201/1/242 199/1/242
f 566/1/243 200/1/243 202/1/243
f 568/1/1469 199/1/1469 195/1/1469
f 567/1/1470 196/1/1470 200/1/1470
f 568/1/247 203/1/247 565/1/247
f 565/1/248 196/1/248 568/1/248
f 569/1/249 233/1/249 570/1/249
f 569/1/250 234/1/250 178/1/250
f 571/1/1471 233/1/1471 261/1/1471
f 571/1/1472 234/1/1472 570/1/1472
f 572/1/253 261/1/253 173/1/253
f 571/1/254 174/1/254 262/1/254
f 572/1/1473 177/1/1473 569/1/1473
f 572/1/1474 178/1/1474 174/1/1474
f 574/1/257 289/1/257 291/1/257
f 573/1/258 292/1/258 290/1/258
f 574/1/259 285/1/259 575/1/259
f 574/1/260 286/1/260 292/1/260
f 575/1/261 287/1/261 576/1/261
f 576/1/1475 286/1/1475 575/1/1475
f 576/1/264 289/1/264 573/1/264
f 576/1/1476 290/1/1476 288/1/1476
f 577/1/266 133/1/1477 578/1/1478
f 578/1/1479 140/1/1480 577/1/1481
f 579/1/272 133/1/274 137/1/272
f 579/1/275 134/1/276 578/1/1482
f 580/1/277 137/1/278 135/1/1483
f 579/1/279 136/1/281 138/1/279
f 581/1/282 135/1/1484 125/1/1485
f 580/1/1486 126/1/1487 136/1/1488
f 582/1/1489 125/1/290 129/1/1490
f 581/1/291 130/1/293 126/1/1491
f 582/1/294 141/1/1492 583/1/1493
f 583/1/297 130/1/1494 582/1/1495
f 584/1/1496 141/1/302 143/1/1496
f 583/1/303 144/1/304 142/1/1497
f 584/1/305 139/1/306 577/1/1498
f 584/1/307 140/1/1499 144/1/307
f 586/1/1500 147/1/1500 155/1/1500
f 586/1/1501 148/1/1501 585/1/1501
f 586/1/1502 153/1/1502 587/1/1502
f 586/1/1503 154/1/1503 156/1/1503
f 587/1/315 149/1/315 588/1/315
f 587/1/316 150/1/316 154/1/316
f 589/1/1504 149/1/1504 145/1/1504
f 589/1/319 150/1/319 588/1/319
f 590/1/1505 145/1/1505 151/1/1505
f 590/1/321 146/1/321 589/1/321
f 590/1/322 147/1/322 585/1/322
f 590/1/1506 148/1/1506 152/1/1506
f 592/1/325 255/1/325 241/1/325
f 592/1/326 256/1/326 591/1/326
f 593/1/327 241/1/327 243/1/327
f 593/1/328 242/1/328 592/1/328
f 594/1/1071 243/1/1071 257/1/1071
f 593/1/1070 258/1/1070 244/1/1070
f 594/1/331 255/1/331 591/1/331
f 594/1/332 256/1/332 258/1/332
f 595/1/1507 245/1/1507 596/1/1507
f 595/1/334 246/1/334 244/1/334
f 596/1/335 259/1/335 597/1/335
f 596/1/336 260/1/336 246/1/336
f 598/1/337 259/1/337 257/1/337
f 598/1/338 260/1/338 597/1/338
f 595/1/1508 257/1/1508 243/1/1508
f 598/1/1509 244/1/1509 258/1/1509
f 599/1/339 249/1/339 600/1/339
f 599/1/340 250/1/340 248/1/340
f 600/1/341 263/1/341 601/1/341
f 600/1/342 264/1/342 250/1/342
f 602/1/1510 263/1/1510 261/1/1510
f 602/1/344 264/1/344 601/1/344
f 599/1/345 261/1/345 247/1/345
f 602/1/346 248/1/346 262/1/346
f 604/1/347 271/1/347 13/1/347
f 603/1/348 14/1/348 272/1/348
f 605/1/1511 13/1/1511 15/1/1511
f 605/1/1512 14/1/1512 604/1/1512
f 606/1/351 15/1/351 269/1/351
f 606/1/352 16/1/352 605/1/352
f 606/1/1513 271/1/1513 603/1/1513
f 606/1/1514 272/1/1514 270/1/1514
f 607/1/355 45/1/355 608/1/355
f 607/1/1515 46/1/1515 42/1/1515
f 609/1/357 45/1/357 61/1/357
f 608/1/358 62/1/358 46/1/358
f 610/1/359 61/1/359 59/1/359
f 609/1/1516 60/1/1516 62/1/1516
f 610/1/1517 41/1/1517 607/1/1517
f 607/1/1518 60/1/1518 610/1/1518
f 611/1/363 341/1/363 612/1/363
f 611/1/364 342/1/364 338/1/364
f 613/1/365 341/1/365 347/1/365
f 613/1/366 342/1/366 612/1/366
f 614/1/367 347/1/367 343/1/367
f 613/1/368 344/1/368 348/1/368
f 611/1/369 343/1/369 337/1/369
f 614/1/370 338/1/370 344/1/370
f 615/1/371 333/1/371 616/1/371
f 615/1/359 334/1/359 342/1/359
f 617/1/358 333/1/358 351/1/358
f 616/1/357 352/1/357 334/1/357
f 617/1/372 347/1/372 618/1/372
f 618/1/373 352/1/373 617/1/373
f 615/1/374 347/1/374 341/1/374
f 618/1/375 342/1/375 348/1/375
f 620/1/376 349/1/376 353/1/376
f 620/1/377 350/1/377 619/1/377
f 620/1/378 331/1/378 621/1/378
f 620/1/379 332/1/379 354/1/379
f 622/1/380 331/1/380 329/1/380
f 622/1/381 332/1/381 621/1/381
f 619/1/382 329/1/382 349/1/382
f 622/1/383 350/1/383 330/1/383
f 624/1/384 193/1/384 197/1/384
f 623/1/385 198/1/385 194/1/385
f 625/1/1519 197/1/1519 189/1/1519
f 624/1/1520 190/1/1520 198/1/1520
f 626/1/1521 189/1/1521 181/1/1521
f 625/1/389 182/1/389 190/1/389
f 626/1/1522 193/1/1522 623/1/1522
f 623/1/1523 182/1/1523 626/1/1523
f 628/1/392 179/1/392 235/1/392
f 627/1/393 236/1/393 180/1/393
f 629/1/394 235/1/394 233/1/394
f 629/1/1524 236/1/1524 628/1/1524
f 630/1/396 233/1/396 177/1/396
f 629/1/397 178/1/397 234/1/397
f 630/1/398 179/1/398 627/1/398
f 627/1/1525 178/1/1525 630/1/1525
f 632/1/400 29/1/400 41/1/400
f 632/1/1526 30/1/1526 631/1/1526
f 633/1/1527 41/1/1527 59/1/1527
f 632/1/1528 60/1/1528 42/1/1528
f 633/1/364 57/1/364 634/1/364
f 633/1/404 58/1/404 60/1/404
f 634/1/370 29/1/370 631/1/370
f 631/1/369 58/1/369 634/1/369
f 635/1/1529 33/1/1529 636/1/1529
f 636/1/1530 374/1/1530 635/1/1530
f 637/1/1531 33/1/1531 17/1/1531
f 636/1/866 18/1/866 34/1/866
f 638/1/1532 17/1/1532 369/1/1532
f 637/1/1533 370/1/1533 18/1/1533
f 635/1/216 369/1/216 373/1/216
f 635/1/217 370/1/217 638/1/217
f 640/1/1534 221/1/1534 211/1/1535
f 640/1/1536 222/1/1536 639/1/1536
f 641/1/415 211/1/415 209/1/415
f 640/1/416 210/1/416 212/1/416
f 641/1/417 229/1/417 642/1/417
f 642/1/418 210/1/418 641/1/418
f 643/1/419 229/1/419 231/1/419
f 642/1/420 232/1/420 230/1/420
f 644/1/421 231/1/421 205/1/421
f 643/1/1537 206/1/1537 232/1/1537
f 645/1/415 205/1/415 207/1/415
f 644/1/416 208/1/416 206/1/416
f 645/1/1538 223/1/1538 646/1/1538
f 645/1/1539 224/1/1539 208/1/1540
f 639/1/425 223/1/425 221/1/425
f 646/1/426 222/1/426 224/1/426
f 647/1/1541 21/1/1541 648/1/1541
f 648/1/1542 366/1/1542 647/1/1542
f 648/1/1543 23/1/1543 649/1/1543
f 648/1/431 24/1/431 22/1/431
f 650/1/1544 23/1/1544 361/1/1544
f 649/1/1545 362/1/1545 24/1/1545
f 650/1/1546 365/1/1546 647/1/1546
f 650/1/435 366/1/435 362/1/435
f 652/1/436 239/1/436 155/1/436
f 651/1/437 156/1/437 240/1/437
f 653/1/438 155/1/438 147/1/438
f 652/1/439 148/1/439 156/1/439
f 654/1/440 147/1/440 251/1/440
f 653/1/441 252/1/441 148/1/441
f 654/1/1547 239/1/1547 651/1/1547
f 651/1/443 252/1/443 654/1/443
f 656/1/381 49/1/381 51/1/381
f 656/1/1548 50/1/1548 655/1/1548
f 656/1/1549 27/1/1549 657/1/1549
f 657/1/1550 52/1/1550 656/1/1550
f 657/1/1551 19/1/1552 658/1/1551
f 657/1/449 20/1/449 28/1/449
f 655/1/383 19/1/383 49/1/383
f 658/1/382 50/1/382 20/1/382
f 660/1/137 353/1/137 357/1/137
f 659/1/450 358/1/450 354/1/450
f 661/1/105 357/1/105 327/1/105
f 660/1/104 328/1/104 358/1/104
f 662/1/1553 327/1/1553 331/1/1553
f 661/1/102 332/1/102 328/1/102
f 659/1/452 331/1/452 353/1/452
f 662/1/453 354/1/453 332/1/453
f 663/1/1554 219/1/1554 664/1/1554
f 663/1/455 220/1/455 124/1/455
f 665/1/1555 219/1/1555 225/1/1555
f 665/1/1556 220/1/1556 664/1/1556
f 665/1/1557 119/1/1557 666/1/1557
f 665/1/1558 120/1/1558 226/1/1558
f 666/1/460 123/1/460 663/1/460
f 663/1/461 120/1/461 666/1/461
f 667/1/1559 263/1/1559 668/1/1559
f 667/1/463 264/1/463 262/1/463
f 669/1/1560 263/1/1560 169/1/1560
f 668/1/465 170/1/465 264/1/465
f 670/1/467 169/1/467 173/1/467
f 670/1/1561 170/1/1561 669/1/1561
f 667/1/469 173/1/469 261/1/469
f 670/1/470 262/1/470 174/1/470
f 671/1/1562 97/1/1562 672/1/1562
f 672/1/377 86/1/377 671/1/377
f 672/1/378 415/1/378 673/1/378
f 672/1/379 416/1/379 98/1/379
f 674/1/560 415/1/560 411/1/560
f 674/1/381 416/1/381 673/1/381
f 671/1/382 411/1/382 85/1/382
f 671/1/383 412/1/383 674/1/383
f 676/1/1563 403/1/1564 405/1/1564
f 676/1/473 675/1/1565 406/1/473
f 677/1/142 401/1/1566 403/1/927
f 676/1/476 404/1/1567 402/1/476
f 677/1/1568 678/1/982 397/1/1569
f 677/1/1033 402/1/1034 398/1/1034
f 675/1/1570 405/1/481 397/1/1571
f 678/1/1572 398/1/483 406/1/1573
f 679/1/1363 117/1/1363 680/1/1363
f 679/1/21 118/1/21 116/1/21
f 681/1/484 117/1/484 213/1/484
f 680/1/485 214/1/485 118/1/485
f 681/1/1574 215/1/1574 682/1/1574
f 682/1/488 214/1/488 681/1/488
f 682/1/489 115/1/489 679/1/489
f 679/1/1575 216/1/1575 682/1/1575
f 683/1/1576 327/1/1576 684/1/1576
f 683/1/492 328/1/492 336/1/492
f 685/1/493 327/1/493 357/1/493
f 685/1/494 328/1/494 684/1/494
f 685/1/1577 355/1/1577 686/1/1577
f 685/1/1578 356/1/1578 358/1/1578
f 683/1/497 355/1/497 335/1/497
f 686/1/498 336/1/498 356/1/498
f 688/1/1579 175/1/1579 249/1/1579
f 687/1/500 250/1/500 176/1/500
f 689/1/501 249/1/501 247/1/501
f 689/1/502 250/1/502 688/1/502
f 690/1/503 247/1/503 171/1/503
f 690/1/504 248/1/504 689/1/504
f 690/1/1580 175/1/1580 687/1/1580
f 690/1/1581 176/1/1581 172/1/1581
f 691/1/507 235/1/507 692/1/507
f 691/1/1582 236/1/1582 248/1/1582
f 693/1/509 235/1/509 179/1/509
f 692/1/510 180/1/510 236/1/510
f 694/1/511 179/1/511 171/1/511
f 694/1/1583 180/1/1583 693/1/1583
f 691/1/513 171/1/513 247/1/513
f 694/1/514 248/1/514 172/1/514
f 696/1/1584 77/1/1584 67/1/1585
f 695/1/359 68/1/359 78/1/359
f 697/1/516 67/1/516 435/1/516
f 696/1/517 436/1/517 68/1/517
f 697/1/518 431/1/518 698/1/518
f 698/1/1586 436/1/1586 697/1/1586
f 695/1/374 431/1/374 77/1/374
f 698/1/375 78/1/375 432/1/375
f 700/1/1587 259/1/1587 245/1/1587
f 700/1/521 260/1/521 699/1/521
f 701/1/1588 245/1/1588 167/1/1588
f 700/1/523 168/1/523 246/1/523
f 702/1/1589 167/1/1589 165/1/1589
f 701/1/525 166/1/525 168/1/525
f 699/1/526 165/1/526 259/1/526
f 699/1/527 166/1/527 702/1/527
f 704/1/528 303/1/528 319/1/528
f 703/1/529 320/1/529 304/1/529
f 705/1/1590 319/1/1590 321/1/1590
f 704/1/1591 322/1/1591 320/1/1591
f 706/1/532 321/1/532 301/1/532
f 705/1/533 302/1/533 322/1/533
f 706/1/1592 303/1/1592 703/1/1592
f 703/1/1593 302/1/1593 706/1/1593
f 708/1/536 145/1/536 149/1/536
f 707/1/537 150/1/537 146/1/537
f 708/1/538 265/1/538 709/1/538
f 708/1/539 266/1/539 150/1/539
f 709/1/1594 267/1/1594 710/1/1594
f 710/1/541 266/1/541 709/1/541
f 707/1/542 267/1/542 145/1/542
f 710/1/543 146/1/543 268/1/543
f 712/1/998 71/1/998 65/1/998
f 711/1/1595 66/1/1595 72/1/1595
f 713/1/546 65/1/546 443/1/546
f 712/1/547 444/1/547 66/1/547
f 713/1/1596 439/1/1597 714/1/1597
f 714/1/1000 444/1/1000 713/1/1000
f 711/1/550 439/1/550 71/1/550
f 714/1/551 72/1/551 440/1/551
f 716/1/552 277/1/552 11/1/552
f 715/1/553 12/1/553 278/1/553
f 716/1/1598 13/1/1598 717/1/1598
f 717/1/555 12/1/555 716/1/555
f 718/1/556 13/1/556 271/1/556
f 717/1/557 272/1/557 14/1/557
f 715/1/1599 271/1/1599 277/1/1599
f 718/1/559 278/1/559 272/1/559
f 720/1/1600 433/1/1600 437/1/1600
f 719/1/377 438/1/377 434/1/377
f 721/1/378 437/1/378 81/1/378
f 720/1/379 82/1/379 438/1/379
f 721/1/380 79/1/380 722/1/380
f 721/1/381 80/1/381 82/1/381
f 719/1/382 79/1/382 433/1/382
f 722/1/383 434/1/383 80/1/383
f 723/1/1601 29/1/1601 724/1/1601
f 723/1/1578 30/1/1578 26/1/1578
f 725/1/101 29/1/101 57/1/101
f 724/1/100 58/1/100 30/1/100
f 725/1/1602 53/1/1602 726/1/1602
f 725/1/1603 54/1/1603 58/1/1603
f 726/1/97 25/1/97 723/1/97
f 723/1/96 54/1/96 726/1/96
f 727/1/563 45/1/563 728/1/563
f 728/1/564 62/1/564 727/1/564
f 729/1/1604 45/1/1604 43/1/1604
f 729/1/977 46/1/977 728/1/977
f 730/1/547 43/1/547 63/1/547
f 729/1/546 64/1/546 44/1/546
f 730/1/929 61/1/929 727/1/929
f 730/1/568 62/1/568 64/1/568
f 732/1/569 283/1/569 7/1/569
f 731/1/570 8/1/570 284/1/570
f 733/1/1605 7/1/1605 3/1/1605
f 732/1/572 4/1/572 8/1/572
f 734/1/573 3/1/573 281/1/573
f 733/1/574 282/1/574 4/1/574
f 734/1/1606 283/1/1606 731/1/1606
f 731/1/576 282/1/576 734/1/576
f 736/1/1584 413/1/1584 417/1/1585
f 735/1/359 418/1/359 414/1/359
f 737/1/516 417/1/516 89/1/516
f 736/1/517 90/1/517 418/1/517
f 737/1/1607 93/1/1607 738/1/1607
f 738/1/519 90/1/519 737/1/519
f 738/1/374 413/1/374 735/1/374
f 738/1/375 414/1/375 94/1/375
f 740/1/579 299/1/579 323/1/579
f 739/1/580 324/1/580 300/1/580
f 740/1/1608 325/1/1608 741/1/1608
f 741/1/582 324/1/582 740/1/582
f 742/1/583 325/1/583 295/1/583
f 741/1/584 296/1/584 326/1/584
f 739/1/1609 295/1/1609 299/1/1609
f 742/1/586 300/1/586 296/1/586
f 744/1/587 181/1/587 189/1/587
f 743/1/1610 190/1/1610 182/1/1610
f 744/1/1611 183/1/1612 745/1/1611
f 745/1/1613 190/1/1614 744/1/1613
f 746/1/1615 183/1/1615 185/1/1615
f 745/1/592 186/1/592 184/1/592
f 743/1/1616 185/1/1616 181/1/1616
f 746/1/1617 182/1/1618 186/1/1617
f 748/1/1619 137/1/1619 207/1/1619
f 747/1/1620 208/1/1620 138/1/1620
f 749/1/126 207/1/126 205/1/126
f 748/1/127 206/1/127 208/1/127
f 749/1/597 135/1/597 750/1/597
f 750/1/1621 206/1/1621 749/1/1621
f 750/1/598 137/1/598 747/1/598
f 747/1/1622 136/1/1622 750/1/1622
f 752/1/600 183/1/600 191/1/600
f 751/1/601 192/1/601 184/1/601
f 753/1/21 191/1/21 187/1/21
f 752/1/1623 188/1/1623 192/1/1623
f 753/1/602 185/1/602 754/1/602
f 754/1/603 188/1/603 753/1/603
f 751/1/604 185/1/604 183/1/604
f 754/1/1624 184/1/1624 186/1/1624
f 755/1/606 185/1/606 756/1/606
f 755/1/1625 186/1/1626 182/1/1625
f 756/1/1627 187/1/1627 757/1/1627
f 756/1/1628 188/1/1628 186/1/1629
f 758/1/1630 187/1/1630 199/1/1630
f 758/1/1631 188/1/1631 757/1/1631
f 759/1/1632 199/1/1632 109/1/1632
f 759/1/615 200/1/615 758/1/615
f 759/1/1633 115/1/1633 760/1/1633
f 760/1/617 110/1/617 759/1/617
f 760/1/1634 215/1/1634 761/1/1634
f 760/1/1635 216/1/1636 116/1/1636
f 762/1/621 215/1/621 287/1/621
f 762/1/1637 216/1/1637 761/1/1637
f 762/1/1638 181/1/1638 755/1/1638
f 762/1/1639 182/1/1639 288/1/1639
f 764/1/1640 287/1/1640 285/1/1640
f 764/1/1641 288/1/1641 763/1/1641
f 765/1/1642 285/1/1642 293/1/1642
f 764/1/631 294/1/631 286/1/631
f 765/1/632 105/1/632 766/1/632
f 766/1/633 294/1/633 765/1/633
f 766/1/634 109/1/634 767/1/634
f 766/1/59 110/1/59 106/1/59
f 767/1/635 199/1/635 768/1/635
f 767/1/1643 200/1/1643 110/1/1643
f 768/1/1644 201/1/1645 769/1/1645
f 768/1/638 202/1/638 200/1/638
f 769/1/639 193/1/639 770/1/639
f 769/1/1646 194/1/1646 202/1/1646
f 771/1/1647 193/1/1647 181/1/1647
f 771/1/1648 194/1/1648 770/1/1648
f 771/1/1649 287/1/1649 763/1/1649
f 771/1/1650 288/1/1650 182/1/1650
f 773/1/645 107/1/645 131/1/645
f 772/1/646 132/1/646 108/1/646
f 773/1/1651 125/1/1651 774/1/1651
f 773/1/648 126/1/648 132/1/648
f 774/1/1652 313/1/1652 775/1/1652
f 774/1/1653 314/1/1653 126/1/1653
f 775/1/1654 311/1/1654 776/1/1654
f 775/1/652 312/1/652 314/1/652
f 777/1/1655 311/1/1655 325/1/1655
f 777/1/1656 312/1/1656 776/1/1656
f 778/1/1657 325/1/1657 323/1/1657
f 778/1/657 326/1/657 777/1/657
f 778/1/1658 291/1/1658 779/1/1658
f 778/1/1659 292/1/1659 324/1/1659
f 780/1/1660 291/1/1660 289/1/1660
f 780/1/662 292/1/662 779/1/662
f 781/1/1661 289/1/1661 189/1/1661
f 781/1/1662 290/1/1662 780/1/1662
f 781/1/1663 197/1/1663 782/1/1663
f 781/1/1664 198/1/1664 190/1/1664
f 783/1/668 197/1/668 203/1/668
f 783/1/1665 198/1/1665 782/1/1665
f 784/1/1666 203/1/1666 195/1/1666
f 784/1/672 204/1/672 783/1/672
f 785/1/1667 195/1/673 111/1/1667
f 785/1/1668 196/1/1668 784/1/1668
f 772/1/676 111/1/676 107/1/676
f 772/1/55 112/1/55 785/1/55
f 786/1/1669 301/1/677 787/1/1669
f 786/1/1670 302/1/1670 304/1/1670
f 788/1/1671 301/1/1671 299/1/1671
f 788/1/1672 302/1/1672 787/1/1672
f 789/1/1673 299/1/1673 285/1/1673
f 789/1/1674 300/1/1674 788/1/1674
f 789/1/1675 229/1/1675 790/1/1675
f 789/1/1676 230/1/1676 286/1/1677
f 790/1/1678 209/1/1678 791/1/1678
f 790/1/686 210/1/686 230/1/686
f 792/1/1679 209/1/1679 141/1/1679
f 792/1/688 210/1/688 791/1/688
f 793/1/1680 141/1/1681 129/1/1681
f 793/1/1682 142/1/1682 792/1/1682
f 793/1/1683 309/1/1683 794/1/1683
f 793/1/692 310/1/692 130/1/692
f 794/1/693 307/1/693 795/1/693
f 794/1/694 308/1/694 310/1/694
f 796/1/1684 307/1/1684 305/1/1684
f 796/1/1685 308/1/1685 795/1/1685
f 786/1/1686 305/1/1686 303/1/1686
f 786/1/1687 306/1/1687 796/1/1687
f 797/1/1688 299/1/1688 798/1/1688
f 798/1/701 286/1/701 797/1/701
f 798/1/1689 295/1/1689 799/1/1689
f 798/1/703 296/1/703 300/1/703
f 799/1/1690 297/1/1690 800/1/1690
f 799/1/705 298/1/1691 296/1/1691
f 801/1/1692 297/1/1692 309/1/1692
f 801/1/707 298/1/1693 800/1/1693
f 802/1/708 309/1/708 129/1/708
f 802/1/1694 310/1/1694 801/1/1694
f 803/1/711 129/1/711 127/1/711
f 803/1/712 130/1/712 802/1/712
f 804/1/713 127/1/713 293/1/713
f 803/1/1695 294/1/1695 128/1/1695
f 804/1/715 285/1/715 797/1/715
f 804/1/1696 286/1/1696 294/1/1696
f 806/1/1697 37/1/1697 371/1/1697
f 805/1/1698 372/1/1698 38/1/1698
f 807/1/1699 371/1/1699 367/1/1699
f 806/1/434 368/1/434 372/1/434
f 807/1/1700 47/1/1700 808/1/1700
f 808/1/1701 368/1/1701 807/1/1701
f 808/1/1702 37/1/1702 805/1/1702
f 808/1/723 38/1/723 48/1/723
f 810/1/724 183/1/724 189/1/724
f 810/1/1703 184/1/1703 809/1/1703
f 811/1/1704 189/1/1704 289/1/1704
f 811/1/1705 190/1/1705 810/1/1705
f 811/1/729 217/1/729 812/1/729
f 811/1/1706 218/1/1706 290/1/1706
f 813/1/1707 217/1/1707 121/1/1707
f 813/1/1708 218/1/1708 812/1/1708
f 814/1/1709 121/1/1709 111/1/1709
f 813/1/1710 112/1/1710 122/1/1710
f 814/1/1711 195/1/1711 815/1/1711
f 814/1/736 196/1/736 112/1/736
f 815/1/1712 191/1/1712 816/1/1712
f 815/1/1713 192/1/1713 196/1/1713
f 809/1/1714 191/1/1714 183/1/1714
f 809/1/1715 192/1/1715 816/1/1715
f 817/1/743 235/1/743 818/1/743
f 817/1/744 236/1/744 234/1/744
f 819/1/1716 235/1/745 247/1/1716
f 819/1/746 236/1/746 818/1/746
f 819/1/747 261/1/747 820/1/747
f 819/1/748 262/1/748 248/1/748
f 820/1/1717 233/1/1717 817/1/1717
f 820/1/750 234/1/750 262/1/750
f 822/1/751 329/1/751 331/1/751
f 822/1/200 330/1/200 821/1/200
f 823/1/752 331/1/752 327/1/752
f 823/1/1718 332/1/1718 822/1/1718
f 824/1/1433 327/1/1433 335/1/1433
f 823/1/754 336/1/754 328/1/754
f 825/1/755 335/1/755 333/1/755
f 825/1/756 336/1/756 824/1/756
f 826/1/1719 333/1/1719 341/1/1719
f 826/1/1720 334/1/1720 825/1/1720
f 827/1/195 341/1/195 337/1/195
f 827/1/1322 342/1/1322 826/1/1322
f 827/1/196 339/1/196 828/1/196
f 827/1/197 340/1/197 338/1/197
f 821/1/1721 339/1/1721 329/1/1721
f 828/1/199 330/1/199 340/1/199
f 830/1/1722 225/1/1723 289/1/1724
f 829/1/1725 290/1/1726 226/1/1727
f 831/1/1728 289/1/1729 287/1/1730
f 830/1/767 288/1/1731 290/1/1732
f 831/1/1733 227/1/1734 832/1/1735
f 832/1/1736 288/1/1737 831/1/1738
f 832/1/776 225/1/778 829/1/1739
f 829/1/779 228/1/1740 832/1/1741
f 834/1/1742 161/1/1742 163/1/1742
f 833/1/783 164/1/783 162/1/783
f 835/1/784 163/1/784 241/1/784
f 835/1/785 164/1/785 834/1/785
f 835/1/1743 255/1/1743 836/1/1743
f 835/1/787 256/1/787 242/1/787
f 833/1/788 255/1/788 161/1/788
f 836/1/789 162/1/789 256/1/789
f 838/1/790 159/1/790 243/1/790
f 838/1/791 160/1/791 837/1/791
f 838/1/792 241/1/792 839/1/792
f 839/1/1744 244/1/1744 838/1/1744
f 840/1/794 241/1/794 163/1/794
f 839/1/795 164/1/795 242/1/795
f 837/1/796 163/1/796 159/1/796
f 840/1/1745 160/1/1745 164/1/1745
f 842/1/798 195/1/798 199/1/798
f 841/1/799 200/1/799 196/1/799
f 842/1/1746 187/1/1746 843/1/1746
f 842/1/802 188/1/802 200/1/802
f 844/1/52 187/1/52 191/1/52
f 843/1/1747 192/1/1747 188/1/1747
f 841/1/1748 191/1/1748 195/1/1748
f 841/1/805 192/1/805 844/1/805
f 845/1/1749 133/1/1749 846/1/1749
f 846/1/1750 224/1/1750 845/1/1750
f 847/1/1751 133/1/1751 139/1/1751
f 846/1/1752 140/1/1752 134/1/1752
f 848/1/1753 139/1/1753 221/1/1753
f 847/1/811 222/1/811 140/1/811
f 845/1/812 221/1/812 223/1/812
f 848/1/813 224/1/813 222/1/813
f 850/1/1754 401/1/814 397/1/814
f 849/1/1448 398/1/213 402/1/213
f 851/1/435 393/1/1755 401/1/435
f 851/1/434 850/1/434 402/1/434
f 852/1/1756 389/1/1757 393/1/1757
f 851/1/1758 394/1/899 390/1/899
f 852/1/820 849/1/820 397/1/820
f 852/1/822 390/1/822 398/1/822
f 853/1/498 43/1/498 854/1/498
f 854/1/497 64/1/497 853/1/497
f 854/1/1759 31/1/1759 855/1/1759
f 855/1/866 44/1/866 854/1/866
f 856/1/494 31/1/494 55/1/494
f 855/1/493 56/1/493 32/1/493
f 853/1/1760 55/1/1760 63/1/1760
f 853/1/824 56/1/824 856/1/824
f 858/1/1761 39/1/1761 363/1/1761
f 857/1/1762 364/1/1762 40/1/1762
f 858/1/1763 359/1/1763 859/1/1763
f 859/1/1764 364/1/1764 858/1/1764
f 859/1/1765 35/1/1765 860/1/1765
f 860/1/1766 360/1/1766 859/1/1766
f 857/1/1767 35/1/1767 39/1/1767
f 857/1/496 36/1/496 860/1/496
f 861/1/832 295/1/832 862/1/832
f 862/1/1768 298/1/1768 861/1/1768
f 863/1/834 295/1/834 325/1/834
f 862/1/835 326/1/835 296/1/835
f 864/1/836 325/1/836 311/1/836
f 863/1/1769 312/1/1769 326/1/1769
f 861/1/838 311/1/838 297/1/838
f 864/1/839 298/1/839 312/1/839
f 866/1/1770 343/1/1770 347/1/1770
f 865/1/841 348/1/841 344/1/841
f 867/1/842 347/1/842 351/1/842
f 867/1/81 348/1/81 866/1/81
f 867/1/843 355/1/843 868/1/843
f 868/1/844 352/1/844 867/1/844
f 868/1/45 357/1/45 869/1/45
f 868/1/46 358/1/46 356/1/46
f 870/1/846 357/1/846 353/1/846
f 870/1/1390 358/1/1390 869/1/1390
f 871/1/847 353/1/847 349/1/847
f 871/1/33 354/1/33 870/1/33
f 871/1/849 345/1/849 872/1/849
f 871/1/1374 346/1/1374 350/1/1374
f 865/1/851 345/1/851 343/1/851
f 872/1/73 344/1/73 346/1/73
f 874/1/1771 391/1/901 387/1/901
f 873/1/1772 388/1/854 392/1/854
f 875/1/822 383/1/822 391/1/822
f 874/1/820 392/1/820 384/1/820
f 876/1/1773 379/1/860 383/1/860
f 875/1/1774 384/1/862 380/1/862
f 873/1/1546 387/1/1546 379/1/1775
f 873/1/435 876/1/1699 380/1/435
f 878/1/865 343/1/865 345/1/865
f 877/1/866 346/1/866 344/1/866
f 879/1/96 345/1/96 339/1/96
f 878/1/97 340/1/97 346/1/97
f 879/1/1011 337/1/1011 880/1/1011
f 879/1/868 338/1/868 340/1/868
f 877/1/100 337/1/100 343/1/100
f 880/1/101 344/1/101 338/1/101
f 882/1/869 255/1/869 257/1/869
f 881/1/1776 258/1/1776 256/1/1776
f 883/1/871 257/1/871 157/1/871
f 882/1/872 158/1/872 258/1/872
f 883/1/873 161/1/873 884/1/873
f 884/1/1777 158/1/1777 883/1/1777
f 881/1/875 161/1/875 255/1/875
f 881/1/876 162/1/876 884/1/876
f 886/1/877 3/1/877 7/1/877
f 886/1/878 4/1/878 885/1/878
f 887/1/1778 7/1/1778 5/1/1778
f 886/1/1779 6/1/1779 8/1/1779
f 887/1/1780 1/1/880 888/1/880
f 887/1/1781 2/1/1781 6/1/1781
f 889/1/883 1/1/883 9/1/883
f 888/1/884 10/1/884 2/1/884
f 890/1/885 9/1/885 15/1/885
f 890/1/1782 10/1/1782 889/1/1782
f 891/1/1783 15/1/1783 13/1/1783
f 891/1/321 16/1/321 890/1/321
f 891/1/889 11/1/889 892/1/889
f 891/1/890 12/1/890 14/1/890
f 885/1/891 11/1/891 3/1/891
f 892/1/892 4/1/892 12/1/892
f 894/1/1784 385/1/893 381/1/893
f 893/1/896 382/1/895 386/1/896
f 895/1/1763 377/1/217 385/1/1763
f 895/1/216 894/1/1785 386/1/898
f 896/1/819 375/1/819 377/1/818
f 895/1/852 378/1/853 376/1/852
f 893/1/1447 381/1/1447 375/1/1447
f 896/1/1786 376/1/207 382/1/1786
f 898/1/1787 113/1/1787 119/1/1787
f 897/1/21 120/1/21 114/1/21
f 899/1/1788 119/1/1788 225/1/1788
f 898/1/1789 226/1/1790 120/1/1789
f 900/1/1791 225/1/1791 227/1/1791
f 899/1/1792 228/1/1792 226/1/1792
f 900/1/1793 113/1/1793 897/1/1794
f 897/1/1795 228/1/1795 900/1/1795
f 901/1/1796 902/1/1797 383/1/1798
f 901/1/1799 380/1/1800 384/1/1800
f 902/1/483 903/1/1572 375/1/483
f 903/1/1571 902/1/1570 384/1/481
f 904/1/1801 377/1/1802 375/1/1802
f 903/1/1803 376/1/1027 378/1/1027
f 904/1/476 901/1/476 379/1/476
f 901/1/142 904/1/142 378/1/142
f 906/1/1804 333/1/1804 335/1/1804
f 905/1/929 336/1/929 334/1/929
f 907/1/546 335/1/546 355/1/546
f 906/1/547 356/1/547 336/1/547
f 907/1/1805 351/1/1805 908/1/1805
f 907/1/119 352/1/119 356/1/119
f 905/1/564 351/1/564 333/1/564
f 908/1/563 334/1/563 352/1/563
f 909/1/1177 425/1/1177 910/1/1177
f 910/1/932 424/1/932 909/1/932
f 911/1/933 425/1/933 101/1/933
f 910/1/934 102/1/934 426/1/934
f 912/1/1806 101/1/1806 99/1/1806
f 911/1/1807 100/1/1807 102/1/1807
f 912/1/497 423/1/497 909/1/497
f 912/1/498 424/1/498 100/1/498
f 914/1/937 249/1/937 175/1/937
f 913/1/938 176/1/938 250/1/938
f 915/1/939 175/1/939 169/1/939
f 914/1/1808 170/1/1808 176/1/1808
f 916/1/941 169/1/941 263/1/941
f 915/1/942 264/1/942 170/1/942
f 916/1/943 249/1/943 913/1/943
f 916/1/1809 250/1/1809 264/1/1809
f 918/1/1810 33/1/1810 373/1/1810
f 917/1/1811 374/1/1811 34/1/1811
f 919/1/142 373/1/142 371/1/142
f 919/1/476 374/1/476 918/1/476
f 919/1/1812 37/1/1812 920/1/1812
f 920/1/1813 372/1/1813 919/1/1813
f 917/1/1814 37/1/1814 33/1/1814
f 920/1/951 34/1/951 38/1/951
f 921/1/1815 17/1/1815 922/1/1815
f 922/1/1816 370/1/1816 921/1/1816
f 922/1/565 21/1/565 923/1/565
f 923/1/956 18/1/956 922/1/956
f 924/1/1817 21/1/1817 365/1/1817
f 923/1/1818 366/1/1818 22/1/1818
f 921/1/88 365/1/88 369/1/88
f 924/1/995 370/1/995 366/1/995
f 926/1/960 155/1/960 239/1/960
f 925/1/961 240/1/961 156/1/961
f 927/1/962 239/1/962 237/1/962
f 926/1/963 238/1/963 240/1/963
f 928/1/964 237/1/964 153/1/964
f 927/1/965 154/1/965 238/1/965
f 925/1/966 153/1/966 155/1/966
f 925/1/1819 154/1/1819 928/1/1819
f 929/1/968 425/1/968 930/1/968
f 930/1/969 102/1/969 929/1/969
f 931/1/970 425/1/970 421/1/970
f 930/1/1820 422/1/1820 426/1/1820
f 932/1/972 421/1/972 95/1/972
f 931/1/973 96/1/973 422/1/973
f 932/1/1821 101/1/1821 929/1/1821
f 929/1/1822 96/1/1822 932/1/1822
f 933/1/1604 85/1/1604 934/1/1604
f 933/1/566 86/1/566 92/1/566
f 934/1/125 411/1/125 935/1/125
f 934/1/124 412/1/124 86/1/124
f 936/1/997 411/1/997 409/1/997
f 935/1/1823 410/1/1823 412/1/1823
f 933/1/121 409/1/121 91/1/121
f 933/1/120 410/1/120 936/1/120
f 937/1/1824 938/1/1825 399/1/1824
f 937/1/1569 396/1/1568 400/1/1569
f 938/1/1826 939/1/1827 391/1/983
f 938/1/1828 400/1/986 392/1/986
f 940/1/1829 387/1/1830 391/1/1830
f 939/1/990 392/1/989 388/1/990
f 937/1/1831 395/1/1832 387/1/1833
f 940/1/995 388/1/995 396/1/995
f 942/1/1834 345/1/1834 349/1/1834
f 942/1/566 346/1/566 941/1/566
f 943/1/125 349/1/125 329/1/125
f 942/1/124 330/1/124 350/1/124
f 944/1/1073 329/1/1073 339/1/1073
f 943/1/979 340/1/979 330/1/979
f 941/1/1835 339/1/1835 345/1/1835
f 944/1/120 346/1/120 340/1/120
f 946/1/544 419/1/544 423/1/544
f 945/1/1595 424/1/1595 420/1/1595
f 947/1/546 423/1/546 99/1/546
f 947/1/547 424/1/547 946/1/547
f 947/1/1836 103/1/1836 948/1/1836
f 948/1/549 100/1/549 947/1/549
f 948/1/550 419/1/550 945/1/550
f 948/1/551 420/1/551 104/1/551
f 949/1/1837 151/1/1837 950/1/1837
f 950/1/1002 148/1/1002 949/1/1002
f 951/1/1003 151/1/1003 253/1/1003
f 950/1/1004 254/1/1004 152/1/1004
f 952/1/1838 253/1/1838 251/1/1838
f 951/1/1006 252/1/1006 254/1/1006
f 949/1/1007 251/1/1007 147/1/1007
f 952/1/1008 148/1/1008 252/1/1008
f 954/1/408 427/1/408 429/1/408
f 953/1/95 430/1/95 428/1/95
f 955/1/96 429/1/96 83/1/96
f 954/1/97 84/1/97 430/1/97
f 956/1/1011 83/1/1011 75/1/1011
f 955/1/1839 76/1/1839 84/1/1839
f 953/1/100 75/1/100 427/1/100
f 956/1/101 428/1/101 76/1/101
f 958/1/1840 97/1/1840 95/1/1840
f 957/1/1841 96/1/1841 98/1/1841
f 958/1/1014 421/1/1014 959/1/1014
f 958/1/1015 422/1/1015 96/1/1015
f 959/1/1016 415/1/1016 960/1/1016
f 960/1/1842 422/1/1843 959/1/1843
f 957/1/452 415/1/452 97/1/452
f 957/1/453 416/1/453 960/1/453
f 962/1/1018 419/1/1018 103/1/1018
f 962/1/1019 420/1/1019 961/1/1019
f 963/1/1844 103/1/1844 89/1/1844
f 962/1/1845 90/1/1845 104/1/1845
f 963/1/1022 417/1/1022 964/1/1022
f 963/1/1023 418/1/1023 90/1/1023
f 964/1/1024 419/1/1024 961/1/1024
f 961/1/1846 418/1/1846 964/1/1846
f 965/1/363 413/1/363 966/1/363
f 965/1/364 414/1/364 408/1/364
f 967/1/365 413/1/365 93/1/365
f 967/1/366 414/1/366 966/1/366
f 967/1/1814 87/1/1814 968/1/1814
f 967/1/951 88/1/951 94/1/951
f 968/1/369 407/1/369 965/1/369
f 968/1/370 408/1/370 88/1/370
f 970/1/923 393/1/923 389/1/922
f 969/1/471 390/1/472 394/1/471
f 970/1/994 971/1/1847 385/1/994
f 970/1/88 394/1/88 386/1/88
f 972/1/1033 381/1/1032 385/1/1034
f 971/1/1848 386/1/916 382/1/916
f 972/1/986 969/1/1828 389/1/1849
f 972/1/1850 382/1/1037 390/1/1850
f 973/1/1038 259/1/1038 974/1/1038
f 974/1/1851 258/1/1851 973/1/1851
f 975/1/1040 259/1/1040 165/1/1040
f 974/1/1041 166/1/1041 260/1/1041
f 976/1/1042 165/1/1042 157/1/1042
f 975/1/1852 158/1/1852 166/1/1852
f 976/1/1044 257/1/1044 973/1/1044
f 976/1/1045 258/1/1045 158/1/1045
f 977/1/1853 143/1/1853 978/1/1853
f 978/1/1047 140/1/1047 977/1/1047
f 978/1/1048 211/1/1048 979/1/1048
f 978/1/1049 212/1/1049 144/1/1049
f 980/1/1854 211/1/1854 221/1/1855
f 980/1/1856 212/1/1856 979/1/1856
f 980/1/1052 139/1/1052 977/1/1052
f 980/1/1857 140/1/1858 222/1/1858
f 982/1/1859 213/1/1859 117/1/1859
f 982/1/1056 214/1/1056 981/1/1056
f 983/1/1057 117/1/1057 113/1/1057
f 982/1/1058 114/1/1058 118/1/1058
f 984/1/1860 113/1/1860 227/1/1860
f 984/1/1861 114/1/1861 983/1/1861
f 984/1/1862 213/1/1862 981/1/1862
f 984/1/1863 214/1/1863 228/1/1863
f 985/1/1864 163/1/1864 986/1/1864
f 985/1/1065 164/1/1865 160/1/1065
f 986/1/1866 161/1/1866 987/1/1866
f 986/1/1357 162/1/1357 164/1/1357
f 988/1/1867 161/1/1867 157/1/1867
f 988/1/1069 162/1/1069 987/1/1069
f 985/1/330 157/1/330 159/1/330
f 988/1/329 160/1/329 158/1/329
f 989/1/1868 433/1/1868 990/1/1868
f 990/1/1869 430/1/1869 989/1/1869
f 991/1/125 433/1/125 79/1/125
f 990/1/124 80/1/124 434/1/124
f 992/1/997 79/1/997 83/1/997
f 992/1/122 80/1/122 991/1/122
f 989/1/121 83/1/121 429/1/121
f 992/1/120 430/1/120 84/1/120
f 994/1/1074 437/1/1074 441/1/1074
f 993/1/450 442/1/450 438/1/450
f 995/1/1014 441/1/1014 69/1/1014
f 994/1/1015 70/1/1015 442/1/1015
f 995/1/1016 81/1/1016 996/1/1016
f 996/1/1870 70/1/1870 995/1/1870
f 993/1/452 81/1/452 437/1/452
f 996/1/453 438/1/453 82/1/453
f 998/1/1026 75/1/1026 77/1/1026
f 998/1/364 76/1/364 997/1/364
f 999/1/365 77/1/365 431/1/365
f 998/1/366 432/1/366 78/1/366
f 999/1/367 427/1/367 1000/1/367
f 1000/1/368 432/1/368 999/1/368
f 997/1/369 427/1/369 75/1/369
f 1000/1/370 76/1/370 428/1/370
f 1002/1/1077 5/1/1077 279/1/1077
f 1001/1/1078 280/1/1078 6/1/1078
f 1003/1/1079 279/1/1079 275/1/1079
f 1002/1/1080 276/1/1080 280/1/1080
f 1004/1/1081 275/1/1081 1/1/1081
f 1003/1/1082 2/1/1082 276/1/1082
f 1004/1/1871 5/1/1871 1001/1/1871
f 1001/1/1084 2/1/1084 1004/1/1084
f 1005/1/1086 153/1/1086 1006/1/1086
f 1006/1/1087 150/1/1087 1005/1/1087
f 1007/1/1088 153/1/1088 237/1/1088
f 1006/1/1089 238/1/1089 154/1/1089
f 1008/1/1872 237/1/1872 265/1/1872
f 1007/1/1092 266/1/1092 238/1/1092
f 1008/1/1093 149/1/1093 1005/1/1093
f 1008/1/1094 150/1/1094 266/1/1094
f 1010/1/1095 71/1/1095 439/1/1095
f 1009/1/1019 440/1/1019 72/1/1019
f 1011/1/1096 439/1/1096 435/1/1096
f 1010/1/1845 436/1/1845 440/1/1845
f 1012/1/1022 435/1/1022 67/1/1022
f 1011/1/1023 68/1/1023 436/1/1023
f 1012/1/1024 71/1/1024 1009/1/1024
f 1009/1/1846 68/1/1846 1012/1/1846
f 1014/1/1097 237/1/1097 239/1/1097
f 1014/1/1098 238/1/1098 1013/1/1098
f 1014/1/1873 251/1/1873 1015/1/1873
f 1014/1/1874 252/1/1874 240/1/1874
f 1016/1/1101 251/1/1101 253/1/1875
f 1016/1/1876 252/1/1876 1015/1/1876
f 1017/1/1103 253/1/1103 267/1/1103
f 1016/1/1877 268/1/1877 254/1/1877
f 1017/1/1878 265/1/1878 1018/1/1878
f 1017/1/1879 266/1/1879 268/1/1879
f 1013/1/1107 265/1/1880 237/1/1880
f 1013/1/1881 266/1/1881 1018/1/1881
f 1020/1/1109 285/1/1109 291/1/1109
f 1020/1/1110 286/1/1110 1019/1/1110
f 1020/1/1882 231/1/1882 1021/1/1882
f 1021/1/1883 292/1/1883 1020/1/1883
f 1022/1/1114 231/1/1114 229/1/1114
f 1021/1/1115 230/1/1115 232/1/1115
f 1019/1/1884 229/1/1884 285/1/1885
f 1022/1/1886 286/1/1886 230/1/1886
f 1024/1/1118 125/1/1887 131/1/1118
f 1023/1/1888 132/1/1122 126/1/1889
f 1025/1/1386 131/1/1386 127/1/1386
f 1024/1/1890 128/1/1890 132/1/1890
f 1025/1/1124 129/1/1891 1026/1/1892
f 1026/1/1126 128/1/1128 1025/1/1128
f 1026/1/1893 125/1/1894 1023/1/1895
f 1023/1/1896 130/1/1134 1026/1/1897
f 1028/1/1135 169/1/1135 175/1/1135
f 1027/1/1898 176/1/1898 170/1/1898
f 1029/1/1899 175/1/1899 171/1/1899
f 1029/1/1138 176/1/1138 1028/1/1138
f 1030/1/1900 171/1/1900 173/1/1900
f 1029/1/1901 174/1/1901 172/1/1901
f 1030/1/1902 169/1/1902 1027/1/1902
f 1030/1/1903 170/1/1903 174/1/1903
f 1031/1/1904 179/1/1904 1032/1/1904
f 1031/1/1144 180/1/1144 172/1/1144
f 1033/1/1145 179/1/1145 177/1/1145
f 1032/1/1146 178/1/1146 180/1/1146
f 1034/1/1905 177/1/1905 173/1/1905
f 1034/1/1906 178/1/1906 1033/1/1907
f 1031/1/1908 173/1/1908 171/1/1908
f 1034/1/1150 172/1/1150 174/1/1150
f 1036/1/1909 313/1/1909 309/1/1909
f 1036/1/1910 314/1/1910 1035/1/1910
f 1036/1/1154 297/1/1154 1037/1/1154
f 1036/1/1911 298/1/1911 310/1/1911
f 1038/1/1156 297/1/1156 311/1/1156
f 1037/1/1157 312/1/1157 298/1/1157
f 1035/1/1912 311/1/1158 313/1/1912
f 1035/1/1913 312/1/1913 1038/1/1913
f 1040/1/1160 9/1/1160 1/1/1160
f 1039/1/1161 2/1/1161 10/1/1161
f 1041/1/1162 1/1/1162 275/1/1162
f 1040/1/1914 276/1/1914 2/1/1914
f 1042/1/1164 275/1/1164 273/1/1164
f 1042/1/1165 276/1/1165 1041/1/1165
f 1039/1/1166 273/1/1166 9/1/1166
f 1042/1/1167 10/1/1167 274/1/1167
f 1044/1/1915 317/1/1915 305/1/1915
f 1043/1/1169 306/1/1169 318/1/1169
f 1045/1/1170 305/1/1170 307/1/1170
f 1044/1/1916 308/1/1916 306/1/1916
f 1046/1/1173 307/1/1173 315/1/1173
f 1045/1/1917 316/1/1917 308/1/1917
f 1046/1/1175 317/1/1175 1043/1/1175
f 1043/1/1918 316/1/1918 1046/1/1918
f 1047/1/931 73/1/931 1048/1/931
f 1048/1/932 66/1/932 1047/1/932
f 1049/1/933 73/1/933 445/1/933
f 1048/1/934 446/1/934 74/1/934
f 1050/1/1919 445/1/1919 443/1/1919
f 1049/1/1180 444/1/1180 446/1/1180
f 1047/1/497 443/1/497 65/1/497
f 1050/1/498 66/1/498 444/1/498
f 1052/1/1920 7/1/1920 283/1/1920
f 1051/1/1182 284/1/1182 8/1/1182
f 1053/1/1921 283/1/1921 279/1/1921
f 1052/1/1184 280/1/1184 284/1/1184
f 1054/1/1922 279/1/1922 5/1/1922
f 1053/1/1186 6/1/1186 280/1/1186
f 1054/1/1923 7/1/1923 1051/1/1923
f 1054/1/1924 8/1/1924 6/1/1924
f 1056/1/1189 277/1/1189 281/1/1189
f 1055/1/1925 282/1/1925 278/1/1925
f 1057/1/1191 281/1/1191 3/1/1191
f 1056/1/1926 4/1/1926 282/1/1926
f 1058/1/1193 3/1/1193 11/1/1193
f 1057/1/1927 12/1/1927 4/1/1927
f 1055/1/1195 11/1/1195 277/1/1195
f 1058/1/1196 278/1/1196 12/1/1196
f 1059/1/1928 315/1/1929 1060/1/1928
f 1059/1/1199 316/1/1199 314/1/1199
f 1061/1/1930 315/1/1930 307/1/1930
f 1060/1/1201 308/1/1201 316/1/1201
f 1062/1/1931 307/1/1931 309/1/1932
f 1062/1/1204 308/1/1204 1061/1/1204
f 1059/1/1933 309/1/1933 313/1/1933
f 1059/1/1934 310/1/1934 1062/1/1934
f 1064/1/1207 445/1/1207 73/1/1207
f 1063/1/969 74/1/969 446/1/969
f 1065/1/970 73/1/970 69/1/970
f 1064/1/1820 70/1/1820 74/1/1820
f 1066/1/972 69/1/972 441/1/972
f 1065/1/973 442/1/973 70/1/973
f 1066/1/1208 445/1/1208 1063/1/1208
f 1063/1/1822 442/1/1822 1066/1/1822
f 1067/1/1935 227/1/1936 1068/1/1937
f 1067/1/1938 228/1/1939 216/1/1940
f 1069/1/1941 227/1/1942 287/1/1943
f 1069/1/1944 228/1/1945 1068/1/1946
f 1069/1/1947 215/1/1948 1067/1/1949
f 1069/1/1224 216/1/1950 288/1/1951
f 1070/1/1952 215/1/1229 1071/1/1953
f 1070/1/1954 216/1/1955 228/1/1956
f 1071/1/1233 213/1/1957 1072/1/1958
f 1071/1/1236 214/1/1238 216/1/1959
f 1070/1/1960 213/1/1241 227/1/1961
f 1070/1/1962 214/1/1963 1072/1/1964
f 1074/1/1965 225/1/1966 217/1/1967
f 1074/1/1968 226/1/1969 1073/1/1970
f 1075/1/1251 217/1/1971 289/1/1972
f 1075/1/1254 218/1/1973 1074/1/1974
f 1075/1/1975 225/1/1976 1073/1/1977
f 1075/1/1978 226/1/1979 290/1/1980
f 1077/1/1981 217/1/1982 225/1/1983
f 1077/1/1984 218/1/1985 1076/1/1986
f 1077/1/1987 219/1/1988 1078/1/1989
f 1077/1/1990 220/1/1991 226/1/1992
f 1076/1/1275 219/1/1993 217/1/1994
f 1076/1/1278 220/1/1280 1078/1/1995
f 1079/1/1281 135/1/1281 1080/1/1281
f 1079/1/1283 136/1/1283 126/1/1283
f 1080/1/1996 205/1/1996 1081/1/1996
f 1080/1/1997 206/1/1997 136/1/1997
f 1082/1/1998 205/1/1998 231/1/1998
f 1082/1/1287 206/1/1287 1081/1/1287
f 1083/1/1999 231/1/1999 291/1/1999
f 1083/1/2000 232/1/2000 1082/1/2000
f 1083/1/2001 323/1/1290 1084/1/1290
f 1083/1/2002 324/1/2002 292/1/2002
f 1084/1/1292 321/1/1292 1085/1/1292
f 1084/1/1293 322/1/1293 324/1/1293
f 1086/1/1294 321/1/1294 319/1/1294
f 1086/1/1295 322/1/1295 1085/1/1295
f 1086/1/2003 317/1/2003 1087/1/2003
f 1086/1/2004 318/1/2004 320/1/2004
f 1087/1/2005 315/1/1298 1088/1/1298
f 1087/1/2006 316/1/2006 318/1/2006
f 1089/1/1300 315/1/1300 313/1/1300
f 1089/1/1301 316/1/1301 1088/1/1301
f 1079/1/1303 313/1/1303 125/1/1303
f 1079/1/1304 314/1/1304 1089/1/1304
f 1091/1/1305 167/1/1305 245/1/1305
f 1091/1/1306 168/1/1306 1090/1/1306
f 1092/1/1307 245/1/1307 243/1/1307
f 1091/1/2007 244/1/2007 246/1/2007
f 1092/1/1310 159/1/1310 1093/1/1310
f 1092/1/1311 160/1/1311 244/1/1311
f 1093/1/1312 167/1/1312 1090/1/1312
f 1090/1/2008 160/1/2008 1093/1/2008
f 1095/1/183 421/1/183 425/1/183
f 1095/1/184 422/1/184 1094/1/184
f 1095/1/186 423/1/186 1096/1/186
f 1095/1/2009 424/1/2009 426/1/2009
f 1097/1/2010 423/1/2010 419/1/2010
f 1097/1/2011 424/1/2012 1096/1/2011
f 1097/1/191 417/1/191 1098/1/191
f 1097/1/192 418/1/192 420/1/192
f 1099/1/2013 417/1/2013 413/1/2013
f 1099/1/194 418/1/194 1098/1/194
f 1100/1/1429 413/1/1429 407/1/1429
f 1099/1/151 408/1/151 414/1/151
f 1100/1/196 409/1/196 1101/1/196
f 1100/1/197 410/1/197 408/1/197
f 1101/1/198 411/1/198 1102/1/198
f 1102/1/199 410/1/199 1101/1/199
f 1103/1/146 411/1/146 415/1/146
f 1102/1/200 416/1/200 412/1/200
f 1103/1/1442 421/1/1442 1094/1/1442
f 1103/1/202 422/1/202 416/1/202
f 1104/1/1326 319/1/1326 1105/1/1326
f 1105/1/2014 318/1/2014 1104/1/2014
f 1106/1/1328 319/1/1328 303/1/1328
f 1105/1/1329 304/1/1329 320/1/1329
f 1107/1/1330 303/1/1330 305/1/1330
f 1106/1/2015 306/1/2015 304/1/2015
f 1104/1/2016 305/1/2016 317/1/2016
f 1107/1/2017 318/1/2017 306/1/2017
f 1109/1/849 433/1/849 429/1/849
f 1109/1/1374 434/1/1374 1108/1/1374
f 1109/1/1453 427/1/1453 1110/1/1453
f 1109/1/1454 428/1/1454 430/1/1454
f 1110/1/38 431/1/38 1111/1/38
f 1110/1/841 432/1/841 428/1/841
f 1111/1/1335 435/1/1335 1112/1/1335
f 1111/1/221 436/1/221 432/1/221
f 1113/1/222 435/1/222 439/1/222
f 1113/1/1336 436/1/1336 1112/1/1336
f 1113/1/2018 443/1/2018 1114/1/2018
f 1113/1/1338 444/1/1338 440/1/1338
f 1115/1/2019 443/1/2019 445/1/2019
f 1115/1/227 444/1/2020 1114/1/227
f 1115/1/1342 441/1/1342 1116/1/1342
f 1115/1/1343 442/1/1343 446/1/1343
f 1117/1/1459 441/1/1459 437/1/1459
f 1117/1/231 442/1/231 1116/1/231
f 1108/1/232 437/1/232 433/1/232
f 1108/1/33 438/1/33 1117/1/33
f 1119/1/2021 133/1/2021 223/1/2021
f 1119/1/2022 134/1/2023 1118/1/2022
f 1119/1/2024 207/1/2024 1120/1/2024
f 1119/1/2025 208/1/2025 224/1/2025
f 1121/1/1350 207/1/1350 137/1/1350
f 1121/1/1351 208/1/1351 1120/1/1351
f 1118/1/1352 137/1/1352 133/1/1352
f 1121/1/1353 134/1/1353 138/1/1353
