# Blender 5.2.0 LTS
# www.blender.org
mtllib glass bolt handle.mtl
o bolt_handle
v 0.028925 0.006004 -0.080623
v 0.030723 0.008404 -0.080707
v 0.036468 -0.002219 -0.074963
v 0.038863 -0.000462 -0.074542
v 0.036062 -0.001215 -0.080113
v 0.038416 0.000644 -0.080159
v 0.041121 -0.010119 -0.079561
v 0.043900 -0.008989 -0.079561
v 0.036676 -0.002731 -0.085115
v 0.039081 -0.000998 -0.085575
v 0.030105 0.003087 -0.090241
v 0.031997 0.005255 -0.091089
v 0.020166 0.011129 -0.081060
v 0.021293 0.013907 -0.081177
v 0.021832 0.007012 -0.094638
v 0.023089 0.009468 -0.095816
v 0.010379 0.013817 -0.081396
v 0.010762 0.016789 -0.081538
v 0.038145 -0.006364 -0.088629
v 0.040656 -0.004894 -0.089359
v 0.032931 -0.003897 -0.096997
v 0.035047 -0.002283 -0.098382
v 0.012417 0.008779 -0.098009
v 0.012958 0.011361 -0.099438
v 0.002502 0.008271 -0.100127
v 0.002294 0.010809 -0.101713
v 0.025820 -0.002847 -0.104175
v 0.027388 -0.001161 -0.106098
v 0.040077 -0.011138 -0.089713
v 0.042764 -0.010100 -0.090553
v 0.036645 -0.013076 -0.099081
v 0.039056 -0.012191 -0.100631
v 0.041952 -0.015775 -0.088077
v 0.044779 -0.015087 -0.088806
v 0.043270 -0.019032 -0.084158
v 0.046221 -0.018648 -0.084538
v 0.043677 -0.020037 -0.079008
v 0.046661 -0.019736 -0.078962
v 0.040252 -0.021992 -0.095934
v 0.042950 -0.021816 -0.097234
v 0.031063 -0.015806 -0.107117
v 0.033041 -0.015132 -0.109270
v 0.042786 -0.028254 -0.088401
v 0.045685 -0.028575 -0.089103
v 0.043567 -0.030186 -0.078499
v 0.046528 -0.030660 -0.078415
v 0.036155 -0.028392 -0.102676
v 0.038531 -0.028701 -0.104482
v 0.023713 -0.019141 -0.113280
v 0.025129 -0.018721 -0.115891
v 0.039732 -0.037234 -0.092040
v 0.042387 -0.038234 -0.093015
v 0.040836 -0.039961 -0.078061
v 0.043577 -0.041174 -0.077944
v 0.034321 -0.045361 -0.094831
v 0.036558 -0.046972 -0.096014
v 0.029944 -0.034542 -0.107845
v 0.031843 -0.035315 -0.110035
v 0.022041 -0.040025 -0.111092
v 0.023340 -0.041210 -0.113523
v 0.017298 -0.003285 -0.109679
v 0.018217 -0.001637 -0.112011
v 0.015095 -0.022855 -0.117151
v 0.015858 -0.022716 -0.120049
v 0.007943 -0.005178 -0.113138
v 0.008155 -0.003677 -0.115727
v -0.001611 -0.008398 -0.114317
v -0.002120 -0.007140 -0.116993
v 0.005792 -0.026697 -0.118471
v 0.005853 -0.026848 -0.121467
v -0.010717 -0.012727 -0.113138
v -0.011913 -0.011795 -0.115727
v 0.012982 -0.044469 -0.112200
v 0.013597 -0.045988 -0.114713
v -0.003565 -0.030405 -0.117151
v -0.004210 -0.030836 -0.120049
v 0.003381 -0.047574 -0.111092
v 0.003272 -0.049329 -0.113523
v 0.008261 -0.059635 -0.096585
v 0.008528 -0.062319 -0.097897
v -0.018757 -0.017872 -0.109679
v -0.020563 -0.017327 -0.112012
v -0.001734 -0.059948 -0.094831
v -0.002222 -0.062662 -0.096014
v -0.006111 -0.049129 -0.107845
v -0.006938 -0.051005 -0.110035
v -0.000384 -0.063285 -0.077726
v -0.000767 -0.066257 -0.077584
v -0.012342 -0.033728 -0.113280
v -0.013651 -0.034411 -0.115891
v -0.014851 -0.049028 -0.102676
v -0.016343 -0.050902 -0.104482
v -0.011274 -0.057870 -0.092040
v -0.012487 -0.060435 -0.093015
v -0.025186 -0.023483 -0.104175
v -0.027486 -0.023362 -0.106098
v -0.029175 -0.013624 -0.094638
v -0.031786 -0.012733 -0.095816
v -0.019943 -0.036442 -0.107117
v -0.021833 -0.037333 -0.109270
v -0.032392 -0.022198 -0.090241
v -0.035259 -0.021955 -0.091089
v -0.033572 -0.019281 -0.080623
v -0.036533 -0.018807 -0.080707
v -0.029567 -0.029182 -0.096997
v -0.032210 -0.029494 -0.098382
v -0.025853 -0.038361 -0.099081
v -0.028201 -0.039402 -0.100631
v -0.022246 -0.047277 -0.095934
v -0.024308 -0.049026 -0.097234
v -0.031599 -0.034580 -0.088629
v -0.034411 -0.035307 -0.089379
v -0.029667 -0.039354 -0.089713
v -0.032302 -0.040518 -0.090551
v -0.033068 -0.030948 -0.085115
v -0.035992 -0.031397 -0.085612
v -0.031126 -0.039349 -0.079561
v -0.033909 -0.040470 -0.079561
v -0.027791 -0.043991 -0.088077
v -0.030288 -0.045497 -0.088782
v -0.033682 -0.029431 -0.080113
v -0.036666 -0.029732 -0.080159
v -0.032790 -0.021213 -0.070721
v -0.035689 -0.020892 -0.070019
v -0.033275 -0.030436 -0.074963
v -0.036226 -0.030820 -0.074582
v -0.030257 -0.027476 -0.063187
v -0.032955 -0.027652 -0.061887
v -0.031957 -0.033693 -0.071045
v -0.034813 -0.034312 -0.070365
v -0.026650 -0.036392 -0.060041
v -0.029061 -0.037277 -0.058491
v -0.030082 -0.038330 -0.069409
v -0.032769 -0.039368 -0.068569
v -0.022936 -0.045571 -0.062125
v -0.025052 -0.047185 -0.060740
v -0.015825 -0.046621 -0.054946
v -0.017393 -0.048307 -0.053023
v -0.028150 -0.043104 -0.070493
v -0.030691 -0.044500 -0.069722
v -0.011837 -0.056480 -0.064484
v -0.013094 -0.058936 -0.063306
v -0.002422 -0.058247 -0.061113
v -0.002963 -0.060829 -0.059684
v -0.020110 -0.052555 -0.068881
v -0.022002 -0.054723 -0.068033
v -0.010171 -0.060597 -0.078061
v -0.011298 -0.063375 -0.077944
v -0.026681 -0.046736 -0.074006
v -0.029086 -0.048469 -0.073546
v -0.018930 -0.055472 -0.078499
v -0.020728 -0.057872 -0.078415
v -0.026067 -0.048253 -0.079008
v -0.028421 -0.050112 -0.078962
v -0.026473 -0.047249 -0.084158
v -0.028853 -0.049043 -0.084499
v -0.019712 -0.053540 -0.088401
v -0.021572 -0.055786 -0.089103
v 0.001734 0.010167 -0.062537
v 0.001467 0.012851 -0.061225
v 0.006614 -0.001894 -0.048029
v 0.006723 -0.000139 -0.045598
v 0.011729 0.010480 -0.064290
v 0.012217 0.013194 -0.063107
v 0.016106 -0.000339 -0.051277
v 0.016933 0.001537 -0.049087
v 0.024846 -0.000440 -0.056446
v 0.026338 0.001434 -0.054640
v 0.013560 -0.019063 -0.041970
v 0.014205 -0.018632 -0.039072
v 0.022337 -0.015740 -0.045842
v 0.023646 -0.015057 -0.043231
v 0.004203 -0.022771 -0.040650
v 0.004142 -0.022620 -0.037654
v 0.028752 -0.031596 -0.049442
v 0.030558 -0.032141 -0.047109
v -0.002987 -0.004999 -0.046922
v -0.003602 -0.003480 -0.044409
v 0.020712 -0.036740 -0.045984
v 0.021908 -0.037672 -0.043395
v -0.008038 0.007485 -0.061939
v -0.009042 0.009965 -0.060582
v 0.033633 -0.043660 -0.061113
v 0.035817 -0.045139 -0.059684
v -0.016925 0.002617 -0.062537
v -0.018600 0.004732 -0.061225
v 0.000229 0.013887 -0.081606
v -0.000154 0.016858 -0.081764
v -0.012046 -0.009443 -0.048029
v -0.013345 -0.008258 -0.045598
v -0.009596 0.011336 -0.081678
v -0.010720 0.014113 -0.081841
v -0.024326 -0.004107 -0.064290
v -0.026563 -0.002496 -0.063107
v -0.018430 0.006338 -0.081606
v -0.020221 0.008740 -0.081764
v -0.007244 0.005523 -0.100850
v -0.008186 0.007852 -0.102489
v -0.016158 0.000721 -0.100127
v -0.017774 0.002690 -0.101713
v -0.023638 -0.005808 -0.098009
v -0.025822 -0.004329 -0.099438
v -0.025676 -0.000770 -0.081396
v -0.028018 0.001099 -0.081538
v -0.030841 -0.009507 -0.081060
v -0.033582 -0.008294 -0.081177
v -0.029737 -0.012234 -0.067081
v -0.032392 -0.011234 -0.066106
v -0.019949 -0.014926 -0.051277
v -0.021848 -0.014153 -0.049087
v -0.005099 -0.026612 -0.041970
v -0.005862 -0.026751 -0.039072
v -0.026160 -0.021076 -0.056446
v -0.028536 -0.020767 -0.054640
v -0.013718 -0.030327 -0.045842
v -0.015134 -0.030747 -0.043231
v 0.002052 -0.044290 -0.045984
v 0.001840 -0.045791 -0.043395
v -0.007303 -0.046183 -0.049442
v -0.008222 -0.047831 -0.047109
v -0.021068 -0.033662 -0.052004
v -0.023046 -0.034336 -0.049851
v 0.011607 -0.041069 -0.044805
v 0.012116 -0.042327 -0.042129
v 0.007493 -0.057739 -0.058994
v 0.007701 -0.060277 -0.057408
v 0.026153 -0.050189 -0.058994
v 0.027769 -0.052158 -0.057408
v 0.017239 -0.054991 -0.058272
v 0.018181 -0.057320 -0.056633
v 0.009766 -0.063355 -0.077515
v 0.010149 -0.066326 -0.077357
v 0.019591 -0.060804 -0.077444
v 0.020715 -0.063581 -0.077281
v 0.028426 -0.055806 -0.077515
v 0.030217 -0.058208 -0.077357
v 0.018033 -0.056953 -0.097183
v 0.019037 -0.059433 -0.098540
v 0.035671 -0.048698 -0.077726
v 0.038013 -0.050567 -0.077584
v 0.026920 -0.052085 -0.096585
v 0.028595 -0.054200 -0.097897
v 0.039170 -0.035844 -0.064484
v 0.041781 -0.036735 -0.063306
v 0.035181 -0.025985 -0.054946
v 0.037481 -0.026106 -0.053023
v 0.029938 -0.013026 -0.052004
v 0.031828 -0.012135 -0.049851
v 0.042387 -0.027270 -0.068881
v 0.045254 -0.027513 -0.068033
v 0.039562 -0.020286 -0.062125
v 0.042205 -0.019974 -0.060740
v 0.035848 -0.011107 -0.060041
v 0.038196 -0.010066 -0.058491
v 0.043063 -0.018520 -0.074006
v 0.046006 -0.018116 -0.073584
v 0.041594 -0.014888 -0.070493
v 0.044406 -0.014161 -0.069743
v 0.039662 -0.010113 -0.069409
v 0.042331 -0.009032 -0.068566
v 0.032241 -0.002191 -0.063187
v 0.034303 -0.000442 -0.061887
v 0.037786 -0.005477 -0.071045
v 0.040283 -0.003971 -0.070340
v 0.021269 0.008402 -0.067081
v 0.022482 0.010967 -0.066106
v 0.029707 0.004072 -0.070721
v 0.031567 0.006318 -0.070019
v -0.003565 0.029188 -0.001245
v -0.000895 0.030430 -0.001815
v 0.013784 0.062884 0.117106
v 0.015020 0.065503 0.116321
v 0.033299 0.042771 0.116881
v 0.035975 0.043733 0.115926
v -0.014837 0.039682 -0.006952
v -0.013808 0.042292 -0.008014
v -0.003900 0.013623 0.004694
v -0.001084 0.012595 0.004806
v 0.033040 0.014861 0.117036
v 0.035678 0.013709 0.116192
v -0.014301 0.063355 0.117633
v -0.015293 0.066158 0.117236
v 0.013254 -0.004811 0.117521
v 0.014464 -0.007513 0.117038
v 0.013768 -0.016235 -0.067429
v 0.016557 -0.015131 -0.067453
v 0.005856 -0.009221 -0.073834
v 0.007193 -0.006873 -0.075138
v 0.012937 -0.026816 -0.061145
v 0.015565 -0.027648 -0.059960
v -0.006161 -0.009910 -0.076593
v -0.007011 -0.007748 -0.078491
v -0.016119 0.002247 0.007409
v -0.015121 -0.000522 0.007991
v 0.003904 -0.034795 -0.058642
v 0.004886 -0.037129 -0.057034
v -0.014874 -0.004766 0.118154
v -0.015929 -0.007575 0.118144
v -0.008113 -0.035547 -0.061387
v -0.009340 -0.038097 -0.060392
v -0.031076 0.039268 -0.009200
v -0.032199 0.041791 -0.010371
v -0.042974 0.028252 -0.006592
v -0.045662 0.029326 -0.007379
v -0.015249 -0.017896 -0.074114
v -0.017759 -0.017220 -0.075611
v -0.034499 0.043740 0.118209
v -0.037201 0.045043 0.118236
v -0.043677 0.012991 -0.000614
v -0.046515 0.012023 -0.000713
v -0.016082 -0.028538 -0.067815
v -0.018774 -0.029825 -0.068124
v -0.034812 0.015423 0.118471
v -0.037598 0.014333 0.118694
v -0.032708 0.002177 0.005194
v -0.034140 -0.000417 0.005664
v -0.028174 -0.037631 -0.098114
v -0.030972 -0.038384 -0.091238
v -0.032129 -0.035524 -0.090594
v -0.030630 -0.031560 -0.096736
v 0.044601 -0.017938 -0.077594
v 0.043025 -0.012049 -0.077927
v 0.043362 -0.014874 -0.072526
v 0.044047 -0.017112 -0.074643
v -0.015556 0.041234 -0.006165
v -0.029896 0.040857 -0.008057
v -0.013483 0.064452 0.115936
v 0.012533 0.063944 0.115275
v 0.038186 -0.002080 -0.081527
v 0.039708 -0.004750 -0.081362
v 0.038370 -0.002535 -0.083029
v -0.033395 -0.020646 -0.068680
v -0.031371 -0.025650 -0.062661
v -0.028350 -0.020938 -0.057701
v -0.031141 -0.014037 -0.066002
v -0.003785 -0.060054 -0.096136
v -0.010834 -0.058523 -0.094076
v -0.013909 -0.050920 -0.103221
v -0.007451 -0.050992 -0.107036
v 0.045033 -0.021134 -0.080419
v 0.044945 -0.028586 -0.080046
v 0.044428 -0.027308 -0.086595
v 0.044791 -0.020537 -0.083482
v 0.039151 -0.004466 -0.073136
v 0.041085 -0.007253 -0.078208
v 0.038124 -0.001929 -0.078534
v 0.038185 -0.002625 -0.075455
v -0.022494 -0.047594 -0.061373
v -0.020236 -0.053174 -0.066770
v -0.014141 -0.056058 -0.063535
v -0.017254 -0.048363 -0.056091
v -0.006927 -0.045358 -0.047452
v 0.000004 -0.043954 -0.044893
v -0.006207 -0.028600 -0.041406
v -0.012593 -0.031353 -0.044272
v 0.031281 -0.032670 -0.108639
v 0.026062 -0.019771 -0.113192
v 0.031494 -0.017306 -0.108643
v 0.035872 -0.028128 -0.104824
v -0.035038 -0.028334 -0.078702
v -0.034796 -0.028931 -0.075640
v -0.034433 -0.022159 -0.072526
v -0.034950 -0.020882 -0.079076
v 0.044517 -0.031605 -0.079890
v 0.042500 -0.038800 -0.079568
v 0.041639 -0.036672 -0.090479
v 0.043893 -0.030062 -0.087801
v -0.032705 -0.038222 -0.077055
v -0.032136 -0.037636 -0.071008
v -0.033067 -0.034789 -0.072006
v -0.034037 -0.032937 -0.074313
v 0.036700 -0.000535 -0.084656
v 0.031870 0.003732 -0.088418
v 0.031089 0.005661 -0.082056
v 0.036335 0.000367 -0.081682
v 0.044540 -0.017787 -0.082134
v 0.043898 -0.015107 -0.080754
v 0.044662 -0.018089 -0.080587
v -0.021550 -0.054002 -0.086595
v -0.021033 -0.055280 -0.080046
v -0.026279 -0.049985 -0.080419
v -0.026516 -0.049397 -0.083461
v 0.032488 -0.001874 -0.097749
v 0.027249 -0.001105 -0.103030
v 0.024136 0.006590 -0.095587
v 0.030231 0.003706 -0.092352
v -0.034290 -0.030182 -0.072978
v -0.033513 -0.032101 -0.070660
v -0.032251 -0.027553 -0.064881
v -0.033927 -0.023410 -0.069865
v -0.044909 0.014024 0.000346
v -0.036300 0.016347 0.117073
v -0.035968 0.042696 0.116741
v -0.044280 0.027540 -0.004890
v -0.020309 -0.035104 -0.108802
v -0.024817 -0.023961 -0.106273
v -0.020064 -0.019817 -0.110335
v -0.014691 -0.033098 -0.113351
v -0.014831 -0.048642 -0.104824
v -0.019210 -0.037820 -0.108643
v -0.013592 -0.035814 -0.113192
v -0.008373 -0.048714 -0.108639
v -0.019753 -0.054368 -0.090442
v -0.021777 -0.049364 -0.096460
v -0.016329 -0.050649 -0.101421
v -0.013537 -0.057551 -0.093119
v -0.025134 -0.007286 -0.099233
v -0.021046 -0.017391 -0.109008
v -0.025798 -0.021535 -0.104946
v -0.029228 -0.013057 -0.096745
v -0.002157 -0.064079 -0.079191
v -0.009388 -0.062098 -0.079439
v -0.010336 -0.059753 -0.091459
v -0.003288 -0.061284 -0.093518
v 0.002968 0.011843 -0.063616
v 0.010373 0.012078 -0.064913
v 0.009180 0.015026 -0.080023
v 0.001661 0.015074 -0.080179
v -0.023795 -0.003664 -0.097605
v -0.025595 0.000786 -0.082931
v -0.020225 0.006049 -0.083086
v -0.018252 0.001170 -0.099173
v 0.030281 -0.055664 -0.078943
v 0.028973 -0.052432 -0.095506
v 0.034457 -0.047453 -0.094208
v 0.035650 -0.050400 -0.079099
v 0.035590 -0.050254 -0.076191
v 0.033790 -0.045804 -0.061517
v 0.028247 -0.050638 -0.059948
v 0.030221 -0.055517 -0.076035
v 0.026559 -0.054149 -0.095861
v 0.027899 -0.057459 -0.078894
v 0.021343 -0.061167 -0.078842
v 0.019965 -0.057760 -0.096304
v -0.011289 0.011553 -0.083175
v -0.009208 0.006410 -0.100136
v -0.015823 0.002848 -0.099600
v -0.017844 0.007845 -0.083122
v 0.011294 -0.064177 -0.078894
v 0.009955 -0.060867 -0.095861
v 0.017206 -0.058876 -0.096304
v 0.018584 -0.062283 -0.078842
v -0.010821 -0.009516 -0.046183
v -0.004640 -0.024791 -0.040792
v 0.002262 -0.021941 -0.039814
v -0.004099 -0.006219 -0.045363
v 0.006107 -0.023509 -0.039657
v 0.012657 -0.039696 -0.043332
v 0.019413 -0.036485 -0.044206
v 0.013050 -0.020757 -0.040635
v 0.013627 -0.042094 -0.044643
v 0.018609 -0.054410 -0.056557
v 0.025224 -0.050848 -0.057092
v 0.020383 -0.038882 -0.045517
v -0.005553 -0.007895 -0.076042
v -0.029697 0.039709 -0.010754
v -0.015452 0.040084 -0.008873
v 0.004701 -0.007272 -0.073646
v -0.001641 -0.058422 -0.059078
v 0.005704 -0.058043 -0.057509
v 0.000978 -0.046362 -0.046210
v -0.005953 -0.047766 -0.048769
v -0.000871 -0.060325 -0.096805
v -0.004738 -0.050769 -0.108300
v 0.002294 -0.049615 -0.110703
v 0.006533 -0.060091 -0.098103
v -0.023968 -0.003236 -0.062316
v -0.020102 -0.012792 -0.050822
v -0.014246 -0.008732 -0.048418
v -0.018484 0.001743 -0.061019
v -0.029875 -0.011458 -0.065045
v -0.026799 -0.019061 -0.055901
v -0.022208 -0.014519 -0.052086
v -0.025874 -0.005457 -0.062985
v -0.031322 -0.007884 -0.079682
v -0.030373 -0.010228 -0.067662
v -0.026371 -0.004227 -0.065603
v -0.027502 -0.001432 -0.079930
v 0.041257 -0.041437 -0.076509
v 0.039824 -0.037897 -0.064834
v 0.035730 -0.043668 -0.062346
v 0.037437 -0.047888 -0.076261
v 0.039223 -0.036411 -0.062377
v 0.035793 -0.027933 -0.054175
v 0.031041 -0.032077 -0.050113
v 0.035129 -0.042182 -0.059889
v 0.023587 -0.013654 -0.045930
v 0.029205 -0.011648 -0.050478
v 0.024826 -0.000826 -0.054298
v 0.018368 -0.000754 -0.050483
v 0.042907 -0.027627 -0.066770
v 0.040650 -0.022047 -0.061373
v 0.037420 -0.026244 -0.056091
v 0.040533 -0.033939 -0.063535
v -0.034522 -0.017862 -0.079231
v -0.033897 -0.019405 -0.071321
v -0.031644 -0.012796 -0.068642
v -0.032505 -0.010668 -0.079553
v 0.032332 -0.013667 -0.106665
v 0.028239 -0.003553 -0.104369
v 0.033479 -0.004322 -0.099088
v 0.036446 -0.011655 -0.100753
v 0.041140 -0.035438 -0.066015
v 0.042440 -0.038651 -0.076612
v 0.044457 -0.031456 -0.076934
v 0.043514 -0.029126 -0.069250
v 0.029624 0.005205 -0.089872
v 0.023530 0.008090 -0.093107
v 0.022230 0.011303 -0.082509
v 0.028681 0.007535 -0.082188
v -0.030337 -0.039955 -0.067883
v -0.029195 -0.042776 -0.068518
v -0.025354 -0.044602 -0.062386
v -0.027810 -0.038530 -0.061008
v 0.038177 -0.004188 -0.089235
v 0.034350 -0.002399 -0.095386
v 0.032481 0.002221 -0.090917
v 0.037311 -0.002046 -0.087155
v 0.044000 -0.018582 -0.071985
v 0.043122 -0.016411 -0.069877
v 0.041624 -0.020376 -0.063736
v 0.043492 -0.024995 -0.068205
v -0.033032 -0.037415 -0.081195
v -0.034606 -0.031530 -0.081527
v -0.034043 -0.032378 -0.084515
v -0.033367 -0.034594 -0.086596
v 0.042024 -0.009576 -0.076574
v 0.040092 -0.006794 -0.071499
v 0.041028 -0.009651 -0.070538
v 0.042359 -0.012395 -0.071170
v 0.037805 -0.003268 -0.070648
v 0.037025 -0.001341 -0.072958
v 0.032052 0.003283 -0.069865
v 0.033728 -0.000860 -0.064881
v -0.026705 -0.048932 -0.074465
v -0.026340 -0.049834 -0.077440
v -0.021094 -0.055129 -0.077066
v -0.021875 -0.053200 -0.070704
v -0.033905 -0.034356 -0.078368
v -0.034545 -0.031680 -0.076987
v -0.034667 -0.031379 -0.078534
v 0.039866 -0.008363 -0.068044
v 0.038742 -0.005586 -0.069018
v 0.034665 -0.003177 -0.063251
v 0.037051 -0.009074 -0.061170
v 0.041578 -0.008472 -0.082229
v 0.041009 -0.009057 -0.088277
v 0.039665 -0.006280 -0.087609
v 0.038984 -0.004054 -0.085540
v 0.042557 -0.015015 -0.090116
v 0.041309 -0.019598 -0.095870
v 0.038923 -0.013700 -0.097952
v 0.041449 -0.012275 -0.091077
v 0.037805 -0.010938 -0.098114
v 0.035349 -0.004866 -0.096736
v 0.039175 -0.006655 -0.090584
v 0.040332 -0.009513 -0.091239
v -0.022342 -0.035787 -0.106665
v -0.026698 -0.037202 -0.100753
v -0.029665 -0.029868 -0.099088
v -0.026434 -0.025672 -0.104369
v -0.031092 -0.042210 -0.080914
v -0.029156 -0.045002 -0.085985
v -0.028182 -0.046862 -0.083626
v -0.028129 -0.047539 -0.080587
v 0.029246 0.006141 -0.071321
v 0.028621 0.007685 -0.079231
v 0.022169 0.011452 -0.079553
v 0.023030 0.009324 -0.068642
v -0.025877 -0.021340 -0.054298
v -0.021499 -0.032162 -0.050478
v -0.016067 -0.029697 -0.045930
v -0.021286 -0.016798 -0.050483
v 0.024963 -0.017055 -0.113351
v 0.019590 -0.003774 -0.110335
v 0.025887 -0.003447 -0.106273
v 0.030395 -0.014590 -0.108802
v -0.032576 -0.034419 -0.069030
v -0.031454 -0.037193 -0.068045
v -0.028928 -0.035768 -0.061170
v -0.031314 -0.029870 -0.063251
v -0.013035 -0.058792 -0.090479
v -0.012174 -0.060920 -0.079568
v -0.018626 -0.057153 -0.079890
v -0.019251 -0.055609 -0.087801
v -0.033996 -0.030909 -0.087174
v -0.033497 -0.024473 -0.090917
v -0.031629 -0.029092 -0.095386
v -0.033127 -0.033057 -0.089245
v -0.029715 -0.044713 -0.077760
v -0.028191 -0.047388 -0.077594
v -0.028375 -0.046932 -0.076092
v -0.031016 -0.039858 -0.088581
v -0.030097 -0.042674 -0.087623
v -0.032031 -0.039888 -0.082548
v -0.032364 -0.037073 -0.087952
v 0.031028 0.005812 -0.079076
v 0.031545 0.004534 -0.072526
v 0.036519 -0.000090 -0.075620
v 0.036274 0.000517 -0.078702
v -0.034462 -0.018011 -0.082188
v -0.032445 -0.010817 -0.082509
v -0.031145 -0.014030 -0.093107
v -0.033519 -0.020341 -0.089872
v 0.044285 -0.019286 -0.086143
v 0.043922 -0.026057 -0.089257
v 0.042246 -0.021915 -0.094240
v 0.043494 -0.017332 -0.088486
v 0.009017 -0.003106 -0.112912
v 0.004291 0.008575 -0.101612
v 0.011636 0.008954 -0.100044
v 0.015948 -0.001702 -0.110352
v 0.039870 -0.038010 -0.094076
v 0.035869 -0.044011 -0.096136
v 0.032203 -0.034949 -0.107036
v 0.036794 -0.030407 -0.103221
v 0.022925 -0.037482 -0.046210
v 0.027651 -0.049164 -0.057509
v 0.033194 -0.044329 -0.059078
v 0.028882 -0.033673 -0.048769
v -0.004525 -0.058225 -0.059889
v -0.008613 -0.048121 -0.050113
v -0.014910 -0.048447 -0.054175
v -0.011481 -0.056924 -0.062377
v 0.004211 -0.046670 -0.112938
v -0.001969 -0.031395 -0.118329
v 0.004974 -0.028643 -0.119307
v 0.011335 -0.044365 -0.113759
v 0.008275 -0.064396 -0.076035
v 0.006300 -0.059518 -0.059949
v -0.001045 -0.059897 -0.061517
v 0.000756 -0.064347 -0.076191
v 0.014094 -0.043249 -0.113759
v 0.007733 -0.027527 -0.119307
v 0.014636 -0.024676 -0.118329
v 0.020816 -0.039952 -0.112938
v -0.008589 0.012815 -0.080280
v -0.007211 0.009408 -0.062818
v 0.000040 0.011399 -0.063261
v -0.001299 0.014709 -0.080227
v -0.005652 -0.048508 -0.109891
v -0.011156 -0.034904 -0.114692
v -0.004653 -0.032442 -0.117557
v 0.001380 -0.047354 -0.112294
v 0.006647 -0.024843 -0.119465
v 0.000098 -0.008655 -0.115790
v 0.007187 -0.006265 -0.114916
v 0.013550 -0.021992 -0.118486
v 0.012246 -0.046617 -0.112175
v 0.016714 -0.057661 -0.098890
v 0.009463 -0.059652 -0.098447
v 0.005122 -0.048921 -0.111354
v 0.002808 -0.043203 -0.044206
v 0.009898 -0.040813 -0.043332
v 0.003348 -0.024625 -0.039657
v -0.003554 -0.027475 -0.040635
v -0.001240 0.014563 -0.083122
v 0.000782 0.009566 -0.099600
v -0.006449 0.007526 -0.100136
v -0.008530 0.012669 -0.083175
v -0.018887 -0.015795 -0.110352
v -0.023199 -0.005139 -0.100044
v -0.017656 -0.000304 -0.101612
v -0.012930 -0.011985 -0.112912
v -0.019188 -0.015053 -0.049231
v -0.013684 -0.028657 -0.044430
v -0.007297 -0.025905 -0.041565
v -0.013331 -0.010993 -0.046827
v 0.014648 -0.017026 -0.041565
v 0.021151 -0.014564 -0.044430
v 0.015647 -0.000960 -0.049231
v 0.008615 -0.002114 -0.046827
v 0.018525 -0.062137 -0.075947
v 0.016444 -0.056994 -0.058986
v 0.009213 -0.059034 -0.059521
v 0.011235 -0.064031 -0.075999
v -0.010388 -0.010585 -0.113605
v -0.015229 0.001380 -0.102029
v -0.008614 0.004942 -0.102565
v -0.003631 -0.007373 -0.114479
v 0.027840 -0.057313 -0.075999
v 0.025818 -0.052316 -0.059521
v 0.019203 -0.055878 -0.058986
v 0.021284 -0.061021 -0.075947
v 0.015739 -0.019722 -0.041406
v 0.021951 -0.035075 -0.044893
v 0.027908 -0.031265 -0.047452
v 0.022242 -0.017259 -0.044272
v 0.007700 0.000147 -0.048418
v 0.014733 0.001301 -0.050822
v 0.010866 0.010857 -0.062316
v 0.003462 0.010623 -0.061019
v -0.014968 -0.032413 -0.045771
v -0.020400 -0.034878 -0.050319
v -0.015892 -0.046021 -0.052848
v -0.009595 -0.045694 -0.048786
v -0.010150 -0.035270 -0.060424
v -0.033978 0.001169 0.003613
v -0.043547 0.010714 -0.001364
v -0.016958 -0.029285 -0.065982
v 0.035584 -0.009526 -0.058530
v 0.032702 -0.002403 -0.061043
v 0.027254 -0.001117 -0.056084
v 0.031228 -0.010941 -0.052617
v 0.023904 0.001452 -0.055901
v 0.020829 0.009055 -0.065045
v 0.013780 0.010586 -0.062985
v 0.017446 0.001524 -0.052086
v 0.023326 -0.038475 -0.112294
v 0.017293 -0.023562 -0.117557
v 0.023679 -0.020811 -0.114692
v 0.029182 -0.034415 -0.109891
v 0.043391 -0.028821 -0.090442
v 0.041137 -0.035431 -0.093119
v 0.038345 -0.028530 -0.101421
v 0.041367 -0.023818 -0.096460
v 0.020331 0.010285 -0.067662
v 0.019383 0.012630 -0.079682
v 0.012152 0.014611 -0.079930
v 0.013283 0.011816 -0.065603
v 0.005784 -0.002798 -0.046183
v -0.001340 -0.005103 -0.045363
v 0.005021 -0.020825 -0.039814
v 0.011964 -0.018073 -0.040792
v 0.007027 -0.061311 -0.095506
v 0.008334 -0.064543 -0.078943
v 0.000815 -0.064494 -0.079099
v -0.000378 -0.061546 -0.094208
v 0.034812 -0.025507 -0.052848
v 0.030303 -0.014364 -0.050319
v 0.024686 -0.016370 -0.045771
v 0.030059 -0.029651 -0.048786
v 0.037415 -0.026231 -0.103038
v 0.033440 -0.016407 -0.106504
v 0.037555 -0.014396 -0.100592
v 0.040437 -0.021519 -0.098078
v -0.025655 0.000932 -0.080023
v -0.024462 -0.002015 -0.064913
v -0.018978 0.002964 -0.063616
v -0.020285 0.006196 -0.080179
v -0.017903 0.007991 -0.080227
v -0.016564 0.004681 -0.063261
v -0.009970 0.008292 -0.062818
v -0.011348 0.011699 -0.080280
v 0.008619 -0.057566 -0.057092
v 0.015850 -0.055526 -0.056557
v 0.010868 -0.043210 -0.044643
v 0.003778 -0.045600 -0.045517
v 0.015005 -0.045500 -0.112175
v 0.021727 -0.042204 -0.111354
v 0.026068 -0.052933 -0.098447
v 0.019473 -0.056545 -0.098890
v 0.003695 0.010050 -0.099173
v 0.001720 0.014928 -0.083086
v 0.009239 0.014879 -0.082931
v 0.011040 0.010429 -0.097605
v 0.028479 -0.051211 -0.098103
v 0.024241 -0.040736 -0.110703
v 0.030097 -0.036676 -0.108300
v 0.033963 -0.046232 -0.096805
v 0.016203 -0.020867 -0.117715
v 0.009991 -0.005514 -0.114229
v 0.016922 -0.004110 -0.111669
v 0.022588 -0.018115 -0.114850
v -0.000872 -0.006257 -0.114479
v -0.005855 0.006058 -0.102565
v 0.001376 0.008098 -0.102029
v 0.006217 -0.003868 -0.113605
v -0.003055 -0.028711 -0.118486
v -0.009418 -0.012983 -0.114916
v -0.002661 -0.009771 -0.115790
v 0.003888 -0.025959 -0.119465
v -0.012247 -0.032209 -0.114850
v -0.017913 -0.018203 -0.111669
v -0.011956 -0.014392 -0.114229
v -0.005744 -0.029746 -0.117715
v -0.010880 -0.058410 -0.064835
v -0.009448 -0.061950 -0.076509
v -0.002217 -0.063931 -0.076261
v -0.003924 -0.059711 -0.062346
v 0.041317 -0.041584 -0.079439
v 0.037497 -0.048036 -0.079191
v 0.036366 -0.045241 -0.093518
v 0.040368 -0.039240 -0.091459
v -0.016073 0.003465 -0.060675
v -0.011732 -0.007265 -0.047767
v -0.005010 -0.003968 -0.046947
v -0.009478 0.007077 -0.060232
v 0.020875 0.008942 -0.094287
v 0.013919 0.010243 -0.096776
v 0.012212 0.014463 -0.082860
v 0.019443 0.012482 -0.082612
v -0.018244 -0.045915 -0.054752
v -0.022337 -0.035801 -0.052456
v -0.026451 -0.037813 -0.058369
v -0.023484 -0.045146 -0.060034
v 0.031772 -0.000104 -0.062661
v 0.029748 0.004900 -0.068680
v 0.023532 0.008083 -0.066002
v 0.026324 0.001182 -0.057701
v 0.039660 -0.019600 -0.060034
v 0.036693 -0.012266 -0.058369
v 0.032337 -0.013681 -0.052456
v 0.036429 -0.023796 -0.054752
v -0.034977 -0.028484 -0.081681
v -0.034889 -0.021032 -0.082056
v -0.034109 -0.022961 -0.088418
v -0.034608 -0.029397 -0.084675
v -0.027810 -0.046200 -0.088474
v -0.023733 -0.048608 -0.094240
v -0.022057 -0.052751 -0.089257
v -0.027022 -0.048146 -0.086123
v -0.030442 -0.027949 -0.061043
v -0.027560 -0.035072 -0.058530
v -0.023445 -0.033060 -0.052617
v -0.027420 -0.023237 -0.056084
v -0.024670 -0.046291 -0.095870
v -0.028747 -0.043882 -0.090104
v -0.029854 -0.041146 -0.091076
v -0.027056 -0.040393 -0.097952
v -0.031585 -0.040991 -0.076893
v -0.028989 -0.045414 -0.073581
v -0.029684 -0.043151 -0.071493
v -0.031014 -0.040411 -0.070845
v -0.028197 -0.045243 -0.069867
v -0.027316 -0.047421 -0.071966
v -0.022486 -0.051689 -0.068205
v -0.024355 -0.047069 -0.063736
v -0.027425 -0.023224 -0.103030
v -0.030655 -0.027421 -0.097749
v -0.032912 -0.021841 -0.092352
v -0.030538 -0.015530 -0.095587
v 0.024905 -0.001021 -0.104946
v 0.018608 -0.001347 -0.109008
v 0.014520 0.008757 -0.099233
v 0.021476 0.007456 -0.096745
v 0.044104 -0.026506 -0.070704
v 0.044884 -0.028435 -0.077066
v 0.044972 -0.020984 -0.077440
v 0.044612 -0.020093 -0.074484
v -0.019629 -0.054673 -0.069250
v -0.018686 -0.057003 -0.076934
v -0.012235 -0.060771 -0.076612
v -0.013535 -0.057558 -0.066015
v 0.042124 -0.013944 -0.068528
v 0.040984 -0.011125 -0.067882
v 0.038169 -0.011837 -0.061008
v 0.040625 -0.017908 -0.062386
v -0.014124 -0.006081 0.116622
v -0.031630 0.000792 0.007179
v -0.016812 0.000755 0.009050
v 0.011919 -0.006064 0.115826
v -0.029829 -0.011571 -0.094288
v -0.031262 -0.008031 -0.082612
v -0.027442 -0.001580 -0.082860
v -0.025735 -0.005800 -0.096776
v 0.014542 -0.005003 0.115796
v -0.014151 0.001779 0.008906
v -0.003109 0.012113 0.006421
v 0.032791 0.013187 0.115182
v -0.017259 -0.048351 -0.103038
v -0.022707 -0.047065 -0.098078
v -0.025589 -0.039942 -0.100592
v -0.021233 -0.038527 -0.106505
v -0.043130 0.029980 -0.005738
v -0.034869 0.045257 0.116697
v -0.016093 0.063407 0.115974
v -0.032532 0.039800 -0.008083
v -0.006719 0.008193 -0.060232
v -0.002251 -0.002851 -0.046947
v 0.004873 -0.000547 -0.047767
v 0.000531 0.010184 -0.060675
v -0.034304 0.001907 0.006520
v -0.016702 -0.005000 0.116672
v -0.035262 0.013780 0.117070
v -0.043891 0.011471 0.001533
v -0.002137 0.013753 0.002938
v 0.014033 -0.025178 -0.060068
v 0.014745 -0.016141 -0.065465
v -0.001936 0.027520 -0.002222
v -0.014153 0.001162 0.006194
v 0.005113 -0.034278 -0.056877
v 0.012831 -0.027437 -0.058999
v -0.003257 0.011330 0.003740
v -0.017822 -0.027149 -0.067527
v -0.044530 0.013166 -0.002436
v -0.043892 0.026548 -0.007624
v -0.017087 -0.018045 -0.072926
v -0.031442 0.000169 0.004365
v -0.007722 -0.036024 -0.059308
v 0.002551 -0.035344 -0.056906
v -0.016734 0.000140 0.006222
v 0.034176 0.041579 0.114980
v 0.033904 0.015769 0.115181
v -0.001965 0.014606 0.005690
v -0.001804 0.028538 0.000482
v 0.013885 -0.014001 -0.067009
v 0.007123 -0.008039 -0.072529
v -0.012880 0.039105 -0.008160
v -0.002960 0.029941 -0.003303
v -0.002890 0.031075 -0.000512
v -0.012857 0.040245 -0.005374
v 0.015115 0.062848 0.115263
v 0.033138 0.044171 0.114982
v -0.015881 -0.015784 -0.073990
v -0.042750 0.028994 -0.008396
v -0.032296 0.038674 -0.010710
v -0.008119 -0.008952 -0.076080
v 0.042698 -0.011241 -0.082067
v 0.044032 -0.016531 -0.084808
v 0.043048 -0.014644 -0.087141
v 0.042131 -0.011832 -0.088114
vn -0.3793 -0.8908 -0.2501
vn 0.8498 -0.4350 0.2978
vn -0.8043 -0.4205 0.4198
vn -0.8043 -0.4205 0.4199
vn 0.4693 -0.0088 0.8830
vn -0.9095 0.4132 0.0453
vn 0.3721 0.7356 0.5660
vn -0.3671 0.0622 -0.9281
vn 0.8580 0.4157 -0.3017
vn 0.7272 0.1161 -0.6765
vn 0.6962 0.1469 -0.7026
vn 0.7113 0.1851 -0.6781
vn -0.6421 -0.1831 -0.7444
vn -0.6266 -0.2132 -0.7496
vn -0.6776 -0.1915 -0.7101
vn 0.4355 0.8177 0.3765
vn 0.4289 0.8058 0.4084
vn 0.4569 0.8131 0.3607
vn -0.8881 0.3648 0.2798
vn -0.8801 0.4107 0.2382
vn -0.9041 0.3685 0.2162
vn 0.7288 -0.3373 0.5959
vn 0.7624 -0.3026 0.5720
vn 0.7548 -0.3183 0.5735
vn -0.5938 -0.6631 0.4558
vn -0.6062 -0.6748 0.4210
vn -0.5973 -0.6564 0.4610
vn 0.8011 -0.5204 0.2955
vn 0.8077 -0.5060 0.3026
vn 0.8012 -0.5342 0.2696
vn -0.5269 -0.8324 0.1720
vn -0.5600 -0.8059 0.1922
vn -0.5701 -0.8001 0.1870
vn 0.1024 0.5099 -0.8541
vn 0.0810 -0.8948 -0.4390
vn -0.8030 0.5959 -0.0070
vn -0.5653 -0.7933 0.2261
vn 0.0269 0.8543 0.5191
vn 0.0106 -0.5850 0.8110
vn 0.0106 -0.5850 0.8109
vn 0.8167 0.5030 -0.2827
vn 0.5301 -0.8472 0.0355
vn 0.6145 0.3919 0.6847
vn -0.6219 -0.3094 0.7194
vn 0.7761 -0.0067 -0.6306
vn 0.7761 -0.0069 -0.6306
vn -0.4657 -0.6942 -0.5489
vn 0.2109 0.9424 -0.2597
vn -0.9711 0.1676 -0.1700
vn -0.8624 -0.4921 -0.1191
vn 0.4479 -0.6077 -0.6558
vn -0.4553 -0.4906 0.7430
vn 0.7973 -0.5980 0.0820
vn -0.3401 0.6637 0.6662
vn 0.9123 0.4082 0.0326
vn -0.8274 0.4287 -0.3628
vn 0.4813 0.1830 -0.8572
vn -0.1261 -0.9525 0.2774
vn 0.3192 0.2337 0.9184
vn -0.9002 -0.4317 -0.0562
vn -0.5089 -0.0064 -0.8608
vn 0.0092 1.0000 -0.0030
vn 0.4484 -0.6074 -0.6557
vn 0.8460 0.5138 0.1426
vn 0.7319 0.0259 0.6809
vn -0.6879 0.0447 0.7245
vn 0.6419 -0.7415 -0.1953
vn -0.7687 -0.6365 -0.0636
vn 0.6210 0.3002 -0.7241
vn -0.7873 0.2920 -0.5431
vn 0.6803 0.7276 0.0883
vn -0.7306 0.6570 0.1860
vn 0.8542 -0.1972 0.4811
vn 0.8543 -0.2434 0.4593
vn 0.8781 -0.2268 0.4212
vn -0.3598 -0.8799 0.3104
vn -0.3615 -0.8672 0.3423
vn -0.4034 -0.8684 0.2884
vn 0.6479 0.2930 -0.7031
vn 0.6261 0.3186 -0.7117
vn 0.6676 0.2927 -0.6845
vn -0.6010 -0.3440 -0.7215
vn -0.5571 -0.3866 -0.7350
vn -0.5911 -0.4046 -0.6978
vn 0.2055 0.9559 0.2096
vn 0.2581 0.9442 0.2046
vn 0.2433 0.9461 0.2139
vn -0.9623 0.2481 0.1116
vn -0.9669 0.2170 0.1343
vn -0.9632 0.2484 0.1024
vn 0.2647 0.8054 0.5303
vn 0.2751 0.8103 0.5174
vn 0.2660 0.7886 0.5544
vn -0.9056 0.1040 0.4112
vn -0.9245 0.0953 0.3690
vn -0.9277 0.0840 0.3637
vn -0.9568 -0.2587 -0.1328
vn -0.0723 0.6782 -0.7313
vn -0.2833 -0.9160 -0.2840
vn 0.5081 0.1171 -0.8533
vn 0.1883 -0.6425 0.7428
vn 0.9381 0.3444 0.0363
vn -0.6980 0.1091 0.7077
vn -0.6980 0.1092 0.7078
vn 0.1555 0.9878 -0.0103
vn 0.0487 -0.9257 0.3752
vn 0.0488 -0.9257 0.3751
vn 0.3845 -0.3210 -0.8655
vn 0.4689 -0.0109 0.8832
vn 0.7877 0.4208 -0.4499
vn -0.5241 0.4899 0.6967
vn -0.5241 0.4896 0.6969
vn -0.0638 0.7870 -0.6137
vn -0.8454 -0.4176 0.3329
vn -0.3655 0.0630 -0.9287
vn -0.0597 -0.3536 -0.9335
vn -0.9305 -0.3048 0.2030
vn 0.2181 0.7253 -0.6530
vn -0.6561 0.5989 0.4592
vn 0.9335 0.3495 -0.0799
vn -0.0548 0.3124 0.9484
vn 0.7630 -0.6215 -0.1777
vn 0.7630 -0.6215 -0.1778
vn -0.2151 -0.4912 0.8440
vn -0.6804 -0.7275 -0.0882
vn 0.7306 -0.6570 -0.1859
vn -0.6209 -0.3000 0.7242
vn 0.7879 -0.2919 0.5423
vn -0.6419 0.7415 0.1954
vn 0.7687 0.6365 0.0635
vn -0.7319 -0.0259 -0.6810
vn 0.6875 -0.0447 -0.7248
vn 0.7237 -0.1726 0.6682
vn -0.6416 0.2131 0.7368
vn 0.4278 -0.8802 -0.2055
vn -0.9080 -0.4188 -0.0100
vn 0.6090 0.1109 -0.7854
vn -0.7389 0.4539 -0.4980
vn 0.8467 0.5308 0.0368
vn -0.5342 0.8208 0.2023
vn -0.3982 -0.9113 0.1047
vn -0.3866 -0.9120 0.1373
vn -0.4216 -0.9018 0.0951
vn 0.9086 -0.4173 -0.0150
vn 0.8931 -0.4445 -0.0689
vn 0.9149 -0.3964 -0.0769
vn -0.6201 0.0687 0.7815
vn -0.6579 0.0444 0.7518
vn -0.6497 0.0586 0.7579
vn 0.6752 0.4619 0.5751
vn 0.6825 0.4861 0.5458
vn 0.6792 0.4538 0.5768
vn -0.7316 0.3485 0.5860
vn -0.7374 0.3324 0.5880
vn -0.7352 0.3709 0.5675
vn 0.5712 0.7229 0.3888
vn 0.6061 0.6919 0.3923
vn 0.6151 0.6887 0.3838
vn -0.8241 0.1239 -0.5528
vn -0.7983 0.1060 -0.5928
vn -0.8106 0.0611 -0.5824
vn 0.5274 0.4669 -0.7098
vn 0.5122 0.4963 -0.7010
vn 0.5678 0.4629 -0.6807
vn 0.6844 0.1436 -0.7148
vn -0.3424 -0.8091 -0.4776
vn -0.0443 0.9545 -0.2949
vn -0.9917 -0.0851 -0.0959
vn 0.5168 0.5574 0.6498
vn -0.4931 -0.4353 0.7532
vn 0.9903 -0.0386 0.1333
vn -0.0776 -0.9567 0.2805
vn 0.5789 0.4794 -0.6596
vn -0.7939 0.1170 -0.5967
vn 0.6859 0.2154 0.6951
vn 0.6860 0.2153 0.6950
vn -0.6910 -0.1379 0.7095
vn -0.6910 -0.1380 0.7095
vn -0.6910 -0.1379 0.7096
vn 0.8156 -0.5524 -0.1722
vn -0.5756 -0.8099 -0.1126
vn 0.0542 -0.9792 -0.1953
vn 0.9950 0.0771 -0.0635
vn -0.5441 -0.4904 0.6808
vn -0.5441 -0.4903 0.6808
vn 0.4632 0.5103 0.7245
vn -0.9949 0.0492 0.0877
vn 0.0667 0.9806 0.1842
vn -0.6569 -0.2183 -0.7217
vn -0.6568 -0.2183 -0.7217
vn 0.3585 0.7583 -0.5445
vn 0.6980 -0.1090 -0.7078
vn -0.1559 -0.9877 0.0110
vn -0.1883 0.6424 -0.7428
vn -0.9381 -0.3444 -0.0363
vn 0.2832 0.9160 0.2841
vn -0.5081 -0.1163 0.8534
vn 0.9568 0.2586 0.1328
vn 0.0723 -0.6782 0.7313
vn -0.7184 -0.6344 -0.2853
vn 0.6509 -0.4631 -0.6016
vn -0.4907 -0.6289 0.6031
vn 0.8584 -0.4774 0.1874
vn -0.5587 0.5357 0.6332
vn 0.7958 0.5695 0.2059
vn -0.8470 0.2585 -0.4645
vn -0.8470 0.2585 -0.4644
vn 0.5366 0.3284 -0.7773
vn 0.5365 0.3285 -0.7774
vn -0.5894 -0.8056 0.0599
vn 0.8062 -0.5897 -0.0483
vn -0.6962 0.0160 0.7176
vn -0.6962 0.0160 0.7177
vn 0.7760 -0.0012 0.6307
vn -0.5374 0.8406 -0.0679
vn 0.8517 0.5098 -0.1214
vn -0.7186 -0.2234 -0.6585
vn -0.7187 -0.2234 -0.6585
vn 0.7442 -0.2714 -0.6103
vn -0.9302 -0.3577 -0.0822
vn 0.0155 -0.2154 0.9764
vn -0.7538 0.5990 -0.2702
vn 0.1816 0.5741 0.7984
vn 0.0983 0.2580 -0.9611
vn 0.9221 0.3256 0.2090
vn -0.1927 -0.7878 -0.5850
vn 0.6357 -0.5486 0.5431
vn -0.9139 -0.3980 -0.0799
vn -0.1778 0.2627 0.9484
vn -0.6611 0.3695 -0.6530
vn 0.0552 0.8865 0.4594
vn 0.2887 -0.2126 -0.9335
vn 0.8807 0.4280 0.2031
vn -0.1162 -0.9772 -0.1777
vn -0.1162 -0.9772 -0.1778
vn 0.4962 -0.2041 0.8439
vn -0.9619 -0.2460 0.1191
vn -0.1006 0.7481 0.6559
vn -0.6684 0.0359 -0.7429
vn 0.1570 0.9842 -0.0824
vn 0.1570 0.9842 -0.0825
vn 0.2170 -0.7135 -0.6662
vn 0.9395 0.3410 -0.0325
vn -0.2966 -0.8834 0.3628
vn -0.2965 -0.8834 0.3628
vn 0.4731 0.2026 0.8574
vn 0.4731 0.2030 0.8573
vn 0.4731 0.2029 0.8573
vn -0.0717 0.6783 -0.7312
vn 0.9591 0.2342 0.1591
vn -0.3356 -0.4348 -0.8356
vn 0.7000 -0.7075 0.0973
vn -0.9448 -0.3217 -0.0626
vn 0.1883 -0.6424 0.7429
vn -0.7624 0.6201 0.1850
vn -0.7624 0.6201 0.1849
vn 0.3546 0.1464 0.9235
vn -0.2202 -0.7204 0.6577
vn 0.1518 0.6474 0.7469
vn -0.8929 -0.4500 -0.0173
vn -0.4277 0.8803 0.2055
vn -0.3382 -0.4282 -0.8380
vn 0.0561 0.8838 -0.4645
vn 0.5347 -0.8205 -0.2023
vn 0.8272 0.5602 0.0440
vn 0.1391 0.4609 0.8765
vn 0.1057 -0.8907 0.4422
vn 0.7469 0.6613 0.0701
vn 0.6405 -0.7426 -0.1954
vn 0.0186 0.7590 -0.6509
vn 0.0186 0.7589 -0.6509
vn 0.0114 -0.6577 -0.7532
vn -0.7304 0.6573 0.1859
vn -0.6545 -0.7501 -0.0947
vn -0.9930 -0.0529 -0.1058
vn 0.0460 -0.9544 0.2951
vn -0.5660 0.5941 0.5716
vn 0.4170 -0.4015 0.8154
vn 0.0774 0.9567 -0.2806
vn 0.9871 -0.0720 0.1429
vn -0.3838 0.1442 -0.9121
vn 0.5594 -0.7534 -0.3457
vn -0.0678 -0.9802 -0.1859
vn -0.9920 0.0840 0.0947
vn 0.4204 -0.2343 -0.8766
vn -0.5434 0.7139 -0.4417
vn 0.9966 0.0440 -0.0701
vn -0.0561 0.9791 0.1954
vn 0.5412 -0.5324 0.6509
vn -0.4491 0.4806 0.7532
vn 0.9930 0.0530 0.1058
vn -0.0460 0.9544 -0.2951
vn 0.3840 -0.1442 0.9120
vn 0.3839 -0.1441 0.9121
vn -0.5594 0.7535 0.3453
vn -0.0774 -0.9567 0.2806
vn -0.9871 0.0719 -0.1430
vn 0.5664 -0.5943 -0.5710
vn -0.4172 0.4016 -0.8153
vn 0.9704 -0.2109 -0.1178
vn 0.1971 0.9650 0.1727
vn 0.3791 -0.6611 0.6476
vn -0.3172 0.5718 0.7566
vn -0.3190 -0.9346 -0.1572
vn -0.9329 0.3324 0.1385
vn 0.2575 -0.3600 -0.8967
vn -0.4110 0.8034 -0.4309
vn 0.3270 0.9148 -0.2372
vn 0.9258 -0.3149 0.2091
vn -0.2202 0.2675 -0.9381
vn 0.4265 -0.8418 -0.3308
vn -0.9644 0.1960 -0.1777
vn -0.2059 -0.9432 0.2608
vn -0.4040 0.7222 0.5615
vn -0.4041 0.7223 0.5613
vn 0.2850 -0.4921 0.8225
vn -0.5507 -0.8264 -0.1177
vn -0.8127 0.5565 0.1727
vn 0.0653 -0.4373 -0.8969
vn -0.2634 0.8631 -0.4308
vn 0.8791 -0.4499 -0.1572
vn 0.4393 0.8876 0.1385
vn 0.1872 -0.7390 0.6472
vn -0.1695 0.6314 0.7567
vn -0.8272 -0.1429 0.5434
vn -0.4071 -0.4460 -0.7971
vn 0.1147 -0.5597 0.8207
vn 0.3823 -0.7327 -0.5631
vn 0.5101 0.4623 0.7253
vn 0.7645 0.0837 -0.6392
vn -0.4478 0.8310 0.3299
vn -0.4479 0.8310 0.3300
vn -0.0503 0.3366 -0.9403
vn -0.5401 -0.3881 0.7468
vn -0.7380 -0.1492 -0.6581
vn 0.4324 -0.7924 0.4303
vn 0.0878 -0.4293 -0.8989
vn 0.8047 0.1985 0.5595
vn 0.4401 0.3644 -0.8207
vn -0.1469 0.6391 0.7549
vn -0.3575 0.6715 -0.6490
vn -0.4080 -0.7147 0.5682
vn -0.8545 0.1386 -0.5006
vn 0.4681 -0.8804 -0.0757
vn -0.1024 0.0408 -0.9939
vn 0.9037 -0.0461 0.4256
vn 0.2949 0.7233 -0.6244
vn 0.0272 0.2088 0.9776
vn -0.4413 0.8783 -0.1838
vn -0.7445 0.3775 -0.5506
vn -0.5867 -0.7423 0.3236
vn -0.0555 0.9730 0.2240
vn -0.1151 -0.2973 0.9478
vn 0.8358 0.5332 -0.1305
vn 0.4873 -0.6253 0.6096
vn 0.2090 0.2071 -0.9557
vn 0.0874 -0.9896 -0.1141
vn 0.0752 -0.9907 -0.1135
vn 0.0752 -0.9907 -0.1136
vn 0.2001 0.1350 -0.9704
vn 0.6251 -0.3972 0.6720
vn 0.7081 0.6176 -0.3423
vn -0.3606 0.0865 0.9287
vn -0.1409 0.9779 -0.1547
vn -0.7865 -0.5632 0.2533
vn -0.5298 0.4691 -0.7065
vn -0.7767 -0.5874 -0.2271
vn -0.5572 0.5367 0.6336
vn -0.3223 -0.0080 -0.9466
vn -0.3223 -0.0081 -0.9466
vn -0.1451 0.9881 0.0501
vn 0.6511 -0.4614 -0.6026
vn 0.6949 0.6503 0.3069
vn 0.0684 -0.9741 0.2154
vn 0.1608 0.2320 0.9593
vn -0.9667 -0.1178 0.2272
vn -0.0272 -0.7732 -0.6336
vn -0.2372 -0.2185 0.9466
vn 0.5828 -0.8110 -0.0501
vn 0.1471 0.7844 0.6026
vn 0.9516 0.0157 -0.3069
vn -0.6284 0.7477 -0.2149
vn 0.2768 -0.0549 -0.9594
vn -0.9472 -0.3157 0.0561
vn 0.2171 -0.7135 -0.6662
vn -0.3701 -0.3493 0.8608
vn -0.3702 -0.3493 0.8608
vn 0.7020 -0.7122 0.0027
vn -0.1000 0.7483 0.6558
vn 0.9653 0.2189 -0.1426
vn -0.7529 0.5968 -0.2773
vn 0.3919 0.0540 -0.9184
vn -0.9546 -0.2974 0.0174
vn 0.3047 -0.9300 -0.2055
vn -0.5409 0.0726 0.8380
vn 0.6551 -0.5962 0.4641
vn -0.1863 0.9614 0.2023
vn 0.9840 0.1725 -0.0440
vn -0.6589 0.3645 -0.6580
vn 0.5592 -0.3597 -0.7469
vn 0.9537 0.2996 0.0262
vn -0.2942 0.9040 -0.3102
vn 0.5063 0.0130 0.8623
vn -0.6720 0.6384 0.3753
vn 0.1759 -0.9358 0.3054
vn -0.9818 -0.1781 -0.0664
vn 0.6843 -0.4275 -0.5907
vn -0.5278 0.2819 -0.8012
vn -0.5279 0.2820 -0.8011
vn 0.9448 0.3217 0.0626
vn 0.3355 0.4349 0.8356
vn -0.7000 0.7074 -0.0975
vn 0.0717 -0.6784 0.7312
vn -0.9591 -0.2341 -0.1591
vn 0.7624 -0.6202 -0.1850
vn 0.7623 -0.6202 -0.1850
vn -0.3542 -0.1468 -0.9236
vn 0.6611 -0.3694 0.6530
vn 0.6611 -0.3693 0.6531
vn -0.0553 -0.8864 -0.4596
vn -0.0552 -0.8864 -0.4595
vn 0.9139 0.3980 0.0799
vn 0.1779 -0.2627 -0.9483
vn 0.1161 0.9772 0.1777
vn -0.4962 0.2039 -0.8439
vn -0.2887 0.2126 0.9335
vn -0.8807 -0.4280 -0.2031
vn 0.8675 0.4794 -0.1328
vn -0.4196 0.5377 -0.7313
vn 0.4259 0.5637 0.7077
vn -0.7988 0.6015 -0.0110
vn 0.3114 -0.5926 0.7428
vn -0.9137 -0.4048 0.0363
vn 0.8407 -0.4612 -0.2837
vn -0.4460 -0.2697 -0.8535
vn -0.8467 -0.5308 -0.0367
vn 0.5342 -0.8208 -0.2023
vn -0.6090 -0.1110 0.7854
vn 0.7389 -0.4539 0.4980
vn 0.7389 -0.4539 0.4981
vn -0.4278 0.8802 0.2055
vn 0.9080 0.4188 0.0100
vn -0.7238 0.1726 -0.6681
vn 0.6415 -0.2130 -0.7369
vn -0.0155 0.2154 -0.9764
vn -0.9297 -0.3653 -0.0477
vn 0.2675 0.9553 -0.1256
vn -0.6639 0.2690 0.6978
vn 0.9259 0.3350 0.1745
vn -0.0977 -0.2578 0.9612
vn 0.8125 -0.3921 -0.4315
vn -0.2009 -0.8761 0.4382
vn 0.4173 -0.8542 0.3102
vn -0.9085 -0.4176 0.0151
vn 0.7499 -0.2375 -0.6175
vn -0.6106 0.1364 -0.7801
vn 0.8486 0.5262 -0.0554
vn -0.5238 0.7952 -0.3054
vn 0.5768 0.1906 0.7943
vn -0.7578 0.5001 0.4190
vn 0.5471 0.2639 -0.7944
vn -0.1969 -0.8864 -0.4190
vn -0.2941 0.9040 -0.3102
vn -0.9433 -0.3317 -0.0152
vn 0.3740 0.6922 0.6172
vn 0.3740 0.6923 0.6172
vn -0.3438 -0.5224 0.7803
vn -0.3439 -0.5225 0.7802
vn 0.9757 0.2119 0.0554
vn 0.1765 -0.9357 0.3054
vn -0.8708 -0.2577 -0.4188
vn -0.8708 -0.2577 -0.4187
vn 0.3291 0.3320 -0.8840
vn -0.3696 -0.9281 -0.0440
vn 0.7760 -0.2735 -0.5684
vn -0.2206 -0.3000 0.9281
vn 0.9056 0.2979 0.3017
vn -0.8934 0.3730 0.2505
vn -0.8934 0.3731 0.2505
vn 0.3035 0.9046 -0.2992
vn 0.3035 0.9047 -0.2992
vn 0.8136 -0.1693 -0.5562
vn -0.2790 -0.9547 -0.1033
vn -0.2791 -0.9547 -0.1033
vn 0.0564 0.7059 -0.7061
vn -0.9590 -0.1660 -0.2296
vn 0.4113 0.8185 0.4012
vn 0.4112 0.8185 0.4012
vn -0.6454 -0.0593 0.7616
vn 0.9451 0.0738 0.3182
vn 0.9451 0.0738 0.3183
vn -0.1717 -0.7212 0.6712
vn 0.7300 0.6044 -0.3192
vn -0.6265 0.3975 -0.6705
vn 0.4638 0.6887 0.5573
vn -0.8668 0.4879 0.1032
vn -0.8668 0.4879 0.1033
vn 0.5314 -0.4681 0.7061
vn -0.8046 -0.5476 0.2296
vn 0.8628 -0.3044 -0.4036
vn -0.5090 -0.4071 -0.7584
vn -0.6980 -0.1694 0.6958
vn -0.7004 -0.1352 0.7008
vn -0.7112 -0.1851 0.6782
vn 0.6416 0.2436 0.7273
vn 0.6390 0.1843 0.7468
vn 0.6774 0.1912 0.7103
vn -0.8021 0.5185 -0.2962
vn -0.8319 0.4744 -0.2879
vn -0.8222 0.4849 -0.2980
vn 0.5251 0.8328 -0.1751
vn 0.5508 0.8116 -0.1947
vn 0.5252 0.8346 -0.1661
vn -0.7273 0.3379 -0.5973
vn -0.7387 0.3355 -0.5845
vn -0.7157 0.3226 -0.6194
vn 0.5963 0.6607 -0.4560
vn 0.6142 0.6718 -0.4140
vn 0.6240 0.6666 -0.4078
vn -0.4583 -0.7813 -0.4236
vn -0.4273 -0.8121 -0.3974
vn -0.4574 -0.8130 -0.3603
vn 0.8815 -0.4095 -0.2349
vn 0.8753 -0.4025 -0.2679
vn 0.9040 -0.3690 -0.2160
vn 0.4246 0.8443 -0.3269
vn 0.4060 0.8620 -0.3035
vn 0.4489 0.8327 -0.3242
vn -0.8531 0.2783 -0.4414
vn -0.8241 0.2725 -0.4966
vn -0.8467 0.2265 -0.4814
vn 0.4254 0.4126 0.8055
vn 0.4705 0.4191 0.7765
vn 0.4602 0.4100 0.7875
vn -0.8152 -0.1155 0.5676
vn -0.8175 -0.1523 0.5554
vn -0.8190 -0.1082 0.5635
vn 0.5583 0.0798 0.8258
vn 0.5647 0.0948 0.8199
vn 0.5645 0.0511 0.8239
vn -0.6902 -0.4282 0.5833
vn -0.7231 -0.4026 0.5613
vn -0.7297 -0.4053 0.5507
vn 0.9161 -0.3502 -0.1952
vn 0.9011 -0.3590 -0.2432
vn 0.9138 -0.3148 -0.2567
vn -0.3867 -0.8136 -0.4342
vn -0.3757 -0.8323 -0.4076
vn -0.4323 -0.7970 -0.4218
vn 0.9572 0.0439 -0.2860
vn 0.9572 0.0439 -0.2859
vn -0.1465 -0.7832 -0.6042
vn 0.4319 0.7747 -0.4619
vn -0.6104 -0.1355 -0.7804
vn 0.0291 0.7734 0.6332
vn -0.9679 -0.1439 0.2059
vn 0.7885 -0.1139 0.6044
vn 0.7885 -0.1138 0.6044
vn -0.2894 -0.9387 0.1874
vn -0.9903 0.0386 -0.1333
vn 0.0777 0.9567 -0.2806
vn -0.5169 -0.5573 -0.6497
vn -0.5169 -0.5573 -0.6498
vn 0.4933 0.4360 -0.7527
vn 0.0442 -0.9545 0.2949
vn 0.9917 0.0851 0.0959
vn -0.6843 -0.1436 0.7149
vn 0.3423 0.8090 0.4779
vn -0.5788 -0.4797 0.6594
vn 0.7941 -0.1172 0.5963
vn -0.8156 0.5524 0.1722
vn 0.5756 0.8100 0.1126
vn -0.6860 -0.2152 -0.6951
vn 0.6911 0.1380 -0.7094
vn 0.8872 0.2154 -0.4081
vn -0.2957 -0.4204 -0.8578
vn 0.3700 0.9208 -0.1236
vn -0.7546 0.2105 -0.6215
vn -0.7546 0.2106 -0.6215
vn 0.1833 0.3922 0.9014
vn -0.9178 -0.2679 0.2931
vn 0.8803 -0.3476 0.3228
vn -0.2976 -0.9295 -0.2177
vn -0.2977 -0.9295 -0.2178
vn 0.9226 -0.3848 -0.0286
vn 0.9160 -0.3966 -0.0604
vn 0.9324 -0.3608 -0.0210
vn -0.3651 -0.9262 0.0940
vn -0.3373 -0.9294 0.1497
vn -0.3866 -0.9094 0.1536
vn 0.4304 0.4003 -0.8091
vn 0.4732 0.4121 -0.7786
vn 0.4577 0.4160 -0.7858
vn -0.7827 -0.1963 -0.5907
vn -0.8059 -0.1812 -0.5637
vn -0.7800 -0.2050 -0.5913
vn 0.3087 0.6969 -0.6474
vn 0.3241 0.6892 -0.6480
vn 0.2950 0.7172 -0.6313
vn -0.8964 0.0808 -0.4359
vn -0.8998 0.0341 -0.4349
vn -0.9045 0.0265 -0.4257
vn 0.4846 0.7152 0.5036
vn 0.4768 0.6887 0.5462
vn 0.5172 0.6641 0.5399
vn -0.7321 0.0390 0.6801
vn -0.7411 0.0696 0.6678
vn -0.7571 0.0051 0.6532
vn 0.9076 -0.4017 0.1221
vn -0.3919 -0.6759 0.6242
vn -0.3918 -0.6759 0.6242
vn 0.4045 -0.1545 -0.9014
vn -0.8459 -0.4456 -0.2931
vn 0.3944 0.8604 -0.3228
vn 0.3945 0.8603 -0.3228
vn -0.8575 0.4658 0.2185
vn 0.7882 0.4619 0.4068
vn -0.5030 0.0976 0.8588
vn 0.2206 0.3000 -0.9281
vn -0.9056 -0.2979 -0.3018
vn 0.3632 0.9305 0.0466
vn -0.7818 0.2670 0.5635
vn -0.7818 0.2669 0.5635
vn 0.8706 0.2566 0.4198
vn -0.3299 -0.3356 0.8823
vn 0.8934 -0.3731 -0.2505
vn -0.3035 -0.9047 0.2992
vn -0.3034 -0.9047 0.2992
vn -0.3114 -0.8466 -0.4315
vn 0.7536 -0.4900 0.4381
vn -0.8984 -0.4031 0.1745
vn 0.2495 -0.1173 0.9612
vn -0.8565 0.5007 -0.1256
vn 0.2906 0.6544 0.6980
vn -0.1386 0.1656 -0.9764
vn 0.9221 0.3839 -0.0477
vn -0.8649 0.2438 -0.4388
vn -0.8506 0.2367 -0.4695
vn -0.8778 0.2273 -0.4216
vn 0.3974 0.8479 -0.3509
vn 0.3581 0.8793 -0.3138
vn 0.4039 0.8681 -0.2887
vn -0.2662 -0.8060 -0.5287
vn -0.3155 -0.8021 -0.5070
vn -0.2991 -0.8082 -0.5073
vn 0.9055 -0.1076 -0.4106
vn 0.9211 -0.1038 -0.3752
vn 0.9035 -0.1008 -0.4165
vn -0.2036 -0.9566 -0.2088
vn -0.2180 -0.9515 -0.2169
vn -0.1952 -0.9638 -0.1816
vn 0.9631 -0.2462 -0.1086
vn 0.9694 -0.2063 -0.1328
vn 0.9724 -0.1946 -0.1285
vn -0.6313 -0.3532 0.6904
vn -0.6314 -0.3071 0.7121
vn -0.6677 -0.2927 0.6844
vn 0.5586 0.3895 0.7323
vn 0.5681 0.3577 0.7412
vn 0.5913 0.4047 0.6975
vn 0.9776 0.2073 -0.0368
vn 0.1869 -0.9613 -0.2023
vn 0.4000 0.6273 -0.6682
vn -0.3129 -0.5989 -0.7372
vn -0.3129 -0.5989 -0.7371
vn -0.3046 0.9300 0.2055
vn -0.9438 -0.3304 0.0100
vn 0.5148 0.3437 0.7854
vn -0.2154 -0.8400 0.4979
vn -0.9335 -0.3495 0.0799
vn 0.0548 -0.3125 -0.9483
vn -0.2180 -0.7253 0.6530
vn 0.6561 -0.5988 -0.4594
vn 0.0597 0.3536 0.9335
vn 0.9305 0.3048 -0.2031
vn -0.7629 0.6216 0.1776
vn 0.2148 0.4917 -0.8439
vn -0.2500 0.1171 -0.9611
vn -0.8891 -0.4072 0.2091
vn 0.1252 0.9546 -0.2702
vn -0.5297 0.2865 0.7983
vn -0.5297 0.2866 0.7983
vn 0.9172 0.3898 -0.0823
vn 0.1385 -0.1656 0.9764
vn 0.6863 -0.4320 -0.5851
vn -0.0754 -0.8363 0.5431
vn -0.7873 -0.4625 -0.4077
vn 0.5065 -0.0995 -0.8565
vn 0.5066 -0.0995 -0.8564
vn -0.3942 -0.8604 0.3228
vn 0.8576 -0.4656 -0.2186
vn -0.4045 0.1545 0.9014
vn 0.8459 0.4456 0.2931
vn -0.9046 0.4075 -0.1252
vn 0.4005 0.6757 -0.6189
vn 0.4004 0.6758 -0.6189
vn 0.3046 -0.9300 -0.2055
vn 0.9438 0.3304 -0.0100
vn -0.4001 -0.6273 0.6681
vn 0.3130 0.5993 0.7368
vn 0.3129 0.5993 0.7368
vn -0.9776 -0.2073 0.0368
vn -0.1869 0.9613 0.2023
vn -0.5147 -0.3437 -0.7854
vn 0.2156 0.8401 -0.4977
vn -0.8665 0.3000 0.3989
vn 0.5014 0.4051 0.7645
vn -0.5314 0.4681 -0.7061
vn 0.8046 0.5476 -0.2296
vn -0.4640 -0.6886 -0.5572
vn 0.8668 -0.4879 -0.1033
vn -0.7308 -0.6035 0.3189
vn -0.7308 -0.6035 0.3188
vn 0.6243 -0.3961 0.6734
vn 0.6243 -0.3960 0.6734
vn 0.6244 -0.3959 0.6734
vn -0.6145 -0.3919 -0.6847
vn -0.6146 -0.3920 -0.6845
vn 0.6217 0.3092 -0.7196
vn 0.6216 0.3092 -0.7197
vn -0.2109 -0.9423 0.2599
vn 0.9711 -0.1676 0.1700
vn -0.7759 0.0072 0.6309
vn -0.7758 0.0072 0.6309
vn 0.4663 0.6938 0.5488
vn -0.4234 -0.4132 -0.8062
vn -0.4386 -0.4063 -0.8016
vn -0.4080 -0.4377 -0.8012
vn 0.8173 0.1144 -0.5648
vn 0.8223 0.1576 -0.5469
vn 0.8285 0.1614 -0.5363
vn -0.4243 -0.8654 0.2666
vn -0.4094 -0.8565 0.3144
vn -0.4496 -0.8324 0.3239
vn 0.8247 -0.2688 0.4976
vn 0.8308 -0.2924 0.4735
vn 0.8464 -0.2266 0.4819
vn -0.9042 0.3409 0.2572
vn -0.9021 0.3640 0.2316
vn -0.9135 0.3155 0.2568
vn 0.4028 0.8344 0.3762
vn 0.3838 0.8157 0.4327
vn 0.4325 0.7971 0.4214
vn -0.5593 -0.0815 -0.8249
vn -0.5974 -0.1052 -0.7950
vn -0.5833 -0.1056 -0.8053
vn 0.6897 0.4258 -0.5857
vn 0.7164 0.4023 -0.5700
vn 0.6872 0.4340 -0.5826
vn -0.0542 0.9792 0.1953
vn -0.9950 -0.0771 0.0635
vn 0.6531 0.2140 0.7264
vn -0.3676 -0.7567 0.5407
vn 0.9948 -0.0507 -0.0888
vn 0.9948 -0.0506 -0.0887
vn -0.0697 -0.9798 -0.1875
vn 0.5441 0.4902 -0.6809
vn -0.4630 -0.5101 -0.7249
vn -0.7499 0.2374 0.6174
vn 0.6107 -0.1366 0.7800
vn -0.4173 0.8542 -0.3102
vn 0.9085 0.4176 -0.0151
vn -0.5767 -0.1907 -0.7944
vn -0.5766 -0.1907 -0.7944
vn 0.7576 -0.5001 -0.4193
vn -0.8486 -0.5262 0.0555
vn 0.5238 -0.7952 0.3054
vn 0.8470 -0.2585 0.4645
vn -0.5366 -0.3286 0.7773
vn 0.5587 -0.5356 -0.6332
vn -0.7957 -0.5696 -0.2058
vn 0.4843 0.6313 -0.6058
vn -0.8634 0.4687 -0.1865
vn 0.7176 0.6348 0.2866
vn -0.6517 0.4596 0.6034
vn -0.6251 0.3972 -0.6720
vn -0.7081 -0.6176 0.3422
vn -0.0751 0.9907 0.1133
vn -0.2002 -0.1346 0.9705
vn 0.7865 0.5632 -0.2533
vn 0.5298 -0.4691 0.7066
vn 0.3607 -0.0863 -0.9287
vn 0.1409 -0.9778 0.1551
vn 0.7530 -0.5968 0.2772
vn -0.3922 -0.0535 0.9183
vn 0.1001 -0.7483 -0.6558
vn -0.9653 -0.2189 0.1426
vn 0.3703 0.3492 -0.8608
vn -0.7020 0.7122 -0.0028
vn 0.9472 0.3157 -0.0561
vn -0.2171 0.7135 0.6662
vn -0.1731 -0.7201 0.6720
vn -0.9384 -0.0486 -0.3422
vn 0.6348 -0.7643 -0.1134
vn 0.6349 -0.7643 -0.1133
vn 0.6348 -0.7643 -0.1133
vn -0.2375 -0.0425 -0.9705
vn 0.9569 0.1421 0.2533
vn 0.0546 0.7056 -0.7065
vn 0.1992 0.3128 0.9287
vn 0.1991 0.3129 0.9287
vn -0.5786 0.8007 -0.1551
vn 0.4202 -0.5374 0.7312
vn 0.8521 0.4986 -0.1591
vn -0.5436 0.0791 0.8356
vn 0.0111 0.9952 -0.0974
vn 0.0112 0.9952 -0.0975
vn -0.9027 -0.4257 0.0627
vn -0.3114 0.5927 -0.7428
vn -0.1166 -0.9758 -0.1851
vn 0.3566 0.1414 -0.9235
vn -0.6939 -0.4725 -0.5434
vn -0.6027 0.0375 0.7971
vn -0.3067 0.4820 -0.8208
vn -0.2347 0.7924 0.5631
vn 0.6880 0.0224 -0.7253
vn 0.6077 0.4714 0.6391
vn 0.2557 -0.9085 -0.3305
vn 0.1979 -0.2768 0.9403
vn 0.7208 -0.6337 0.2806
vn 0.6594 0.7381 -0.1429
vn -0.1758 -0.3707 0.9120
vn -0.1758 -0.3708 0.9119
vn -0.1218 0.9304 0.3456
vn -0.7505 -0.6524 0.1058
vn -0.6305 0.7179 -0.2951
vn 0.0063 -0.8207 -0.5713
vn 0.0063 -0.8208 -0.5712
vn 0.0206 0.5786 -0.8154
vn -0.5100 -0.4623 -0.7254
vn -0.7645 -0.0838 0.6392
vn -0.1145 0.5593 -0.8210
vn -0.3824 0.7327 0.5630
vn 0.8272 0.1429 -0.5434
vn 0.4071 0.4460 0.7971
vn 0.4479 -0.8310 -0.3300
vn 0.0502 -0.3365 0.9403
vn -0.8791 0.4499 0.1572
vn -0.4393 -0.8876 -0.1385
vn -0.0653 0.4378 0.8967
vn 0.2633 -0.8631 0.4309
vn 0.5507 0.8264 0.1178
vn 0.8127 -0.5565 -0.1727
vn -0.1872 0.7387 -0.6476
vn 0.1696 -0.6315 -0.7566
vn -0.8320 -0.4507 -0.3234
vn -0.4029 0.1553 0.9020
vn -0.4941 0.4166 -0.7631
vn -0.0869 0.8444 0.5286
vn 0.5044 -0.0987 -0.8578
vn 0.7696 0.4656 0.4369
vn 0.0623 -0.9587 -0.2776
vn 0.0623 -0.9587 -0.2775
vn 0.3484 -0.2319 0.9082
vn -0.6580 -0.0967 -0.7468
vn -0.6341 -0.4059 0.6581
vn -0.2402 0.8701 -0.4303
vn -0.2354 0.3696 0.8989
vn 0.7164 0.4169 -0.5595
vn 0.5697 0.0442 0.8207
vn 0.3389 -0.5610 -0.7553
vn 0.3389 -0.5611 -0.7552
vn 0.2100 -0.7312 0.6490
vn 0.8121 -0.2843 -0.5095
vn 0.4983 0.7417 0.4490
vn 0.2706 -0.9452 0.1829
vn 0.0050 0.2001 0.9798
vn -0.6009 -0.7023 -0.3817
vn -0.7390 0.3745 0.5600
vn -0.1246 0.0313 -0.9917
vn -0.2989 0.9512 0.0764
vn 0.2404 -0.8703 0.4299
vn 0.2354 -0.3695 -0.8989
vn 0.6580 0.0967 0.7468
vn 0.6341 0.4060 -0.6581
vn -0.3388 0.5610 0.7553
vn -0.2100 0.7313 -0.6489
vn -0.7164 -0.4168 0.5595
vn -0.5697 -0.0441 -0.8207
vn 0.5567 0.8115 -0.1777
vn 0.8038 -0.5347 0.2608
vn -0.0277 0.3448 -0.9383
vn 0.2789 -0.9016 -0.3308
vn -0.8711 0.4300 -0.2373
vn -0.4464 -0.8701 0.2091
vn -0.2118 0.8000 0.5614
vn 0.1373 -0.5518 0.8226
vn -0.9569 -0.1422 -0.2532
vn -0.0547 -0.7056 0.7065
vn -0.6345 0.7644 0.1142
vn -0.6346 0.7644 0.1139
vn 0.2376 0.0420 0.9704
vn 0.1731 0.7201 -0.6719
vn 0.9384 0.0486 0.3422
vn -0.1992 -0.3128 -0.9287
vn 0.5787 -0.8007 0.1548
vn -0.9114 -0.2546 0.3233
vn -0.1816 -0.3918 -0.9020
vn -0.0653 -0.6431 0.7630
vn -0.0653 -0.6432 0.7629
vn 0.5247 -0.6673 -0.5286
vn 0.2938 0.4216 0.8578
vn 0.8768 0.2006 -0.4369
vn -0.6219 0.7323 0.2776
vn 0.0892 0.4090 -0.9082
vn 0.4942 -0.4163 0.7632
vn 0.4942 -0.4160 0.7633
vn 0.0870 -0.8446 -0.5283
vn 0.8321 0.4507 0.3233
vn 0.4029 -0.1553 -0.9020
vn -0.0620 0.9586 0.2779
vn -0.3484 0.2316 -0.9083
vn -0.5043 0.0987 0.8578
vn -0.7697 -0.4656 -0.4369
vn 0.8711 -0.4300 0.2372
vn 0.4464 0.8701 -0.2091
vn 0.0279 -0.3453 0.9381
vn -0.2788 0.9016 0.3308
vn -0.5567 -0.8115 0.1777
vn -0.8038 0.5346 -0.2608
vn 0.2118 -0.7997 -0.5619
vn -0.1375 0.5518 -0.8225
vn -0.9037 0.0462 -0.4257
vn -0.2948 -0.7234 0.6244
vn -0.4681 0.8804 0.0758
vn 0.1025 -0.0409 0.9939
vn 0.4079 0.7147 -0.5682
vn 0.8545 -0.1386 0.5007
vn -0.0275 -0.2084 -0.9777
vn 0.4413 -0.8784 0.1836
vn 0.9643 -0.1961 0.1778
vn 0.2059 0.9432 -0.2608
vn 0.2201 -0.2675 0.9381
vn -0.4266 0.8418 0.3308
vn -0.3270 -0.9148 0.2373
vn -0.9258 0.3150 -0.2091
vn 0.4040 -0.7222 -0.5614
vn -0.2849 0.4920 -0.8226
vn -0.3294 -0.3338 0.8832
vn -0.8587 -0.2453 -0.4499
vn 0.6087 -0.6989 0.3756
vn -0.0530 -0.4984 -0.8653
vn 0.8980 0.2877 0.3329
vn 0.2189 0.2994 -0.9287
vn 0.0359 0.7165 0.6966
vn 0.0358 0.7166 0.6965
vn -0.5014 0.6101 -0.6135
vn 0.3224 0.0080 0.9466
vn 0.1451 -0.9882 -0.0498
vn 0.7768 0.5874 0.2271
vn 0.5572 -0.5367 -0.6336
vn -0.0684 0.9741 -0.2154
vn -0.1608 -0.2318 -0.9594
vn -0.1608 -0.2317 -0.9594
vn -0.6511 0.4614 0.6026
vn -0.6949 -0.6503 -0.3069
vn -0.6863 0.4320 0.5851
vn 0.0754 0.8362 -0.5432
vn -0.9172 -0.3898 0.0823
vn -0.1252 -0.9546 0.2702
vn 0.5297 -0.2863 -0.7984
vn 0.2501 -0.1170 0.9611
vn 0.8891 0.4072 -0.2091
vn 0.0916 -0.8510 0.5171
vn 0.9461 0.2410 0.2163
vn -0.6480 -0.2781 0.7091
vn 0.4221 0.7115 0.5618
vn -0.9055 0.0738 -0.4179
vn 0.2711 0.8641 -0.4241
vn -0.3280 -0.8145 -0.4786
vn 0.7200 0.2010 -0.6642
vn 0.9329 0.3176 -0.1695
vn -0.0591 -0.3533 -0.9336
vn 0.2640 0.9637 0.0397
vn -0.6344 0.1958 -0.7478
vn -0.0548 0.3125 0.9483
vn -0.9316 -0.3606 0.0463
vn 0.7934 -0.3450 0.5014
vn -0.1848 -0.9162 -0.3556
vn 0.9002 0.4317 0.0562
vn 0.3401 -0.6637 -0.6662
vn 0.1260 0.9524 -0.2775
vn -0.3191 -0.2342 -0.9183
vn -0.4484 0.6074 0.6558
vn -0.8460 -0.5138 -0.1426
vn 0.5089 0.0062 0.8608
vn -0.0091 -1.0000 0.0033
vn -0.2939 -0.4216 -0.8578
vn -0.8768 -0.2005 0.4369
vn 0.0656 0.6429 -0.7631
vn 0.0655 0.6430 -0.7631
vn -0.5247 0.6675 0.5283
vn 0.9114 0.2546 -0.3233
vn 0.1816 0.3918 0.9020
vn 0.6219 -0.7322 -0.2777
vn 0.6219 -0.7322 -0.2776
vn -0.0893 -0.4086 0.9083
vn 0.8273 -0.4287 0.3629
vn -0.4809 -0.1832 0.8574
vn -0.9123 -0.4082 -0.0325
vn 0.4554 0.4906 -0.7429
vn -0.7970 0.5982 -0.0827
vn 0.8623 0.4921 0.1190
vn -0.4479 0.6077 0.6558
vn 0.8929 0.4500 0.0173
vn 0.4277 -0.8803 -0.2055
vn 0.2202 0.7202 -0.6579
vn -0.1517 -0.6475 -0.7468
vn -0.1517 -0.6474 -0.7469
vn -0.1517 -0.6473 -0.7470
vn -0.5347 0.8205 0.2023
vn -0.8272 -0.5602 -0.0440
vn 0.3383 0.4286 0.8378
vn 0.3383 0.4287 0.8377
vn -0.0562 -0.8840 0.4641
vn -0.2559 0.9086 0.3300
vn -0.1978 0.2767 -0.9404
vn -0.6881 -0.0224 0.7253
vn -0.6077 -0.4714 -0.6392
vn 0.3066 -0.4815 0.8210
vn 0.2347 -0.7924 -0.5630
vn 0.6939 0.4725 0.5434
vn 0.6027 -0.0375 -0.7971
vn 0.7304 -0.6573 -0.1859
vn 0.6545 0.7501 0.0947
vn -0.0188 -0.7593 0.6505
vn -0.0187 -0.7591 0.6507
vn -0.0115 0.6577 0.7532
vn -0.0115 0.6578 0.7531
vn -0.7469 -0.6613 -0.0701
vn -0.6405 0.7427 0.1954
vn -0.1392 -0.4607 -0.8766
vn -0.1058 0.8908 -0.4418
vn 0.9302 0.3577 0.0823
vn -0.0156 0.2154 -0.9764
vn 0.1927 0.7878 0.5851
vn 0.1928 0.7877 0.5851
vn -0.6356 0.5481 -0.5436
vn -0.0983 -0.2580 0.9611
vn -0.9221 -0.3256 -0.2091
vn 0.7538 -0.5990 0.2703
vn 0.7538 -0.5991 0.2702
vn -0.1812 -0.5745 -0.7982
vn -0.9202 -0.3886 -0.0463
vn 0.3304 0.7996 -0.5015
vn 0.3305 0.7996 -0.5015
vn -0.7697 0.5306 0.3551
vn 0.8914 0.4204 0.1694
vn -0.2882 0.2129 0.9336
vn 0.8598 -0.5090 -0.0397
vn -0.3202 -0.5816 0.7478
vn -0.9966 -0.0441 0.0701
vn 0.0560 -0.9791 -0.1954
vn -0.4205 0.2345 0.8765
vn 0.5434 -0.7138 0.4418
vn 0.0679 0.9802 0.1859
vn 0.9920 -0.0840 -0.0947
vn -0.5414 0.5327 -0.6504
vn 0.4490 -0.4803 -0.7534
vn -0.9704 0.2110 0.1177
vn -0.1971 -0.9650 -0.1728
vn -0.2572 0.3596 0.8969
vn 0.4110 -0.8034 0.4308
vn 0.3189 0.9347 0.1572
vn 0.9329 -0.3324 -0.1385
vn -0.3794 0.6612 -0.6472
vn 0.3172 -0.5717 -0.7567
vn 0.2759 -0.9582 -0.0762
vn 0.0451 0.1006 -0.9939
vn 0.7901 -0.2299 0.5682
vn 0.5177 0.6938 -0.5007
vn -0.1647 0.1311 0.9776
vn -0.2937 0.9381 -0.1836
vn -0.6174 -0.6616 0.4257
vn -0.7149 0.3148 -0.6244
vn 0.0678 0.1091 -0.9917
vn -0.4466 0.8915 0.0762
vn 0.9202 -0.0869 -0.3817
vn 0.2707 0.7831 0.5599
vn 0.4626 -0.8674 0.1834
vn -0.1427 0.1405 0.9797
vn -0.3859 -0.7691 -0.5095
vn -0.8739 0.1865 0.4490
vn -0.7208 0.6338 -0.2806
vn -0.6594 -0.7381 0.1429
vn -0.0063 0.8205 0.5716
vn -0.0063 0.8205 0.5717
vn -0.0204 -0.5789 0.8152
vn -0.0204 -0.5790 0.8151
vn 0.7504 0.6524 -0.1058
vn 0.6305 -0.7179 0.2951
vn 0.1757 0.3707 -0.9120
vn 0.1218 -0.9305 -0.3453
vn -0.1471 -0.7844 -0.6026
vn -0.9516 -0.0158 0.3069
vn 0.2372 0.2184 -0.9466
vn 0.2371 0.2185 -0.9466
vn -0.5828 0.8111 0.0497
vn 0.9667 0.1179 -0.2271
vn 0.0273 0.7732 0.6336
vn 0.6280 -0.7477 0.2156
vn 0.6280 -0.7477 0.2155
vn -0.2770 0.0552 0.9593
vn -0.4689 0.0108 -0.8832
vn -0.7878 -0.4208 0.4498
vn -0.0484 0.9255 -0.3756
vn -0.3847 0.3213 0.8653
vn 0.8455 0.4176 -0.3328
vn 0.3656 -0.0630 0.9286
vn 0.5240 -0.4902 -0.6966
vn 0.5240 -0.4901 -0.6966
vn 0.0637 -0.7867 0.6140
vn -0.7901 0.2299 -0.5682
vn -0.5177 -0.6938 0.5006
vn -0.2758 0.9582 0.0757
vn -0.0453 -0.1006 0.9939
vn 0.6174 0.6615 -0.4256
vn 0.7149 -0.3148 0.6244
vn 0.1647 -0.1311 -0.9776
vn 0.2936 -0.9381 0.1838
vn -0.8047 -0.1985 -0.5595
vn -0.4401 -0.3644 0.8207
vn -0.4324 0.7924 -0.4303
vn -0.4324 0.7925 -0.4302
vn -0.0878 0.4292 0.8989
vn 0.5401 0.3880 -0.7468
vn 0.7380 0.1492 0.6581
vn 0.1466 -0.6388 -0.7552
vn 0.3576 -0.6716 0.6489
vn -0.8980 -0.2877 -0.3329
vn -0.2189 -0.2995 0.9287
vn -0.6086 0.6992 -0.3751
vn -0.6087 0.6992 -0.3751
vn 0.0532 0.4981 0.8655
vn 0.3294 0.3338 -0.8832
vn 0.8587 0.2453 0.4499
vn -0.0358 -0.7165 -0.6966
vn 0.5013 -0.6100 0.6137
vn -0.8937 -0.4478 0.0261
vn -0.4172 0.8542 -0.3102
vn -0.1947 -0.7832 -0.5906
vn 0.1833 0.5697 -0.8011
vn 0.5243 -0.7949 0.3054
vn 0.8294 0.5546 -0.0664
vn -0.3728 -0.3425 0.8624
vn 0.0390 0.9261 0.3753
vn 0.6589 -0.3646 0.6580
vn 0.6589 -0.3645 0.6580
vn -0.5595 0.3600 0.7465
vn 0.1863 -0.9615 -0.2023
vn -0.9840 -0.1726 0.0440
vn 0.5409 -0.0727 -0.8379
vn 0.5410 -0.0727 -0.8379
vn -0.6548 0.5961 -0.4646
vn 0.9546 0.2975 -0.0174
vn -0.3047 0.9300 0.2055
vn -0.9202 0.0869 0.3817
vn -0.2707 -0.7831 -0.5599
vn -0.0677 -0.1090 0.9917
vn -0.0676 -0.1092 0.9917
vn 0.4465 -0.8915 -0.0764
vn 0.3860 0.7690 0.5095
vn 0.8739 -0.1865 -0.4490
vn -0.4628 0.8674 -0.1828
vn 0.1427 -0.1404 -0.9798
vn 0.3728 0.3425 -0.8624
vn 0.3728 0.3424 -0.8624
vn -0.0391 -0.9263 -0.3747
vn -0.5243 0.7949 -0.3054
vn -0.8294 -0.5546 0.0664
vn 0.1947 0.7832 0.5905
vn 0.1946 0.7832 0.5905
vn -0.1834 -0.5692 0.8014
vn 0.8937 0.4478 -0.0261
vn 0.4172 -0.8542 0.3102
vn 0.9297 0.3653 0.0477
vn -0.8125 0.3920 0.4315
vn 0.2007 0.8763 -0.4379
vn 0.2006 0.8764 -0.4378
vn -0.9259 -0.3350 -0.1745
vn 0.0978 0.2578 -0.9612
vn -0.2673 -0.9554 0.1255
vn 0.6639 -0.2687 -0.6979
vn 0.9619 0.2460 -0.1190
vn 0.1006 -0.7482 -0.6558
vn 0.2964 0.8834 -0.3630
vn 0.2963 0.8834 -0.3630
vn -0.4732 -0.2029 -0.8573
vn -0.2170 0.7135 0.6662
vn -0.9395 -0.3410 0.0325
vn 0.6684 -0.0358 0.7429
vn 0.6684 -0.0359 0.7429
vn -0.1570 -0.9842 0.0824
vn -0.1569 -0.9842 0.0827
vn 0.8984 0.4031 -0.1745
vn -0.2495 0.1173 -0.9612
vn 0.3113 0.8467 0.4314
vn -0.7536 0.4899 -0.4382
vn 0.1386 -0.1656 0.9764
vn -0.9221 -0.3839 0.0477
vn 0.8565 -0.5006 0.1256
vn 0.8565 -0.5007 0.1256
vn -0.2907 -0.6544 -0.6980
vn -0.7590 0.0412 0.6498
vn -0.7591 0.0412 0.6497
vn 0.6577 0.0298 0.7527
vn -0.6319 0.7167 -0.2949
vn 0.7719 0.6284 -0.0959
vn -0.5887 -0.3732 -0.7170
vn 0.8111 -0.3395 -0.4763
vn 0.8111 -0.3395 -0.4762
vn -0.6844 -0.7167 0.1337
vn -0.6843 -0.7168 0.1338
vn 0.7218 -0.6319 0.2822
vn 0.7217 -0.6321 0.2822
vn -0.7884 0.1139 -0.6045
vn 0.2897 0.9387 -0.1871
vn 0.2897 0.9387 -0.1870
vn -0.0291 -0.7734 -0.6332
vn 0.9679 0.1440 -0.2059
vn -0.4262 -0.7748 0.4669
vn 0.6176 0.1385 0.7742
vn -0.9572 -0.0424 0.2862
vn -0.9572 -0.0425 0.2862
vn 0.1484 0.7856 0.6006
vn 0.1483 0.7856 0.6007
vn -0.8914 -0.4204 -0.1695
vn 0.2882 -0.2128 -0.9336
vn -0.3304 -0.7996 0.5014
vn 0.7697 -0.5304 -0.3552
vn -0.1779 0.2627 0.9483
vn 0.9202 0.3886 0.0463
vn -0.8599 0.5090 0.0397
vn -0.8598 0.5090 0.0397
vn 0.3199 0.5818 -0.7478
vn -0.3700 -0.9208 0.1236
vn 0.7545 -0.2106 0.6216
vn 0.7544 -0.2110 0.6215
vn -0.8879 -0.2155 0.4065
vn -0.8879 -0.2155 0.4064
vn 0.2927 0.4231 0.8575
vn 0.2926 0.4230 0.8576
vn -0.8830 0.3407 -0.3228
vn 0.2883 0.9319 0.2200
vn -0.1833 -0.3923 -0.9014
vn 0.9178 0.2679 -0.2931
vn -0.4944 -0.6731 -0.5500
vn -0.4731 -0.6976 -0.5380
vn -0.5176 -0.6640 -0.5396
vn 0.7675 -0.0680 -0.6374
vn 0.7309 -0.0429 -0.6812
vn 0.7568 -0.0053 -0.6536
vn -0.3107 -0.6960 0.6473
vn -0.3598 -0.6925 0.6253
vn -0.3477 -0.6880 0.6370
vn 0.8947 -0.0808 0.4392
vn 0.8963 -0.0422 0.4415
vn 0.8977 -0.0860 0.4322
vn -0.4292 -0.3989 0.8103
vn -0.4368 -0.4108 0.8003
vn -0.4347 -0.3719 0.8202
vn 0.7829 0.1995 0.5893
vn 0.8112 0.1850 0.5548
vn 0.8162 0.1916 0.5451
vn -0.9241 0.3713 0.0906
vn -0.9162 0.3978 0.0479
vn -0.9321 0.3616 0.0210
vn 0.3411 0.9278 -0.1512
vn 0.3349 0.9348 -0.1183
vn 0.3875 0.9091 -0.1531
vn -0.9447 -0.0734 -0.3197
vn 0.1747 0.7190 -0.6727
vn -0.4114 -0.8184 -0.4012
vn 0.6453 0.0594 -0.7616
vn 0.6454 0.0594 -0.7616
vn -0.0564 -0.7059 0.7061
vn 0.9590 0.1659 0.2296
vn -0.8108 0.1757 0.5584
vn 0.2886 0.9519 0.1031
vn -0.4258 -0.5637 -0.7078
vn 0.7986 -0.6017 0.0106
vn -0.8675 -0.4793 0.1328
vn 0.4196 -0.5377 0.7313
vn -0.8405 0.4614 0.2840
vn 0.4465 0.2692 0.8533
vn -0.3114 0.5926 -0.7429
vn 0.9137 0.4047 -0.0362
vn 0.5435 -0.0793 -0.8356
vn 0.5435 -0.0792 -0.8356
vn -0.0112 -0.9952 0.0975
vn -0.4201 0.5374 -0.7312
vn -0.8521 -0.4986 0.1591
vn 0.1168 0.9758 0.1848
vn -0.3567 -0.1407 0.9236
vn 0.9027 0.4258 -0.0627
vn 0.6319 -0.7167 0.2948
vn -0.7719 -0.6284 0.0958
vn 0.7592 -0.0411 -0.6496
vn 0.7591 -0.0411 -0.6496
vn -0.6575 -0.0298 -0.7529
vn 0.6853 0.7161 -0.1327
vn 0.6852 0.7161 -0.1327
vn -0.7203 0.6350 -0.2792
vn 0.5946 0.3721 0.7127
vn -0.8058 0.3473 0.4796
vn -0.8058 0.3473 0.4797
vn -0.9757 -0.2119 -0.0555
vn -0.1765 0.9357 -0.3054
vn -0.3738 -0.6922 -0.6174
vn 0.3440 0.5228 -0.7800
vn 0.2941 -0.9040 0.3102
vn 0.9433 0.3316 0.0152
vn -0.5471 -0.2640 0.7944
vn 0.1966 0.8861 0.4197
vn 0.8047 0.4210 -0.4187
vn 0.8046 0.4210 -0.4187
vn -0.4689 0.0128 -0.8831
vn -0.4690 0.0128 -0.8831
vn 0.3860 0.8878 0.2508
vn -0.8446 0.4430 -0.3007
vn 0.3671 -0.0622 0.9281
vn -0.8580 -0.4157 0.3017
vn 0.9096 -0.4131 -0.0452
vn 0.9096 -0.4130 -0.0452
vn -0.3713 -0.7362 -0.5659
vn -0.8316 -0.5467 0.0982
vn -0.5255 0.8396 0.1377
vn 0.0821 -0.7765 -0.6248
vn 0.0906 0.7019 -0.7065
vn 0.7819 -0.5728 -0.2461
vn 0.5413 0.8357 -0.0928
vn 0.0160 -0.7837 0.6209
vn 0.0236 0.6836 0.7295
vn -0.9537 -0.2996 -0.0262
vn 0.2942 -0.9040 0.3102
vn -0.6844 0.4275 0.5906
vn 0.5279 -0.2819 0.8011
vn -0.1759 0.9358 -0.3054
vn 0.9818 0.1781 0.0664
vn -0.5062 -0.0131 -0.8623
vn 0.6720 -0.6384 -0.3753
vn -0.1994 -0.9799 -0.0091
vn -0.9376 0.2225 0.2672
vn 0.3956 -0.5920 -0.7021
vn -0.6085 0.5023 -0.6143
vn 0.9352 0.1716 -0.3099
vn -0.1936 0.9796 0.0542
vn 0.6194 -0.6078 0.4969
vn -0.3772 0.4085 0.8312
vn -0.2638 -0.9638 -0.0395
vn -0.2638 -0.9638 -0.0396
vn -0.2639 -0.9637 -0.0396
vn 0.6345 -0.1958 0.7477
vn 0.6344 -0.1961 0.7477
vn -0.9330 -0.3176 0.1695
vn 0.0590 0.3534 0.9336
vn -0.7934 0.3450 -0.5015
vn -0.7934 0.3451 -0.5014
vn -0.7934 0.3451 -0.5015
vn 0.1848 0.9162 0.3556
vn 0.9316 0.3606 -0.0463
vn -0.9862 -0.1426 0.0845
vn 0.1725 -0.9788 0.1107
vn -0.5253 0.5641 0.6371
vn 0.5007 -0.4874 0.7154
vn 0.2066 0.9558 -0.2090
vn 0.9654 -0.2481 -0.0806
vn -0.4942 0.3438 -0.7984
vn 0.5153 -0.6810 -0.5202
vn -0.8121 0.2843 0.5095
vn -0.4983 -0.7417 -0.4490
vn 0.1245 -0.0313 0.9917
vn 0.2989 -0.9512 -0.0762
vn 0.6009 0.7023 0.3817
vn 0.7391 -0.3745 -0.5599
vn -0.2706 0.9452 -0.1829
vn -0.2706 0.9452 -0.1827
vn -0.0049 -0.2002 -0.9797
vn 0.1490 -0.9852 -0.0848
vn 0.9749 0.1681 -0.1462
vn -0.4919 -0.4990 0.7135
vn 0.5582 0.5372 0.6324
vn -0.9731 0.2202 0.0681
vn 0.2215 0.9745 -0.0357
vn -0.4024 -0.7112 -0.5763
vn 0.6572 0.2986 -0.6921
vn 0.5320 -0.6533 0.5387
vn -0.8376 -0.5339 0.1157
vn 0.8586 -0.3104 -0.4080
vn -0.5743 -0.3862 -0.7218
vn 0.5781 0.7351 -0.3541
vn -0.7913 0.3843 -0.4756
vn 0.6737 0.2508 0.6952
vn 0.6737 0.2507 0.6951
vn 0.6737 0.2507 0.6952
vn -0.7962 0.2200 0.5636
vn -0.2301 -0.8768 0.4222
vn -0.9289 0.1179 -0.3511
vn 0.6192 -0.7607 -0.1949
vn 0.6192 -0.7607 -0.1950
vn -0.3267 0.0768 -0.9420
vn 0.9684 0.2235 0.1103
vn -0.1644 0.8190 -0.5497
vn 0.4187 -0.2390 0.8761
vn -0.5937 0.7218 0.3557
vn -0.5986 -0.7676 0.2292
vn 0.7325 -0.4013 0.5499
vn -0.8772 0.2095 0.4320
vn 0.5388 0.2807 0.7943
vn -0.4608 0.6333 -0.6218
vn 0.8368 0.5466 -0.0302
vn -0.4669 -0.4230 -0.7766
vn 0.9158 -0.2571 -0.3087
vn 0.9158 -0.2570 -0.3087
vn -0.8331 -0.5531 0.0049
vn -0.4536 0.6908 -0.5630
vn 0.1154 -0.9662 -0.2307
vn 0.1954 0.3267 -0.9247
vn 0.1954 0.3268 -0.9247
vn 0.7483 -0.4547 0.4830
vn 0.5838 0.7709 -0.2547
vn -0.1145 -0.4515 0.8849
vn -0.0414 0.9305 0.3638
vn 0.9070 -0.0062 0.4211
vn -0.4805 0.0122 0.8769
vn 0.5181 -0.8401 -0.1610
vn 0.5181 -0.8401 -0.1609
vn -0.8099 -0.5198 0.2717
vn 0.5839 -0.2956 -0.7561
vn -0.8616 -0.1688 -0.4788
vn 0.5412 0.7994 -0.2610
vn -0.7884 0.5880 0.1806
vn 0.6768 0.0945 -0.7301
vn -0.4149 -0.8256 -0.3824
vn -0.1280 0.7810 -0.6112
vn -0.9606 -0.2537 -0.1137
vn 0.4915 0.7592 0.4267
vn -0.5610 -0.1850 0.8069
vn 0.9525 -0.0675 0.2970
vn -0.2251 -0.8281 0.5134
vn 0.5571 0.1643 -0.8140
vn -0.5049 -0.7623 -0.4050
vn -0.1667 0.9754 -0.1440
vn -0.9602 -0.1304 0.2470
vn 0.6512 0.6245 0.4312
vn -0.3497 -0.3516 0.8684
vn 0.9342 -0.2396 -0.2641
vn -0.2033 -0.9638 0.1726
vn -0.9429 -0.2585 -0.2101
vn 0.1097 -0.7995 0.5905
vn -0.6352 0.7392 0.2238
vn -0.6352 0.7392 0.2237
vn 0.3145 -0.1139 0.9424
vn 0.2534 0.8238 -0.5070
vn 0.2534 0.8239 -0.5070
vn 0.9183 -0.0691 0.3899
vn -0.2520 -0.0118 -0.9676
vn 0.6467 -0.7585 -0.0799
vn 0.8000 -0.0822 0.5943
vn 0.8022 -0.1156 0.5858
vn 0.8108 -0.0606 0.5821
vn -0.5311 -0.5164 0.6718
vn -0.5239 -0.4686 0.7113
vn -0.5675 -0.4626 0.6811
vn 0.7325 -0.3465 -0.5860
vn 0.7645 -0.3079 -0.5664
vn 0.7531 -0.3141 -0.5781
vn -0.5699 -0.7222 -0.3920
vn -0.5976 -0.6960 -0.3981
vn -0.5687 -0.7272 -0.3844
vn 0.6183 -0.0686 -0.7829
vn 0.6316 -0.0708 -0.7720
vn 0.6040 -0.0465 -0.7957
vn -0.6777 -0.4596 -0.5741
vn -0.6894 -0.4861 -0.5371
vn -0.6980 -0.4839 -0.5279
vn 0.4112 0.8965 -0.1651
vn 0.3854 0.9142 -0.1250
vn 0.4208 0.9021 -0.0953
vn -0.8948 0.4408 0.0708
vn -0.8939 0.4468 0.0371
vn -0.9153 0.3955 0.0764
vn -0.3793 -0.8909 -0.2501
vn 0.8498 -0.4349 0.2979
vn -0.8044 -0.4206 0.4197
vn 0.4695 -0.0085 0.8829
vn 0.3717 0.7359 0.5659
vn 0.7365 0.1714 -0.6544
vn -0.6391 -0.1845 -0.7467
vn 0.4267 0.8122 0.3977
vn -0.8880 0.3648 0.2798
vn -0.9043 0.3682 0.2162
vn -0.9062 0.3597 0.2222
vn 0.7288 -0.3373 0.5958
vn 0.7549 -0.3183 0.5735
vn 0.7544 -0.2724 0.5972
vn -0.5973 -0.6564 0.4609
vn -0.6117 -0.6742 0.4138
vn 0.8310 -0.4763 0.2872
vn -0.5268 -0.8324 0.1720
vn -0.5700 -0.8001 0.1870
vn -0.5778 -0.8049 0.1350
vn 0.1024 0.5100 -0.8541
vn -0.8031 0.5958 -0.0070
vn -0.5652 -0.7934 0.2261
vn 0.0268 0.8543 0.5191
vn 0.0106 -0.5851 0.8109
vn 0.6144 0.3918 0.6849
vn -0.6216 -0.3094 0.7197
vn -0.6215 -0.3094 0.7197
vn -0.4658 -0.6941 -0.5489
vn -0.8624 -0.4920 -0.1191
vn 0.4480 -0.6077 -0.6558
vn -0.4554 -0.4906 0.7429
vn -0.4554 -0.4906 0.7430
vn 0.7972 -0.5981 0.0823
vn -0.3402 0.6637 0.6662
vn 0.9123 0.4082 0.0325
vn -0.8273 0.4287 -0.3629
vn 0.4815 0.1829 -0.8572
vn -0.1262 -0.9525 0.2772
vn 0.3191 0.2343 0.9183
vn -0.5089 -0.0062 -0.8608
vn -0.5089 -0.0061 -0.8608
vn 0.0091 1.0000 -0.0033
vn 0.4484 -0.6074 -0.6558
vn 0.7320 0.0259 0.6809
vn -0.6877 0.0447 0.7246
vn 0.6420 -0.7414 -0.1953
vn -0.7687 -0.6365 -0.0635
vn 0.6210 0.3002 -0.7240
vn -0.7878 0.2919 -0.5423
vn 0.6804 0.7275 0.0882
vn -0.7307 0.6570 0.1859
vn 0.8832 -0.1905 0.4285
vn -0.3574 -0.8797 0.3137
vn 0.6313 0.3071 -0.7122
vn -0.5913 -0.4047 -0.6976
vn -0.5992 -0.3985 -0.6944
vn 0.2434 0.9460 0.2139
vn 0.2593 0.9516 0.1650
vn -0.9623 0.2480 0.1116
vn -0.9632 0.2483 0.1024
vn -0.9687 0.2081 0.1357
vn 0.2647 0.8054 0.5304
vn 0.3141 0.8016 0.5087
vn -0.9056 0.1040 0.4113
vn -0.9277 0.0841 0.3638
vn -0.9195 0.0397 0.3911
vn -0.2834 -0.9160 -0.2839
vn 0.5081 0.1167 -0.8534
vn 0.5081 0.1168 -0.8533
vn -0.6980 0.1090 0.7077
vn 0.1559 0.9877 -0.0110
vn 0.0490 -0.9258 0.3748
vn 0.3846 -0.3214 -0.8653
vn 0.4688 -0.0109 0.8832
vn -0.5240 0.4902 0.6965
vn -0.0637 0.7867 -0.6140
vn -0.0596 -0.3536 -0.9335
vn -0.9305 -0.3048 0.2031
vn 0.2181 0.7253 -0.6529
vn -0.6561 0.5990 0.4590
vn -0.0549 0.3124 0.9484
vn 0.7629 -0.6216 -0.1776
vn -0.2151 -0.4912 0.8441
vn -0.6209 -0.3001 0.7242
vn 0.7873 -0.2919 0.5431
vn -0.7320 -0.0260 -0.6808
vn -0.7320 -0.0260 -0.6809
vn 0.6878 -0.0448 -0.7245
vn 0.7238 -0.1726 0.6681
vn -0.6416 0.2130 0.7369
vn 0.4277 -0.8802 -0.2055
vn 0.6090 0.1108 -0.7854
vn -0.7388 0.4538 -0.4982
vn -0.5341 0.8208 0.2023
vn -0.3982 -0.9113 0.1048
vn -0.3862 -0.9139 0.1248
vn 0.9149 -0.3962 -0.0769
vn 0.9180 -0.3905 -0.0685
vn -0.6471 0.0072 0.7624
vn 0.6793 0.4539 0.5767
vn 0.6869 0.4884 0.5381
vn -0.7351 0.3709 0.5675
vn -0.7636 0.3099 0.5664
vn 0.6151 0.7128 0.3370
vn -0.8241 0.1238 -0.5528
vn -0.8315 0.0641 -0.5517
vn 0.5241 0.4689 -0.7109
vn 0.6843 0.1436 -0.7149
vn -0.3420 -0.8089 -0.4782
vn -0.0442 0.9545 -0.2949
vn 0.5168 0.5573 0.6498
vn -0.4934 -0.4359 0.7527
vn 0.9903 -0.0385 0.1332
vn -0.0777 -0.9567 0.2804
vn 0.5784 0.4798 -0.6598
vn 0.5786 0.4796 -0.6597
vn -0.7942 0.1164 -0.5964
vn 0.6861 0.2153 0.6949
vn -0.6909 -0.1378 0.7098
vn -0.6909 -0.1378 0.7097
vn -0.5756 -0.8100 -0.1126
vn -0.5440 -0.4903 0.6810
vn 0.4633 0.5104 0.7245
vn -0.9949 0.0490 0.0877
vn -0.9949 0.0491 0.0877
vn 0.0670 0.9806 0.1840
vn 0.3585 0.7582 -0.5446
vn 0.3584 0.7582 -0.5446
vn 0.6980 -0.1089 -0.7078
vn -0.1555 -0.9878 0.0103
vn -0.1882 0.6424 -0.7429
vn -0.9381 -0.3444 -0.0362
vn 0.2833 0.9160 0.2839
vn 0.2833 0.9160 0.2840
vn -0.5081 -0.1170 0.8533
vn 0.9568 0.2587 0.1328
vn -0.7182 -0.6346 -0.2854
vn -0.7184 -0.6344 -0.2854
vn 0.6510 -0.4630 -0.6014
vn 0.8584 -0.4775 0.1875
vn 0.7957 0.5696 0.2059
vn 0.5367 0.3283 -0.7773
vn 0.7761 -0.0012 0.6306
vn -0.5373 0.8406 -0.0679
vn -0.5373 0.8407 -0.0679
vn 0.8517 0.5097 -0.1214
vn -0.9302 -0.3577 -0.0823
vn 0.0156 -0.2154 0.9764
vn -0.7538 0.5989 -0.2703
vn 0.9221 0.3256 0.2091
vn 0.6357 -0.5482 0.5435
vn -0.9139 -0.3979 -0.0799
vn 0.0549 0.8868 0.4589
vn 0.8807 0.4280 0.2030
vn -0.1161 -0.9772 -0.1777
vn -0.1161 -0.9772 -0.1776
vn 0.4962 -0.2035 0.8440
vn -0.6684 0.0360 -0.7429
vn 0.1569 0.9842 -0.0827
vn -0.2965 -0.8834 0.3629
vn 0.9591 0.2341 0.1591
vn -0.3355 -0.4349 -0.8356
vn 0.6999 -0.7076 0.0969
vn 0.7000 -0.7076 0.0971
vn -0.7623 0.6202 0.1850
vn 0.3542 0.1469 0.9236
vn -0.2201 -0.7202 0.6579
vn -0.2201 -0.7201 0.6580
vn 0.1518 0.6478 0.7465
vn -0.3382 -0.4284 -0.8379
vn 0.0561 0.8837 -0.4646
vn 0.1057 -0.8908 0.4418
vn 0.0186 0.7591 -0.6507
vn 0.0113 -0.6574 -0.7534
vn -0.5660 0.5941 0.5715
vn 0.4171 -0.4017 0.8153
vn 0.4171 -0.4016 0.8153
vn -0.3841 0.1443 -0.9120
vn 0.5595 -0.7535 -0.3453
vn -0.0679 -0.9802 -0.1859
vn -0.9920 0.0839 0.0947
vn 0.4206 -0.2345 -0.8764
vn -0.5434 0.7138 -0.4418
vn 0.9966 0.0441 -0.0701
vn -0.0560 0.9791 0.1954
vn 0.5410 -0.5324 0.6511
vn -0.4490 0.4804 0.7534
vn 0.9930 0.0529 0.1058
vn -0.0461 0.9544 -0.2951
vn -0.5594 0.7534 0.3456
vn -0.9871 0.0720 -0.1430
vn 0.5660 -0.5941 -0.5715
vn -0.4171 0.4015 -0.8154
vn 0.9704 -0.2110 -0.1178
vn 0.1971 0.9651 0.1727
vn 0.3790 -0.6610 0.6477
vn -0.3172 0.5716 0.7567
vn -0.3189 -0.9347 -0.1572
vn -0.9329 0.3325 0.1385
vn 0.2572 -0.3596 -0.8969
vn -0.4110 0.8034 -0.4308
vn 0.3270 0.9148 -0.2373
vn -0.2198 0.2670 -0.9383
vn -0.9643 0.1961 -0.1778
vn -0.4040 0.7222 0.5614
vn 0.2850 -0.4920 0.8226
vn 0.0652 -0.4372 -0.8970
vn -0.2633 0.8631 -0.4309
vn 0.1872 -0.7386 0.6476
vn -0.1696 0.6315 0.7566
vn 0.1144 -0.5593 0.8210
vn 0.3823 -0.7327 -0.5630
vn -0.4480 0.8307 0.3307
vn -0.4479 0.8307 0.3306
vn -0.0503 0.3364 -0.9404
vn 0.4325 -0.7922 0.4306
vn 0.0878 -0.4292 -0.8989
vn -0.1469 0.6392 0.7549
vn -0.1470 0.6392 0.7549
vn -0.3576 0.6716 -0.6489
vn -0.4079 -0.7147 0.5682
vn 0.4682 -0.8804 -0.0756
vn -0.1024 0.0409 -0.9939
vn 0.9037 -0.0462 0.4257
vn 0.0275 0.2084 0.9777
vn -0.4413 0.8784 -0.1836
vn -0.7444 0.3776 -0.5507
vn -0.5868 -0.7423 0.3235
vn -0.1151 -0.2974 0.9478
vn 0.8359 0.5332 -0.1305
vn 0.4872 -0.6253 0.6096
vn 0.2090 0.2072 -0.9557
vn 0.0874 -0.9896 -0.1142
vn 0.0749 -0.9908 -0.1128
vn 0.2002 0.1347 -0.9704
vn 0.6251 -0.3971 0.6720
vn 0.7082 0.6176 -0.3422
vn -0.3606 0.0866 0.9287
vn -0.1409 0.9778 -0.1551
vn -0.7866 -0.5632 0.2532
vn -0.5299 0.4691 -0.7065
vn -0.7767 -0.5875 -0.2271
vn -0.1451 0.9882 0.0497
vn 0.0685 -0.9741 0.2155
vn 0.0685 -0.9741 0.2156
vn 0.1607 0.2323 0.9593
vn -0.9667 -0.1179 0.2271
vn -0.0273 -0.7732 -0.6336
vn -0.2374 -0.2183 0.9466
vn 0.5828 -0.8111 -0.0498
vn 0.9516 0.0158 -0.3069
vn -0.6281 0.7477 -0.2154
vn 0.2770 -0.0553 -0.9593
vn -0.3703 -0.3492 0.8608
vn 0.7020 -0.7122 0.0028
vn -0.1001 0.7483 0.6558
vn -0.7529 0.5968 -0.2774
vn 0.3922 0.0535 -0.9183
vn -0.9546 -0.2975 0.0174
vn -0.5410 0.0727 0.8379
vn -0.5409 0.0727 0.8379
vn 0.6548 -0.5961 0.4646
vn -0.1862 0.9615 0.2023
vn 0.9840 0.1726 -0.0440
vn -0.6590 0.3645 -0.6579
vn -0.6591 0.3645 -0.6578
vn 0.5595 -0.3601 -0.7465
vn 0.5060 0.0131 0.8624
vn 0.5061 0.0131 0.8624
vn -0.6721 0.6385 0.3750
vn 0.6845 -0.4275 -0.5906
vn 0.6844 -0.4275 -0.5906
vn 0.3354 0.4349 0.8357
vn -0.6999 0.7076 -0.0970
vn 0.7624 -0.6201 -0.1850
vn -0.3546 -0.1464 -0.9235
vn 0.6610 -0.3697 0.6530
vn -0.0551 -0.8865 -0.4594
vn 0.1162 0.9772 0.1777
vn -0.4962 0.2040 -0.8439
vn -0.4962 0.2036 -0.8440
vn -0.8807 -0.4280 -0.2030
vn 0.4258 0.5637 0.7077
vn 0.4258 0.5637 0.7078
vn -0.7985 0.6018 -0.0103
vn 0.8406 -0.4613 -0.2840
vn 0.8405 -0.4613 -0.2840
vn -0.4466 -0.2692 -0.8533
vn -0.6090 -0.1110 0.7853
vn -0.6091 -0.1110 0.7853
vn 0.7387 -0.4538 0.4984
vn -0.7237 0.1726 -0.6681
vn 0.6413 -0.2128 -0.7371
vn 0.2674 0.9554 -0.1256
vn 0.2674 0.9554 -0.1255
vn -0.6639 0.2683 0.6980
vn -0.0978 -0.2578 0.9612
vn 0.8126 -0.3917 -0.4316
vn -0.2007 -0.8763 0.4380
vn -0.2006 -0.8764 0.4379
vn 0.7499 -0.2375 -0.6174
vn -0.6103 0.1362 -0.7804
vn 0.5766 0.1907 0.7944
vn -0.7577 0.5001 0.4193
vn -0.7576 0.5001 0.4194
vn 0.5471 0.2640 -0.7944
vn -0.9433 -0.3316 -0.0152
vn 0.3739 0.6922 0.6173
vn -0.3439 -0.5224 0.7803
vn 0.9757 0.2119 0.0555
vn -0.8709 -0.2577 -0.4186
vn -0.8709 -0.2576 -0.4185
vn 0.3289 0.3321 -0.8841
vn 0.3288 0.3321 -0.8841
vn -0.3696 -0.9282 -0.0440
vn 0.7759 -0.2736 -0.5684
vn 0.9056 0.2979 0.3018
vn -0.8934 0.3731 0.2504
vn 0.3038 0.9045 -0.2994
vn 0.8136 -0.1692 -0.5562
vn 0.8137 -0.1691 -0.5562
vn -0.9590 -0.1659 -0.2296
vn 0.4113 0.8185 0.4011
vn 0.4114 0.8185 0.4011
vn -0.6454 -0.0594 0.7615
vn -0.6454 -0.0595 0.7615
vn -0.6455 -0.0599 0.7614
vn 0.9451 0.0739 0.3182
vn -0.1719 -0.7212 0.6710
vn 0.7300 0.6043 -0.3192
vn -0.6268 0.3974 -0.6702
vn 0.4639 0.6887 0.5573
vn -0.8669 0.4877 0.1031
vn -0.6961 -0.1469 0.7027
vn 0.6775 0.1913 0.7102
vn 0.6791 0.2009 0.7061
vn -0.8395 0.4828 -0.2494
vn 0.5583 0.8064 -0.1953
vn -0.7273 0.3380 -0.5973
vn -0.7157 0.3227 -0.6194
vn -0.7610 0.3032 -0.5735
vn 0.6500 0.6265 -0.4301
vn -0.4575 -0.8129 -0.3603
vn -0.4859 -0.7914 -0.3710
vn 0.8798 -0.4115 -0.2380
vn 0.4085 0.8568 -0.3147
vn -0.8468 0.2263 -0.4813
vn -0.8521 0.2259 -0.4721
vn 0.4603 0.4100 0.7874
vn 0.4601 0.4553 0.7622
vn -0.8152 -0.1155 0.5675
vn -0.8202 -0.1588 0.5496
vn 0.5583 0.0797 0.8258
vn 0.5966 0.1035 0.7959
vn -0.7209 -0.4511 0.5261
vn 0.9161 -0.3501 -0.1952
vn 0.9272 -0.2991 -0.2256
vn -0.3833 -0.8157 -0.4333
vn 0.9573 0.0440 -0.2859
vn -0.1469 -0.7831 -0.6043
vn 0.4317 0.7747 -0.4620
vn 0.4318 0.7747 -0.4620
vn -0.6104 -0.1354 -0.7804
vn -0.9679 -0.1440 0.2059
vn 0.7884 -0.1139 0.6045
vn 0.7884 -0.1140 0.6045
vn -0.2895 -0.9387 0.1873
vn -0.2896 -0.9387 0.1872
vn 0.4932 0.4356 -0.7530
vn -0.6843 -0.1436 0.7150
vn 0.3422 0.8089 0.4782
vn 0.3421 0.8089 0.4782
vn -0.5792 -0.4795 0.6592
vn 0.7943 -0.1169 0.5962
vn -0.6859 -0.2153 -0.6952
vn 0.6910 0.1380 -0.7095
vn 0.6911 0.1380 -0.7095
vn 0.8875 0.2154 -0.4073
vn -0.2959 -0.4204 -0.8577
vn 0.3699 0.9208 -0.1236
vn -0.7546 0.2103 -0.6215
vn -0.2975 -0.9296 -0.2177
vn 0.9166 -0.3970 -0.0478
vn -0.3868 -0.9093 0.1536
vn -0.3926 -0.9082 0.1449
vn 0.4304 0.4003 -0.8090
vn 0.4916 0.3770 -0.7850
vn -0.7827 -0.1963 -0.5906
vn -0.8110 -0.1818 -0.5561
vn 0.3086 0.6969 -0.6474
vn 0.3577 0.6935 -0.6254
vn -0.8964 0.0809 -0.4359
vn -0.9044 0.0265 -0.4258
vn -0.9230 0.0484 -0.3817
vn 0.5314 0.6777 0.5082
vn -0.7311 0.0428 0.6809
vn 0.9076 -0.4016 0.1221
vn -0.3918 -0.6760 0.6242
vn -0.8578 0.4649 0.2191
vn 0.7882 0.4619 0.4066
vn -0.5031 0.0974 0.8587
vn -0.9056 -0.2979 -0.3017
vn -0.7818 0.2668 0.5636
vn -0.7818 0.2669 0.5636
vn 0.8706 0.2568 0.4197
vn 0.8706 0.2568 0.4196
vn -0.3301 -0.3359 0.8822
vn 0.8934 -0.3729 -0.2505
vn -0.3035 -0.9046 0.2992
vn 0.7536 -0.4899 0.4382
vn 0.2900 0.6550 0.6978
vn 0.9221 0.3839 -0.0476
vn -0.8539 0.2439 -0.4597
vn 0.4042 0.8680 -0.2886
vn 0.4117 0.8627 -0.2938
vn -0.3298 -0.7774 -0.5356
vn 0.9055 -0.1075 -0.4105
vn 0.9244 -0.0987 -0.3683
vn -0.2035 -0.9566 -0.2087
vn -0.1952 -0.9638 -0.1815
vn -0.2561 -0.9449 -0.2037
vn 0.9793 -0.1874 -0.0767
vn -0.6755 -0.3224 0.6632
vn 0.5572 0.3866 0.7349
vn 0.4001 0.6274 -0.6680
vn 0.4001 0.6273 -0.6681
vn -0.3129 -0.5987 -0.7374
vn -0.2153 -0.8399 0.4983
vn -0.9335 -0.3495 0.0800
vn 0.0549 -0.3125 -0.9483
vn -0.2179 -0.7254 0.6529
vn 0.6560 -0.5992 -0.4589
vn 0.2151 0.4912 -0.8440
vn -0.2501 0.1171 -0.9611
vn -0.8891 -0.4072 0.2090
vn 0.1253 0.9546 -0.2703
vn -0.5297 0.2863 0.7984
vn 0.6863 -0.4321 -0.5850
vn 0.6863 -0.4322 -0.5850
vn -0.0754 -0.8362 0.5431
vn -0.7873 -0.4626 -0.4077
vn 0.5063 -0.0995 -0.8566
vn -0.3943 -0.8604 0.3228
vn 0.8577 -0.4653 -0.2189
vn 0.8577 -0.4653 -0.2188
vn 0.8577 -0.4652 -0.2189
vn -0.4045 0.1544 0.9014
vn 0.4003 0.6758 -0.6189
vn 0.4003 0.6759 -0.6189
vn -0.4001 -0.6273 0.6682
vn 0.3128 0.5987 0.7374
vn -0.5148 -0.3437 -0.7854
vn -0.5147 -0.3436 -0.7855
vn 0.2153 0.8398 -0.4984
vn -0.8665 0.3001 0.3990
vn 0.5015 0.4050 0.7645
vn -0.5313 0.4681 -0.7061
vn -0.4637 -0.6888 -0.5573
vn 0.8670 -0.4876 -0.1029
vn 0.6241 -0.3963 0.6734
vn -0.6146 -0.3920 -0.6846
vn 0.6219 0.3092 -0.7195
vn -0.7759 0.0071 0.6309
vn 0.4656 0.6940 0.5491
vn 0.4659 0.6939 0.5490
vn -0.4233 -0.4133 -0.8062
vn -0.4685 -0.4198 -0.7774
vn 0.8284 0.1614 -0.5363
vn 0.8529 0.1250 -0.5069
vn -0.4244 -0.8654 0.2666
vn -0.4688 -0.8337 0.2920
vn 0.8464 -0.2266 0.4818
vn 0.8237 -0.2728 0.4971
vn -0.9042 0.3409 0.2573
vn -0.9135 0.3156 0.2568
vn -0.9008 0.3597 0.2433
vn 0.4328 0.7970 0.4213
vn 0.4372 0.7995 0.4120
vn -0.5833 -0.1057 -0.8054
vn -0.6156 -0.0708 -0.7849
vn 0.6898 0.4257 -0.5856
vn 0.7226 0.4002 -0.5637
vn -0.3676 -0.7566 0.5407
vn -0.3676 -0.7566 0.5408
vn 0.9949 -0.0498 -0.0881
vn -0.0696 -0.9798 -0.1874
vn 0.5442 0.4903 -0.6808
vn 0.5441 0.4903 -0.6808
vn -0.4630 -0.5101 -0.7248
vn -0.4629 -0.5098 -0.7252
vn -0.4630 -0.5100 -0.7249
vn -0.7500 0.2374 0.6173
vn -0.7501 0.2374 0.6173
vn 0.6105 -0.1364 0.7802
vn -0.5768 -0.1906 -0.7944
vn 0.7575 -0.5001 -0.4195
vn 0.7575 -0.5001 -0.4196
vn 0.8471 -0.2584 0.4644
vn 0.8471 -0.2584 0.4643
vn -0.5366 -0.3285 0.7773
vn -0.5364 -0.3286 0.7773
vn -0.7957 -0.5696 -0.2059
vn -0.8635 0.4687 -0.1864
vn 0.7178 0.6347 0.2863
vn -0.6519 0.4593 0.6034
vn -0.6251 0.3972 -0.6719
vn -0.7082 -0.6176 0.3422
vn -0.0751 0.9907 0.1134
vn -0.0752 0.9907 0.1135
vn -0.2000 -0.1350 0.9704
vn 0.7866 0.5632 -0.2532
vn 0.5299 -0.4691 0.7065
vn 0.1409 -0.9778 0.1548
vn 0.7529 -0.5968 0.2773
vn -0.3919 -0.0540 0.9184
vn 0.3700 0.3494 -0.8608
vn -0.7018 0.7123 -0.0035
vn -0.7019 0.7123 -0.0033
vn -0.9384 -0.0485 -0.3423
vn -0.2377 -0.0421 -0.9704
vn 0.1988 0.3131 0.9287
vn -0.5786 0.8008 -0.1547
vn -0.5435 0.0792 0.8356
vn -0.9027 -0.4258 0.0627
vn -0.1167 -0.9758 -0.1849
vn 0.3567 0.1408 -0.9236
vn -0.3067 0.4816 -0.8210
vn -0.2347 0.7925 0.5630
vn 0.6077 0.4714 0.6392
vn 0.2559 -0.9086 -0.3300
vn 0.1979 -0.2767 0.9404
vn 0.7208 -0.6338 0.2806
vn -0.1757 -0.3705 0.9121
vn -0.1758 -0.3706 0.9120
vn -0.1218 0.9305 0.3453
vn -0.7504 -0.6524 0.1058
vn 0.0062 -0.8209 -0.5710
vn 0.0207 0.5783 -0.8156
vn -0.5101 -0.4623 -0.7253
vn -0.7645 -0.0838 0.6391
vn -0.1148 0.5596 -0.8208
vn -0.3823 0.7326 0.5631
vn 0.4479 -0.8307 -0.3305
vn 0.0502 -0.3366 0.9403
vn -0.0653 0.4373 0.8969
vn 0.2634 -0.8631 0.4308
vn 0.5507 0.8264 0.1177
vn -0.1871 0.7390 -0.6472
vn 0.1696 -0.6314 -0.7567
vn -0.0869 0.8443 0.5287
vn -0.0869 0.8443 0.5288
vn 0.7696 0.4656 0.4370
vn 0.0622 -0.9586 -0.2777
vn 0.3483 -0.2316 0.9083
vn -0.2404 0.8703 -0.4299
vn -0.2354 0.3695 0.8989
vn 0.2100 -0.7313 0.6489
vn 0.0049 0.2002 0.9797
vn -0.2989 0.9512 0.0763
vn 0.2402 -0.8701 0.4303
vn 0.2354 -0.3696 -0.8989
vn -0.3388 0.5609 0.7553
vn -0.2100 0.7312 -0.6490
vn 0.5568 0.8114 -0.1777
vn 0.8038 -0.5346 0.2608
vn -0.0278 0.3453 -0.9381
vn 0.2788 -0.9015 -0.3309
vn -0.8711 0.4300 -0.2372
vn -0.4464 -0.8701 0.2090
vn -0.2119 0.7997 0.5618
vn 0.1374 -0.5519 0.8225
vn -0.9569 -0.1421 -0.2533
vn -0.0546 -0.7056 0.7066
vn -0.6349 0.7642 0.1131
vn -0.6349 0.7643 0.1133
vn 0.2374 0.0424 0.9705
vn 0.1730 0.7201 -0.6719
vn 0.9383 0.0485 0.3423
vn -0.1991 -0.3130 -0.9287
vn -0.1990 -0.3130 -0.9287
vn 0.5787 -0.8007 0.1551
vn -0.1815 -0.3918 -0.9020
vn -0.0656 -0.6429 0.7631
vn 0.5247 -0.6672 -0.5287
vn -0.6219 0.7322 0.2777
vn -0.6219 0.7322 0.2776
vn 0.0893 0.4086 -0.9083
vn 0.4942 -0.4168 0.7630
vn 0.4942 -0.4168 0.7629
vn 0.0869 -0.8444 -0.5286
vn -0.0621 0.9586 0.2779
vn -0.3485 0.2319 -0.9082
vn -0.7696 -0.4656 -0.4369
vn 0.8711 -0.4300 0.2373
vn 0.0279 -0.3455 0.9380
vn -0.8038 0.5347 -0.2608
vn 0.2118 -0.7996 -0.5620
vn -0.1374 0.5517 -0.8226
vn -0.9037 0.0461 -0.4256
vn -0.2949 -0.7234 0.6243
vn -0.4681 0.8804 0.0757
vn 0.1025 -0.0408 0.9939
vn 0.4080 0.7147 -0.5681
vn 0.8545 -0.1386 0.5006
vn -0.0272 -0.2088 -0.9776
vn 0.4412 -0.8784 0.1838
vn 0.9644 -0.1960 0.1778
vn 0.2060 0.9432 -0.2608
vn -0.3271 -0.9147 0.2372
vn -0.9258 0.3149 -0.2091
vn 0.4038 -0.7220 -0.5618
vn -0.2849 0.4922 -0.8225
vn -0.8588 -0.2453 -0.4499
vn 0.6085 -0.6995 0.3748
vn -0.0531 -0.4981 -0.8655
vn -0.5013 0.6096 -0.6141
vn 0.3224 0.0079 0.9466
vn 0.1451 -0.9881 -0.0501
vn 0.7767 0.5875 0.2272
vn -0.0684 0.9742 -0.2153
vn -0.1606 -0.2323 -0.9593
vn -0.6863 0.4321 0.5851
vn 0.0757 0.8359 -0.5436
vn -0.1251 -0.9546 0.2702
vn -0.1252 -0.9546 0.2703
vn 0.9461 0.2410 0.2164
vn -0.6480 -0.2780 0.7091
vn 0.4221 0.7115 0.5619
vn 0.7200 0.2010 -0.6643
vn 0.9329 0.3176 -0.1694
vn 0.2639 0.9637 0.0396
vn -0.6344 0.1962 -0.7477
vn 0.7935 -0.3449 0.5014
vn -0.1845 -0.9164 -0.3553
vn -0.1846 -0.9163 -0.3554
vn 0.1261 0.9525 -0.2773
vn -0.3192 -0.2336 -0.9184
vn 0.5089 0.0063 0.8608
vn -0.0091 -1.0000 0.0032
vn -0.8769 -0.2005 0.4369
vn 0.0652 0.6432 -0.7629
vn -0.5246 0.6673 0.5286
vn 0.9114 0.2546 -0.3234
vn 0.6219 -0.7321 -0.2778
vn -0.0891 -0.4089 0.9082
vn 0.8274 -0.4287 0.3629
vn -0.4812 -0.1830 0.8573
vn 0.3402 -0.6637 -0.6662
vn 0.4555 0.4906 -0.7429
vn -0.7973 0.5980 -0.0820
vn 0.8624 0.4921 0.1190
vn 0.2201 0.7201 -0.6580
vn -0.1517 -0.6479 -0.7465
vn 0.3382 0.4282 0.8380
vn -0.2557 0.9085 0.3305
vn -0.1979 0.2768 -0.9403
vn -0.6880 -0.0224 0.7253
vn 0.3067 -0.4820 0.8207
vn 0.2347 -0.7924 -0.5631
vn -0.0186 -0.7587 0.6512
vn -0.0113 0.6571 0.7537
vn -0.6405 0.7426 0.1954
vn -0.1393 -0.4612 -0.8763
vn -0.1393 -0.4615 -0.8761
vn -0.1057 0.8907 -0.4422
vn 0.1929 0.7876 0.5852
vn 0.1930 0.7876 0.5852
vn 0.1929 0.7877 0.5851
vn 0.7537 -0.5991 0.2701
vn -0.1816 -0.5741 -0.7984
vn 0.3302 0.7997 -0.5014
vn -0.7698 0.5300 0.3557
vn 0.8914 0.4204 0.1695
vn 0.8598 -0.5091 -0.0396
vn -0.3200 -0.5818 0.7478
vn -0.9966 -0.0440 0.0701
vn -0.4204 0.2344 0.8765
vn 0.5435 -0.7140 0.4414
vn -0.5409 0.5324 -0.6511
vn 0.4491 -0.4806 -0.7532
vn -0.9704 0.2109 0.1177
vn -0.2575 0.3600 0.8967
vn 0.4110 -0.8034 0.4309
vn 0.3190 0.9346 0.1572
vn -0.3791 0.6610 -0.6476
vn 0.3172 -0.5718 -0.7566
vn 0.2758 -0.9582 -0.0757
vn 0.0452 0.1005 -0.9939
vn 0.7902 -0.2299 0.5681
vn -0.1647 0.1312 0.9776
vn -0.2937 0.9381 -0.1838
vn -0.6174 -0.6615 0.4257
vn 0.0675 0.1095 -0.9917
vn -0.4465 0.8915 0.0764
vn 0.4627 -0.8674 0.1833
vn -0.1427 0.1404 0.9798
vn -0.3859 -0.7690 -0.5095
vn -0.7209 0.6337 -0.2806
vn -0.0063 0.8206 0.5714
vn -0.0063 0.8206 0.5715
vn -0.0205 -0.5786 0.8154
vn 0.7505 0.6524 -0.1058
vn 0.1757 0.3713 -0.9117
vn 0.1757 0.3710 -0.9119
vn 0.1218 -0.9304 -0.3457
vn 0.2373 0.2183 -0.9466
vn -0.5828 0.8110 0.0501
vn 0.6282 -0.7477 0.2153
vn -0.2769 0.0549 0.9593
vn -0.4688 0.0109 -0.8833
vn -0.7877 -0.4208 0.4499
vn -0.0488 0.9257 -0.3751
vn -0.3846 0.3210 0.8655
vn 0.8454 0.4176 -0.3329
vn 0.3655 -0.0630 0.9287
vn 0.5240 -0.4896 -0.6969
vn 0.5240 -0.4899 -0.6967
vn 0.0638 -0.7870 0.6137
vn -0.7901 0.2300 -0.5682
vn -0.2758 0.9582 0.0758
vn -0.0452 -0.1007 0.9939
vn 0.6174 0.6616 -0.4257
vn 0.1647 -0.1306 -0.9777
vn 0.2936 -0.9381 0.1836
vn -0.4323 0.7927 -0.4298
vn -0.4324 0.7926 -0.4299
vn -0.0878 0.4293 0.8989
vn 0.1466 -0.6388 -0.7553
vn 0.3575 -0.6715 0.6490
vn -0.2190 -0.2995 0.9286
vn -0.6086 0.6992 -0.3750
vn -0.6086 0.6993 -0.3750
vn 0.0530 0.4984 0.8653
vn 0.3295 0.3338 -0.8832
vn 0.8588 0.2453 0.4498
vn -0.0356 -0.7168 -0.6964
vn 0.5012 -0.6097 0.6140
vn -0.1947 -0.7832 -0.5905
vn -0.1946 -0.7831 -0.5906
vn 0.1833 0.5693 -0.8015
vn -0.3728 -0.3424 0.8624
vn 0.0391 0.9263 0.3747
vn 0.6590 -0.3646 0.6579
vn -0.5595 0.3601 0.7465
vn -0.5595 0.3600 0.7466
vn 0.1863 -0.9614 -0.2023
vn 0.5408 -0.0726 -0.8380
vn -0.6551 0.5962 -0.4641
vn 0.9546 0.2974 -0.0174
vn 0.4466 -0.8915 -0.0762
vn 0.3859 0.7691 0.5095
vn 0.8738 -0.1865 -0.4490
vn -0.4626 0.8674 -0.1834
vn 0.1427 -0.1405 -0.9797
vn 0.3729 0.3427 -0.8623
vn -0.0391 -0.9263 -0.3748
vn 0.1946 0.7832 0.5906
vn -0.1834 -0.5697 0.8011
vn 0.8937 0.4479 -0.0261
vn 0.2010 0.8761 -0.4382
vn -0.2674 -0.9554 0.1255
vn -0.2675 -0.9553 0.1256
vn 0.6639 -0.2686 -0.6979
vn 0.6639 -0.2685 -0.6979
vn 0.9619 0.2460 -0.1191
vn 0.1007 -0.7482 -0.6558
vn 0.2965 0.8834 -0.3628
vn -0.4732 -0.2032 -0.8572
vn -0.4732 -0.2033 -0.8572
vn 0.6683 -0.0360 0.7430
vn -0.1571 -0.9842 0.0823
vn -0.1571 -0.9841 0.0823
vn 0.3117 0.8465 0.4315
vn 0.3116 0.8466 0.4315
vn -0.7536 0.4901 -0.4380
vn -0.7536 0.4902 -0.4380
vn -0.2906 -0.6545 -0.6980
vn -0.7592 0.0411 0.6496
vn 0.6574 0.0299 0.7529
vn 0.8110 -0.3395 -0.4764
vn -0.6846 -0.7166 0.1336
vn 0.7213 -0.6326 0.2820
vn 0.7215 -0.6324 0.2820
vn 0.2896 0.9387 -0.1872
vn 0.6177 0.1388 0.7741
vn 0.1482 0.7856 0.6008
vn 0.2882 -0.2129 -0.9336
vn -0.3303 -0.7997 0.5014
vn 0.7697 -0.5306 -0.3551
vn -0.8598 0.5091 0.0396
vn 0.3198 0.5819 -0.7478
vn -0.3698 -0.9208 0.1237
vn -0.3699 -0.9208 0.1236
vn 0.7546 -0.2104 0.6216
vn 0.7546 -0.2103 0.6216
vn -0.8879 -0.2153 0.4066
vn -0.8830 0.3408 -0.3228
vn 0.2882 0.9320 0.2199
vn 0.2882 0.9320 0.2200
vn -0.1832 -0.3923 -0.9014
vn -0.4772 -0.6887 -0.5459
vn 0.7570 -0.0051 -0.6534
vn 0.7635 -0.0081 -0.6457
vn -0.3477 -0.6879 0.6371
vn -0.3527 -0.7204 0.5972
vn 0.8948 -0.0808 0.4392
vn 0.8983 -0.0340 0.4381
vn -0.4292 -0.3989 0.8104
vn -0.4721 -0.4108 0.7800
vn 0.8052 0.2429 0.5410
vn -0.9411 0.3351 0.0456
vn 0.3380 0.9293 -0.1491
vn -0.9448 -0.0736 -0.3192
vn 0.1752 0.7189 -0.6727
vn -0.4115 -0.8184 -0.4011
vn 0.6452 0.0589 -0.7617
vn 0.9590 0.1660 0.2296
vn 0.2887 0.9519 0.1030
vn 0.7988 -0.6015 0.0111
vn -0.8675 -0.4794 0.1328
vn -0.8404 0.4614 0.2841
vn 0.4460 0.2697 0.8535
vn 0.9137 0.4048 -0.0363
vn 0.5435 -0.0794 -0.8357
vn -0.0112 -0.9952 0.0977
vn -0.0112 -0.9952 0.0976
vn -0.4202 0.5374 -0.7312
vn 0.1166 0.9758 0.1850
vn -0.3566 -0.1414 0.9235
vn 0.9027 0.4257 -0.0627
vn 0.6319 -0.7168 0.2948
vn -0.7719 -0.6285 0.0958
vn 0.7590 -0.0411 -0.6498
vn -0.6573 -0.0298 -0.7530
vn 0.6853 0.7160 -0.1327
vn 0.6854 0.7160 -0.1327
vn -0.7205 0.6348 -0.2790
vn -0.8057 0.3473 0.4797
vn -0.9757 -0.2119 -0.0554
vn -0.1764 0.9357 -0.3054
vn -0.3739 -0.6922 -0.6173
vn 0.3439 0.5225 -0.7802
vn 0.9433 0.3317 0.0152
vn -0.5471 -0.2641 0.7943
vn 0.1969 0.8864 0.4190
vn 0.8051 0.4207 -0.4181
vn 0.8050 0.4208 -0.4183
vn 0.3859 0.8878 0.2508
vn -0.8445 0.4432 -0.3006
vn 0.9095 -0.4132 -0.0453
vn -0.3721 -0.7356 -0.5660
vn 0.0821 -0.7765 -0.6247
vn 0.0906 0.7018 -0.7066
vn 0.0236 0.6835 0.7295
vn 0.0237 0.6835 0.7295
vn -0.6843 0.4275 0.5907
vn -0.6843 0.4275 0.5908
vn 0.5281 -0.2821 0.8010
vn -0.5061 -0.0131 -0.8624
vn 0.6722 -0.6385 -0.3747
vn -0.9376 0.2224 0.2672
vn 0.3957 -0.5921 -0.7020
vn -0.6085 0.5022 -0.6144
vn -0.1937 0.9796 0.0542
vn -0.3772 0.4084 0.8312
vn 0.6345 -0.1953 0.7478
vn -0.9330 -0.3176 0.1694
vn 0.0591 0.3534 0.9336
vn -0.7934 0.3449 -0.5015
vn 0.1845 0.9163 0.3554
vn -0.9861 -0.1427 0.0845
vn 0.2065 0.9559 -0.2090
vn 0.9654 -0.2482 -0.0806
vn 0.5153 -0.6810 -0.5203
vn 0.1245 -0.0318 0.9917
vn 0.2989 -0.9512 -0.0764
vn -0.0050 -0.2001 -0.9798
vn 0.1491 -0.9852 -0.0848
vn -0.4919 -0.4990 0.7134
vn 0.5582 0.5371 0.6324
vn -0.9731 0.2203 0.0681
vn 0.8585 -0.3106 -0.4082
vn 0.5781 0.7351 -0.3540
vn 0.6734 0.2509 0.6954
vn 0.6737 0.2512 0.6951
vn -0.7963 0.2199 0.5635
vn 0.9685 0.2234 0.1104
vn -0.1642 0.8191 -0.5497
vn -0.1642 0.8190 -0.5497
vn 0.4188 -0.2391 0.8760
vn -0.5936 0.7218 0.3558
vn -0.5985 -0.7676 0.2292
vn 0.7326 -0.4012 0.5498
vn -0.8773 0.2094 0.4319
vn 0.5386 0.2807 0.7944
vn 0.8369 0.5466 -0.0302
vn -0.4668 -0.4230 -0.7766
vn 0.9159 -0.2569 -0.3084
vn 0.9159 -0.2570 -0.3083
vn -0.8331 -0.5532 0.0049
vn -0.4536 0.6909 -0.5630
vn 0.5837 0.7710 -0.2547
vn -0.1145 -0.4516 0.8848
vn -0.0414 0.9305 0.3639
vn -0.8617 -0.1688 -0.4786
vn -0.7884 0.5881 0.1806
vn 0.6768 0.0946 -0.7300
vn -0.4148 -0.8256 -0.3825
vn -0.1281 0.7810 -0.6112
vn -0.9606 -0.2537 -0.1138
vn 0.4916 0.7592 0.4266
vn -0.5610 -0.1850 0.8068
vn 0.9525 -0.0674 0.2970
vn 0.5571 0.1642 -0.8141
vn -0.5050 -0.7623 -0.4049
vn -0.1667 0.9754 -0.1441
vn 0.6512 0.6246 0.4311
vn 0.9343 -0.2395 -0.2641
vn 0.1096 -0.7996 0.5905
vn 0.2536 0.8238 -0.5069
vn -0.2520 -0.0117 -0.9676
vn 0.6467 -0.7585 -0.0801
vn 0.8108 -0.0607 0.5821
vn 0.7985 -0.1056 0.5926
vn -0.5677 -0.4626 0.6810
vn -0.5700 -0.4700 0.6739
vn 0.7776 -0.3298 -0.5354
vn -0.6049 -0.6911 -0.3955
vn 0.6039 -0.0465 -0.7957
vn 0.6562 -0.0443 -0.7533
vn -0.7258 -0.4392 -0.5295
vn 0.4467 0.8870 -0.1175
vn -0.8935 0.4438 0.0684
vt 0.000000 0.000000
s 0
f 317/1/1 107/1/1 113/1/1
f 317/1/2 318/1/2 114/1/2
f 319/1/3 318/1/4 113/1/4
f 318/1/5 319/1/5 112/1/5
f 320/1/6 319/1/6 111/1/6
f 320/1/7 106/1/7 112/1/7
f 317/1/8 320/1/8 105/1/8
f 317/1/9 108/1/9 106/1/9
f 322/1/10 321/1/11 37/1/12
f 322/1/13 8/1/14 38/1/15
f 322/1/16 7/1/17 257/1/18
f 322/1/19 323/1/20 258/1/21
f 323/1/22 257/1/23 255/1/24
f 323/1/25 324/1/26 256/1/27
f 321/1/28 324/1/29 255/1/30
f 321/1/31 38/1/32 256/1/33
f 326/1/34 275/1/34 325/1/34
f 326/1/35 276/1/35 302/1/35
f 326/1/36 281/1/36 301/1/36
f 326/1/37 282/1/37 327/1/37
f 328/1/38 281/1/38 327/1/38
f 328/1/39 282/1/40 272/1/40
f 328/1/41 275/1/41 271/1/41
f 328/1/42 276/1/42 325/1/42
f 330/1/43 329/1/43 5/1/43
f 330/1/44 8/1/44 6/1/44
f 330/1/45 7/1/45 9/1/46
f 330/1/47 331/1/47 10/1/47
f 329/1/48 331/1/48 9/1/48
f 331/1/49 329/1/49 6/1/49
f 332/1/50 123/1/50 127/1/50
f 333/1/51 128/1/51 124/1/51
f 334/1/52 333/1/52 127/1/52
f 334/1/53 214/1/53 128/1/53
f 335/1/54 334/1/54 213/1/54
f 334/1/55 335/1/55 208/1/55
f 335/1/56 207/1/56 123/1/56
f 335/1/57 332/1/57 124/1/57
f 336/1/58 83/1/58 93/1/58
f 336/1/59 337/1/59 94/1/59
f 337/1/60 93/1/60 91/1/60
f 337/1/54 338/1/54 92/1/54
f 339/1/61 338/1/61 91/1/61
f 339/1/62 86/1/62 92/1/62
f 339/1/63 85/1/63 83/1/63
f 339/1/64 336/1/64 84/1/64
f 341/1/65 340/1/65 37/1/65
f 341/1/66 46/1/66 38/1/66
f 342/1/67 341/1/67 45/1/67
f 342/1/68 44/1/68 46/1/68
f 342/1/69 43/1/69 35/1/69
f 342/1/70 343/1/70 36/1/70
f 340/1/71 343/1/71 35/1/71
f 340/1/72 38/1/72 36/1/72
f 345/1/73 344/1/74 263/1/75
f 345/1/76 8/1/77 264/1/78
f 345/1/79 7/1/80 5/1/81
f 345/1/82 346/1/83 6/1/84
f 346/1/85 5/1/86 3/1/87
f 346/1/88 347/1/89 4/1/90
f 344/1/91 347/1/92 3/1/93
f 344/1/94 264/1/95 4/1/96
f 348/1/97 135/1/97 145/1/97
f 348/1/98 349/1/98 146/1/98
f 350/1/99 349/1/99 145/1/99
f 350/1/100 142/1/100 146/1/100
f 351/1/101 350/1/101 141/1/101
f 351/1/102 138/1/102 142/1/102
f 351/1/103 137/1/104 135/1/103
f 351/1/105 348/1/105 136/1/105
f 353/1/106 352/1/106 219/1/107
f 353/1/108 218/1/108 220/1/108
f 354/1/109 353/1/109 217/1/109
f 354/1/110 212/1/110 218/1/110
f 354/1/111 211/1/111 215/1/112
f 354/1/113 355/1/113 216/1/113
f 352/1/114 355/1/114 215/1/114
f 352/1/115 220/1/115 216/1/115
f 357/1/116 356/1/116 57/1/116
f 357/1/117 50/1/117 58/1/117
f 357/1/118 49/1/118 41/1/118
f 357/1/119 358/1/119 42/1/119
f 358/1/120 41/1/120 47/1/120
f 358/1/121 359/1/121 48/1/121
f 356/1/122 359/1/122 47/1/123
f 356/1/124 58/1/124 48/1/124
f 361/1/125 360/1/125 121/1/125
f 361/1/126 126/1/126 122/1/126
f 362/1/127 361/1/127 125/1/127
f 362/1/128 124/1/128 126/1/128
f 363/1/129 362/1/129 123/1/129
f 363/1/130 104/1/130 124/1/130
f 363/1/131 103/1/131 121/1/131
f 363/1/132 360/1/132 122/1/132
f 365/1/133 364/1/133 45/1/133
f 365/1/134 54/1/134 46/1/134
f 365/1/135 53/1/135 51/1/135
f 365/1/136 366/1/136 52/1/136
f 366/1/137 51/1/137 43/1/137
f 366/1/138 367/1/138 44/1/138
f 367/1/139 43/1/139 45/1/139
f 367/1/140 364/1/140 46/1/140
f 368/1/141 117/1/142 133/1/143
f 368/1/144 369/1/145 134/1/146
f 369/1/147 133/1/148 129/1/149
f 369/1/150 370/1/151 130/1/152
f 371/1/153 370/1/154 129/1/155
f 371/1/156 126/1/157 130/1/158
f 368/1/159 371/1/160 125/1/161
f 368/1/162 118/1/163 126/1/164
f 373/1/165 372/1/165 9/1/165
f 373/1/166 12/1/166 10/1/166
f 374/1/167 373/1/167 11/1/167
f 373/1/168 374/1/168 2/1/168
f 374/1/169 1/1/169 5/1/169
f 374/1/170 375/1/170 6/1/170
f 375/1/171 5/1/171 9/1/171
f 375/1/172 372/1/172 10/1/172
f 377/1/173 376/1/173 35/1/173
f 377/1/174 8/1/174 36/1/174
f 377/1/175 7/1/176 37/1/175
f 377/1/177 378/1/178 38/1/179
f 378/1/180 37/1/180 35/1/180
f 378/1/181 376/1/181 36/1/181
f 379/1/182 157/1/182 151/1/182
f 379/1/183 380/1/183 152/1/183
f 380/1/184 151/1/184 153/1/185
f 380/1/186 381/1/186 154/1/186
f 382/1/187 381/1/187 153/1/187
f 381/1/188 382/1/188 156/1/188
f 379/1/189 382/1/189 155/1/190
f 379/1/191 158/1/191 156/1/191
f 384/1/192 383/1/192 21/1/192
f 384/1/193 28/1/193 22/1/193
f 385/1/194 384/1/194 27/1/194
f 385/1/195 16/1/195 28/1/195
f 385/1/196 15/1/196 11/1/196
f 385/1/197 386/1/197 12/1/197
f 383/1/198 386/1/198 11/1/198
f 383/1/199 22/1/199 12/1/199
f 388/1/200 387/1/200 125/1/200
f 387/1/201 388/1/201 130/1/201
f 389/1/202 388/1/202 129/1/202
f 389/1/203 128/1/203 130/1/203
f 390/1/204 389/1/204 127/1/204
f 389/1/205 390/1/205 124/1/205
f 390/1/206 123/1/207 125/1/207
f 390/1/208 387/1/209 126/1/208
f 392/1/210 309/1/210 391/1/210
f 392/1/211 310/1/211 314/1/211
f 393/1/212 313/1/213 392/1/212
f 393/1/214 314/1/214 308/1/214
f 393/1/215 303/1/215 307/1/215
f 394/1/216 308/1/216 304/1/216
f 394/1/217 309/1/217 303/1/218
f 394/1/219 310/1/219 391/1/219
f 396/1/220 395/1/220 99/1/220
f 395/1/221 396/1/221 96/1/221
f 397/1/222 396/1/222 95/1/222
f 397/1/223 82/1/223 96/1/223
f 398/1/224 397/1/224 81/1/224
f 398/1/225 90/1/225 82/1/225
f 398/1/226 89/1/226 99/1/226
f 398/1/227 395/1/227 100/1/227
f 399/1/228 91/1/228 99/1/228
f 399/1/229 400/1/229 100/1/229
f 401/1/230 400/1/230 99/1/230
f 401/1/231 90/1/231 100/1/231
f 401/1/232 89/1/232 85/1/232
f 401/1/233 402/1/233 86/1/233
f 402/1/234 85/1/235 91/1/235
f 402/1/236 399/1/236 92/1/236
f 404/1/237 403/1/237 157/1/237
f 404/1/238 110/1/238 158/1/238
f 405/1/239 404/1/239 109/1/239
f 405/1/240 92/1/241 110/1/240
f 405/1/242 91/1/242 93/1/242
f 405/1/243 406/1/243 94/1/243
f 406/1/244 93/1/245 157/1/245
f 406/1/246 403/1/247 158/1/248
f 408/1/249 407/1/249 201/1/249
f 407/1/250 408/1/250 82/1/250
f 408/1/251 81/1/251 95/1/251
f 408/1/252 409/1/252 96/1/252
f 409/1/253 95/1/253 97/1/253
f 410/1/254 98/1/254 96/1/254
f 407/1/255 410/1/256 97/1/255
f 407/1/257 202/1/257 98/1/257
f 411/1/258 87/1/258 147/1/258
f 411/1/259 412/1/259 148/1/259
f 412/1/260 147/1/260 93/1/260
f 412/1/261 413/1/261 94/1/261
f 414/1/262 413/1/262 93/1/262
f 414/1/263 84/1/263 94/1/263
f 414/1/264 83/1/264 87/1/264
f 414/1/265 411/1/265 88/1/265
f 415/1/266 159/1/266 163/1/266
f 415/1/267 416/1/267 164/1/267
f 417/1/268 416/1/268 163/1/268
f 417/1/269 18/1/269 164/1/269
f 418/1/270 417/1/271 17/1/270
f 418/1/272 188/1/272 18/1/272
f 415/1/273 418/1/273 187/1/273
f 415/1/274 160/1/274 188/1/274
f 419/1/275 201/1/275 203/1/275
f 419/1/276 420/1/276 204/1/276
f 421/1/277 420/1/277 203/1/277
f 421/1/278 196/1/278 204/1/278
f 421/1/279 195/1/279 199/1/279
f 421/1/280 422/1/280 200/1/280
f 422/1/281 199/1/281 201/1/281
f 422/1/282 419/1/282 202/1/282
f 424/1/283 423/1/283 235/1/283
f 424/1/284 242/1/284 236/1/284
f 424/1/285 241/1/285 55/1/285
f 424/1/286 425/1/286 56/1/286
f 426/1/287 425/1/287 55/1/287
f 426/1/288 240/1/288 56/1/288
f 423/1/289 426/1/289 239/1/289
f 423/1/290 236/1/290 240/1/290
f 427/1/291 239/1/291 183/1/291
f 427/1/292 428/1/292 184/1/292
f 429/1/293 428/1/294 183/1/294
f 429/1/295 228/1/295 184/1/295
f 429/1/296 227/1/296 235/1/296
f 429/1/297 430/1/297 236/1/297
f 430/1/298 235/1/298 239/1/298
f 430/1/299 427/1/299 240/1/299
f 432/1/300 431/1/300 241/1/300
f 432/1/301 236/1/301 242/1/301
f 433/1/302 432/1/302 235/1/302
f 433/1/303 234/1/303 236/1/303
f 434/1/304 433/1/304 233/1/304
f 434/1/305 238/1/305 234/1/305
f 434/1/306 237/1/306 241/1/306
f 434/1/307 431/1/307 242/1/307
f 436/1/308 435/1/308 191/1/308
f 436/1/309 198/1/309 192/1/309
f 436/1/310 197/1/310 199/1/310
f 436/1/311 437/1/311 200/1/311
f 438/1/312 437/1/312 199/1/312
f 437/1/313 438/1/313 196/1/313
f 435/1/314 438/1/314 195/1/315
f 435/1/316 192/1/316 196/1/316
f 439/1/317 231/1/317 79/1/317
f 439/1/318 440/1/318 80/1/318
f 441/1/319 440/1/319 79/1/319
f 441/1/320 238/1/320 80/1/320
f 441/1/321 237/1/321 233/1/321
f 441/1/322 442/1/322 234/1/322
f 442/1/323 233/1/323 231/1/323
f 442/1/324 439/1/324 232/1/324
f 443/1/325 189/1/325 211/1/325
f 443/1/326 444/1/326 212/1/326
f 445/1/327 444/1/327 211/1/327
f 445/1/328 174/1/328 212/1/328
f 446/1/329 445/1/329 173/1/329
f 446/1/330 178/1/330 174/1/330
f 446/1/331 177/1/332 189/1/332
f 446/1/333 443/1/333 190/1/333
f 447/1/334 173/1/334 223/1/334
f 447/1/335 448/1/335 224/1/335
f 448/1/336 223/1/336 179/1/336
f 448/1/337 449/1/337 180/1/337
f 449/1/338 179/1/338 169/1/338
f 450/1/339 170/1/339 180/1/339
f 447/1/340 450/1/340 169/1/340
f 447/1/341 174/1/341 170/1/341
f 452/1/342 451/1/342 223/1/342
f 452/1/343 230/1/343 224/1/343
f 452/1/344 229/1/344 227/1/344
f 452/1/345 453/1/345 228/1/345
f 454/1/346 453/1/346 227/1/346
f 454/1/347 180/1/347 228/1/347
f 451/1/348 454/1/348 179/1/348
f 451/1/349 224/1/349 180/1/349
f 455/1/350 301/1/350 291/1/350
f 456/1/351 292/1/351 302/1/351
f 456/1/352 275/1/352 301/1/352
f 456/1/353 276/1/353 457/1/353
f 458/1/354 275/1/354 457/1/354
f 457/1/355 288/1/355 458/1/355
f 458/1/356 291/1/356 287/1/356
f 458/1/357 292/1/357 455/1/357
f 460/1/358 459/1/358 143/1/359
f 460/1/360 226/1/360 144/1/360
f 461/1/361 460/1/361 225/1/361
f 461/1/362 218/1/362 226/1/362
f 461/1/363 217/1/363 219/1/363
f 461/1/364 462/1/364 220/1/364
f 462/1/365 219/1/365 143/1/365
f 459/1/366 144/1/366 220/1/366
f 464/1/367 463/1/367 83/1/367
f 463/1/368 464/1/368 86/1/368
f 465/1/369 464/1/369 85/1/370
f 465/1/371 78/1/371 86/1/371
f 466/1/372 465/1/372 77/1/372
f 466/1/373 80/1/373 78/1/373
f 466/1/374 79/1/374 83/1/374
f 466/1/375 463/1/375 84/1/375
f 468/1/376 467/1/376 193/1/376
f 468/1/377 210/1/377 194/1/377
f 469/1/378 468/1/378 209/1/378
f 469/1/379 190/1/379 210/1/379
f 469/1/380 189/1/380 185/1/380
f 469/1/381 470/1/381 186/1/381
f 470/1/382 185/1/382 193/1/382
f 470/1/383 467/1/383 194/1/383
f 472/1/384 471/1/384 207/1/384
f 472/1/385 214/1/385 208/1/385
f 473/1/386 472/1/386 213/1/387
f 473/1/388 210/1/388 214/1/388
f 474/1/389 473/1/389 209/1/389
f 474/1/390 194/1/390 210/1/390
f 474/1/391 193/1/391 207/1/391
f 474/1/392 471/1/392 208/1/392
f 475/1/393 205/1/393 207/1/393
f 475/1/394 476/1/394 208/1/394
f 477/1/395 476/1/395 207/1/395
f 477/1/396 194/1/396 208/1/396
f 478/1/397 477/1/397 193/1/397
f 478/1/398 204/1/398 194/1/398
f 478/1/399 203/1/399 205/1/399
f 478/1/400 475/1/400 206/1/400
f 480/1/401 479/1/401 53/1/401
f 480/1/402 244/1/402 54/1/402
f 481/1/403 480/1/403 243/1/403
f 481/1/404 184/1/404 244/1/404
f 482/1/405 481/1/405 183/1/405
f 482/1/406 240/1/406 184/1/406
f 482/1/407 239/1/407 53/1/407
f 482/1/408 479/1/409 54/1/409
f 483/1/410 243/1/410 245/1/410
f 483/1/194 484/1/194 246/1/194
f 485/1/411 484/1/411 245/1/411
f 485/1/412 176/1/412 246/1/412
f 485/1/413 175/1/413 183/1/413
f 485/1/414 486/1/414 184/1/414
f 486/1/415 183/1/416 243/1/415
f 486/1/417 483/1/417 244/1/417
f 487/1/418 171/1/419 247/1/418
f 487/1/420 488/1/421 248/1/421
f 489/1/422 488/1/422 247/1/422
f 489/1/423 168/1/423 248/1/423
f 490/1/424 489/1/424 167/1/424
f 490/1/425 166/1/425 168/1/425
f 487/1/426 490/1/426 165/1/426
f 487/1/427 172/1/427 166/1/427
f 492/1/428 491/1/428 249/1/428
f 492/1/429 252/1/429 250/1/429
f 493/1/430 492/1/430 251/1/430
f 493/1/431 246/1/431 252/1/431
f 494/1/432 493/1/432 245/1/432
f 493/1/433 494/1/433 244/1/433
f 494/1/434 243/1/434 249/1/434
f 494/1/435 491/1/435 250/1/435
f 495/1/436 103/1/436 123/1/436
f 495/1/437 496/1/437 124/1/437
f 497/1/438 496/1/438 123/1/438
f 497/1/439 208/1/440 124/1/440
f 497/1/441 207/1/441 205/1/441
f 497/1/442 498/1/442 206/1/442
f 498/1/443 205/1/443 103/1/443
f 498/1/444 495/1/444 104/1/444
f 500/1/445 499/1/445 41/1/445
f 500/1/446 28/1/446 42/1/446
f 500/1/447 27/1/447 21/1/447
f 500/1/448 501/1/448 22/1/448
f 502/1/449 501/1/449 21/1/449
f 502/1/450 32/1/450 22/1/450
f 499/1/451 502/1/451 31/1/451
f 499/1/452 42/1/452 32/1/452
f 503/1/453 243/1/453 53/1/453
f 503/1/454 504/1/454 54/1/454
f 504/1/455 53/1/455 45/1/455
f 504/1/456 505/1/456 46/1/456
f 505/1/457 45/1/457 249/1/457
f 505/1/458 506/1/458 250/1/458
f 503/1/459 506/1/459 249/1/459
f 503/1/460 244/1/460 250/1/460
f 508/1/461 507/1/461 11/1/461
f 508/1/462 16/1/462 12/1/462
f 509/1/463 508/1/463 15/1/463
f 508/1/464 509/1/464 14/1/464
f 509/1/465 13/1/465 1/1/466
f 509/1/467 510/1/467 2/1/468
f 507/1/469 510/1/469 1/1/469
f 507/1/470 12/1/470 2/1/470
f 512/1/471 511/1/472 133/1/472
f 511/1/473 512/1/473 140/1/473
f 513/1/474 512/1/474 139/1/474
f 513/1/475 136/1/475 140/1/475
f 513/1/476 135/1/476 131/1/476
f 514/1/477 132/1/477 136/1/477
f 514/1/478 131/1/478 133/1/479
f 514/1/480 511/1/481 134/1/480
f 516/1/482 515/1/482 19/1/482
f 516/1/483 22/1/484 20/1/484
f 516/1/485 21/1/485 11/1/485
f 517/1/486 12/1/486 22/1/486
f 517/1/487 11/1/488 9/1/488
f 517/1/489 518/1/489 10/1/489
f 515/1/490 518/1/491 9/1/490
f 518/1/492 515/1/492 20/1/492
f 520/1/493 519/1/493 255/1/493
f 519/1/494 520/1/494 258/1/494
f 521/1/495 520/1/495 257/1/495
f 521/1/496 252/1/497 258/1/497
f 522/1/498 521/1/498 251/1/498
f 521/1/499 522/1/499 250/1/499
f 522/1/500 249/1/500 255/1/500
f 522/1/501 519/1/501 256/1/501
f 523/1/502 117/1/503 121/1/504
f 523/1/505 524/1/506 122/1/507
f 524/1/508 121/1/509 115/1/510
f 524/1/511 525/1/512 116/1/513
f 526/1/514 525/1/515 115/1/516
f 526/1/517 112/1/518 116/1/519
f 523/1/520 526/1/521 111/1/522
f 523/1/523 118/1/524 112/1/525
f 527/1/526 7/1/527 263/1/528
f 527/1/529 528/1/530 264/1/531
f 528/1/532 263/1/533 259/1/534
f 528/1/535 529/1/536 260/1/537
f 530/1/538 529/1/539 259/1/540
f 530/1/541 258/1/542 260/1/543
f 527/1/544 530/1/545 257/1/546
f 527/1/547 8/1/548 258/1/549
f 532/1/550 531/1/550 263/1/551
f 531/1/552 532/1/552 4/1/552
f 533/1/553 532/1/553 3/1/553
f 533/1/554 268/1/554 4/1/554
f 533/1/555 267/1/555 261/1/555
f 533/1/556 534/1/556 262/1/556
f 534/1/557 261/1/558 263/1/558
f 534/1/559 531/1/559 264/1/559
f 535/1/560 149/1/560 153/1/560
f 535/1/561 536/1/561 154/1/561
f 537/1/562 536/1/563 153/1/562
f 537/1/564 152/1/564 154/1/564
f 537/1/565 151/1/565 145/1/565
f 537/1/566 538/1/566 146/1/566
f 538/1/567 145/1/567 149/1/567
f 538/1/568 535/1/568 150/1/568
f 539/1/569 117/1/569 125/1/569
f 539/1/570 540/1/570 126/1/570
f 540/1/571 125/1/571 121/1/571
f 541/1/572 122/1/572 126/1/572
f 539/1/573 541/1/573 121/1/573
f 539/1/574 118/1/574 122/1/574
f 543/1/575 542/1/575 259/1/575
f 542/1/576 543/1/576 264/1/576
f 544/1/577 543/1/577 263/1/577
f 544/1/578 262/1/579 264/1/579
f 545/1/580 544/1/580 261/1/580
f 544/1/581 545/1/581 254/1/581
f 545/1/582 253/1/582 259/1/582
f 545/1/583 542/1/584 260/1/584
f 546/1/585 7/1/586 29/1/587
f 546/1/588 547/1/589 30/1/590
f 547/1/591 29/1/592 19/1/593
f 547/1/594 548/1/595 20/1/596
f 549/1/597 548/1/598 19/1/599
f 549/1/600 10/1/601 20/1/602
f 546/1/603 549/1/604 9/1/605
f 546/1/606 8/1/607 10/1/608
f 551/1/609 550/1/609 33/1/609
f 551/1/610 40/1/611 34/1/610
f 551/1/612 39/1/612 31/1/612
f 552/1/613 32/1/613 40/1/613
f 552/1/614 31/1/615 29/1/615
f 552/1/616 553/1/616 30/1/616
f 550/1/617 553/1/617 29/1/617
f 553/1/618 550/1/618 34/1/618
f 555/1/619 554/1/619 31/1/619
f 554/1/620 555/1/620 22/1/620
f 555/1/621 21/1/621 19/1/621
f 555/1/622 556/1/622 20/1/623
f 557/1/624 556/1/624 19/1/624
f 556/1/625 557/1/625 30/1/625
f 554/1/626 557/1/626 29/1/626
f 554/1/627 32/1/628 30/1/628
f 558/1/629 99/1/629 107/1/629
f 558/1/630 559/1/630 108/1/630
f 560/1/631 559/1/631 107/1/631
f 560/1/632 106/1/632 108/1/632
f 561/1/633 560/1/633 105/1/633
f 561/1/634 96/1/634 106/1/634
f 561/1/635 95/1/635 99/1/635
f 561/1/636 558/1/636 100/1/636
f 562/1/637 117/1/638 119/1/639
f 562/1/640 563/1/641 120/1/642
f 563/1/643 119/1/644 155/1/645
f 563/1/646 564/1/647 156/1/648
f 565/1/649 564/1/650 155/1/651
f 565/1/652 154/1/653 156/1/654
f 562/1/655 565/1/656 153/1/657
f 562/1/658 118/1/659 154/1/660
f 567/1/661 566/1/661 267/1/661
f 566/1/662 567/1/662 2/1/662
f 568/1/663 567/1/663 1/1/663
f 568/1/664 14/1/664 2/1/665
f 569/1/666 568/1/666 13/1/666
f 569/1/667 266/1/667 14/1/667
f 569/1/668 265/1/668 267/1/668
f 569/1/669 566/1/669 268/1/669
f 570/1/670 213/1/670 221/1/670
f 570/1/671 571/1/671 222/1/671
f 572/1/672 571/1/672 221/1/672
f 572/1/673 216/1/673 222/1/673
f 573/1/674 572/1/674 215/1/674
f 572/1/675 573/1/675 210/1/675
f 573/1/676 209/1/676 213/1/676
f 573/1/677 570/1/677 214/1/677
f 574/1/678 49/1/678 61/1/678
f 574/1/679 575/1/679 62/1/679
f 575/1/680 61/1/680 27/1/680
f 575/1/681 576/1/681 28/1/682
f 576/1/683 27/1/683 41/1/683
f 577/1/684 42/1/684 28/1/684
f 574/1/685 577/1/685 41/1/685
f 574/1/686 50/1/686 42/1/686
f 579/1/687 578/1/687 129/1/687
f 578/1/688 579/1/689 134/1/689
f 580/1/690 579/1/690 133/1/690
f 580/1/691 132/1/691 134/1/691
f 581/1/692 580/1/692 131/1/692
f 581/1/693 128/1/693 132/1/693
f 581/1/694 127/1/694 129/1/694
f 581/1/695 578/1/695 130/1/696
f 583/1/697 582/1/697 93/1/697
f 583/1/698 148/1/698 94/1/698
f 583/1/699 147/1/699 151/1/699
f 583/1/700 584/1/700 152/1/701
f 585/1/702 584/1/702 151/1/702
f 585/1/703 158/1/703 152/1/703
f 582/1/704 585/1/704 157/1/704
f 582/1/705 94/1/705 158/1/705
f 587/1/706 586/1/706 115/1/706
f 587/1/707 102/1/707 116/1/707
f 587/1/708 101/1/708 105/1/708
f 588/1/709 106/1/709 102/1/709
f 588/1/710 105/1/710 111/1/710
f 588/1/711 589/1/711 112/1/711
f 586/1/712 589/1/713 111/1/713
f 589/1/714 586/1/715 116/1/716
f 590/1/717 117/1/717 153/1/718
f 590/1/719 591/1/720 154/1/719
f 592/1/721 591/1/721 153/1/721
f 592/1/722 150/1/722 154/1/722
f 590/1/723 592/1/724 149/1/723
f 590/1/725 118/1/725 150/1/725
f 594/1/726 593/1/727 113/1/728
f 594/1/729 120/1/730 114/1/731
f 595/1/732 594/1/733 119/1/734
f 595/1/735 118/1/736 120/1/737
f 595/1/738 117/1/739 111/1/740
f 595/1/741 596/1/742 112/1/743
f 596/1/744 111/1/745 113/1/746
f 596/1/747 593/1/748 114/1/749
f 597/1/750 1/1/750 267/1/750
f 597/1/751 598/1/751 268/1/751
f 598/1/752 267/1/752 3/1/752
f 598/1/753 599/1/753 4/1/753
f 600/1/754 599/1/754 3/1/755
f 599/1/756 600/1/756 6/1/756
f 597/1/757 600/1/757 5/1/757
f 597/1/758 2/1/758 6/1/758
f 602/1/759 601/1/759 103/1/759
f 602/1/760 206/1/760 104/1/760
f 603/1/761 602/1/761 205/1/761
f 603/1/762 98/1/762 206/1/762
f 603/1/763 97/1/763 101/1/764
f 603/1/765 604/1/765 102/1/765
f 604/1/766 101/1/766 103/1/766
f 604/1/767 601/1/767 104/1/767
f 606/1/768 605/1/768 35/1/768
f 606/1/769 44/1/769 36/1/769
f 607/1/770 606/1/770 43/1/770
f 607/1/771 40/1/771 44/1/771
f 607/1/772 39/1/772 33/1/772
f 607/1/773 608/1/773 34/1/773
f 605/1/774 608/1/774 33/1/774
f 608/1/775 605/1/775 36/1/775
f 609/1/776 65/1/776 25/1/776
f 610/1/777 26/1/777 66/1/777
f 610/1/778 25/1/778 23/1/778
f 610/1/779 611/1/779 24/1/779
f 612/1/780 611/1/780 23/1/780
f 612/1/781 62/1/781 24/1/781
f 609/1/782 612/1/782 61/1/782
f 609/1/783 66/1/783 62/1/783
f 614/1/784 613/1/784 51/1/784
f 614/1/785 56/1/785 52/1/785
f 614/1/786 55/1/786 57/1/786
f 615/1/787 58/1/787 56/1/787
f 615/1/788 57/1/788 47/1/788
f 615/1/789 616/1/789 48/1/789
f 616/1/790 47/1/790 51/1/790
f 616/1/791 613/1/791 52/1/791
f 617/1/792 179/1/792 227/1/792
f 617/1/793 618/1/793 228/1/793
f 618/1/794 227/1/795 183/1/796
f 618/1/797 619/1/797 184/1/797
f 619/1/798 183/1/798 175/1/798
f 619/1/799 620/1/799 176/1/799
f 617/1/800 620/1/801 175/1/801
f 617/1/802 180/1/802 176/1/802
f 621/1/803 143/1/803 219/1/803
f 621/1/804 622/1/804 220/1/804
f 622/1/805 219/1/805 137/1/805
f 622/1/806 623/1/807 138/1/806
f 624/1/808 623/1/808 137/1/808
f 624/1/809 142/1/809 138/1/809
f 621/1/810 624/1/810 141/1/810
f 621/1/811 144/1/811 142/1/811
f 626/1/812 625/1/812 77/1/812
f 625/1/813 626/1/813 76/1/813
f 627/1/814 626/1/814 75/1/814
f 627/1/815 70/1/815 76/1/815
f 628/1/816 627/1/816 69/1/816
f 628/1/817 74/1/817 70/1/817
f 628/1/818 73/1/818 77/1/818
f 628/1/819 625/1/819 78/1/819
f 630/1/820 629/1/820 231/1/820
f 630/1/821 226/1/821 232/1/821
f 630/1/822 225/1/823 143/1/822
f 630/1/824 631/1/824 144/1/824
f 632/1/825 631/1/825 143/1/825
f 632/1/826 88/1/826 144/1/826
f 629/1/827 632/1/828 87/1/827
f 629/1/829 232/1/829 88/1/829
f 633/1/830 73/1/830 69/1/830
f 633/1/831 634/1/831 70/1/831
f 634/1/832 69/1/832 63/1/832
f 634/1/833 635/1/833 64/1/833
f 635/1/834 63/1/834 59/1/834
f 635/1/835 636/1/835 60/1/835
f 633/1/836 636/1/836 59/1/836
f 633/1/837 74/1/837 60/1/837
f 637/1/838 191/1/838 181/1/838
f 638/1/839 182/1/839 192/1/839
f 638/1/840 181/1/840 159/1/840
f 638/1/841 639/1/841 160/1/841
f 640/1/842 639/1/842 159/1/842
f 639/1/843 640/1/843 188/1/843
f 637/1/844 640/1/844 187/1/844
f 637/1/845 192/1/845 188/1/845
f 642/1/846 641/1/846 85/1/846
f 642/1/847 90/1/847 86/1/847
f 643/1/848 642/1/848 89/1/848
f 643/1/849 76/1/849 90/1/849
f 644/1/850 643/1/850 75/1/850
f 644/1/851 78/1/851 76/1/851
f 644/1/852 77/1/853 85/1/852
f 644/1/854 641/1/854 86/1/854
f 645/1/855 69/1/855 67/1/855
f 645/1/856 646/1/856 68/1/856
f 646/1/857 67/1/857 65/1/857
f 646/1/858 647/1/858 66/1/858
f 648/1/859 647/1/859 65/1/859
f 647/1/860 648/1/860 64/1/860
f 645/1/861 648/1/861 63/1/862
f 645/1/863 70/1/863 64/1/863
f 649/1/864 73/1/864 237/1/864
f 649/1/865 650/1/865 238/1/865
f 650/1/866 237/1/866 79/1/866
f 650/1/867 651/1/867 80/1/867
f 651/1/868 79/1/868 77/1/868
f 651/1/869 652/1/869 78/1/869
f 649/1/870 652/1/870 77/1/870
f 649/1/871 74/1/871 78/1/871
f 654/1/872 653/1/872 217/1/872
f 654/1/873 224/1/873 218/1/873
f 654/1/874 223/1/874 173/1/874
f 654/1/875 655/1/875 174/1/875
f 655/1/876 173/1/876 211/1/876
f 655/1/877 656/1/877 212/1/877
f 653/1/878 656/1/878 211/1/878
f 653/1/879 218/1/879 212/1/879
f 657/1/880 187/1/880 25/1/880
f 658/1/881 26/1/881 188/1/881
f 659/1/882 658/1/882 25/1/882
f 659/1/883 198/1/883 26/1/883
f 659/1/884 197/1/884 191/1/884
f 659/1/885 660/1/885 192/1/885
f 660/1/886 191/1/886 187/1/886
f 660/1/887 657/1/887 188/1/887
f 662/1/888 661/1/888 81/1/888
f 661/1/889 662/1/889 202/1/889
f 663/1/890 662/1/891 201/1/891
f 663/1/892 200/1/892 202/1/892
f 664/1/893 663/1/893 199/1/893
f 664/1/894 72/1/894 200/1/894
f 664/1/895 71/1/895 81/1/895
f 664/1/896 661/1/896 82/1/896
f 666/1/897 665/1/897 209/1/897
f 666/1/898 216/1/898 210/1/898
f 667/1/899 666/1/899 215/1/900
f 667/1/901 212/1/901 216/1/901
f 668/1/902 667/1/902 211/1/902
f 668/1/903 190/1/903 212/1/903
f 668/1/904 189/1/904 209/1/904
f 668/1/905 665/1/905 210/1/905
f 669/1/906 169/1/907 171/1/907
f 669/1/908 670/1/908 172/1/908
f 670/1/909 171/1/909 165/1/909
f 670/1/910 671/1/910 166/1/910
f 672/1/911 671/1/911 165/1/911
f 672/1/912 162/1/912 166/1/912
f 672/1/913 161/1/913 169/1/913
f 672/1/914 669/1/914 170/1/914
f 673/1/915 233/1/915 229/1/915
f 673/1/916 674/1/916 230/1/916
f 674/1/917 229/1/917 225/1/917
f 674/1/918 675/1/918 226/1/918
f 675/1/919 225/1/919 231/1/919
f 675/1/920 676/1/920 232/1/920
f 673/1/921 676/1/921 231/1/921
f 673/1/922 234/1/922 232/1/922
f 677/1/923 71/1/923 199/1/923
f 678/1/924 200/1/924 72/1/924
f 679/1/925 678/1/925 199/1/925
f 679/1/926 198/1/926 200/1/926
f 679/1/927 197/1/927 67/1/927
f 680/1/928 68/1/928 198/1/928
f 680/1/929 67/1/929 71/1/929
f 680/1/930 677/1/930 72/1/930
f 682/1/931 681/1/931 235/1/931
f 682/1/932 228/1/932 236/1/932
f 683/1/933 682/1/933 227/1/933
f 683/1/934 230/1/934 228/1/934
f 684/1/935 683/1/935 229/1/935
f 684/1/936 234/1/936 230/1/936
f 684/1/937 233/1/937 235/1/937
f 684/1/938 681/1/938 236/1/938
f 685/1/939 169/1/939 179/1/939
f 685/1/940 686/1/940 180/1/940
f 686/1/941 179/1/941 175/1/941
f 686/1/942 687/1/942 176/1/942
f 687/1/943 175/1/943 171/1/943
f 687/1/944 688/1/944 172/1/944
f 685/1/945 688/1/946 171/1/946
f 685/1/947 170/1/947 172/1/947
f 689/1/948 161/1/948 165/1/948
f 689/1/949 690/1/949 166/1/949
f 690/1/950 165/1/950 163/1/950
f 690/1/951 691/1/951 164/1/951
f 692/1/952 691/1/952 163/1/952
f 692/1/953 160/1/953 164/1/954
f 692/1/955 159/1/955 161/1/955
f 692/1/956 689/1/956 162/1/956
f 693/1/957 215/1/957 221/1/957
f 693/1/958 694/1/958 222/1/958
f 694/1/959 221/1/959 137/1/959
f 694/1/635 695/1/635 138/1/635
f 696/1/960 695/1/960 137/1/960
f 696/1/961 220/1/961 138/1/961
f 693/1/962 696/1/962 219/1/962
f 693/1/963 216/1/963 220/1/963
f 697/1/964 315/1/964 299/1/964
f 697/1/965 316/1/965 698/1/965
f 699/1/966 315/1/966 698/1/966
f 699/1/967 316/1/967 310/1/967
f 699/1/968 311/1/968 309/1/968
f 699/1/969 312/1/969 700/1/969
f 697/1/970 311/1/970 700/1/970
f 697/1/971 312/1/971 300/1/971
f 701/1/972 253/1/972 261/1/972
f 701/1/973 702/1/973 262/1/973
f 703/1/974 702/1/974 261/1/974
f 703/1/975 168/1/975 262/1/975
f 704/1/976 703/1/976 167/1/976
f 704/1/977 248/1/977 168/1/977
f 704/1/978 247/1/978 253/1/978
f 704/1/979 701/1/979 254/1/979
f 705/1/980 167/1/980 265/1/980
f 706/1/981 266/1/981 168/1/981
f 707/1/982 706/1/982 265/1/982
f 707/1/983 164/1/983 266/1/983
f 708/1/984 707/1/984 163/1/984
f 707/1/985 708/1/985 166/1/985
f 708/1/986 165/1/986 167/1/986
f 708/1/987 705/1/987 168/1/987
f 709/1/988 59/1/988 63/1/988
f 709/1/989 710/1/989 64/1/989
f 710/1/990 63/1/991 49/1/991
f 710/1/992 711/1/992 50/1/992
f 711/1/993 49/1/993 57/1/993
f 711/1/994 712/1/994 58/1/994
f 709/1/995 712/1/996 57/1/995
f 709/1/997 60/1/997 58/1/997
f 714/1/998 713/1/998 43/1/998
f 714/1/999 52/1/999 44/1/999
f 715/1/981 714/1/981 51/1/981
f 715/1/1000 48/1/1000 52/1/1000
f 715/1/1001 47/1/1001 39/1/1001
f 715/1/1002 716/1/1002 40/1/1002
f 713/1/1003 716/1/1003 39/1/1003
f 713/1/1004 44/1/1004 40/1/1004
f 718/1/1005 717/1/1005 265/1/1005
f 717/1/1006 718/1/1006 14/1/1006
f 719/1/1007 718/1/1007 13/1/1007
f 719/1/1008 18/1/1009 14/1/1010
f 719/1/1011 17/1/1011 163/1/1011
f 720/1/1012 164/1/1012 18/1/1012
f 720/1/1013 163/1/1014 265/1/1013
f 720/1/1015 717/1/1015 266/1/1015
f 722/1/1016 721/1/1016 161/1/1016
f 722/1/1017 178/1/1017 162/1/1017
f 722/1/1018 177/1/1018 173/1/1018
f 722/1/1019 723/1/1019 174/1/1019
f 723/1/1020 173/1/1020 169/1/1020
f 723/1/1021 724/1/1021 170/1/1021
f 721/1/1022 724/1/1022 169/1/1022
f 724/1/1023 721/1/1023 162/1/1023
f 725/1/1024 79/1/1024 231/1/1024
f 725/1/1025 726/1/1025 232/1/1025
f 726/1/1026 231/1/1026 87/1/1027
f 726/1/1028 727/1/1029 88/1/1029
f 727/1/1030 87/1/1030 83/1/1030
f 728/1/1031 84/1/1031 88/1/1031
f 725/1/1032 728/1/1032 83/1/1032
f 725/1/1033 80/1/1033 84/1/1033
f 730/1/1034 729/1/1034 245/1/1034
f 730/1/1035 248/1/1035 246/1/1035
f 731/1/1036 730/1/1037 247/1/1036
f 731/1/1038 172/1/1038 248/1/1038
f 732/1/1039 731/1/1039 171/1/1039
f 732/1/1040 176/1/1040 172/1/1040
f 732/1/1041 175/1/1042 245/1/1041
f 732/1/1043 729/1/1043 246/1/1043
f 734/1/423 733/1/423 47/1/423
f 734/1/1044 42/1/1044 48/1/1044
f 734/1/1045 41/1/1045 31/1/1046
f 734/1/1047 735/1/1047 32/1/1047
f 736/1/1048 735/1/1048 31/1/1048
f 736/1/1049 40/1/1049 32/1/1049
f 733/1/1050 736/1/1050 39/1/1050
f 733/1/1051 48/1/1051 40/1/1051
f 737/1/1052 203/1/1052 193/1/1052
f 737/1/1053 738/1/1053 194/1/1053
f 739/1/1054 738/1/1054 193/1/1054
f 739/1/1055 186/1/1055 194/1/1055
f 740/1/1056 739/1/1056 185/1/1056
f 739/1/1057 740/1/1057 196/1/1057
f 740/1/1058 195/1/1058 203/1/1058
f 740/1/1059 737/1/1059 204/1/1059
f 742/1/1060 741/1/1060 195/1/1060
f 742/1/1061 186/1/1061 196/1/1061
f 743/1/1062 742/1/1062 185/1/1062
f 743/1/1063 182/1/1063 186/1/1063
f 743/1/1064 181/1/1064 191/1/1064
f 744/1/1065 192/1/1065 182/1/1065
f 744/1/1066 191/1/1066 195/1/1066
f 744/1/1067 741/1/1067 196/1/1067
f 746/1/1068 745/1/1068 225/1/1068
f 746/1/1069 230/1/1069 226/1/1069
f 747/1/1070 746/1/1070 229/1/1070
f 746/1/1071 747/1/1071 224/1/1071
f 747/1/1072 223/1/1072 217/1/1072
f 747/1/1073 748/1/1073 218/1/1073
f 748/1/1074 217/1/1074 225/1/1074
f 745/1/1075 226/1/1075 218/1/1075
f 749/1/1076 73/1/1076 59/1/1076
f 749/1/1077 750/1/1077 60/1/1077
f 751/1/1078 750/1/1078 59/1/1078
f 751/1/1079 242/1/1079 60/1/1079
f 752/1/1080 751/1/1080 241/1/1080
f 752/1/1081 238/1/1081 242/1/1081
f 749/1/1082 752/1/1082 237/1/1082
f 749/1/1083 74/1/1083 238/1/1083
f 754/1/1084 753/1/1084 25/1/1084
f 754/1/1085 188/1/1085 26/1/1085
f 754/1/1086 187/1/1087 17/1/1086
f 754/1/1088 755/1/1089 18/1/1088
f 756/1/1090 755/1/1090 17/1/1090
f 756/1/1091 24/1/1091 18/1/1091
f 753/1/1092 756/1/1092 23/1/1092
f 753/1/1093 26/1/1093 24/1/1093
f 758/1/1094 757/1/1094 241/1/1094
f 758/1/1095 60/1/1095 242/1/1095
f 758/1/1096 59/1/1097 57/1/1097
f 758/1/1098 759/1/1098 58/1/1098
f 760/1/1099 759/1/1099 57/1/1099
f 759/1/1100 760/1/1100 56/1/1100
f 757/1/1101 760/1/1102 55/1/1102
f 757/1/1103 242/1/1103 56/1/1103
f 762/1/1104 761/1/1104 63/1/1104
f 762/1/1105 66/1/1105 64/1/1105
f 762/1/1106 65/1/1106 61/1/1106
f 762/1/1107 763/1/1107 62/1/1107
f 763/1/1108 61/1/1108 49/1/1108
f 763/1/1109 764/1/1109 50/1/1109
f 761/1/1110 764/1/1111 49/1/1110
f 761/1/1112 64/1/1112 50/1/1112
f 766/1/1113 765/1/1113 67/1/1113
f 766/1/1114 198/1/1114 68/1/1114
f 766/1/1115 197/1/1115 25/1/1115
f 766/1/1116 767/1/1116 26/1/1116
f 768/1/1117 767/1/1117 25/1/1117
f 767/1/1118 768/1/1118 66/1/1118
f 765/1/1119 768/1/1119 65/1/1119
f 765/1/1120 68/1/1120 66/1/1120
f 769/1/1121 75/1/1121 71/1/1121
f 770/1/1122 72/1/1122 76/1/1122
f 771/1/1123 770/1/1123 71/1/1124
f 771/1/1125 68/1/1125 72/1/1125
f 772/1/1126 771/1/1126 67/1/1126
f 771/1/1127 772/1/1127 70/1/1127
f 772/1/1128 69/1/1128 75/1/1128
f 772/1/1129 769/1/1129 76/1/1129
f 774/1/1130 773/1/1130 89/1/1130
f 774/1/1131 82/1/1131 90/1/1131
f 775/1/1132 774/1/1133 81/1/1133
f 775/1/1134 72/1/1134 82/1/1134
f 775/1/1135 71/1/1135 75/1/1135
f 776/1/1136 76/1/1136 72/1/1136
f 776/1/1137 75/1/1137 89/1/1137
f 776/1/1138 773/1/1138 90/1/1138
f 777/1/1139 141/1/1139 147/1/1139
f 777/1/1140 778/1/1140 148/1/1140
f 779/1/1141 778/1/1141 147/1/1141
f 779/1/1142 88/1/1142 148/1/1142
f 779/1/1143 87/1/1143 143/1/1143
f 779/1/1144 780/1/1144 144/1/1144
f 780/1/1145 143/1/1145 141/1/1145
f 780/1/1146 777/1/1146 142/1/1146
f 782/1/1147 781/1/1148 53/1/1148
f 782/1/1149 240/1/1149 54/1/1149
f 783/1/1150 782/1/1150 239/1/1150
f 783/1/1151 56/1/1151 240/1/1151
f 783/1/1152 55/1/1153 51/1/1153
f 783/1/1154 784/1/1154 52/1/1154
f 781/1/1155 784/1/1155 51/1/1155
f 781/1/1156 54/1/1156 52/1/1156
f 786/1/1157 785/1/1157 185/1/1157
f 786/1/1158 190/1/1158 186/1/1158
f 787/1/1159 786/1/1160 189/1/1159
f 787/1/1161 178/1/1161 190/1/1161
f 788/1/1162 787/1/1162 177/1/1162
f 787/1/1163 788/1/1163 182/1/1163
f 788/1/1164 181/1/1164 185/1/1164
f 788/1/1165 785/1/1165 186/1/1165
f 790/1/1166 789/1/1167 15/1/1167
f 790/1/1168 24/1/1168 16/1/1168
f 791/1/1169 790/1/1169 23/1/1169
f 790/1/1170 791/1/1170 18/1/1170
f 791/1/1171 17/1/1171 13/1/1172
f 791/1/1173 792/1/1173 14/1/1173
f 792/1/1174 13/1/1174 15/1/1174
f 789/1/1175 16/1/1175 14/1/1175
f 793/1/221 137/1/221 221/1/221
f 793/1/1176 794/1/1176 222/1/1176
f 794/1/1177 221/1/1177 131/1/1177
f 794/1/1178 795/1/1178 132/1/1179
f 795/1/1180 131/1/1180 135/1/1180
f 795/1/1181 796/1/1181 136/1/1181
f 793/1/1182 796/1/1182 135/1/1182
f 793/1/1183 138/1/1183 136/1/1183
f 798/1/1184 797/1/1184 261/1/1184
f 798/1/1185 268/1/1185 262/1/1185
f 799/1/1186 798/1/1186 267/1/1187
f 799/1/1188 266/1/1188 268/1/1188
f 800/1/1189 799/1/1189 265/1/1189
f 799/1/1190 800/1/1190 168/1/1190
f 800/1/1191 167/1/1191 261/1/1192
f 800/1/1193 797/1/1193 262/1/1194
f 801/1/1195 251/1/1195 253/1/1195
f 801/1/1196 802/1/1196 254/1/1196
f 803/1/1197 802/1/1197 253/1/1197
f 803/1/1198 248/1/1198 254/1/1198
f 803/1/1199 247/1/1199 245/1/1199
f 804/1/1200 246/1/1200 248/1/1200
f 804/1/1201 245/1/1202 251/1/1202
f 804/1/1203 801/1/1203 252/1/1203
f 806/1/1204 805/1/1205 121/1/1205
f 806/1/1206 104/1/1206 122/1/1206
f 807/1/1207 806/1/1207 103/1/1207
f 807/1/1208 102/1/1208 104/1/1208
f 807/1/1209 101/1/1209 115/1/1209
f 807/1/1210 808/1/1211 116/1/1211
f 805/1/1212 808/1/1213 115/1/1213
f 808/1/1214 805/1/1214 122/1/1215
f 810/1/1216 809/1/1216 119/1/1216
f 810/1/1217 110/1/1217 120/1/1218
f 811/1/1219 810/1/1219 109/1/1219
f 811/1/1220 158/1/1220 110/1/1220
f 811/1/1221 157/1/1221 155/1/1221
f 811/1/1222 812/1/1222 156/1/1222
f 809/1/1223 812/1/1224 155/1/1224
f 812/1/1225 809/1/1226 120/1/1226
f 814/1/1227 813/1/1227 127/1/1227
f 813/1/1228 814/1/1228 132/1/1228
f 815/1/1229 814/1/1229 131/1/1229
f 815/1/1230 222/1/1230 132/1/1230
f 815/1/1231 221/1/1231 213/1/1231
f 815/1/1232 816/1/1232 214/1/1232
f 816/1/1233 213/1/1234 127/1/1233
f 816/1/1235 813/1/1235 128/1/1235
f 817/1/1236 109/1/1236 119/1/1236
f 817/1/1237 818/1/1237 120/1/1238
f 819/1/1239 818/1/1240 119/1/1239
f 818/1/1241 819/1/1241 114/1/1242
f 820/1/1243 819/1/1243 113/1/1243
f 820/1/1244 108/1/1244 114/1/1244
f 820/1/1245 107/1/1245 109/1/1245
f 820/1/1246 817/1/1246 110/1/1246
f 821/1/1247 117/1/1248 149/1/1249
f 821/1/1250 822/1/1251 150/1/1252
f 822/1/1253 149/1/1254 139/1/1255
f 822/1/1256 823/1/1257 140/1/1258
f 824/1/1259 823/1/1260 139/1/1261
f 824/1/1262 134/1/1263 140/1/1264
f 821/1/1265 824/1/1266 133/1/1267
f 821/1/1268 118/1/1269 134/1/1270
f 826/1/1271 825/1/1271 139/1/1271
f 825/1/1272 826/1/1272 150/1/1272
f 827/1/1273 826/1/1273 149/1/1273
f 827/1/1274 146/1/1275 150/1/1275
f 827/1/1276 145/1/1276 135/1/1276
f 827/1/1277 828/1/1277 136/1/1277
f 828/1/1278 135/1/1278 139/1/1278
f 828/1/1279 825/1/1279 140/1/1279
f 829/1/1280 95/1/1280 105/1/1280
f 829/1/1281 830/1/1281 106/1/1281
f 830/1/1282 105/1/1282 101/1/1282
f 830/1/1283 831/1/1283 102/1/1283
f 832/1/1284 831/1/1284 101/1/1284
f 832/1/1285 98/1/1285 102/1/1285
f 832/1/1286 97/1/1286 95/1/1286
f 832/1/1287 829/1/1287 96/1/1287
f 834/1/1288 833/1/1288 27/1/1289
f 834/1/1290 62/1/1290 28/1/1290
f 835/1/1291 834/1/1291 61/1/1291
f 835/1/1292 24/1/1292 62/1/1292
f 835/1/1293 23/1/1293 15/1/1293
f 835/1/1294 836/1/1294 16/1/1294
f 833/1/1295 836/1/1295 15/1/1295
f 836/1/432 833/1/432 28/1/432
f 837/1/1296 249/1/1296 45/1/1296
f 837/1/1297 838/1/1297 46/1/1297
f 838/1/1298 45/1/1299 37/1/1298
f 838/1/1300 839/1/1300 38/1/1300
f 840/1/1301 839/1/1302 37/1/1301
f 839/1/1303 840/1/1303 256/1/1303
f 837/1/1304 840/1/1304 255/1/1304
f 837/1/1305 250/1/1306 256/1/1305
f 842/1/1307 841/1/1307 145/1/1307
f 842/1/1308 152/1/1308 146/1/1308
f 843/1/1309 842/1/1309 151/1/1309
f 843/1/1310 148/1/1310 152/1/1310
f 844/1/1311 843/1/1311 147/1/1311
f 844/1/1312 142/1/1312 148/1/1312
f 844/1/1313 141/1/1313 145/1/1313
f 844/1/1314 841/1/1314 146/1/1314
f 846/1/1315 845/1/1316 257/1/1315
f 845/1/1317 846/1/1317 260/1/1318
f 847/1/1319 846/1/1319 259/1/1319
f 847/1/1320 254/1/1320 260/1/1320
f 847/1/1321 253/1/1321 251/1/1321
f 848/1/1322 252/1/1322 254/1/1322
f 848/1/1323 251/1/1324 257/1/1324
f 848/1/1325 845/1/1325 258/1/1325
f 850/1/1326 297/1/1326 849/1/1326
f 850/1/1327 298/1/1327 316/1/1327
f 850/1/1328 293/1/1328 315/1/1328
f 850/1/1329 294/1/1329 851/1/1329
f 852/1/1330 293/1/1330 851/1/1330
f 852/1/1331 294/1/1331 284/1/1331
f 852/1/1332 297/1/1332 283/1/1332
f 852/1/1333 298/1/1333 849/1/1333
f 854/1/1334 853/1/1334 97/1/1334
f 854/1/1335 206/1/1335 98/1/1335
f 855/1/1336 854/1/1336 205/1/1336
f 855/1/1337 204/1/1337 206/1/1337
f 855/1/1338 203/1/1338 201/1/1338
f 856/1/1339 202/1/1339 204/1/1339
f 856/1/1340 201/1/1340 97/1/1340
f 856/1/1341 853/1/1341 98/1/1341
f 858/1/1342 283/1/1342 857/1/1342
f 857/1/1343 294/1/1343 858/1/1343
f 858/1/1344 277/1/1344 293/1/1344
f 858/1/1345 278/1/1345 859/1/1345
f 859/1/1346 279/1/1346 277/1/1346
f 860/1/1347 278/1/1347 280/1/1347
f 860/1/1348 283/1/1348 279/1/1348
f 860/1/1349 284/1/1349 857/1/1349
f 861/1/1350 91/1/1351 109/1/1352
f 861/1/1353 862/1/1354 110/1/1353
f 862/1/1355 109/1/1355 107/1/1355
f 862/1/1356 863/1/1356 108/1/1356
f 864/1/1357 863/1/1358 107/1/1359
f 864/1/1360 100/1/1360 108/1/1360
f 861/1/671 864/1/671 99/1/671
f 861/1/1361 92/1/1361 100/1/1361
f 866/1/1362 303/1/1362 865/1/1362
f 865/1/1363 308/1/1363 866/1/1363
f 867/1/1364 307/1/1364 866/1/1364
f 867/1/1365 308/1/1365 282/1/1365
f 867/1/1366 301/1/1366 281/1/1366
f 868/1/1367 282/1/1367 302/1/1367
f 865/1/1368 301/1/1368 868/1/1368
f 865/1/1369 302/1/1369 304/1/1369
f 869/1/1370 181/1/1370 177/1/1370
f 869/1/1371 870/1/1371 178/1/1371
f 870/1/1372 177/1/1372 161/1/1372
f 870/1/1373 871/1/1373 162/1/1373
f 871/1/1374 161/1/1374 159/1/1374
f 871/1/1375 872/1/1375 160/1/1375
f 869/1/1376 872/1/1377 159/1/1376
f 869/1/1378 182/1/1378 160/1/1378
f 874/1/1379 315/1/1379 873/1/1379
f 874/1/1380 316/1/1380 298/1/1380
f 874/1/1381 313/1/1381 297/1/1381
f 874/1/1382 314/1/1382 875/1/1382
f 876/1/1383 313/1/1383 875/1/1383
f 876/1/1384 314/1/1384 310/1/1384
f 876/1/1385 315/1/1385 309/1/1385
f 876/1/1386 316/1/1386 873/1/1386
f 877/1/1387 289/1/1387 277/1/1387
f 878/1/1388 278/1/1388 290/1/1388
f 878/1/1389 285/1/1389 289/1/1389
f 878/1/1390 286/1/1390 879/1/1390
f 880/1/1391 285/1/1391 879/1/1391
f 880/1/1392 286/1/1392 270/1/1392
f 880/1/1393 277/1/1394 269/1/1395
f 880/1/1396 278/1/1396 877/1/1396
f 881/1/1397 295/1/1397 293/1/1397
f 882/1/1398 294/1/1398 296/1/1398
f 883/1/1399 295/1/1400 882/1/1400
f 883/1/1401 296/1/1401 290/1/1401
f 884/1/1402 289/1/1402 883/1/1402
f 883/1/1403 278/1/1403 884/1/1403
f 884/1/1404 293/1/1404 277/1/1404
f 884/1/1405 294/1/1405 881/1/1405
f 885/1/1406 309/1/1406 311/1/1406
f 885/1/1407 310/1/1407 886/1/1407
f 887/1/1408 309/1/1408 886/1/1408
f 887/1/1409 310/1/1409 304/1/1409
f 888/1/1410 303/1/1410 887/1/1410
f 887/1/1411 306/1/1411 888/1/1411
f 885/1/1412 305/1/1412 888/1/1412
f 885/1/1413 306/1/1413 312/1/1414
f 889/1/1415 299/1/1415 315/1/1415
f 889/1/1416 300/1/1416 890/1/1416
f 891/1/1417 299/1/1417 890/1/1417
f 891/1/1418 300/1/1419 296/1/1418
f 892/1/1420 295/1/1420 891/1/1420
f 891/1/1421 294/1/1421 892/1/1421
f 889/1/1422 293/1/1422 892/1/1422
f 889/1/1423 294/1/1423 316/1/1423
f 893/1/1424 279/1/1424 273/1/1424
f 893/1/1425 280/1/1425 894/1/1425
f 894/1/1426 277/1/1427 279/1/1426
f 894/1/1428 278/1/1428 895/1/1428
f 896/1/1429 277/1/1429 895/1/1429
f 896/1/1430 278/1/1430 270/1/1430
f 896/1/1431 273/1/1431 269/1/1431
f 893/1/1432 270/1/1432 274/1/1432
f 897/1/1433 287/1/1433 285/1/1433
f 897/1/1434 288/1/1434 898/1/1434
f 899/1/1435 287/1/1435 898/1/1435
f 899/1/1436 288/1/1436 276/1/1436
f 899/1/1437 269/1/1437 275/1/1437
f 899/1/1438 270/1/1438 900/1/1438
f 897/1/1439 269/1/1439 900/1/1439
f 897/1/1440 270/1/1440 286/1/1440
f 902/1/1441 269/1/1441 901/1/1441
f 902/1/1442 270/1/1442 276/1/1442
f 902/1/1443 271/1/1443 275/1/1443
f 902/1/1444 272/1/1444 903/1/1444
f 904/1/1445 271/1/1445 903/1/1445
f 904/1/1446 272/1/1446 274/1/1446
f 904/1/1447 269/1/1447 273/1/1447
f 904/1/1448 270/1/1448 901/1/1448
f 905/1/1449 303/1/1449 305/1/1449
f 906/1/1450 306/1/1450 304/1/1450
f 907/1/1451 303/1/1451 906/1/1452
f 907/1/1453 304/1/1453 302/1/1453
f 908/1/1454 301/1/1455 907/1/1455
f 907/1/1456 292/1/1456 908/1/1456
f 908/1/1457 305/1/1457 291/1/1457
f 908/1/1458 306/1/1458 905/1/1458
f 909/1/1459 7/1/1460 35/1/1461
f 909/1/1462 910/1/1463 36/1/1464
f 910/1/1465 35/1/1466 33/1/1467
f 910/1/1468 911/1/1469 34/1/1470
f 912/1/1471 911/1/1472 33/1/1473
f 912/1/1474 30/1/1475 34/1/1476
f 909/1/1477 912/1/1478 29/1/1479
f 909/1/1480 8/1/1481 30/1/1482
f 317/1/1483 113/1/1483 318/1/1483
f 317/1/1484 114/1/2 108/1/2
f 319/1/1485 113/1/1485 111/1/1485
f 318/1/1486 112/1/1486 114/1/1486
f 320/1/6 111/1/6 105/1/6
f 320/1/1487 112/1/1487 319/1/1487
f 317/1/8 105/1/8 107/1/8
f 317/1/9 106/1/9 320/1/9
f 322/1/10 37/1/12 7/1/1488
f 322/1/13 38/1/15 321/1/1489
f 322/1/16 257/1/18 323/1/1490
f 322/1/1491 258/1/1492 8/1/1493
f 323/1/1494 255/1/1495 324/1/1496
f 323/1/25 256/1/1497 258/1/1498
f 321/1/28 255/1/30 37/1/1499
f 321/1/1500 256/1/1501 324/1/1502
f 326/1/1503 301/1/1503 275/1/1503
f 326/1/35 325/1/35 276/1/35
f 326/1/1504 327/1/1504 281/1/1504
f 326/1/1505 302/1/1505 282/1/1505
f 328/1/38 271/1/1506 281/1/38
f 328/1/1507 327/1/1507 282/1/1507
f 328/1/41 325/1/41 275/1/41
f 328/1/42 272/1/42 276/1/42
f 330/1/1508 5/1/1508 7/1/1508
f 330/1/1509 6/1/1509 329/1/1510
f 330/1/46 9/1/46 331/1/46
f 330/1/1511 10/1/1511 8/1/1511
f 329/1/48 9/1/48 5/1/48
f 331/1/49 6/1/49 10/1/49
f 332/1/1512 127/1/1512 333/1/1512
f 333/1/1513 124/1/1513 332/1/1513
f 334/1/1514 127/1/1515 213/1/1515
f 334/1/1516 128/1/1516 333/1/1516
f 335/1/1517 213/1/1517 207/1/1517
f 334/1/1518 208/1/1518 214/1/1518
f 335/1/1519 123/1/56 332/1/1519
f 335/1/1520 124/1/1520 208/1/1520
f 336/1/1521 93/1/1521 337/1/1521
f 336/1/1522 94/1/1522 84/1/1522
f 337/1/60 91/1/60 338/1/60
f 337/1/54 92/1/54 94/1/54
f 339/1/1523 91/1/1524 85/1/1523
f 339/1/1525 92/1/1525 338/1/1525
f 339/1/1526 83/1/1526 336/1/1526
f 339/1/64 84/1/64 86/1/64
f 341/1/65 37/1/1527 45/1/1527
f 341/1/1528 38/1/1528 340/1/1528
f 342/1/1529 45/1/1529 43/1/1529
f 342/1/1530 46/1/1530 341/1/1530
f 342/1/1531 35/1/1531 343/1/1531
f 342/1/1532 36/1/1532 44/1/1532
f 340/1/1533 35/1/1533 37/1/1533
f 340/1/1534 36/1/1534 343/1/1534
f 345/1/73 263/1/75 7/1/1535
f 345/1/76 264/1/78 344/1/1536
f 345/1/79 5/1/81 346/1/1537
f 345/1/82 6/1/1538 8/1/1539
f 346/1/85 3/1/1540 347/1/1541
f 346/1/1542 4/1/1543 6/1/1544
f 344/1/1545 3/1/93 263/1/1546
f 344/1/1547 4/1/1548 347/1/1549
f 348/1/97 145/1/97 349/1/97
f 348/1/98 146/1/98 136/1/98
f 350/1/1550 145/1/1550 141/1/1550
f 350/1/1551 146/1/1552 349/1/1552
f 351/1/101 141/1/101 137/1/101
f 351/1/102 142/1/102 350/1/102
f 351/1/1553 135/1/1553 348/1/1553
f 351/1/1554 136/1/1554 138/1/1554
f 353/1/1555 219/1/1555 217/1/1555
f 353/1/1556 220/1/1556 352/1/1556
f 354/1/1557 217/1/1557 211/1/1557
f 354/1/110 218/1/110 353/1/110
f 354/1/1558 215/1/1558 355/1/1558
f 354/1/1559 216/1/1559 212/1/1559
f 352/1/114 215/1/114 219/1/114
f 352/1/115 216/1/115 355/1/115
f 357/1/1560 57/1/1560 49/1/1560
f 357/1/1561 58/1/1561 356/1/1561
f 357/1/1562 41/1/1562 358/1/1562
f 357/1/1563 42/1/1563 50/1/1563
f 358/1/120 47/1/120 359/1/120
f 358/1/1564 48/1/1564 42/1/1564
f 356/1/1565 47/1/1565 57/1/122
f 356/1/1566 48/1/1566 359/1/1566
f 361/1/125 121/1/125 125/1/125
f 361/1/126 122/1/126 360/1/126
f 362/1/127 125/1/127 123/1/1567
f 362/1/1568 126/1/1568 361/1/1568
f 363/1/129 123/1/129 103/1/129
f 363/1/130 124/1/130 362/1/130
f 363/1/1569 121/1/1570 360/1/1569
f 363/1/1571 122/1/1571 104/1/1571
f 365/1/133 45/1/133 53/1/1572
f 365/1/134 46/1/1573 364/1/134
f 365/1/1574 51/1/1574 366/1/1574
f 365/1/136 52/1/136 54/1/136
f 366/1/1575 43/1/1575 367/1/137
f 366/1/1576 44/1/138 52/1/138
f 367/1/139 45/1/139 364/1/139
f 367/1/1577 46/1/1577 44/1/1577
f 368/1/1578 133/1/143 369/1/1579
f 368/1/144 134/1/1580 118/1/1581
f 369/1/147 129/1/149 370/1/1582
f 369/1/150 130/1/1583 134/1/1584
f 371/1/153 129/1/1585 125/1/1586
f 371/1/156 130/1/158 370/1/1587
f 368/1/1588 125/1/161 117/1/1589
f 368/1/162 126/1/164 371/1/1590
f 373/1/1591 9/1/1591 11/1/1591
f 373/1/1592 10/1/1592 372/1/1592
f 374/1/1593 11/1/1593 1/1/1593
f 373/1/168 2/1/168 12/1/168
f 374/1/1594 5/1/1594 375/1/1594
f 374/1/1595 6/1/1595 2/1/1595
f 375/1/1596 9/1/1596 372/1/1596
f 375/1/1597 10/1/1597 6/1/1597
f 377/1/1598 35/1/1598 7/1/1599
f 377/1/1600 36/1/1600 376/1/1600
f 377/1/1601 37/1/1601 378/1/1601
f 377/1/1602 38/1/1603 8/1/1602
f 378/1/180 35/1/180 376/1/180
f 378/1/1604 36/1/1604 38/1/1604
f 379/1/182 151/1/182 380/1/182
f 379/1/183 152/1/183 158/1/183
f 380/1/1605 153/1/1605 381/1/1605
f 380/1/1606 154/1/1606 152/1/1606
f 382/1/1607 153/1/1608 155/1/1608
f 381/1/1609 156/1/1609 154/1/1609
f 379/1/189 155/1/189 157/1/189
f 379/1/1610 156/1/1611 382/1/1611
f 384/1/1612 21/1/192 27/1/1612
f 384/1/1613 22/1/1613 383/1/1613
f 385/1/1614 27/1/1614 15/1/1614
f 385/1/1615 28/1/1615 384/1/1615
f 385/1/1616 11/1/1616 386/1/1617
f 385/1/1618 12/1/1618 16/1/1618
f 383/1/1619 11/1/1619 21/1/1619
f 383/1/199 12/1/199 386/1/199
f 388/1/1620 125/1/1620 129/1/1621
f 387/1/1622 130/1/1622 126/1/1622
f 389/1/202 129/1/202 127/1/202
f 389/1/1623 130/1/1623 388/1/1623
f 390/1/204 127/1/204 123/1/204
f 389/1/1624 124/1/1624 128/1/1624
f 390/1/207 125/1/207 387/1/207
f 390/1/1625 126/1/1625 124/1/1625
f 392/1/210 313/1/210 309/1/210
f 392/1/211 391/1/211 310/1/211
f 393/1/213 307/1/213 313/1/213
f 393/1/1626 392/1/1626 314/1/1626
f 393/1/1627 394/1/1627 303/1/1628
f 394/1/1629 393/1/216 308/1/1629
f 394/1/218 391/1/218 309/1/218
f 394/1/219 304/1/219 310/1/219
f 396/1/1630 99/1/1630 95/1/1630
f 395/1/1631 96/1/1631 100/1/1631
f 397/1/222 95/1/1632 81/1/1632
f 397/1/223 96/1/223 396/1/223
f 398/1/224 81/1/224 89/1/224
f 398/1/1633 82/1/1633 397/1/1633
f 398/1/226 99/1/226 395/1/226
f 398/1/1634 100/1/1634 90/1/1634
f 399/1/1635 99/1/1635 400/1/1635
f 399/1/229 100/1/229 92/1/229
f 401/1/230 99/1/230 89/1/230
f 401/1/1636 100/1/1636 400/1/1636
f 401/1/232 85/1/232 402/1/232
f 401/1/1637 86/1/1637 90/1/1637
f 402/1/1638 91/1/234 399/1/1639
f 402/1/1640 92/1/1640 86/1/1640
f 404/1/237 157/1/237 109/1/237
f 404/1/238 158/1/238 403/1/238
f 405/1/1641 109/1/1641 91/1/1641
f 405/1/1642 110/1/1642 404/1/1642
f 405/1/385 93/1/385 406/1/385
f 405/1/243 94/1/243 92/1/243
f 406/1/1643 157/1/1643 403/1/1643
f 406/1/247 158/1/248 94/1/248
f 408/1/249 201/1/249 81/1/249
f 407/1/1644 82/1/1644 202/1/1644
f 408/1/1645 95/1/1645 409/1/1645
f 408/1/1646 96/1/1647 82/1/1646
f 409/1/253 97/1/253 410/1/253
f 410/1/254 96/1/254 409/1/254
f 407/1/1648 97/1/1648 201/1/1648
f 407/1/1649 98/1/1649 410/1/1649
f 411/1/1650 147/1/1651 412/1/1650
f 411/1/1652 148/1/1652 88/1/1652
f 412/1/260 93/1/260 413/1/260
f 412/1/261 94/1/261 148/1/261
f 414/1/1653 93/1/1653 83/1/1653
f 414/1/1654 94/1/1654 413/1/1654
f 414/1/264 87/1/264 411/1/264
f 414/1/265 88/1/265 84/1/265
f 415/1/266 163/1/266 416/1/266
f 415/1/1655 164/1/1655 160/1/1655
f 417/1/268 163/1/268 17/1/268
f 417/1/269 164/1/269 416/1/269
f 418/1/1656 17/1/1656 187/1/270
f 418/1/1657 18/1/1657 417/1/1657
f 415/1/273 187/1/273 159/1/273
f 415/1/274 188/1/274 418/1/274
f 419/1/275 203/1/275 420/1/275
f 419/1/276 204/1/276 202/1/276
f 421/1/1658 203/1/1658 195/1/1658
f 421/1/1659 204/1/1660 420/1/1659
f 421/1/279 199/1/279 422/1/279
f 421/1/280 200/1/280 196/1/280
f 422/1/1661 201/1/1661 419/1/1661
f 422/1/1662 202/1/1662 200/1/1662
f 424/1/1663 235/1/1663 241/1/1663
f 424/1/1664 236/1/1664 423/1/1664
f 424/1/1665 55/1/1665 425/1/1665
f 424/1/1666 56/1/1666 242/1/1666
f 426/1/1667 55/1/1667 239/1/1667
f 426/1/1668 56/1/1668 425/1/1668
f 423/1/1669 239/1/1669 235/1/1669
f 423/1/1670 240/1/1670 426/1/1670
f 427/1/1671 183/1/1671 428/1/1671
f 427/1/1672 184/1/1672 240/1/1672
f 429/1/293 183/1/293 227/1/293
f 429/1/1673 184/1/1673 428/1/1673
f 429/1/296 235/1/296 430/1/296
f 429/1/1674 236/1/1674 228/1/1674
f 430/1/1675 239/1/1675 427/1/1675
f 430/1/1676 240/1/1676 236/1/1676
f 432/1/1677 241/1/1677 235/1/1677
f 432/1/1678 242/1/1678 431/1/1678
f 433/1/1679 235/1/1679 233/1/1679
f 433/1/1680 236/1/1680 432/1/1680
f 434/1/1681 233/1/1681 237/1/1681
f 434/1/1682 234/1/1682 433/1/1682
f 434/1/1683 241/1/1683 431/1/1683
f 434/1/1684 242/1/1684 238/1/1684
f 436/1/1685 191/1/1685 197/1/1685
f 436/1/309 192/1/309 435/1/309
f 436/1/1686 199/1/1686 437/1/1686
f 436/1/311 200/1/311 198/1/311
f 438/1/1687 199/1/1687 195/1/1687
f 437/1/313 196/1/313 200/1/313
f 435/1/1688 195/1/1688 191/1/1688
f 435/1/1689 196/1/1689 438/1/1689
f 439/1/317 79/1/317 440/1/317
f 439/1/318 80/1/318 232/1/318
f 441/1/1690 79/1/1690 237/1/1690
f 441/1/1691 80/1/1691 440/1/1691
f 441/1/321 233/1/321 442/1/321
f 441/1/322 234/1/322 238/1/322
f 442/1/1692 231/1/1692 439/1/1692
f 442/1/1693 232/1/1693 234/1/1693
f 443/1/325 211/1/325 444/1/325
f 443/1/326 212/1/326 190/1/326
f 445/1/1694 211/1/1694 173/1/1694
f 445/1/1695 212/1/1695 444/1/1695
f 446/1/329 173/1/329 177/1/329
f 446/1/330 174/1/330 445/1/330
f 446/1/1696 189/1/1697 443/1/1696
f 446/1/1698 190/1/1698 178/1/1698
f 447/1/334 223/1/334 448/1/334
f 447/1/335 224/1/335 174/1/335
f 448/1/1699 179/1/1699 449/1/1699
f 448/1/1700 180/1/1700 224/1/1700
f 449/1/338 169/1/338 450/1/338
f 450/1/339 180/1/339 449/1/339
f 447/1/1701 169/1/1701 173/1/1702
f 447/1/1703 170/1/1703 450/1/1703
f 452/1/1704 223/1/1704 229/1/1704
f 452/1/343 224/1/343 451/1/343
f 452/1/1705 227/1/1705 453/1/344
f 452/1/1706 228/1/1706 230/1/1706
f 454/1/1707 227/1/1707 179/1/1707
f 454/1/347 228/1/347 453/1/347
f 451/1/1708 179/1/1708 223/1/1708
f 451/1/1709 180/1/1709 454/1/1709
f 455/1/1710 456/1/1710 301/1/1710
f 456/1/1711 455/1/1711 292/1/1711
f 456/1/352 457/1/352 275/1/352
f 456/1/1712 302/1/1712 276/1/1712
f 458/1/1713 287/1/1713 275/1/1713
f 457/1/1714 276/1/1714 288/1/1714
f 458/1/1715 455/1/1715 291/1/1715
f 458/1/1716 288/1/1716 292/1/1716
f 460/1/1717 143/1/1717 225/1/1717
f 460/1/1718 144/1/1718 459/1/1718
f 461/1/1719 225/1/1719 217/1/1719
f 461/1/1720 226/1/1720 460/1/1720
f 461/1/363 219/1/1721 462/1/363
f 461/1/1722 220/1/1722 218/1/1722
f 462/1/1723 143/1/1723 459/1/1723
f 459/1/1724 220/1/1724 462/1/1724
f 464/1/1725 83/1/1725 85/1/1725
f 463/1/368 86/1/368 84/1/368
f 465/1/369 85/1/369 77/1/370
f 465/1/1726 86/1/1726 464/1/1726
f 466/1/372 77/1/372 79/1/372
f 466/1/373 78/1/373 465/1/373
f 466/1/1727 83/1/1728 463/1/1727
f 466/1/1729 84/1/1729 80/1/1729
f 468/1/1730 193/1/1730 209/1/1730
f 468/1/1731 194/1/1731 467/1/1731
f 469/1/1732 209/1/1732 189/1/1732
f 469/1/1733 210/1/1733 468/1/1733
f 469/1/380 185/1/380 470/1/380
f 469/1/1734 186/1/1734 190/1/1734
f 470/1/1735 193/1/1735 467/1/1735
f 470/1/1736 194/1/1736 186/1/1736
f 472/1/384 207/1/384 213/1/384
f 472/1/385 208/1/385 471/1/385
f 473/1/1737 213/1/387 209/1/1737
f 473/1/388 214/1/1738 472/1/388
f 474/1/1739 209/1/1739 193/1/1739
f 474/1/390 210/1/390 473/1/390
f 474/1/1740 207/1/1740 471/1/1740
f 474/1/1741 208/1/1741 194/1/1741
f 475/1/1742 207/1/1742 476/1/1742
f 475/1/394 208/1/394 206/1/394
f 477/1/1743 207/1/1744 193/1/1743
f 477/1/1745 208/1/1745 476/1/1745
f 478/1/1746 193/1/1746 203/1/1746
f 478/1/1747 194/1/1747 477/1/1747
f 478/1/1748 205/1/1748 475/1/1749
f 478/1/1750 206/1/1750 204/1/1750
f 480/1/401 53/1/401 243/1/401
f 480/1/463 54/1/463 479/1/463
f 481/1/1751 243/1/1752 183/1/1752
f 481/1/404 244/1/1753 480/1/1753
f 482/1/405 183/1/405 239/1/405
f 482/1/406 184/1/406 481/1/406
f 482/1/1754 53/1/1755 479/1/1754
f 482/1/409 54/1/409 240/1/409
f 483/1/410 245/1/410 484/1/410
f 483/1/194 246/1/194 244/1/194
f 485/1/1756 245/1/411 175/1/411
f 485/1/1757 246/1/1757 484/1/1757
f 485/1/413 183/1/413 486/1/413
f 485/1/414 184/1/414 176/1/414
f 486/1/1758 243/1/1758 483/1/1758
f 486/1/1759 244/1/1759 184/1/1759
f 487/1/1760 247/1/1760 488/1/1760
f 487/1/1761 248/1/1761 172/1/1761
f 489/1/422 247/1/422 167/1/422
f 489/1/423 248/1/423 488/1/423
f 490/1/1762 167/1/1762 165/1/1762
f 490/1/1763 168/1/1763 489/1/1764
f 487/1/426 165/1/426 171/1/426
f 487/1/1765 166/1/1765 490/1/1765
f 492/1/428 249/1/428 251/1/428
f 492/1/429 250/1/429 491/1/429
f 493/1/1766 251/1/1766 245/1/1767
f 493/1/1768 252/1/1768 492/1/1768
f 494/1/432 245/1/432 243/1/432
f 493/1/433 244/1/433 246/1/433
f 494/1/1769 249/1/1769 491/1/1770
f 494/1/1771 250/1/1771 244/1/1771
f 495/1/436 123/1/436 496/1/436
f 495/1/437 124/1/437 104/1/437
f 497/1/1772 123/1/1773 207/1/1773
f 497/1/1774 124/1/1774 496/1/1774
f 497/1/441 205/1/441 498/1/441
f 497/1/442 206/1/442 208/1/442
f 498/1/1775 103/1/1775 495/1/1775
f 498/1/1776 104/1/1776 206/1/1776
f 500/1/445 41/1/445 27/1/445
f 500/1/446 42/1/446 499/1/446
f 500/1/1777 21/1/1778 501/1/1778
f 500/1/1779 22/1/1779 28/1/1779
f 502/1/449 21/1/449 31/1/449
f 502/1/1780 22/1/1780 501/1/1780
f 499/1/1781 31/1/1781 41/1/1781
f 499/1/1782 32/1/1782 502/1/1783
f 503/1/453 53/1/453 504/1/453
f 503/1/454 54/1/454 244/1/454
f 504/1/1784 45/1/1784 505/1/1784
f 504/1/1785 46/1/1785 54/1/1785
f 505/1/457 249/1/457 506/1/457
f 505/1/458 250/1/458 46/1/458
f 503/1/1786 249/1/1786 243/1/1786
f 503/1/1787 250/1/1788 506/1/1788
f 508/1/461 11/1/1789 15/1/461
f 508/1/462 12/1/462 507/1/462
f 509/1/463 15/1/463 13/1/463
f 508/1/1790 14/1/1790 16/1/1790
f 509/1/1791 1/1/1791 510/1/1791
f 509/1/1792 2/1/1792 14/1/1792
f 507/1/1793 1/1/1793 11/1/1793
f 507/1/470 2/1/470 510/1/470
f 512/1/1794 133/1/1795 139/1/1795
f 511/1/1796 140/1/1797 134/1/1797
f 513/1/1798 139/1/1798 135/1/1798
f 513/1/1799 140/1/1799 512/1/1799
f 513/1/476 131/1/476 514/1/476
f 514/1/1800 136/1/1800 513/1/1800
f 514/1/1801 133/1/478 511/1/478
f 514/1/1802 134/1/1802 132/1/1802
f 516/1/1803 19/1/1803 21/1/1804
f 516/1/484 20/1/483 515/1/484
f 516/1/485 11/1/485 517/1/485
f 517/1/1805 22/1/1805 516/1/1805
f 517/1/1806 9/1/1807 518/1/1807
f 517/1/1808 10/1/1809 12/1/1810
f 515/1/491 9/1/1811 19/1/1811
f 518/1/1812 20/1/1812 10/1/1812
f 520/1/493 255/1/1813 257/1/1813
f 519/1/1814 258/1/1814 256/1/1814
f 521/1/1815 257/1/1815 251/1/1815
f 521/1/1816 258/1/1816 520/1/1816
f 522/1/498 251/1/498 249/1/498
f 521/1/499 250/1/499 252/1/499
f 522/1/500 255/1/500 519/1/500
f 522/1/501 256/1/501 250/1/501
f 523/1/502 121/1/504 524/1/1817
f 523/1/505 122/1/1818 118/1/1819
f 524/1/508 115/1/510 525/1/1820
f 524/1/511 116/1/513 122/1/1821
f 526/1/1822 115/1/1823 111/1/1824
f 526/1/517 116/1/519 525/1/1825
f 523/1/520 111/1/1826 117/1/1827
f 523/1/523 112/1/525 526/1/1828
f 527/1/526 263/1/528 528/1/1829
f 527/1/529 264/1/1830 8/1/1831
f 528/1/532 259/1/1832 529/1/1833
f 528/1/1834 260/1/537 264/1/1835
f 530/1/1836 259/1/540 257/1/1837
f 530/1/541 260/1/543 529/1/1838
f 527/1/1839 257/1/546 7/1/1840
f 527/1/547 258/1/549 530/1/1841
f 532/1/1842 263/1/1842 3/1/1842
f 531/1/1843 4/1/1843 264/1/1843
f 533/1/1844 3/1/1845 267/1/1844
f 533/1/554 4/1/554 532/1/1846
f 533/1/555 261/1/555 534/1/555
f 533/1/1847 262/1/1847 268/1/1847
f 534/1/1848 263/1/1849 531/1/1849
f 534/1/1850 264/1/1851 262/1/1851
f 535/1/560 153/1/560 536/1/560
f 535/1/561 154/1/561 150/1/561
f 537/1/563 153/1/563 151/1/563
f 537/1/1852 154/1/1852 536/1/1852
f 537/1/565 145/1/565 538/1/565
f 537/1/566 146/1/566 152/1/566
f 538/1/1853 149/1/1853 535/1/1853
f 538/1/1854 150/1/1854 146/1/1855
f 539/1/1856 125/1/1856 540/1/1856
f 539/1/1857 126/1/1857 118/1/1857
f 540/1/571 121/1/571 541/1/571
f 541/1/572 126/1/572 540/1/572
f 539/1/1858 121/1/1858 117/1/1858
f 539/1/1859 122/1/1860 541/1/1859
f 543/1/1861 259/1/1861 263/1/1861
f 542/1/1862 264/1/1862 260/1/1862
f 544/1/1863 263/1/1863 261/1/577
f 544/1/1864 264/1/1864 543/1/1864
f 545/1/580 261/1/580 253/1/580
f 544/1/581 254/1/581 262/1/581
f 545/1/582 259/1/582 542/1/582
f 545/1/1865 260/1/1865 254/1/583
f 546/1/585 29/1/587 547/1/1866
f 546/1/588 30/1/1867 8/1/1868
f 547/1/1869 19/1/593 548/1/1870
f 547/1/1871 20/1/596 30/1/1872
f 549/1/1873 19/1/599 9/1/1874
f 549/1/1875 20/1/1876 548/1/1877
f 546/1/603 9/1/605 7/1/1878
f 546/1/606 10/1/608 549/1/1879
f 551/1/1880 33/1/1880 39/1/1880
f 551/1/1881 34/1/611 550/1/1881
f 551/1/612 31/1/612 552/1/612
f 552/1/613 40/1/613 551/1/613
f 552/1/614 29/1/614 553/1/614
f 552/1/1882 30/1/1882 32/1/1882
f 550/1/1883 29/1/1883 33/1/1883
f 553/1/1884 34/1/1884 30/1/1884
f 555/1/619 31/1/619 21/1/619
f 554/1/1885 22/1/1885 32/1/1885
f 555/1/621 19/1/621 556/1/621
f 555/1/622 20/1/1886 22/1/1887
f 557/1/1888 19/1/1888 29/1/1889
f 556/1/1890 30/1/1890 20/1/1890
f 554/1/1891 29/1/1891 31/1/1891
f 554/1/1892 30/1/627 557/1/1892
f 558/1/629 107/1/629 559/1/629
f 558/1/1893 108/1/1893 100/1/1893
f 560/1/631 107/1/631 105/1/631
f 560/1/632 108/1/632 559/1/632
f 561/1/633 105/1/633 95/1/633
f 561/1/1894 106/1/1894 560/1/1894
f 561/1/635 99/1/635 558/1/635
f 561/1/1895 100/1/1895 96/1/1895
f 562/1/637 119/1/639 563/1/1896
f 562/1/640 120/1/1897 118/1/1898
f 563/1/643 155/1/645 564/1/1899
f 563/1/1900 156/1/648 120/1/1901
f 565/1/1902 155/1/1903 153/1/1904
f 565/1/652 156/1/654 564/1/1905
f 562/1/655 153/1/657 117/1/1906
f 562/1/658 154/1/660 565/1/1907
f 567/1/661 267/1/661 1/1/661
f 566/1/662 2/1/662 268/1/662
f 568/1/1908 1/1/1909 13/1/1909
f 568/1/1910 2/1/1910 567/1/665
f 569/1/666 13/1/666 265/1/666
f 569/1/667 14/1/667 568/1/667
f 569/1/668 267/1/668 566/1/668
f 569/1/1911 268/1/1911 266/1/1911
f 570/1/1912 221/1/1912 571/1/1912
f 570/1/1913 222/1/1913 214/1/1913
f 572/1/1914 221/1/1914 215/1/1914
f 572/1/1915 222/1/1915 571/1/1915
f 573/1/674 215/1/674 209/1/674
f 572/1/675 210/1/675 216/1/675
f 573/1/676 213/1/676 570/1/676
f 573/1/1916 214/1/1916 210/1/1916
f 574/1/1917 61/1/1917 575/1/1917
f 574/1/1918 62/1/1918 50/1/1918
f 575/1/1919 27/1/680 576/1/1919
f 575/1/1920 28/1/1920 62/1/1920
f 576/1/683 41/1/683 577/1/683
f 577/1/1199 28/1/1199 576/1/1199
f 574/1/1921 41/1/1922 49/1/1921
f 574/1/1923 42/1/1923 577/1/1923
f 579/1/1924 129/1/1924 133/1/687
f 578/1/1925 134/1/1925 130/1/1925
f 580/1/1926 133/1/1926 131/1/1926
f 580/1/1927 134/1/1928 579/1/1929
f 581/1/1930 131/1/1930 127/1/1930
f 581/1/693 132/1/693 580/1/693
f 581/1/694 129/1/694 578/1/694
f 581/1/696 130/1/1931 128/1/1932
f 583/1/697 93/1/697 147/1/697
f 583/1/698 94/1/698 582/1/698
f 583/1/1933 151/1/1933 584/1/1933
f 583/1/1934 152/1/1934 148/1/1934
f 585/1/702 151/1/702 157/1/702
f 585/1/703 152/1/703 584/1/703
f 582/1/704 157/1/1935 93/1/1936
f 582/1/1937 158/1/1937 585/1/1937
f 587/1/1938 115/1/1938 101/1/1938
f 587/1/1939 116/1/1939 586/1/1939
f 587/1/1940 105/1/1940 588/1/1940
f 588/1/709 102/1/709 587/1/709
f 588/1/1941 111/1/1941 589/1/1941
f 588/1/1942 112/1/1942 106/1/1942
f 586/1/712 111/1/712 115/1/712
f 589/1/1943 116/1/1943 112/1/1943
f 590/1/1944 153/1/1944 591/1/1944
f 590/1/1945 154/1/1945 118/1/1945
f 592/1/721 153/1/721 149/1/721
f 592/1/722 154/1/722 591/1/722
f 590/1/1946 149/1/724 117/1/724
f 590/1/1947 150/1/1947 592/1/1948
f 594/1/1949 113/1/728 119/1/1950
f 594/1/729 114/1/1951 593/1/1952
f 595/1/1953 119/1/734 117/1/1954
f 595/1/735 120/1/1955 594/1/1956
f 595/1/1957 111/1/1958 596/1/1959
f 595/1/741 112/1/1960 118/1/1961
f 596/1/744 113/1/1962 593/1/1963
f 596/1/1964 114/1/749 112/1/1965
f 597/1/750 267/1/750 598/1/750
f 597/1/751 268/1/751 2/1/751
f 598/1/752 3/1/752 599/1/752
f 598/1/1966 4/1/1966 268/1/1967
f 600/1/1968 3/1/1968 5/1/1968
f 599/1/1969 6/1/1969 4/1/1969
f 597/1/1970 5/1/1971 1/1/1971
f 597/1/1972 6/1/1973 600/1/1974
f 602/1/1975 103/1/1976 205/1/1975
f 602/1/1977 104/1/1977 601/1/1977
f 603/1/761 205/1/761 97/1/761
f 603/1/762 206/1/762 602/1/762
f 603/1/763 101/1/763 604/1/1978
f 603/1/1979 102/1/1979 98/1/1980
f 604/1/766 103/1/766 601/1/766
f 604/1/767 104/1/767 102/1/767
f 606/1/1981 35/1/1982 43/1/1981
f 606/1/1983 36/1/1984 605/1/1984
f 607/1/770 43/1/770 39/1/770
f 607/1/1985 44/1/1985 606/1/1985
f 607/1/772 33/1/772 608/1/772
f 607/1/1986 34/1/1986 40/1/1986
f 605/1/1987 33/1/1987 35/1/1987
f 608/1/1988 36/1/1988 34/1/1988
f 609/1/1989 25/1/1989 610/1/1989
f 610/1/1990 66/1/1990 609/1/1990
f 610/1/1991 23/1/1992 611/1/1991
f 610/1/1993 24/1/1993 26/1/1993
f 612/1/1994 23/1/1994 61/1/1994
f 612/1/1995 24/1/1995 611/1/1995
f 609/1/782 61/1/782 65/1/782
f 609/1/1996 62/1/1996 612/1/1996
f 614/1/784 51/1/1997 55/1/1997
f 614/1/1998 52/1/1998 613/1/1998
f 614/1/786 57/1/786 615/1/786
f 615/1/787 56/1/787 614/1/787
f 615/1/1999 47/1/1999 616/1/1999
f 615/1/2000 48/1/2001 58/1/2001
f 616/1/790 51/1/790 613/1/790
f 616/1/791 52/1/791 48/1/791
f 617/1/792 227/1/792 618/1/792
f 617/1/2002 228/1/2002 180/1/2002
f 618/1/796 183/1/794 619/1/796
f 618/1/2003 184/1/2003 228/1/2003
f 619/1/798 175/1/798 620/1/798
f 619/1/799 176/1/799 184/1/799
f 617/1/2004 175/1/2004 179/1/2004
f 617/1/2005 176/1/2005 620/1/2005
f 621/1/803 219/1/803 622/1/803
f 621/1/804 220/1/804 144/1/804
f 622/1/2006 137/1/2006 623/1/2006
f 622/1/807 138/1/807 220/1/807
f 624/1/2007 137/1/2007 141/1/2007
f 624/1/809 138/1/809 623/1/809
f 621/1/2008 141/1/2008 143/1/2008
f 621/1/2009 142/1/2009 624/1/2009
f 626/1/812 77/1/812 75/1/812
f 625/1/813 76/1/813 78/1/813
f 627/1/2010 75/1/2010 69/1/2010
f 627/1/2011 76/1/2011 626/1/2011
f 628/1/816 69/1/816 73/1/816
f 628/1/2012 70/1/2012 627/1/2012
f 628/1/2013 77/1/2013 625/1/2013
f 628/1/2014 78/1/2014 74/1/2014
f 630/1/2015 231/1/2015 225/1/2015
f 630/1/821 232/1/821 629/1/821
f 630/1/2016 143/1/822 631/1/2017
f 630/1/2018 144/1/2018 226/1/2018
f 632/1/2019 143/1/2019 87/1/2019
f 632/1/826 144/1/826 631/1/826
f 629/1/2020 87/1/2020 231/1/827
f 629/1/2021 88/1/2021 632/1/2021
f 633/1/2022 69/1/2022 634/1/2022
f 633/1/2023 70/1/2023 74/1/2023
f 634/1/2024 63/1/2024 635/1/2024
f 634/1/2025 64/1/2025 70/1/2025
f 635/1/834 59/1/834 636/1/834
f 635/1/835 60/1/835 64/1/835
f 633/1/2026 59/1/2026 73/1/2026
f 633/1/2027 60/1/2027 636/1/2027
f 637/1/838 181/1/838 638/1/838
f 638/1/839 192/1/839 637/1/839
f 638/1/2028 159/1/2028 639/1/2028
f 638/1/2029 160/1/2029 182/1/2029
f 640/1/2030 159/1/2030 187/1/2030
f 639/1/843 188/1/843 160/1/843
f 637/1/2031 187/1/2031 191/1/2031
f 637/1/2032 188/1/2032 640/1/2032
f 642/1/846 85/1/846 89/1/846
f 642/1/847 86/1/847 641/1/847
f 643/1/848 89/1/848 75/1/848
f 643/1/2033 90/1/2034 642/1/2033
f 644/1/850 75/1/850 77/1/850
f 644/1/2035 76/1/2035 643/1/2035
f 644/1/2036 85/1/2036 641/1/2036
f 644/1/2037 86/1/2037 78/1/2037
f 645/1/855 67/1/855 646/1/855
f 645/1/856 68/1/856 70/1/856
f 646/1/2038 65/1/2038 647/1/2038
f 646/1/2039 66/1/2039 68/1/2039
f 648/1/859 65/1/859 63/1/859
f 647/1/860 64/1/860 66/1/860
f 645/1/862 63/1/862 69/1/862
f 645/1/2040 64/1/2040 648/1/2040
f 649/1/864 237/1/864 650/1/864
f 649/1/865 238/1/865 74/1/865
f 650/1/866 79/1/866 651/1/866
f 650/1/2041 80/1/2041 238/1/2041
f 651/1/868 77/1/868 652/1/868
f 651/1/869 78/1/869 80/1/869
f 649/1/870 77/1/870 73/1/870
f 649/1/2042 78/1/2042 652/1/2042
f 654/1/2043 217/1/2043 223/1/2043
f 654/1/2044 218/1/2044 653/1/2044
f 654/1/874 173/1/874 655/1/874
f 654/1/875 174/1/875 224/1/875
f 655/1/2045 211/1/2045 656/1/2045
f 655/1/2046 212/1/2046 174/1/2046
f 653/1/878 211/1/878 217/1/878
f 653/1/879 212/1/879 656/1/879
f 657/1/2047 25/1/2047 658/1/2047
f 658/1/2048 188/1/2048 657/1/2048
f 659/1/2049 25/1/2049 197/1/2049
f 659/1/2050 26/1/2050 658/1/2050
f 659/1/2051 191/1/2051 660/1/2051
f 659/1/2052 192/1/2052 198/1/2052
f 660/1/2053 187/1/2053 657/1/2053
f 660/1/2054 188/1/2054 192/1/2054
f 662/1/2055 81/1/2055 201/1/2055
f 661/1/2056 202/1/2056 82/1/2056
f 663/1/2057 201/1/2057 199/1/2058
f 663/1/2059 202/1/2059 662/1/2059
f 664/1/2060 199/1/2060 71/1/2060
f 664/1/2061 200/1/2061 663/1/2061
f 664/1/2062 81/1/2062 661/1/2063
f 664/1/2064 82/1/2064 72/1/2064
f 666/1/897 209/1/897 215/1/897
f 666/1/2065 210/1/2065 665/1/2065
f 667/1/2066 215/1/2066 211/1/2066
f 667/1/2067 216/1/2067 666/1/901
f 668/1/902 211/1/902 189/1/902
f 668/1/903 212/1/903 667/1/903
f 668/1/2068 209/1/2069 665/1/2069
f 668/1/2070 210/1/2070 190/1/2070
f 669/1/2071 171/1/2072 670/1/2072
f 669/1/2073 172/1/2073 170/1/2073
f 670/1/909 165/1/909 671/1/909
f 670/1/910 166/1/910 172/1/910
f 672/1/2074 165/1/2074 161/1/2074
f 672/1/2075 166/1/2075 671/1/2075
f 672/1/913 169/1/913 669/1/913
f 672/1/2076 170/1/2076 162/1/2076
f 673/1/2077 229/1/2077 674/1/2077
f 673/1/916 230/1/916 234/1/916
f 674/1/2078 225/1/2078 675/1/2078
f 674/1/918 226/1/918 230/1/918
f 675/1/919 231/1/919 676/1/919
f 675/1/2079 232/1/2079 226/1/2079
f 673/1/2080 231/1/2080 233/1/2080
f 673/1/2081 232/1/2081 676/1/2081
f 677/1/2082 199/1/2082 678/1/2082
f 678/1/2083 72/1/2083 677/1/2083
f 679/1/2084 199/1/2084 197/1/2084
f 679/1/2085 200/1/2085 678/1/2085
f 679/1/2086 67/1/2086 680/1/2086
f 680/1/2087 198/1/2087 679/1/2087
f 680/1/2088 71/1/2088 677/1/2088
f 680/1/2089 72/1/2089 68/1/2089
f 682/1/2090 235/1/2090 227/1/2090
f 682/1/2091 236/1/2091 681/1/2091
f 683/1/933 227/1/933 229/1/933
f 683/1/934 228/1/934 682/1/934
f 684/1/2092 229/1/2092 233/1/2092
f 684/1/2093 230/1/2093 683/1/2093
f 684/1/2094 235/1/2094 681/1/2094
f 684/1/2095 236/1/2095 234/1/2095
f 685/1/939 179/1/939 686/1/939
f 685/1/2096 180/1/2096 170/1/2096
f 686/1/2097 175/1/2097 687/1/2097
f 686/1/2098 176/1/2098 180/1/2098
f 687/1/943 171/1/943 688/1/943
f 687/1/944 172/1/944 176/1/944
f 685/1/946 171/1/946 169/1/946
f 685/1/2099 172/1/2099 688/1/2099
f 689/1/2100 165/1/2100 690/1/2100
f 689/1/2101 166/1/2101 162/1/2101
f 690/1/2102 163/1/2102 691/1/2102
f 690/1/951 164/1/951 166/1/951
f 692/1/2103 163/1/2103 159/1/2103
f 692/1/2104 164/1/2104 691/1/2104
f 692/1/955 161/1/955 689/1/955
f 692/1/956 162/1/956 160/1/956
f 693/1/2105 221/1/2105 694/1/2105
f 693/1/2106 222/1/2106 216/1/2106
f 694/1/959 137/1/959 695/1/959
f 694/1/635 138/1/635 222/1/635
f 696/1/2107 137/1/2108 219/1/960
f 696/1/961 138/1/961 695/1/961
f 693/1/962 219/1/962 215/1/962
f 693/1/963 220/1/963 696/1/963
f 697/1/964 698/1/964 315/1/964
f 697/1/2109 300/1/2109 316/1/2109
f 699/1/2110 309/1/2110 315/1/2110
f 699/1/2111 698/1/2111 316/1/2111
f 699/1/968 700/1/968 311/1/968
f 699/1/969 310/1/969 312/1/969
f 697/1/970 299/1/970 311/1/970
f 697/1/2112 700/1/2112 312/1/2112
f 701/1/2113 261/1/2113 702/1/2113
f 701/1/973 262/1/973 254/1/973
f 703/1/2114 261/1/2114 167/1/2114
f 703/1/2115 262/1/2115 702/1/2115
f 704/1/976 167/1/976 247/1/976
f 704/1/977 168/1/977 703/1/977
f 704/1/2116 253/1/2116 701/1/2116
f 704/1/2117 254/1/2117 248/1/2118
f 705/1/980 265/1/980 706/1/980
f 706/1/981 168/1/981 705/1/981
f 707/1/2119 265/1/2119 163/1/2119
f 707/1/2120 266/1/2120 706/1/2120
f 708/1/984 163/1/984 165/1/984
f 707/1/985 166/1/985 164/1/985
f 708/1/2121 167/1/2121 705/1/2121
f 708/1/2122 168/1/2122 166/1/2122
f 709/1/988 63/1/988 710/1/988
f 709/1/2123 64/1/2123 60/1/2123
f 710/1/2124 49/1/2124 711/1/2124
f 710/1/2125 50/1/2125 64/1/2125
f 711/1/2126 57/1/2126 712/1/2126
f 711/1/994 58/1/994 50/1/994
f 709/1/995 57/1/2127 59/1/2127
f 709/1/2128 58/1/2128 712/1/2128
f 714/1/2129 43/1/2129 51/1/2129
f 714/1/2130 44/1/2130 713/1/2130
f 715/1/2131 51/1/2131 47/1/2131
f 715/1/1000 52/1/1000 714/1/1000
f 715/1/2132 39/1/2132 716/1/2132
f 715/1/2133 40/1/2133 48/1/2133
f 713/1/2134 39/1/2134 43/1/2134
f 713/1/1004 40/1/1004 716/1/1004
f 718/1/1005 265/1/1005 13/1/1005
f 717/1/1006 14/1/1006 266/1/1006
f 719/1/2135 13/1/1007 17/1/2135
f 719/1/2136 14/1/2136 718/1/2136
f 719/1/1011 163/1/1011 720/1/1011
f 720/1/1012 18/1/1012 719/1/1012
f 720/1/2137 265/1/2137 717/1/2137
f 720/1/1015 266/1/1015 164/1/1015
f 722/1/2138 161/1/2138 177/1/2138
f 722/1/2139 162/1/2139 721/1/2139
f 722/1/2140 173/1/2140 723/1/2140
f 722/1/1019 174/1/1019 178/1/1019
f 723/1/2141 169/1/2141 724/1/2141
f 723/1/2142 170/1/2142 174/1/2142
f 721/1/1022 169/1/1022 161/1/1022
f 724/1/1023 162/1/1023 170/1/1023
f 725/1/1024 231/1/1024 726/1/1024
f 725/1/1025 232/1/1025 80/1/1025
f 726/1/2143 87/1/2143 727/1/2143
f 726/1/2144 88/1/2144 232/1/2144
f 727/1/1030 83/1/1030 728/1/1030
f 728/1/2145 88/1/2145 727/1/2145
f 725/1/2146 83/1/2147 79/1/2147
f 725/1/2148 84/1/2148 728/1/2148
f 730/1/1034 245/1/1034 247/1/1034
f 730/1/445 246/1/445 729/1/445
f 731/1/2149 247/1/2150 171/1/2151
f 731/1/1038 248/1/1038 730/1/1038
f 732/1/1039 171/1/1039 175/1/1039
f 732/1/1040 172/1/1040 731/1/1040
f 732/1/1042 245/1/2152 729/1/2152
f 732/1/2153 246/1/2153 176/1/2153
f 734/1/423 47/1/423 41/1/423
f 734/1/1044 48/1/1044 733/1/1044
f 734/1/2154 31/1/2154 735/1/2154
f 734/1/2155 32/1/2155 42/1/2155
f 736/1/2156 31/1/2156 39/1/2156
f 736/1/1049 32/1/1049 735/1/1049
f 733/1/2157 39/1/2157 47/1/2157
f 733/1/2158 40/1/2158 736/1/2158
f 737/1/2159 193/1/2159 738/1/2159
f 737/1/1053 194/1/1053 204/1/1053
f 739/1/1054 193/1/1054 185/1/2160
f 739/1/2161 194/1/2161 738/1/2161
f 740/1/1056 185/1/1056 195/1/1056
f 739/1/1057 196/1/1057 186/1/1057
f 740/1/2162 203/1/2162 737/1/2162
f 740/1/2163 204/1/2163 196/1/2163
f 742/1/2164 195/1/2164 185/1/2164
f 742/1/1061 196/1/1061 741/1/1061
f 743/1/2165 185/1/2165 181/1/2165
f 743/1/2166 186/1/2166 742/1/2166
f 743/1/2167 191/1/2167 744/1/2167
f 744/1/1065 182/1/1065 743/1/1065
f 744/1/2168 195/1/2168 741/1/2168
f 744/1/2169 196/1/2169 192/1/2169
f 746/1/2170 225/1/2170 229/1/2170
f 746/1/2171 226/1/2171 745/1/2171
f 747/1/2172 229/1/2172 223/1/2172
f 746/1/1071 224/1/1071 230/1/1071
f 747/1/2173 217/1/2173 748/1/2173
f 747/1/2174 218/1/2174 224/1/2174
f 748/1/2175 225/1/2175 745/1/2175
f 745/1/1075 218/1/1075 748/1/1075
f 749/1/2176 59/1/2176 750/1/2176
f 749/1/2177 60/1/2177 74/1/2177
f 751/1/1078 59/1/1078 241/1/1078
f 751/1/1079 60/1/1079 750/1/1079
f 752/1/2178 241/1/2178 237/1/2178
f 752/1/2179 242/1/2179 751/1/2179
f 749/1/2180 237/1/2180 73/1/2180
f 749/1/1083 238/1/1083 752/1/1083
f 754/1/2181 25/1/2181 187/1/2181
f 754/1/1085 26/1/1085 753/1/1085
f 754/1/2182 17/1/2183 755/1/2183
f 754/1/2184 18/1/2184 188/1/2184
f 756/1/2185 17/1/2185 23/1/2185
f 756/1/1091 18/1/1091 755/1/1091
f 753/1/2186 23/1/2187 25/1/2187
f 753/1/2188 24/1/2188 756/1/2188
f 758/1/1094 241/1/1094 59/1/1094
f 758/1/1095 242/1/1095 757/1/1095
f 758/1/2189 57/1/2189 759/1/2189
f 758/1/2190 58/1/2190 60/1/2190
f 760/1/1099 57/1/1099 55/1/1099
f 759/1/1100 56/1/1100 58/1/1100
f 757/1/2191 55/1/2191 241/1/2191
f 757/1/2192 56/1/2192 760/1/2192
f 762/1/2193 63/1/2193 65/1/2193
f 762/1/2194 64/1/2194 761/1/2194
f 762/1/2195 61/1/2195 763/1/2195
f 762/1/2196 62/1/2196 66/1/2196
f 763/1/2197 49/1/2197 764/1/2197
f 763/1/2198 50/1/2198 62/1/2198
f 761/1/2199 49/1/2200 63/1/2200
f 761/1/2201 50/1/2201 764/1/2201
f 766/1/2202 67/1/2202 197/1/2202
f 766/1/1114 68/1/1114 765/1/1114
f 766/1/2203 25/1/2203 767/1/2203
f 766/1/2204 26/1/2204 198/1/2204
f 768/1/2205 25/1/2205 65/1/2205
f 767/1/1118 66/1/1118 26/1/1118
f 765/1/2206 65/1/2206 67/1/2206
f 765/1/2207 66/1/2207 768/1/2207
f 769/1/1121 71/1/1121 770/1/1121
f 770/1/1122 76/1/1122 769/1/1122
f 771/1/2208 71/1/2208 67/1/2209
f 771/1/2210 72/1/2210 770/1/2210
f 772/1/1126 67/1/1126 69/1/1126
f 771/1/1127 70/1/1127 68/1/1127
f 772/1/2211 75/1/2211 769/1/2211
f 772/1/2212 76/1/2212 70/1/2212
f 774/1/1130 89/1/1130 81/1/1130
f 774/1/2213 90/1/2213 773/1/2213
f 775/1/2214 81/1/2215 71/1/2215
f 775/1/2216 82/1/2216 774/1/2216
f 775/1/2217 75/1/2217 776/1/2217
f 776/1/2218 72/1/2218 775/1/2218
f 776/1/2219 89/1/2219 773/1/2219
f 776/1/2220 90/1/2220 76/1/2220
f 777/1/1139 147/1/1139 778/1/1139
f 777/1/1140 148/1/1140 142/1/1140
f 779/1/2221 147/1/2222 87/1/2221
f 779/1/2223 148/1/2223 778/1/2223
f 779/1/1143 143/1/1143 780/1/1143
f 779/1/1144 144/1/1144 88/1/1144
f 780/1/2224 141/1/2224 777/1/2224
f 780/1/2225 142/1/2225 144/1/2225
f 782/1/2226 53/1/2226 239/1/2226
f 782/1/2227 54/1/2228 781/1/2227
f 783/1/2229 239/1/2229 55/1/2229
f 783/1/1151 240/1/1151 782/1/1151
f 783/1/2230 51/1/2230 784/1/2230
f 783/1/2231 52/1/2231 56/1/2231
f 781/1/2232 51/1/2232 53/1/2232
f 781/1/1156 52/1/1156 784/1/1156
f 786/1/1157 185/1/1157 189/1/1157
f 786/1/1158 186/1/1158 785/1/1158
f 787/1/1159 189/1/1159 177/1/1159
f 787/1/2233 190/1/2233 786/1/2233
f 788/1/2234 177/1/2234 181/1/2234
f 787/1/2235 182/1/2235 178/1/2235
f 788/1/2236 185/1/2236 785/1/2236
f 788/1/2237 186/1/2237 182/1/2237
f 790/1/2238 15/1/2238 23/1/2238
f 790/1/2239 16/1/2239 789/1/2239
f 791/1/1169 23/1/1169 17/1/1169
f 790/1/1170 18/1/1170 24/1/1170
f 791/1/2240 13/1/2240 792/1/1172
f 791/1/2241 14/1/2241 18/1/2241
f 792/1/2242 15/1/2242 789/1/2242
f 789/1/1175 14/1/1175 792/1/1175
f 793/1/221 221/1/221 794/1/221
f 793/1/1176 222/1/1176 138/1/1176
f 794/1/1177 131/1/1177 795/1/1177
f 794/1/2243 132/1/2243 222/1/2243
f 795/1/1180 135/1/1180 796/1/1180
f 795/1/1181 136/1/1181 132/1/1181
f 793/1/2244 135/1/2244 137/1/2245
f 793/1/2246 136/1/2246 796/1/2247
f 798/1/2248 261/1/2248 267/1/2248
f 798/1/2249 262/1/2249 797/1/2249
f 799/1/2250 267/1/2250 265/1/2250
f 799/1/2251 268/1/2251 798/1/2252
f 800/1/791 265/1/791 167/1/791
f 799/1/1190 168/1/1190 266/1/1190
f 800/1/2253 261/1/2253 797/1/2253
f 800/1/1193 262/1/2254 168/1/2255
f 801/1/1195 253/1/1195 802/1/1195
f 801/1/1196 254/1/1196 252/1/1196
f 803/1/2256 253/1/2257 247/1/2257
f 803/1/2258 254/1/2259 802/1/2259
f 803/1/1199 245/1/1199 804/1/1199
f 804/1/1200 248/1/1200 803/1/1200
f 804/1/1202 251/1/1202 801/1/1202
f 804/1/2260 252/1/2260 246/1/2260
f 806/1/2261 121/1/2261 103/1/2261
f 806/1/2262 122/1/2262 805/1/2262
f 807/1/1207 103/1/1207 101/1/1207
f 807/1/1208 104/1/1208 806/1/1208
f 807/1/1209 115/1/1209 808/1/1209
f 807/1/2263 116/1/2263 102/1/2263
f 805/1/2264 115/1/2264 121/1/2264
f 808/1/2265 122/1/2266 116/1/2266
f 810/1/1216 119/1/1216 109/1/1216
f 810/1/2267 120/1/1217 809/1/2267
f 811/1/1219 109/1/1219 157/1/1219
f 811/1/1220 110/1/1220 810/1/1220
f 811/1/1221 155/1/1221 812/1/1221
f 811/1/2268 156/1/2268 158/1/2268
f 809/1/1223 155/1/1223 119/1/1224
f 812/1/2269 120/1/2269 156/1/2269
f 814/1/1227 127/1/1227 131/1/1227
f 813/1/2270 132/1/2270 128/1/2270
f 815/1/2271 131/1/1229 221/1/2271
f 815/1/2272 132/1/2272 814/1/2272
f 815/1/1231 213/1/1231 816/1/1231
f 815/1/1232 214/1/1232 222/1/1232
f 816/1/2273 127/1/1234 813/1/1234
f 816/1/2274 128/1/1235 214/1/1235
f 817/1/2275 119/1/2276 818/1/2275
f 817/1/2277 120/1/2277 110/1/2278
f 819/1/2279 119/1/2279 113/1/2279
f 818/1/1242 114/1/1242 120/1/1242
f 820/1/2280 113/1/2280 107/1/2280
f 820/1/2281 114/1/2282 819/1/2281
f 820/1/2283 109/1/2283 817/1/2283
f 820/1/1246 110/1/1246 108/1/1246
f 821/1/1247 149/1/1249 822/1/2284
f 821/1/1250 150/1/2285 118/1/2286
f 822/1/1253 139/1/2287 823/1/2288
f 822/1/2289 140/1/1258 150/1/2290
f 824/1/2291 139/1/1261 133/1/2292
f 824/1/1262 140/1/1264 823/1/2293
f 821/1/1265 133/1/1267 117/1/2294
f 821/1/1268 134/1/1270 824/1/2295
f 826/1/2296 139/1/2296 149/1/2296
f 825/1/2297 150/1/2297 140/1/2297
f 827/1/2298 149/1/1273 145/1/1273
f 827/1/2299 150/1/2299 826/1/2299
f 827/1/1276 135/1/1276 828/1/1276
f 827/1/2300 136/1/2300 146/1/2300
f 828/1/1278 139/1/1278 825/1/1278
f 828/1/2301 140/1/2301 136/1/1279
f 829/1/1280 105/1/1280 830/1/1280
f 829/1/2302 106/1/2302 96/1/2302
f 830/1/2303 101/1/2303 831/1/2303
f 830/1/1283 102/1/1283 106/1/1283
f 832/1/2304 101/1/2304 97/1/2304
f 832/1/2305 102/1/2305 831/1/2305
f 832/1/1286 95/1/1286 829/1/1286
f 832/1/2306 96/1/2306 98/1/2306
f 834/1/2307 27/1/2307 61/1/2307
f 834/1/2308 28/1/2308 833/1/2309
f 835/1/2310 61/1/2310 23/1/2310
f 835/1/1292 62/1/1292 834/1/1292
f 835/1/2311 15/1/2311 836/1/2311
f 835/1/2312 16/1/2312 24/1/2312
f 833/1/2313 15/1/2313 27/1/2313
f 836/1/432 28/1/432 16/1/432
f 837/1/2314 45/1/2314 838/1/2314
f 837/1/2315 46/1/2315 250/1/2315
f 838/1/2316 37/1/2316 839/1/2316
f 838/1/2317 38/1/2317 46/1/2317
f 840/1/2318 37/1/2319 255/1/1301
f 839/1/2320 256/1/2320 38/1/2320
f 837/1/1304 255/1/1304 249/1/1304
f 837/1/2321 256/1/2321 840/1/2321
f 842/1/2322 145/1/2322 151/1/2322
f 842/1/2323 146/1/2323 841/1/2323
f 843/1/2324 151/1/2324 147/1/2324
f 843/1/2325 152/1/2325 842/1/2325
f 844/1/1311 147/1/1311 141/1/1311
f 844/1/2326 148/1/2326 843/1/2326
f 844/1/2327 145/1/2327 841/1/2327
f 844/1/2328 146/1/2328 142/1/2328
f 846/1/2329 257/1/2329 259/1/2330
f 845/1/1317 260/1/1317 258/1/1317
f 847/1/2331 259/1/2331 253/1/2331
f 847/1/2332 260/1/2332 846/1/2332
f 847/1/1321 251/1/1321 848/1/1321
f 848/1/1322 254/1/1322 847/1/1322
f 848/1/2333 257/1/2333 845/1/2333
f 848/1/2334 258/1/2334 252/1/2334
f 850/1/1326 315/1/1326 297/1/1326
f 850/1/1327 849/1/1327 298/1/1327
f 850/1/2335 851/1/2335 293/1/2335
f 850/1/2336 316/1/2336 294/1/2336
f 852/1/1330 283/1/1330 293/1/1330
f 852/1/1331 851/1/1331 294/1/1331
f 852/1/1332 849/1/1332 297/1/1332
f 852/1/2337 284/1/2338 298/1/2337
f 854/1/1334 97/1/1334 205/1/1334
f 854/1/1335 98/1/1335 853/1/1335
f 855/1/2339 205/1/2339 203/1/2340
f 855/1/2341 206/1/2341 854/1/2341
f 855/1/1338 201/1/1338 856/1/1338
f 856/1/1339 204/1/1339 855/1/1339
f 856/1/2342 97/1/2342 853/1/2342
f 856/1/2343 98/1/2343 202/1/2343
f 858/1/1342 293/1/1342 283/1/1342
f 857/1/2344 284/1/2344 294/1/2344
f 858/1/2345 859/1/2345 277/1/2345
f 858/1/2346 294/1/2346 278/1/2346
f 859/1/1346 860/1/1346 279/1/1346
f 860/1/2347 859/1/2347 278/1/2347
f 860/1/1348 857/1/1348 283/1/1348
f 860/1/2348 280/1/2348 284/1/2348
f 861/1/1352 109/1/1352 862/1/1352
f 861/1/2349 110/1/2349 92/1/2349
f 862/1/2350 107/1/2350 863/1/2350
f 862/1/2351 108/1/2351 110/1/2351
f 864/1/1357 107/1/1357 99/1/2352
f 864/1/2353 108/1/2353 863/1/2353
f 861/1/671 99/1/671 91/1/671
f 861/1/1361 100/1/1361 864/1/1361
f 866/1/2354 307/1/2354 303/1/2354
f 865/1/1363 304/1/1363 308/1/1363
f 867/1/1364 281/1/1364 307/1/1364
f 867/1/1365 866/1/1365 308/1/1365
f 867/1/2355 868/1/2355 301/1/2355
f 868/1/2356 867/1/2356 282/1/2356
f 865/1/1368 303/1/1368 301/1/1368
f 865/1/2357 868/1/2357 302/1/2357
f 869/1/1370 177/1/1370 870/1/1370
f 869/1/1371 178/1/1371 182/1/1371
f 870/1/2358 161/1/2358 871/1/2358
f 870/1/2359 162/1/2359 178/1/2359
f 871/1/1374 159/1/1374 872/1/1374
f 871/1/1375 160/1/1375 162/1/1375
f 869/1/1376 159/1/1376 181/1/1376
f 869/1/2360 160/1/2360 872/1/2360
f 874/1/2361 297/1/2361 315/1/2361
f 874/1/1380 873/1/1380 316/1/1380
f 874/1/2362 875/1/1381 313/1/2362
f 874/1/2363 298/1/2363 314/1/2363
f 876/1/2364 309/1/2364 313/1/2364
f 876/1/1384 875/1/1384 314/1/1384
f 876/1/1385 873/1/1385 315/1/1385
f 876/1/1386 310/1/1386 316/1/1386
f 877/1/1387 878/1/1387 289/1/1387
f 878/1/1388 877/1/1388 278/1/1388
f 878/1/2365 879/1/2365 285/1/2365
f 878/1/1390 290/1/1390 286/1/1390
f 880/1/2366 269/1/2366 285/1/2366
f 880/1/1392 879/1/1392 286/1/1392
f 880/1/2367 877/1/2368 277/1/2367
f 880/1/2369 270/1/2369 278/1/2369
f 881/1/1397 882/1/1397 295/1/1397
f 882/1/1398 881/1/1398 294/1/1398
f 883/1/1399 289/1/1399 295/1/1399
f 883/1/1401 882/1/1401 296/1/1401
f 884/1/2370 277/1/2370 289/1/2370
f 883/1/2371 290/1/2372 278/1/2371
f 884/1/2373 881/1/2373 293/1/2373
f 884/1/1405 278/1/2374 294/1/2374
f 885/1/2375 886/1/2375 309/1/2375
f 885/1/2376 312/1/2376 310/1/2376
f 887/1/2377 303/1/2377 309/1/2377
f 887/1/2378 886/1/2378 310/1/1409
f 888/1/1410 305/1/1410 303/1/1410
f 887/1/2379 304/1/2379 306/1/2379
f 885/1/1412 311/1/1412 305/1/2380
f 885/1/2381 888/1/2382 306/1/2381
f 889/1/2383 890/1/2383 299/1/2383
f 889/1/2384 316/1/2384 300/1/2384
f 891/1/1417 295/1/1417 299/1/1417
f 891/1/1419 890/1/1419 300/1/1419
f 892/1/1420 293/1/1420 295/1/1420
f 891/1/2385 296/1/2385 294/1/2385
f 889/1/2386 315/1/2386 293/1/2386
f 889/1/2387 892/1/2387 294/1/2387
f 893/1/1424 894/1/1424 279/1/1424
f 893/1/1425 274/1/1425 280/1/1425
f 894/1/1427 895/1/1427 277/1/1427
f 894/1/1428 280/1/1428 278/1/1428
f 896/1/1429 269/1/1429 277/1/1429
f 896/1/2388 895/1/2388 278/1/2388
f 896/1/1431 893/1/1431 273/1/1431
f 893/1/2389 896/1/2389 270/1/2389
f 897/1/2390 898/1/2390 287/1/2390
f 897/1/2391 286/1/2391 288/1/2391
f 899/1/2392 275/1/2392 287/1/2392
f 899/1/2393 898/1/2393 288/1/2393
f 899/1/2394 900/1/2394 269/1/2394
f 899/1/1438 276/1/1438 270/1/2395
f 897/1/2396 285/1/2396 269/1/2396
f 897/1/1440 900/1/1440 270/1/1440
f 902/1/2397 275/1/2397 269/1/2397
f 902/1/2398 901/1/2398 270/1/2398
f 902/1/2399 903/1/1443 271/1/1443
f 902/1/1444 276/1/1444 272/1/1444
f 904/1/2400 273/1/2400 271/1/2400
f 904/1/1446 903/1/1446 272/1/1446
f 904/1/2401 901/1/2401 269/1/2401
f 904/1/1448 274/1/1448 270/1/1448
f 905/1/1449 906/1/1449 303/1/1449
f 906/1/2402 905/1/2402 306/1/2402
f 907/1/1451 301/1/1451 303/1/1451
f 907/1/1453 906/1/1453 304/1/1453
f 908/1/2403 291/1/2403 301/1/2403
f 907/1/1456 302/1/1456 292/1/1456
f 908/1/2404 905/1/2404 305/1/2404
f 908/1/2405 292/1/2405 306/1/2405
f 909/1/1459 35/1/2406 910/1/2407
f 909/1/1462 36/1/2408 8/1/2409
f 910/1/1465 33/1/1467 911/1/2410
f 910/1/1468 34/1/1470 36/1/2411
f 912/1/1471 33/1/2412 29/1/2413
f 912/1/1474 34/1/1476 911/1/2414
f 909/1/1477 29/1/1479 7/1/2415
f 909/1/1480 30/1/1482 912/1/2416
