# Blender 5.2.0 LTS
# www.blender.org
mtllib glass keyrambit.mtl
o Keyrambit
v -0.345477 1.991092 0.045075 0.2392 0.2392 0.2392
v -0.663093 2.019999 0.064737 0.2392 0.2392 0.2392
v -0.345477 1.991092 0.058183 0.2392 0.2392 0.2392
v -0.345477 1.991092 0.071291 0.2392 0.2392 0.2392
v -0.345477 1.991092 0.084399 0.2392 0.2392 0.2392
v 0.146412 1.667287 0.084399 0.2392 0.2392 0.2392
v 0.146412 1.667287 0.071291 0.2392 0.2392 0.2392
v 0.146412 1.667287 0.058183 0.2392 0.2392 0.2392
v 0.146412 1.667287 0.045075 0.2392 0.2392 0.2392
v -0.064222 1.855117 0.045075 0.2392 0.2392 0.2392
v -0.064222 1.855117 0.058183 0.2392 0.2392 0.2392
v -0.064222 1.855117 0.071291 0.2392 0.2392 0.2392
v -0.064222 1.855117 0.084399 0.2392 0.2392 0.2392
v -0.525637 -0.106100 0.090953 0.2392 0.2392 0.2392
v -0.525637 -0.106100 0.038521 0.2392 0.2392 0.2392
v -0.452131 -0.174295 0.090953 0.2392 0.2392 0.2392
v -0.359994 -0.167673 0.090953 0.2392 0.2392 0.2392
v -0.452131 -0.174295 0.038521 0.2392 0.2392 0.2392
v -0.359994 -0.167673 0.038521 0.2392 0.2392 0.2392
v -0.242188 0.194564 0.092453 0.2392 0.2392 0.2392
v -0.163036 0.117910 0.092453 0.2392 0.2392 0.2392
v -0.163036 0.117910 0.037020 0.2392 0.2392 0.2392
v -0.139894 0.119840 0.037020 0.2392 0.2392 0.2392
v -0.242188 0.194564 0.037020 0.2392 0.2392 0.2392
v -0.139894 0.119840 0.092453 0.2392 0.2392 0.2392
v 0.265801 0.989886 0.028624 0.2392 0.2392 0.2392
v 0.265801 0.989886 0.100850 0.2392 0.2392 0.2392
v 0.192741 0.939351 0.028624 0.2392 0.2392 0.2392
v 0.192741 0.939351 0.100850 0.2392 0.2392 0.2392
v 0.017388 1.009615 0.028624 0.2392 0.2392 0.2392
v 0.017388 1.009615 0.100850 0.2392 0.2392 0.2392
v -0.165498 0.975493 0.064737 0.2392 0.2392 0.2392
v -0.172827 0.093194 0.004136 0.2392 0.2392 0.2392
v -0.128220 0.094877 0.004136 0.2392 0.2392 0.2392
v -0.267071 0.189267 0.004136 0.2392 0.2392 0.2392
v -0.128220 0.094877 0.125338 0.2392 0.2392 0.2392
v -0.172827 0.093194 0.125338 0.2392 0.2392 0.2392
v -0.267071 0.189267 0.125338 0.2392 0.2392 0.2392
v 0.081576 0.401530 0.004136 0.2392 0.2392 0.2392
v -0.062446 0.440935 0.037020 0.2392 0.2392 0.2392
v 0.037497 0.391722 0.037021 0.2392 0.2392 0.2392
v -0.081856 0.424903 0.004136 0.2392 0.2392 0.2392
v 0.040611 0.367321 0.004136 0.2392 0.2392 0.2392
v 0.081576 0.401530 0.125338 0.2392 0.2392 0.2392
v 0.037497 0.391722 0.092453 0.2392 0.2392 0.2392
v 0.040611 0.367321 0.125338 0.2392 0.2392 0.2392
v -0.062446 0.440935 0.092453 0.2392 0.2392 0.2392
v -0.081856 0.424903 0.125338 0.2392 0.2392 0.2392
v -0.088883 0.956650 0.125338 0.2392 0.2392 0.2392
v -0.088883 0.956650 0.004136 0.2392 0.2392 0.2392
v -0.179520 0.003737 0.091988 0.2392 0.2392 0.2392
v -0.179520 0.003737 0.037485 0.2392 0.2392 0.2392
v -0.352333 0.171819 0.091988 0.2392 0.2392 0.2392
v -0.352333 0.171819 0.037485 0.2392 0.2392 0.2392
v -0.523957 0.156549 0.091988 0.2392 0.2392 0.2392
v -0.523957 0.156549 0.037485 0.2392 0.2392 0.2392
v 0.292016 0.916701 0.084399 0.2392 0.2392 0.2392
v 0.327412 1.019260 0.071291 0.2392 0.2392 0.2392
v 0.327412 1.019260 0.084399 0.2392 0.2392 0.2392
v 0.292016 0.916701 0.071291 0.2392 0.2392 0.2392
v 0.210607 1.411857 0.071291 0.2392 0.2392 0.2392
v 0.210607 1.411857 0.084399 0.2392 0.2392 0.2392
v 0.327412 1.019260 0.058183 0.2392 0.2392 0.2392
v 0.292016 0.916701 0.058183 0.2392 0.2392 0.2392
v 0.327412 1.019260 0.045075 0.2392 0.2392 0.2392
v 0.292016 0.916701 0.045075 0.2392 0.2392 0.2392
v 0.210607 1.411857 0.045075 0.2392 0.2392 0.2392
v 0.210607 1.411857 0.058183 0.2392 0.2392 0.2392
v 0.236526 1.457392 0.045075 0.2392 0.2392 0.2392
v 0.236526 1.457392 0.058183 0.2392 0.2392 0.2392
v 0.236526 1.457392 0.071291 0.2392 0.2392 0.2392
v 0.236526 1.457392 0.084399 0.2392 0.2392 0.2392
v -0.466755 0.042153 0.038521 0.2392 0.2392 0.2392
v -0.466755 0.042153 0.090953 0.2392 0.2392 0.2392
v -0.527688 -0.026445 0.090953 0.2392 0.2392 0.2392
v -0.527688 -0.026445 0.038521 0.2392 0.2392 0.2392
v -0.238632 0.225422 0.092453 0.2392 0.2392 0.2392
v -0.238632 0.225422 0.037020 0.2392 0.2392 0.2392
v -0.122764 0.344617 0.092453 0.2392 0.2392 0.2392
v -0.122764 0.344617 0.037020 0.2392 0.2392 0.2392
v 0.053104 1.280408 0.092567 0.2392 0.2392 0.2392
v -0.023198 1.503220 0.036906 0.2392 0.2392 0.2392
v -0.023198 1.503220 0.092567 0.2392 0.2392 0.2392
v 0.053104 1.280408 0.036906 0.2392 0.2392 0.2392
v -0.003971 1.053677 0.036906 0.2392 0.2392 0.2392
v -0.003971 1.053677 0.092567 0.2392 0.2392 0.2392
v 0.016769 0.988905 0.036906 0.2392 0.2392 0.2392
v 0.016769 0.988905 0.092567 0.2392 0.2392 0.2392
v -0.036887 0.022067 0.028624 0.2392 0.2392 0.2392
v -0.036887 0.022067 0.100850 0.2392 0.2392 0.2392
v 0.136140 0.250413 0.028624 0.2392 0.2392 0.2392
v 0.136140 0.250413 0.100850 0.2392 0.2392 0.2392
v 0.306900 0.934190 0.028624 0.2392 0.2392 0.2392
v 0.306900 0.934190 0.100850 0.2392 0.2392 0.2392
v -0.263421 0.230529 0.004136 0.2392 0.2392 0.2392
v -0.127808 0.374913 0.004136 0.2392 0.2392 0.2392
v -0.127808 0.374913 0.125338 0.2392 0.2392 0.2392
v -0.263421 0.230529 0.125338 0.2392 0.2392 0.2392
v 0.008946 0.869556 0.037021 0.2392 0.2392 0.2392
v -0.012398 0.881331 0.004136 0.2392 0.2392 0.2392
v -0.001553 0.691613 0.004136 0.2392 0.2392 0.2392
v 0.022520 0.685428 0.037021 0.2392 0.2392 0.2392
v -0.093205 0.477524 0.004136 0.2392 0.2392 0.2392
v -0.068585 0.474749 0.037020 0.2392 0.2392 0.2392
v 0.008946 0.869556 0.092453 0.2392 0.2392 0.2392
v -0.012398 0.881331 0.125338 0.2392 0.2392 0.2392
v -0.001553 0.691613 0.125338 0.2392 0.2392 0.2392
v 0.022520 0.685428 0.092453 0.2392 0.2392 0.2392
v -0.093205 0.477524 0.125338 0.2392 0.2392 0.2392
v -0.068585 0.474749 0.092453 0.2392 0.2392 0.2392
v -0.051819 1.055652 0.026553 0.2392 0.2392 0.2392
v -0.035830 0.976244 0.045075 0.2392 0.2392 0.2392
v -0.043119 0.974401 0.026553 0.2392 0.2392 0.2392
v -0.051819 1.055652 0.102921 0.2392 0.2392 0.2392
v -0.035830 0.976244 0.084399 0.2392 0.2392 0.2392
v -0.043119 0.974401 0.102921 0.2392 0.2392 0.2392
v -0.196208 -0.131139 0.037485 0.2392 0.2392 0.2392
v -0.196208 -0.131139 0.091988 0.2392 0.2392 0.2392
v -0.310947 -0.274605 0.091988 0.2392 0.2392 0.2392
v -0.310947 -0.274605 0.037485 0.2392 0.2392 0.2392
v -0.353290 1.962799 0.026553 0.2392 0.2392 0.2392
v -0.080836 1.829688 0.026553 0.2392 0.2392 0.2392
v -0.500914 1.973636 0.045075 0.2392 0.2392 0.2392
v 0.121902 1.650465 0.026553 0.2392 0.2392 0.2392
v 0.203626 1.459548 0.026553 0.2392 0.2392 0.2392
v 0.295923 1.021323 0.026553 0.2392 0.2392 0.2392
v 0.178768 1.415069 0.026553 0.2392 0.2392 0.2392
v 0.264051 0.918534 0.026553 0.2392 0.2392 0.2392
v -0.118005 1.278962 0.064737 0.2392 0.2392 0.2392
v -0.126850 1.030605 0.026553 0.2392 0.2392 0.2392
v -0.193582 1.030371 0.064737 0.2392 0.2392 0.2392
v -0.051608 1.276896 0.026553 0.2392 0.2392 0.2392
v -0.132726 0.472025 0.004136 0.2392 0.2392 0.2392
v -0.084819 0.366328 0.004136 0.2392 0.2392 0.2392
v -0.001782 0.298668 0.004136 0.2392 0.2392 0.2392
v -0.308245 0.306059 0.004136 0.2392 0.2392 0.2392
v -0.036925 0.695092 0.004136 0.2392 0.2392 0.2392
v -0.328537 0.184081 0.004136 0.2392 0.2392 0.2392
v -0.169022 0.029567 0.004136 0.2392 0.2392 0.2392
v -0.053325 0.049628 0.004136 0.2392 0.2392 0.2392
v -0.000451 0.246704 0.004136 0.2392 0.2392 0.2392
v -0.052275 0.894320 0.004136 0.2392 0.2392 0.2392
v 0.108726 0.262585 0.004136 0.2392 0.2392 0.2392
v 0.013245 0.978760 0.004136 0.2392 0.2392 0.2392
v 0.033901 0.910582 0.004136 0.2392 0.2392 0.2392
v 0.195483 0.905760 0.004136 0.2392 0.2392 0.2392
v 0.184207 0.840800 0.004136 0.2392 0.2392 0.2392
v 0.193736 0.805603 0.004136 0.2392 0.2392 0.2392
v 0.272448 0.921466 0.004136 0.2392 0.2392 0.2392
v 0.253950 0.948001 0.004136 0.2392 0.2392 0.2392
v -0.081918 0.878994 0.028624 0.2392 0.2392 0.2392
v -0.066414 0.701633 0.028624 0.2392 0.2392 0.2392
v -0.157510 0.488632 0.028624 0.2392 0.2392 0.2392
v -0.335773 0.320560 0.028624 0.2392 0.2392 0.2392
v -0.360258 0.173463 0.028624 0.2392 0.2392 0.2392
v -0.178840 -0.002076 0.028624 0.2392 0.2392 0.2392
v -0.222953 -0.120171 0.022535 0.2392 0.2392 0.2392
v -0.269980 -0.013371 0.022535 0.2392 0.2392 0.2392
v -0.208867 -0.005841 0.022535 0.2392 0.2392 0.2392
v -0.364628 0.078121 0.022535 0.2392 0.2392 0.2392
v -0.274204 -0.111044 0.022535 0.2392 0.2392 0.2392
v -0.362558 0.143649 0.022535 0.2392 0.2392 0.2392
v -0.325106 -0.248319 0.022535 0.2392 0.2392 0.2392
v -0.480183 0.069552 0.022535 0.2392 0.2392 0.2392
v -0.346422 -0.193920 0.022535 0.2392 0.2392 0.2392
v -0.509970 0.130274 0.022535 0.2392 0.2392 0.2392
v -0.471575 -0.257148 0.022535 0.2392 0.2392 0.2392
v -0.608157 0.013402 0.022535 0.2392 0.2392 0.2392
v -0.462137 -0.202479 0.022535 0.2392 0.2392 0.2392
v -0.556130 -0.015366 0.022535 0.2392 0.2392 0.2392
v -0.612111 -0.145380 0.022535 0.2392 0.2392 0.2392
v -0.553208 -0.118115 0.022535 0.2392 0.2392 0.2392
v -0.635861 0.023272 0.037485 0.2392 0.2392 0.2392
v -0.640354 -0.158511 0.037485 0.2392 0.2392 0.2392
v -0.480503 -0.285403 0.037485 0.2392 0.2392 0.2392
v -0.374897 0.049990 0.038521 0.2392 0.2392 0.2392
v -0.298132 -0.024222 0.038521 0.2392 0.2392 0.2392
v -0.302383 -0.099982 0.038521 0.2392 0.2392 0.2392
v -0.077970 0.966310 0.026553 0.2392 0.2392 0.2392
v -0.112741 0.958213 0.026553 0.2392 0.2392 0.2392
v 0.004665 1.278975 0.026553 0.2392 0.2392 0.2392
v -0.120437 1.553416 0.026553 0.2392 0.2392 0.2392
v -0.098175 1.631442 0.026553 0.2392 0.2392 0.2392
v -0.186590 1.618808 0.026553 0.2392 0.2392 0.2392
v -0.220873 1.811222 0.026553 0.2392 0.2392 0.2392
v 0.136281 1.398264 0.026553 0.2392 0.2392 0.2392
v 0.229332 1.069475 0.026553 0.2392 0.2392 0.2392
v 0.202291 0.922582 0.026553 0.2392 0.2392 0.2392
v 0.243223 0.919899 0.026553 0.2392 0.2392 0.2392
v 0.094531 1.373356 0.036906 0.2392 0.2392 0.2392
v 0.181409 1.068009 0.036906 0.2392 0.2392 0.2392
v 0.196461 0.922964 0.045075 0.2392 0.2392 0.2392
v 0.157754 0.925501 0.036906 0.2392 0.2392 0.2392
v -0.140814 0.950839 0.064737 0.2392 0.2392 0.2392
v -0.178115 1.521463 0.064737 0.2392 0.2392 0.2392
v -0.245661 1.588107 0.064737 0.2392 0.2392 0.2392
v -0.277883 1.773458 0.064737 0.2392 0.2392 0.2392
v -0.374897 0.049990 0.090953 0.2392 0.2392 0.2392
v -0.298132 -0.024222 0.090953 0.2392 0.2392 0.2392
v -0.024838 0.285197 0.092453 0.2392 0.2392 0.2392
v -0.024838 0.285197 0.037021 0.2392 0.2392 0.2392
v -0.096146 0.344033 0.092453 0.2392 0.2392 0.2392
v -0.096145 0.344033 0.037020 0.2392 0.2392 0.2392
v -0.360258 0.173463 0.100850 0.2392 0.2392 0.2392
v -0.178840 -0.002076 0.100850 0.2392 0.2392 0.2392
v -0.001782 0.298668 0.125338 0.2392 0.2392 0.2392
v -0.084819 0.366328 0.125338 0.2392 0.2392 0.2392
v 0.034800 0.886326 0.037021 0.2392 0.2392 0.2392
v 0.164908 0.825922 0.037021 0.2392 0.2392 0.2392
v 0.184207 0.840800 0.125338 0.2392 0.2392 0.2392
v 0.033901 0.910582 0.125338 0.2392 0.2392 0.2392
v 0.164908 0.825922 0.092453 0.2392 0.2392 0.2392
v 0.034800 0.886326 0.092453 0.2392 0.2392 0.2392
v 0.094531 1.373356 0.092567 0.2392 0.2392 0.2392
v -0.480503 -0.285403 0.091988 0.2392 0.2392 0.2392
v -0.640354 -0.158511 0.091988 0.2392 0.2392 0.2392
v -0.302383 -0.099982 0.090953 0.2392 0.2392 0.2392
v -0.025137 0.256377 0.037021 0.2392 0.2392 0.2392
v -0.025137 0.256377 0.092453 0.2392 0.2392 0.2392
v -0.081918 0.878994 0.100850 0.2392 0.2392 0.2392
v -0.066414 0.701633 0.100850 0.2392 0.2392 0.2392
v -0.157510 0.488632 0.100850 0.2392 0.2392 0.2392
v -0.335773 0.320560 0.100850 0.2392 0.2392 0.2392
v -0.000451 0.246704 0.125338 0.2392 0.2392 0.2392
v 0.168999 0.806064 0.037021 0.2392 0.2392 0.2392
v 0.060753 0.414395 0.037021 0.2392 0.2392 0.2392
v 0.193736 0.805603 0.125338 0.2392 0.2392 0.2392
v 0.168999 0.806064 0.092453 0.2392 0.2392 0.2392
v 0.060753 0.414395 0.092453 0.2392 0.2392 0.2392
v 0.181409 1.068009 0.092567 0.2392 0.2392 0.2392
v 0.202291 0.922582 0.102921 0.2392 0.2392 0.2392
v 0.196461 0.922964 0.084399 0.2392 0.2392 0.2392
v -0.126850 1.030605 0.102921 0.2392 0.2392 0.2392
v -0.112741 0.958213 0.102921 0.2392 0.2392 0.2392
v 0.157754 0.925501 0.092567 0.2392 0.2392 0.2392
v -0.635861 0.023272 0.091988 0.2392 0.2392 0.2392
v -0.353290 1.962799 0.102920 0.2392 0.2392 0.2392
v -0.080836 1.829688 0.102921 0.2392 0.2392 0.2392
v -0.500914 1.973636 0.084399 0.2392 0.2392 0.2392
v 0.121902 1.650465 0.102921 0.2392 0.2392 0.2392
v 0.203626 1.459548 0.102921 0.2392 0.2392 0.2392
v 0.295923 1.021323 0.102921 0.2392 0.2392 0.2392
v 0.178768 1.415069 0.102921 0.2392 0.2392 0.2392
v 0.264051 0.918534 0.102921 0.2392 0.2392 0.2392
v -0.051608 1.276896 0.102921 0.2392 0.2392 0.2392
v 0.013245 0.978760 0.125338 0.2392 0.2392 0.2392
v -0.052275 0.894320 0.125338 0.2392 0.2392 0.2392
v -0.036925 0.695092 0.125338 0.2392 0.2392 0.2392
v 0.195483 0.905760 0.125338 0.2392 0.2392 0.2392
v -0.132726 0.472025 0.125338 0.2392 0.2392 0.2392
v 0.272448 0.921466 0.125338 0.2392 0.2392 0.2392
v 0.253950 0.948001 0.125338 0.2392 0.2392 0.2392
v 0.108726 0.262585 0.125338 0.2392 0.2392 0.2392
v -0.308245 0.306059 0.125338 0.2392 0.2392 0.2392
v -0.328537 0.184081 0.125338 0.2392 0.2392 0.2392
v -0.053325 0.049628 0.125338 0.2392 0.2392 0.2392
v -0.169022 0.029567 0.125338 0.2392 0.2392 0.2392
v -0.346422 -0.193920 0.106939 0.2392 0.2392 0.2392
v -0.471575 -0.257148 0.106939 0.2392 0.2392 0.2392
v -0.325106 -0.248319 0.106939 0.2392 0.2392 0.2392
v -0.462137 -0.202479 0.106939 0.2392 0.2392 0.2392
v -0.274204 -0.111044 0.106939 0.2392 0.2392 0.2392
v -0.612111 -0.145380 0.106939 0.2392 0.2392 0.2392
v -0.222953 -0.120171 0.106939 0.2392 0.2392 0.2392
v -0.553208 -0.118115 0.106939 0.2392 0.2392 0.2392
v -0.269980 -0.013371 0.106939 0.2392 0.2392 0.2392
v -0.556130 -0.015366 0.106939 0.2392 0.2392 0.2392
v -0.208867 -0.005841 0.106939 0.2392 0.2392 0.2392
v -0.608157 0.013402 0.106939 0.2392 0.2392 0.2392
v -0.364628 0.078121 0.106939 0.2392 0.2392 0.2392
v -0.480183 0.069552 0.106939 0.2392 0.2392 0.2392
v -0.362558 0.143649 0.106939 0.2392 0.2392 0.2392
v -0.509970 0.130274 0.106939 0.2392 0.2392 0.2392
v 0.136281 1.398264 0.102921 0.2392 0.2392 0.2392
v 0.229332 1.069475 0.102921 0.2392 0.2392 0.2392
v 0.243223 0.919899 0.102921 0.2392 0.2392 0.2392
v -0.098175 1.631442 0.102921 0.2392 0.2392 0.2392
v -0.220873 1.811222 0.102921 0.2392 0.2392 0.2392
v -0.186590 1.618808 0.102921 0.2392 0.2392 0.2392
v -0.120437 1.553416 0.102921 0.2392 0.2392 0.2392
v 0.004665 1.278975 0.102921 0.2392 0.2392 0.2392
v -0.077970 0.966310 0.102921 0.2392 0.2392 0.2392
v -0.345477 1.991092 0.048352 0.2392 0.2392 0.2392
v -0.345477 1.991092 0.051629 0.2392 0.2392 0.2392
v -0.345477 1.991092 0.054906 0.2392 0.2392 0.2392
v -0.424881 1.998319 0.049990 0.2392 0.2392 0.2392
v -0.504285 2.005546 0.054906 0.2392 0.2392 0.2392
v -0.583689 2.012772 0.059821 0.2392 0.2392 0.2392
v -0.583689 2.012772 0.063098 0.2392 0.2392 0.2392
v -0.504285 2.005546 0.061460 0.2392 0.2392 0.2392
v -0.424881 1.998319 0.059821 0.2392 0.2392 0.2392
v -0.583689 2.012772 0.066375 0.2392 0.2392 0.2392
v -0.504285 2.005546 0.068014 0.2392 0.2392 0.2392
v -0.424881 1.998319 0.069652 0.2392 0.2392 0.2392
v -0.345477 1.991092 0.061460 0.2392 0.2392 0.2392
v -0.345477 1.991092 0.064737 0.2392 0.2392 0.2392
v -0.345477 1.991092 0.068014 0.2392 0.2392 0.2392
v -0.583689 2.012772 0.069652 0.2392 0.2392 0.2392
v -0.504285 2.005546 0.074568 0.2392 0.2392 0.2392
v -0.424881 1.998319 0.079483 0.2392 0.2392 0.2392
v -0.345477 1.991092 0.074568 0.2392 0.2392 0.2392
v -0.345477 1.991092 0.077845 0.2392 0.2392 0.2392
v -0.345477 1.991092 0.081122 0.2392 0.2392 0.2392
v 0.146412 1.667287 0.054906 0.2392 0.2392 0.2392
v 0.146412 1.667287 0.051629 0.2392 0.2392 0.2392
v 0.146412 1.667287 0.048352 0.2392 0.2392 0.2392
v 0.093754 1.714245 0.045075 0.2392 0.2392 0.2392
v 0.041095 1.761202 0.045075 0.2392 0.2392 0.2392
v -0.011564 1.808160 0.045075 0.2392 0.2392 0.2392
v 0.093754 1.714245 0.054906 0.2392 0.2392 0.2392
v 0.041095 1.761202 0.051629 0.2392 0.2392 0.2392
v -0.011564 1.808160 0.048352 0.2392 0.2392 0.2392
v -0.064222 1.855117 0.048352 0.2392 0.2392 0.2392
v -0.064222 1.855117 0.051629 0.2392 0.2392 0.2392
v -0.064222 1.855117 0.054906 0.2392 0.2392 0.2392
v 0.093754 1.714244 0.058183 0.2392 0.2392 0.2392
v 0.041095 1.761202 0.058183 0.2392 0.2392 0.2392
v -0.011564 1.808159 0.058183 0.2392 0.2392 0.2392
v 0.146412 1.667287 0.068014 0.2392 0.2392 0.2392
v 0.146412 1.667287 0.064737 0.2392 0.2392 0.2392
v 0.146412 1.667287 0.061460 0.2392 0.2392 0.2392
v 0.093754 1.714244 0.068014 0.2392 0.2392 0.2392
v 0.041095 1.761202 0.064737 0.2392 0.2392 0.2392
v -0.011564 1.808159 0.061460 0.2392 0.2392 0.2392
v -0.064222 1.855117 0.061460 0.2392 0.2392 0.2392
v -0.064222 1.855117 0.064737 0.2392 0.2392 0.2392
v -0.064222 1.855117 0.068014 0.2392 0.2392 0.2392
v 0.093754 1.714244 0.071291 0.2392 0.2392 0.2392
v 0.041095 1.761202 0.071291 0.2392 0.2392 0.2392
v -0.011564 1.808159 0.071291 0.2392 0.2392 0.2392
v 0.146412 1.667287 0.081122 0.2392 0.2392 0.2392
v 0.146412 1.667287 0.077845 0.2392 0.2392 0.2392
v 0.146412 1.667287 0.074568 0.2392 0.2392 0.2392
v 0.093754 1.714244 0.081122 0.2392 0.2392 0.2392
v 0.041095 1.761202 0.077845 0.2392 0.2392 0.2392
v -0.011564 1.808159 0.074568 0.2392 0.2392 0.2392
v -0.064222 1.855117 0.074568 0.2392 0.2392 0.2392
v -0.064222 1.855117 0.077845 0.2392 0.2392 0.2392
v -0.064222 1.855117 0.081122 0.2392 0.2392 0.2392
v 0.093754 1.714245 0.084399 0.2392 0.2392 0.2392
v 0.041095 1.761202 0.084399 0.2392 0.2392 0.2392
v -0.011564 1.808160 0.084399 0.2392 0.2392 0.2392
v -0.525637 -0.106100 0.077845 0.2392 0.2392 0.2392
v -0.525637 -0.106100 0.064737 0.2392 0.2392 0.2392
v -0.525637 -0.106100 0.051629 0.2392 0.2392 0.2392
v -0.507261 -0.123149 0.090953 0.2392 0.2392 0.2392
v -0.488884 -0.140198 0.090953 0.2392 0.2392 0.2392
v -0.470508 -0.157246 0.090953 0.2392 0.2392 0.2392
v -0.507261 -0.123149 0.051629 0.2392 0.2392 0.2392
v -0.488884 -0.140198 0.064737 0.2392 0.2392 0.2392
v -0.470508 -0.157246 0.077845 0.2392 0.2392 0.2392
v -0.452131 -0.174295 0.077845 0.2392 0.2392 0.2392
v -0.452131 -0.174295 0.064737 0.2392 0.2392 0.2392
v -0.452131 -0.174295 0.051629 0.2392 0.2392 0.2392
v -0.507261 -0.123149 0.038521 0.2392 0.2392 0.2392
v -0.488884 -0.140198 0.038521 0.2392 0.2392 0.2392
v -0.470508 -0.157246 0.038521 0.2392 0.2392 0.2392
v -0.429097 -0.172640 0.090953 0.2392 0.2392 0.2392
v -0.406063 -0.170984 0.090953 0.2392 0.2392 0.2392
v -0.383028 -0.169329 0.090953 0.2392 0.2392 0.2392
v -0.383028 -0.169329 0.077845 0.2392 0.2392 0.2392
v -0.406063 -0.170984 0.064737 0.2392 0.2392 0.2392
v -0.429097 -0.172640 0.051629 0.2392 0.2392 0.2392
v -0.359994 -0.167673 0.077845 0.2392 0.2392 0.2392
v -0.359994 -0.167673 0.064737 0.2392 0.2392 0.2392
v -0.359994 -0.167673 0.051629 0.2392 0.2392 0.2392
v -0.429097 -0.172640 0.038521 0.2392 0.2392 0.2392
v -0.406063 -0.170984 0.038521 0.2392 0.2392 0.2392
v -0.383028 -0.169329 0.038521 0.2392 0.2392 0.2392
v -0.222400 0.175400 0.078595 0.2392 0.2392 0.2392
v -0.202612 0.156237 0.064736 0.2392 0.2392 0.2392
v -0.182824 0.137073 0.050878 0.2392 0.2392 0.2392
v -0.222400 0.175400 0.092453 0.2392 0.2392 0.2392
v -0.202612 0.156237 0.092453 0.2392 0.2392 0.2392
v -0.182824 0.137073 0.092453 0.2392 0.2392 0.2392
v -0.163036 0.117910 0.078595 0.2392 0.2392 0.2392
v -0.163036 0.117910 0.064736 0.2392 0.2392 0.2392
v -0.163036 0.117910 0.050878 0.2392 0.2392 0.2392
v -0.157250 0.118393 0.078595 0.2392 0.2392 0.2392
v -0.151465 0.118875 0.064736 0.2392 0.2392 0.2392
v -0.145680 0.119358 0.050878 0.2392 0.2392 0.2392
v -0.157250 0.118392 0.037020 0.2392 0.2392 0.2392
v -0.151465 0.118875 0.037020 0.2392 0.2392 0.2392
v -0.145680 0.119358 0.037020 0.2392 0.2392 0.2392
v -0.242188 0.194564 0.078595 0.2392 0.2392 0.2392
v -0.242188 0.194564 0.064736 0.2392 0.2392 0.2392
v -0.242188 0.194564 0.050878 0.2392 0.2392 0.2392
v -0.182824 0.137073 0.037020 0.2392 0.2392 0.2392
v -0.202612 0.156237 0.037020 0.2392 0.2392 0.2392
v -0.222400 0.175400 0.037020 0.2392 0.2392 0.2392
v -0.139894 0.119840 0.050878 0.2392 0.2392 0.2392
v -0.139894 0.119840 0.064736 0.2392 0.2392 0.2392
v -0.139894 0.119840 0.078595 0.2392 0.2392 0.2392
v -0.157250 0.118393 0.092453 0.2392 0.2392 0.2392
v -0.151465 0.118875 0.092453 0.2392 0.2392 0.2392
v -0.145680 0.119358 0.092453 0.2392 0.2392 0.2392
v 0.247536 0.977252 0.082793 0.2392 0.2392 0.2392
v 0.229271 0.964619 0.064737 0.2392 0.2392 0.2392
v 0.211006 0.951985 0.046680 0.2392 0.2392 0.2392
v 0.265801 0.989886 0.046680 0.2392 0.2392 0.2392
v 0.265801 0.989886 0.064737 0.2392 0.2392 0.2392
v 0.265801 0.989886 0.082793 0.2392 0.2392 0.2392
v 0.247536 0.977252 0.028624 0.2392 0.2392 0.2392
v 0.229271 0.964619 0.028624 0.2392 0.2392 0.2392
v 0.211006 0.951985 0.028624 0.2392 0.2392 0.2392
v 0.192741 0.939351 0.046680 0.2392 0.2392 0.2392
v 0.192741 0.939351 0.064737 0.2392 0.2392 0.2392
v 0.192741 0.939351 0.082793 0.2392 0.2392 0.2392
v 0.247536 0.977252 0.100850 0.2392 0.2392 0.2392
v 0.229271 0.964619 0.100850 0.2392 0.2392 0.2392
v 0.211006 0.951985 0.100850 0.2392 0.2392 0.2392
v 0.148903 0.956917 0.028624 0.2392 0.2392 0.2392
v 0.105065 0.974483 0.028624 0.2392 0.2392 0.2392
v 0.061226 0.992049 0.028624 0.2392 0.2392 0.2392
v 0.148903 0.956917 0.082793 0.2392 0.2392 0.2392
v 0.105065 0.974483 0.064737 0.2392 0.2392 0.2392
v 0.061226 0.992049 0.046680 0.2392 0.2392 0.2392
v 0.017388 1.009615 0.046680 0.2392 0.2392 0.2392
v 0.017388 1.009615 0.064737 0.2392 0.2392 0.2392
v 0.017388 1.009615 0.082793 0.2392 0.2392 0.2392
v 0.148903 0.956917 0.100850 0.2392 0.2392 0.2392
v 0.105065 0.974483 0.100850 0.2392 0.2392 0.2392
v 0.061226 0.992049 0.100850 0.2392 0.2392 0.2392
v -0.028334 1.001085 0.037652 0.2392 0.2392 0.2392
v -0.074055 0.992554 0.046680 0.2392 0.2392 0.2392
v -0.119777 0.984024 0.055709 0.2392 0.2392 0.2392
v -0.028334 1.001085 0.091822 0.2392 0.2392 0.2392
v -0.074055 0.992554 0.082793 0.2392 0.2392 0.2392
v -0.119777 0.984024 0.073765 0.2392 0.2392 0.2392
v -0.161675 0.093615 0.004136 0.2392 0.2392 0.2392
v -0.150524 0.094035 0.004136 0.2392 0.2392 0.2392
v -0.139372 0.094456 0.004136 0.2392 0.2392 0.2392
v -0.196388 0.117212 0.004136 0.2392 0.2392 0.2392
v -0.219949 0.141231 0.004136 0.2392 0.2392 0.2392
v -0.243510 0.165249 0.004136 0.2392 0.2392 0.2392
v -0.139372 0.094456 0.125338 0.2392 0.2392 0.2392
v -0.150524 0.094036 0.125338 0.2392 0.2392 0.2392
v -0.161675 0.093615 0.125338 0.2392 0.2392 0.2392
v -0.196388 0.117212 0.125338 0.2392 0.2392 0.2392
v -0.219949 0.141231 0.125338 0.2392 0.2392 0.2392
v -0.243510 0.165249 0.125338 0.2392 0.2392 0.2392
v 0.038275 0.385622 0.028800 0.2392 0.2392 0.2392
v 0.039054 0.379521 0.020578 0.2392 0.2392 0.2392
v 0.039833 0.373421 0.012357 0.2392 0.2392 0.2392
v 0.070556 0.399078 0.012357 0.2392 0.2392 0.2392
v 0.059537 0.396626 0.020578 0.2392 0.2392 0.2392
v 0.048517 0.394174 0.028800 0.2392 0.2392 0.2392
v 0.071335 0.392978 0.004136 0.2392 0.2392 0.2392
v 0.061094 0.384426 0.004136 0.2392 0.2392 0.2392
v 0.050852 0.375873 0.004136 0.2392 0.2392 0.2392
v -0.067299 0.436927 0.028799 0.2392 0.2392 0.2392
v -0.072151 0.432919 0.020578 0.2392 0.2392 0.2392
v -0.077004 0.428911 0.012357 0.2392 0.2392 0.2392
v -0.036682 0.422532 0.028799 0.2392 0.2392 0.2392
v -0.010917 0.404128 0.020578 0.2392 0.2392 0.2392
v 0.014847 0.385724 0.012357 0.2392 0.2392 0.2392
v -0.051239 0.410508 0.004136 0.2392 0.2392 0.2392
v -0.020622 0.396112 0.004136 0.2392 0.2392 0.2392
v 0.009994 0.381716 0.004136 0.2392 0.2392 0.2392
v -0.037460 0.428632 0.037020 0.2392 0.2392 0.2392
v -0.012474 0.416328 0.037020 0.2392 0.2392 0.2392
v 0.012511 0.404025 0.037021 0.2392 0.2392 0.2392
v 0.038275 0.385622 0.100674 0.2392 0.2392 0.2392
v 0.039054 0.379521 0.108895 0.2392 0.2392 0.2392
v 0.039833 0.373421 0.117117 0.2392 0.2392 0.2392
v 0.071335 0.392978 0.125338 0.2392 0.2392 0.2392
v 0.061094 0.384426 0.125338 0.2392 0.2392 0.2392
v 0.050852 0.375873 0.125338 0.2392 0.2392 0.2392
v 0.070556 0.399078 0.117117 0.2392 0.2392 0.2392
v 0.059537 0.396626 0.108895 0.2392 0.2392 0.2392
v 0.048517 0.394174 0.100674 0.2392 0.2392 0.2392
v 0.012511 0.404025 0.092453 0.2392 0.2392 0.2392
v -0.012474 0.416328 0.092453 0.2392 0.2392 0.2392
v -0.037460 0.428632 0.092453 0.2392 0.2392 0.2392
v 0.014847 0.385724 0.117117 0.2392 0.2392 0.2392
v -0.010917 0.404128 0.108895 0.2392 0.2392 0.2392
v -0.036682 0.422532 0.100674 0.2392 0.2392 0.2392
v -0.067299 0.436927 0.100674 0.2392 0.2392 0.2392
v -0.072151 0.432919 0.108895 0.2392 0.2392 0.2392
v -0.077004 0.428911 0.117117 0.2392 0.2392 0.2392
v 0.009994 0.381716 0.125338 0.2392 0.2392 0.2392
v -0.020622 0.396112 0.125338 0.2392 0.2392 0.2392
v -0.051239 0.410508 0.125338 0.2392 0.2392 0.2392
v -0.222723 0.045758 0.051111 0.2392 0.2392 0.2392
v -0.265927 0.087778 0.064736 0.2392 0.2392 0.2392
v -0.309130 0.129799 0.078362 0.2392 0.2392 0.2392
v -0.222723 0.045758 0.091988 0.2392 0.2392 0.2392
v -0.265927 0.087778 0.091988 0.2392 0.2392 0.2392
v -0.309130 0.129799 0.091988 0.2392 0.2392 0.2392
v -0.179520 0.003737 0.078362 0.2392 0.2392 0.2392
v -0.179520 0.003737 0.064737 0.2392 0.2392 0.2392
v -0.179520 0.003737 0.051111 0.2392 0.2392 0.2392
v -0.352333 0.171819 0.078362 0.2392 0.2392 0.2392
v -0.352333 0.171819 0.064736 0.2392 0.2392 0.2392
v -0.352333 0.171819 0.051111 0.2392 0.2392 0.2392
v -0.222723 0.045758 0.037485 0.2392 0.2392 0.2392
v -0.265927 0.087778 0.037485 0.2392 0.2392 0.2392
v -0.309130 0.129799 0.037485 0.2392 0.2392 0.2392
v -0.395239 0.168002 0.051111 0.2392 0.2392 0.2392
v -0.438145 0.164184 0.064736 0.2392 0.2392 0.2392
v -0.481051 0.160367 0.078362 0.2392 0.2392 0.2392
v -0.395239 0.168002 0.091988 0.2392 0.2392 0.2392
v -0.438145 0.164184 0.091988 0.2392 0.2392 0.2392
v -0.481051 0.160367 0.091988 0.2392 0.2392 0.2392
v -0.523957 0.156549 0.078362 0.2392 0.2392 0.2392
v -0.523957 0.156549 0.064736 0.2392 0.2392 0.2392
v -0.523957 0.156549 0.051111 0.2392 0.2392 0.2392
v -0.395239 0.168002 0.037485 0.2392 0.2392 0.2392
v -0.438145 0.164184 0.037485 0.2392 0.2392 0.2392
v -0.481051 0.160367 0.037485 0.2392 0.2392 0.2392
v 0.300865 0.942341 0.084399 0.2392 0.2392 0.2392
v 0.309714 0.967981 0.084399 0.2392 0.2392 0.2392
v 0.318563 0.993620 0.084399 0.2392 0.2392 0.2392
v 0.300865 0.942341 0.081122 0.2392 0.2392 0.2392
v 0.309714 0.967981 0.077845 0.2392 0.2392 0.2392
v 0.318563 0.993620 0.074568 0.2392 0.2392 0.2392
v 0.327412 1.019260 0.074568 0.2392 0.2392 0.2392
v 0.327412 1.019260 0.077845 0.2392 0.2392 0.2392
v 0.327412 1.019260 0.081122 0.2392 0.2392 0.2392
v 0.318563 0.993620 0.071291 0.2392 0.2392 0.2392
v 0.309714 0.967981 0.071291 0.2392 0.2392 0.2392
v 0.300865 0.942341 0.071291 0.2392 0.2392 0.2392
v 0.292016 0.916701 0.081122 0.2392 0.2392 0.2392
v 0.292016 0.916701 0.077845 0.2392 0.2392 0.2392
v 0.292016 0.916701 0.074568 0.2392 0.2392 0.2392
v 0.298211 1.117409 0.071291 0.2392 0.2392 0.2392
v 0.269010 1.215559 0.071291 0.2392 0.2392 0.2392
v 0.239808 1.313708 0.071291 0.2392 0.2392 0.2392
v 0.298211 1.117409 0.081122 0.2392 0.2392 0.2392
v 0.269010 1.215559 0.077845 0.2392 0.2392 0.2392
v 0.239808 1.313708 0.074568 0.2392 0.2392 0.2392
v 0.298211 1.117409 0.084399 0.2392 0.2392 0.2392
v 0.269010 1.215559 0.084399 0.2392 0.2392 0.2392
v 0.239808 1.313708 0.084399 0.2392 0.2392 0.2392
v 0.210607 1.411857 0.074568 0.2392 0.2392 0.2392
v 0.210607 1.411857 0.077845 0.2392 0.2392 0.2392
v 0.210607 1.411857 0.081122 0.2392 0.2392 0.2392
v 0.300865 0.942341 0.068014 0.2392 0.2392 0.2392
v 0.309714 0.967981 0.064737 0.2392 0.2392 0.2392
v 0.318563 0.993620 0.061460 0.2392 0.2392 0.2392
v 0.327412 1.019260 0.068014 0.2392 0.2392 0.2392
v 0.327412 1.019260 0.064737 0.2392 0.2392 0.2392
v 0.327412 1.019260 0.061460 0.2392 0.2392 0.2392
v 0.318563 0.993620 0.058183 0.2392 0.2392 0.2392
v 0.309714 0.967981 0.058183 0.2392 0.2392 0.2392
v 0.300865 0.942341 0.058183 0.2392 0.2392 0.2392
v 0.292016 0.916701 0.068014 0.2392 0.2392 0.2392
v 0.292016 0.916701 0.064737 0.2392 0.2392 0.2392
v 0.292016 0.916701 0.061460 0.2392 0.2392 0.2392
v 0.300865 0.942341 0.054906 0.2392 0.2392 0.2392
v 0.309714 0.967981 0.051629 0.2392 0.2392 0.2392
v 0.318563 0.993620 0.048352 0.2392 0.2392 0.2392
v 0.327412 1.019260 0.054906 0.2392 0.2392 0.2392
v 0.327412 1.019260 0.051629 0.2392 0.2392 0.2392
v 0.327412 1.019260 0.048352 0.2392 0.2392 0.2392
v 0.318563 0.993620 0.045075 0.2392 0.2392 0.2392
v 0.309714 0.967981 0.045075 0.2392 0.2392 0.2392
v 0.300865 0.942341 0.045075 0.2392 0.2392 0.2392
v 0.292016 0.916701 0.054906 0.2392 0.2392 0.2392
v 0.292016 0.916701 0.051629 0.2392 0.2392 0.2392
v 0.292016 0.916701 0.048352 0.2392 0.2392 0.2392
v 0.298211 1.117409 0.045075 0.2392 0.2392 0.2392
v 0.269010 1.215559 0.045075 0.2392 0.2392 0.2392
v 0.239808 1.313708 0.045075 0.2392 0.2392 0.2392
v 0.298211 1.117409 0.054906 0.2392 0.2392 0.2392
v 0.269010 1.215559 0.051629 0.2392 0.2392 0.2392
v 0.239808 1.313708 0.048352 0.2392 0.2392 0.2392
v 0.298211 1.117409 0.058183 0.2392 0.2392 0.2392
v 0.269010 1.215559 0.058183 0.2392 0.2392 0.2392
v 0.239808 1.313708 0.058183 0.2392 0.2392 0.2392
v 0.298211 1.117409 0.068014 0.2392 0.2392 0.2392
v 0.269010 1.215559 0.064737 0.2392 0.2392 0.2392
v 0.239808 1.313708 0.061460 0.2392 0.2392 0.2392
v 0.210607 1.411857 0.048352 0.2392 0.2392 0.2392
v 0.210607 1.411857 0.051629 0.2392 0.2392 0.2392
v 0.210607 1.411857 0.054906 0.2392 0.2392 0.2392
v 0.210607 1.411857 0.068014 0.2392 0.2392 0.2392
v 0.210607 1.411857 0.064737 0.2392 0.2392 0.2392
v 0.210607 1.411857 0.061460 0.2392 0.2392 0.2392
v 0.217087 1.423241 0.045075 0.2392 0.2392 0.2392
v 0.223567 1.434625 0.045075 0.2392 0.2392 0.2392
v 0.230046 1.446008 0.045075 0.2392 0.2392 0.2392
v 0.217087 1.423241 0.054906 0.2392 0.2392 0.2392
v 0.223567 1.434625 0.051629 0.2392 0.2392 0.2392
v 0.230046 1.446008 0.048352 0.2392 0.2392 0.2392
v 0.217087 1.423241 0.058183 0.2392 0.2392 0.2392
v 0.223567 1.434624 0.058183 0.2392 0.2392 0.2392
v 0.230046 1.446008 0.058183 0.2392 0.2392 0.2392
v 0.217087 1.423241 0.068014 0.2392 0.2392 0.2392
v 0.223567 1.434624 0.064737 0.2392 0.2392 0.2392
v 0.230046 1.446008 0.061460 0.2392 0.2392 0.2392
v 0.236526 1.457392 0.048352 0.2392 0.2392 0.2392
v 0.236526 1.457392 0.051629 0.2392 0.2392 0.2392
v 0.236526 1.457392 0.054906 0.2392 0.2392 0.2392
v 0.217087 1.423241 0.071291 0.2392 0.2392 0.2392
v 0.223567 1.434624 0.071291 0.2392 0.2392 0.2392
v 0.230046 1.446008 0.071291 0.2392 0.2392 0.2392
v 0.217087 1.423241 0.081122 0.2392 0.2392 0.2392
v 0.223567 1.434624 0.077845 0.2392 0.2392 0.2392
v 0.230046 1.446008 0.074568 0.2392 0.2392 0.2392
v 0.236526 1.457392 0.061460 0.2392 0.2392 0.2392
v 0.236526 1.457392 0.064737 0.2392 0.2392 0.2392
v 0.236526 1.457392 0.068014 0.2392 0.2392 0.2392
v 0.217087 1.423241 0.084399 0.2392 0.2392 0.2392
v 0.223567 1.434625 0.084399 0.2392 0.2392 0.2392
v 0.230046 1.446008 0.084399 0.2392 0.2392 0.2392
v 0.236526 1.457392 0.074568 0.2392 0.2392 0.2392
v 0.236526 1.457392 0.077845 0.2392 0.2392 0.2392
v 0.236526 1.457392 0.081122 0.2392 0.2392 0.2392
v -0.466755 0.042153 0.051629 0.2392 0.2392 0.2392
v -0.466755 0.042153 0.064737 0.2392 0.2392 0.2392
v -0.466755 0.042153 0.077845 0.2392 0.2392 0.2392
v -0.481988 0.025004 0.090953 0.2392 0.2392 0.2392
v -0.497222 0.007854 0.090953 0.2392 0.2392 0.2392
v -0.512455 -0.009295 0.090953 0.2392 0.2392 0.2392
v -0.481988 0.025004 0.051629 0.2392 0.2392 0.2392
v -0.497222 0.007854 0.064737 0.2392 0.2392 0.2392
v -0.512455 -0.009295 0.077845 0.2392 0.2392 0.2392
v -0.527688 -0.026445 0.077845 0.2392 0.2392 0.2392
v -0.527688 -0.026445 0.064737 0.2392 0.2392 0.2392
v -0.527688 -0.026445 0.051629 0.2392 0.2392 0.2392
v -0.481988 0.025004 0.038521 0.2392 0.2392 0.2392
v -0.497222 0.007854 0.038521 0.2392 0.2392 0.2392
v -0.512455 -0.009295 0.038521 0.2392 0.2392 0.2392
v -0.238632 0.225422 0.078595 0.2392 0.2392 0.2392
v -0.238632 0.225422 0.064736 0.2392 0.2392 0.2392
v -0.238632 0.225422 0.050878 0.2392 0.2392 0.2392
v -0.209665 0.255221 0.050878 0.2392 0.2392 0.2392
v -0.180698 0.285020 0.064736 0.2392 0.2392 0.2392
v -0.151731 0.314818 0.078595 0.2392 0.2392 0.2392
v -0.209665 0.255221 0.092453 0.2392 0.2392 0.2392
v -0.180698 0.285020 0.092453 0.2392 0.2392 0.2392
v -0.151731 0.314818 0.092453 0.2392 0.2392 0.2392
v -0.122764 0.344617 0.078595 0.2392 0.2392 0.2392
v -0.122764 0.344617 0.064736 0.2392 0.2392 0.2392
v -0.122764 0.344617 0.050878 0.2392 0.2392 0.2392
v -0.209665 0.255221 0.037020 0.2392 0.2392 0.2392
v -0.180698 0.285020 0.037020 0.2392 0.2392 0.2392
v -0.151731 0.314818 0.037020 0.2392 0.2392 0.2392
v 0.034029 1.336111 0.092567 0.2392 0.2392 0.2392
v 0.014953 1.391814 0.092567 0.2392 0.2392 0.2392
v -0.004123 1.447517 0.092567 0.2392 0.2392 0.2392
v 0.034029 1.336111 0.078652 0.2392 0.2392 0.2392
v 0.014953 1.391814 0.064736 0.2392 0.2392 0.2392
v -0.004123 1.447517 0.050821 0.2392 0.2392 0.2392
v -0.023198 1.503220 0.050821 0.2392 0.2392 0.2392
v -0.023198 1.503220 0.064736 0.2392 0.2392 0.2392
v -0.023198 1.503220 0.078652 0.2392 0.2392 0.2392
v -0.004123 1.447517 0.036906 0.2392 0.2392 0.2392
v 0.014953 1.391814 0.036906 0.2392 0.2392 0.2392
v 0.034029 1.336111 0.036906 0.2392 0.2392 0.2392
v 0.053104 1.280408 0.078652 0.2392 0.2392 0.2392
v 0.053104 1.280408 0.064736 0.2392 0.2392 0.2392
v 0.053104 1.280408 0.050821 0.2392 0.2392 0.2392
v 0.038835 1.223725 0.078652 0.2392 0.2392 0.2392
v 0.024566 1.167042 0.064736 0.2392 0.2392 0.2392
v 0.010298 1.110360 0.050821 0.2392 0.2392 0.2392
v 0.038835 1.223725 0.036906 0.2392 0.2392 0.2392
v 0.024566 1.167042 0.036906 0.2392 0.2392 0.2392
v 0.010298 1.110360 0.036906 0.2392 0.2392 0.2392
v -0.003971 1.053677 0.050821 0.2392 0.2392 0.2392
v -0.003971 1.053677 0.064736 0.2392 0.2392 0.2392
v -0.003971 1.053677 0.078652 0.2392 0.2392 0.2392
v 0.038835 1.223725 0.092567 0.2392 0.2392 0.2392
v 0.024566 1.167042 0.092567 0.2392 0.2392 0.2392
v 0.010298 1.110360 0.092567 0.2392 0.2392 0.2392
v 0.001214 1.037484 0.078652 0.2392 0.2392 0.2392
v 0.006399 1.021291 0.064736 0.2392 0.2392 0.2392
v 0.011584 1.005098 0.050821 0.2392 0.2392 0.2392
v 0.001214 1.037484 0.036906 0.2392 0.2392 0.2392
v 0.006399 1.021291 0.036906 0.2392 0.2392 0.2392
v 0.011584 1.005098 0.036906 0.2392 0.2392 0.2392
v 0.016769 0.988905 0.050821 0.2392 0.2392 0.2392
v 0.016769 0.988905 0.064736 0.2392 0.2392 0.2392
v 0.016769 0.988905 0.078652 0.2392 0.2392 0.2392
v 0.001214 1.037484 0.092567 0.2392 0.2392 0.2392
v 0.006399 1.021291 0.092567 0.2392 0.2392 0.2392
v 0.011584 1.005098 0.092567 0.2392 0.2392 0.2392
v -0.036887 0.022067 0.046681 0.2392 0.2392 0.2392
v -0.036887 0.022067 0.064737 0.2392 0.2392 0.2392
v -0.036887 0.022067 0.082794 0.2392 0.2392 0.2392
v 0.006370 0.079154 0.028624 0.2392 0.2392 0.2392
v 0.049626 0.136240 0.028624 0.2392 0.2392 0.2392
v 0.092883 0.193327 0.028624 0.2392 0.2392 0.2392
v 0.006370 0.079154 0.082794 0.2392 0.2392 0.2392
v 0.049626 0.136240 0.064737 0.2392 0.2392 0.2392
v 0.092883 0.193327 0.046680 0.2392 0.2392 0.2392
v 0.136140 0.250413 0.046680 0.2392 0.2392 0.2392
v 0.136140 0.250413 0.064737 0.2392 0.2392 0.2392
v 0.136140 0.250413 0.082793 0.2392 0.2392 0.2392
v 0.006370 0.079154 0.100850 0.2392 0.2392 0.2392
v 0.049626 0.136240 0.100850 0.2392 0.2392 0.2392
v 0.092883 0.193327 0.100850 0.2392 0.2392 0.2392
v 0.178830 0.421357 0.028624 0.2392 0.2392 0.2392
v 0.221520 0.592301 0.028624 0.2392 0.2392 0.2392
v 0.264210 0.763246 0.028624 0.2392 0.2392 0.2392
v 0.178830 0.421357 0.082793 0.2392 0.2392 0.2392
v 0.221520 0.592301 0.064737 0.2392 0.2392 0.2392
v 0.264210 0.763246 0.046680 0.2392 0.2392 0.2392
v 0.306900 0.934190 0.046680 0.2392 0.2392 0.2392
v 0.306900 0.934190 0.064737 0.2392 0.2392 0.2392
v 0.306900 0.934190 0.082793 0.2392 0.2392 0.2392
v 0.178830 0.421357 0.100850 0.2392 0.2392 0.2392
v 0.221520 0.592301 0.100850 0.2392 0.2392 0.2392
v 0.264210 0.763246 0.100850 0.2392 0.2392 0.2392
v -0.229518 0.266625 0.004136 0.2392 0.2392 0.2392
v -0.195615 0.302721 0.004136 0.2392 0.2392 0.2392
v -0.161711 0.338817 0.004136 0.2392 0.2392 0.2392
v -0.161711 0.338817 0.125338 0.2392 0.2392 0.2392
v -0.195615 0.302721 0.125338 0.2392 0.2392 0.2392
v -0.229518 0.266625 0.125338 0.2392 0.2392 0.2392
v 0.003610 0.872500 0.028800 0.2392 0.2392 0.2392
v -0.001726 0.875444 0.020578 0.2392 0.2392 0.2392
v -0.007062 0.878387 0.012357 0.2392 0.2392 0.2392
v 0.006321 0.825070 0.028800 0.2392 0.2392 0.2392
v 0.003696 0.780585 0.020578 0.2392 0.2392 0.2392
v 0.001072 0.736099 0.012357 0.2392 0.2392 0.2392
v -0.009687 0.833902 0.004136 0.2392 0.2392 0.2392
v -0.006975 0.786472 0.004136 0.2392 0.2392 0.2392
v -0.004264 0.739043 0.004136 0.2392 0.2392 0.2392
v 0.004465 0.690067 0.012357 0.2392 0.2392 0.2392
v 0.010483 0.688521 0.020578 0.2392 0.2392 0.2392
v 0.016502 0.686974 0.028800 0.2392 0.2392 0.2392
v 0.012340 0.823524 0.037021 0.2392 0.2392 0.2392
v 0.015733 0.777492 0.037021 0.2392 0.2392 0.2392
v 0.019126 0.731460 0.037021 0.2392 0.2392 0.2392
v -0.006411 0.633452 0.028800 0.2392 0.2392 0.2392
v -0.035342 0.581476 0.020578 0.2392 0.2392 0.2392
v -0.064274 0.529500 0.012357 0.2392 0.2392 0.2392
v -0.024466 0.638091 0.004136 0.2392 0.2392 0.2392
v -0.047379 0.584569 0.004136 0.2392 0.2392 0.2392
v -0.070292 0.531046 0.004136 0.2392 0.2392 0.2392
v -0.087050 0.476830 0.012357 0.2392 0.2392 0.2392
v -0.080895 0.476137 0.020578 0.2392 0.2392 0.2392
v -0.074740 0.475443 0.028799 0.2392 0.2392 0.2392
v -0.000256 0.632758 0.037021 0.2392 0.2392 0.2392
v -0.023033 0.580088 0.037020 0.2392 0.2392 0.2392
v -0.045809 0.527419 0.037020 0.2392 0.2392 0.2392
v 0.003610 0.872500 0.100674 0.2392 0.2392 0.2392
v -0.001726 0.875444 0.108895 0.2392 0.2392 0.2392
v -0.007062 0.878387 0.117117 0.2392 0.2392 0.2392
v -0.009687 0.833902 0.125338 0.2392 0.2392 0.2392
v -0.006975 0.786472 0.125338 0.2392 0.2392 0.2392
v -0.004264 0.739043 0.125338 0.2392 0.2392 0.2392
v 0.006321 0.825070 0.100674 0.2392 0.2392 0.2392
v 0.003696 0.780585 0.108895 0.2392 0.2392 0.2392
v 0.001072 0.736099 0.117117 0.2392 0.2392 0.2392
v 0.004465 0.690067 0.117117 0.2392 0.2392 0.2392
v 0.010483 0.688521 0.108895 0.2392 0.2392 0.2392
v 0.016502 0.686974 0.100674 0.2392 0.2392 0.2392
v 0.012340 0.823524 0.092453 0.2392 0.2392 0.2392
v 0.015733 0.777492 0.092453 0.2392 0.2392 0.2392
v 0.019126 0.731460 0.092453 0.2392 0.2392 0.2392
v -0.024466 0.638091 0.125338 0.2392 0.2392 0.2392
v -0.047379 0.584569 0.125338 0.2392 0.2392 0.2392
v -0.070292 0.531046 0.125338 0.2392 0.2392 0.2392
v -0.006411 0.633452 0.100674 0.2392 0.2392 0.2392
v -0.035342 0.581476 0.108895 0.2392 0.2392 0.2392
v -0.064274 0.529500 0.117117 0.2392 0.2392 0.2392
v -0.000256 0.632758 0.092453 0.2392 0.2392 0.2392
v -0.023033 0.580088 0.092453 0.2392 0.2392 0.2392
v -0.045809 0.527419 0.092453 0.2392 0.2392 0.2392
v -0.087050 0.476830 0.117117 0.2392 0.2392 0.2392
v -0.080895 0.476137 0.108895 0.2392 0.2392 0.2392
v -0.074740 0.475443 0.100674 0.2392 0.2392 0.2392
v -0.049644 1.035339 0.026553 0.2392 0.2392 0.2392
v -0.047469 1.015027 0.026553 0.2392 0.2392 0.2392
v -0.045294 0.994714 0.026553 0.2392 0.2392 0.2392
v -0.047822 1.035800 0.031183 0.2392 0.2392 0.2392
v -0.043825 1.015948 0.035814 0.2392 0.2392 0.2392
v -0.039827 0.996096 0.040444 0.2392 0.2392 0.2392
v -0.037652 0.975783 0.040444 0.2392 0.2392 0.2392
v -0.039474 0.975322 0.035814 0.2392 0.2392 0.2392
v -0.041297 0.974862 0.031183 0.2392 0.2392 0.2392
v -0.037652 0.975783 0.089029 0.2392 0.2392 0.2392
v -0.039474 0.975322 0.093660 0.2392 0.2392 0.2392
v -0.041297 0.974862 0.098290 0.2392 0.2392 0.2392
v -0.047822 1.035800 0.098290 0.2392 0.2392 0.2392
v -0.043825 1.015948 0.093660 0.2392 0.2392 0.2392
v -0.039827 0.996096 0.089029 0.2392 0.2392 0.2392
v -0.049644 1.035339 0.102921 0.2392 0.2392 0.2392
v -0.047469 1.015027 0.102921 0.2392 0.2392 0.2392
v -0.045294 0.994714 0.102921 0.2392 0.2392 0.2392
v -0.196208 -0.131139 0.051111 0.2392 0.2392 0.2392
v -0.196208 -0.131139 0.064737 0.2392 0.2392 0.2392
v -0.196208 -0.131139 0.078362 0.2392 0.2392 0.2392
v -0.224893 -0.167006 0.091988 0.2392 0.2392 0.2392
v -0.253578 -0.202872 0.091988 0.2392 0.2392 0.2392
v -0.282262 -0.238739 0.091988 0.2392 0.2392 0.2392
v -0.224893 -0.167006 0.051111 0.2392 0.2392 0.2392
v -0.253578 -0.202872 0.064737 0.2392 0.2392 0.2392
v -0.282262 -0.238739 0.078362 0.2392 0.2392 0.2392
v -0.224893 -0.167006 0.037485 0.2392 0.2392 0.2392
v -0.253578 -0.202872 0.037485 0.2392 0.2392 0.2392
v -0.282262 -0.238739 0.037485 0.2392 0.2392 0.2392
v -0.310947 -0.274605 0.078362 0.2392 0.2392 0.2392
v -0.310947 -0.274605 0.064737 0.2392 0.2392 0.2392
v -0.310947 -0.274605 0.051111 0.2392 0.2392 0.2392
v -0.136899 1.216814 0.064737 0.2392 0.2392 0.2392
v -0.155794 1.154666 0.064737 0.2392 0.2392 0.2392
v -0.174688 1.092519 0.064737 0.2392 0.2392 0.2392
v -0.120216 1.216873 0.055191 0.2392 0.2392 0.2392
v -0.122427 1.154783 0.045645 0.2392 0.2392 0.2392
v -0.124639 1.092694 0.036099 0.2392 0.2392 0.2392
v -0.143533 1.030546 0.036099 0.2392 0.2392 0.2392
v -0.160216 1.030488 0.045645 0.2392 0.2392 0.2392
v -0.176899 1.030429 0.055191 0.2392 0.2392 0.2392
v -0.108039 1.092178 0.026553 0.2392 0.2392 0.2392
v -0.089229 1.153750 0.026553 0.2392 0.2392 0.2392
v -0.070418 1.215323 0.026553 0.2392 0.2392 0.2392
v -0.101406 1.278445 0.055191 0.2392 0.2392 0.2392
v -0.084807 1.277929 0.045645 0.2392 0.2392 0.2392
v -0.068207 1.277413 0.036099 0.2392 0.2392 0.2392
v -0.064060 0.349413 0.004136 0.2392 0.2392 0.2392
v -0.043300 0.332498 0.004136 0.2392 0.2392 0.2392
v -0.022541 0.315583 0.004136 0.2392 0.2392 0.2392
v -0.176606 0.430534 0.004136 0.2392 0.2392 0.2392
v -0.220486 0.389042 0.004136 0.2392 0.2392 0.2392
v -0.264365 0.347551 0.004136 0.2392 0.2392 0.2392
v -0.108776 0.527792 0.004136 0.2392 0.2392 0.2392
v -0.084826 0.583558 0.004136 0.2392 0.2392 0.2392
v -0.060875 0.639325 0.004136 0.2392 0.2392 0.2392
v -0.313318 0.275564 0.004136 0.2392 0.2392 0.2392
v -0.318391 0.245070 0.004136 0.2392 0.2392 0.2392
v -0.323464 0.214576 0.004136 0.2392 0.2392 0.2392
v -0.288658 0.145452 0.004136 0.2392 0.2392 0.2392
v -0.248779 0.106824 0.004136 0.2392 0.2392 0.2392
v -0.208901 0.068196 0.004136 0.2392 0.2392 0.2392
v -0.140098 0.034582 0.004136 0.2392 0.2392 0.2392
v -0.111173 0.039598 0.004136 0.2392 0.2392 0.2392
v -0.082249 0.044613 0.004136 0.2392 0.2392 0.2392
v -0.040107 0.098897 0.004136 0.2392 0.2392 0.2392
v -0.026888 0.148166 0.004136 0.2392 0.2392 0.2392
v -0.013670 0.197435 0.004136 0.2392 0.2392 0.2392
v -0.040762 0.744899 0.004136 0.2392 0.2392 0.2392
v -0.044600 0.794706 0.004136 0.2392 0.2392 0.2392
v -0.048437 0.844513 0.004136 0.2392 0.2392 0.2392
v -0.012812 0.102867 0.004136 0.2392 0.2392 0.2392
v 0.027701 0.156107 0.004136 0.2392 0.2392 0.2392
v 0.068213 0.209346 0.004136 0.2392 0.2392 0.2392
v 0.026843 0.250674 0.004136 0.2392 0.2392 0.2392
v 0.054138 0.254645 0.004136 0.2392 0.2392 0.2392
v 0.081432 0.258615 0.004136 0.2392 0.2392 0.2392
v -0.035895 0.915430 0.004136 0.2392 0.2392 0.2392
v -0.019515 0.936540 0.004136 0.2392 0.2392 0.2392
v -0.003135 0.957650 0.004136 0.2392 0.2392 0.2392
v 0.018409 0.961716 0.004136 0.2392 0.2392 0.2392
v 0.023573 0.944671 0.004136 0.2392 0.2392 0.2392
v 0.028737 0.927627 0.004136 0.2392 0.2392 0.2392
v 0.058805 0.960510 0.004136 0.2392 0.2392 0.2392
v 0.104364 0.942260 0.004136 0.2392 0.2392 0.2392
v 0.149924 0.924010 0.004136 0.2392 0.2392 0.2392
v 0.074297 0.909377 0.004136 0.2392 0.2392 0.2392
v 0.114692 0.908171 0.004136 0.2392 0.2392 0.2392
v 0.155088 0.906966 0.004136 0.2392 0.2392 0.2392
v -0.001449 0.285677 0.004136 0.2392 0.2392 0.2392
v -0.001117 0.272686 0.004136 0.2392 0.2392 0.2392
v -0.000784 0.259695 0.004136 0.2392 0.2392 0.2392
v 0.025845 0.289647 0.004136 0.2392 0.2392 0.2392
v 0.053472 0.280627 0.004136 0.2392 0.2392 0.2392
v 0.081099 0.271606 0.004136 0.2392 0.2392 0.2392
v 0.071478 0.893137 0.004136 0.2392 0.2392 0.2392
v 0.109054 0.875691 0.004136 0.2392 0.2392 0.2392
v 0.146631 0.858246 0.004136 0.2392 0.2392 0.2392
v 0.192664 0.889520 0.004136 0.2392 0.2392 0.2392
v 0.189845 0.873280 0.004136 0.2392 0.2392 0.2392
v 0.187026 0.857040 0.004136 0.2392 0.2392 0.2392
v 0.129979 0.398340 0.004136 0.2392 0.2392 0.2392
v 0.151231 0.534094 0.004136 0.2392 0.2392 0.2392
v 0.172484 0.669849 0.004136 0.2392 0.2392 0.2392
v 0.213414 0.834569 0.004136 0.2392 0.2392 0.2392
v 0.233092 0.863535 0.004136 0.2392 0.2392 0.2392
v 0.252770 0.892500 0.004136 0.2392 0.2392 0.2392
v 0.149657 0.427305 0.004136 0.2392 0.2392 0.2392
v 0.190587 0.592026 0.004136 0.2392 0.2392 0.2392
v 0.231518 0.756746 0.004136 0.2392 0.2392 0.2392
v 0.186589 0.832001 0.004136 0.2392 0.2392 0.2392
v 0.188972 0.823202 0.004136 0.2392 0.2392 0.2392
v 0.191354 0.814402 0.004136 0.2392 0.2392 0.2392
v 0.206267 0.860967 0.004136 0.2392 0.2392 0.2392
v 0.228328 0.881133 0.004136 0.2392 0.2392 0.2392
v 0.250388 0.901300 0.004136 0.2392 0.2392 0.2392
v 0.214724 0.909687 0.004136 0.2392 0.2392 0.2392
v 0.233966 0.913613 0.004136 0.2392 0.2392 0.2392
v 0.253207 0.917539 0.004136 0.2392 0.2392 0.2392
v 0.267824 0.928100 0.004136 0.2392 0.2392 0.2392
v 0.263199 0.934734 0.004136 0.2392 0.2392 0.2392
v 0.258575 0.941367 0.004136 0.2392 0.2392 0.2392
v 0.210100 0.916320 0.004136 0.2392 0.2392 0.2392
v 0.224716 0.926880 0.004136 0.2392 0.2392 0.2392
v 0.239333 0.937441 0.004136 0.2392 0.2392 0.2392
v -0.078042 0.834654 0.028624 0.2392 0.2392 0.2392
v -0.074166 0.790313 0.028624 0.2392 0.2392 0.2392
v -0.070290 0.745973 0.028624 0.2392 0.2392 0.2392
v -0.089188 0.648383 0.028624 0.2392 0.2392 0.2392
v -0.111962 0.595132 0.028624 0.2392 0.2392 0.2392
v -0.134736 0.541882 0.028624 0.2392 0.2392 0.2392
v -0.202076 0.446614 0.028624 0.2392 0.2392 0.2392
v -0.246641 0.404596 0.028624 0.2392 0.2392 0.2392
v -0.291207 0.362578 0.028624 0.2392 0.2392 0.2392
v -0.341894 0.283786 0.028624 0.2392 0.2392 0.2392
v -0.348016 0.247012 0.028624 0.2392 0.2392 0.2392
v -0.354137 0.210237 0.028624 0.2392 0.2392 0.2392
v -0.314904 0.129578 0.028624 0.2392 0.2392 0.2392
v -0.269549 0.085694 0.028624 0.2392 0.2392 0.2392
v -0.224195 0.041809 0.028624 0.2392 0.2392 0.2392
v -0.219432 -0.091589 0.022535 0.2392 0.2392 0.2392
v -0.215910 -0.063006 0.022535 0.2392 0.2392 0.2392
v -0.212389 -0.034424 0.022535 0.2392 0.2392 0.2392
v -0.234710 -0.093471 0.022535 0.2392 0.2392 0.2392
v -0.246467 -0.066771 0.022535 0.2392 0.2392 0.2392
v -0.258223 -0.040071 0.022535 0.2392 0.2392 0.2392
v -0.254702 -0.011488 0.022535 0.2392 0.2392 0.2392
v -0.239424 -0.009606 0.022535 0.2392 0.2392 0.2392
v -0.224145 -0.007723 0.022535 0.2392 0.2392 0.2392
v -0.293642 0.009502 0.022535 0.2392 0.2392 0.2392
v -0.317304 0.032375 0.022535 0.2392 0.2392 0.2392
v -0.340966 0.055248 0.022535 0.2392 0.2392 0.2392
v -0.247807 0.015150 0.022535 0.2392 0.2392 0.2392
v -0.286747 0.036140 0.022535 0.2392 0.2392 0.2392
v -0.325688 0.057131 0.022535 0.2392 0.2392 0.2392
v -0.271036 -0.037789 0.022535 0.2392 0.2392 0.2392
v -0.272092 -0.062207 0.022535 0.2392 0.2392 0.2392
v -0.273148 -0.086626 0.022535 0.2392 0.2392 0.2392
v -0.235766 -0.117889 0.022535 0.2392 0.2392 0.2392
v -0.248578 -0.115608 0.022535 0.2392 0.2392 0.2392
v -0.261391 -0.113326 0.022535 0.2392 0.2392 0.2392
v -0.247290 0.031531 0.022535 0.2392 0.2392 0.2392
v -0.285713 0.068904 0.022535 0.2392 0.2392 0.2392
v -0.324135 0.106276 0.022535 0.2392 0.2392 0.2392
v -0.364110 0.094503 0.022535 0.2392 0.2392 0.2392
v -0.363593 0.110885 0.022535 0.2392 0.2392 0.2392
v -0.363075 0.127267 0.022535 0.2392 0.2392 0.2392
v -0.248491 -0.152208 0.022535 0.2392 0.2392 0.2392
v -0.274029 -0.184245 0.022535 0.2392 0.2392 0.2392
v -0.299568 -0.216282 0.022535 0.2392 0.2392 0.2392
v -0.286929 -0.145363 0.022535 0.2392 0.2392 0.2392
v -0.299655 -0.179681 0.022535 0.2392 0.2392 0.2392
v -0.312380 -0.214000 0.022535 0.2392 0.2392 0.2392
v -0.393517 0.075979 0.022535 0.2392 0.2392 0.2392
v -0.422405 0.073836 0.022535 0.2392 0.2392 0.2392
v -0.451294 0.071694 0.022535 0.2392 0.2392 0.2392
v -0.391964 0.125125 0.022535 0.2392 0.2392 0.2392
v -0.421371 0.106600 0.022535 0.2392 0.2392 0.2392
v -0.450777 0.088076 0.022535 0.2392 0.2392 0.2392
v -0.292259 -0.131763 0.022535 0.2392 0.2392 0.2392
v -0.310313 -0.152482 0.022535 0.2392 0.2392 0.2392
v -0.328368 -0.173201 0.022535 0.2392 0.2392 0.2392
v -0.330435 -0.234719 0.022535 0.2392 0.2392 0.2392
v -0.335764 -0.221119 0.022535 0.2392 0.2392 0.2392
v -0.341093 -0.207520 0.022535 0.2392 0.2392 0.2392
v -0.399411 0.140305 0.022535 0.2392 0.2392 0.2392
v -0.436264 0.136961 0.022535 0.2392 0.2392 0.2392
v -0.473117 0.133618 0.022535 0.2392 0.2392 0.2392
v -0.487630 0.084733 0.022535 0.2392 0.2392 0.2392
v -0.495077 0.099913 0.022535 0.2392 0.2392 0.2392
v -0.502523 0.115094 0.022535 0.2392 0.2392 0.2392
v -0.361723 -0.250526 0.022535 0.2392 0.2392 0.2392
v -0.398340 -0.252733 0.022535 0.2392 0.2392 0.2392
v -0.434958 -0.254941 0.022535 0.2392 0.2392 0.2392
v -0.377710 -0.209727 0.022535 0.2392 0.2392 0.2392
v -0.408998 -0.225534 0.022535 0.2392 0.2392 0.2392
v -0.440287 -0.241341 0.022535 0.2392 0.2392 0.2392
v -0.512177 0.055514 0.022535 0.2392 0.2392 0.2392
v -0.544170 0.041477 0.022535 0.2392 0.2392 0.2392
v -0.576163 0.027440 0.022535 0.2392 0.2392 0.2392
v -0.534517 0.101056 0.022535 0.2392 0.2392 0.2392
v -0.559063 0.071838 0.022535 0.2392 0.2392 0.2392
v -0.583610 0.042620 0.022535 0.2392 0.2392 0.2392
v -0.469216 -0.243481 0.022535 0.2392 0.2392 0.2392
v -0.466856 -0.229814 0.022535 0.2392 0.2392 0.2392
v -0.464496 -0.216146 0.022535 0.2392 0.2392 0.2392
v -0.375351 -0.196060 0.022535 0.2392 0.2392 0.2392
v -0.404280 -0.198200 0.022535 0.2392 0.2392 0.2392
v -0.433208 -0.200339 0.022535 0.2392 0.2392 0.2392
v -0.595150 0.006210 0.022535 0.2392 0.2392 0.2392
v -0.582143 -0.000982 0.022535 0.2392 0.2392 0.2392
v -0.569137 -0.008174 0.022535 0.2392 0.2392 0.2392
v -0.499170 0.048322 0.022535 0.2392 0.2392 0.2392
v -0.518157 0.027093 0.022535 0.2392 0.2392 0.2392
v -0.537143 0.005864 0.022535 0.2392 0.2392 0.2392
v -0.506709 -0.229206 0.022535 0.2392 0.2392 0.2392
v -0.541843 -0.201264 0.022535 0.2392 0.2392 0.2392
v -0.576977 -0.173322 0.022535 0.2392 0.2392 0.2392
v -0.499631 -0.188204 0.022535 0.2392 0.2392 0.2392
v -0.537124 -0.173930 0.022535 0.2392 0.2392 0.2392
v -0.574618 -0.159655 0.022535 0.2392 0.2392 0.2392
v -0.570125 -0.047870 0.022535 0.2392 0.2392 0.2392
v -0.584121 -0.080373 0.022535 0.2392 0.2392 0.2392
v -0.598116 -0.112877 0.022535 0.2392 0.2392 0.2392
v -0.609145 -0.026293 0.022535 0.2392 0.2392 0.2392
v -0.610134 -0.065989 0.022535 0.2392 0.2392 0.2392
v -0.611122 -0.105685 0.022535 0.2392 0.2392 0.2392
v -0.484905 -0.181388 0.022535 0.2392 0.2392 0.2392
v -0.507672 -0.160297 0.022535 0.2392 0.2392 0.2392
v -0.530440 -0.139206 0.022535 0.2392 0.2392 0.2392
v -0.597385 -0.138564 0.022535 0.2392 0.2392 0.2392
v -0.582659 -0.131747 0.022535 0.2392 0.2392 0.2392
v -0.567934 -0.124931 0.022535 0.2392 0.2392 0.2392
v -0.555400 -0.041053 0.022535 0.2392 0.2392 0.2392
v -0.554669 -0.066740 0.022535 0.2392 0.2392 0.2392
v -0.553939 -0.092428 0.022535 0.2392 0.2392 0.2392
v -0.636984 -0.022174 0.037485 0.2392 0.2392 0.2392
v -0.638108 -0.067620 0.037485 0.2392 0.2392 0.2392
v -0.639231 -0.113065 0.037485 0.2392 0.2392 0.2392
v -0.600391 -0.190234 0.037485 0.2392 0.2392 0.2392
v -0.560429 -0.221957 0.037485 0.2392 0.2392 0.2392
v -0.520466 -0.253680 0.037485 0.2392 0.2392 0.2392
v -0.355706 0.031437 0.038521 0.2392 0.2392 0.2392
v -0.336515 0.012884 0.038521 0.2392 0.2392 0.2392
v -0.317323 -0.005669 0.038521 0.2392 0.2392 0.2392
v -0.299195 -0.043162 0.038521 0.2392 0.2392 0.2392
v -0.300258 -0.062102 0.038521 0.2392 0.2392 0.2392
v -0.301320 -0.081042 0.038521 0.2392 0.2392 0.2392
v -0.086663 0.964286 0.026553 0.2392 0.2392 0.2392
v -0.095355 0.962261 0.026553 0.2392 0.2392 0.2392
v -0.104048 0.960237 0.026553 0.2392 0.2392 0.2392
v -0.026611 1.347585 0.026553 0.2392 0.2392 0.2392
v -0.057886 1.416196 0.026553 0.2392 0.2392 0.2392
v -0.089162 1.484806 0.026553 0.2392 0.2392 0.2392
v -0.114872 1.572922 0.026553 0.2392 0.2392 0.2392
v -0.109306 1.592429 0.026553 0.2392 0.2392 0.2392
v -0.103740 1.611935 0.026553 0.2392 0.2392 0.2392
v -0.021045 1.367092 0.026553 0.2392 0.2392 0.2392
v -0.046755 1.455209 0.026553 0.2392 0.2392 0.2392
v -0.072465 1.543325 0.026553 0.2392 0.2392 0.2392
v -0.136975 1.569764 0.026553 0.2392 0.2392 0.2392
v -0.153514 1.586112 0.026553 0.2392 0.2392 0.2392
v -0.170052 1.602460 0.026553 0.2392 0.2392 0.2392
v -0.120279 1.628284 0.026553 0.2392 0.2392 0.2392
v -0.142383 1.625125 0.026553 0.2392 0.2392 0.2392
v -0.164486 1.621967 0.026553 0.2392 0.2392 0.2392
v -0.195161 1.666912 0.026553 0.2392 0.2392 0.2392
v -0.203732 1.715015 0.026553 0.2392 0.2392 0.2392
v -0.212302 1.763119 0.026553 0.2392 0.2392 0.2392
v -0.128849 1.676387 0.026553 0.2392 0.2392 0.2392
v -0.159524 1.721332 0.026553 0.2392 0.2392 0.2392
v -0.190199 1.766277 0.026553 0.2392 0.2392 0.2392
v -0.039561 1.573148 0.026553 0.2392 0.2392 0.2392
v 0.019053 1.514853 0.026553 0.2392 0.2392 0.2392
v 0.077667 1.456558 0.026553 0.2392 0.2392 0.2392
v 0.159544 1.316067 0.026553 0.2392 0.2392 0.2392
v 0.182806 1.233870 0.026553 0.2392 0.2392 0.2392
v 0.206069 1.151672 0.026553 0.2392 0.2392 0.2392
v 0.222572 1.032752 0.026553 0.2392 0.2392 0.2392
v 0.215811 0.996029 0.026553 0.2392 0.2392 0.2392
v 0.209051 0.959305 0.026553 0.2392 0.2392 0.2392
v 0.212524 0.921911 0.026553 0.2392 0.2392 0.2392
v 0.222757 0.921241 0.026553 0.2392 0.2392 0.2392
v 0.232990 0.920570 0.026553 0.2392 0.2392 0.2392
v 0.116251 1.297019 0.036906 0.2392 0.2392 0.2392
v 0.137970 1.220683 0.036906 0.2392 0.2392 0.2392
v 0.159689 1.144346 0.036906 0.2392 0.2392 0.2392
v 0.186784 0.923598 0.043033 0.2392 0.2392 0.2392
v 0.177108 0.924232 0.040990 0.2392 0.2392 0.2392
v 0.167431 0.924867 0.038948 0.2392 0.2392 0.2392
v 0.175495 1.032382 0.036906 0.2392 0.2392 0.2392
v 0.169582 0.996755 0.036906 0.2392 0.2392 0.2392
v 0.163668 0.961128 0.036906 0.2392 0.2392 0.2392
v 0.185172 1.031748 0.038948 0.2392 0.2392 0.2392
v 0.188935 0.995487 0.040990 0.2392 0.2392 0.2392
v 0.192698 0.959225 0.043033 0.2392 0.2392 0.2392
v -0.253717 1.634445 0.064737 0.2392 0.2392 0.2392
v -0.261772 1.680783 0.064737 0.2392 0.2392 0.2392
v -0.269828 1.727120 0.064737 0.2392 0.2392 0.2392
v -0.355706 0.031437 0.090953 0.2392 0.2392 0.2392
v -0.336515 0.012884 0.090953 0.2392 0.2392 0.2392
v -0.317323 -0.005669 0.090953 0.2392 0.2392 0.2392
v -0.024838 0.285197 0.078595 0.2392 0.2392 0.2392
v -0.024838 0.285197 0.064737 0.2392 0.2392 0.2392
v -0.024838 0.285197 0.050879 0.2392 0.2392 0.2392
v -0.042665 0.299906 0.078595 0.2392 0.2392 0.2392
v -0.060491 0.314615 0.064736 0.2392 0.2392 0.2392
v -0.078318 0.329324 0.050878 0.2392 0.2392 0.2392
v -0.042665 0.299906 0.037021 0.2392 0.2392 0.2392
v -0.060491 0.314615 0.037020 0.2392 0.2392 0.2392
v -0.078318 0.329324 0.037020 0.2392 0.2392 0.2392
v -0.096146 0.344033 0.078595 0.2392 0.2392 0.2392
v -0.096145 0.344033 0.064736 0.2392 0.2392 0.2392
v -0.096145 0.344033 0.050878 0.2392 0.2392 0.2392
v -0.042665 0.299906 0.092453 0.2392 0.2392 0.2392
v -0.060492 0.314615 0.092453 0.2392 0.2392 0.2392
v -0.078319 0.329324 0.092453 0.2392 0.2392 0.2392
v -0.314904 0.129578 0.100850 0.2392 0.2392 0.2392
v -0.269549 0.085694 0.100850 0.2392 0.2392 0.2392
v -0.224195 0.041809 0.100850 0.2392 0.2392 0.2392
v -0.022541 0.315583 0.125338 0.2392 0.2392 0.2392
v -0.043300 0.332498 0.125338 0.2392 0.2392 0.2392
v -0.064060 0.349413 0.125338 0.2392 0.2392 0.2392
v 0.067327 0.871225 0.037021 0.2392 0.2392 0.2392
v 0.099854 0.856124 0.037021 0.2392 0.2392 0.2392
v 0.132381 0.841023 0.037021 0.2392 0.2392 0.2392
v 0.179382 0.837081 0.117117 0.2392 0.2392 0.2392
v 0.174558 0.833361 0.108895 0.2392 0.2392 0.2392
v 0.169733 0.829642 0.100674 0.2392 0.2392 0.2392
v 0.146631 0.858246 0.125338 0.2392 0.2392 0.2392
v 0.109054 0.875691 0.125338 0.2392 0.2392 0.2392
v 0.071478 0.893137 0.125338 0.2392 0.2392 0.2392
v 0.066653 0.889417 0.117117 0.2392 0.2392 0.2392
v 0.099404 0.868252 0.108895 0.2392 0.2392 0.2392
v 0.132156 0.847087 0.100674 0.2392 0.2392 0.2392
v 0.132381 0.841023 0.092453 0.2392 0.2392 0.2392
v 0.099854 0.856124 0.092453 0.2392 0.2392 0.2392
v 0.067327 0.871225 0.092453 0.2392 0.2392 0.2392
v 0.034126 0.904518 0.117117 0.2392 0.2392 0.2392
v 0.034350 0.898454 0.108895 0.2392 0.2392 0.2392
v 0.034575 0.892390 0.100674 0.2392 0.2392 0.2392
v -0.520466 -0.253680 0.091988 0.2392 0.2392 0.2392
v -0.560429 -0.221957 0.091988 0.2392 0.2392 0.2392
v -0.600391 -0.190234 0.091988 0.2392 0.2392 0.2392
v -0.025137 0.256377 0.050879 0.2392 0.2392 0.2392
v -0.025137 0.256377 0.064737 0.2392 0.2392 0.2392
v -0.025137 0.256377 0.078595 0.2392 0.2392 0.2392
v -0.078042 0.834654 0.100850 0.2392 0.2392 0.2392
v -0.074166 0.790313 0.100850 0.2392 0.2392 0.2392
v -0.070290 0.745973 0.100850 0.2392 0.2392 0.2392
v -0.089188 0.648383 0.100850 0.2392 0.2392 0.2392
v -0.111962 0.595132 0.100850 0.2392 0.2392 0.2392
v -0.134736 0.541882 0.100850 0.2392 0.2392 0.2392
v -0.202076 0.446614 0.100850 0.2392 0.2392 0.2392
v -0.246641 0.404596 0.100850 0.2392 0.2392 0.2392
v -0.291207 0.362578 0.100850 0.2392 0.2392 0.2392
v 0.141938 0.708147 0.037021 0.2392 0.2392 0.2392
v 0.114876 0.610229 0.037021 0.2392 0.2392 0.2392
v 0.087814 0.512312 0.037021 0.2392 0.2392 0.2392
v 0.187552 0.805718 0.117117 0.2392 0.2392 0.2392
v 0.181368 0.805834 0.108895 0.2392 0.2392 0.2392
v 0.175183 0.805949 0.100674 0.2392 0.2392 0.2392
v 0.141938 0.708147 0.092453 0.2392 0.2392 0.2392
v 0.114876 0.610229 0.092453 0.2392 0.2392 0.2392
v 0.087814 0.512312 0.092453 0.2392 0.2392 0.2392
v 0.160490 0.707801 0.117117 0.2392 0.2392 0.2392
v 0.127245 0.609999 0.108895 0.2392 0.2392 0.2392
v 0.093999 0.512197 0.100674 0.2392 0.2392 0.2392
v 0.200833 0.922678 0.098290 0.2392 0.2392 0.2392
v 0.199376 0.922773 0.093660 0.2392 0.2392 0.2392
v 0.197919 0.922868 0.089029 0.2392 0.2392 0.2392
v 0.186630 1.031652 0.095155 0.2392 0.2392 0.2392
v 0.191850 0.995296 0.097744 0.2392 0.2392 0.2392
v 0.197071 0.958939 0.100332 0.2392 0.2392 0.2392
v 0.185172 1.031748 0.090525 0.2392 0.2392 0.2392
v 0.188935 0.995487 0.088483 0.2392 0.2392 0.2392
v 0.192698 0.959225 0.086441 0.2392 0.2392 0.2392
v -0.123323 1.012507 0.102921 0.2392 0.2392 0.2392
v -0.119796 0.994409 0.102921 0.2392 0.2392 0.2392
v -0.116268 0.976311 0.102921 0.2392 0.2392 0.2392
v -0.285177 1.929521 0.102920 0.2392 0.2392 0.2392
v -0.217063 1.896243 0.102920 0.2392 0.2392 0.2392
v -0.148950 1.862966 0.102921 0.2392 0.2392 0.2392
v -0.003135 0.957650 0.125338 0.2392 0.2392 0.2392
v -0.019515 0.936540 0.125338 0.2392 0.2392 0.2392
v -0.035895 0.915430 0.125338 0.2392 0.2392 0.2392
v -0.048437 0.844513 0.125338 0.2392 0.2392 0.2392
v -0.044600 0.794706 0.125338 0.2392 0.2392 0.2392
v -0.040762 0.744899 0.125338 0.2392 0.2392 0.2392
v 0.058805 0.960510 0.125338 0.2392 0.2392 0.2392
v 0.104364 0.942260 0.125338 0.2392 0.2392 0.2392
v 0.149924 0.924010 0.125338 0.2392 0.2392 0.2392
v -0.060875 0.639325 0.125338 0.2392 0.2392 0.2392
v -0.084826 0.583558 0.125338 0.2392 0.2392 0.2392
v -0.108776 0.527792 0.125338 0.2392 0.2392 0.2392
v 0.214724 0.909687 0.125338 0.2392 0.2392 0.2392
v 0.233966 0.913613 0.125338 0.2392 0.2392 0.2392
v 0.253207 0.917539 0.125338 0.2392 0.2392 0.2392
v 0.210100 0.916320 0.125338 0.2392 0.2392 0.2392
v 0.224716 0.926880 0.125338 0.2392 0.2392 0.2392
v 0.239333 0.937441 0.125338 0.2392 0.2392 0.2392
v 0.267824 0.928100 0.125338 0.2392 0.2392 0.2392
v 0.263199 0.934734 0.125338 0.2392 0.2392 0.2392
v 0.258575 0.941367 0.125338 0.2392 0.2392 0.2392
v 0.231518 0.756746 0.125338 0.2392 0.2392 0.2392
v 0.190587 0.592026 0.125338 0.2392 0.2392 0.2392
v 0.149657 0.427305 0.125338 0.2392 0.2392 0.2392
v -0.176606 0.430534 0.125338 0.2392 0.2392 0.2392
v -0.220486 0.389042 0.125338 0.2392 0.2392 0.2392
v -0.264365 0.347551 0.125338 0.2392 0.2392 0.2392
v -0.313318 0.275564 0.125338 0.2392 0.2392 0.2392
v -0.318391 0.245070 0.125338 0.2392 0.2392 0.2392
v -0.323464 0.214576 0.125338 0.2392 0.2392 0.2392
v 0.068213 0.209346 0.125338 0.2392 0.2392 0.2392
v 0.027701 0.156107 0.125338 0.2392 0.2392 0.2392
v -0.012812 0.102867 0.125338 0.2392 0.2392 0.2392
v -0.082249 0.044613 0.125338 0.2392 0.2392 0.2392
v -0.111173 0.039598 0.125338 0.2392 0.2392 0.2392
v -0.140098 0.034582 0.125338 0.2392 0.2392 0.2392
v -0.288658 0.145453 0.125338 0.2392 0.2392 0.2392
v -0.248779 0.106824 0.125338 0.2392 0.2392 0.2392
v -0.208901 0.068196 0.125338 0.2392 0.2392 0.2392
v -0.341093 -0.207520 0.106939 0.2392 0.2392 0.2392
v -0.335764 -0.221119 0.106939 0.2392 0.2392 0.2392
v -0.330435 -0.234719 0.106939 0.2392 0.2392 0.2392
v -0.377710 -0.209727 0.106939 0.2392 0.2392 0.2392
v -0.408998 -0.225534 0.106939 0.2392 0.2392 0.2392
v -0.440287 -0.241341 0.106939 0.2392 0.2392 0.2392
v -0.434958 -0.254941 0.106939 0.2392 0.2392 0.2392
v -0.398340 -0.252733 0.106939 0.2392 0.2392 0.2392
v -0.361723 -0.250526 0.106939 0.2392 0.2392 0.2392
v -0.469216 -0.243481 0.106939 0.2392 0.2392 0.2392
v -0.466856 -0.229813 0.106939 0.2392 0.2392 0.2392
v -0.464496 -0.216146 0.106939 0.2392 0.2392 0.2392
v -0.375351 -0.196060 0.106939 0.2392 0.2392 0.2392
v -0.404280 -0.198199 0.106939 0.2392 0.2392 0.2392
v -0.433208 -0.200339 0.106939 0.2392 0.2392 0.2392
v -0.312380 -0.214000 0.106939 0.2392 0.2392 0.2392
v -0.299655 -0.179681 0.106939 0.2392 0.2392 0.2392
v -0.286929 -0.145363 0.106939 0.2392 0.2392 0.2392
v -0.328368 -0.173201 0.106939 0.2392 0.2392 0.2392
v -0.310313 -0.152482 0.106939 0.2392 0.2392 0.2392
v -0.292259 -0.131763 0.106939 0.2392 0.2392 0.2392
v -0.499631 -0.188204 0.106939 0.2392 0.2392 0.2392
v -0.537124 -0.173929 0.106939 0.2392 0.2392 0.2392
v -0.574618 -0.159655 0.106939 0.2392 0.2392 0.2392
v -0.506709 -0.229206 0.106939 0.2392 0.2392 0.2392
v -0.541843 -0.201264 0.106939 0.2392 0.2392 0.2392
v -0.576977 -0.173322 0.106939 0.2392 0.2392 0.2392
v -0.261391 -0.113326 0.106939 0.2392 0.2392 0.2392
v -0.248578 -0.115607 0.106939 0.2392 0.2392 0.2392
v -0.235766 -0.117889 0.106939 0.2392 0.2392 0.2392
v -0.299568 -0.216282 0.106939 0.2392 0.2392 0.2392
v -0.274029 -0.184245 0.106939 0.2392 0.2392 0.2392
v -0.248491 -0.152208 0.106939 0.2392 0.2392 0.2392
v -0.597385 -0.138564 0.106939 0.2392 0.2392 0.2392
v -0.582659 -0.131747 0.106939 0.2392 0.2392 0.2392
v -0.567934 -0.124931 0.106939 0.2392 0.2392 0.2392
v -0.484905 -0.181388 0.106939 0.2392 0.2392 0.2392
v -0.507672 -0.160297 0.106939 0.2392 0.2392 0.2392
v -0.530440 -0.139206 0.106939 0.2392 0.2392 0.2392
v -0.234710 -0.093471 0.106939 0.2392 0.2392 0.2392
v -0.246467 -0.066771 0.106939 0.2392 0.2392 0.2392
v -0.258223 -0.040071 0.106939 0.2392 0.2392 0.2392
v -0.273148 -0.086626 0.106939 0.2392 0.2392 0.2392
v -0.272092 -0.062207 0.106939 0.2392 0.2392 0.2392
v -0.271036 -0.037789 0.106939 0.2392 0.2392 0.2392
v -0.553939 -0.092428 0.106939 0.2392 0.2392 0.2392
v -0.554669 -0.066740 0.106939 0.2392 0.2392 0.2392
v -0.555400 -0.041053 0.106939 0.2392 0.2392 0.2392
v -0.598116 -0.112876 0.106939 0.2392 0.2392 0.2392
v -0.584121 -0.080373 0.106939 0.2392 0.2392 0.2392
v -0.570125 -0.047869 0.106939 0.2392 0.2392 0.2392
v -0.254702 -0.011488 0.106939 0.2392 0.2392 0.2392
v -0.239424 -0.009606 0.106939 0.2392 0.2392 0.2392
v -0.224145 -0.007723 0.106939 0.2392 0.2392 0.2392
v -0.219432 -0.091589 0.106939 0.2392 0.2392 0.2392
v -0.215910 -0.063006 0.106939 0.2392 0.2392 0.2392
v -0.212389 -0.034423 0.106939 0.2392 0.2392 0.2392
v -0.611122 -0.105684 0.106939 0.2392 0.2392 0.2392
v -0.610134 -0.065989 0.106939 0.2392 0.2392 0.2392
v -0.609145 -0.026293 0.106939 0.2392 0.2392 0.2392
v -0.569137 -0.008174 0.106939 0.2392 0.2392 0.2392
v -0.582143 -0.000982 0.106939 0.2392 0.2392 0.2392
v -0.595150 0.006210 0.106939 0.2392 0.2392 0.2392
v -0.247807 0.015150 0.106939 0.2392 0.2392 0.2392
v -0.286747 0.036140 0.106939 0.2392 0.2392 0.2392
v -0.325688 0.057131 0.106939 0.2392 0.2392 0.2392
v -0.293642 0.009502 0.106939 0.2392 0.2392 0.2392
v -0.317304 0.032375 0.106939 0.2392 0.2392 0.2392
v -0.340966 0.055248 0.106939 0.2392 0.2392 0.2392
v -0.537143 0.005864 0.106939 0.2392 0.2392 0.2392
v -0.518157 0.027093 0.106939 0.2392 0.2392 0.2392
v -0.499170 0.048323 0.106939 0.2392 0.2392 0.2392
v -0.576163 0.027440 0.106939 0.2392 0.2392 0.2392
v -0.544170 0.041477 0.106939 0.2392 0.2392 0.2392
v -0.512177 0.055515 0.106939 0.2392 0.2392 0.2392
v -0.364110 0.094503 0.106939 0.2392 0.2392 0.2392
v -0.363593 0.110885 0.106939 0.2392 0.2392 0.2392
v -0.363075 0.127267 0.106939 0.2392 0.2392 0.2392
v -0.247290 0.031532 0.106939 0.2392 0.2392 0.2392
v -0.285713 0.068904 0.106939 0.2392 0.2392 0.2392
v -0.324135 0.106277 0.106939 0.2392 0.2392 0.2392
v -0.450777 0.088076 0.106939 0.2392 0.2392 0.2392
v -0.421371 0.106601 0.106939 0.2392 0.2392 0.2392
v -0.391964 0.125125 0.106939 0.2392 0.2392 0.2392
v -0.393517 0.075979 0.106939 0.2392 0.2392 0.2392
v -0.422405 0.073837 0.106939 0.2392 0.2392 0.2392
v -0.451294 0.071694 0.106939 0.2392 0.2392 0.2392
v -0.583610 0.042620 0.106939 0.2392 0.2392 0.2392
v -0.559063 0.071838 0.106939 0.2392 0.2392 0.2392
v -0.534517 0.101056 0.106939 0.2392 0.2392 0.2392
v -0.487630 0.084733 0.106939 0.2392 0.2392 0.2392
v -0.495077 0.099913 0.106939 0.2392 0.2392 0.2392
v -0.502523 0.115094 0.106939 0.2392 0.2392 0.2392
v -0.399411 0.140305 0.106939 0.2392 0.2392 0.2392
v -0.436264 0.136962 0.106939 0.2392 0.2392 0.2392
v -0.473117 0.133618 0.106939 0.2392 0.2392 0.2392
v 0.159544 1.316067 0.102921 0.2392 0.2392 0.2392
v 0.182806 1.233870 0.102921 0.2392 0.2392 0.2392
v 0.206069 1.151672 0.102921 0.2392 0.2392 0.2392
v 0.077667 1.456558 0.102921 0.2392 0.2392 0.2392
v 0.019053 1.514853 0.102921 0.2392 0.2392 0.2392
v -0.039561 1.573148 0.102921 0.2392 0.2392 0.2392
v -0.128849 1.676387 0.102921 0.2392 0.2392 0.2392
v -0.159524 1.721332 0.102921 0.2392 0.2392 0.2392
v -0.190199 1.766277 0.102921 0.2392 0.2392 0.2392
v -0.212302 1.763119 0.102921 0.2392 0.2392 0.2392
v -0.203732 1.715015 0.102921 0.2392 0.2392 0.2392
v -0.195161 1.666912 0.102921 0.2392 0.2392 0.2392
v -0.120279 1.628284 0.102921 0.2392 0.2392 0.2392
v -0.142383 1.625125 0.102921 0.2392 0.2392 0.2392
v -0.164486 1.621967 0.102921 0.2392 0.2392 0.2392
v -0.170052 1.602460 0.102921 0.2392 0.2392 0.2392
v -0.153514 1.586112 0.102921 0.2392 0.2392 0.2392
v -0.136975 1.569764 0.102921 0.2392 0.2392 0.2392
v -0.103740 1.611935 0.102921 0.2392 0.2392 0.2392
v -0.109306 1.592429 0.102921 0.2392 0.2392 0.2392
v -0.114872 1.572922 0.102921 0.2392 0.2392 0.2392
v -0.089162 1.484806 0.102921 0.2392 0.2392 0.2392
v -0.057886 1.416196 0.102921 0.2392 0.2392 0.2392
v -0.026611 1.347585 0.102921 0.2392 0.2392 0.2392
v -0.072465 1.543325 0.102921 0.2392 0.2392 0.2392
v -0.046755 1.455209 0.102921 0.2392 0.2392 0.2392
v -0.021045 1.367092 0.102921 0.2392 0.2392 0.2392
v -0.134536 1.889111 0.045075 0.2392 0.2392 0.2392
v -0.204850 1.923105 0.045075 0.2392 0.2392 0.2392
v -0.275163 1.957098 0.045075 0.2392 0.2392 0.2392
v -0.134536 1.889111 0.054906 0.2392 0.2392 0.2392
v -0.204850 1.923105 0.051629 0.2392 0.2392 0.2392
v -0.275163 1.957098 0.048352 0.2392 0.2392 0.2392
v -0.134536 1.889111 0.058183 0.2392 0.2392 0.2392
v -0.204850 1.923105 0.058183 0.2392 0.2392 0.2392
v -0.275163 1.957098 0.058183 0.2392 0.2392 0.2392
v -0.275163 1.957098 0.061460 0.2392 0.2392 0.2392
v -0.204850 1.923105 0.064737 0.2392 0.2392 0.2392
v -0.134536 1.889111 0.068014 0.2392 0.2392 0.2392
v -0.134536 1.889111 0.071291 0.2392 0.2392 0.2392
v -0.204850 1.923105 0.071291 0.2392 0.2392 0.2392
v -0.275163 1.957098 0.071291 0.2392 0.2392 0.2392
v -0.275163 1.957098 0.074568 0.2392 0.2392 0.2392
v -0.204850 1.923105 0.077845 0.2392 0.2392 0.2392
v -0.134536 1.889111 0.081122 0.2392 0.2392 0.2392
v -0.134536 1.889111 0.084399 0.2392 0.2392 0.2392
v -0.204850 1.923105 0.084399 0.2392 0.2392 0.2392
v -0.275163 1.957098 0.084399 0.2392 0.2392 0.2392
v -0.148127 0.113178 0.028799 0.2392 0.2392 0.2392
v -0.156361 0.106517 0.020578 0.2392 0.2392 0.2392
v -0.164594 0.099855 0.012357 0.2392 0.2392 0.2392
v -0.170379 0.099373 0.012357 0.2392 0.2392 0.2392
v -0.167931 0.105552 0.020578 0.2392 0.2392 0.2392
v -0.165484 0.111731 0.028799 0.2392 0.2392 0.2392
v -0.190167 0.118537 0.012357 0.2392 0.2392 0.2392
v -0.207508 0.143879 0.020578 0.2392 0.2392 0.2392
v -0.224848 0.169221 0.028799 0.2392 0.2392 0.2392
v -0.136975 0.113599 0.028799 0.2392 0.2392 0.2392
v -0.134057 0.107359 0.020578 0.2392 0.2392 0.2392
v -0.131139 0.101118 0.012357 0.2392 0.2392 0.2392
v -0.248409 0.193240 0.028799 0.2392 0.2392 0.2392
v -0.254629 0.191916 0.020578 0.2392 0.2392 0.2392
v -0.260850 0.190591 0.012357 0.2392 0.2392 0.2392
v -0.136975 0.113599 0.100674 0.2392 0.2392 0.2392
v -0.134057 0.107359 0.108895 0.2392 0.2392 0.2392
v -0.131139 0.101118 0.117117 0.2392 0.2392 0.2392
v -0.148127 0.113179 0.100674 0.2392 0.2392 0.2392
v -0.156361 0.106517 0.108895 0.2392 0.2392 0.2392
v -0.164594 0.099856 0.117117 0.2392 0.2392 0.2392
v -0.170379 0.099373 0.117117 0.2392 0.2392 0.2392
v -0.167931 0.105552 0.108895 0.2392 0.2392 0.2392
v -0.165484 0.111731 0.100674 0.2392 0.2392 0.2392
v -0.190167 0.118537 0.117117 0.2392 0.2392 0.2392
v -0.207508 0.143879 0.108895 0.2392 0.2392 0.2392
v -0.224848 0.169222 0.100674 0.2392 0.2392 0.2392
v -0.248409 0.193240 0.100674 0.2392 0.2392 0.2392
v -0.254629 0.191916 0.108895 0.2392 0.2392 0.2392
v -0.260850 0.190591 0.117117 0.2392 0.2392 0.2392
v -0.108037 0.961361 0.110188 0.2392 0.2392 0.2392
v -0.127191 0.966072 0.095037 0.2392 0.2392 0.2392
v -0.146344 0.970782 0.079887 0.2392 0.2392 0.2392
v -0.062315 0.969891 0.119216 0.2392 0.2392 0.2392
v -0.035747 0.983132 0.113094 0.2392 0.2392 0.2392
v -0.009180 0.996374 0.106972 0.2392 0.2392 0.2392
v -0.062315 0.969891 0.010258 0.2392 0.2392 0.2392
v -0.035748 0.983132 0.016380 0.2392 0.2392 0.2392
v -0.009180 0.996374 0.022502 0.2392 0.2392 0.2392
v -0.108037 0.961361 0.019286 0.2392 0.2392 0.2392
v -0.127191 0.966072 0.034436 0.2392 0.2392 0.2392
v -0.146344 0.970782 0.049587 0.2392 0.2392 0.2392
v -0.037460 0.428632 0.050878 0.2392 0.2392 0.2392
v -0.012474 0.416328 0.064736 0.2392 0.2392 0.2392
v 0.012511 0.404025 0.078595 0.2392 0.2392 0.2392
v -0.062446 0.440935 0.078595 0.2392 0.2392 0.2392
v -0.062446 0.440935 0.064736 0.2392 0.2392 0.2392
v -0.062446 0.440935 0.050878 0.2392 0.2392 0.2392
v 0.037497 0.391722 0.078595 0.2392 0.2392 0.2392
v 0.037497 0.391722 0.064737 0.2392 0.2392 0.2392
v 0.037497 0.391722 0.050879 0.2392 0.2392 0.2392
v 0.213998 1.509866 0.074568 0.2392 0.2392 0.2392
v 0.191469 1.562340 0.077845 0.2392 0.2392 0.2392
v 0.168941 1.614813 0.081122 0.2392 0.2392 0.2392
v 0.213998 1.509866 0.084399 0.2392 0.2392 0.2392
v 0.191469 1.562340 0.084399 0.2392 0.2392 0.2392
v 0.168941 1.614813 0.084399 0.2392 0.2392 0.2392
v 0.213998 1.509866 0.061460 0.2392 0.2392 0.2392
v 0.191469 1.562340 0.064737 0.2392 0.2392 0.2392
v 0.168941 1.614813 0.068014 0.2392 0.2392 0.2392
v 0.213998 1.509866 0.071291 0.2392 0.2392 0.2392
v 0.191469 1.562340 0.071291 0.2392 0.2392 0.2392
v 0.168941 1.614813 0.071291 0.2392 0.2392 0.2392
v 0.213998 1.509866 0.048352 0.2392 0.2392 0.2392
v 0.191469 1.562340 0.051629 0.2392 0.2392 0.2392
v 0.168941 1.614813 0.054906 0.2392 0.2392 0.2392
v 0.213998 1.509866 0.058183 0.2392 0.2392 0.2392
v 0.191469 1.562340 0.058183 0.2392 0.2392 0.2392
v 0.168941 1.614813 0.058183 0.2392 0.2392 0.2392
v 0.213998 1.509866 0.045075 0.2392 0.2392 0.2392
v 0.191469 1.562340 0.045075 0.2392 0.2392 0.2392
v 0.168941 1.614813 0.045075 0.2392 0.2392 0.2392
v -0.527175 -0.046359 0.090953 0.2392 0.2392 0.2392
v -0.526663 -0.066272 0.090953 0.2392 0.2392 0.2392
v -0.526150 -0.086186 0.090953 0.2392 0.2392 0.2392
v -0.527175 -0.046359 0.051629 0.2392 0.2392 0.2392
v -0.526663 -0.066272 0.064737 0.2392 0.2392 0.2392
v -0.526150 -0.086186 0.077845 0.2392 0.2392 0.2392
v -0.527175 -0.046359 0.038521 0.2392 0.2392 0.2392
v -0.526663 -0.066273 0.038521 0.2392 0.2392 0.2392
v -0.526150 -0.086186 0.038521 0.2392 0.2392 0.2392
v -0.241299 0.202278 0.050878 0.2392 0.2392 0.2392
v -0.240410 0.209993 0.064736 0.2392 0.2392 0.2392
v -0.239521 0.217708 0.078595 0.2392 0.2392 0.2392
v -0.241299 0.202278 0.092453 0.2392 0.2392 0.2392
v -0.240410 0.209993 0.092453 0.2392 0.2392 0.2392
v -0.239521 0.217708 0.092453 0.2392 0.2392 0.2392
v -0.241299 0.202278 0.037020 0.2392 0.2392 0.2392
v -0.240410 0.209993 0.037020 0.2392 0.2392 0.2392
v -0.239521 0.217708 0.037020 0.2392 0.2392 0.2392
v 0.296625 0.948114 0.082793 0.2392 0.2392 0.2392
v 0.286350 0.962038 0.064737 0.2392 0.2392 0.2392
v 0.276076 0.975962 0.046680 0.2392 0.2392 0.2392
v 0.296625 0.948114 0.028624 0.2392 0.2392 0.2392
v 0.286350 0.962038 0.028624 0.2392 0.2392 0.2392
v 0.276076 0.975962 0.028624 0.2392 0.2392 0.2392
v 0.296625 0.948114 0.100850 0.2392 0.2392 0.2392
v 0.286350 0.962038 0.100850 0.2392 0.2392 0.2392
v 0.276076 0.975962 0.100850 0.2392 0.2392 0.2392
v -0.266159 0.199583 0.004136 0.2392 0.2392 0.2392
v -0.265246 0.209898 0.004136 0.2392 0.2392 0.2392
v -0.264334 0.220214 0.004136 0.2392 0.2392 0.2392
v -0.247496 0.203555 0.028799 0.2392 0.2392 0.2392
v -0.252805 0.212546 0.020578 0.2392 0.2392 0.2392
v -0.258113 0.221538 0.012357 0.2392 0.2392 0.2392
v -0.257224 0.229252 0.012357 0.2392 0.2392 0.2392
v -0.251027 0.227975 0.020578 0.2392 0.2392 0.2392
v -0.244829 0.226699 0.028799 0.2392 0.2392 0.2392
v -0.228257 0.259051 0.012357 0.2392 0.2392 0.2392
v -0.193092 0.287573 0.020578 0.2392 0.2392 0.2392
v -0.157928 0.316095 0.028799 0.2392 0.2392 0.2392
v -0.124025 0.352191 0.028799 0.2392 0.2392 0.2392
v -0.125286 0.359765 0.020578 0.2392 0.2392 0.2392
v -0.126547 0.367339 0.012357 0.2392 0.2392 0.2392
v -0.157928 0.316095 0.100674 0.2392 0.2392 0.2392
v -0.193092 0.287573 0.108895 0.2392 0.2392 0.2392
v -0.228257 0.259051 0.117117 0.2392 0.2392 0.2392
v -0.126547 0.367339 0.117117 0.2392 0.2392 0.2392
v -0.125286 0.359765 0.108895 0.2392 0.2392 0.2392
v -0.124025 0.352191 0.100674 0.2392 0.2392 0.2392
v -0.247496 0.203555 0.100674 0.2392 0.2392 0.2392
v -0.252805 0.212547 0.108895 0.2392 0.2392 0.2392
v -0.258113 0.221538 0.117117 0.2392 0.2392 0.2392
v -0.266159 0.199583 0.125338 0.2392 0.2392 0.2392
v -0.265246 0.209898 0.125338 0.2392 0.2392 0.2392
v -0.264334 0.220214 0.125338 0.2392 0.2392 0.2392
v -0.257224 0.229252 0.117117 0.2392 0.2392 0.2392
v -0.251027 0.227976 0.108895 0.2392 0.2392 0.2392
v -0.244829 0.226699 0.100674 0.2392 0.2392 0.2392
v -0.067050 0.466296 0.037020 0.2392 0.2392 0.2392
v -0.065516 0.457842 0.037020 0.2392 0.2392 0.2392
v -0.063981 0.449389 0.037020 0.2392 0.2392 0.2392
v -0.085515 0.468377 0.012357 0.2392 0.2392 0.2392
v -0.077826 0.459229 0.020578 0.2392 0.2392 0.2392
v -0.070136 0.450082 0.028799 0.2392 0.2392 0.2392
v -0.090368 0.464369 0.004136 0.2392 0.2392 0.2392
v -0.087530 0.451214 0.004136 0.2392 0.2392 0.2392
v -0.084693 0.438058 0.004136 0.2392 0.2392 0.2392
v -0.085515 0.468377 0.117117 0.2392 0.2392 0.2392
v -0.077826 0.459229 0.108895 0.2392 0.2392 0.2392
v -0.070136 0.450082 0.100674 0.2392 0.2392 0.2392
v -0.063981 0.449389 0.092453 0.2392 0.2392 0.2392
v -0.065516 0.457842 0.092453 0.2392 0.2392 0.2392
v -0.067050 0.466296 0.092453 0.2392 0.2392 0.2392
v -0.090368 0.464369 0.125338 0.2392 0.2392 0.2392
v -0.087530 0.451214 0.125338 0.2392 0.2392 0.2392
v -0.084693 0.438058 0.125338 0.2392 0.2392 0.2392
v -0.045809 0.527419 0.078595 0.2392 0.2392 0.2392
v -0.023033 0.580088 0.064737 0.2392 0.2392 0.2392
v -0.000256 0.632758 0.050879 0.2392 0.2392 0.2392
v 0.022520 0.685428 0.050879 0.2392 0.2392 0.2392
v 0.022520 0.685428 0.064737 0.2392 0.2392 0.2392
v 0.022520 0.685428 0.078595 0.2392 0.2392 0.2392
v 0.019126 0.731460 0.078595 0.2392 0.2392 0.2392
v 0.015733 0.777492 0.064737 0.2392 0.2392 0.2392
v 0.012340 0.823524 0.050879 0.2392 0.2392 0.2392
v -0.068585 0.474749 0.078595 0.2392 0.2392 0.2392
v -0.068585 0.474749 0.064736 0.2392 0.2392 0.2392
v -0.068585 0.474749 0.050878 0.2392 0.2392 0.2392
v 0.008946 0.869556 0.050879 0.2392 0.2392 0.2392
v 0.008946 0.869556 0.064737 0.2392 0.2392 0.2392
v 0.008946 0.869556 0.078595 0.2392 0.2392 0.2392
v -0.067050 0.466296 0.050878 0.2392 0.2392 0.2392
v -0.065516 0.457842 0.064736 0.2392 0.2392 0.2392
v -0.063981 0.449389 0.078595 0.2392 0.2392 0.2392
v -0.192036 -0.097420 0.051111 0.2392 0.2392 0.2392
v -0.187864 -0.063701 0.064737 0.2392 0.2392 0.2392
v -0.183692 -0.029982 0.078362 0.2392 0.2392 0.2392
v -0.183692 -0.029982 0.091988 0.2392 0.2392 0.2392
v -0.187864 -0.063701 0.091988 0.2392 0.2392 0.2392
v -0.192036 -0.097420 0.091988 0.2392 0.2392 0.2392
v -0.192036 -0.097420 0.037485 0.2392 0.2392 0.2392
v -0.187864 -0.063701 0.037485 0.2392 0.2392 0.2392
v -0.183692 -0.029982 0.037485 0.2392 0.2392 0.2392
v -0.136489 1.882038 0.040444 0.2392 0.2392 0.2392
v -0.208756 1.908958 0.035814 0.2392 0.2392 0.2392
v -0.281023 1.935879 0.031183 0.2392 0.2392 0.2392
v -0.351337 1.969872 0.031183 0.2392 0.2392 0.2392
v -0.349384 1.976945 0.035814 0.2392 0.2392 0.2392
v -0.347430 1.984019 0.040444 0.2392 0.2392 0.2392
v -0.285177 1.929521 0.026553 0.2392 0.2392 0.2392
v -0.217063 1.896243 0.026553 0.2392 0.2392 0.2392
v -0.148950 1.862966 0.026553 0.2392 0.2392 0.2392
v -0.068376 1.848760 0.040444 0.2392 0.2392 0.2392
v -0.072529 1.842402 0.035814 0.2392 0.2392 0.2392
v -0.076683 1.836045 0.031183 0.2392 0.2392 0.2392
v -0.622548 2.008408 0.059821 0.2392 0.2392 0.2392
v -0.582003 1.996818 0.054906 0.2392 0.2392 0.2392
v -0.541459 1.985227 0.049990 0.2392 0.2392 0.2392
v -0.384336 1.986728 0.045075 0.2392 0.2392 0.2392
v -0.423195 1.982364 0.045075 0.2392 0.2392 0.2392
v -0.462055 1.978000 0.045075 0.2392 0.2392 0.2392
v -0.464008 1.970927 0.040444 0.2392 0.2392 0.2392
v -0.427102 1.968217 0.035814 0.2392 0.2392 0.2392
v -0.390196 1.965508 0.031183 0.2392 0.2392 0.2392
v -0.017691 1.803954 0.040444 0.2392 0.2392 0.2392
v 0.028840 1.752791 0.035814 0.2392 0.2392 0.2392
v 0.075371 1.701628 0.031183 0.2392 0.2392 0.2392
v 0.140285 1.663081 0.040444 0.2392 0.2392 0.2392
v 0.134157 1.658876 0.035814 0.2392 0.2392 0.2392
v 0.128029 1.654670 0.031183 0.2392 0.2392 0.2392
v 0.071217 1.695271 0.026553 0.2392 0.2392 0.2392
v 0.020533 1.740077 0.026553 0.2392 0.2392 0.2392
v -0.030152 1.784882 0.026553 0.2392 0.2392 0.2392
v 0.160716 1.615352 0.040444 0.2392 0.2392 0.2392
v 0.175019 1.563417 0.035814 0.2392 0.2392 0.2392
v 0.189323 1.511483 0.031183 0.2392 0.2392 0.2392
v 0.228301 1.457931 0.040444 0.2392 0.2392 0.2392
v 0.220076 1.458470 0.035814 0.2392 0.2392 0.2392
v 0.211851 1.459009 0.031183 0.2392 0.2392 0.2392
v 0.183195 1.507277 0.026553 0.2392 0.2392 0.2392
v 0.162764 1.555007 0.026553 0.2392 0.2392 0.2392
v 0.142333 1.602736 0.026553 0.2392 0.2392 0.2392
v 0.231936 1.314224 0.040444 0.2392 0.2392 0.2392
v 0.253265 1.216590 0.035814 0.2392 0.2392 0.2392
v 0.274594 1.118957 0.031183 0.2392 0.2392 0.2392
v 0.319540 1.019776 0.040444 0.2392 0.2392 0.2392
v 0.311668 1.020292 0.035814 0.2392 0.2392 0.2392
v 0.303795 1.020807 0.031183 0.2392 0.2392 0.2392
v 0.266634 1.119759 0.026553 0.2392 0.2392 0.2392
v 0.237346 1.218196 0.026553 0.2392 0.2392 0.2392
v 0.208057 1.316633 0.026553 0.2392 0.2392 0.2392
v 0.186728 1.414266 0.031183 0.2392 0.2392 0.2392
v 0.194688 1.413463 0.035814 0.2392 0.2392 0.2392
v 0.202647 1.412660 0.040444 0.2392 0.2392 0.2392
v 0.287955 0.995626 0.026553 0.2392 0.2392 0.2392
v 0.279987 0.969929 0.026553 0.2392 0.2392 0.2392
v 0.272019 0.944231 0.026553 0.2392 0.2392 0.2392
v 0.294946 0.995167 0.031183 0.2392 0.2392 0.2392
v 0.293970 0.969012 0.035814 0.2392 0.2392 0.2392
v 0.292993 0.942857 0.040444 0.2392 0.2392 0.2392
v 0.285025 0.917159 0.040444 0.2392 0.2392 0.2392
v 0.278033 0.917617 0.035814 0.2392 0.2392 0.2392
v 0.271042 0.918076 0.031183 0.2392 0.2392 0.2392
v -0.131497 0.447747 0.004136 0.2392 0.2392 0.2392
v -0.130267 0.423469 0.004136 0.2392 0.2392 0.2392
v -0.129038 0.399191 0.004136 0.2392 0.2392 0.2392
v -0.120009 0.460245 0.004136 0.2392 0.2392 0.2392
v -0.107291 0.448464 0.004136 0.2392 0.2392 0.2392
v -0.094573 0.436684 0.004136 0.2392 0.2392 0.2392
v -0.093344 0.412406 0.004136 0.2392 0.2392 0.2392
v -0.104832 0.399908 0.004136 0.2392 0.2392 0.2392
v -0.116320 0.387411 0.004136 0.2392 0.2392 0.2392
v -0.117061 0.372767 0.004136 0.2392 0.2392 0.2392
v -0.106313 0.370621 0.004136 0.2392 0.2392 0.2392
v -0.095566 0.368474 0.004136 0.2392 0.2392 0.2392
v -0.082597 0.410259 0.004136 0.2392 0.2392 0.2392
v -0.083338 0.395616 0.004136 0.2392 0.2392 0.2392
v -0.084078 0.380972 0.004136 0.2392 0.2392 0.2392
v -0.053461 0.366576 0.004136 0.2392 0.2392 0.2392
v -0.022104 0.366825 0.004136 0.2392 0.2392 0.2392
v 0.009254 0.367073 0.004136 0.2392 0.2392 0.2392
v -0.122846 0.473400 0.004136 0.2392 0.2392 0.2392
v -0.112965 0.474775 0.004136 0.2392 0.2392 0.2392
v -0.103085 0.476149 0.004136 0.2392 0.2392 0.2392
v 0.030013 0.350158 0.004136 0.2392 0.2392 0.2392
v 0.019414 0.332995 0.004136 0.2392 0.2392 0.2392
v 0.008816 0.315831 0.004136 0.2392 0.2392 0.2392
v -0.172917 0.357700 0.004136 0.2392 0.2392 0.2392
v -0.218027 0.340486 0.004136 0.2392 0.2392 0.2392
v -0.263136 0.323273 0.004136 0.2392 0.2392 0.2392
v -0.079135 0.531916 0.004136 0.2392 0.2392 0.2392
v -0.065065 0.586308 0.004136 0.2392 0.2392 0.2392
v -0.050995 0.640700 0.004136 0.2392 0.2392 0.2392
v -0.297039 0.287176 0.004136 0.2392 0.2392 0.2392
v -0.285833 0.268294 0.004136 0.2392 0.2392 0.2392
v -0.274627 0.249411 0.004136 0.2392 0.2392 0.2392
v -0.028082 0.694222 0.004136 0.2392 0.2392 0.2392
v -0.019239 0.693353 0.004136 0.2392 0.2392 0.2392
v -0.010396 0.692483 0.004136 0.2392 0.2392 0.2392
v -0.279700 0.218917 0.004136 0.2392 0.2392 0.2392
v -0.295979 0.207305 0.004136 0.2392 0.2392 0.2392
v -0.312258 0.195693 0.004136 0.2392 0.2392 0.2392
v -0.030793 0.741652 0.004136 0.2392 0.2392 0.2392
v -0.024662 0.788212 0.004136 0.2392 0.2392 0.2392
v -0.018530 0.834771 0.004136 0.2392 0.2392 0.2392
v -0.313170 0.185378 0.004136 0.2392 0.2392 0.2392
v -0.297804 0.186674 0.004136 0.2392 0.2392 0.2392
v -0.282438 0.187971 0.004136 0.2392 0.2392 0.2392
v -0.289609 0.161359 0.004136 0.2392 0.2392 0.2392
v -0.250682 0.138637 0.004136 0.2392 0.2392 0.2392
v -0.211755 0.115916 0.004136 0.2392 0.2392 0.2392
v -0.171876 0.077287 0.004136 0.2392 0.2392 0.2392
v -0.170924 0.061380 0.004136 0.2392 0.2392 0.2392
v -0.169973 0.045474 0.004136 0.2392 0.2392 0.2392
v -0.158821 0.045894 0.004136 0.2392 0.2392 0.2392
v -0.148621 0.062222 0.004136 0.2392 0.2392 0.2392
v -0.138421 0.078550 0.004136 0.2392 0.2392 0.2392
v -0.109496 0.083565 0.004136 0.2392 0.2392 0.2392
v -0.090773 0.072252 0.004136 0.2392 0.2392 0.2392
v -0.072049 0.060940 0.004136 0.2392 0.2392 0.2392
v -0.096278 0.132834 0.004136 0.2392 0.2392 0.2392
v -0.064336 0.170790 0.004136 0.2392 0.2392 0.2392
v -0.032393 0.208747 0.004136 0.2392 0.2392 0.2392
v -0.022367 0.884578 0.004136 0.2392 0.2392 0.2392
v -0.032336 0.887826 0.004136 0.2392 0.2392 0.2392
v -0.042306 0.891073 0.004136 0.2392 0.2392 0.2392
v -0.005987 0.905688 0.004136 0.2392 0.2392 0.2392
v 0.000423 0.930046 0.004136 0.2392 0.2392 0.2392
v 0.006834 0.954403 0.004136 0.2392 0.2392 0.2392
v -0.012287 0.973233 0.004136 0.2392 0.2392 0.2392
v -0.037819 0.967705 0.004136 0.2392 0.2392 0.2392
v -0.063351 0.962178 0.004136 0.2392 0.2392 0.2392
v -0.061427 0.909903 0.004136 0.2392 0.2392 0.2392
v -0.070579 0.925485 0.004136 0.2392 0.2392 0.2392
v -0.079731 0.941068 0.004136 0.2392 0.2392 0.2392
v -0.000823 0.888644 0.004136 0.2392 0.2392 0.2392
v 0.010751 0.895957 0.004136 0.2392 0.2392 0.2392
v 0.022326 0.903269 0.004136 0.2392 0.2392 0.2392
v 0.057640 0.341137 0.004136 0.2392 0.2392 0.2392
v 0.074668 0.314953 0.004136 0.2392 0.2392 0.2392
v 0.091697 0.288769 0.004136 0.2392 0.2392 0.2392
v 0.101939 0.297321 0.004136 0.2392 0.2392 0.2392
v 0.095151 0.332058 0.004136 0.2392 0.2392 0.2392
v 0.088364 0.366794 0.004136 0.2392 0.2392 0.2392
v 0.109616 0.502548 0.004136 0.2392 0.2392 0.2392
v 0.137656 0.603567 0.004136 0.2392 0.2392 0.2392
v 0.165696 0.704585 0.004136 0.2392 0.2392 0.2392
v -0.070670 0.833019 0.022502 0.2392 0.2392 0.2392
v -0.059422 0.787043 0.016380 0.2392 0.2392 0.2392
v -0.048173 0.741068 0.010258 0.2392 0.2392 0.2392
v -0.044297 0.696727 0.010258 0.2392 0.2392 0.2392
v -0.051670 0.698362 0.016380 0.2392 0.2392 0.2392
v -0.059042 0.699998 0.022502 0.2392 0.2392 0.2392
v -0.067071 0.643477 0.010258 0.2392 0.2392 0.2392
v -0.097218 0.591862 0.016380 0.2392 0.2392 0.2392
v -0.127364 0.540247 0.022502 0.2392 0.2392 0.2392
v -0.074507 0.882825 0.022502 0.2392 0.2392 0.2392
v -0.067097 0.886657 0.016380 0.2392 0.2392 0.2392
v -0.059686 0.890489 0.010258 0.2392 0.2392 0.2392
v -0.151314 0.484480 0.022502 0.2392 0.2392 0.2392
v -0.145118 0.480329 0.016380 0.2392 0.2392 0.2392
v -0.138922 0.476177 0.010258 0.2392 0.2392 0.2392
v -0.083659 0.898408 0.022502 0.2392 0.2392 0.2392
v -0.085401 0.917822 0.016380 0.2392 0.2392 0.2392
v -0.087142 0.937236 0.010258 0.2392 0.2392 0.2392
v -0.195194 0.442989 0.022502 0.2392 0.2392 0.2392
v -0.232877 0.397345 0.016380 0.2392 0.2392 0.2392
v -0.270561 0.351702 0.010258 0.2392 0.2392 0.2392
v -0.102813 0.903119 0.037652 0.2392 0.2392 0.2392
v -0.123708 0.927244 0.046680 0.2392 0.2392 0.2392
v -0.144603 0.951368 0.055709 0.2392 0.2392 0.2392
v -0.315127 0.309684 0.010258 0.2392 0.2392 0.2392
v -0.322009 0.313309 0.016380 0.2392 0.2392 0.2392
v -0.328891 0.316935 0.022502 0.2392 0.2392 0.2392
v -0.333964 0.286440 0.022502 0.2392 0.2392 0.2392
v -0.332155 0.252320 0.016380 0.2392 0.2392 0.2392
v -0.330346 0.218201 0.010258 0.2392 0.2392 0.2392
v 0.016352 1.001901 0.022502 0.2392 0.2392 0.2392
v 0.015316 0.994187 0.016380 0.2392 0.2392 0.2392
v 0.014281 0.986474 0.010258 0.2392 0.2392 0.2392
v -0.336467 0.181427 0.010258 0.2392 0.2392 0.2392
v -0.344398 0.178772 0.016380 0.2392 0.2392 0.2392
v -0.352328 0.176118 0.022502 0.2392 0.2392 0.2392
v 0.058119 0.968908 0.010258 0.2392 0.2392 0.2392
v 0.102993 0.959056 0.016380 0.2392 0.2392 0.2392
v 0.147867 0.949203 0.022502 0.2392 0.2392 0.2392
v -0.291113 0.137542 0.010258 0.2392 0.2392 0.2392
v -0.253688 0.091003 0.016380 0.2392 0.2392 0.2392
v -0.216264 0.044463 0.022502 0.2392 0.2392 0.2392
v 0.193427 0.930953 0.022502 0.2392 0.2392 0.2392
v 0.194112 0.922556 0.016380 0.2392 0.2392 0.2392
v 0.194798 0.914158 0.010258 0.2392 0.2392 0.2392
v -0.176385 0.005835 0.022502 0.2392 0.2392 0.2392
v -0.173931 0.013746 0.016380 0.2392 0.2392 0.2392
v -0.171476 0.021656 0.010258 0.2392 0.2392 0.2392
v 0.208043 0.941514 0.022502 0.2392 0.2392 0.2392
v 0.223346 0.943676 0.016380 0.2392 0.2392 0.2392
v 0.238648 0.945839 0.010258 0.2392 0.2392 0.2392
v -0.135988 0.027692 0.010258 0.2392 0.2392 0.2392
v -0.102954 0.025817 0.016380 0.2392 0.2392 0.2392
v -0.069921 0.023942 0.022502 0.2392 0.2392 0.2392
v -0.143352 0.003960 0.028624 0.2392 0.2392 0.2392
v -0.107864 0.009996 0.028624 0.2392 0.2392 0.2392
v -0.072375 0.016031 0.028624 0.2392 0.2392 0.2392
v 0.256913 0.958472 0.010258 0.2392 0.2392 0.2392
v 0.259876 0.968943 0.016380 0.2392 0.2392 0.2392
v 0.262838 0.979415 0.022502 0.2392 0.2392 0.2392
v -0.040997 0.028957 0.022502 0.2392 0.2392 0.2392
v -0.045106 0.035847 0.016380 0.2392 0.2392 0.2392
v -0.049216 0.042738 0.010258 0.2392 0.2392 0.2392
v 0.267188 0.944548 0.010258 0.2392 0.2392 0.2392
v 0.280425 0.941095 0.016380 0.2392 0.2392 0.2392
v 0.293662 0.937643 0.022502 0.2392 0.2392 0.2392
v -0.005959 0.099824 0.010258 0.2392 0.2392 0.2392
v 0.041408 0.150020 0.016380 0.2392 0.2392 0.2392
v 0.088774 0.200217 0.022502 0.2392 0.2392 0.2392
v 0.298287 0.931009 0.022502 0.2392 0.2392 0.2392
v 0.289674 0.927828 0.016380 0.2392 0.2392 0.2392
v 0.281061 0.924647 0.010258 0.2392 0.2392 0.2392
v 0.170217 0.418176 0.022502 0.2392 0.2392 0.2392
v 0.204294 0.585940 0.016380 0.2392 0.2392 0.2392
v 0.238371 0.753703 0.010258 0.2392 0.2392 0.2392
v 0.129286 0.253456 0.022502 0.2392 0.2392 0.2392
v 0.122433 0.256499 0.016380 0.2392 0.2392 0.2392
v 0.115580 0.259542 0.010258 0.2392 0.2392 0.2392
v -0.520460 0.149980 0.033747 0.2392 0.2392 0.2392
v -0.516963 0.143412 0.030010 0.2392 0.2392 0.2392
v -0.513467 0.136843 0.026272 0.2392 0.2392 0.2392
v -0.483607 0.153324 0.033747 0.2392 0.2392 0.2392
v -0.443258 0.150099 0.030010 0.2392 0.2392 0.2392
v -0.402908 0.146874 0.026272 0.2392 0.2392 0.2392
v -0.360002 0.150692 0.026272 0.2392 0.2392 0.2392
v -0.357446 0.157734 0.030010 0.2392 0.2392 0.2392
v -0.354889 0.164777 0.033747 0.2392 0.2392 0.2392
v -0.541443 0.103524 0.026272 0.2392 0.2392 0.2392
v -0.572915 0.076773 0.030010 0.2392 0.2392 0.2392
v -0.604388 0.050023 0.033747 0.2392 0.2392 0.2392
v -0.551933 0.123230 0.037485 0.2392 0.2392 0.2392
v -0.579909 0.089911 0.037485 0.2392 0.2392 0.2392
v -0.607885 0.056591 0.037485 0.2392 0.2392 0.2392
v -0.316467 0.127404 0.033747 0.2392 0.2392 0.2392
v -0.280600 0.082989 0.030010 0.2392 0.2392 0.2392
v -0.244734 0.038574 0.026272 0.2392 0.2392 0.2392
v -0.628935 0.020805 0.033748 0.2392 0.2392 0.2392
v -0.622009 0.018337 0.030010 0.2392 0.2392 0.2392
v -0.615083 0.015870 0.026272 0.2392 0.2392 0.2392
v -0.201530 -0.003446 0.026273 0.2392 0.2392 0.2392
v -0.194193 -0.001052 0.030010 0.2392 0.2392 0.2392
v -0.186857 0.001343 0.033748 0.2392 0.2392 0.2392
v -0.629923 -0.018891 0.033748 0.2392 0.2392 0.2392
v -0.623986 -0.061054 0.030010 0.2392 0.2392 0.2392
v -0.618048 -0.103217 0.026273 0.2392 0.2392 0.2392
v -0.205702 -0.037165 0.026273 0.2392 0.2392 0.2392
v -0.202538 -0.068490 0.030010 0.2392 0.2392 0.2392
v -0.199373 -0.099814 0.033748 0.2392 0.2392 0.2392
v -0.619172 -0.148663 0.026273 0.2392 0.2392 0.2392
v -0.626233 -0.151946 0.030010 0.2392 0.2392 0.2392
v -0.633293 -0.155228 0.033748 0.2392 0.2392 0.2392
v -0.202894 -0.128397 0.033748 0.2392 0.2392 0.2392
v -0.209581 -0.125655 0.030010 0.2392 0.2392 0.2392
v -0.216267 -0.122913 0.026273 0.2392 0.2392 0.2392
v -0.579209 -0.180386 0.026273 0.2392 0.2392 0.2392
v -0.546307 -0.215392 0.030010 0.2392 0.2392 0.2392
v -0.513405 -0.250397 0.033748 0.2392 0.2392 0.2392
v -0.228433 -0.160434 0.033748 0.2392 0.2392 0.2392
v -0.260657 -0.189729 0.030010 0.2392 0.2392 0.2392
v -0.292882 -0.219024 0.026273 0.2392 0.2392 0.2392
v -0.478271 -0.278339 0.033748 0.2392 0.2392 0.2392
v -0.476039 -0.271276 0.030010 0.2392 0.2392 0.2392
v -0.473807 -0.264212 0.026273 0.2392 0.2392 0.2392
v -0.441654 -0.276132 0.033748 0.2392 0.2392 0.2392
v -0.402804 -0.266861 0.030010 0.2392 0.2392 0.2392
v -0.363955 -0.257590 0.026273 0.2392 0.2392 0.2392
v -0.321566 -0.254891 0.026273 0.2392 0.2392 0.2392
v -0.318026 -0.261462 0.030010 0.2392 0.2392 0.2392
v -0.314487 -0.268034 0.033748 0.2392 0.2392 0.2392
v -0.438114 -0.282704 0.037485 0.2392 0.2392 0.2392
v -0.395725 -0.280004 0.037485 0.2392 0.2392 0.2392
v -0.353336 -0.277305 0.037485 0.2392 0.2392 0.2392
v -0.296209 0.002469 0.026531 0.2392 0.2392 0.2392
v -0.322439 0.018310 0.030528 0.2392 0.2392 0.2392
v -0.348668 0.034150 0.034524 0.2392 0.2392 0.2392
v -0.372330 0.057023 0.034524 0.2392 0.2392 0.2392
v -0.369762 0.064056 0.030528 0.2392 0.2392 0.2392
v -0.367195 0.071088 0.026531 0.2392 0.2392 0.2392
v -0.401219 0.054881 0.034524 0.2392 0.2392 0.2392
v -0.427540 0.059771 0.030528 0.2392 0.2392 0.2392
v -0.453862 0.064662 0.026531 0.2392 0.2392 0.2392
v -0.277018 -0.016084 0.026532 0.2392 0.2392 0.2392
v -0.284056 -0.018796 0.030528 0.2392 0.2392 0.2392
v -0.291094 -0.021509 0.034525 0.2392 0.2392 0.2392
v -0.476826 0.062702 0.026531 0.2392 0.2392 0.2392
v -0.473469 0.055853 0.030528 0.2392 0.2392 0.2392
v -0.470112 0.049003 0.034524 0.2392 0.2392 0.2392
v -0.397861 0.048031 0.038521 0.2392 0.2392 0.2392
v -0.420826 0.046072 0.038521 0.2392 0.2392 0.2392
v -0.443791 0.044112 0.038521 0.2392 0.2392 0.2392
v -0.292150 -0.045927 0.034525 0.2392 0.2392 0.2392
v -0.286168 -0.067633 0.030528 0.2392 0.2392 0.2392
v -0.280186 -0.089338 0.026532 0.2392 0.2392 0.2392
v -0.489099 0.027773 0.034524 0.2392 0.2392 0.2392
v -0.511442 0.013394 0.030528 0.2392 0.2392 0.2392
v -0.533786 -0.000986 0.026531 0.2392 0.2392 0.2392
v -0.281249 -0.108278 0.026532 0.2392 0.2392 0.2392
v -0.288293 -0.105513 0.030528 0.2392 0.2392 0.2392
v -0.295338 -0.102747 0.034525 0.2392 0.2392 0.2392
v -0.549020 -0.018136 0.026532 0.2392 0.2392 0.2392
v -0.541909 -0.020905 0.030528 0.2392 0.2392 0.2392
v -0.534799 -0.023675 0.034525 0.2392 0.2392 0.2392
v -0.295651 -0.125201 0.026532 0.2392 0.2392 0.2392
v -0.317099 -0.139359 0.030528 0.2392 0.2392 0.2392
v -0.338547 -0.153516 0.034525 0.2392 0.2392 0.2392
v -0.316786 -0.116905 0.038521 0.2392 0.2392 0.2392
v -0.331188 -0.133828 0.038521 0.2392 0.2392 0.2392
v -0.345591 -0.150750 0.038521 0.2392 0.2392 0.2392
v -0.548507 -0.038050 0.026532 0.2392 0.2392 0.2392
v -0.540884 -0.060733 0.030528 0.2392 0.2392 0.2392
v -0.533260 -0.083417 0.034525 0.2392 0.2392 0.2392
v -0.356601 -0.174235 0.034525 0.2392 0.2392 0.2392
v -0.353208 -0.180797 0.030528 0.2392 0.2392 0.2392
v -0.349815 -0.187358 0.026532 0.2392 0.2392 0.2392
v -0.532530 -0.109104 0.034525 0.2392 0.2392 0.2392
v -0.539423 -0.112108 0.030528 0.2392 0.2392 0.2392
v -0.546315 -0.115111 0.026532 0.2392 0.2392 0.2392
v -0.372849 -0.189014 0.026532 0.2392 0.2392 0.2392
v -0.399276 -0.184107 0.030528 0.2392 0.2392 0.2392
v -0.425704 -0.179201 0.034525 0.2392 0.2392 0.2392
v -0.527939 -0.132160 0.026532 0.2392 0.2392 0.2392
v -0.502670 -0.146205 0.030528 0.2392 0.2392 0.2392
v -0.477400 -0.160250 0.034525 0.2392 0.2392 0.2392
v -0.454633 -0.181341 0.034525 0.2392 0.2392 0.2392
v -0.457134 -0.188387 0.030528 0.2392 0.2392 0.2392
v -0.459636 -0.195433 0.026532 0.2392 0.2392 0.2392
v -0.123323 1.012507 0.026553 0.2392 0.2392 0.2392
v -0.119796 0.994409 0.026553 0.2392 0.2392 0.2392
v -0.116268 0.976311 0.026553 0.2392 0.2392 0.2392
v -0.114630 1.014531 0.026553 0.2392 0.2392 0.2392
v -0.102410 0.998457 0.026553 0.2392 0.2392 0.2392
v -0.090190 0.982384 0.026553 0.2392 0.2392 0.2392
v -0.108092 1.036867 0.026553 0.2392 0.2392 0.2392
v -0.089335 1.043128 0.026553 0.2392 0.2392 0.2392
v -0.070577 1.049390 0.026553 0.2392 0.2392 0.2392
v -0.071432 0.988646 0.026553 0.2392 0.2392 0.2392
v -0.064894 1.010981 0.026553 0.2392 0.2392 0.2392
v -0.058357 1.033317 0.026553 0.2392 0.2392 0.2392
v -0.069257 0.968333 0.026553 0.2392 0.2392 0.2392
v -0.060544 0.970356 0.026553 0.2392 0.2392 0.2392
v -0.051832 0.972378 0.026553 0.2392 0.2392 0.2392
v -0.051766 1.110963 0.026553 0.2392 0.2392 0.2392
v -0.051714 1.166274 0.026553 0.2392 0.2392 0.2392
v -0.051661 1.221585 0.026553 0.2392 0.2392 0.2392
v -0.037698 1.111483 0.026553 0.2392 0.2392 0.2392
v -0.023577 1.167314 0.026553 0.2392 0.2392 0.2392
v -0.009456 1.223144 0.026553 0.2392 0.2392 0.2392
v -0.037540 1.277416 0.026553 0.2392 0.2392 0.2392
v -0.023472 1.277936 0.026553 0.2392 0.2392 0.2392
v -0.009403 1.278455 0.026553 0.2392 0.2392 0.2392
v -0.068815 1.346026 0.026553 0.2392 0.2392 0.2392
v -0.086023 1.415156 0.026553 0.2392 0.2392 0.2392
v -0.103230 1.484286 0.026553 0.2392 0.2392 0.2392
v -0.253977 1.849116 0.026553 0.2392 0.2392 0.2392
v -0.287081 1.887010 0.026553 0.2392 0.2392 0.2392
v -0.320186 1.924905 0.026553 0.2392 0.2392 0.2392
v -0.290883 1.851825 0.031183 0.2392 0.2392 0.2392
v -0.360893 1.892429 0.035814 0.2392 0.2392 0.2392
v -0.430904 1.933033 0.040444 0.2392 0.2392 0.2392
v -0.185864 1.815839 0.026553 0.2392 0.2392 0.2392
v -0.150854 1.820455 0.026553 0.2392 0.2392 0.2392
v -0.115845 1.825071 0.026553 0.2392 0.2392 0.2392
v -0.093840 1.681003 0.026553 0.2392 0.2392 0.2392
v -0.089505 1.730565 0.026553 0.2392 0.2392 0.2392
v -0.085171 1.780126 0.026553 0.2392 0.2392 0.2392
v -0.043156 1.636198 0.026553 0.2392 0.2392 0.2392
v 0.011863 1.640954 0.026553 0.2392 0.2392 0.2392
v 0.066883 1.645709 0.026553 0.2392 0.2392 0.2392
v 0.125497 1.587415 0.026553 0.2392 0.2392 0.2392
v 0.129092 1.524364 0.026553 0.2392 0.2392 0.2392
v 0.132686 1.461314 0.026553 0.2392 0.2392 0.2392
v 0.153117 1.413585 0.026553 0.2392 0.2392 0.2392
v 0.169953 1.428906 0.026553 0.2392 0.2392 0.2392
v 0.186790 1.444227 0.026553 0.2392 0.2392 0.2392
v 0.146903 1.402465 0.026553 0.2392 0.2392 0.2392
v 0.157524 1.406667 0.026553 0.2392 0.2392 0.2392
v 0.168146 1.410868 0.026553 0.2392 0.2392 0.2392
v 0.197412 1.448428 0.026553 0.2392 0.2392 0.2392
v 0.191197 1.437309 0.026553 0.2392 0.2392 0.2392
v 0.184983 1.426189 0.026553 0.2392 0.2392 0.2392
v 0.191409 1.328671 0.026553 0.2392 0.2392 0.2392
v 0.204050 1.242272 0.026553 0.2392 0.2392 0.2392
v 0.216691 1.155874 0.026553 0.2392 0.2392 0.2392
v 0.245980 1.057437 0.026553 0.2392 0.2392 0.2392
v 0.262627 1.045399 0.026553 0.2392 0.2392 0.2392
v 0.279275 1.033361 0.026553 0.2392 0.2392 0.2392
v 0.272515 0.996638 0.026553 0.2392 0.2392 0.2392
v 0.249107 0.971952 0.026553 0.2392 0.2392 0.2392
v 0.225699 0.947267 0.026553 0.2392 0.2392 0.2392
v 0.282748 0.995967 0.026553 0.2392 0.2392 0.2392
v 0.269573 0.970611 0.026553 0.2392 0.2392 0.2392
v 0.256398 0.945255 0.026553 0.2392 0.2392 0.2392
v 0.248430 0.919558 0.026553 0.2392 0.2392 0.2392
v 0.253637 0.919217 0.026553 0.2392 0.2392 0.2392
v 0.258844 0.918875 0.026553 0.2392 0.2392 0.2392
v 0.195632 1.145445 0.029141 0.2392 0.2392 0.2392
v 0.161931 1.221416 0.031729 0.2392 0.2392 0.2392
v 0.128231 1.297386 0.034318 0.2392 0.2392 0.2392
v 0.104969 1.379583 0.034318 0.2392 0.2392 0.2392
v 0.115406 1.385810 0.031729 0.2392 0.2392 0.2392
v 0.125843 1.392037 0.029141 0.2392 0.2392 0.2392
v 0.065099 1.405822 0.036906 0.2392 0.2392 0.2392
v 0.035666 1.438288 0.036906 0.2392 0.2392 0.2392
v 0.006234 1.470754 0.036906 0.2392 0.2392 0.2392
v 0.096411 1.424503 0.029141 0.2392 0.2392 0.2392
v 0.056541 1.450742 0.031729 0.2392 0.2392 0.2392
v 0.016672 1.476981 0.034318 0.2392 0.2392 0.2392
v 0.217351 1.069108 0.029141 0.2392 0.2392 0.2392
v 0.205371 1.068742 0.031729 0.2392 0.2392 0.2392
v 0.193390 1.068376 0.034318 0.2392 0.2392 0.2392
v -0.041942 1.535275 0.034318 0.2392 0.2392 0.2392
v -0.060686 1.567331 0.031729 0.2392 0.2392 0.2392
v -0.079431 1.599386 0.029141 0.2392 0.2392 0.2392
v 0.186630 1.031652 0.034318 0.2392 0.2392 0.2392
v 0.191850 0.995296 0.031729 0.2392 0.2392 0.2392
v 0.197071 0.958939 0.029141 0.2392 0.2392 0.2392
v -0.016232 1.447159 0.034318 0.2392 0.2392 0.2392
v -0.009266 1.391098 0.031729 0.2392 0.2392 0.2392
v -0.002301 1.335036 0.029141 0.2392 0.2392 0.2392
v 0.016775 1.279333 0.029141 0.2392 0.2392 0.2392
v 0.028884 1.279691 0.031729 0.2392 0.2392 0.2392
v 0.040994 1.280050 0.034318 0.2392 0.2392 0.2392
v 0.002506 1.222651 0.029141 0.2392 0.2392 0.2392
v 0.000347 1.166326 0.031729 0.2392 0.2392 0.2392
v -0.001812 1.110002 0.034318 0.2392 0.2392 0.2392
v -0.015933 1.054171 0.034318 0.2392 0.2392 0.2392
v -0.027895 1.054664 0.031729 0.2392 0.2392 0.2392
v -0.039857 1.055158 0.029141 0.2392 0.2392 0.2392
v -0.011936 1.034319 0.038948 0.2392 0.2392 0.2392
v -0.019900 1.014961 0.040990 0.2392 0.2392 0.2392
v -0.027865 0.995602 0.043033 0.2392 0.2392 0.2392
v -0.022680 0.979409 0.043033 0.2392 0.2392 0.2392
v -0.009530 0.982574 0.040990 0.2392 0.2392 0.2392
v 0.003619 0.985740 0.038948 0.2392 0.2392 0.2392
v 0.205371 1.447625 0.031183 0.2392 0.2392 0.2392
v 0.207117 1.435703 0.035814 0.2392 0.2392 0.2392
v 0.208862 1.423780 0.040444 0.2392 0.2392 0.2392
v -0.137323 0.970781 0.055191 0.2392 0.2392 0.2392
v -0.133832 0.990722 0.045645 0.2392 0.2392 0.2392
v -0.130341 1.010664 0.036099 0.2392 0.2392 0.2392
v -0.154006 0.970722 0.064737 0.2392 0.2392 0.2392
v -0.167198 0.990605 0.064737 0.2392 0.2392 0.2392
v -0.180390 1.010488 0.064737 0.2392 0.2392 0.2392
v -0.163088 1.460838 0.064737 0.2392 0.2392 0.2392
v -0.148060 1.400213 0.064737 0.2392 0.2392 0.2392
v -0.133033 1.339587 0.064737 0.2392 0.2392 0.2392
v -0.146488 1.460321 0.055191 0.2392 0.2392 0.2392
v -0.114862 1.399180 0.045645 0.2392 0.2392 0.2392
v -0.083235 1.338038 0.036099 0.2392 0.2392 0.2392
v -0.163696 1.529451 0.055191 0.2392 0.2392 0.2392
v -0.149276 1.537440 0.045645 0.2392 0.2392 0.2392
v -0.134857 1.545428 0.036099 0.2392 0.2392 0.2392
v -0.201358 1.611133 0.036099 0.2392 0.2392 0.2392
v -0.216126 1.603457 0.045645 0.2392 0.2392 0.2392
v -0.230893 1.595782 0.055191 0.2392 0.2392 0.2392
v -0.184471 1.594472 0.036099 0.2392 0.2392 0.2392
v -0.182352 1.570136 0.045645 0.2392 0.2392 0.2392
v -0.180234 1.545799 0.055191 0.2392 0.2392 0.2392
v -0.195002 1.538124 0.064737 0.2392 0.2392 0.2392
v -0.211888 1.554785 0.064737 0.2392 0.2392 0.2392
v -0.228775 1.571446 0.064737 0.2392 0.2392 0.2392
v -0.255060 1.734796 0.055191 0.2392 0.2392 0.2392
v -0.232237 1.696133 0.045645 0.2392 0.2392 0.2392
v -0.209413 1.657471 0.036099 0.2392 0.2392 0.2392
v -0.263631 1.782899 0.055191 0.2392 0.2392 0.2392
v -0.249378 1.792340 0.045645 0.2392 0.2392 0.2392
v -0.235126 1.801781 0.036099 0.2392 0.2392 0.2392
v -0.333641 1.823503 0.059821 0.2392 0.2392 0.2392
v -0.389399 1.873547 0.054906 0.2392 0.2392 0.2392
v -0.445156 1.923592 0.049990 0.2392 0.2392 0.2392
v -0.374186 1.835093 0.064737 0.2392 0.2392 0.2392
v -0.470488 1.896729 0.064737 0.2392 0.2392 0.2392
v -0.566791 1.958364 0.064737 0.2392 0.2392 0.2392
v -0.397861 0.048031 0.051629 0.2392 0.2392 0.2392
v -0.420826 0.046072 0.064737 0.2392 0.2392 0.2392
v -0.443791 0.044112 0.077845 0.2392 0.2392 0.2392
v -0.374897 0.049990 0.051629 0.2392 0.2392 0.2392
v -0.374897 0.049990 0.064737 0.2392 0.2392 0.2392
v -0.374897 0.049990 0.077845 0.2392 0.2392 0.2392
v -0.443791 0.044112 0.090953 0.2392 0.2392 0.2392
v -0.420826 0.046072 0.090953 0.2392 0.2392 0.2392
v -0.397861 0.048031 0.090953 0.2392 0.2392 0.2392
v -0.355706 0.031437 0.077845 0.2392 0.2392 0.2392
v -0.336515 0.012884 0.064737 0.2392 0.2392 0.2392
v -0.317323 -0.005669 0.051629 0.2392 0.2392 0.2392
v -0.298132 -0.024222 0.051629 0.2392 0.2392 0.2392
v -0.298132 -0.024222 0.064737 0.2392 0.2392 0.2392
v -0.298132 -0.024222 0.077845 0.2392 0.2392 0.2392
v -0.116110 0.344471 0.092453 0.2392 0.2392 0.2392
v -0.109455 0.344325 0.092453 0.2392 0.2392 0.2392
v -0.102801 0.344179 0.092453 0.2392 0.2392 0.2392
v -0.116110 0.344471 0.050878 0.2392 0.2392 0.2392
v -0.109455 0.344325 0.064736 0.2392 0.2392 0.2392
v -0.102801 0.344179 0.078595 0.2392 0.2392 0.2392
v -0.116109 0.344471 0.037020 0.2392 0.2392 0.2392
v -0.109454 0.344325 0.037020 0.2392 0.2392 0.2392
v -0.102800 0.344179 0.037020 0.2392 0.2392 0.2392
v -0.360258 0.173463 0.046680 0.2392 0.2392 0.2392
v -0.360258 0.173463 0.064737 0.2392 0.2392 0.2392
v -0.360258 0.173463 0.082793 0.2392 0.2392 0.2392
v -0.314904 0.129578 0.082794 0.2392 0.2392 0.2392
v -0.269549 0.085694 0.064737 0.2392 0.2392 0.2392
v -0.224195 0.041809 0.046680 0.2392 0.2392 0.2392
v -0.178840 -0.002076 0.046681 0.2392 0.2392 0.2392
v -0.178840 -0.002076 0.064737 0.2392 0.2392 0.2392
v -0.178840 -0.002076 0.082793 0.2392 0.2392 0.2392
v -0.143352 0.003960 0.082793 0.2392 0.2392 0.2392
v -0.107864 0.009996 0.064737 0.2392 0.2392 0.2392
v -0.072375 0.016031 0.046681 0.2392 0.2392 0.2392
v -0.143352 0.003960 0.100850 0.2392 0.2392 0.2392
v -0.107864 0.009996 0.100850 0.2392 0.2392 0.2392
v -0.072375 0.016031 0.100850 0.2392 0.2392 0.2392
v -0.019074 0.288565 0.028800 0.2392 0.2392 0.2392
v -0.013310 0.291932 0.020578 0.2392 0.2392 0.2392
v -0.007546 0.295300 0.012357 0.2392 0.2392 0.2392
v -0.039833 0.305480 0.028800 0.2392 0.2392 0.2392
v -0.054828 0.325763 0.020578 0.2392 0.2392 0.2392
v -0.069824 0.346045 0.012357 0.2392 0.2392 0.2392
v -0.119892 0.367193 0.012357 0.2392 0.2392 0.2392
v -0.111977 0.359473 0.020578 0.2392 0.2392 0.2392
v -0.104061 0.351753 0.028799 0.2392 0.2392 0.2392
v -0.087651 0.360754 0.012357 0.2392 0.2392 0.2392
v -0.090482 0.355181 0.020578 0.2392 0.2392 0.2392
v -0.093314 0.349607 0.028799 0.2392 0.2392 0.2392
v -0.039833 0.305480 0.100674 0.2392 0.2392 0.2392
v -0.054828 0.325763 0.108895 0.2392 0.2392 0.2392
v -0.069824 0.346045 0.117117 0.2392 0.2392 0.2392
v -0.019074 0.288565 0.100674 0.2392 0.2392 0.2392
v -0.013310 0.291932 0.108895 0.2392 0.2392 0.2392
v -0.007546 0.295300 0.117117 0.2392 0.2392 0.2392
v -0.087651 0.360754 0.117117 0.2392 0.2392 0.2392
v -0.090483 0.355181 0.108895 0.2392 0.2392 0.2392
v -0.093314 0.349607 0.100674 0.2392 0.2392 0.2392
v -0.095566 0.368474 0.125338 0.2392 0.2392 0.2392
v -0.106313 0.370621 0.125338 0.2392 0.2392 0.2392
v -0.117061 0.372767 0.125338 0.2392 0.2392 0.2392
v -0.104061 0.351753 0.100674 0.2392 0.2392 0.2392
v -0.111977 0.359473 0.108895 0.2392 0.2392 0.2392
v -0.119893 0.367193 0.117117 0.2392 0.2392 0.2392
v 0.034575 0.892390 0.028800 0.2392 0.2392 0.2392
v 0.034350 0.898454 0.020578 0.2392 0.2392 0.2392
v 0.034126 0.904518 0.012357 0.2392 0.2392 0.2392
v 0.028337 0.882134 0.037021 0.2392 0.2392 0.2392
v 0.021873 0.877941 0.037021 0.2392 0.2392 0.2392
v 0.015410 0.873749 0.037021 0.2392 0.2392 0.2392
v 0.015185 0.879813 0.028800 0.2392 0.2392 0.2392
v 0.021424 0.890069 0.020578 0.2392 0.2392 0.2392
v 0.027662 0.900326 0.012357 0.2392 0.2392 0.2392
v 0.066653 0.889417 0.012357 0.2392 0.2392 0.2392
v 0.099404 0.868252 0.020578 0.2392 0.2392 0.2392
v 0.132156 0.847087 0.028800 0.2392 0.2392 0.2392
v 0.169733 0.829642 0.028800 0.2392 0.2392 0.2392
v 0.174558 0.833361 0.020578 0.2392 0.2392 0.2392
v 0.179382 0.837081 0.012357 0.2392 0.2392 0.2392
v 0.027662 0.900326 0.117117 0.2392 0.2392 0.2392
v 0.021424 0.890069 0.108895 0.2392 0.2392 0.2392
v 0.015185 0.879813 0.100674 0.2392 0.2392 0.2392
v 0.028337 0.882134 0.092453 0.2392 0.2392 0.2392
v 0.021873 0.877941 0.092453 0.2392 0.2392 0.2392
v 0.015410 0.873749 0.092453 0.2392 0.2392 0.2392
v 0.022326 0.903269 0.125338 0.2392 0.2392 0.2392
v 0.010751 0.895957 0.125338 0.2392 0.2392 0.2392
v -0.000823 0.888644 0.125338 0.2392 0.2392 0.2392
v 0.015410 0.873749 0.078595 0.2392 0.2392 0.2392
v 0.021873 0.877941 0.064737 0.2392 0.2392 0.2392
v 0.028337 0.882134 0.050879 0.2392 0.2392 0.2392
v 0.034800 0.886326 0.050879 0.2392 0.2392 0.2392
v 0.034800 0.886326 0.064737 0.2392 0.2392 0.2392
v 0.034800 0.886326 0.078595 0.2392 0.2392 0.2392
v 0.067327 0.871225 0.078595 0.2392 0.2392 0.2392
v 0.099854 0.856124 0.064737 0.2392 0.2392 0.2392
v 0.132381 0.841023 0.050879 0.2392 0.2392 0.2392
v 0.164908 0.825922 0.050879 0.2392 0.2392 0.2392
v 0.164908 0.825922 0.064737 0.2392 0.2392 0.2392
v 0.164908 0.825922 0.078595 0.2392 0.2392 0.2392
v 0.006234 1.470754 0.092567 0.2392 0.2392 0.2392
v 0.035666 1.438288 0.092567 0.2392 0.2392 0.2392
v 0.065099 1.405822 0.092567 0.2392 0.2392 0.2392
v 0.006234 1.470754 0.078652 0.2392 0.2392 0.2392
v 0.035666 1.438288 0.064736 0.2392 0.2392 0.2392
v 0.065099 1.405822 0.050821 0.2392 0.2392 0.2392
v 0.094531 1.373356 0.050821 0.2392 0.2392 0.2392
v 0.094531 1.373356 0.064736 0.2392 0.2392 0.2392
v 0.094531 1.373356 0.078652 0.2392 0.2392 0.2392
v -0.353336 -0.277305 0.078362 0.2392 0.2392 0.2392
v -0.395725 -0.280004 0.064737 0.2392 0.2392 0.2392
v -0.438114 -0.282704 0.051111 0.2392 0.2392 0.2392
v -0.353336 -0.277305 0.091988 0.2392 0.2392 0.2392
v -0.395725 -0.280004 0.091988 0.2392 0.2392 0.2392
v -0.438114 -0.282704 0.091988 0.2392 0.2392 0.2392
v -0.480503 -0.285403 0.051111 0.2392 0.2392 0.2392
v -0.480503 -0.285403 0.064737 0.2392 0.2392 0.2392
v -0.480503 -0.285403 0.078362 0.2392 0.2392 0.2392
v -0.520466 -0.253680 0.078362 0.2392 0.2392 0.2392
v -0.560429 -0.221957 0.064737 0.2392 0.2392 0.2392
v -0.600391 -0.190234 0.051111 0.2392 0.2392 0.2392
v -0.640354 -0.158511 0.051111 0.2392 0.2392 0.2392
v -0.640354 -0.158511 0.064737 0.2392 0.2392 0.2392
v -0.640354 -0.158511 0.078362 0.2392 0.2392 0.2392
v -0.299195 -0.043162 0.051629 0.2392 0.2392 0.2392
v -0.300258 -0.062102 0.064737 0.2392 0.2392 0.2392
v -0.301320 -0.081042 0.077845 0.2392 0.2392 0.2392
v -0.299195 -0.043162 0.090953 0.2392 0.2392 0.2392
v -0.300258 -0.062102 0.090953 0.2392 0.2392 0.2392
v -0.301320 -0.081042 0.090953 0.2392 0.2392 0.2392
v -0.302383 -0.099982 0.077845 0.2392 0.2392 0.2392
v -0.302383 -0.099982 0.064737 0.2392 0.2392 0.2392
v -0.302383 -0.099982 0.051629 0.2392 0.2392 0.2392
v -0.316786 -0.116905 0.051629 0.2392 0.2392 0.2392
v -0.331188 -0.133828 0.064737 0.2392 0.2392 0.2392
v -0.345591 -0.150750 0.077845 0.2392 0.2392 0.2392
v -0.316786 -0.116905 0.090953 0.2392 0.2392 0.2392
v -0.331188 -0.133828 0.090953 0.2392 0.2392 0.2392
v -0.345591 -0.150750 0.090953 0.2392 0.2392 0.2392
v -0.111205 0.153974 0.078595 0.2392 0.2392 0.2392
v -0.082515 0.188109 0.064737 0.2392 0.2392 0.2392
v -0.053826 0.222243 0.050879 0.2392 0.2392 0.2392
v -0.111205 0.153974 0.037020 0.2392 0.2392 0.2392
v -0.082515 0.188109 0.037020 0.2392 0.2392 0.2392
v -0.053826 0.222243 0.037021 0.2392 0.2392 0.2392
v -0.111205 0.153974 0.092453 0.2392 0.2392 0.2392
v -0.082515 0.188109 0.092453 0.2392 0.2392 0.2392
v -0.053826 0.222243 0.092453 0.2392 0.2392 0.2392
v -0.025062 0.263582 0.092453 0.2392 0.2392 0.2392
v -0.024988 0.270787 0.092453 0.2392 0.2392 0.2392
v -0.024913 0.277992 0.092453 0.2392 0.2392 0.2392
v -0.025062 0.263582 0.050879 0.2392 0.2392 0.2392
v -0.024988 0.270787 0.064737 0.2392 0.2392 0.2392
v -0.024913 0.277992 0.078595 0.2392 0.2392 0.2392
v -0.025062 0.263582 0.037021 0.2392 0.2392 0.2392
v -0.024988 0.270787 0.037021 0.2392 0.2392 0.2392
v -0.024913 0.277992 0.037021 0.2392 0.2392 0.2392
v -0.144603 0.951368 0.073765 0.2392 0.2392 0.2392
v -0.123708 0.927244 0.082793 0.2392 0.2392 0.2392
v -0.102813 0.903119 0.091822 0.2392 0.2392 0.2392
v -0.081918 0.878994 0.046680 0.2392 0.2392 0.2392
v -0.081918 0.878994 0.064737 0.2392 0.2392 0.2392
v -0.081918 0.878994 0.082793 0.2392 0.2392 0.2392
v -0.078042 0.834654 0.082793 0.2392 0.2392 0.2392
v -0.074166 0.790313 0.064737 0.2392 0.2392 0.2392
v -0.070290 0.745973 0.046680 0.2392 0.2392 0.2392
v -0.066414 0.701633 0.046680 0.2392 0.2392 0.2392
v -0.066414 0.701633 0.064737 0.2392 0.2392 0.2392
v -0.066414 0.701633 0.082793 0.2392 0.2392 0.2392
v -0.089188 0.648383 0.082793 0.2392 0.2392 0.2392
v -0.111962 0.595132 0.064737 0.2392 0.2392 0.2392
v -0.134736 0.541882 0.046680 0.2392 0.2392 0.2392
v -0.157510 0.488632 0.046680 0.2392 0.2392 0.2392
v -0.157510 0.488632 0.064737 0.2392 0.2392 0.2392
v -0.157510 0.488632 0.082793 0.2392 0.2392 0.2392
v -0.202076 0.446614 0.082793 0.2392 0.2392 0.2392
v -0.246641 0.404596 0.064737 0.2392 0.2392 0.2392
v -0.291207 0.362578 0.046680 0.2392 0.2392 0.2392
v -0.335773 0.320560 0.046680 0.2392 0.2392 0.2392
v -0.335773 0.320560 0.064737 0.2392 0.2392 0.2392
v -0.335773 0.320560 0.082793 0.2392 0.2392 0.2392
v -0.341894 0.283786 0.082793 0.2392 0.2392 0.2392
v -0.348016 0.247012 0.064737 0.2392 0.2392 0.2392
v -0.354137 0.210237 0.046680 0.2392 0.2392 0.2392
v -0.341894 0.283786 0.100850 0.2392 0.2392 0.2392
v -0.348016 0.247012 0.100850 0.2392 0.2392 0.2392
v -0.354137 0.210237 0.100850 0.2392 0.2392 0.2392
v -0.105033 0.151556 0.028799 0.2392 0.2392 0.2392
v -0.070172 0.183272 0.020578 0.2392 0.2392 0.2392
v -0.035312 0.214988 0.012357 0.2392 0.2392 0.2392
v -0.006623 0.249122 0.012357 0.2392 0.2392 0.2392
v -0.012794 0.251541 0.020578 0.2392 0.2392 0.2392
v -0.018966 0.253959 0.028800 0.2392 0.2392 0.2392
v -0.006548 0.256327 0.012357 0.2392 0.2392 0.2392
v -0.012645 0.265951 0.020578 0.2392 0.2392 0.2392
v -0.018741 0.275574 0.028800 0.2392 0.2392 0.2392
v -0.006623 0.249122 0.117117 0.2392 0.2392 0.2392
v -0.012794 0.251541 0.108895 0.2392 0.2392 0.2392
v -0.018966 0.253959 0.100674 0.2392 0.2392 0.2392
v -0.006548 0.256327 0.117117 0.2392 0.2392 0.2392
v -0.012645 0.265951 0.108895 0.2392 0.2392 0.2392
v -0.018741 0.275574 0.100674 0.2392 0.2392 0.2392
v -0.035312 0.214988 0.117117 0.2392 0.2392 0.2392
v -0.070172 0.183272 0.108895 0.2392 0.2392 0.2392
v -0.105033 0.151556 0.100674 0.2392 0.2392 0.2392
v -0.000784 0.259695 0.125338 0.2392 0.2392 0.2392
v -0.001117 0.272686 0.125338 0.2392 0.2392 0.2392
v -0.001449 0.285677 0.125338 0.2392 0.2392 0.2392
v -0.032393 0.208747 0.125338 0.2392 0.2392 0.2392
v -0.064336 0.170791 0.125338 0.2392 0.2392 0.2392
v -0.096278 0.132834 0.125338 0.2392 0.2392 0.2392
v 0.172115 0.820842 0.028800 0.2392 0.2392 0.2392
v 0.179322 0.815763 0.020578 0.2392 0.2392 0.2392
v 0.186529 0.810683 0.012357 0.2392 0.2392 0.2392
v 0.165931 0.820958 0.037021 0.2392 0.2392 0.2392
v 0.166954 0.815993 0.037021 0.2392 0.2392 0.2392
v 0.167976 0.811029 0.037021 0.2392 0.2392 0.2392
v 0.187552 0.805718 0.012357 0.2392 0.2392 0.2392
v 0.181368 0.805834 0.020578 0.2392 0.2392 0.2392
v 0.175183 0.805949 0.028800 0.2392 0.2392 0.2392
v 0.160490 0.707801 0.012357 0.2392 0.2392 0.2392
v 0.127245 0.609999 0.020578 0.2392 0.2392 0.2392
v 0.093999 0.512197 0.028800 0.2392 0.2392 0.2392
v 0.065959 0.411179 0.028800 0.2392 0.2392 0.2392
v 0.071165 0.407963 0.020578 0.2392 0.2392 0.2392
v 0.076370 0.404746 0.012357 0.2392 0.2392 0.2392
v 0.054939 0.408727 0.037021 0.2392 0.2392 0.2392
v 0.049125 0.403058 0.037021 0.2392 0.2392 0.2392
v 0.043311 0.397390 0.037021 0.2392 0.2392 0.2392
v 0.172115 0.820842 0.100674 0.2392 0.2392 0.2392
v 0.179322 0.815763 0.108895 0.2392 0.2392 0.2392
v 0.186529 0.810683 0.117117 0.2392 0.2392 0.2392
v 0.186589 0.832001 0.125338 0.2392 0.2392 0.2392
v 0.188972 0.823202 0.125338 0.2392 0.2392 0.2392
v 0.191354 0.814402 0.125338 0.2392 0.2392 0.2392
v 0.165931 0.820958 0.092453 0.2392 0.2392 0.2392
v 0.166954 0.815993 0.092453 0.2392 0.2392 0.2392
v 0.167976 0.811029 0.092453 0.2392 0.2392 0.2392
v 0.065959 0.411179 0.100674 0.2392 0.2392 0.2392
v 0.071165 0.407963 0.108895 0.2392 0.2392 0.2392
v 0.076370 0.404746 0.117117 0.2392 0.2392 0.2392
v 0.165696 0.704585 0.125338 0.2392 0.2392 0.2392
v 0.137656 0.603567 0.125338 0.2392 0.2392 0.2392
v 0.109616 0.502548 0.125338 0.2392 0.2392 0.2392
v 0.054939 0.408727 0.092453 0.2392 0.2392 0.2392
v 0.049125 0.403058 0.092453 0.2392 0.2392 0.2392
v 0.043311 0.397390 0.092453 0.2392 0.2392 0.2392
v 0.200833 0.922678 0.031183 0.2392 0.2392 0.2392
v 0.199376 0.922773 0.035814 0.2392 0.2392 0.2392
v 0.197919 0.922868 0.040444 0.2392 0.2392 0.2392
v -0.130341 1.010664 0.093375 0.2392 0.2392 0.2392
v -0.133832 0.990722 0.083829 0.2392 0.2392 0.2392
v -0.137323 0.970781 0.074283 0.2392 0.2392 0.2392
v -0.133796 0.952682 0.074283 0.2392 0.2392 0.2392
v -0.126777 0.954526 0.083829 0.2392 0.2392 0.2392
v -0.119759 0.956370 0.093375 0.2392 0.2392 0.2392
v -0.133796 0.952682 0.055191 0.2392 0.2392 0.2392
v -0.126777 0.954526 0.045645 0.2392 0.2392 0.2392
v -0.119759 0.956370 0.036099 0.2392 0.2392 0.2392
v 0.043311 0.397390 0.050879 0.2392 0.2392 0.2392
v 0.049125 0.403058 0.064737 0.2392 0.2392 0.2392
v 0.054939 0.408727 0.078595 0.2392 0.2392 0.2392
v 0.165931 0.820958 0.078595 0.2392 0.2392 0.2392
v 0.166954 0.815993 0.064737 0.2392 0.2392 0.2392
v 0.167976 0.811029 0.050879 0.2392 0.2392 0.2392
v 0.060753 0.414395 0.078595 0.2392 0.2392 0.2392
v 0.060753 0.414395 0.064737 0.2392 0.2392 0.2392
v 0.060753 0.414395 0.050879 0.2392 0.2392 0.2392
v 0.168999 0.806064 0.050879 0.2392 0.2392 0.2392
v 0.168999 0.806064 0.064737 0.2392 0.2392 0.2392
v 0.168999 0.806064 0.078595 0.2392 0.2392 0.2392
v 0.087814 0.512312 0.050879 0.2392 0.2392 0.2392
v 0.114876 0.610229 0.064737 0.2392 0.2392 0.2392
v 0.141938 0.708147 0.078595 0.2392 0.2392 0.2392
v 0.116251 1.297019 0.050821 0.2392 0.2392 0.2392
v 0.137970 1.220683 0.064736 0.2392 0.2392 0.2392
v 0.159689 1.144346 0.078652 0.2392 0.2392 0.2392
v 0.116251 1.297019 0.092567 0.2392 0.2392 0.2392
v 0.137970 1.220683 0.092567 0.2392 0.2392 0.2392
v 0.159689 1.144346 0.092567 0.2392 0.2392 0.2392
v 0.181409 1.068009 0.078652 0.2392 0.2392 0.2392
v 0.181409 1.068009 0.064736 0.2392 0.2392 0.2392
v 0.181409 1.068009 0.050821 0.2392 0.2392 0.2392
v 0.175495 1.032382 0.050821 0.2392 0.2392 0.2392
v 0.169582 0.996755 0.064736 0.2392 0.2392 0.2392
v 0.163668 0.961128 0.078652 0.2392 0.2392 0.2392
v 0.175495 1.032382 0.092567 0.2392 0.2392 0.2392
v 0.169582 0.996755 0.092567 0.2392 0.2392 0.2392
v 0.163668 0.961128 0.092567 0.2392 0.2392 0.2392
v 0.157754 0.925501 0.078652 0.2392 0.2392 0.2392
v 0.157754 0.925501 0.064736 0.2392 0.2392 0.2392
v 0.157754 0.925501 0.050821 0.2392 0.2392 0.2392
v -0.551933 0.123230 0.051111 0.2392 0.2392 0.2392
v -0.579909 0.089911 0.064736 0.2392 0.2392 0.2392
v -0.607885 0.056591 0.078362 0.2392 0.2392 0.2392
v -0.551933 0.123230 0.091988 0.2392 0.2392 0.2392
v -0.579909 0.089911 0.091988 0.2392 0.2392 0.2392
v -0.607885 0.056591 0.091988 0.2392 0.2392 0.2392
v -0.639231 -0.113065 0.078362 0.2392 0.2392 0.2392
v -0.638108 -0.067619 0.064737 0.2392 0.2392 0.2392
v -0.636984 -0.022174 0.051111 0.2392 0.2392 0.2392
v -0.635861 0.023272 0.078362 0.2392 0.2392 0.2392
v -0.635861 0.023272 0.064737 0.2392 0.2392 0.2392
v -0.635861 0.023272 0.051111 0.2392 0.2392 0.2392
v -0.639231 -0.113065 0.091988 0.2392 0.2392 0.2392
v -0.638108 -0.067619 0.091988 0.2392 0.2392 0.2392
v -0.636984 -0.022174 0.091988 0.2392 0.2392 0.2392
v -0.068376 1.848760 0.089029 0.2392 0.2392 0.2392
v -0.072529 1.842402 0.093660 0.2392 0.2392 0.2392
v -0.076683 1.836045 0.098290 0.2392 0.2392 0.2392
v -0.136489 1.882038 0.089029 0.2392 0.2392 0.2392
v -0.208756 1.908958 0.093659 0.2392 0.2392 0.2392
v -0.281023 1.935879 0.098290 0.2392 0.2392 0.2392
v -0.351337 1.969872 0.098290 0.2392 0.2392 0.2392
v -0.349384 1.976945 0.093659 0.2392 0.2392 0.2392
v -0.347430 1.984019 0.089029 0.2392 0.2392 0.2392
v -0.384336 1.986728 0.084399 0.2392 0.2392 0.2392
v -0.423195 1.982364 0.084399 0.2392 0.2392 0.2392
v -0.462055 1.978000 0.084399 0.2392 0.2392 0.2392
v -0.464008 1.970927 0.089029 0.2392 0.2392 0.2392
v -0.427102 1.968217 0.093659 0.2392 0.2392 0.2392
v -0.390196 1.965508 0.098290 0.2392 0.2392 0.2392
v -0.541459 1.985227 0.079483 0.2392 0.2392 0.2392
v -0.582003 1.996818 0.074568 0.2392 0.2392 0.2392
v -0.622548 2.008408 0.069652 0.2392 0.2392 0.2392
v -0.017691 1.803954 0.089029 0.2392 0.2392 0.2392
v 0.028840 1.752791 0.093660 0.2392 0.2392 0.2392
v 0.075371 1.701628 0.098290 0.2392 0.2392 0.2392
v 0.128029 1.654670 0.098290 0.2392 0.2392 0.2392
v 0.134157 1.658876 0.093660 0.2392 0.2392 0.2392
v 0.140285 1.663081 0.089029 0.2392 0.2392 0.2392
v 0.071217 1.695271 0.102921 0.2392 0.2392 0.2392
v 0.020533 1.740077 0.102921 0.2392 0.2392 0.2392
v -0.030151 1.784882 0.102921 0.2392 0.2392 0.2392
v 0.160716 1.615352 0.089029 0.2392 0.2392 0.2392
v 0.175019 1.563417 0.093660 0.2392 0.2392 0.2392
v 0.189323 1.511483 0.098290 0.2392 0.2392 0.2392
v 0.211851 1.459009 0.098290 0.2392 0.2392 0.2392
v 0.220076 1.458470 0.093660 0.2392 0.2392 0.2392
v 0.228301 1.457931 0.089029 0.2392 0.2392 0.2392
v 0.183195 1.507277 0.102921 0.2392 0.2392 0.2392
v 0.162764 1.555007 0.102921 0.2392 0.2392 0.2392
v 0.142333 1.602736 0.102921 0.2392 0.2392 0.2392
v 0.231936 1.314224 0.089029 0.2392 0.2392 0.2392
v 0.253265 1.216590 0.093660 0.2392 0.2392 0.2392
v 0.274594 1.118957 0.098290 0.2392 0.2392 0.2392
v 0.303795 1.020807 0.098290 0.2392 0.2392 0.2392
v 0.311668 1.020292 0.093660 0.2392 0.2392 0.2392
v 0.319540 1.019776 0.089029 0.2392 0.2392 0.2392
v 0.266634 1.119759 0.102921 0.2392 0.2392 0.2392
v 0.237346 1.218196 0.102921 0.2392 0.2392 0.2392
v 0.208057 1.316633 0.102921 0.2392 0.2392 0.2392
v 0.202647 1.412660 0.089029 0.2392 0.2392 0.2392
v 0.194688 1.413463 0.093660 0.2392 0.2392 0.2392
v 0.186728 1.414266 0.098290 0.2392 0.2392 0.2392
v 0.292993 0.942857 0.089029 0.2392 0.2392 0.2392
v 0.293970 0.969012 0.093660 0.2392 0.2392 0.2392
v 0.294946 0.995167 0.098290 0.2392 0.2392 0.2392
v 0.285025 0.917159 0.089029 0.2392 0.2392 0.2392
v 0.278033 0.917617 0.093660 0.2392 0.2392 0.2392
v 0.271042 0.918076 0.098290 0.2392 0.2392 0.2392
v 0.287955 0.995626 0.102921 0.2392 0.2392 0.2392
v 0.279987 0.969929 0.102921 0.2392 0.2392 0.2392
v 0.272019 0.944231 0.102921 0.2392 0.2392 0.2392
v -0.124639 1.092694 0.093375 0.2392 0.2392 0.2392
v -0.122427 1.154783 0.083829 0.2392 0.2392 0.2392
v -0.120216 1.216873 0.074283 0.2392 0.2392 0.2392
v -0.108039 1.092178 0.102921 0.2392 0.2392 0.2392
v -0.089229 1.153750 0.102921 0.2392 0.2392 0.2392
v -0.070418 1.215323 0.102921 0.2392 0.2392 0.2392
v -0.068207 1.277413 0.093375 0.2392 0.2392 0.2392
v -0.084807 1.277929 0.083829 0.2392 0.2392 0.2392
v -0.101406 1.278445 0.074283 0.2392 0.2392 0.2392
v -0.143533 1.030546 0.093375 0.2392 0.2392 0.2392
v -0.160216 1.030488 0.083829 0.2392 0.2392 0.2392
v -0.176899 1.030429 0.074283 0.2392 0.2392 0.2392
v -0.022367 0.884578 0.125338 0.2392 0.2392 0.2392
v -0.032336 0.887826 0.125338 0.2392 0.2392 0.2392
v -0.042306 0.891073 0.125338 0.2392 0.2392 0.2392
v -0.005987 0.905688 0.125338 0.2392 0.2392 0.2392
v 0.000423 0.930046 0.125338 0.2392 0.2392 0.2392
v 0.006834 0.954403 0.125338 0.2392 0.2392 0.2392
v -0.061427 0.909903 0.125338 0.2392 0.2392 0.2392
v -0.070579 0.925485 0.125338 0.2392 0.2392 0.2392
v -0.079731 0.941068 0.125338 0.2392 0.2392 0.2392
v -0.012287 0.973233 0.125338 0.2392 0.2392 0.2392
v -0.037819 0.967705 0.125338 0.2392 0.2392 0.2392
v -0.063351 0.962178 0.125338 0.2392 0.2392 0.2392
v -0.018530 0.834771 0.125338 0.2392 0.2392 0.2392
v -0.024662 0.788212 0.125338 0.2392 0.2392 0.2392
v -0.030793 0.741652 0.125338 0.2392 0.2392 0.2392
v 0.018409 0.961716 0.125338 0.2392 0.2392 0.2392
v 0.023573 0.944671 0.125338 0.2392 0.2392 0.2392
v 0.028737 0.927627 0.125338 0.2392 0.2392 0.2392
v -0.028082 0.694222 0.125338 0.2392 0.2392 0.2392
v -0.019239 0.693353 0.125338 0.2392 0.2392 0.2392
v -0.010396 0.692483 0.125338 0.2392 0.2392 0.2392
v 0.074297 0.909377 0.125338 0.2392 0.2392 0.2392
v 0.114692 0.908171 0.125338 0.2392 0.2392 0.2392
v 0.155088 0.906966 0.125338 0.2392 0.2392 0.2392
v -0.050995 0.640700 0.125338 0.2392 0.2392 0.2392
v -0.065065 0.586308 0.125338 0.2392 0.2392 0.2392
v -0.079135 0.531916 0.125338 0.2392 0.2392 0.2392
v -0.103085 0.476149 0.125338 0.2392 0.2392 0.2392
v -0.112965 0.474775 0.125338 0.2392 0.2392 0.2392
v -0.122846 0.473400 0.125338 0.2392 0.2392 0.2392
v 0.192664 0.889520 0.125338 0.2392 0.2392 0.2392
v 0.189845 0.873280 0.125338 0.2392 0.2392 0.2392
v 0.187026 0.857040 0.125338 0.2392 0.2392 0.2392
v -0.120009 0.460245 0.125338 0.2392 0.2392 0.2392
v -0.107291 0.448464 0.125338 0.2392 0.2392 0.2392
v -0.094573 0.436684 0.125338 0.2392 0.2392 0.2392
v 0.206267 0.860967 0.125338 0.2392 0.2392 0.2392
v 0.228328 0.881133 0.125338 0.2392 0.2392 0.2392
v 0.250388 0.901300 0.125338 0.2392 0.2392 0.2392
v 0.252770 0.892500 0.125338 0.2392 0.2392 0.2392
v 0.233092 0.863535 0.125338 0.2392 0.2392 0.2392
v 0.213414 0.834569 0.125338 0.2392 0.2392 0.2392
v 0.172484 0.669849 0.125338 0.2392 0.2392 0.2392
v 0.151231 0.534094 0.125338 0.2392 0.2392 0.2392
v 0.129979 0.398340 0.125338 0.2392 0.2392 0.2392
v 0.101939 0.297321 0.125338 0.2392 0.2392 0.2392
v 0.095151 0.332058 0.125338 0.2392 0.2392 0.2392
v 0.088364 0.366794 0.125338 0.2392 0.2392 0.2392
v 0.091697 0.288769 0.125338 0.2392 0.2392 0.2392
v 0.074668 0.314953 0.125338 0.2392 0.2392 0.2392
v 0.057640 0.341137 0.125338 0.2392 0.2392 0.2392
v -0.131497 0.447747 0.125338 0.2392 0.2392 0.2392
v -0.130267 0.423469 0.125338 0.2392 0.2392 0.2392
v -0.129038 0.399191 0.125338 0.2392 0.2392 0.2392
v -0.093344 0.412406 0.125338 0.2392 0.2392 0.2392
v -0.104832 0.399908 0.125338 0.2392 0.2392 0.2392
v -0.116320 0.387411 0.125338 0.2392 0.2392 0.2392
v -0.172917 0.357700 0.125338 0.2392 0.2392 0.2392
v -0.218027 0.340486 0.125338 0.2392 0.2392 0.2392
v -0.263136 0.323273 0.125338 0.2392 0.2392 0.2392
v -0.082597 0.410259 0.125338 0.2392 0.2392 0.2392
v -0.083338 0.395616 0.125338 0.2392 0.2392 0.2392
v -0.084078 0.380972 0.125338 0.2392 0.2392 0.2392
v 0.009254 0.367073 0.125338 0.2392 0.2392 0.2392
v -0.022104 0.366825 0.125338 0.2392 0.2392 0.2392
v -0.053461 0.366576 0.125338 0.2392 0.2392 0.2392
v -0.297039 0.287176 0.125338 0.2392 0.2392 0.2392
v -0.285833 0.268294 0.125338 0.2392 0.2392 0.2392
v -0.274627 0.249412 0.125338 0.2392 0.2392 0.2392
v 0.030013 0.350158 0.125338 0.2392 0.2392 0.2392
v 0.019414 0.332995 0.125338 0.2392 0.2392 0.2392
v 0.008816 0.315831 0.125338 0.2392 0.2392 0.2392
v 0.081099 0.271606 0.125338 0.2392 0.2392 0.2392
v 0.053472 0.280627 0.125338 0.2392 0.2392 0.2392
v 0.025845 0.289647 0.125338 0.2392 0.2392 0.2392
v 0.081432 0.258615 0.125338 0.2392 0.2392 0.2392
v 0.054138 0.254645 0.125338 0.2392 0.2392 0.2392
v 0.026843 0.250674 0.125338 0.2392 0.2392 0.2392
v -0.279700 0.218917 0.125338 0.2392 0.2392 0.2392
v -0.295979 0.207305 0.125338 0.2392 0.2392 0.2392
v -0.312258 0.195693 0.125338 0.2392 0.2392 0.2392
v -0.013670 0.197435 0.125338 0.2392 0.2392 0.2392
v -0.026888 0.148166 0.125338 0.2392 0.2392 0.2392
v -0.040107 0.098897 0.125338 0.2392 0.2392 0.2392
v -0.313170 0.185378 0.125338 0.2392 0.2392 0.2392
v -0.297804 0.186674 0.125338 0.2392 0.2392 0.2392
v -0.282438 0.187971 0.125338 0.2392 0.2392 0.2392
v -0.072049 0.060940 0.125338 0.2392 0.2392 0.2392
v -0.090773 0.072253 0.125338 0.2392 0.2392 0.2392
v -0.109496 0.083565 0.125338 0.2392 0.2392 0.2392
v -0.289609 0.161359 0.125338 0.2392 0.2392 0.2392
v -0.250682 0.138638 0.125338 0.2392 0.2392 0.2392
v -0.211755 0.115916 0.125338 0.2392 0.2392 0.2392
v -0.138421 0.078550 0.125338 0.2392 0.2392 0.2392
v -0.148621 0.062222 0.125338 0.2392 0.2392 0.2392
v -0.158821 0.045895 0.125338 0.2392 0.2392 0.2392
v -0.171876 0.077287 0.125338 0.2392 0.2392 0.2392
v -0.170924 0.061381 0.125338 0.2392 0.2392 0.2392
v -0.169973 0.045474 0.125338 0.2392 0.2392 0.2392
v 0.014281 0.986474 0.119216 0.2392 0.2392 0.2392
v 0.015316 0.994187 0.113094 0.2392 0.2392 0.2392
v 0.016352 1.001901 0.106972 0.2392 0.2392 0.2392
v 0.058119 0.968908 0.119216 0.2392 0.2392 0.2392
v 0.102993 0.959056 0.113094 0.2392 0.2392 0.2392
v 0.147867 0.949203 0.106972 0.2392 0.2392 0.2392
v 0.193427 0.930953 0.106972 0.2392 0.2392 0.2392
v 0.194112 0.922556 0.113094 0.2392 0.2392 0.2392
v 0.194798 0.914158 0.119216 0.2392 0.2392 0.2392
v 0.208043 0.941514 0.106972 0.2392 0.2392 0.2392
v 0.223346 0.943676 0.113094 0.2392 0.2392 0.2392
v 0.238648 0.945839 0.119216 0.2392 0.2392 0.2392
v 0.256913 0.958472 0.119216 0.2392 0.2392 0.2392
v 0.259876 0.968943 0.113094 0.2392 0.2392 0.2392
v 0.262838 0.979415 0.106972 0.2392 0.2392 0.2392
v 0.267188 0.944548 0.119216 0.2392 0.2392 0.2392
v 0.280425 0.941095 0.113094 0.2392 0.2392 0.2392
v 0.293662 0.937643 0.106972 0.2392 0.2392 0.2392
v 0.298287 0.931009 0.106972 0.2392 0.2392 0.2392
v 0.289674 0.927828 0.113094 0.2392 0.2392 0.2392
v 0.281061 0.924647 0.119216 0.2392 0.2392 0.2392
v 0.238371 0.753703 0.119216 0.2392 0.2392 0.2392
v 0.204294 0.585940 0.113094 0.2392 0.2392 0.2392
v 0.170217 0.418176 0.106972 0.2392 0.2392 0.2392
v 0.129286 0.253456 0.106972 0.2392 0.2392 0.2392
v 0.122433 0.256499 0.113094 0.2392 0.2392 0.2392
v 0.115580 0.259542 0.119216 0.2392 0.2392 0.2392
v 0.088774 0.200217 0.106972 0.2392 0.2392 0.2392
v 0.041408 0.150021 0.113094 0.2392 0.2392 0.2392
v -0.005959 0.099824 0.119216 0.2392 0.2392 0.2392
v -0.049216 0.042738 0.119216 0.2392 0.2392 0.2392
v -0.045106 0.035848 0.113094 0.2392 0.2392 0.2392
v -0.040997 0.028957 0.106972 0.2392 0.2392 0.2392
v -0.069921 0.023942 0.106972 0.2392 0.2392 0.2392
v -0.102954 0.025817 0.113094 0.2392 0.2392 0.2392
v -0.135988 0.027692 0.119216 0.2392 0.2392 0.2392
v -0.171476 0.021656 0.119216 0.2392 0.2392 0.2392
v -0.173931 0.013746 0.113094 0.2392 0.2392 0.2392
v -0.176385 0.005835 0.106972 0.2392 0.2392 0.2392
v -0.216264 0.044463 0.106972 0.2392 0.2392 0.2392
v -0.253688 0.091003 0.113094 0.2392 0.2392 0.2392
v -0.291113 0.137542 0.119216 0.2392 0.2392 0.2392
v -0.336467 0.181427 0.119216 0.2392 0.2392 0.2392
v -0.344398 0.178772 0.113094 0.2392 0.2392 0.2392
v -0.352328 0.176118 0.106972 0.2392 0.2392 0.2392
v -0.330346 0.218201 0.119216 0.2392 0.2392 0.2392
v -0.332155 0.252320 0.113094 0.2392 0.2392 0.2392
v -0.333964 0.286440 0.106972 0.2392 0.2392 0.2392
v -0.328891 0.316935 0.106972 0.2392 0.2392 0.2392
v -0.322009 0.313309 0.113094 0.2392 0.2392 0.2392
v -0.315127 0.309684 0.119216 0.2392 0.2392 0.2392
v -0.270561 0.351702 0.119216 0.2392 0.2392 0.2392
v -0.232877 0.397345 0.113094 0.2392 0.2392 0.2392
v -0.195194 0.442989 0.106972 0.2392 0.2392 0.2392
v -0.151314 0.484480 0.106972 0.2392 0.2392 0.2392
v -0.145118 0.480329 0.113094 0.2392 0.2392 0.2392
v -0.138922 0.476177 0.119216 0.2392 0.2392 0.2392
v -0.127364 0.540247 0.106972 0.2392 0.2392 0.2392
v -0.097218 0.591862 0.113094 0.2392 0.2392 0.2392
v -0.067071 0.643477 0.119216 0.2392 0.2392 0.2392
v -0.044297 0.696727 0.119216 0.2392 0.2392 0.2392
v -0.051670 0.698362 0.113094 0.2392 0.2392 0.2392
v -0.059042 0.699998 0.106972 0.2392 0.2392 0.2392
v -0.048173 0.741068 0.119216 0.2392 0.2392 0.2392
v -0.059422 0.787043 0.113094 0.2392 0.2392 0.2392
v -0.070670 0.833019 0.106972 0.2392 0.2392 0.2392
v -0.074507 0.882825 0.106972 0.2392 0.2392 0.2392
v -0.067097 0.886657 0.113094 0.2392 0.2392 0.2392
v -0.059686 0.890489 0.119216 0.2392 0.2392 0.2392
v -0.083659 0.898408 0.106972 0.2392 0.2392 0.2392
v -0.085400 0.917822 0.113094 0.2392 0.2392 0.2392
v -0.087142 0.937236 0.119216 0.2392 0.2392 0.2392
v -0.354889 0.164777 0.095726 0.2392 0.2392 0.2392
v -0.357446 0.157734 0.099463 0.2392 0.2392 0.2392
v -0.360002 0.150692 0.103201 0.2392 0.2392 0.2392
v -0.483607 0.153324 0.095726 0.2392 0.2392 0.2392
v -0.443258 0.150099 0.099463 0.2392 0.2392 0.2392
v -0.402908 0.146874 0.103201 0.2392 0.2392 0.2392
v -0.520460 0.149980 0.095726 0.2392 0.2392 0.2392
v -0.516963 0.143412 0.099463 0.2392 0.2392 0.2392
v -0.513467 0.136843 0.103201 0.2392 0.2392 0.2392
v -0.316467 0.127404 0.095726 0.2392 0.2392 0.2392
v -0.280600 0.082989 0.099463 0.2392 0.2392 0.2392
v -0.244734 0.038574 0.103201 0.2392 0.2392 0.2392
v -0.541443 0.103524 0.103201 0.2392 0.2392 0.2392
v -0.572915 0.076773 0.099463 0.2392 0.2392 0.2392
v -0.604388 0.050023 0.095726 0.2392 0.2392 0.2392
v -0.201530 -0.003446 0.103201 0.2392 0.2392 0.2392
v -0.194193 -0.001052 0.099464 0.2392 0.2392 0.2392
v -0.186857 0.001343 0.095726 0.2392 0.2392 0.2392
v -0.628935 0.020805 0.095726 0.2392 0.2392 0.2392
v -0.622009 0.018337 0.099464 0.2392 0.2392 0.2392
v -0.615083 0.015870 0.103201 0.2392 0.2392 0.2392
v -0.205702 -0.037165 0.103201 0.2392 0.2392 0.2392
v -0.202538 -0.068490 0.099464 0.2392 0.2392 0.2392
v -0.199373 -0.099814 0.095726 0.2392 0.2392 0.2392
v -0.629923 -0.018891 0.095726 0.2392 0.2392 0.2392
v -0.623986 -0.061054 0.099464 0.2392 0.2392 0.2392
v -0.618048 -0.103217 0.103201 0.2392 0.2392 0.2392
v -0.202894 -0.128397 0.095726 0.2392 0.2392 0.2392
v -0.209581 -0.125655 0.099464 0.2392 0.2392 0.2392
v -0.216267 -0.122913 0.103201 0.2392 0.2392 0.2392
v -0.619172 -0.148663 0.103201 0.2392 0.2392 0.2392
v -0.626233 -0.151945 0.099464 0.2392 0.2392 0.2392
v -0.633293 -0.155228 0.095726 0.2392 0.2392 0.2392
v -0.228433 -0.160434 0.095726 0.2392 0.2392 0.2392
v -0.260657 -0.189729 0.099464 0.2392 0.2392 0.2392
v -0.292882 -0.219024 0.103201 0.2392 0.2392 0.2392
v -0.579209 -0.180386 0.103201 0.2392 0.2392 0.2392
v -0.546307 -0.215392 0.099464 0.2392 0.2392 0.2392
v -0.513405 -0.250397 0.095726 0.2392 0.2392 0.2392
v -0.321566 -0.254891 0.103201 0.2392 0.2392 0.2392
v -0.318026 -0.261462 0.099464 0.2392 0.2392 0.2392
v -0.314487 -0.268034 0.095726 0.2392 0.2392 0.2392
v -0.363955 -0.257590 0.103201 0.2392 0.2392 0.2392
v -0.402804 -0.266861 0.099464 0.2392 0.2392 0.2392
v -0.441654 -0.276132 0.095726 0.2392 0.2392 0.2392
v -0.478271 -0.278339 0.095726 0.2392 0.2392 0.2392
v -0.476039 -0.271276 0.099464 0.2392 0.2392 0.2392
v -0.473807 -0.264212 0.103201 0.2392 0.2392 0.2392
v -0.280186 -0.089338 0.102943 0.2392 0.2392 0.2392
v -0.286168 -0.067633 0.098946 0.2392 0.2392 0.2392
v -0.292150 -0.045927 0.094950 0.2392 0.2392 0.2392
v -0.277018 -0.016084 0.102943 0.2392 0.2392 0.2392
v -0.284056 -0.018796 0.098946 0.2392 0.2392 0.2392
v -0.291094 -0.021509 0.094950 0.2392 0.2392 0.2392
v -0.281249 -0.108278 0.102943 0.2392 0.2392 0.2392
v -0.288293 -0.105513 0.098946 0.2392 0.2392 0.2392
v -0.295338 -0.102747 0.094950 0.2392 0.2392 0.2392
v -0.296209 0.002469 0.102943 0.2392 0.2392 0.2392
v -0.322439 0.018310 0.098946 0.2392 0.2392 0.2392
v -0.348668 0.034150 0.094949 0.2392 0.2392 0.2392
v -0.295651 -0.125201 0.102943 0.2392 0.2392 0.2392
v -0.317099 -0.139358 0.098946 0.2392 0.2392 0.2392
v -0.338547 -0.153516 0.094950 0.2392 0.2392 0.2392
v -0.372330 0.057023 0.094949 0.2392 0.2392 0.2392
v -0.369762 0.064056 0.098946 0.2392 0.2392 0.2392
v -0.367195 0.071088 0.102943 0.2392 0.2392 0.2392
v -0.356601 -0.174235 0.094950 0.2392 0.2392 0.2392
v -0.353208 -0.180796 0.098946 0.2392 0.2392 0.2392
v -0.349815 -0.187358 0.102943 0.2392 0.2392 0.2392
v -0.401219 0.054881 0.094949 0.2392 0.2392 0.2392
v -0.427540 0.059771 0.098946 0.2392 0.2392 0.2392
v -0.453862 0.064662 0.102943 0.2392 0.2392 0.2392
v -0.372849 -0.189014 0.102943 0.2392 0.2392 0.2392
v -0.399276 -0.184107 0.098946 0.2392 0.2392 0.2392
v -0.425704 -0.179201 0.094950 0.2392 0.2392 0.2392
v -0.476826 0.062702 0.102943 0.2392 0.2392 0.2392
v -0.473469 0.055853 0.098946 0.2392 0.2392 0.2392
v -0.470112 0.049003 0.094950 0.2392 0.2392 0.2392
v -0.454633 -0.181341 0.094950 0.2392 0.2392 0.2392
v -0.457134 -0.188387 0.098946 0.2392 0.2392 0.2392
v -0.459636 -0.195433 0.102943 0.2392 0.2392 0.2392
v -0.489099 0.027773 0.094950 0.2392 0.2392 0.2392
v -0.511442 0.013394 0.098946 0.2392 0.2392 0.2392
v -0.533786 -0.000986 0.102943 0.2392 0.2392 0.2392
v -0.477400 -0.160250 0.094950 0.2392 0.2392 0.2392
v -0.502670 -0.146205 0.098946 0.2392 0.2392 0.2392
v -0.527939 -0.132160 0.102943 0.2392 0.2392 0.2392
v -0.549020 -0.018136 0.102943 0.2392 0.2392 0.2392
v -0.541909 -0.020905 0.098946 0.2392 0.2392 0.2392
v -0.534799 -0.023675 0.094949 0.2392 0.2392 0.2392
v -0.546315 -0.115111 0.102943 0.2392 0.2392 0.2392
v -0.539423 -0.112107 0.098946 0.2392 0.2392 0.2392
v -0.532530 -0.109104 0.094950 0.2392 0.2392 0.2392
v -0.548507 -0.038049 0.102943 0.2392 0.2392 0.2392
v -0.540884 -0.060733 0.098946 0.2392 0.2392 0.2392
v -0.533260 -0.083417 0.094950 0.2392 0.2392 0.2392
v 0.132686 1.461314 0.102921 0.2392 0.2392 0.2392
v 0.129092 1.524364 0.102921 0.2392 0.2392 0.2392
v 0.125497 1.587415 0.102921 0.2392 0.2392 0.2392
v 0.153117 1.413585 0.102921 0.2392 0.2392 0.2392
v 0.169953 1.428906 0.102921 0.2392 0.2392 0.2392
v 0.186790 1.444227 0.102921 0.2392 0.2392 0.2392
v 0.197412 1.448428 0.102921 0.2392 0.2392 0.2392
v 0.191197 1.437309 0.102921 0.2392 0.2392 0.2392
v 0.184983 1.426189 0.102921 0.2392 0.2392 0.2392
v 0.146903 1.402465 0.102921 0.2392 0.2392 0.2392
v 0.157524 1.406667 0.102921 0.2392 0.2392 0.2392
v 0.168146 1.410868 0.102921 0.2392 0.2392 0.2392
v 0.191409 1.328671 0.102921 0.2392 0.2392 0.2392
v 0.204050 1.242272 0.102921 0.2392 0.2392 0.2392
v 0.216691 1.155874 0.102921 0.2392 0.2392 0.2392
v 0.245980 1.057437 0.102921 0.2392 0.2392 0.2392
v 0.262627 1.045399 0.102921 0.2392 0.2392 0.2392
v 0.279275 1.033361 0.102921 0.2392 0.2392 0.2392
v 0.222572 1.032752 0.102921 0.2392 0.2392 0.2392
v 0.215811 0.996029 0.102921 0.2392 0.2392 0.2392
v 0.209051 0.959305 0.102921 0.2392 0.2392 0.2392
v 0.272515 0.996638 0.102921 0.2392 0.2392 0.2392
v 0.249107 0.971952 0.102921 0.2392 0.2392 0.2392
v 0.225699 0.947267 0.102921 0.2392 0.2392 0.2392
v 0.282748 0.995967 0.102921 0.2392 0.2392 0.2392
v 0.269573 0.970611 0.102921 0.2392 0.2392 0.2392
v 0.256398 0.945255 0.102921 0.2392 0.2392 0.2392
v 0.212524 0.921911 0.102921 0.2392 0.2392 0.2392
v 0.222757 0.921241 0.102921 0.2392 0.2392 0.2392
v 0.232990 0.920570 0.102921 0.2392 0.2392 0.2392
v 0.248430 0.919558 0.102921 0.2392 0.2392 0.2392
v 0.253637 0.919217 0.102921 0.2392 0.2392 0.2392
v 0.258844 0.918875 0.102921 0.2392 0.2392 0.2392
v 0.066883 1.645709 0.102921 0.2392 0.2392 0.2392
v 0.011864 1.640954 0.102921 0.2392 0.2392 0.2392
v -0.043156 1.636198 0.102921 0.2392 0.2392 0.2392
v -0.093840 1.681003 0.102921 0.2392 0.2392 0.2392
v -0.089505 1.730565 0.102921 0.2392 0.2392 0.2392
v -0.085171 1.780126 0.102921 0.2392 0.2392 0.2392
v -0.115845 1.825071 0.102921 0.2392 0.2392 0.2392
v -0.150854 1.820455 0.102921 0.2392 0.2392 0.2392
v -0.185864 1.815839 0.102921 0.2392 0.2392 0.2392
v -0.253977 1.849116 0.102921 0.2392 0.2392 0.2392
v -0.287082 1.887010 0.102920 0.2392 0.2392 0.2392
v -0.320186 1.924905 0.102920 0.2392 0.2392 0.2392
v -0.290883 1.851825 0.098290 0.2392 0.2392 0.2392
v -0.360893 1.892429 0.093660 0.2392 0.2392 0.2392
v -0.430904 1.933033 0.089029 0.2392 0.2392 0.2392
v -0.009403 1.278455 0.102921 0.2392 0.2392 0.2392
v -0.023472 1.277936 0.102921 0.2392 0.2392 0.2392
v -0.037540 1.277416 0.102921 0.2392 0.2392 0.2392
v -0.103230 1.484286 0.102921 0.2392 0.2392 0.2392
v -0.086023 1.415156 0.102921 0.2392 0.2392 0.2392
v -0.068815 1.346026 0.102921 0.2392 0.2392 0.2392
v -0.051661 1.221585 0.102921 0.2392 0.2392 0.2392
v -0.051714 1.166274 0.102921 0.2392 0.2392 0.2392
v -0.051766 1.110963 0.102921 0.2392 0.2392 0.2392
v -0.009456 1.223144 0.102921 0.2392 0.2392 0.2392
v -0.023577 1.167314 0.102921 0.2392 0.2392 0.2392
v -0.037698 1.111483 0.102921 0.2392 0.2392 0.2392
v -0.070577 1.049390 0.102921 0.2392 0.2392 0.2392
v -0.089335 1.043128 0.102921 0.2392 0.2392 0.2392
v -0.108092 1.036867 0.102921 0.2392 0.2392 0.2392
v -0.114630 1.014531 0.102921 0.2392 0.2392 0.2392
v -0.102410 0.998457 0.102921 0.2392 0.2392 0.2392
v -0.090190 0.982384 0.102921 0.2392 0.2392 0.2392
v -0.058357 1.033317 0.102921 0.2392 0.2392 0.2392
v -0.064894 1.010981 0.102921 0.2392 0.2392 0.2392
v -0.071432 0.988646 0.102921 0.2392 0.2392 0.2392
v -0.069257 0.968333 0.102921 0.2392 0.2392 0.2392
v -0.060544 0.970356 0.102921 0.2392 0.2392 0.2392
v -0.051832 0.972378 0.102921 0.2392 0.2392 0.2392
v -0.086663 0.964286 0.102921 0.2392 0.2392 0.2392
v -0.095355 0.962261 0.102921 0.2392 0.2392 0.2392
v -0.104048 0.960237 0.102921 0.2392 0.2392 0.2392
v 0.016775 1.279333 0.100332 0.2392 0.2392 0.2392
v 0.028884 1.279691 0.097744 0.2392 0.2392 0.2392
v 0.040994 1.280050 0.095155 0.2392 0.2392 0.2392
v 0.002506 1.222651 0.100332 0.2392 0.2392 0.2392
v 0.000347 1.166326 0.097744 0.2392 0.2392 0.2392
v -0.001812 1.110002 0.095155 0.2392 0.2392 0.2392
v -0.002301 1.335036 0.100332 0.2392 0.2392 0.2392
v -0.009266 1.391098 0.097744 0.2392 0.2392 0.2392
v -0.016232 1.447159 0.095155 0.2392 0.2392 0.2392
v -0.041942 1.535275 0.095155 0.2392 0.2392 0.2392
v -0.060686 1.567331 0.097744 0.2392 0.2392 0.2392
v -0.079431 1.599386 0.100332 0.2392 0.2392 0.2392
v 0.016672 1.476981 0.095155 0.2392 0.2392 0.2392
v 0.056541 1.450742 0.097744 0.2392 0.2392 0.2392
v 0.096411 1.424503 0.100332 0.2392 0.2392 0.2392
v 0.125843 1.392037 0.100332 0.2392 0.2392 0.2392
v 0.115406 1.385810 0.097744 0.2392 0.2392 0.2392
v 0.104969 1.379583 0.095155 0.2392 0.2392 0.2392
v 0.128231 1.297386 0.095155 0.2392 0.2392 0.2392
v 0.161931 1.221416 0.097744 0.2392 0.2392 0.2392
v 0.195632 1.145445 0.100332 0.2392 0.2392 0.2392
v 0.217351 1.069108 0.100332 0.2392 0.2392 0.2392
v 0.205371 1.068742 0.097744 0.2392 0.2392 0.2392
v 0.193390 1.068376 0.095155 0.2392 0.2392 0.2392
v 0.186784 0.923598 0.086441 0.2392 0.2392 0.2392
v 0.177108 0.924232 0.088483 0.2392 0.2392 0.2392
v 0.167431 0.924867 0.090525 0.2392 0.2392 0.2392
v -0.015933 1.054171 0.095155 0.2392 0.2392 0.2392
v -0.027895 1.054664 0.097744 0.2392 0.2392 0.2392
v -0.039857 1.055158 0.100332 0.2392 0.2392 0.2392
v -0.011936 1.034319 0.090525 0.2392 0.2392 0.2392
v -0.019900 1.014961 0.088483 0.2392 0.2392 0.2392
v -0.027865 0.995602 0.086441 0.2392 0.2392 0.2392
v -0.022680 0.979409 0.086441 0.2392 0.2392 0.2392
v -0.009530 0.982574 0.088483 0.2392 0.2392 0.2392
v 0.003619 0.985740 0.090525 0.2392 0.2392 0.2392
v -0.201358 1.611133 0.093375 0.2392 0.2392 0.2392
v -0.216126 1.603457 0.083829 0.2392 0.2392 0.2392
v -0.230893 1.595782 0.074283 0.2392 0.2392 0.2392
v -0.209413 1.657471 0.093375 0.2392 0.2392 0.2392
v -0.232237 1.696133 0.083829 0.2392 0.2392 0.2392
v -0.255060 1.734796 0.074283 0.2392 0.2392 0.2392
v -0.263631 1.782899 0.074283 0.2392 0.2392 0.2392
v -0.249378 1.792340 0.083829 0.2392 0.2392 0.2392
v -0.235126 1.801781 0.093375 0.2392 0.2392 0.2392
v 0.208862 1.423780 0.089029 0.2392 0.2392 0.2392
v 0.207117 1.435703 0.093660 0.2392 0.2392 0.2392
v 0.205371 1.447625 0.098290 0.2392 0.2392 0.2392
v -0.163696 1.529451 0.074283 0.2392 0.2392 0.2392
v -0.149276 1.537440 0.083829 0.2392 0.2392 0.2392
v -0.134857 1.545428 0.093375 0.2392 0.2392 0.2392
v -0.146488 1.460321 0.074283 0.2392 0.2392 0.2392
v -0.114862 1.399180 0.083829 0.2392 0.2392 0.2392
v -0.083235 1.338038 0.093375 0.2392 0.2392 0.2392
v -0.180234 1.545799 0.074283 0.2392 0.2392 0.2392
v -0.182352 1.570136 0.083829 0.2392 0.2392 0.2392
v -0.184471 1.594472 0.093375 0.2392 0.2392 0.2392
v -0.333641 1.823503 0.069652 0.2392 0.2392 0.2392
v -0.389399 1.873547 0.074568 0.2392 0.2392 0.2392
v -0.445156 1.923592 0.079483 0.2392 0.2392 0.2392
v -0.451349 2.000728 0.055998 0.2392 0.2392 0.2392
v -0.412411 1.997184 0.051981 0.2392 0.2392 0.2392
v -0.476148 2.002985 0.055486 0.2392 0.2392 0.2392
v -0.529225 2.007816 0.059212 0.2392 0.2392 0.2392
v -0.476148 2.002985 0.058557 0.2392 0.2392 0.2392
v -0.412411 1.997184 0.056802 0.2392 0.2392 0.2392
v -0.401751 1.996214 0.053951 0.2392 0.2392 0.2392
v -0.451349 2.000728 0.064737 0.2392 0.2392 0.2392
v -0.529225 2.007816 0.064737 0.2392 0.2392 0.2392
v -0.476148 2.002985 0.066272 0.2392 0.2392 0.2392
v -0.412411 1.997184 0.067147 0.2392 0.2392 0.2392
v -0.401751 1.996214 0.064737 0.2392 0.2392 0.2392
v -0.412411 1.997184 0.062326 0.2392 0.2392 0.2392
v -0.476148 2.002985 0.063202 0.2392 0.2392 0.2392
v -0.451349 2.000728 0.073476 0.2392 0.2392 0.2392
v -0.529225 2.007816 0.070262 0.2392 0.2392 0.2392
v -0.476148 2.002985 0.073987 0.2392 0.2392 0.2392
v -0.412411 1.997184 0.077493 0.2392 0.2392 0.2392
v -0.401751 1.996214 0.075522 0.2392 0.2392 0.2392
v -0.412411 1.997184 0.072672 0.2392 0.2392 0.2392
v -0.476148 2.002985 0.070917 0.2392 0.2392 0.2392
v 0.076201 1.729897 0.049444 0.2392 0.2392 0.2392
v 0.102023 1.706870 0.047837 0.2392 0.2392 0.2392
v 0.059755 1.744562 0.047397 0.2392 0.2392 0.2392
v 0.024555 1.775951 0.047837 0.2392 0.2392 0.2392
v 0.059755 1.744562 0.050468 0.2392 0.2392 0.2392
v 0.102023 1.706870 0.052658 0.2392 0.2392 0.2392
v 0.109093 1.700566 0.050468 0.2392 0.2392 0.2392
v 0.005989 1.792507 0.053814 0.2392 0.2392 0.2392
v -0.019833 1.815534 0.055421 0.2392 0.2392 0.2392
v 0.022435 1.777842 0.055860 0.2392 0.2392 0.2392
v 0.057635 1.746453 0.055421 0.2392 0.2392 0.2392
v 0.022435 1.777842 0.052790 0.2392 0.2392 0.2392
v -0.019833 1.815534 0.050600 0.2392 0.2392 0.2392
v -0.026902 1.821838 0.052790 0.2392 0.2392 0.2392
v 0.076201 1.729897 0.062552 0.2392 0.2392 0.2392
v 0.102023 1.706870 0.060945 0.2392 0.2392 0.2392
v 0.059755 1.744562 0.060505 0.2392 0.2392 0.2392
v 0.024555 1.775951 0.060945 0.2392 0.2392 0.2392
v 0.059755 1.744562 0.063576 0.2392 0.2392 0.2392
v 0.102023 1.706870 0.065766 0.2392 0.2392 0.2392
v 0.109093 1.700566 0.063576 0.2392 0.2392 0.2392
v -0.157974 1.900442 0.049444 0.2392 0.2392 0.2392
v -0.123493 1.883772 0.047837 0.2392 0.2392 0.2392
v -0.179934 1.911059 0.047397 0.2392 0.2392 0.2392
v -0.226935 1.933782 0.047837 0.2392 0.2392 0.2392
v -0.179934 1.911059 0.050468 0.2392 0.2392 0.2392
v -0.123493 1.883772 0.052658 0.2392 0.2392 0.2392
v -0.114054 1.879209 0.050468 0.2392 0.2392 0.2392
v -0.251725 1.945767 0.053814 0.2392 0.2392 0.2392
v -0.286206 1.962437 0.055421 0.2392 0.2392 0.2392
v -0.229765 1.935150 0.055860 0.2392 0.2392 0.2392
v -0.182764 1.912427 0.055420 0.2392 0.2392 0.2392
v -0.229765 1.935150 0.052790 0.2392 0.2392 0.2392
v -0.286206 1.962437 0.050600 0.2392 0.2392 0.2392
v -0.295645 1.967000 0.052790 0.2392 0.2392 0.2392
v 0.005989 1.792507 0.066922 0.2392 0.2392 0.2392
v -0.019833 1.815534 0.068529 0.2392 0.2392 0.2392
v 0.022435 1.777842 0.068968 0.2392 0.2392 0.2392
v 0.057635 1.746453 0.068529 0.2392 0.2392 0.2392
v 0.022435 1.777842 0.065898 0.2392 0.2392 0.2392
v -0.019833 1.815534 0.063708 0.2392 0.2392 0.2392
v -0.026902 1.821838 0.065898 0.2392 0.2392 0.2392
v -0.157974 1.900442 0.062552 0.2392 0.2392 0.2392
v -0.123493 1.883772 0.060945 0.2392 0.2392 0.2392
v -0.179934 1.911059 0.060505 0.2392 0.2392 0.2392
v -0.226935 1.933782 0.060945 0.2392 0.2392 0.2392
v -0.179934 1.911059 0.063576 0.2392 0.2392 0.2392
v -0.123493 1.883772 0.065766 0.2392 0.2392 0.2392
v -0.114054 1.879209 0.063576 0.2392 0.2392 0.2392
v 0.076201 1.729897 0.075660 0.2392 0.2392 0.2392
v 0.102023 1.706870 0.074053 0.2392 0.2392 0.2392
v 0.059755 1.744562 0.073613 0.2392 0.2392 0.2392
v 0.024555 1.775951 0.074053 0.2392 0.2392 0.2392
v 0.059755 1.744562 0.076684 0.2392 0.2392 0.2392
v 0.102023 1.706870 0.078874 0.2392 0.2392 0.2392
v 0.109093 1.700566 0.076684 0.2392 0.2392 0.2392
v -0.251725 1.945767 0.066922 0.2392 0.2392 0.2392
v -0.286206 1.962437 0.068528 0.2392 0.2392 0.2392
v -0.229765 1.935150 0.068968 0.2392 0.2392 0.2392
v -0.182764 1.912427 0.068528 0.2392 0.2392 0.2392
v -0.229765 1.935150 0.065898 0.2392 0.2392 0.2392
v -0.286206 1.962437 0.063708 0.2392 0.2392 0.2392
v -0.295645 1.967000 0.065898 0.2392 0.2392 0.2392
v 0.005989 1.792507 0.080030 0.2392 0.2392 0.2392
v -0.019833 1.815534 0.081637 0.2392 0.2392 0.2392
v 0.022435 1.777842 0.082076 0.2392 0.2392 0.2392
v 0.057635 1.746453 0.081637 0.2392 0.2392 0.2392
v 0.022435 1.777842 0.079006 0.2392 0.2392 0.2392
v -0.019833 1.815534 0.076816 0.2392 0.2392 0.2392
v -0.026902 1.821838 0.079006 0.2392 0.2392 0.2392
v -0.157974 1.900442 0.075660 0.2392 0.2392 0.2392
v -0.123493 1.883772 0.074053 0.2392 0.2392 0.2392
v -0.179934 1.911059 0.073613 0.2392 0.2392 0.2392
v -0.226935 1.933782 0.074053 0.2392 0.2392 0.2392
v -0.179934 1.911059 0.076684 0.2392 0.2392 0.2392
v -0.123493 1.883772 0.078874 0.2392 0.2392 0.2392
v -0.114054 1.879209 0.076684 0.2392 0.2392 0.2392
v -0.251725 1.945767 0.080030 0.2392 0.2392 0.2392
v -0.286206 1.962437 0.081637 0.2392 0.2392 0.2392
v -0.229765 1.935150 0.082076 0.2392 0.2392 0.2392
v -0.182764 1.912427 0.081637 0.2392 0.2392 0.2392
v -0.229765 1.935150 0.079006 0.2392 0.2392 0.2392
v -0.286206 1.962437 0.076816 0.2392 0.2392 0.2392
v -0.295645 1.967000 0.079006 0.2392 0.2392 0.2392
v -0.501135 -0.128832 0.073476 0.2392 0.2392 0.2392
v -0.510146 -0.120471 0.079904 0.2392 0.2392 0.2392
v -0.495396 -0.134156 0.081663 0.2392 0.2392 0.2392
v -0.483112 -0.145552 0.079904 0.2392 0.2392 0.2392
v -0.495396 -0.134156 0.069382 0.2392 0.2392 0.2392
v -0.510146 -0.120471 0.060620 0.2392 0.2392 0.2392
v -0.512614 -0.118183 0.069382 0.2392 0.2392 0.2392
v -0.476633 -0.151563 0.055998 0.2392 0.2392 0.2392
v -0.467622 -0.159924 0.068854 0.2392 0.2392 0.2392
v -0.465155 -0.162212 0.060092 0.2392 0.2392 0.2392
v -0.467622 -0.159924 0.049570 0.2392 0.2392 0.2392
v -0.482372 -0.146239 0.047811 0.2392 0.2392 0.2392
v -0.494656 -0.134843 0.049570 0.2392 0.2392 0.2392
v -0.482372 -0.146239 0.060092 0.2392 0.2392 0.2392
v -0.421419 -0.172088 0.073476 0.2392 0.2392 0.2392
v -0.432714 -0.172899 0.079904 0.2392 0.2392 0.2392
v -0.414225 -0.171571 0.081663 0.2392 0.2392 0.2392
v -0.398828 -0.170464 0.079904 0.2392 0.2392 0.2392
v -0.414225 -0.171571 0.069382 0.2392 0.2392 0.2392
v -0.432714 -0.172899 0.060620 0.2392 0.2392 0.2392
v -0.435806 -0.173122 0.069382 0.2392 0.2392 0.2392
v -0.390706 -0.169880 0.055998 0.2392 0.2392 0.2392
v -0.379411 -0.169069 0.049570 0.2392 0.2392 0.2392
v -0.397900 -0.170397 0.047811 0.2392 0.2392 0.2392
v -0.413297 -0.171504 0.049570 0.2392 0.2392 0.2392
v -0.397900 -0.170397 0.060092 0.2392 0.2392 0.2392
v -0.379411 -0.169069 0.068854 0.2392 0.2392 0.2392
v -0.376319 -0.168846 0.060092 0.2392 0.2392 0.2392
v -0.189420 0.143461 0.073975 0.2392 0.2392 0.2392
v -0.208827 0.162256 0.080771 0.2392 0.2392 0.2392
v -0.195600 0.149446 0.082632 0.2392 0.2392 0.2392
v -0.179716 0.134064 0.080771 0.2392 0.2392 0.2392
v -0.177060 0.131491 0.069647 0.2392 0.2392 0.2392
v -0.179716 0.134064 0.060384 0.2392 0.2392 0.2392
v -0.195600 0.149446 0.069647 0.2392 0.2392 0.2392
v -0.155322 0.118553 0.055498 0.2392 0.2392 0.2392
v -0.158159 0.118317 0.069089 0.2392 0.2392 0.2392
v -0.153515 0.118704 0.059826 0.2392 0.2392 0.2392
v -0.149648 0.119027 0.048702 0.2392 0.2392 0.2392
v -0.153515 0.118704 0.046841 0.2392 0.2392 0.2392
v -0.158159 0.118317 0.048702 0.2392 0.2392 0.2392
v -0.158936 0.118252 0.059826 0.2392 0.2392 0.2392
v -0.215804 0.169013 0.055498 0.2392 0.2392 0.2392
v -0.225508 0.178410 0.069089 0.2392 0.2392 0.2392
v -0.209624 0.163028 0.059826 0.2392 0.2392 0.2392
v -0.196397 0.150218 0.048702 0.2392 0.2392 0.2392
v -0.209624 0.163028 0.046841 0.2392 0.2392 0.2392
v -0.225508 0.178410 0.048702 0.2392 0.2392 0.2392
v -0.228164 0.180983 0.059826 0.2392 0.2392 0.2392
v -0.147608 0.119197 0.073975 0.2392 0.2392 0.2392
v -0.144771 0.119433 0.060384 0.2392 0.2392 0.2392
v -0.149415 0.119046 0.069647 0.2392 0.2392 0.2392
v -0.153282 0.118723 0.080771 0.2392 0.2392 0.2392
v -0.149415 0.119046 0.082632 0.2392 0.2392 0.2392
v -0.144771 0.119433 0.080771 0.2392 0.2392 0.2392
v -0.143994 0.119498 0.069647 0.2392 0.2392 0.2392
v 0.241448 0.973041 0.052699 0.2392 0.2392 0.2392
v 0.250405 0.979237 0.070408 0.2392 0.2392 0.2392
v 0.252856 0.980932 0.058339 0.2392 0.2392 0.2392
v 0.250404 0.979236 0.043845 0.2392 0.2392 0.2392
v 0.235743 0.969095 0.041421 0.2392 0.2392 0.2392
v 0.223534 0.960650 0.043845 0.2392 0.2392 0.2392
v 0.235743 0.969095 0.058339 0.2392 0.2392 0.2392
v 0.217094 0.956196 0.076775 0.2392 0.2392 0.2392
v 0.208138 0.950001 0.085629 0.2392 0.2392 0.2392
v 0.222799 0.960142 0.088053 0.2392 0.2392 0.2392
v 0.235008 0.968587 0.085629 0.2392 0.2392 0.2392
v 0.222799 0.960142 0.071135 0.2392 0.2392 0.2392
v 0.208138 0.950001 0.059065 0.2392 0.2392 0.2392
v 0.205686 0.948305 0.071135 0.2392 0.2392 0.2392
v 0.134290 0.962772 0.052699 0.2392 0.2392 0.2392
v 0.155787 0.954158 0.043845 0.2392 0.2392 0.2392
v 0.120599 0.968258 0.041421 0.2392 0.2392 0.2392
v 0.091295 0.980000 0.043845 0.2392 0.2392 0.2392
v 0.120599 0.968258 0.058339 0.2392 0.2392 0.2392
v 0.155787 0.954158 0.070408 0.2392 0.2392 0.2392
v 0.161672 0.951800 0.058339 0.2392 0.2392 0.2392
v 0.075839 0.986194 0.076775 0.2392 0.2392 0.2392
v 0.054342 0.994808 0.085629 0.2392 0.2392 0.2392
v 0.089530 0.980708 0.088053 0.2392 0.2392 0.2392
v 0.118834 0.968966 0.085629 0.2392 0.2392 0.2392
v 0.089530 0.980708 0.071135 0.2392 0.2392 0.2392
v 0.054342 0.994808 0.059065 0.2392 0.2392 0.2392
v 0.048457 0.997166 0.071135 0.2392 0.2392 0.2392
v -0.043574 0.998241 0.064737 0.2392 0.2392 0.2392
v -0.088416 0.989875 0.064737 0.2392 0.2392 0.2392
v -0.057853 0.995577 0.073196 0.2392 0.2392 0.2392
v -0.021153 1.002424 0.078019 0.2392 0.2392 0.2392
v -0.015015 1.003569 0.064737 0.2392 0.2392 0.2392
v -0.021153 1.002424 0.051455 0.2392 0.2392 0.2392
v -0.057853 0.995577 0.056278 0.2392 0.2392 0.2392
v -0.158586 0.110315 0.026059 0.2392 0.2392 0.2392
v -0.151711 0.113818 0.030090 0.2392 0.2392 0.2392
v -0.157543 0.108536 0.023491 0.2392 0.2392 0.2392
v -0.163823 0.104018 0.017996 0.2392 0.2392 0.2392
v -0.162964 0.108084 0.023491 0.2392 0.2392 0.2392
v -0.160222 0.113108 0.030090 0.2392 0.2392 0.2392
v -0.155250 0.114325 0.031194 0.2392 0.2392 0.2392
v -0.192684 0.135223 0.026059 0.2392 0.2392 0.2392
v -0.210891 0.157048 0.030090 0.2392 0.2392 0.2392
v -0.197335 0.145067 0.031194 0.2392 0.2392 0.2392
v -0.181780 0.128855 0.030090 0.2392 0.2392 0.2392
v -0.181088 0.121323 0.023491 0.2392 0.2392 0.2392
v -0.185381 0.119765 0.017996 0.2392 0.2392 0.2392
v -0.199628 0.139278 0.023491 0.2392 0.2392 0.2392
v -0.146980 0.102637 0.015097 0.2392 0.2392 0.2392
v -0.156486 0.099164 0.011066 0.2392 0.2392 0.2392
v -0.151375 0.104455 0.017665 0.2392 0.2392 0.2392
v -0.144374 0.108964 0.023160 0.2392 0.2392 0.2392
v -0.140926 0.104849 0.017665 0.2392 0.2392 0.2392
v -0.140081 0.099783 0.011066 0.2392 0.2392 0.2392
v -0.148640 0.098607 0.009962 0.2392 0.2392 0.2392
v -0.227362 0.159008 0.015097 0.2392 0.2392 0.2392
v -0.207305 0.134803 0.011066 0.2392 0.2392 0.2392
v -0.223889 0.150680 0.009962 0.2392 0.2392 0.2392
v -0.241966 0.170137 0.011066 0.2392 0.2392 0.2392
v -0.240136 0.174424 0.017665 0.2392 0.2392 0.2392
v -0.232815 0.172085 0.023160 0.2392 0.2392 0.2392
v -0.218061 0.151921 0.017665 0.2392 0.2392 0.2392
v -0.146980 0.102637 0.114376 0.2392 0.2392 0.2392
v -0.144374 0.108964 0.106313 0.2392 0.2392 0.2392
v -0.151375 0.104455 0.111809 0.2392 0.2392 0.2392
v -0.156486 0.099164 0.118408 0.2392 0.2392 0.2392
v -0.148640 0.098607 0.119512 0.2392 0.2392 0.2392
v -0.140081 0.099783 0.118408 0.2392 0.2392 0.2392
v -0.140926 0.104849 0.111809 0.2392 0.2392 0.2392
v -0.158586 0.110315 0.103415 0.2392 0.2392 0.2392
v -0.163823 0.104018 0.111478 0.2392 0.2392 0.2392
v -0.157543 0.108536 0.105982 0.2392 0.2392 0.2392
v -0.151711 0.113818 0.099383 0.2392 0.2392 0.2392
v -0.155250 0.114325 0.098279 0.2392 0.2392 0.2392
v -0.160222 0.113108 0.099383 0.2392 0.2392 0.2392
v -0.162964 0.108084 0.105982 0.2392 0.2392 0.2392
v -0.192684 0.135223 0.103415 0.2392 0.2392 0.2392
v -0.210891 0.157048 0.099383 0.2392 0.2392 0.2392
v -0.199628 0.139278 0.105982 0.2392 0.2392 0.2392
v -0.185381 0.119765 0.111478 0.2392 0.2392 0.2392
v -0.181088 0.121323 0.105982 0.2392 0.2392 0.2392
v -0.181780 0.128855 0.099383 0.2392 0.2392 0.2392
v -0.197335 0.145067 0.098279 0.2392 0.2392 0.2392
v -0.227362 0.159008 0.114376 0.2392 0.2392 0.2392
v -0.207305 0.134803 0.118408 0.2392 0.2392 0.2392
v -0.218061 0.151921 0.111809 0.2392 0.2392 0.2392
v -0.232815 0.172085 0.106313 0.2392 0.2392 0.2392
v -0.240136 0.174424 0.111809 0.2392 0.2392 0.2392
v -0.241966 0.170137 0.118408 0.2392 0.2392 0.2392
v -0.223889 0.150680 0.119512 0.2392 0.2392 0.2392
v 0.053228 0.386858 0.015098 0.2392 0.2392 0.2392
v 0.047442 0.388647 0.023161 0.2392 0.2392 0.2392
v 0.056183 0.391434 0.017665 0.2392 0.2392 0.2392
v 0.063654 0.392254 0.011066 0.2392 0.2392 0.2392
v 0.056913 0.385718 0.009962 0.2392 0.2392 0.2392
v 0.048588 0.379672 0.011066 0.2392 0.2392 0.2392
v 0.046588 0.383421 0.017665 0.2392 0.2392 0.2392
v -0.034564 0.411053 0.015097 0.2392 0.2392 0.2392
v -0.044818 0.422043 0.023160 0.2392 0.2392 0.2392
v -0.023486 0.407809 0.017665 0.2392 0.2392 0.2392
v -0.006915 0.394969 0.011066 0.2392 0.2392 0.2392
v -0.028033 0.404054 0.009962 0.2392 0.2392 0.2392
v -0.051957 0.416147 0.011066 0.2392 0.2392 0.2392
v -0.052172 0.421297 0.017665 0.2392 0.2392 0.2392
v 0.005221 0.399993 0.026059 0.2392 0.2392 0.2392
v 0.018237 0.387976 0.017996 0.2392 0.2392 0.2392
v -0.002340 0.401930 0.023491 0.2392 0.2392 0.2392
v -0.019666 0.415051 0.030090 0.2392 0.2392 0.2392
v -0.003069 0.407646 0.031194 0.2392 0.2392 0.2392
v 0.017091 0.396951 0.030091 0.2392 0.2392 0.2392
v 0.021071 0.390403 0.023492 0.2392 0.2392 0.2392
v 0.053228 0.386858 0.114376 0.2392 0.2392 0.2392
v 0.048588 0.379672 0.118408 0.2392 0.2392 0.2392
v 0.056913 0.385718 0.119512 0.2392 0.2392 0.2392
v 0.063654 0.392254 0.118408 0.2392 0.2392 0.2392
v 0.056183 0.391434 0.111809 0.2392 0.2392 0.2392
v 0.047442 0.388647 0.106313 0.2392 0.2392 0.2392
v 0.046588 0.383421 0.111809 0.2392 0.2392 0.2392
v 0.005221 0.399993 0.103415 0.2392 0.2392 0.2392
v -0.019666 0.415051 0.099383 0.2392 0.2392 0.2392
v -0.002340 0.401930 0.105982 0.2392 0.2392 0.2392
v 0.018237 0.387976 0.111478 0.2392 0.2392 0.2392
v 0.021071 0.390403 0.105982 0.2392 0.2392 0.2392
v 0.017091 0.396951 0.099383 0.2392 0.2392 0.2392
v -0.003069 0.407646 0.098279 0.2392 0.2392 0.2392
v -0.034564 0.411053 0.114376 0.2392 0.2392 0.2392
v -0.051957 0.416147 0.118408 0.2392 0.2392 0.2392
v -0.028033 0.404054 0.119512 0.2392 0.2392 0.2392
v -0.006915 0.394969 0.118408 0.2392 0.2392 0.2392
v -0.023486 0.407809 0.111809 0.2392 0.2392 0.2392
v -0.044818 0.422043 0.106313 0.2392 0.2392 0.2392
v -0.052172 0.421297 0.111809 0.2392 0.2392 0.2392
v -0.078998 0.980586 0.096975 0.2392 0.2392 0.2392
v -0.082633 0.971783 0.107406 0.2392 0.2392 0.2392
v -0.058736 0.981779 0.104526 0.2392 0.2392 0.2392
v -0.043548 0.991262 0.098400 0.2392 0.2392 0.2392
v -0.076682 0.986193 0.090331 0.2392 0.2392 0.2392
v -0.110811 0.978713 0.085118 0.2392 0.2392 0.2392
v -0.101575 0.973786 0.096067 0.2392 0.2392 0.2392
v -0.078998 0.980586 0.032499 0.2392 0.2392 0.2392
v -0.043548 0.991262 0.031074 0.2392 0.2392 0.2392
v -0.058736 0.981779 0.024948 0.2392 0.2392 0.2392
v -0.082633 0.971783 0.022067 0.2392 0.2392 0.2392
v -0.101575 0.973786 0.033407 0.2392 0.2392 0.2392
v -0.110811 0.978713 0.044356 0.2392 0.2392 0.2392
v -0.076682 0.986193 0.039143 0.2392 0.2392 0.2392
v -0.029132 0.424531 0.073975 0.2392 0.2392 0.2392
v -0.004627 0.412464 0.080771 0.2392 0.2392 0.2392
v -0.021328 0.420688 0.069647 0.2392 0.2392 0.2392
v -0.041384 0.430564 0.060384 0.2392 0.2392 0.2392
v -0.044738 0.432216 0.069647 0.2392 0.2392 0.2392
v -0.041384 0.430564 0.080771 0.2392 0.2392 0.2392
v -0.021328 0.420688 0.082632 0.2392 0.2392 0.2392
v 0.004183 0.408126 0.055498 0.2392 0.2392 0.2392
v -0.020322 0.420193 0.048702 0.2392 0.2392 0.2392
v -0.003621 0.411969 0.059826 0.2392 0.2392 0.2392
v 0.016435 0.402093 0.069090 0.2392 0.2392 0.2392
v 0.019789 0.400441 0.059826 0.2392 0.2392 0.2392
v 0.016435 0.402093 0.048702 0.2392 0.2392 0.2392
v -0.003621 0.411969 0.046842 0.2392 0.2392 0.2392
v -0.237124 0.059764 0.073820 0.2392 0.2392 0.2392
v -0.279496 0.100976 0.080502 0.2392 0.2392 0.2392
v -0.250617 0.072888 0.082331 0.2392 0.2392 0.2392
v -0.215938 0.039158 0.080502 0.2392 0.2392 0.2392
v -0.210138 0.033517 0.069565 0.2392 0.2392 0.2392
v -0.215938 0.039158 0.060457 0.2392 0.2392 0.2392
v -0.250617 0.072888 0.069565 0.2392 0.2392 0.2392
v -0.294729 0.115792 0.055653 0.2392 0.2392 0.2392
v -0.315915 0.136398 0.069016 0.2392 0.2392 0.2392
v -0.281236 0.102668 0.059908 0.2392 0.2392 0.2392
v -0.252357 0.074580 0.048971 0.2392 0.2392 0.2392
v -0.281236 0.102668 0.047142 0.2392 0.2392 0.2392
v -0.315915 0.136398 0.048971 0.2392 0.2392 0.2392
v -0.321715 0.142039 0.059908 0.2392 0.2392 0.2392
v -0.409541 0.166729 0.073820 0.2392 0.2392 0.2392
v -0.451622 0.162985 0.080502 0.2392 0.2392 0.2392
v -0.422941 0.165537 0.082331 0.2392 0.2392 0.2392
v -0.388501 0.168601 0.080502 0.2392 0.2392 0.2392
v -0.382741 0.169114 0.069565 0.2392 0.2392 0.2392
v -0.388501 0.168601 0.060457 0.2392 0.2392 0.2392
v -0.422941 0.165537 0.069565 0.2392 0.2392 0.2392
v -0.466749 0.161639 0.055653 0.2392 0.2392 0.2392
v -0.487789 0.159767 0.069016 0.2392 0.2392 0.2392
v -0.453349 0.162831 0.059908 0.2392 0.2392 0.2392
v -0.424668 0.165383 0.048971 0.2392 0.2392 0.2392
v -0.453349 0.162831 0.047142 0.2392 0.2392 0.2392
v -0.487789 0.159767 0.048971 0.2392 0.2392 0.2392
v -0.493549 0.159254 0.059908 0.2392 0.2392 0.2392
v 0.315613 0.985074 0.080030 0.2392 0.2392 0.2392
v 0.306935 0.959927 0.081637 0.2392 0.2392 0.2392
v 0.312850 0.977066 0.079006 0.2392 0.2392 0.2392
v 0.319953 0.997647 0.076816 0.2392 0.2392 0.2392
v 0.321141 1.001089 0.079006 0.2392 0.2392 0.2392
v 0.319953 0.997647 0.081637 0.2392 0.2392 0.2392
v 0.312850 0.977066 0.082076 0.2392 0.2392 0.2392
v 0.303815 0.950887 0.075660 0.2392 0.2392 0.2392
v 0.312494 0.976034 0.074053 0.2392 0.2392 0.2392
v 0.306578 0.958895 0.076684 0.2392 0.2392 0.2392
v 0.299475 0.938314 0.078874 0.2392 0.2392 0.2392
v 0.298287 0.934872 0.076684 0.2392 0.2392 0.2392
v 0.299475 0.938314 0.074053 0.2392 0.2392 0.2392
v 0.306578 0.958895 0.073613 0.2392 0.2392 0.2392
v 0.288477 1.150126 0.075660 0.2392 0.2392 0.2392
v 0.259838 1.246387 0.074053 0.2392 0.2392 0.2392
v 0.279357 1.180779 0.076684 0.2392 0.2392 0.2392
v 0.302797 1.101995 0.078874 0.2392 0.2392 0.2392
v 0.306717 1.088819 0.076684 0.2392 0.2392 0.2392
v 0.302797 1.101995 0.074053 0.2392 0.2392 0.2392
v 0.279357 1.180779 0.073613 0.2392 0.2392 0.2392
v 0.249542 1.280991 0.080030 0.2392 0.2392 0.2392
v 0.278181 1.184730 0.081637 0.2392 0.2392 0.2392
v 0.258662 1.250338 0.079006 0.2392 0.2392 0.2392
v 0.235222 1.329122 0.076816 0.2392 0.2392 0.2392
v 0.231302 1.342298 0.079006 0.2392 0.2392 0.2392
v 0.235222 1.329122 0.081637 0.2392 0.2392 0.2392
v 0.258662 1.250338 0.082076 0.2392 0.2392 0.2392
v 0.315613 0.985074 0.066922 0.2392 0.2392 0.2392
v 0.306935 0.959927 0.068529 0.2392 0.2392 0.2392
v 0.312850 0.977066 0.065898 0.2392 0.2392 0.2392
v 0.319953 0.997647 0.063708 0.2392 0.2392 0.2392
v 0.321141 1.001089 0.065898 0.2392 0.2392 0.2392
v 0.319953 0.997647 0.068529 0.2392 0.2392 0.2392
v 0.312850 0.977066 0.068968 0.2392 0.2392 0.2392
v 0.303815 0.950887 0.062552 0.2392 0.2392 0.2392
v 0.312494 0.976034 0.060945 0.2392 0.2392 0.2392
v 0.306578 0.958895 0.063576 0.2392 0.2392 0.2392
v 0.299475 0.938314 0.065766 0.2392 0.2392 0.2392
v 0.298287 0.934872 0.063576 0.2392 0.2392 0.2392
v 0.299475 0.938314 0.060945 0.2392 0.2392 0.2392
v 0.306578 0.958895 0.060505 0.2392 0.2392 0.2392
v 0.315613 0.985074 0.053814 0.2392 0.2392 0.2392
v 0.306935 0.959927 0.055421 0.2392 0.2392 0.2392
v 0.312850 0.977066 0.052790 0.2392 0.2392 0.2392
v 0.319953 0.997647 0.050600 0.2392 0.2392 0.2392
v 0.321141 1.001089 0.052790 0.2392 0.2392 0.2392
v 0.319953 0.997647 0.055421 0.2392 0.2392 0.2392
v 0.312850 0.977066 0.055860 0.2392 0.2392 0.2392
v 0.303815 0.950887 0.049444 0.2392 0.2392 0.2392
v 0.312494 0.976034 0.047837 0.2392 0.2392 0.2392
v 0.306578 0.958895 0.050468 0.2392 0.2392 0.2392
v 0.299475 0.938314 0.052658 0.2392 0.2392 0.2392
v 0.298287 0.934872 0.050468 0.2392 0.2392 0.2392
v 0.299475 0.938314 0.047837 0.2392 0.2392 0.2392
v 0.306578 0.958895 0.047397 0.2392 0.2392 0.2392
v 0.288477 1.150126 0.049444 0.2392 0.2392 0.2392
v 0.259838 1.246387 0.047837 0.2392 0.2392 0.2392
v 0.279357 1.180779 0.050468 0.2392 0.2392 0.2392
v 0.302797 1.101995 0.052658 0.2392 0.2392 0.2392
v 0.306717 1.088819 0.050468 0.2392 0.2392 0.2392
v 0.302797 1.101995 0.047837 0.2392 0.2392 0.2392
v 0.279357 1.180779 0.047397 0.2392 0.2392 0.2392
v 0.288477 1.150126 0.062552 0.2392 0.2392 0.2392
v 0.259838 1.246387 0.060945 0.2392 0.2392 0.2392
v 0.279357 1.180779 0.063576 0.2392 0.2392 0.2392
v 0.302797 1.101995 0.065766 0.2392 0.2392 0.2392
v 0.306717 1.088819 0.063576 0.2392 0.2392 0.2392
v 0.302797 1.101995 0.060945 0.2392 0.2392 0.2392
v 0.279357 1.180779 0.060505 0.2392 0.2392 0.2392
v 0.249542 1.280991 0.053814 0.2392 0.2392 0.2392
v 0.278181 1.184730 0.055421 0.2392 0.2392 0.2392
v 0.258662 1.250338 0.052790 0.2392 0.2392 0.2392
v 0.235222 1.329122 0.050600 0.2392 0.2392 0.2392
v 0.231302 1.342298 0.052790 0.2392 0.2392 0.2392
v 0.235222 1.329122 0.055421 0.2392 0.2392 0.2392
v 0.258662 1.250338 0.055860 0.2392 0.2392 0.2392
v 0.249542 1.280991 0.066922 0.2392 0.2392 0.2392
v 0.278181 1.184730 0.068529 0.2392 0.2392 0.2392
v 0.258662 1.250338 0.065898 0.2392 0.2392 0.2392
v 0.235222 1.329122 0.063708 0.2392 0.2392 0.2392
v 0.231302 1.342298 0.065898 0.2392 0.2392 0.2392
v 0.235222 1.329122 0.068529 0.2392 0.2392 0.2392
v 0.258662 1.250338 0.068968 0.2392 0.2392 0.2392
v 0.219247 1.427035 0.049444 0.2392 0.2392 0.2392
v 0.225602 1.438200 0.047837 0.2392 0.2392 0.2392
v 0.221270 1.430591 0.050468 0.2392 0.2392 0.2392
v 0.216069 1.421453 0.052658 0.2392 0.2392 0.2392
v 0.215199 1.419925 0.050468 0.2392 0.2392 0.2392
v 0.216069 1.421453 0.047837 0.2392 0.2392 0.2392
v 0.221270 1.430591 0.047397 0.2392 0.2392 0.2392
v 0.219247 1.427035 0.062552 0.2392 0.2392 0.2392
v 0.225602 1.438200 0.060945 0.2392 0.2392 0.2392
v 0.221270 1.430591 0.063576 0.2392 0.2392 0.2392
v 0.216069 1.421453 0.065766 0.2392 0.2392 0.2392
v 0.215199 1.419925 0.063576 0.2392 0.2392 0.2392
v 0.216069 1.421453 0.060945 0.2392 0.2392 0.2392
v 0.221270 1.430591 0.060505 0.2392 0.2392 0.2392
v 0.227886 1.442214 0.053814 0.2392 0.2392 0.2392
v 0.221531 1.431049 0.055421 0.2392 0.2392 0.2392
v 0.225863 1.438659 0.052790 0.2392 0.2392 0.2392
v 0.231064 1.447796 0.050600 0.2392 0.2392 0.2392
v 0.231934 1.449324 0.052790 0.2392 0.2392 0.2392
v 0.231064 1.447796 0.055421 0.2392 0.2392 0.2392
v 0.225863 1.438658 0.055860 0.2392 0.2392 0.2392
v 0.219247 1.427035 0.075660 0.2392 0.2392 0.2392
v 0.225602 1.438200 0.074053 0.2392 0.2392 0.2392
v 0.221270 1.430591 0.076684 0.2392 0.2392 0.2392
v 0.216069 1.421453 0.078874 0.2392 0.2392 0.2392
v 0.215199 1.419925 0.076684 0.2392 0.2392 0.2392
v 0.216069 1.421453 0.074053 0.2392 0.2392 0.2392
v 0.221270 1.430591 0.073613 0.2392 0.2392 0.2392
v 0.227886 1.442214 0.066922 0.2392 0.2392 0.2392
v 0.221531 1.431049 0.068529 0.2392 0.2392 0.2392
v 0.225863 1.438658 0.065898 0.2392 0.2392 0.2392
v 0.231064 1.447796 0.063708 0.2392 0.2392 0.2392
v 0.231934 1.449324 0.065898 0.2392 0.2392 0.2392
v 0.231064 1.447796 0.068529 0.2392 0.2392 0.2392
v 0.225863 1.438658 0.068968 0.2392 0.2392 0.2392
v 0.227886 1.442214 0.080030 0.2392 0.2392 0.2392
v 0.221531 1.431049 0.081637 0.2392 0.2392 0.2392
v 0.225863 1.438658 0.079006 0.2392 0.2392 0.2392
v 0.231064 1.447796 0.076816 0.2392 0.2392 0.2392
v 0.231934 1.449324 0.079006 0.2392 0.2392 0.2392
v 0.231064 1.447796 0.081637 0.2392 0.2392 0.2392
v 0.225863 1.438659 0.082076 0.2392 0.2392 0.2392
v 0.206488 1.527357 0.080030 0.2392 0.2392 0.2392
v 0.217536 1.501625 0.076816 0.2392 0.2392 0.2392
v 0.199452 1.543745 0.079006 0.2392 0.2392 0.2392
v 0.184393 1.578821 0.081637 0.2392 0.2392 0.2392
v 0.199452 1.543745 0.082076 0.2392 0.2392 0.2392
v 0.217536 1.501625 0.081637 0.2392 0.2392 0.2392
v 0.220560 1.494581 0.079006 0.2392 0.2392 0.2392
v 0.206488 1.527357 0.066922 0.2392 0.2392 0.2392
v 0.217536 1.501625 0.063708 0.2392 0.2392 0.2392
v 0.199452 1.543745 0.065898 0.2392 0.2392 0.2392
v 0.184393 1.578821 0.068529 0.2392 0.2392 0.2392
v 0.199452 1.543745 0.068968 0.2392 0.2392 0.2392
v 0.217536 1.501625 0.068529 0.2392 0.2392 0.2392
v 0.220560 1.494581 0.065898 0.2392 0.2392 0.2392
v 0.176450 1.597322 0.075660 0.2392 0.2392 0.2392
v 0.165402 1.623054 0.078874 0.2392 0.2392 0.2392
v 0.183486 1.580934 0.076684 0.2392 0.2392 0.2392
v 0.198545 1.545858 0.074053 0.2392 0.2392 0.2392
v 0.183486 1.580934 0.073613 0.2392 0.2392 0.2392
v 0.165402 1.623054 0.074053 0.2392 0.2392 0.2392
v 0.162378 1.630098 0.076684 0.2392 0.2392 0.2392
v 0.206488 1.527357 0.053814 0.2392 0.2392 0.2392
v 0.217536 1.501625 0.050600 0.2392 0.2392 0.2392
v 0.199452 1.543745 0.052790 0.2392 0.2392 0.2392
v 0.184393 1.578821 0.055421 0.2392 0.2392 0.2392
v 0.199452 1.543745 0.055860 0.2392 0.2392 0.2392
v 0.217536 1.501625 0.055421 0.2392 0.2392 0.2392
v 0.220560 1.494581 0.052790 0.2392 0.2392 0.2392
v 0.176450 1.597322 0.062552 0.2392 0.2392 0.2392
v 0.165402 1.623054 0.065766 0.2392 0.2392 0.2392
v 0.183486 1.580934 0.063576 0.2392 0.2392 0.2392
v 0.198545 1.545858 0.060945 0.2392 0.2392 0.2392
v 0.183486 1.580934 0.060505 0.2392 0.2392 0.2392
v 0.165402 1.623054 0.060945 0.2392 0.2392 0.2392
v 0.162378 1.630098 0.063576 0.2392 0.2392 0.2392
v 0.176450 1.597322 0.049444 0.2392 0.2392 0.2392
v 0.165402 1.623054 0.052658 0.2392 0.2392 0.2392
v 0.183486 1.580934 0.050468 0.2392 0.2392 0.2392
v 0.198545 1.545858 0.047837 0.2392 0.2392 0.2392
v 0.183486 1.580934 0.047397 0.2392 0.2392 0.2392
v 0.165402 1.623054 0.047837 0.2392 0.2392 0.2392
v 0.162378 1.630098 0.050468 0.2392 0.2392 0.2392
v -0.487066 0.019287 0.073476 0.2392 0.2392 0.2392
v -0.479596 0.027697 0.079904 0.2392 0.2392 0.2392
v -0.491824 0.013931 0.081663 0.2392 0.2392 0.2392
v -0.502006 0.002467 0.079904 0.2392 0.2392 0.2392
v -0.491824 0.013931 0.069382 0.2392 0.2392 0.2392
v -0.479596 0.027697 0.060620 0.2392 0.2392 0.2392
v -0.477551 0.029999 0.069382 0.2392 0.2392 0.2392
v -0.507377 -0.003579 0.055998 0.2392 0.2392 0.2392
v -0.514847 -0.011989 0.068854 0.2392 0.2392 0.2392
v -0.516892 -0.014291 0.060092 0.2392 0.2392 0.2392
v -0.514847 -0.011989 0.049570 0.2392 0.2392 0.2392
v -0.502620 0.001777 0.047811 0.2392 0.2392 0.2392
v -0.492437 0.013241 0.049570 0.2392 0.2392 0.2392
v -0.502620 0.001777 0.060092 0.2392 0.2392 0.2392
v -0.527004 -0.052997 0.073476 0.2392 0.2392 0.2392
v -0.527256 -0.043231 0.079904 0.2392 0.2392 0.2392
v -0.526844 -0.059216 0.081663 0.2392 0.2392 0.2392
v -0.526501 -0.072527 0.079904 0.2392 0.2392 0.2392
v -0.526844 -0.059216 0.069382 0.2392 0.2392 0.2392
v -0.527256 -0.043231 0.060620 0.2392 0.2392 0.2392
v -0.527325 -0.040558 0.069382 0.2392 0.2392 0.2392
v -0.526321 -0.079548 0.055998 0.2392 0.2392 0.2392
v -0.526069 -0.089314 0.068854 0.2392 0.2392 0.2392
v -0.526000 -0.091987 0.060092 0.2392 0.2392 0.2392
v -0.526069 -0.089314 0.049570 0.2392 0.2392 0.2392
v -0.526481 -0.073329 0.047811 0.2392 0.2392 0.2392
v -0.526824 -0.060018 0.049570 0.2392 0.2392 0.2392
v -0.526481 -0.073329 0.060092 0.2392 0.2392 0.2392
v -0.241003 0.204850 0.073975 0.2392 0.2392 0.2392
v -0.241439 0.201067 0.060384 0.2392 0.2392 0.2392
v -0.240725 0.207259 0.069647 0.2392 0.2392 0.2392
v -0.240131 0.212416 0.080771 0.2392 0.2392 0.2392
v -0.240725 0.207259 0.082632 0.2392 0.2392 0.2392
v -0.241439 0.201067 0.080771 0.2392 0.2392 0.2392
v -0.241558 0.200031 0.069647 0.2392 0.2392 0.2392
v -0.239817 0.215136 0.055498 0.2392 0.2392 0.2392
v -0.239381 0.218919 0.069089 0.2392 0.2392 0.2392
v -0.240095 0.212727 0.059826 0.2392 0.2392 0.2392
v -0.240689 0.207570 0.048702 0.2392 0.2392 0.2392
v -0.240095 0.212727 0.046841 0.2392 0.2392 0.2392
v -0.239381 0.218919 0.048702 0.2392 0.2392 0.2392
v -0.239262 0.219955 0.059826 0.2392 0.2392 0.2392
v -0.200009 0.265154 0.073975 0.2392 0.2392 0.2392
v -0.171600 0.294379 0.080771 0.2392 0.2392 0.2392
v -0.190963 0.274460 0.082632 0.2392 0.2392 0.2392
v -0.214214 0.250541 0.080771 0.2392 0.2392 0.2392
v -0.218103 0.246541 0.069647 0.2392 0.2392 0.2392
v -0.214214 0.250541 0.060384 0.2392 0.2392 0.2392
v -0.190963 0.274460 0.069647 0.2392 0.2392 0.2392
v -0.161387 0.304885 0.055498 0.2392 0.2392 0.2392
v -0.147182 0.319498 0.069089 0.2392 0.2392 0.2392
v -0.170433 0.295579 0.059826 0.2392 0.2392 0.2392
v -0.189796 0.275660 0.048702 0.2392 0.2392 0.2392
v -0.170433 0.295579 0.046841 0.2392 0.2392 0.2392
v -0.147182 0.319498 0.048702 0.2392 0.2392 0.2392
v -0.143293 0.323498 0.059826 0.2392 0.2392 0.2392
v 0.002236 1.428949 0.074013 0.2392 0.2392 0.2392
v 0.020945 1.374318 0.080837 0.2392 0.2392 0.2392
v 0.008194 1.411553 0.069667 0.2392 0.2392 0.2392
v -0.007118 1.456265 0.060366 0.2392 0.2392 0.2392
v -0.009679 1.463743 0.069667 0.2392 0.2392 0.2392
v -0.007118 1.456265 0.080837 0.2392 0.2392 0.2392
v 0.008194 1.411553 0.082705 0.2392 0.2392 0.2392
v 0.027670 1.354679 0.055460 0.2392 0.2392 0.2392
v 0.008961 1.409310 0.048636 0.2392 0.2392 0.2392
v 0.021712 1.372075 0.059805 0.2392 0.2392 0.2392
v 0.037024 1.327363 0.069107 0.2392 0.2392 0.2392
v 0.039585 1.319885 0.059805 0.2392 0.2392 0.2392
v 0.037024 1.327363 0.048636 0.2392 0.2392 0.2392
v 0.021712 1.372075 0.046768 0.2392 0.2392 0.2392
v 0.034079 1.204831 0.055460 0.2392 0.2392 0.2392
v 0.041076 1.232627 0.069107 0.2392 0.2392 0.2392
v 0.029623 1.187128 0.059805 0.2392 0.2392 0.2392
v 0.020085 1.149239 0.048636 0.2392 0.2392 0.2392
v 0.029623 1.187128 0.046768 0.2392 0.2392 0.2392
v 0.041076 1.232627 0.048636 0.2392 0.2392 0.2392
v 0.042992 1.240237 0.059805 0.2392 0.2392 0.2392
v 0.015054 1.129254 0.074013 0.2392 0.2392 0.2392
v 0.008057 1.101458 0.060366 0.2392 0.2392 0.2392
v 0.019510 1.146957 0.069667 0.2392 0.2392 0.2392
v 0.029048 1.184846 0.080837 0.2392 0.2392 0.2392
v 0.019510 1.146957 0.082705 0.2392 0.2392 0.2392
v 0.008057 1.101458 0.080837 0.2392 0.2392 0.2392
v 0.006141 1.093849 0.069667 0.2392 0.2392 0.2392
v 0.002942 1.032086 0.055460 0.2392 0.2392 0.2392
v 0.000400 1.040027 0.069107 0.2392 0.2392 0.2392
v 0.004562 1.027029 0.059805 0.2392 0.2392 0.2392
v 0.008028 1.016205 0.048636 0.2392 0.2392 0.2392
v 0.004562 1.027029 0.046768 0.2392 0.2392 0.2392
v 0.000400 1.040027 0.048636 0.2392 0.2392 0.2392
v -0.000296 1.042201 0.059806 0.2392 0.2392 0.2392
v 0.009856 1.010496 0.074013 0.2392 0.2392 0.2392
v 0.012398 1.002555 0.060366 0.2392 0.2392 0.2392
v 0.008236 1.015553 0.069667 0.2392 0.2392 0.2392
v 0.004770 1.026377 0.080837 0.2392 0.2392 0.2392
v 0.008236 1.015553 0.082705 0.2392 0.2392 0.2392
v 0.012398 1.002555 0.080837 0.2392 0.2392 0.2392
v 0.013094 1.000381 0.069667 0.2392 0.2392 0.2392
v 0.020789 0.098182 0.052699 0.2392 0.2392 0.2392
v -0.000424 0.070188 0.043845 0.2392 0.2392 0.2392
v 0.034298 0.116011 0.041421 0.2392 0.2392 0.2392
v 0.063213 0.154171 0.043845 0.2392 0.2392 0.2392
v 0.034298 0.116011 0.058339 0.2392 0.2392 0.2392
v -0.000424 0.070188 0.070408 0.2392 0.2392 0.2392
v -0.006231 0.062525 0.058339 0.2392 0.2392 0.2392
v 0.078464 0.174298 0.076775 0.2392 0.2392 0.2392
v 0.099677 0.202292 0.085629 0.2392 0.2392 0.2392
v 0.064955 0.156469 0.088053 0.2392 0.2392 0.2392
v 0.036040 0.118309 0.085629 0.2392 0.2392 0.2392
v 0.064955 0.156469 0.071135 0.2392 0.2392 0.2392
v 0.099677 0.202292 0.059066 0.2392 0.2392 0.2392
v 0.105484 0.209955 0.071135 0.2392 0.2392 0.2392
v 0.193060 0.478339 0.052699 0.2392 0.2392 0.2392
v 0.172126 0.394511 0.043845 0.2392 0.2392 0.2392
v 0.206393 0.531727 0.041421 0.2392 0.2392 0.2392
v 0.234929 0.645994 0.043845 0.2392 0.2392 0.2392
v 0.206393 0.531727 0.058339 0.2392 0.2392 0.2392
v 0.172126 0.394511 0.070408 0.2392 0.2392 0.2392
v 0.166395 0.371563 0.058339 0.2392 0.2392 0.2392
v 0.249980 0.706264 0.076775 0.2392 0.2392 0.2392
v 0.270914 0.790092 0.085629 0.2392 0.2392 0.2392
v 0.236647 0.652876 0.088053 0.2392 0.2392 0.2392
v 0.208111 0.538609 0.085629 0.2392 0.2392 0.2392
v 0.236647 0.652876 0.071135 0.2392 0.2392 0.2392
v 0.270914 0.790092 0.059065 0.2392 0.2392 0.2392
v 0.276645 0.813040 0.071135 0.2392 0.2392 0.2392
v 0.293200 0.952755 0.052699 0.2392 0.2392 0.2392
v 0.298239 0.945927 0.070408 0.2392 0.2392 0.2392
v 0.299618 0.944058 0.058339 0.2392 0.2392 0.2392
v 0.298239 0.945927 0.043845 0.2392 0.2392 0.2392
v 0.289991 0.957104 0.041421 0.2392 0.2392 0.2392
v 0.283123 0.966411 0.043845 0.2392 0.2392 0.2392
v 0.289991 0.957104 0.058339 0.2392 0.2392 0.2392
v 0.279501 0.971321 0.076775 0.2392 0.2392 0.2392
v 0.274462 0.978149 0.085629 0.2392 0.2392 0.2392
v 0.282710 0.966972 0.088053 0.2392 0.2392 0.2392
v 0.289578 0.957664 0.085629 0.2392 0.2392 0.2392
v 0.282710 0.966972 0.071135 0.2392 0.2392 0.2392
v 0.274462 0.978149 0.059065 0.2392 0.2392 0.2392
v 0.273083 0.980018 0.071135 0.2392 0.2392 0.2392
v -0.257560 0.204787 0.015097 0.2392 0.2392 0.2392
v -0.259716 0.214254 0.011066 0.2392 0.2392 0.2392
v -0.255332 0.208422 0.017665 0.2392 0.2392 0.2392
v -0.251906 0.201027 0.023160 0.2392 0.2392 0.2392
v -0.256187 0.198757 0.017665 0.2392 0.2392 0.2392
v -0.261058 0.199079 0.011066 0.2392 0.2392 0.2392
v -0.261161 0.207181 0.009962 0.2392 0.2392 0.2392
v -0.248080 0.216838 0.026059 0.2392 0.2392 0.2392
v -0.245913 0.208646 0.030090 0.2392 0.2392 0.2392
v -0.250293 0.214828 0.023491 0.2392 0.2392 0.2392
v -0.253722 0.221874 0.017996 0.2392 0.2392 0.2392
v -0.249461 0.222056 0.023491 0.2392 0.2392 0.2392
v -0.244605 0.219995 0.030090 0.2392 0.2392 0.2392
v -0.244487 0.213632 0.031194 0.2392 0.2392 0.2392
v -0.208272 0.266856 0.026059 0.2392 0.2392 0.2392
v -0.176824 0.295455 0.030090 0.2392 0.2392 0.2392
v -0.195355 0.275365 0.031194 0.2392 0.2392 0.2392
v -0.219438 0.251617 0.030090 0.2392 0.2392 0.2392
v -0.228301 0.248642 0.023491 0.2392 0.2392 0.2392
v -0.228555 0.253495 0.017996 0.2392 0.2392 0.2392
v -0.201161 0.276561 0.023491 0.2392 0.2392 0.2392
v -0.171331 0.316686 0.015097 0.2392 0.2392 0.2392
v -0.205200 0.284999 0.011066 0.2392 0.2392 0.2392
v -0.182707 0.310144 0.009962 0.2392 0.2392 0.2392
v -0.155324 0.338101 0.011066 0.2392 0.2392 0.2392
v -0.149760 0.336867 0.017665 0.2392 0.2392 0.2392
v -0.153469 0.326959 0.023160 0.2392 0.2392 0.2392
v -0.181526 0.303048 0.017665 0.2392 0.2392 0.2392
v -0.171331 0.316686 0.114376 0.2392 0.2392 0.2392
v -0.205200 0.284999 0.118408 0.2392 0.2392 0.2392
v -0.181526 0.303048 0.111809 0.2392 0.2392 0.2392
v -0.153469 0.326959 0.106313 0.2392 0.2392 0.2392
v -0.149760 0.336867 0.111809 0.2392 0.2392 0.2392
v -0.155324 0.338101 0.118408 0.2392 0.2392 0.2392
v -0.182707 0.310144 0.119512 0.2392 0.2392 0.2392
v -0.257560 0.204787 0.114376 0.2392 0.2392 0.2392
v -0.251906 0.201027 0.106313 0.2392 0.2392 0.2392
v -0.255332 0.208422 0.111809 0.2392 0.2392 0.2392
v -0.259716 0.214254 0.118408 0.2392 0.2392 0.2392
v -0.261161 0.207181 0.119512 0.2392 0.2392 0.2392
v -0.261058 0.199079 0.118408 0.2392 0.2392 0.2392
v -0.256187 0.198757 0.111809 0.2392 0.2392 0.2392
v -0.208272 0.266856 0.103415 0.2392 0.2392 0.2392
v -0.176824 0.295455 0.099383 0.2392 0.2392 0.2392
v -0.201161 0.276561 0.105982 0.2392 0.2392 0.2392
v -0.228555 0.253495 0.111478 0.2392 0.2392 0.2392
v -0.228301 0.248642 0.105982 0.2392 0.2392 0.2392
v -0.219438 0.251617 0.099383 0.2392 0.2392 0.2392
v -0.195355 0.275365 0.098279 0.2392 0.2392 0.2392
v -0.248080 0.216838 0.103415 0.2392 0.2392 0.2392
v -0.253722 0.221874 0.111478 0.2392 0.2392 0.2392
v -0.250293 0.214828 0.105982 0.2392 0.2392 0.2392
v -0.245913 0.208646 0.099383 0.2392 0.2392 0.2392
v -0.244487 0.213632 0.098279 0.2392 0.2392 0.2392
v -0.244605 0.219995 0.099383 0.2392 0.2392 0.2392
v -0.249461 0.222056 0.105982 0.2392 0.2392 0.2392
v -0.001668 0.814167 0.015098 0.2392 0.2392 0.2392
v 0.002235 0.834538 0.023161 0.2392 0.2392 0.2392
v 0.000845 0.798435 0.017665 0.2392 0.2392 0.2392
v -0.001626 0.769093 0.011066 0.2392 0.2392 0.2392
v -0.004155 0.801193 0.009962 0.2392 0.2392 0.2392
v -0.005615 0.838869 0.011066 0.2392 0.2392 0.2392
v -0.001695 0.842873 0.017665 0.2392 0.2392 0.2392
v 0.009971 0.748866 0.026059 0.2392 0.2392 0.2392
v 0.005733 0.727809 0.017996 0.2392 0.2392 0.2392
v 0.007032 0.763725 0.023492 0.2392 0.2392 0.2392
v 0.009594 0.793254 0.030091 0.2392 0.2392 0.2392
v 0.012670 0.762276 0.031194 0.2392 0.2392 0.2392
v 0.014586 0.725534 0.030091 0.2392 0.2392 0.2392
v 0.010211 0.720596 0.023492 0.2392 0.2392 0.2392
v -0.024079 0.618188 0.015098 0.2392 0.2392 0.2392
v -0.006941 0.642918 0.023161 0.2392 0.2392 0.2392
v -0.029356 0.600990 0.017665 0.2392 0.2392 0.2392
v -0.049503 0.566454 0.011066 0.2392 0.2392 0.2392
v -0.034995 0.602439 0.009962 0.2392 0.2392 0.2392
v -0.015794 0.645193 0.011066 0.2392 0.2392 0.2392
v -0.007888 0.651137 0.017665 0.2392 0.2392 0.2392
v -0.046423 0.545900 0.026059 0.2392 0.2392 0.2392
v -0.063629 0.520752 0.017996 0.2392 0.2392 0.2392
v -0.041232 0.562567 0.023492 0.2392 0.2392 0.2392
v -0.021067 0.597217 0.030091 0.2392 0.2392 0.2392
v -0.035465 0.561916 0.031194 0.2392 0.2392 0.2392
v -0.054574 0.519732 0.030090 0.2392 0.2392 0.2392
v -0.062572 0.513218 0.023491 0.2392 0.2392 0.2392
v -0.074745 0.464403 0.026059 0.2392 0.2392 0.2392
v -0.070222 0.455772 0.030090 0.2392 0.2392 0.2392
v -0.076188 0.461979 0.023491 0.2392 0.2392 0.2392
v -0.081535 0.469229 0.017996 0.2392 0.2392 0.2392
v -0.077626 0.469900 0.023491 0.2392 0.2392 0.2392
v -0.072480 0.468208 0.030090 0.2392 0.2392 0.2392
v -0.070421 0.461329 0.031194 0.2392 0.2392 0.2392
v -0.079169 0.447787 0.015097 0.2392 0.2392 0.2392
v -0.084331 0.458724 0.011066 0.2392 0.2392 0.2392
v -0.078540 0.453148 0.017665 0.2392 0.2392 0.2392
v -0.073019 0.445267 0.023160 0.2392 0.2392 0.2392
v -0.075881 0.440822 0.017665 0.2392 0.2392 0.2392
v -0.080157 0.439371 0.011066 0.2392 0.2392 0.2392
v -0.083086 0.449392 0.009962 0.2392 0.2392 0.2392
v -0.001668 0.814167 0.114376 0.2392 0.2392 0.2392
v -0.005615 0.838869 0.118408 0.2392 0.2392 0.2392
v -0.004155 0.801193 0.119511 0.2392 0.2392 0.2392
v -0.001626 0.769093 0.118408 0.2392 0.2392 0.2392
v 0.000845 0.798434 0.111809 0.2392 0.2392 0.2392
v 0.002235 0.834538 0.106313 0.2392 0.2392 0.2392
v -0.001695 0.842873 0.111809 0.2392 0.2392 0.2392
v 0.009971 0.748866 0.103415 0.2392 0.2392 0.2392
v 0.014586 0.725534 0.099383 0.2392 0.2392 0.2392
v 0.012670 0.762276 0.098279 0.2392 0.2392 0.2392
v 0.009594 0.793254 0.099383 0.2392 0.2392 0.2392
v 0.007032 0.763725 0.105982 0.2392 0.2392 0.2392
v 0.005733 0.727809 0.111478 0.2392 0.2392 0.2392
v 0.010211 0.720596 0.105982 0.2392 0.2392 0.2392
v -0.024079 0.618188 0.114376 0.2392 0.2392 0.2392
v -0.049503 0.566454 0.118408 0.2392 0.2392 0.2392
v -0.029356 0.600990 0.111809 0.2392 0.2392 0.2392
v -0.006941 0.642918 0.106313 0.2392 0.2392 0.2392
v -0.007888 0.651137 0.111809 0.2392 0.2392 0.2392
v -0.015794 0.645193 0.118408 0.2392 0.2392 0.2392
v -0.034995 0.602439 0.119511 0.2392 0.2392 0.2392
v -0.046423 0.545900 0.103415 0.2392 0.2392 0.2392
v -0.021067 0.597217 0.099383 0.2392 0.2392 0.2392
v -0.041232 0.562566 0.105982 0.2392 0.2392 0.2392
v -0.063629 0.520752 0.111478 0.2392 0.2392 0.2392
v -0.062572 0.513218 0.105982 0.2392 0.2392 0.2392
v -0.054574 0.519732 0.099383 0.2392 0.2392 0.2392
v -0.035465 0.561916 0.098279 0.2392 0.2392 0.2392
v -0.074745 0.464403 0.103415 0.2392 0.2392 0.2392
v -0.081535 0.469229 0.111478 0.2392 0.2392 0.2392
v -0.076188 0.461979 0.105982 0.2392 0.2392 0.2392
v -0.070222 0.455772 0.099383 0.2392 0.2392 0.2392
v -0.070421 0.461329 0.098279 0.2392 0.2392 0.2392
v -0.072480 0.468208 0.099383 0.2392 0.2392 0.2392
v -0.077626 0.469900 0.105982 0.2392 0.2392 0.2392
v -0.079169 0.447787 0.114376 0.2392 0.2392 0.2392
v -0.073019 0.445267 0.106313 0.2392 0.2392 0.2392
v -0.078540 0.453148 0.111809 0.2392 0.2392 0.2392
v -0.084331 0.458724 0.118408 0.2392 0.2392 0.2392
v -0.083086 0.449392 0.119512 0.2392 0.2392 0.2392
v -0.080157 0.439371 0.118408 0.2392 0.2392 0.2392
v -0.075881 0.440822 0.111809 0.2392 0.2392 0.2392
v -0.043589 1.002099 0.032727 0.2392 0.2392 0.2392
v -0.046616 1.021795 0.030456 0.2392 0.2392 0.2392
v -0.043700 1.008587 0.034173 0.2392 0.2392 0.2392
v -0.040736 0.992590 0.037268 0.2392 0.2392 0.2392
v -0.041662 0.989555 0.034173 0.2392 0.2392 0.2392
v -0.043416 0.991912 0.030456 0.2392 0.2392 0.2392
v -0.045407 1.008155 0.029835 0.2392 0.2392 0.2392
v -0.043589 1.002099 0.096747 0.2392 0.2392 0.2392
v -0.040736 0.992590 0.092206 0.2392 0.2392 0.2392
v -0.043700 1.008587 0.095301 0.2392 0.2392 0.2392
v -0.046616 1.021795 0.099018 0.2392 0.2392 0.2392
v -0.045407 1.008155 0.099639 0.2392 0.2392 0.2392
v -0.043416 0.991912 0.099018 0.2392 0.2392 0.2392
v -0.041662 0.989555 0.095301 0.2392 0.2392 0.2392
v -0.007848 0.615202 0.073976 0.2392 0.2392 0.2392
v -0.030186 0.563545 0.080771 0.2392 0.2392 0.2392
v -0.014962 0.598752 0.069648 0.2392 0.2392 0.2392
v 0.003321 0.641030 0.060384 0.2392 0.2392 0.2392
v 0.006378 0.648101 0.069648 0.2392 0.2392 0.2392
v 0.003321 0.641030 0.080771 0.2392 0.2392 0.2392
v -0.014962 0.598752 0.082632 0.2392 0.2392 0.2392
v 0.017995 0.746804 0.055498 0.2392 0.2392 0.2392
v 0.019659 0.724231 0.048703 0.2392 0.2392 0.2392
v 0.016936 0.761181 0.046842 0.2392 0.2392 0.2392
v 0.014667 0.791951 0.048703 0.2392 0.2392 0.2392
v 0.016936 0.761181 0.059826 0.2392 0.2392 0.2392
v 0.019659 0.724231 0.069090 0.2392 0.2392 0.2392
v 0.020115 0.718051 0.059826 0.2392 0.2392 0.2392
v -0.038217 0.544975 0.055498 0.2392 0.2392 0.2392
v -0.015879 0.596632 0.048702 0.2392 0.2392 0.2392
v -0.031103 0.561425 0.059826 0.2392 0.2392 0.2392
v -0.049386 0.519147 0.069089 0.2392 0.2392 0.2392
v -0.052443 0.512076 0.059826 0.2392 0.2392 0.2392
v -0.049386 0.519147 0.048702 0.2392 0.2392 0.2392
v -0.031103 0.561425 0.046842 0.2392 0.2392 0.2392
v 0.013471 0.808180 0.073976 0.2392 0.2392 0.2392
v 0.011807 0.830753 0.080771 0.2392 0.2392 0.2392
v 0.014531 0.793804 0.082632 0.2392 0.2392 0.2392
v 0.016799 0.763034 0.080771 0.2392 0.2392 0.2392
v 0.014531 0.793804 0.069648 0.2392 0.2392 0.2392
v 0.011807 0.830753 0.060384 0.2392 0.2392 0.2392
v 0.011351 0.836933 0.069648 0.2392 0.2392 0.2392
v -0.066539 0.463478 0.073975 0.2392 0.2392 0.2392
v -0.065033 0.455187 0.080771 0.2392 0.2392 0.2392
v -0.066059 0.460838 0.069647 0.2392 0.2392 0.2392
v -0.067291 0.467623 0.060384 0.2392 0.2392 0.2392
v -0.067497 0.468758 0.069647 0.2392 0.2392 0.2392
v -0.067291 0.467623 0.080771 0.2392 0.2392 0.2392
v -0.066059 0.460838 0.082632 0.2392 0.2392 0.2392
v -0.064492 0.452206 0.055498 0.2392 0.2392 0.2392
v -0.065998 0.460497 0.048702 0.2392 0.2392 0.2392
v -0.064972 0.454846 0.059826 0.2392 0.2392 0.2392
v -0.063740 0.448061 0.069089 0.2392 0.2392 0.2392
v -0.063534 0.446926 0.059826 0.2392 0.2392 0.2392
v -0.063740 0.448061 0.048702 0.2392 0.2392 0.2392
v -0.064972 0.454846 0.046841 0.2392 0.2392 0.2392
v -0.190645 -0.086180 0.073820 0.2392 0.2392 0.2392
v -0.192691 -0.102715 0.060457 0.2392 0.2392 0.2392
v -0.189342 -0.075649 0.069565 0.2392 0.2392 0.2392
v -0.186554 -0.053110 0.080502 0.2392 0.2392 0.2392
v -0.189342 -0.075649 0.082331 0.2392 0.2392 0.2392
v -0.192691 -0.102715 0.080502 0.2392 0.2392 0.2392
v -0.193251 -0.107242 0.069565 0.2392 0.2392 0.2392
v -0.234454 -0.178961 0.073820 0.2392 0.2392 0.2392
v -0.262587 -0.214138 0.080502 0.2392 0.2392 0.2392
v -0.243413 -0.190163 0.069565 0.2392 0.2392 0.2392
v -0.220388 -0.161373 0.060457 0.2392 0.2392 0.2392
v -0.216537 -0.156558 0.069565 0.2392 0.2392 0.2392
v -0.220388 -0.161373 0.080502 0.2392 0.2392 0.2392
v -0.243413 -0.190163 0.082331 0.2392 0.2392 0.2392
v -0.185083 -0.041222 0.055653 0.2392 0.2392 0.2392
v -0.183037 -0.024687 0.069016 0.2392 0.2392 0.2392
v -0.186386 -0.051753 0.059908 0.2392 0.2392 0.2392
v -0.189174 -0.074292 0.048971 0.2392 0.2392 0.2392
v -0.186386 -0.051753 0.047142 0.2392 0.2392 0.2392
v -0.183037 -0.024687 0.048971 0.2392 0.2392 0.2392
v -0.182477 -0.020160 0.059908 0.2392 0.2392 0.2392
v -0.272701 -0.226783 0.055653 0.2392 0.2392 0.2392
v -0.244568 -0.191607 0.048971 0.2392 0.2392 0.2392
v -0.263742 -0.215581 0.059908 0.2392 0.2392 0.2392
v -0.286767 -0.244371 0.069016 0.2392 0.2392 0.2392
v -0.290618 -0.249186 0.059908 0.2392 0.2392 0.2392
v -0.286767 -0.244371 0.048971 0.2392 0.2392 0.2392
v -0.263742 -0.215581 0.047142 0.2392 0.2392 0.2392
v -0.254330 1.936336 0.038901 0.2392 0.2392 0.2392
v -0.184411 1.906465 0.041172 0.2392 0.2392 0.2392
v -0.232980 1.923510 0.037455 0.2392 0.2392 0.2392
v -0.290726 1.946069 0.034359 0.2392 0.2392 0.2392
v -0.298859 1.955360 0.037455 0.2392 0.2392 0.2392
v -0.287852 1.956474 0.041172 0.2392 0.2392 0.2392
v -0.231150 1.930138 0.041793 0.2392 0.2392 0.2392
v -0.166116 1.882535 0.032727 0.2392 0.2392 0.2392
v -0.234956 1.912055 0.030456 0.2392 0.2392 0.2392
v -0.186092 1.894913 0.034173 0.2392 0.2392 0.2392
v -0.128641 1.872451 0.037268 0.2392 0.2392 0.2392
v -0.122273 1.863734 0.034173 0.2392 0.2392 0.2392
v -0.134751 1.863099 0.030456 0.2392 0.2392 0.2392
v -0.189983 1.888957 0.029835 0.2392 0.2392 0.2392
v -0.503161 1.994909 0.051629 0.2392 0.2392 0.2392
v -0.561982 2.004137 0.056450 0.2392 0.2392 0.2392
v -0.503688 1.999892 0.053164 0.2392 0.2392 0.2392
v -0.445167 1.993505 0.049218 0.2392 0.2392 0.2392
v -0.465700 1.989032 0.048559 0.2392 0.2392 0.2392
v -0.502335 1.987085 0.049218 0.2392 0.2392 0.2392
v -0.540096 1.995803 0.053164 0.2392 0.2392 0.2392
v -0.399894 1.975842 0.038901 0.2392 0.2392 0.2392
v -0.437047 1.975031 0.041172 0.2392 0.2392 0.2392
v -0.410810 1.978898 0.041793 0.2392 0.2392 0.2392
v -0.379880 1.981451 0.041172 0.2392 0.2392 0.2392
v -0.376231 1.976359 0.037455 0.2392 0.2392 0.2392
v -0.382753 1.971045 0.034359 0.2392 0.2392 0.2392
v -0.412640 1.972270 0.037455 0.2392 0.2392 0.2392
v 0.068031 1.724290 0.038901 0.2392 0.2392 0.2392
v 0.019390 1.772406 0.041172 0.2392 0.2392 0.2392
v 0.055412 1.741582 0.041793 0.2392 0.2392 0.2392
v 0.096858 1.703325 0.041172 0.2392 0.2392 0.2392
v 0.099009 1.693645 0.037455 0.2392 0.2392 0.2392
v 0.087844 1.697138 0.034359 0.2392 0.2392 0.2392
v 0.049671 1.737642 0.037455 0.2392 0.2392 0.2392
v -0.007719 1.778423 0.032727 0.2392 0.2392 0.2392
v -0.028500 1.806630 0.037268 0.2392 0.2392 0.2392
v 0.009408 1.766415 0.034173 0.2392 0.2392 0.2392
v 0.039954 1.731362 0.030456 0.2392 0.2392 0.2392
v 0.005516 1.760459 0.029835 0.2392 0.2392 0.2392
v -0.034610 1.797278 0.030456 0.2392 0.2392 0.2392
v -0.038080 1.808396 0.034173 0.2392 0.2392 0.2392
v 0.195521 1.528076 0.038901 0.2392 0.2392 0.2392
v 0.177460 1.579275 0.041172 0.2392 0.2392 0.2392
v 0.193623 1.544127 0.041793 0.2392 0.2392 0.2392
v 0.210602 1.502079 0.041172 0.2392 0.2392 0.2392
v 0.207024 1.495468 0.037455 0.2392 0.2392 0.2392
v 0.198502 1.502872 0.034359 0.2392 0.2392 0.2392
v 0.185917 1.544632 0.037455 0.2392 0.2392 0.2392
v 0.157313 1.592433 0.032727 0.2392 0.2392 0.2392
v 0.174346 1.543560 0.030456 0.2392 0.2392 0.2392
v 0.159867 1.574900 0.029835 0.2392 0.2392 0.2392
v 0.144290 1.613777 0.030456 0.2392 0.2392 0.2392
v 0.146465 1.623560 0.034173 0.2392 0.2392 0.2392
v 0.153304 1.619963 0.037268 0.2392 0.2392 0.2392
v 0.165608 1.578840 0.034173 0.2392 0.2392 0.2392
v 0.277981 1.150813 0.038901 0.2392 0.2392 0.2392
v 0.253202 1.246822 0.041172 0.2392 0.2392 0.2392
v 0.273778 1.181144 0.041793 0.2392 0.2392 0.2392
v 0.296161 1.102430 0.041172 0.2392 0.2392 0.2392
v 0.293762 1.089668 0.037455 0.2392 0.2392 0.2392
v 0.284580 1.103189 0.034359 0.2392 0.2392 0.2392
v 0.266402 1.181628 0.037455 0.2392 0.2392 0.2392
v 0.228433 1.282750 0.032727 0.2392 0.2392 0.2392
v 0.253255 1.186601 0.030456 0.2392 0.2392 0.2392
v 0.232608 1.252508 0.029835 0.2392 0.2392 0.2392
v 0.210167 1.331415 0.030456 0.2392 0.2392 0.2392
v 0.212624 1.343985 0.034173 0.2392 0.2392 0.2392
v 0.221877 1.330234 0.037268 0.2392 0.2392 0.2392
v 0.240066 1.251756 0.034173 0.2392 0.2392 0.2392
v 0.283997 0.952186 0.032727 0.2392 0.2392 0.2392
v 0.288383 0.977614 0.030456 0.2392 0.2392 0.2392
v 0.288669 0.960068 0.034173 0.2392 0.2392 0.2392
v 0.286946 0.939135 0.037268 0.2392 0.2392 0.2392
v 0.281203 0.935992 0.034173 0.2392 0.2392 0.2392
v 0.276661 0.939809 0.030456 0.2392 0.2392 0.2392
v 0.282118 0.960498 0.029835 0.2392 0.2392 0.2392
v 0.305117 0.985761 0.038901 0.2392 0.2392 0.2392
v 0.300299 0.960362 0.041172 0.2392 0.2392 0.2392
v 0.299895 0.977915 0.037455 0.2392 0.2392 0.2392
v 0.301736 0.998841 0.034359 0.2392 0.2392 0.2392
v 0.308186 1.001938 0.037455 0.2392 0.2392 0.2392
v 0.313317 0.998082 0.041172 0.2392 0.2392 0.2392
v 0.307271 0.977432 0.041793 0.2392 0.2392 0.2392
v -0.146146 1.113313 0.052009 0.2392 0.2392 0.2392
v -0.135796 1.174236 0.056690 0.2392 0.2392 0.2392
v -0.135034 1.132740 0.049028 0.2392 0.2392 0.2392
v -0.139049 1.082894 0.042647 0.2392 0.2392 0.2392
v -0.152737 1.074512 0.049028 0.2392 0.2392 0.2392
v -0.163592 1.082808 0.056690 0.2392 0.2392 0.2392
v -0.150665 1.132686 0.057972 0.2392 0.2392 0.2392
v -0.098821 1.195488 0.039281 0.2392 0.2392 0.2392
v -0.109130 1.134846 0.034600 0.2392 0.2392 0.2392
v -0.109880 1.176419 0.042262 0.2392 0.2392 0.2392
v -0.105877 1.226188 0.048643 0.2392 0.2392 0.2392
v -0.092256 1.234109 0.042262 0.2392 0.2392 0.2392
v -0.081457 1.225428 0.034600 0.2392 0.2392 0.2392
v -0.094327 1.175935 0.033318 0.2392 0.2392 0.2392
v -0.114130 0.423947 0.004136 0.2392 0.2392 0.2392
v -0.120969 0.441629 0.004136 0.2392 0.2392 0.2392
v -0.110926 0.435432 0.004136 0.2392 0.2392 0.2392
v -0.102260 0.424299 0.004136 0.2392 0.2392 0.2392
v -0.109774 0.412686 0.004136 0.2392 0.2392 0.2392
v -0.119161 0.405913 0.004136 0.2392 0.2392 0.2392
v -0.121690 0.423723 0.004136 0.2392 0.2392 0.2392
v -0.098161 0.388715 0.004136 0.2392 0.2392 0.2392
v -0.109065 0.383639 0.004136 0.2392 0.2392 0.2392
v -0.101286 0.393958 0.004136 0.2392 0.2392 0.2392
v -0.092164 0.402024 0.004136 0.2392 0.2392 0.2392
v -0.091217 0.391948 0.004136 0.2392 0.2392 0.2392
v -0.093254 0.380481 0.004136 0.2392 0.2392 0.2392
v -0.101980 0.380238 0.004136 0.2392 0.2392 0.2392
v -0.042021 0.386184 0.004136 0.2392 0.2392 0.2392
v -0.056672 0.400424 0.004136 0.2392 0.2392 0.2392
v -0.031997 0.390835 0.004136 0.2392 0.2392 0.2392
v -0.011630 0.379247 0.004136 0.2392 0.2392 0.2392
v -0.032691 0.377115 0.004136 0.2392 0.2392 0.2392
v -0.057762 0.378881 0.004136 0.2392 0.2392 0.2392
v -0.061377 0.390602 0.004136 0.2392 0.2392 0.2392
v -0.102596 0.458151 0.004136 0.2392 0.2392 0.2392
v -0.094968 0.445923 0.004136 0.2392 0.2392 0.2392
v -0.104795 0.453613 0.004136 0.2392 0.2392 0.2392
v -0.113677 0.463253 0.004136 0.2392 0.2392 0.2392
v -0.107454 0.465938 0.004136 0.2392 0.2392 0.2392
v -0.099142 0.465276 0.004136 0.2392 0.2392 0.2392
v -0.095538 0.454901 0.004136 0.2392 0.2392 0.2392
v -0.015330 0.344106 0.004136 0.2392 0.2392 0.2392
v -0.040887 0.352279 0.004136 0.2392 0.2392 0.2392
v -0.018503 0.354749 0.004136 0.2392 0.2392 0.2392
v 0.005244 0.352644 0.004136 0.2392 0.2392 0.2392
v 0.000947 0.338900 0.004136 0.2392 0.2392 0.2392
v -0.010347 0.327394 0.004136 0.2392 0.2392 0.2392
v -0.028433 0.338668 0.004136 0.2392 0.2392 0.2392
v -0.189593 0.384332 0.004136 0.2392 0.2392 0.2392
v -0.166869 0.380868 0.004136 0.2392 0.2392 0.2392
v -0.202913 0.363792 0.004136 0.2392 0.2392 0.2392
v -0.233232 0.355545 0.004136 0.2392 0.2392 0.2392
v -0.204065 0.386539 0.004136 0.2392 0.2392 0.2392
v -0.168678 0.416584 0.004136 0.2392 0.2392 0.2392
v -0.161801 0.402667 0.004136 0.2392 0.2392 0.2392
v -0.087619 0.548214 0.004136 0.2392 0.2392 0.2392
v -0.068974 0.602233 0.004136 0.2392 0.2392 0.2392
v -0.077053 0.566060 0.004136 0.2392 0.2392 0.2392
v -0.089673 0.522215 0.004136 0.2392 0.2392 0.2392
v -0.099493 0.513810 0.004136 0.2392 0.2392 0.2392
v -0.104209 0.520193 0.004136 0.2392 0.2392 0.2392
v -0.086310 0.564772 0.004136 0.2392 0.2392 0.2392
v -0.233158 0.303834 0.004136 0.2392 0.2392 0.2392
v -0.260774 0.304652 0.004136 0.2392 0.2392 0.2392
v -0.226069 0.321004 0.004136 0.2392 0.2392 0.2392
v -0.194412 0.329976 0.004136 0.2392 0.2392 0.2392
v -0.215570 0.303312 0.004136 0.2392 0.2392 0.2392
v -0.244288 0.276873 0.004136 0.2392 0.2392 0.2392
v -0.257835 0.287184 0.004136 0.2392 0.2392 0.2392
v -0.043894 0.621410 0.004136 0.2392 0.2392 0.2392
v -0.062030 0.568491 0.004136 0.2392 0.2392 0.2392
v -0.053812 0.604966 0.004136 0.2392 0.2392 0.2392
v -0.041331 0.648509 0.004136 0.2392 0.2392 0.2392
v -0.032344 0.655113 0.004136 0.2392 0.2392 0.2392
v -0.028322 0.647229 0.004136 0.2392 0.2392 0.2392
v -0.045527 0.604151 0.004136 0.2392 0.2392 0.2392
v -0.300068 0.240223 0.004136 0.2392 0.2392 0.2392
v -0.303075 0.264437 0.004136 0.2392 0.2392 0.2392
v -0.293399 0.253373 0.004136 0.2392 0.2392 0.2392
v -0.286590 0.236658 0.004136 0.2392 0.2392 0.2392
v -0.298152 0.224802 0.004136 0.2392 0.2392 0.2392
v -0.310538 0.219575 0.004136 0.2392 0.2392 0.2392
v -0.308652 0.242494 0.004136 0.2392 0.2392 0.2392
v -0.016959 0.756012 0.004136 0.2392 0.2392 0.2392
v -0.024302 0.733607 0.004136 0.2392 0.2392 0.2392
v -0.020567 0.771097 0.004136 0.2392 0.2392 0.2392
v -0.015281 0.802103 0.004136 0.2392 0.2392 0.2392
v -0.012282 0.770282 0.004136 0.2392 0.2392 0.2392
v -0.011293 0.732327 0.004136 0.2392 0.2392 0.2392
v -0.018027 0.726658 0.004136 0.2392 0.2392 0.2392
v -0.286343 0.201292 0.004136 0.2392 0.2392 0.2392
v -0.301861 0.194962 0.004136 0.2392 0.2392 0.2392
v -0.290857 0.204109 0.004136 0.2392 0.2392 0.2392
v -0.277913 0.212045 0.004136 0.2392 0.2392 0.2392
v -0.276460 0.205324 0.004136 0.2392 0.2392 0.2392
v -0.279255 0.196870 0.004136 0.2392 0.2392 0.2392
v -0.291712 0.194444 0.004136 0.2392 0.2392 0.2392
v -0.256145 0.155514 0.004136 0.2392 0.2392 0.2392
v -0.225502 0.132594 0.004136 0.2392 0.2392 0.2392
v -0.253586 0.147608 0.004136 0.2392 0.2392 0.2392
v -0.282770 0.166021 0.004136 0.2392 0.2392 0.2392
v -0.275661 0.170111 0.004136 0.2392 0.2392 0.2392
v -0.260163 0.167928 0.004136 0.2392 0.2392 0.2392
v -0.239188 0.148823 0.004136 0.2392 0.2392 0.2392
v -0.223462 0.102281 0.004136 0.2392 0.2392 0.2392
v -0.262107 0.132366 0.004136 0.2392 0.2392 0.2392
v -0.236214 0.119313 0.004136 0.2392 0.2392 0.2392
v -0.204839 0.098939 0.004136 0.2392 0.2392 0.2392
v -0.198850 0.083120 0.004136 0.2392 0.2392 0.2392
v -0.203440 0.075538 0.004136 0.2392 0.2392 0.2392
v -0.235322 0.104409 0.004136 0.2392 0.2392 0.2392
v -0.156690 0.072546 0.004136 0.2392 0.2392 0.2392
v -0.146219 0.080759 0.004136 0.2392 0.2392 0.2392
v -0.152910 0.067710 0.004136 0.2392 0.2392 0.2392
v -0.161225 0.056739 0.004136 0.2392 0.2392 0.2392
v -0.163358 0.067315 0.004136 0.2392 0.2392 0.2392
v -0.162625 0.080140 0.004136 0.2392 0.2392 0.2392
v -0.153801 0.082613 0.004136 0.2392 0.2392 0.2392
v -0.116856 0.058024 0.004136 0.2392 0.2392 0.2392
v -0.136042 0.047558 0.004136 0.2392 0.2392 0.2392
v -0.131737 0.059991 0.004136 0.2392 0.2392 0.2392
v -0.121035 0.071578 0.004136 0.2392 0.2392 0.2392
v -0.104637 0.064690 0.004136 0.2392 0.2392 0.2392
v -0.093490 0.054936 0.004136 0.2392 0.2392 0.2392
v -0.114194 0.049392 0.004136 0.2392 0.2392 0.2392
v -0.060665 0.130403 0.004136 0.2392 0.2392 0.2392
v -0.038519 0.173177 0.004136 0.2392 0.2392 0.2392
v -0.044842 0.138724 0.004136 0.2392 0.2392 0.2392
v -0.057966 0.100695 0.004136 0.2392 0.2392 0.2392
v -0.074770 0.103161 0.004136 0.2392 0.2392 0.2392
v -0.085511 0.117337 0.004136 0.2392 0.2392 0.2392
v -0.062385 0.149323 0.004136 0.2392 0.2392 0.2392
v -0.033866 0.823581 0.004136 0.2392 0.2392 0.2392
v -0.025970 0.844821 0.004136 0.2392 0.2392 0.2392
v -0.029554 0.807012 0.004136 0.2392 0.2392 0.2392
v -0.034991 0.776325 0.004136 0.2392 0.2392 0.2392
v -0.038895 0.810054 0.004136 0.2392 0.2392 0.2392
v -0.040637 0.849598 0.004136 0.2392 0.2392 0.2392
v -0.033149 0.853678 0.004136 0.2392 0.2392 0.2392
v 0.018317 0.186306 0.004136 0.2392 0.2392 0.2392
v -0.008032 0.136038 0.004136 0.2392 0.2392 0.2392
v -0.002860 0.168438 0.004136 0.2392 0.2392 0.2392
v 0.011414 0.208519 0.004136 0.2392 0.2392 0.2392
v 0.035098 0.218320 0.004136 0.2392 0.2392 0.2392
v 0.051568 0.214360 0.004136 0.2392 0.2392 0.2392
v 0.022713 0.172158 0.004136 0.2392 0.2392 0.2392
v -0.017143 0.918137 0.004136 0.2392 0.2392 0.2392
v -0.030064 0.909378 0.004136 0.2392 0.2392 0.2392
v -0.018254 0.926758 0.004136 0.2392 0.2392 0.2392
v -0.005967 0.940433 0.004136 0.2392 0.2392 0.2392
v -0.008913 0.923716 0.004136 0.2392 0.2392 0.2392
v -0.015398 0.904600 0.004136 0.2392 0.2392 0.2392
v -0.024261 0.903937 0.004136 0.2392 0.2392 0.2392
v -0.042638 0.943243 0.004136 0.2392 0.2392 0.2392
v -0.022085 0.956306 0.004136 0.2392 0.2392 0.2392
v -0.031805 0.940103 0.004136 0.2392 0.2392 0.2392
v -0.046182 0.925250 0.004136 0.2392 0.2392 0.2392
v -0.055727 0.934924 0.004136 0.2392 0.2392 0.2392
v -0.059646 0.948174 0.004136 0.2392 0.2392 0.2392
v -0.040380 0.954703 0.004136 0.2392 0.2392 0.2392
v 0.011583 0.923558 0.004136 0.2392 0.2392 0.2392
v 0.002763 0.908027 0.004136 0.2392 0.2392 0.2392
v 0.006355 0.926597 0.004136 0.2392 0.2392 0.2392
v 0.012194 0.943860 0.004136 0.2392 0.2392 0.2392
v 0.017200 0.933449 0.004136 0.2392 0.2392 0.2392
v 0.019791 0.918785 0.004136 0.2392 0.2392 0.2392
v 0.011193 0.910627 0.004136 0.2392 0.2392 0.2392
v 0.080876 0.931701 0.004136 0.2392 0.2392 0.2392
v 0.123027 0.922160 0.004136 0.2392 0.2392 0.2392
v 0.096718 0.920678 0.004136 0.2392 0.2392 0.2392
v 0.063599 0.923934 0.004136 0.2392 0.2392 0.2392
v 0.054032 0.937777 0.004136 0.2392 0.2392 0.2392
v 0.056002 0.949009 0.004136 0.2392 0.2392 0.2392
v 0.091880 0.936647 0.004136 0.2392 0.2392 0.2392
v 0.035498 0.269319 0.004136 0.2392 0.2392 0.2392
v 0.021787 0.280113 0.004136 0.2392 0.2392 0.2392
v 0.043918 0.274616 0.004136 0.2392 0.2392 0.2392
v 0.062430 0.266842 0.004136 0.2392 0.2392 0.2392
v 0.044230 0.262444 0.004136 0.2392 0.2392 0.2392
v 0.022276 0.261001 0.004136 0.2392 0.2392 0.2392
v 0.018345 0.270896 0.004136 0.2392 0.2392 0.2392
v 0.137864 0.885714 0.004136 0.2392 0.2392 0.2392
v 0.099628 0.894860 0.004136 0.2392 0.2392 0.2392
v 0.127008 0.896234 0.004136 0.2392 0.2392 0.2392
v 0.159055 0.893087 0.004136 0.2392 0.2392 0.2392
v 0.162215 0.879889 0.004136 0.2392 0.2392 0.2392
v 0.154908 0.869195 0.004136 0.2392 0.2392 0.2392
v 0.124367 0.881019 0.004136 0.2392 0.2392 0.2392
v 0.049185 0.309525 0.004136 0.2392 0.2392 0.2392
v 0.071083 0.292261 0.004136 0.2392 0.2392 0.2392
v 0.051193 0.295987 0.004136 0.2392 0.2392 0.2392
v 0.030440 0.305532 0.004136 0.2392 0.2392 0.2392
v 0.035238 0.320520 0.004136 0.2392 0.2392 0.2392
v 0.046032 0.330781 0.004136 0.2392 0.2392 0.2392
v 0.061123 0.312068 0.004136 0.2392 0.2392 0.2392
v 0.076971 0.343812 0.004136 0.2392 0.2392 0.2392
v 0.088650 0.313938 0.004136 0.2392 0.2392 0.2392
v 0.075892 0.330292 0.004136 0.2392 0.2392 0.2392
v 0.063598 0.352458 0.004136 0.2392 0.2392 0.2392
v 0.069533 0.362838 0.004136 0.2392 0.2392 0.2392
v 0.078665 0.365040 0.004136 0.2392 0.2392 0.2392
v 0.085488 0.338305 0.004136 0.2392 0.2392 0.2392
v 0.128013 0.489906 0.004136 0.2392 0.2392 0.2392
v 0.152185 0.606015 0.004136 0.2392 0.2392 0.2392
v 0.138890 0.510607 0.004136 0.2392 0.2392 0.2392
v 0.120919 0.406301 0.004136 0.2392 0.2392 0.2392
v 0.112618 0.415959 0.004136 0.2392 0.2392 0.2392
v 0.110934 0.457403 0.004136 0.2392 0.2392 0.2392
v 0.132530 0.543152 0.004136 0.2392 0.2392 0.2392
v 0.191637 0.663218 0.004136 0.2392 0.2392 0.2392
v 0.221358 0.758198 0.004136 0.2392 0.2392 0.2392
v 0.191145 0.629867 0.004136 0.2392 0.2392 0.2392
v 0.161143 0.515871 0.004136 0.2392 0.2392 0.2392
v 0.172708 0.602728 0.004136 0.2392 0.2392 0.2392
v 0.192409 0.715585 0.004136 0.2392 0.2392 0.2392
v 0.211057 0.757060 0.004136 0.2392 0.2392 0.2392
v 0.216797 0.855956 0.004136 0.2392 0.2392 0.2392
v 0.204811 0.850382 0.004136 0.2392 0.2392 0.2392
v 0.222199 0.867751 0.004136 0.2392 0.2392 0.2392
v 0.237265 0.880050 0.004136 0.2392 0.2392 0.2392
v 0.224431 0.859506 0.004136 0.2392 0.2392 0.2392
v 0.208315 0.837437 0.004136 0.2392 0.2392 0.2392
v 0.203762 0.840612 0.004136 0.2392 0.2392 0.2392
v 0.217379 0.889342 0.004136 0.2392 0.2392 0.2392
v 0.209326 0.895380 0.004136 0.2392 0.2392 0.2392
v 0.225149 0.900712 0.004136 0.2392 0.2392 0.2392
v 0.237633 0.901157 0.004136 0.2392 0.2392 0.2392
v 0.222508 0.885496 0.004136 0.2392 0.2392 0.2392
v 0.205179 0.871489 0.004136 0.2392 0.2392 0.2392
v 0.204480 0.881817 0.004136 0.2392 0.2392 0.2392
v 0.240627 0.925076 0.004136 0.2392 0.2392 0.2392
v 0.252330 0.923748 0.004136 0.2392 0.2392 0.2392
v 0.237506 0.919706 0.004136 0.2392 0.2392 0.2392
v 0.224024 0.917972 0.004136 0.2392 0.2392 0.2392
v 0.233173 0.925921 0.004136 0.2392 0.2392 0.2392
v 0.245527 0.933507 0.004136 0.2392 0.2392 0.2392
v 0.251201 0.929600 0.004136 0.2392 0.2392 0.2392
v -0.061752 0.758573 0.020461 0.2392 0.2392 0.2392
v -0.069169 0.802862 0.023463 0.2392 0.2392 0.2392
v -0.060660 0.771910 0.018549 0.2392 0.2392 0.2392
v -0.052621 0.735226 0.014457 0.2392 0.2392 0.2392
v -0.057029 0.730366 0.018549 0.2392 0.2392 0.2392
v -0.063467 0.737631 0.023463 0.2392 0.2392 0.2392
v -0.067568 0.773443 0.024285 0.2392 0.2392 0.2392
v -0.086950 0.628452 0.020461 0.2392 0.2392 0.2392
v -0.112901 0.577028 0.023463 0.2392 0.2392 0.2392
v -0.098667 0.612843 0.024285 0.2392 0.2392 0.2392
v -0.079397 0.655367 0.023463 0.2392 0.2392 0.2392
v -0.070422 0.661203 0.018549 0.2392 0.2392 0.2392
v -0.068551 0.652961 0.014457 0.2392 0.2392 0.2392
v -0.091760 0.611311 0.018549 0.2392 0.2392 0.2392
v -0.057039 0.822802 0.012299 0.2392 0.2392 0.2392
v -0.049642 0.775832 0.009296 0.2392 0.2392 0.2392
v -0.058155 0.806050 0.014211 0.2392 0.2392 0.2392
v -0.066189 0.843469 0.018303 0.2392 0.2392 0.2392
v -0.061751 0.852716 0.014211 0.2392 0.2392 0.2392
v -0.055287 0.849105 0.009296 0.2392 0.2392 0.2392
v -0.051212 0.809640 0.008475 0.2392 0.2392 0.2392
v -0.109054 0.551916 0.012299 0.2392 0.2392 0.2392
v -0.082526 0.604574 0.009297 0.2392 0.2392 0.2392
v -0.097704 0.566740 0.008475 0.2392 0.2392 0.2392
v -0.117760 0.522533 0.009297 0.2392 0.2392 0.2392
v -0.125949 0.518380 0.014211 0.2392 0.2392 0.2392
v -0.126875 0.528641 0.018303 0.2392 0.2392 0.2392
v -0.103509 0.570630 0.014211 0.2392 0.2392 0.2392
v -0.074359 0.909988 0.012299 0.2392 0.2392 0.2392
v -0.077139 0.898589 0.018303 0.2392 0.2392 0.2392
v -0.079531 0.913658 0.014211 0.2392 0.2392 0.2392
v -0.079701 0.927150 0.009296 0.2392 0.2392 0.2392
v -0.072588 0.917248 0.008475 0.2392 0.2392 0.2392
v -0.066237 0.904225 0.009296 0.2392 0.2392 0.2392
v -0.070957 0.899058 0.014211 0.2392 0.2392 0.2392
v -0.199494 0.422239 0.012299 0.2392 0.2392 0.2392
v -0.239491 0.379509 0.009297 0.2392 0.2392 0.2392
v -0.215133 0.410577 0.014211 0.2392 0.2392 0.2392
v -0.184053 0.446657 0.018303 0.2392 0.2392 0.2392
v -0.174020 0.449452 0.014211 0.2392 0.2392 0.2392
v -0.174937 0.440549 0.009297 0.2392 0.2392 0.2392
v -0.209328 0.406687 0.008475 0.2392 0.2392 0.2392
v -0.112100 0.937046 0.032499 0.2392 0.2392 0.2392
v -0.100999 0.915695 0.031074 0.2392 0.2392 0.2392
v -0.117538 0.932454 0.039143 0.2392 0.2392 0.2392
v -0.131739 0.951186 0.044356 0.2392 0.2392 0.2392
v -0.119169 0.950643 0.033407 0.2392 0.2392 0.2392
v -0.103561 0.944256 0.022067 0.2392 0.2392 0.2392
v -0.099592 0.928040 0.024948 0.2392 0.2392 0.2392
v -0.267176 0.371750 0.020461 0.2392 0.2392 0.2392
v -0.226842 0.414738 0.023463 0.2392 0.2392 0.2392
v -0.251108 0.383741 0.018549 0.2392 0.2392 0.2392
v -0.282281 0.347590 0.014457 0.2392 0.2392 0.2392
v -0.292864 0.344373 0.018549 0.2392 0.2392 0.2392
v -0.292405 0.352923 0.023463 0.2392 0.2392 0.2392
v -0.257556 0.387138 0.024285 0.2392 0.2392 0.2392
v -0.324185 0.270233 0.012299 0.2392 0.2392 0.2392
v -0.325786 0.238548 0.009297 0.2392 0.2392 0.2392
v -0.327919 0.261842 0.014211 0.2392 0.2392 0.2392
v -0.328447 0.288743 0.018303 0.2392 0.2392 0.2392
v -0.323166 0.290413 0.014211 0.2392 0.2392 0.2392
v -0.318322 0.283410 0.009297 0.2392 0.2392 0.2392
v -0.321471 0.258445 0.008475 0.2392 0.2392 0.2392
v -0.019417 0.981675 0.012299 0.2392 0.2392 0.2392
v -0.044965 0.972471 0.009296 0.2392 0.2392 0.2392
v -0.027067 0.982358 0.014211 0.2392 0.2392 0.2392
v -0.005880 0.991951 0.018303 0.2392 0.2392 0.2392
v -0.003145 0.987537 0.014211 0.2392 0.2392 0.2392
v -0.007404 0.980603 0.009296 0.2392 0.2392 0.2392
v -0.028038 0.975131 0.008475 0.2392 0.2392 0.2392
v -0.341523 0.226035 0.020461 0.2392 0.2392 0.2392
v -0.339408 0.260800 0.023463 0.2392 0.2392 0.2392
v -0.337134 0.238349 0.018549 0.2392 0.2392 0.2392
v -0.336747 0.210605 0.014457 0.2392 0.2392 0.2392
v -0.342869 0.203894 0.018549 0.2392 0.2392 0.2392
v -0.348413 0.206700 0.023463 0.2392 0.2392 0.2392
v -0.344564 0.235862 0.024285 0.2392 0.2392 0.2392
v 0.074458 0.975909 0.020461 0.2392 0.2392 0.2392
v 0.117961 0.962463 0.023463 0.2392 0.2392 0.2392
v 0.087826 0.968014 0.018549 0.2392 0.2392 0.2392
v 0.051945 0.976957 0.014457 0.2392 0.2392 0.2392
v 0.046752 0.984472 0.018549 0.2392 0.2392 0.2392
v 0.053468 0.988305 0.023463 0.2392 0.2392 0.2392
v 0.088796 0.975241 0.024285 0.2392 0.2392 0.2392
v -0.289212 0.118489 0.020461 0.2392 0.2392 0.2392
v -0.303675 0.142613 0.014457 0.2392 0.2392 0.2392
v -0.272570 0.105613 0.018549 0.2392 0.2392 0.2392
v -0.248619 0.074147 0.023463 0.2392 0.2392 0.2392
v -0.280000 0.103126 0.024285 0.2392 0.2392 0.2392
v -0.315342 0.138708 0.023463 0.2392 0.2392 0.2392
v -0.315065 0.146730 0.018549 0.2392 0.2392 0.2392
v 0.133823 0.941290 0.012299 0.2392 0.2392 0.2392
v 0.089476 0.955071 0.009296 0.2392 0.2392 0.2392
v 0.119380 0.949613 0.014211 0.2392 0.2392 0.2392
v 0.155492 0.940577 0.018303 0.2392 0.2392 0.2392
v 0.162067 0.932514 0.014211 0.2392 0.2392 0.2392
v 0.156501 0.928223 0.009296 0.2392 0.2392 0.2392
v 0.120022 0.941745 0.008475 0.2392 0.2392 0.2392
v -0.225466 0.070524 0.012299 0.2392 0.2392 0.2392
v -0.208318 0.043823 0.018303 0.2392 0.2392 0.2392
v -0.238688 0.080118 0.014211 0.2392 0.2392 0.2392
v -0.263374 0.112289 0.009297 0.2392 0.2392 0.2392
v -0.236388 0.087529 0.008475 0.2392 0.2392 0.2392
v -0.204707 0.055461 0.009297 0.2392 0.2392 0.2392
v -0.201324 0.043925 0.014211 0.2392 0.2392 0.2392
v 0.214058 0.931037 0.012299 0.2392 0.2392 0.2392
v 0.228730 0.937276 0.009296 0.2392 0.2392 0.2392
v 0.219051 0.929090 0.008475 0.2392 0.2392 0.2392
v 0.207226 0.921741 0.009296 0.2392 0.2392 0.2392
v 0.204714 0.927064 0.014211 0.2392 0.2392 0.2392
v 0.206218 0.934095 0.018303 0.2392 0.2392 0.2392
v 0.218409 0.936958 0.014211 0.2392 0.2392 0.2392
v -0.128250 0.016519 0.020461 0.2392 0.2392 0.2392
v -0.094648 0.018560 0.023463 0.2392 0.2392 0.2392
v -0.118699 0.013463 0.024285 0.2392 0.2392 0.2392
v -0.146856 0.009680 0.023463 0.2392 0.2392 0.2392
v -0.149650 0.015220 0.018549 0.2392 0.2392 0.2392
v -0.143245 0.021318 0.014457 0.2392 0.2392 0.2392
v -0.116400 0.020875 0.018549 0.2392 0.2392 0.2392
v 0.237497 0.959079 0.020461 0.2392 0.2392 0.2392
v 0.243548 0.955005 0.014457 0.2392 0.2392 0.2392
v 0.230868 0.951863 0.018549 0.2392 0.2392 0.2392
v 0.221037 0.951824 0.023463 0.2392 0.2392 0.2392
v 0.233644 0.961674 0.024285 0.2392 0.2392 0.2392
v 0.247907 0.970410 0.023463 0.2392 0.2392 0.2392
v 0.247981 0.963700 0.018549 0.2392 0.2392 0.2392
v -0.086411 0.033754 0.012299 0.2392 0.2392 0.2392
v -0.068197 0.029456 0.018303 0.2392 0.2392 0.2392
v -0.094161 0.030036 0.014211 0.2392 0.2392 0.2392
v -0.116794 0.032214 0.009297 0.2392 0.2392 0.2392
v -0.098012 0.036491 0.008475 0.2392 0.2392 0.2392
v -0.074243 0.039592 0.009297 0.2392 0.2392 0.2392
v -0.067061 0.034735 0.014211 0.2392 0.2392 0.2392
v 0.275550 0.957359 0.020461 0.2392 0.2392 0.2392
v 0.287080 0.948838 0.023463 0.2392 0.2392 0.2392
v 0.277834 0.949740 0.018549 0.2392 0.2392 0.2392
v 0.267606 0.953917 0.014457 0.2392 0.2392 0.2392
v 0.268207 0.962786 0.018549 0.2392 0.2392 0.2392
v 0.271965 0.969322 0.023463 0.2392 0.2392 0.2392
v 0.280610 0.959551 0.024285 0.2392 0.2392 0.2392
v 0.015309 0.107369 0.020461 0.2392 0.2392 0.2392
v 0.059749 0.159979 0.023463 0.2392 0.2392 0.2392
v 0.031386 0.120894 0.024285 0.2392 0.2392 0.2392
v -0.003888 0.075996 0.023463 0.2392 0.2392 0.2392
v -0.012993 0.073864 0.018549 0.2392 0.2392 0.2392
v -0.009933 0.086133 0.014457 0.2392 0.2392 0.2392
v 0.027536 0.127350 0.018549 0.2392 0.2392 0.2392
v 0.277766 0.934552 0.012299 0.2392 0.2392 0.2392
v 0.269007 0.939499 0.009296 0.2392 0.2392 0.2392
v 0.279012 0.937618 0.014211 0.2392 0.2392 0.2392
v 0.288481 0.934419 0.018303 0.2392 0.2392 0.2392
v 0.283345 0.931402 0.014211 0.2392 0.2392 0.2392
v 0.275810 0.929739 0.009296 0.2392 0.2392 0.2392
v 0.270942 0.934637 0.008475 0.2392 0.2392 0.2392
v 0.238496 0.702023 0.020461 0.2392 0.2392 0.2392
v 0.200851 0.535927 0.023463 0.2392 0.2392 0.2392
v 0.222473 0.647642 0.018549 0.2392 0.2392 0.2392
v 0.250983 0.782731 0.014457 0.2392 0.2392 0.2392
v 0.262471 0.807806 0.018549 0.2392 0.2392 0.2392
v 0.263654 0.787411 0.023463 0.2392 0.2392 0.2392
v 0.230543 0.650622 0.024285 0.2392 0.2392 0.2392
v 0.172438 0.478155 0.012299 0.2392 0.2392 0.2392
v 0.209220 0.641198 0.009297 0.2392 0.2392 0.2392
v 0.187362 0.528648 0.014211 0.2392 0.2392 0.2392
v 0.159088 0.394395 0.018303 0.2392 0.2392 0.2392
v 0.149012 0.374316 0.014211 0.2392 0.2392 0.2392
v 0.149006 0.398871 0.009297 0.2392 0.2392 0.2392
v 0.180940 0.531500 0.008475 0.2392 0.2392 0.2392
v 0.063847 0.187542 0.012299 0.2392 0.2392 0.2392
v 0.090435 0.210665 0.018303 0.2392 0.2392 0.2392
v 0.053335 0.169964 0.014211 0.2392 0.2392 0.2392
v 0.020753 0.136819 0.009297 0.2392 0.2392 0.2392
v 0.046913 0.172815 0.008475 0.2392 0.2392 0.2392
v 0.080353 0.215142 0.009297 0.2392 0.2392 0.2392
v 0.091293 0.219846 0.014211 0.2392 0.2392 0.2392
v -0.233933 -0.046461 0.022535 0.2392 0.2392 0.2392
v -0.229895 -0.073570 0.022535 0.2392 0.2392 0.2392
v -0.239805 -0.055976 0.022535 0.2392 0.2392 0.2392
v -0.247191 -0.034291 0.022535 0.2392 0.2392 0.2392
v -0.236505 -0.029196 0.022535 0.2392 0.2392 0.2392
v -0.224714 -0.031522 0.022535 0.2392 0.2392 0.2392
v -0.225490 -0.054212 0.022535 0.2392 0.2392 0.2392
v -0.281158 0.019636 0.022535 0.2392 0.2392 0.2392
v -0.311857 0.041146 0.022535 0.2392 0.2392 0.2392
v -0.283777 0.027368 0.022535 0.2392 0.2392 0.2392
v -0.254571 0.010266 0.022535 0.2392 0.2392 0.2392
v -0.261607 0.005937 0.022535 0.2392 0.2392 0.2392
v -0.277047 0.007497 0.022535 0.2392 0.2392 0.2392
v -0.298091 0.025604 0.022535 0.2392 0.2392 0.2392
v -0.255712 -0.081529 0.022535 0.2392 0.2392 0.2392
v -0.260960 -0.056461 0.022535 0.2392 0.2392 0.2392
v -0.251381 -0.074615 0.022535 0.2392 0.2392 0.2392
v -0.243664 -0.095741 0.022535 0.2392 0.2392 0.2392
v -0.252370 -0.097494 0.022535 0.2392 0.2392 0.2392
v -0.262513 -0.092384 0.022535 0.2392 0.2392 0.2392
v -0.263386 -0.072477 0.022535 0.2392 0.2392 0.2392
v -0.312018 0.071976 0.022535 0.2392 0.2392 0.2392
v -0.274080 0.043356 0.022535 0.2392 0.2392 0.2392
v -0.300179 0.055188 0.022535 0.2392 0.2392 0.2392
v -0.331367 0.074236 0.022535 0.2392 0.2392 0.2392
v -0.336179 0.090204 0.022535 0.2392 0.2392 0.2392
v -0.330606 0.098337 0.022535 0.2392 0.2392 0.2392
v -0.299695 0.070537 0.022535 0.2392 0.2392 0.2392
v -0.274088 -0.159845 0.022535 0.2392 0.2392 0.2392
v -0.292851 -0.192384 0.022535 0.2392 0.2392 0.2392
v -0.286065 -0.169138 0.022535 0.2392 0.2392 0.2392
v -0.274130 -0.141896 0.022535 0.2392 0.2392 0.2392
v -0.262137 -0.139121 0.022535 0.2392 0.2392 0.2392
v -0.255281 -0.145253 0.022535 0.2392 0.2392 0.2392
v -0.274060 -0.171275 0.022535 0.2392 0.2392 0.2392
v -0.402456 0.097107 0.022535 0.2392 0.2392 0.2392
v -0.431043 0.086973 0.022535 0.2392 0.2392 0.2392
v -0.411317 0.101555 0.022535 0.2392 0.2392 0.2392
v -0.387782 0.114225 0.022535 0.2392 0.2392 0.2392
v -0.384250 0.103562 0.022535 0.2392 0.2392 0.2392
v -0.388544 0.090124 0.022535 0.2392 0.2392 0.2392
v -0.411802 0.086206 0.022535 0.2392 0.2392 0.2392
v -0.315244 -0.184428 0.022535 0.2392 0.2392 0.2392
v -0.300150 -0.157438 0.022535 0.2392 0.2392 0.2392
v -0.307941 -0.182204 0.022535 0.2392 0.2392 0.2392
v -0.318871 -0.207926 0.022535 0.2392 0.2392 0.2392
v -0.324857 -0.201617 0.022535 0.2392 0.2392 0.2392
v -0.326711 -0.187919 0.022535 0.2392 0.2392 0.2392
v -0.312934 -0.169462 0.022535 0.2392 0.2392 0.2392
v -0.450904 0.114492 0.022535 0.2392 0.2392 0.2392
v -0.418411 0.125215 0.022535 0.2392 0.2392 0.2392
v -0.437068 0.110795 0.022535 0.2392 0.2392 0.2392
v -0.461672 0.097963 0.022535 0.2392 0.2392 0.2392
v -0.471597 0.107662 0.022535 0.2392 0.2392 0.2392
v -0.472627 0.120296 0.022535 0.2392 0.2392 0.2392
v -0.444045 0.125018 0.022535 0.2392 0.2392 0.2392
v -0.381034 -0.233129 0.022535 0.2392 0.2392 0.2392
v -0.414334 -0.241963 0.022535 0.2392 0.2392 0.2392
v -0.394135 -0.229571 0.022535 0.2392 0.2392 0.2392
v -0.368304 -0.218708 0.022535 0.2392 0.2392 0.2392
v -0.359827 -0.227503 0.022535 0.2392 0.2392 0.2392
v -0.360465 -0.238716 0.022535 0.2392 0.2392 0.2392
v -0.389142 -0.242313 0.022535 0.2392 0.2392 0.2392
v -0.532770 0.071076 0.022535 0.2392 0.2392 0.2392
v -0.560496 0.049864 0.022535 0.2392 0.2392 0.2392
v -0.545088 0.071433 0.022535 0.2392 0.2392 0.2392
v -0.524384 0.092848 0.022535 0.2392 0.2392 0.2392
v -0.515112 0.084585 0.022535 0.2392 0.2392 0.2392
v -0.513429 0.070515 0.022535 0.2392 0.2392 0.2392
v -0.538111 0.057210 0.022535 0.2392 0.2392 0.2392
v -0.426711 -0.217849 0.022535 0.2392 0.2392 0.2392
v -0.439740 -0.212196 0.022535 0.2392 0.2392 0.2392
v -0.416203 -0.208644 0.022535 0.2392 0.2392 0.2392
v -0.397182 -0.209048 0.022535 0.2392 0.2392 0.2392
v -0.418413 -0.221449 0.022535 0.2392 0.2392 0.2392
v -0.443212 -0.232303 0.022535 0.2392 0.2392 0.2392
v -0.445518 -0.223454 0.022535 0.2392 0.2392 0.2392
v -0.548157 0.022529 0.022535 0.2392 0.2392 0.2392
v -0.570224 0.019172 0.022535 0.2392 0.2392 0.2392
v -0.546289 0.031406 0.022535 0.2392 0.2392 0.2392
v -0.523157 0.039824 0.022535 0.2392 0.2392 0.2392
v -0.534103 0.024667 0.022535 0.2392 0.2392 0.2392
v -0.551089 0.008592 0.022535 0.2392 0.2392 0.2392
v -0.564078 0.011515 0.022535 0.2392 0.2392 0.2392
v -0.515274 -0.201669 0.022535 0.2392 0.2392 0.2392
v -0.550889 -0.180967 0.022535 0.2392 0.2392 0.2392
v -0.525510 -0.188674 0.022535 0.2392 0.2392 0.2392
v -0.495731 -0.201967 0.022535 0.2392 0.2392 0.2392
v -0.492592 -0.214854 0.022535 0.2392 0.2392 0.2392
v -0.499202 -0.222073 0.022535 0.2392 0.2392 0.2392
v -0.527721 -0.201479 0.022535 0.2392 0.2392 0.2392
v -0.592133 -0.049115 0.022535 0.2392 0.2392 0.2392
v -0.599480 -0.084520 0.022535 0.2392 0.2392 0.2392
v -0.600566 -0.057020 0.022535 0.2392 0.2392 0.2392
v -0.598026 -0.026122 0.022535 0.2392 0.2392 0.2392
v -0.587453 -0.026566 0.022535 0.2392 0.2392 0.2392
v -0.578891 -0.036702 0.022535 0.2392 0.2392 0.2392
v -0.588379 -0.063758 0.022535 0.2392 0.2392 0.2392
v -0.542485 -0.155325 0.022535 0.2392 0.2392 0.2392
v -0.512934 -0.172667 0.022535 0.2392 0.2392 0.2392
v -0.539974 -0.164040 0.022535 0.2392 0.2392 0.2392
v -0.568093 -0.151667 0.022535 0.2392 0.2392 0.2392
v -0.561306 -0.144280 0.022535 0.2392 0.2392 0.2392
v -0.546429 -0.141639 0.022535 0.2392 0.2392 0.2392
v -0.526177 -0.157654 0.022535 0.2392 0.2392 0.2392
v -0.573816 -0.092954 0.022535 0.2392 0.2392 0.2392
v -0.587901 -0.112235 0.022535 0.2392 0.2392 0.2392
v -0.578644 -0.087060 0.022535 0.2392 0.2392 0.2392
v -0.567312 -0.064418 0.022535 0.2392 0.2392 0.2392
v -0.564846 -0.080674 0.022535 0.2392 0.2392 0.2392
v -0.566237 -0.102208 0.022535 0.2392 0.2392 0.2392
v -0.577959 -0.111127 0.022535 0.2392 0.2392 0.2392
v -0.465495 0.143491 0.027518 0.2392 0.2392 0.2392
v -0.486996 0.148293 0.031184 0.2392 0.2392 0.2392
v -0.455077 0.146586 0.028686 0.2392 0.2392 0.2392
v -0.427636 0.143549 0.025686 0.2392 0.2392 0.2392
v -0.451801 0.140432 0.025184 0.2392 0.2392 0.2392
v -0.481852 0.138630 0.025686 0.2392 0.2392 0.2392
v -0.489606 0.143454 0.028686 0.2392 0.2392 0.2392
v -0.412949 0.157339 0.032502 0.2392 0.2392 0.2392
v -0.394416 0.152304 0.028836 0.2392 0.2392 0.2392
v -0.427148 0.153947 0.031334 0.2392 0.2392 0.2392
v -0.453776 0.157048 0.034334 0.2392 0.2392 0.2392
v -0.424753 0.160546 0.034836 0.2392 0.2392 0.2392
v -0.390656 0.162665 0.034334 0.2392 0.2392 0.2392
v -0.386948 0.157524 0.031334 0.2392 0.2392 0.2392
v -0.556596 0.103365 0.032502 0.2392 0.2392 0.2392
v -0.539448 0.113262 0.028836 0.2392 0.2392 0.2392
v -0.564241 0.090907 0.031334 0.2392 0.2392 0.2392
v -0.585749 0.073908 0.034334 0.2392 0.2392 0.2392
v -0.567517 0.097062 0.034836 0.2392 0.2392 0.2392
v -0.544592 0.122925 0.034334 0.2392 0.2392 0.2392
v -0.538029 0.122126 0.031334 0.2392 0.2392 0.2392
v -0.307919 0.103209 0.027518 0.2392 0.2392 0.2392
v -0.324254 0.128443 0.031184 0.2392 0.2392 0.2392
v -0.295121 0.093737 0.028686 0.2392 0.2392 0.2392
v -0.271489 0.063102 0.025686 0.2392 0.2392 0.2392
v -0.297516 0.087138 0.025184 0.2392 0.2392 0.2392
v -0.328015 0.118082 0.025686 0.2392 0.2392 0.2392
v -0.331121 0.128752 0.028686 0.2392 0.2392 0.2392
v -0.584663 0.055649 0.027518 0.2392 0.2392 0.2392
v -0.603493 0.043741 0.031184 0.2392 0.2392 0.2392
v -0.579159 0.065545 0.028686 0.2392 0.2392 0.2392
v -0.557192 0.083095 0.025686 0.2392 0.2392 0.2392
v -0.572670 0.063233 0.025184 0.2392 0.2392 0.2392
v -0.593304 0.040111 0.025686 0.2392 0.2392 0.2392
v -0.602158 0.038170 0.028686 0.2392 0.2392 0.2392
v -0.246907 0.056572 0.032502 0.2392 0.2392 0.2392
v -0.232916 0.033617 0.028836 0.2392 0.2392 0.2392
v -0.262691 0.068947 0.031334 0.2392 0.2392 0.2392
v -0.285681 0.098958 0.034334 0.2392 0.2392 0.2392
v -0.255817 0.071191 0.034836 0.2392 0.2392 0.2392
v -0.222123 0.037140 0.034334 0.2392 0.2392 0.2392
v -0.222212 0.029577 0.031334 0.2392 0.2392 0.2392
v -0.618710 -0.036235 0.027518 0.2392 0.2392 0.2392
v -0.616283 -0.076377 0.025686 0.2392 0.2392 0.2392
v -0.621181 -0.047862 0.028686 0.2392 0.2392 0.2392
v -0.625018 -0.014349 0.031184 0.2392 0.2392 0.2392
v -0.620255 -0.010670 0.028686 0.2392 0.2392 0.2392
v -0.614829 -0.017979 0.025686 0.2392 0.2392 0.2392
v -0.614692 -0.050174 0.025184 0.2392 0.2392 0.2392
v -0.194865 -0.044414 0.032502 0.2392 0.2392 0.2392
v -0.189221 -0.026705 0.034334 0.2392 0.2392 0.2392
v -0.191585 -0.053450 0.034836 0.2392 0.2392 0.2392
v -0.195359 -0.076310 0.034334 0.2392 0.2392 0.2392
v -0.198459 -0.055693 0.031334 0.2392 0.2392 0.2392
v -0.200015 -0.030228 0.028836 0.2392 0.2392 0.2392
v -0.194550 -0.024100 0.031334 0.2392 0.2392 0.2392
v -0.629442 -0.093540 0.032502 0.2392 0.2392 0.2392
v -0.633455 -0.117435 0.034334 0.2392 0.2392 0.2392
v -0.633502 -0.081397 0.034836 0.2392 0.2392 0.2392
v -0.631803 -0.050578 0.034334 0.2392 0.2392 0.2392
v -0.626886 -0.078321 0.031334 0.2392 0.2392 0.2392
v -0.623068 -0.112606 0.028836 0.2392 0.2392 0.2392
v -0.627939 -0.120901 0.031334 0.2392 0.2392 0.2392
v -0.209343 -0.085717 0.027518 0.2392 0.2392 0.2392
v -0.209168 -0.056340 0.025686 0.2392 0.2392 0.2392
v -0.206155 -0.077647 0.028686 0.2392 0.2392 0.2392
v -0.204512 -0.102423 0.031184 0.2392 0.2392 0.2392
v -0.209454 -0.104427 0.028686 0.2392 0.2392 0.2392
v -0.214348 -0.098389 0.025686 0.2392 0.2392 0.2392
v -0.212419 -0.075078 0.025184 0.2392 0.2392 0.2392
v -0.577656 -0.196431 0.032502 0.2392 0.2392 0.2392
v -0.590328 -0.177655 0.028836 0.2392 0.2392 0.2392
v -0.562970 -0.205314 0.031334 0.2392 0.2392 0.2392
v -0.541925 -0.229154 0.034334 0.2392 0.2392 0.2392
v -0.569585 -0.208389 0.034836 0.2392 0.2392 0.2392
v -0.600716 -0.182485 0.034334 0.2392 0.2392 0.2392
v -0.600413 -0.175591 0.031334 0.2392 0.2392 0.2392
v -0.248089 -0.166543 0.027518 0.2392 0.2392 0.2392
v -0.229008 -0.153522 0.031184 0.2392 0.2392 0.2392
v -0.253977 -0.177405 0.028686 0.2392 0.2392 0.2392
v -0.276415 -0.196619 0.025686 0.2392 0.2392 0.2392
v -0.260241 -0.174836 0.025184 0.2392 0.2392 0.2392
v -0.238844 -0.149488 0.025686 0.2392 0.2392 0.2392
v -0.230049 -0.147388 0.028686 0.2392 0.2392 0.2392
v -0.521396 -0.229310 0.027518 0.2392 0.2392 0.2392
v -0.506356 -0.249940 0.031184 0.2392 0.2392 0.2392
v -0.533066 -0.222790 0.028686 0.2392 0.2392 0.2392
v -0.554760 -0.198442 0.025686 0.2392 0.2392 0.2392
v -0.530975 -0.216172 0.025184 0.2392 0.2392 0.2392
v -0.503073 -0.239549 0.025686 0.2392 0.2392 0.2392
v -0.500148 -0.248970 0.028686 0.2392 0.2392 0.2392
v -0.425728 -0.263623 0.027518 0.2392 0.2392 0.2392
v -0.442590 -0.261242 0.025686 0.2392 0.2392 0.2392
v -0.412898 -0.258522 0.025184 0.2392 0.2392 0.2392
v -0.388721 -0.257995 0.025686 0.2392 0.2392 0.2392
v -0.414989 -0.265140 0.028686 0.2392 0.2392 0.2392
v -0.445873 -0.271634 0.031184 0.2392 0.2392 0.2392
v -0.449297 -0.267208 0.028686 0.2392 0.2392 0.2392
v -0.277420 -0.218021 0.032502 0.2392 0.2392 0.2392
v -0.294958 -0.229164 0.028836 0.2392 0.2392 0.2392
v -0.269567 -0.204767 0.031334 0.2392 0.2392 0.2392
v -0.247552 -0.186067 0.034334 0.2392 0.2392 0.2392
v -0.266251 -0.210924 0.034836 0.2392 0.2392 0.2392
v -0.289751 -0.238832 0.034334 0.2392 0.2392 0.2392
v -0.296443 -0.238372 0.031334 0.2392 0.2392 0.2392
v -0.372185 -0.269442 0.032502 0.2392 0.2392 0.2392
v -0.412023 -0.275312 0.034334 0.2392 0.2392 0.2392
v -0.386529 -0.268233 0.031334 0.2392 0.2392 0.2392
v -0.354870 -0.261673 0.028836 0.2392 0.2392 0.2392
v -0.346814 -0.265704 0.031334 0.2392 0.2392 0.2392
v -0.349663 -0.271341 0.034334 0.2392 0.2392 0.2392
v -0.383213 -0.274390 0.034836 0.2392 0.2392 0.2392
v -0.336502 0.038247 0.027864 0.2392 0.2392 0.2392
v -0.312036 0.019262 0.025904 0.2392 0.2392 0.2392
v -0.329914 0.028907 0.029112 0.2392 0.2392 0.2392
v -0.350623 0.042566 0.031783 0.2392 0.2392 0.2392
v -0.352083 0.050337 0.029112 0.2392 0.2392 0.2392
v -0.346846 0.052912 0.025904 0.2392 0.2392 0.2392
v -0.327508 0.035496 0.025367 0.2392 0.2392 0.2392
v -0.406569 0.065888 0.027864 0.2392 0.2392 0.2392
v -0.394921 0.060041 0.031783 0.2392 0.2392 0.2392
v -0.416393 0.063022 0.029112 0.2392 0.2392 0.2392
v -0.433643 0.067235 0.025904 0.2392 0.2392 0.2392
v -0.413988 0.069611 0.025367 0.2392 0.2392 0.2392
v -0.391144 0.070387 0.025904 0.2392 0.2392 0.2392
v -0.389326 0.065029 0.029112 0.2392 0.2392 0.2392
v -0.314336 0.004132 0.033192 0.2392 0.2392 0.2392
v -0.336610 0.020998 0.035152 0.2392 0.2392 0.2392
v -0.318132 0.010774 0.031944 0.2392 0.2392 0.2392
v -0.298023 -0.002305 0.029273 0.2392 0.2392 0.2392
v -0.300151 -0.006609 0.031944 0.2392 0.2392 0.2392
v -0.308377 -0.006296 0.035152 0.2392 0.2392 0.2392
v -0.324726 0.008232 0.035689 0.2392 0.2392 0.2392
v -0.440612 0.053898 0.033192 0.2392 0.2392 0.2392
v -0.455165 0.059656 0.029273 0.2392 0.2392 0.2392
v -0.434488 0.056649 0.031944 0.2392 0.2392 0.2392
v -0.416443 0.052461 0.035152 0.2392 0.2392 0.2392
v -0.431343 0.050232 0.035689 0.2392 0.2392 0.2392
v -0.450227 0.049579 0.035152 0.2392 0.2392 0.2392
v -0.456004 0.054814 0.031944 0.2392 0.2392 0.2392
v -0.280772 -0.049546 0.027864 0.2392 0.2392 0.2392
v -0.278356 -0.072164 0.025904 0.2392 0.2392 0.2392
v -0.283300 -0.058019 0.029112 0.2392 0.2392 0.2392
v -0.287157 -0.040232 0.031783 0.2392 0.2392 0.2392
v -0.282310 -0.035141 0.029112 0.2392 0.2392 0.2392
v -0.276803 -0.036241 0.025904 0.2392 0.2392 0.2392
v -0.276706 -0.055477 0.025367 0.2392 0.2392 0.2392
v -0.501023 0.032113 0.027864 0.2392 0.2392 0.2392
v -0.488419 0.035806 0.031783 0.2392 0.2392 0.2392
v -0.505904 0.023343 0.029112 0.2392 0.2392 0.2392
v -0.521290 0.014651 0.025904 0.2392 0.2392 0.2392
v -0.509049 0.029761 0.025367 0.2392 0.2392 0.2392
v -0.493358 0.045883 0.025904 0.2392 0.2392 0.2392
v -0.488115 0.043234 0.029112 0.2392 0.2392 0.2392
v -0.291573 -0.078416 0.033192 0.2392 0.2392 0.2392
v -0.293985 -0.058484 0.035152 0.2392 0.2392 0.2392
v -0.289041 -0.073365 0.031944 0.2392 0.2392 0.2392
v -0.285185 -0.090416 0.029273 0.2392 0.2392 0.2392
v -0.290037 -0.091110 0.031944 0.2392 0.2392 0.2392
v -0.295549 -0.086348 0.035152 0.2392 0.2392 0.2392
v -0.295641 -0.070773 0.035689 0.2392 0.2392 0.2392
v -0.516858 0.000114 0.033192 0.2392 0.2392 0.2392
v -0.531301 -0.005579 0.029273 0.2392 0.2392 0.2392
v -0.514321 0.006335 0.031944 0.2392 0.2392 0.2392
v -0.498431 0.015575 0.035152 0.2392 0.2392 0.2392
v -0.507659 0.003740 0.035689 0.2392 0.2392 0.2392
v -0.520841 -0.009654 0.035152 0.2392 0.2392 0.2392
v -0.528593 -0.009733 0.031944 0.2392 0.2392 0.2392
v -0.312194 -0.126233 0.033192 0.2392 0.2392 0.2392
v -0.329774 -0.141474 0.035152 0.2392 0.2392 0.2392
v -0.321092 -0.129791 0.035689 0.2392 0.2392 0.2392
v -0.308585 -0.116578 0.035152 0.2392 0.2392 0.2392
v -0.300997 -0.116526 0.031944 0.2392 0.2392 0.2392
v -0.298222 -0.120647 0.029273 0.2392 0.2392 0.2392
v -0.314492 -0.132382 0.031944 0.2392 0.2392 0.2392
v -0.536485 -0.049304 0.033192 0.2392 0.2392 0.2392
v -0.532495 -0.070193 0.035152 0.2392 0.2392 0.2392
v -0.538546 -0.054658 0.031944 0.2392 0.2392 0.2392
v -0.543710 -0.036822 0.029273 0.2392 0.2392 0.2392
v -0.539026 -0.036000 0.031944 0.2392 0.2392 0.2392
v -0.533250 -0.040897 0.035152 0.2392 0.2392 0.2392
v -0.531884 -0.057253 0.035689 0.2392 0.2392 0.2392
v -0.326873 -0.157546 0.027864 0.2392 0.2392 0.2392
v -0.307502 -0.140443 0.025904 0.2392 0.2392 0.2392
v -0.319115 -0.155174 0.025367 0.2392 0.2392 0.2392
v -0.334063 -0.170924 0.025904 0.2392 0.2392 0.2392
v -0.339210 -0.168438 0.029112 0.2392 0.2392 0.2392
v -0.339055 -0.161270 0.031783 0.2392 0.2392 0.2392
v -0.322294 -0.149026 0.029112 0.2392 0.2392 0.2392
v -0.544992 -0.079860 0.027864 0.2392 0.2392 0.2392
v -0.548014 -0.093930 0.025904 0.2392 0.2392 0.2392
v -0.549525 -0.073714 0.025367 0.2392 0.2392 0.2392
v -0.549088 -0.056140 0.025904 0.2392 0.2392 0.2392
v -0.543067 -0.070900 0.029112 0.2392 0.2392 0.2392
v -0.537873 -0.089511 0.031783 0.2392 0.2392 0.2392
v -0.542383 -0.094967 0.029112 0.2392 0.2392 0.2392
v -0.386182 -0.178629 0.033192 0.2392 0.2392 0.2392
v -0.371559 -0.184253 0.029273 0.2392 0.2392 0.2392
v -0.392317 -0.181196 0.031944 0.2392 0.2392 0.2392
v -0.410437 -0.177035 0.035152 0.2392 0.2392 0.2392
v -0.395496 -0.175048 0.035689 0.2392 0.2392 0.2392
v -0.376551 -0.174600 0.035152 0.2392 0.2392 0.2392
v -0.370735 -0.179645 0.031944 0.2392 0.2392 0.2392
v -0.510325 -0.132837 0.033192 0.2392 0.2392 0.2392
v -0.488922 -0.148084 0.035152 0.2392 0.2392 0.2392
v -0.506739 -0.139099 0.031944 0.2392 0.2392 0.2392
v -0.526097 -0.127422 0.029273 0.2392 0.2392 0.2392
v -0.523956 -0.123126 0.031944 0.2392 0.2392 0.2392
v -0.515957 -0.123003 0.035152 0.2392 0.2392 0.2392
v -0.500281 -0.136285 0.035689 0.2392 0.2392 0.2392
v -0.420230 -0.190231 0.027864 0.2392 0.2392 0.2392
v -0.431963 -0.184370 0.031783 0.2392 0.2392 0.2392
v -0.410414 -0.187363 0.029112 0.2392 0.2392 0.2392
v -0.393084 -0.191588 0.025904 0.2392 0.2392 0.2392
v -0.412758 -0.193964 0.025367 0.2392 0.2392 0.2392
v -0.435643 -0.194736 0.025904 0.2392 0.2392 0.2392
v -0.437518 -0.189367 0.029112 0.2392 0.2392 0.2392
v -0.489159 -0.164963 0.027864 0.2392 0.2392 0.2392
v -0.479221 -0.178761 0.025904 0.2392 0.2392 0.2392
v -0.497832 -0.162777 0.025367 0.2392 0.2392 0.2392
v -0.512715 -0.147733 0.025904 0.2392 0.2392 0.2392
v -0.495488 -0.156175 0.029112 0.2392 0.2392 0.2392
v -0.475540 -0.168395 0.031783 0.2392 0.2392 0.2392
v -0.474156 -0.175936 0.029112 0.2392 0.2392 0.2392
v -0.105854 0.985043 0.026553 0.2392 0.2392 0.2392
v -0.113576 1.001800 0.026553 0.2392 0.2392 0.2392
v -0.104240 0.991327 0.026553 0.2392 0.2392 0.2392
v -0.095598 0.978153 0.026553 0.2392 0.2392 0.2392
v -0.100936 0.974370 0.026553 0.2392 0.2392 0.2392
v -0.108387 0.975175 0.026553 0.2392 0.2392 0.2392
v -0.112385 0.989431 0.026553 0.2392 0.2392 0.2392
v -0.085546 1.017522 0.026553 0.2392 0.2392 0.2392
v -0.100737 1.022334 0.026553 0.2392 0.2392 0.2392
v -0.087321 1.029518 0.026553 0.2392 0.2392 0.2392
v -0.073142 1.031546 0.026553 0.2392 0.2392 0.2392
v -0.075872 1.014458 0.026553 0.2392 0.2392 0.2392
v -0.082760 0.998687 0.026553 0.2392 0.2392 0.2392
v -0.093446 1.008591 0.026553 0.2392 0.2392 0.2392
v -0.057636 0.998788 0.026553 0.2392 0.2392 0.2392
v -0.065115 0.986843 0.026553 0.2392 0.2392 0.2392
v -0.061036 1.004500 0.026553 0.2392 0.2392 0.2392
v -0.055497 1.019702 0.026553 0.2392 0.2392 0.2392
v -0.052873 1.006395 0.026553 0.2392 0.2392 0.2392
v -0.052297 0.989819 0.026553 0.2392 0.2392 0.2392
v -0.058999 0.985468 0.026553 0.2392 0.2392 0.2392
v -0.076759 1.121051 0.026553 0.2392 0.2392 0.2392
v -0.067509 1.178368 0.026553 0.2392 0.2392 0.2392
v -0.065026 1.142237 0.026553 0.2392 0.2392 0.2392
v -0.067586 1.096998 0.026553 0.2392 0.2392 0.2392
v -0.082650 1.084547 0.026553 0.2392 0.2392 0.2392
v -0.095182 1.087786 0.026553 0.2392 0.2392 0.2392
v -0.082601 1.136370 0.026553 0.2392 0.2392 0.2392
v -0.032921 1.203841 0.026553 0.2392 0.2392 0.2392
v -0.039871 1.149339 0.026553 0.2392 0.2392 0.2392
v -0.041725 1.186242 0.026553 0.2392 0.2392 0.2392
v -0.039794 1.230710 0.026553 0.2392 0.2392 0.2392
v -0.028494 1.238552 0.026553 0.2392 0.2392 0.2392
v -0.019097 1.231474 0.026553 0.2392 0.2392 0.2392
v -0.028543 1.186729 0.026553 0.2392 0.2392 0.2392
v -0.055793 1.369762 0.026553 0.2392 0.2392 0.2392
v -0.054254 1.335607 0.026553 0.2392 0.2392 0.2392
v -0.069955 1.391028 0.026553 0.2392 0.2392 0.2392
v -0.079568 1.437308 0.026553 0.2392 0.2392 0.2392
v -0.056774 1.391515 0.026553 0.2392 0.2392 0.2392
v -0.033558 1.336372 0.026553 0.2392 0.2392 0.2392
v -0.040652 1.326744 0.026553 0.2392 0.2392 0.2392
v -0.071316 1.487944 0.026553 0.2392 0.2392 0.2392
v -0.081194 1.540721 0.026553 0.2392 0.2392 0.2392
v -0.059810 1.472609 0.026553 0.2392 0.2392 0.2392
v -0.043371 1.411088 0.026553 0.2392 0.2392 0.2392
v -0.065024 1.454332 0.026553 0.2392 0.2392 0.2392
v -0.089382 1.512024 0.026553 0.2392 0.2392 0.2392
v -0.089113 1.536892 0.026553 0.2392 0.2392 0.2392
v -0.135067 1.601222 0.026553 0.2392 0.2392 0.2392
v -0.154017 1.607690 0.026553 0.2392 0.2392 0.2392
v -0.138494 1.612420 0.026553 0.2392 0.2392 0.2392
v -0.121499 1.612336 0.026553 0.2392 0.2392 0.2392
v -0.122999 1.597103 0.026553 0.2392 0.2392 0.2392
v -0.129687 1.583640 0.026553 0.2392 0.2392 0.2392
v -0.143709 1.594144 0.026553 0.2392 0.2392 0.2392
v -0.168546 1.687157 0.026553 0.2392 0.2392 0.2392
v -0.187791 1.732787 0.026553 0.2392 0.2392 0.2392
v -0.164319 1.703167 0.026553 0.2392 0.2392 0.2392
v -0.142665 1.666666 0.026553 0.2392 0.2392 0.2392
v -0.156289 1.658097 0.026553 0.2392 0.2392 0.2392
v -0.175182 1.662019 0.026553 0.2392 0.2392 0.2392
v -0.185029 1.700208 0.026553 0.2392 0.2392 0.2392
v -0.358359 1.915886 0.032727 0.2392 0.2392 0.2392
v -0.307794 1.877392 0.030456 0.2392 0.2392 0.2392
v -0.359546 1.904897 0.034173 0.2392 0.2392 0.2392
v -0.410789 1.937125 0.037268 0.2392 0.2392 0.2392
v -0.390563 1.940402 0.034173 0.2392 0.2392 0.2392
v -0.356495 1.933140 0.030456 0.2392 0.2392 0.2392
v -0.324968 1.902359 0.029835 0.2392 0.2392 0.2392
v -0.218333 1.867903 0.026553 0.2392 0.2392 0.2392
v -0.167764 1.853848 0.026553 0.2392 0.2392 0.2392
v -0.186721 1.845675 0.026553 0.2392 0.2392 0.2392
v -0.219267 1.847057 0.026553 0.2392 0.2392 0.2392
v -0.250540 1.876854 0.026553 0.2392 0.2392 0.2392
v -0.267968 1.902804 0.026553 0.2392 0.2392 0.2392
v -0.217738 1.881180 0.026553 0.2392 0.2392 0.2392
v -0.133295 1.757451 0.026553 0.2392 0.2392 0.2392
v -0.120378 1.711107 0.026553 0.2392 0.2392 0.2392
v -0.145582 1.740530 0.026553 0.2392 0.2392 0.2392
v -0.165505 1.777227 0.026553 0.2392 0.2392 0.2392
v -0.141521 1.786966 0.026553 0.2392 0.2392 0.2392
v -0.114001 1.784018 0.026553 0.2392 0.2392 0.2392
v -0.112781 1.744856 0.026553 0.2392 0.2392 0.2392
v -0.019036 1.703865 0.026553 0.2392 0.2392 0.2392
v -0.041765 1.750141 0.026553 0.2392 0.2392 0.2392
v -0.000499 1.720829 0.026553 0.2392 0.2392 0.2392
v 0.032799 1.684225 0.026553 0.2392 0.2392 0.2392
v -0.004561 1.674393 0.026553 0.2392 0.2392 0.2392
v -0.048142 1.677229 0.026553 0.2392 0.2392 0.2392
v -0.052049 1.716373 0.026553 0.2392 0.2392 0.2392
v 0.053336 1.560057 0.026553 0.2392 0.2392 0.2392
v 0.083842 1.500552 0.026553 0.2392 0.2392 0.2392
v 0.037275 1.538880 0.026553 0.2392 0.2392 0.2392
v -0.002388 1.586311 0.026553 0.2392 0.2392 0.2392
v 0.033907 1.597955 0.026553 0.2392 0.2392 0.2392
v 0.078554 1.593308 0.026553 0.2392 0.2392 0.2392
v 0.088825 1.543336 0.026553 0.2392 0.2392 0.2392
v 0.153936 1.502759 0.026553 0.2392 0.2392 0.2392
v 0.172211 1.486867 0.026553 0.2392 0.2392 0.2392
v 0.161440 1.468161 0.026553 0.2392 0.2392 0.2392
v 0.147443 1.464327 0.026553 0.2392 0.2392 0.2392
v 0.142297 1.512881 0.026553 0.2392 0.2392 0.2392
v 0.142155 1.557083 0.026553 0.2392 0.2392 0.2392
v 0.158072 1.527236 0.026553 0.2392 0.2392 0.2392
v 0.172892 1.424294 0.026553 0.2392 0.2392 0.2392
v 0.159427 1.414720 0.026553 0.2392 0.2392 0.2392
v 0.171515 1.426455 0.026553 0.2392 0.2392 0.2392
v 0.184195 1.437260 0.026553 0.2392 0.2392 0.2392
v 0.181467 1.430391 0.026553 0.2392 0.2392 0.2392
v 0.175053 1.420901 0.026553 0.2392 0.2392 0.2392
v 0.165693 1.416036 0.026553 0.2392 0.2392 0.2392
v 0.181460 1.294269 0.026553 0.2392 0.2392 0.2392
v 0.199067 1.211593 0.026553 0.2392 0.2392 0.2392
v 0.182091 1.265974 0.026553 0.2392 0.2392 0.2392
v 0.164844 1.332517 0.026553 0.2392 0.2392 0.2392
v 0.170247 1.346924 0.026553 0.2392 0.2392 0.2392
v 0.180470 1.338698 0.026553 0.2392 0.2392 0.2392
v 0.192043 1.269910 0.026553 0.2392 0.2392 0.2392
v 0.234674 1.168622 0.026553 0.2392 0.2392 0.2392
v 0.232709 1.132157 0.026553 0.2392 0.2392 0.2392
v 0.220328 1.203125 0.026553 0.2392 0.2392 0.2392
v 0.214113 1.259262 0.026553 0.2392 0.2392 0.2392
v 0.235926 1.191846 0.026553 0.2392 0.2392 0.2392
v 0.257201 1.114448 0.026553 0.2392 0.2392 0.2392
v 0.247770 1.110896 0.026553 0.2392 0.2392 0.2392
v 0.242515 1.004460 0.026553 0.2392 0.2392 0.2392
v 0.262158 1.010662 0.026553 0.2392 0.2392 0.2392
v 0.245603 0.989231 0.026553 0.2392 0.2392 0.2392
v 0.227721 0.974346 0.026553 0.2392 0.2392 0.2392
v 0.230005 1.000510 0.026553 0.2392 0.2392 0.2392
v 0.237667 1.028372 0.026553 0.2392 0.2392 0.2392
v 0.251937 1.023639 0.026553 0.2392 0.2392 0.2392
v 0.247146 0.954601 0.026553 0.2392 0.2392 0.2392
v 0.230649 0.942825 0.026553 0.2392 0.2392 0.2392
v 0.248064 0.962730 0.026553 0.2392 0.2392 0.2392
v 0.265085 0.979141 0.026553 0.2392 0.2392 0.2392
v 0.257652 0.962101 0.026553 0.2392 0.2392 0.2392
v 0.245703 0.941838 0.026553 0.2392 0.2392 0.2392
v 0.235720 0.938973 0.026553 0.2392 0.2392 0.2392
v 0.267732 0.953252 0.026553 0.2392 0.2392 0.2392
v 0.258718 0.940985 0.026553 0.2392 0.2392 0.2392
v 0.268595 0.961384 0.026553 0.2392 0.2392 0.2392
v 0.278100 0.978288 0.026553 0.2392 0.2392 0.2392
v 0.273473 0.961064 0.026553 0.2392 0.2392 0.2392
v 0.266378 0.940483 0.026553 0.2392 0.2392 0.2392
v 0.261129 0.937307 0.026553 0.2392 0.2392 0.2392
v 0.153381 1.280365 0.030004 0.2392 0.2392 0.2392
v 0.181315 1.202803 0.028735 0.2392 0.2392 0.2392
v 0.157387 1.252749 0.030812 0.2392 0.2392 0.2392
v 0.131737 1.314566 0.032542 0.2392 0.2392 0.2392
v 0.135591 1.329763 0.030812 0.2392 0.2392 0.2392
v 0.147092 1.323727 0.028735 0.2392 0.2392 0.2392
v 0.167166 1.258583 0.028387 0.2392 0.2392 0.2392
v 0.069205 1.424947 0.033455 0.2392 0.2392 0.2392
v 0.078519 1.405972 0.034724 0.2392 0.2392 0.2392
v 0.053493 1.431197 0.035072 0.2392 0.2392 0.2392
v 0.035220 1.453735 0.034724 0.2392 0.2392 0.2392
v 0.063272 1.437031 0.032647 0.2392 0.2392 0.2392
v 0.093874 1.415133 0.030916 0.2392 0.2392 0.2392
v 0.090849 1.406612 0.032647 0.2392 0.2392 0.2392
v 0.168424 1.170280 0.033455 0.2392 0.2392 0.2392
v 0.141247 1.244969 0.034724 0.2392 0.2392 0.2392
v 0.165382 1.194235 0.032647 0.2392 0.2392 0.2392
v 0.190825 1.133205 0.030916 0.2392 0.2392 0.2392
v 0.185732 1.122713 0.032647 0.2392 0.2392 0.2392
v 0.173200 1.132666 0.034724 0.2392 0.2392 0.2392
v 0.154157 1.193892 0.035072 0.2392 0.2392 0.2392
v 0.004969 1.510975 0.030004 0.2392 0.2392 0.2392
v -0.032966 1.555281 0.028735 0.2392 0.2392 0.2392
v 0.011567 1.512792 0.028387 0.2392 0.2392 0.2392
v 0.053264 1.469522 0.028735 0.2392 0.2392 0.2392
v 0.029129 1.482758 0.030812 0.2392 0.2392 0.2392
v -0.005390 1.508123 0.032542 0.2392 0.2392 0.2392
v -0.025788 1.537376 0.030812 0.2392 0.2392 0.2392
v 0.204344 1.020022 0.030004 0.2392 0.2392 0.2392
v 0.203589 0.984185 0.028735 0.2392 0.2392 0.2392
v 0.198491 1.008439 0.030812 0.2392 0.2392 0.2392
v 0.195909 1.037671 0.032542 0.2392 0.2392 0.2392
v 0.204825 1.042846 0.030812 0.2392 0.2392 0.2392
v 0.213534 1.038210 0.028735 0.2392 0.2392 0.2392
v 0.209716 1.008782 0.028387 0.2392 0.2392 0.2392
v 0.178541 0.972158 0.039629 0.2392 0.2392 0.2392
v 0.170896 0.954998 0.038627 0.2392 0.2392 0.2392
v 0.174344 0.983681 0.038353 0.2392 0.2392 0.2392
v 0.179596 1.007411 0.038627 0.2392 0.2392 0.2392
v 0.183410 0.983087 0.040267 0.2392 0.2392 0.2392
v 0.185132 0.954065 0.041632 0.2392 0.2392 0.2392
v 0.177870 0.949706 0.040267 0.2392 0.2392 0.2392
v -0.038903 1.471212 0.030004 0.2392 0.2392 0.2392
v -0.022879 1.400510 0.028735 0.2392 0.2392 0.2392
v -0.042581 1.463715 0.028387 0.2392 0.2392 0.2392
v -0.060702 1.530143 0.028735 0.2392 0.2392 0.2392
v -0.049108 1.516241 0.030812 0.2392 0.2392 0.2392
v -0.033127 1.482984 0.032542 0.2392 0.2392 0.2392
v -0.025019 1.433681 0.030812 0.2392 0.2392 0.2392
v 0.011524 1.354201 0.033455 0.2392 0.2392 0.2392
v 0.009001 1.326534 0.030916 0.2392 0.2392 0.2392
v 0.001784 1.371486 0.032647 0.2392 0.2392 0.2392
v -0.001246 1.409008 0.034724 0.2392 0.2392 0.2392
v 0.013130 1.371822 0.035072 0.2392 0.2392 0.2392
v 0.026816 1.327061 0.034724 0.2392 0.2392 0.2392
v 0.019657 1.319296 0.032647 0.2392 0.2392 0.2392
v 0.017933 1.204353 0.033455 0.2392 0.2392 0.2392
v 0.030868 1.232325 0.034724 0.2392 0.2392 0.2392
v 0.021040 1.186874 0.035072 0.2392 0.2392 0.2392
v 0.009877 1.148937 0.034724 0.2392 0.2392 0.2392
v 0.009694 1.186539 0.032647 0.2392 0.2392 0.2392
v 0.013053 1.231798 0.030916 0.2392 0.2392 0.2392
v 0.023063 1.239647 0.032647 0.2392 0.2392 0.2392
v -0.017042 1.129435 0.030004 0.2392 0.2392 0.2392
v -0.029832 1.102298 0.028735 0.2392 0.2392 0.2392
v -0.020103 1.147180 0.028387 0.2392 0.2392 0.2392
v -0.009058 1.184434 0.028735 0.2392 0.2392 0.2392
v -0.008896 1.146717 0.030812 0.2392 0.2392 0.2392
v -0.012234 1.101572 0.032542 0.2392 0.2392 0.2392
v -0.022126 1.094407 0.030812 0.2392 0.2392 0.2392
v -0.030540 1.028524 0.036178 0.2392 0.2392 0.2392
v -0.032486 1.009296 0.039450 0.2392 0.2392 0.2392
v -0.036763 1.022633 0.036007 0.2392 0.2392 0.2392
v -0.038366 1.038502 0.032638 0.2392 0.2392 0.2392
v -0.029301 1.040770 0.034094 0.2392 0.2392 0.2392
v -0.020768 1.037775 0.036446 0.2392 0.2392 0.2392
v -0.025556 1.022170 0.038432 0.2392 0.2392 0.2392
v -0.007677 1.006275 0.039629 0.2392 0.2392 0.2392
v -0.018031 0.995230 0.041632 0.2392 0.2392 0.2392
v -0.013404 1.010344 0.040267 0.2392 0.2392 0.2392
v -0.006314 1.023709 0.038627 0.2392 0.2392 0.2392
v -0.001083 1.013310 0.038353 0.2392 0.2392 0.2392
v 0.001314 0.999887 0.038627 0.2392 0.2392 0.2392
v -0.008545 0.995172 0.040267 0.2392 0.2392 0.2392
v 0.197667 1.428825 0.032727 0.2392 0.2392 0.2392
v 0.199859 1.440124 0.030456 0.2392 0.2392 0.2392
v 0.202094 1.432047 0.034173 0.2392 0.2392 0.2392
v 0.202426 1.422584 0.037268 0.2392 0.2392 0.2392
v 0.196271 1.421628 0.034173 0.2392 0.2392 0.2392
v 0.190716 1.423765 0.030456 0.2392 0.2392 0.2392
v 0.194636 1.432799 0.029835 0.2392 0.2392 0.2392
v 0.216920 1.442932 0.038901 0.2392 0.2392 0.2392
v 0.214598 1.431503 0.041172 0.2392 0.2392 0.2392
v 0.212327 1.439545 0.037455 0.2392 0.2392 0.2392
v 0.212030 1.449043 0.034359 0.2392 0.2392 0.2392
v 0.218398 1.450211 0.037455 0.2392 0.2392 0.2392
v 0.224131 1.448251 0.041172 0.2392 0.2392 0.2392
v 0.220033 1.439040 0.041793 0.2392 0.2392 0.2392
v -0.153749 1.003938 0.052009 0.2392 0.2392 0.2392
v -0.148991 0.984409 0.056690 0.2392 0.2392 0.2392
v -0.160049 0.997692 0.057972 0.2392 0.2392 0.2392
v -0.168399 1.013660 0.056690 0.2392 0.2392 0.2392
v -0.156778 1.016376 0.049028 0.2392 0.2392 0.2392
v -0.143856 1.013746 0.042647 0.2392 0.2392 0.2392
v -0.144418 0.997747 0.049028 0.2392 0.2392 0.2392
v -0.115909 1.359107 0.052009 0.2392 0.2392 0.2392
v -0.138788 1.418819 0.056690 0.2392 0.2392 0.2392
v -0.115418 1.377880 0.049028 0.2392 0.2392 0.2392
v -0.092260 1.328871 0.042647 0.2392 0.2392 0.2392
v -0.101339 1.321078 0.049028 0.2392 0.2392 0.2392
v -0.116680 1.329631 0.056690 0.2392 0.2392 0.2392
v -0.130971 1.378364 0.057972 0.2392 0.2392 0.2392
v -0.116720 1.450592 0.039281 0.2392 0.2392 0.2392
v -0.092773 1.386709 0.034600 0.2392 0.2392 0.2392
v -0.115849 1.426507 0.042262 0.2392 0.2392 0.2392
v -0.139300 1.476657 0.048643 0.2392 0.2392 0.2392
v -0.131971 1.491277 0.042262 0.2392 0.2392 0.2392
v -0.118087 1.488409 0.034600 0.2392 0.2392 0.2392
v -0.102339 1.433991 0.033318 0.2392 0.2392 0.2392
v -0.203455 1.576126 0.052009 0.2392 0.2392 0.2392
v -0.197253 1.591824 0.042647 0.2392 0.2392 0.2392
v -0.193569 1.573320 0.049028 0.2392 0.2392 0.2392
v -0.194136 1.556022 0.056690 0.2392 0.2392 0.2392
v -0.207406 1.566128 0.057972 0.2392 0.2392 0.2392
v -0.218978 1.580533 0.056690 0.2392 0.2392 0.2392
v -0.209391 1.588930 0.049028 0.2392 0.2392 0.2392
v -0.236711 1.660124 0.052009 0.2392 0.2392 0.2392
v -0.251854 1.701807 0.056690 0.2392 0.2392 0.2392
v -0.234615 1.676993 0.049028 0.2392 0.2392 0.2392
v -0.218277 1.644929 0.042647 0.2392 0.2392 0.2392
v -0.227068 1.633578 0.049028 0.2392 0.2392 0.2392
v -0.240003 1.633637 0.056690 0.2392 0.2392 0.2392
v -0.248452 1.669802 0.057972 0.2392 0.2392 0.2392
v -0.228449 1.734496 0.039281 0.2392 0.2392 0.2392
v -0.213054 1.691948 0.034600 0.2392 0.2392 0.2392
v -0.230223 1.716524 0.042262 0.2392 0.2392 0.2392
v -0.246630 1.748826 0.048643 0.2392 0.2392 0.2392
v -0.238253 1.761594 0.042262 0.2392 0.2392 0.2392
v -0.225662 1.762715 0.034600 0.2392 0.2392 0.2392
v -0.216869 1.725370 0.033318 0.2392 0.2392 0.2392
v -0.161714 1.564562 0.039281 0.2392 0.2392 0.2392
v -0.167746 1.548711 0.048643 0.2392 0.2392 0.2392
v -0.171382 1.567173 0.042262 0.2392 0.2392 0.2392
v -0.170863 1.584513 0.034600 0.2392 0.2392 0.2392
v -0.157872 1.574658 0.033318 0.2392 0.2392 0.2392
v -0.146533 1.560463 0.034600 0.2392 0.2392 0.2392
v -0.155887 1.551856 0.042262 0.2392 0.2392 0.2392
v -0.480630 1.922364 0.058183 0.2392 0.2392 0.2392
v -0.406063 1.867599 0.060593 0.2392 0.2392 0.2392
v -0.475879 1.910355 0.061253 0.2392 0.2392 0.2392
v -0.547737 1.958273 0.060593 0.2392 0.2392 0.2392
v -0.528120 1.957243 0.056648 0.2392 0.2392 0.2392
v -0.488090 1.941222 0.053362 0.2392 0.2392 0.2392
v -0.437891 1.899495 0.056648 0.2392 0.2392 0.2392
v -0.333223 1.852772 0.045455 0.2392 0.2392 0.2392
v -0.394898 1.897224 0.045315 0.2392 0.2392 0.2392
v -0.346186 1.871350 0.040938 0.2392 0.2392 0.2392
v -0.291902 1.837490 0.038503 0.2392 0.2392 0.2392
v -0.293944 1.824462 0.045544 0.2392 0.2392 0.2392
v -0.312870 1.823602 0.052547 0.2392 0.2392 0.2392
v -0.359540 1.862504 0.049882 0.2392 0.2392 0.2392
v -0.436136 0.044765 0.055998 0.2392 0.2392 0.2392
v -0.447397 0.043805 0.049570 0.2392 0.2392 0.2392
v -0.428964 0.045377 0.047811 0.2392 0.2392 0.2392
v -0.413613 0.046687 0.049570 0.2392 0.2392 0.2392
v -0.428964 0.045377 0.060092 0.2392 0.2392 0.2392
v -0.447397 0.043805 0.068854 0.2392 0.2392 0.2392
v -0.450480 0.043542 0.060092 0.2392 0.2392 0.2392
v -0.405516 0.047378 0.073476 0.2392 0.2392 0.2392
v -0.394255 0.048338 0.079904 0.2392 0.2392 0.2392
v -0.412688 0.046766 0.081663 0.2392 0.2392 0.2392
v -0.428039 0.045456 0.079904 0.2392 0.2392 0.2392
v -0.412688 0.046766 0.069382 0.2392 0.2392 0.2392
v -0.394255 0.048338 0.060620 0.2392 0.2392 0.2392
v -0.391172 0.048601 0.069382 0.2392 0.2392 0.2392
v -0.349309 0.025253 0.055998 0.2392 0.2392 0.2392
v -0.358720 0.034351 0.068854 0.2392 0.2392 0.2392
v -0.361296 0.036841 0.060092 0.2392 0.2392 0.2392
v -0.358720 0.034351 0.049570 0.2392 0.2392 0.2392
v -0.343315 0.019458 0.047811 0.2392 0.2392 0.2392
v -0.330487 0.007057 0.049570 0.2392 0.2392 0.2392
v -0.343315 0.019458 0.060092 0.2392 0.2392 0.2392
v -0.323720 0.000515 0.073476 0.2392 0.2392 0.2392
v -0.314309 -0.008583 0.079904 0.2392 0.2392 0.2392
v -0.329714 0.006310 0.081663 0.2392 0.2392 0.2392
v -0.342542 0.018711 0.079904 0.2392 0.2392 0.2392
v -0.329714 0.006310 0.069382 0.2392 0.2392 0.2392
v -0.314309 -0.008583 0.060620 0.2392 0.2392 0.2392
v -0.311733 -0.011073 0.069382 0.2392 0.2392 0.2392
v -0.113891 0.344422 0.073975 0.2392 0.2392 0.2392
v -0.117155 0.344494 0.080771 0.2392 0.2392 0.2392
v -0.118048 0.344514 0.069647 0.2392 0.2392 0.2392
v -0.117155 0.344494 0.060384 0.2392 0.2392 0.2392
v -0.111813 0.344377 0.069647 0.2392 0.2392 0.2392
v -0.107365 0.344279 0.080771 0.2392 0.2392 0.2392
v -0.111813 0.344377 0.082632 0.2392 0.2392 0.2392
v -0.048607 0.304809 0.055498 0.2392 0.2392 0.2392
v -0.039865 0.297596 0.069090 0.2392 0.2392 0.2392
v -0.054175 0.309403 0.059826 0.2392 0.2392 0.2392
v -0.066091 0.319235 0.048702 0.2392 0.2392 0.2392
v -0.054175 0.309403 0.046842 0.2392 0.2392 0.2392
v -0.039865 0.297596 0.048702 0.2392 0.2392 0.2392
v -0.037472 0.295621 0.059826 0.2392 0.2392 0.2392
v -0.105018 0.344228 0.055498 0.2392 0.2392 0.2392
v -0.101755 0.344156 0.069089 0.2392 0.2392 0.2392
v -0.107097 0.344273 0.059826 0.2392 0.2392 0.2392
v -0.111545 0.344371 0.048702 0.2392 0.2392 0.2392
v -0.107097 0.344273 0.046841 0.2392 0.2392 0.2392
v -0.101755 0.344156 0.048702 0.2392 0.2392 0.2392
v -0.100862 0.344136 0.059826 0.2392 0.2392 0.2392
v -0.072376 0.324421 0.073975 0.2392 0.2392 0.2392
v -0.081118 0.331634 0.080771 0.2392 0.2392 0.2392
v -0.083511 0.333609 0.069647 0.2392 0.2392 0.2392
v -0.081118 0.331634 0.060384 0.2392 0.2392 0.2392
v -0.066809 0.319827 0.069647 0.2392 0.2392 0.2392
v -0.054892 0.309995 0.080771 0.2392 0.2392 0.2392
v -0.066809 0.319827 0.082632 0.2392 0.2392 0.2392
v -0.299785 0.114950 0.052699 0.2392 0.2392 0.2392
v -0.322026 0.136470 0.043845 0.2392 0.2392 0.2392
v -0.285621 0.101244 0.041421 0.2392 0.2392 0.2392
v -0.255303 0.071910 0.043845 0.2392 0.2392 0.2392
v -0.285621 0.101244 0.058339 0.2392 0.2392 0.2392
v -0.322026 0.136470 0.070408 0.2392 0.2392 0.2392
v -0.328115 0.142362 0.058339 0.2392 0.2392 0.2392
v -0.239313 0.056437 0.076775 0.2392 0.2392 0.2392
v -0.217072 0.034917 0.085629 0.2392 0.2392 0.2392
v -0.253477 0.070143 0.088053 0.2392 0.2392 0.2392
v -0.283795 0.099478 0.085629 0.2392 0.2392 0.2392
v -0.253477 0.070143 0.071135 0.2392 0.2392 0.2392
v -0.217072 0.034917 0.059066 0.2392 0.2392 0.2392
v -0.210983 0.029025 0.071135 0.2392 0.2392 0.2392
v -0.131522 0.005972 0.052699 0.2392 0.2392 0.2392
v -0.148925 0.003012 0.043845 0.2392 0.2392 0.2392
v -0.120439 0.007857 0.041421 0.2392 0.2392 0.2392
v -0.096717 0.011891 0.043845 0.2392 0.2392 0.2392
v -0.120439 0.007857 0.058339 0.2392 0.2392 0.2392
v -0.148925 0.003012 0.070408 0.2392 0.2392 0.2392
v -0.153689 0.002202 0.058339 0.2392 0.2392 0.2392
v -0.084205 0.014019 0.076775 0.2392 0.2392 0.2392
v -0.066802 0.016979 0.085629 0.2392 0.2392 0.2392
v -0.095288 0.012134 0.088053 0.2392 0.2392 0.2392
v -0.119010 0.008100 0.085629 0.2392 0.2392 0.2392
v -0.095288 0.012134 0.071135 0.2392 0.2392 0.2392
v -0.066802 0.016979 0.059066 0.2392 0.2392 0.2392
v -0.062038 0.017789 0.071135 0.2392 0.2392 0.2392
v -0.037146 0.316731 0.015098 0.2392 0.2392 0.2392
v -0.032620 0.305133 0.023161 0.2392 0.2392 0.2392
v -0.045430 0.320962 0.017665 0.2392 0.2392 0.2392
v -0.054680 0.334972 0.011066 0.2392 0.2392 0.2392
v -0.040029 0.324117 0.009962 0.2392 0.2392 0.2392
v -0.024140 0.310088 0.011066 0.2392 0.2392 0.2392
v -0.025980 0.305114 0.017665 0.2392 0.2392 0.2392
v -0.115572 0.354521 0.026059 0.2392 0.2392 0.2392
v -0.118217 0.350878 0.030090 0.2392 0.2392 0.2392
v -0.120123 0.356978 0.023491 0.2392 0.2392 0.2392
v -0.120072 0.362021 0.017996 0.2392 0.2392 0.2392
v -0.113888 0.356841 0.023491 0.2392 0.2392 0.2392
v -0.108427 0.350664 0.030090 0.2392 0.2392 0.2392
v -0.112706 0.349745 0.031194 0.2392 0.2392 0.2392
v -0.068601 0.331853 0.026059 0.2392 0.2392 0.2392
v -0.052505 0.314693 0.030091 0.2392 0.2392 0.2392
v -0.064802 0.323777 0.031194 0.2392 0.2392 0.2392
v -0.078731 0.336332 0.030090 0.2392 0.2392 0.2392
v -0.078851 0.342781 0.023491 0.2392 0.2392 0.2392
v -0.074566 0.344532 0.017996 0.2392 0.2392 0.2392
v -0.062149 0.329000 0.023492 0.2392 0.2392 0.2392
v -0.102924 0.361758 0.015097 0.2392 0.2392 0.2392
v -0.100431 0.355239 0.023160 0.2392 0.2392 0.2392
v -0.107165 0.360688 0.017665 0.2392 0.2392 0.2392
v -0.112076 0.366596 0.011066 0.2392 0.2392 0.2392
v -0.104512 0.365910 0.009962 0.2392 0.2392 0.2392
v -0.096265 0.363439 0.011066 0.2392 0.2392 0.2392
v -0.097095 0.358677 0.017665 0.2392 0.2392 0.2392
v -0.037146 0.316731 0.114376 0.2392 0.2392 0.2392
v -0.054680 0.334972 0.118408 0.2392 0.2392 0.2392
v -0.045430 0.320962 0.111809 0.2392 0.2392 0.2392
v -0.032620 0.305133 0.106313 0.2392 0.2392 0.2392
v -0.025980 0.305114 0.111809 0.2392 0.2392 0.2392
v -0.024140 0.310088 0.118408 0.2392 0.2392 0.2392
v -0.040029 0.324117 0.119512 0.2392 0.2392 0.2392
v -0.068601 0.331853 0.103415 0.2392 0.2392 0.2392
v -0.052506 0.314693 0.099383 0.2392 0.2392 0.2392
v -0.062149 0.329000 0.105982 0.2392 0.2392 0.2392
v -0.074566 0.344532 0.111478 0.2392 0.2392 0.2392
v -0.078852 0.342781 0.105982 0.2392 0.2392 0.2392
v -0.078732 0.336332 0.099383 0.2392 0.2392 0.2392
v -0.064802 0.323777 0.098279 0.2392 0.2392 0.2392
v -0.102924 0.361758 0.114376 0.2392 0.2392 0.2392
v -0.112076 0.366596 0.118408 0.2392 0.2392 0.2392
v -0.107165 0.360688 0.111809 0.2392 0.2392 0.2392
v -0.100431 0.355239 0.106313 0.2392 0.2392 0.2392
v -0.097096 0.358677 0.111809 0.2392 0.2392 0.2392
v -0.096265 0.363439 0.118408 0.2392 0.2392 0.2392
v -0.104512 0.365910 0.119512 0.2392 0.2392 0.2392
v -0.115573 0.354521 0.103415 0.2392 0.2392 0.2392
v -0.108428 0.350664 0.099383 0.2392 0.2392 0.2392
v -0.113888 0.356841 0.105982 0.2392 0.2392 0.2392
v -0.120073 0.362021 0.111478 0.2392 0.2392 0.2392
v -0.120123 0.356978 0.105982 0.2392 0.2392 0.2392
v -0.118218 0.350878 0.099383 0.2392 0.2392 0.2392
v -0.112707 0.349745 0.098279 0.2392 0.2392 0.2392
v 0.025882 0.888821 0.026059 0.2392 0.2392 0.2392
v 0.029162 0.887904 0.030091 0.2392 0.2392 0.2392
v 0.024004 0.883724 0.031194 0.2392 0.2392 0.2392
v 0.019653 0.881736 0.030091 0.2392 0.2392 0.2392
v 0.023794 0.889406 0.023492 0.2392 0.2392 0.2392
v 0.028831 0.896825 0.017996 0.2392 0.2392 0.2392
v 0.029849 0.893334 0.023492 0.2392 0.2392 0.2392
v 0.077870 0.874277 0.026059 0.2392 0.2392 0.2392
v 0.061699 0.887629 0.017996 0.2392 0.2392 0.2392
v 0.087958 0.871454 0.023492 0.2392 0.2392 0.2392
v 0.109881 0.856493 0.030091 0.2392 0.2392 0.2392
v 0.088169 0.865773 0.031194 0.2392 0.2392 0.2392
v 0.062029 0.878708 0.030091 0.2392 0.2392 0.2392
v 0.057482 0.885603 0.023492 0.2392 0.2392 0.2392
v 0.010150 0.887156 0.015098 0.2392 0.2392 0.2392
v 0.009707 0.880683 0.023161 0.2392 0.2392 0.2392
v 0.004586 0.881669 0.017665 0.2392 0.2392 0.2392
v 0.001857 0.885014 0.011066 0.2392 0.2392 0.2392
v 0.010432 0.891279 0.009962 0.2392 0.2392 0.2392
v 0.018885 0.895772 0.011066 0.2392 0.2392 0.2392
v 0.015431 0.888521 0.017665 0.2392 0.2392 0.2392
v 0.127672 0.859101 0.015098 0.2392 0.2392 0.2392
v 0.141367 0.846899 0.023161 0.2392 0.2392 0.2392
v 0.114430 0.863388 0.017665 0.2392 0.2392 0.2392
v 0.093184 0.878035 0.011066 0.2392 0.2392 0.2392
v 0.118950 0.866873 0.009962 0.2392 0.2392 0.2392
v 0.148465 0.852370 0.011066 0.2392 0.2392 0.2392
v 0.149636 0.847043 0.017665 0.2392 0.2392 0.2392
v 0.127672 0.859101 0.114376 0.2392 0.2392 0.2392
v 0.148465 0.852370 0.118408 0.2392 0.2392 0.2392
v 0.118950 0.866873 0.119511 0.2392 0.2392 0.2392
v 0.093184 0.878035 0.118408 0.2392 0.2392 0.2392
v 0.114430 0.863388 0.111809 0.2392 0.2392 0.2392
v 0.141367 0.846898 0.106313 0.2392 0.2392 0.2392
v 0.149636 0.847043 0.111809 0.2392 0.2392 0.2392
v 0.077870 0.874277 0.103415 0.2392 0.2392 0.2392
v 0.109881 0.856493 0.099383 0.2392 0.2392 0.2392
v 0.087958 0.871454 0.105982 0.2392 0.2392 0.2392
v 0.061699 0.887629 0.111478 0.2392 0.2392 0.2392
v 0.057482 0.885603 0.105982 0.2392 0.2392 0.2392
v 0.062029 0.878708 0.099383 0.2392 0.2392 0.2392
v 0.088169 0.865773 0.098279 0.2392 0.2392 0.2392
v 0.025882 0.888821 0.103415 0.2392 0.2392 0.2392
v 0.028831 0.896825 0.111478 0.2392 0.2392 0.2392
v 0.023794 0.889406 0.105982 0.2392 0.2392 0.2392
v 0.019653 0.881736 0.099383 0.2392 0.2392 0.2392
v 0.024004 0.883724 0.098279 0.2392 0.2392 0.2392
v 0.029162 0.887904 0.099383 0.2392 0.2392 0.2392
v 0.029849 0.893334 0.105982 0.2392 0.2392 0.2392
v 0.010150 0.887156 0.114376 0.2392 0.2392 0.2392
v 0.009707 0.880683 0.106313 0.2392 0.2392 0.2392
v 0.015431 0.888521 0.111809 0.2392 0.2392 0.2392
v 0.018885 0.895772 0.118408 0.2392 0.2392 0.2392
v 0.010432 0.891279 0.119511 0.2392 0.2392 0.2392
v 0.001857 0.885014 0.118408 0.2392 0.2392 0.2392
v 0.004586 0.881669 0.111809 0.2392 0.2392 0.2392
v 0.017564 0.875146 0.055498 0.2392 0.2392 0.2392
v 0.014394 0.873090 0.069090 0.2392 0.2392 0.2392
v 0.013527 0.872527 0.059826 0.2392 0.2392 0.2392
v 0.014394 0.873090 0.048703 0.2392 0.2392 0.2392
v 0.019583 0.876455 0.046842 0.2392 0.2392 0.2392
v 0.023903 0.879258 0.048703 0.2392 0.2392 0.2392
v 0.019583 0.876455 0.059826 0.2392 0.2392 0.2392
v 0.026182 0.880736 0.073976 0.2392 0.2392 0.2392
v 0.029352 0.882792 0.060384 0.2392 0.2392 0.2392
v 0.030219 0.883355 0.069648 0.2392 0.2392 0.2392
v 0.029352 0.882792 0.080771 0.2392 0.2392 0.2392
v 0.024163 0.879427 0.082632 0.2392 0.2392 0.2392
v 0.019843 0.876624 0.080771 0.2392 0.2392 0.2392
v 0.024163 0.879427 0.069648 0.2392 0.2392 0.2392
v 0.078169 0.866191 0.055498 0.2392 0.2392 0.2392
v 0.110071 0.851381 0.048703 0.2392 0.2392 0.2392
v 0.088328 0.861475 0.059826 0.2392 0.2392 0.2392
v 0.062219 0.873597 0.069090 0.2392 0.2392 0.2392
v 0.057852 0.875624 0.059826 0.2392 0.2392 0.2392
v 0.062219 0.873596 0.048703 0.2392 0.2392 0.2392
v 0.088328 0.861475 0.046842 0.2392 0.2392 0.2392
v 0.121539 0.846057 0.073976 0.2392 0.2392 0.2392
v 0.089637 0.860867 0.080771 0.2392 0.2392 0.2392
v 0.111380 0.850773 0.069648 0.2392 0.2392 0.2392
v 0.137489 0.838651 0.060384 0.2392 0.2392 0.2392
v 0.141856 0.836624 0.069648 0.2392 0.2392 0.2392
v 0.137489 0.838651 0.080771 0.2392 0.2392 0.2392
v 0.111380 0.850773 0.082632 0.2392 0.2392 0.2392
v 0.055288 1.416644 0.074013 0.2392 0.2392 0.2392
v 0.026422 1.448485 0.080837 0.2392 0.2392 0.2392
v 0.046096 1.426784 0.069667 0.2392 0.2392 0.2392
v 0.069721 1.400723 0.060366 0.2392 0.2392 0.2392
v 0.073672 1.396365 0.069667 0.2392 0.2392 0.2392
v 0.069721 1.400723 0.080837 0.2392 0.2392 0.2392
v 0.046096 1.426784 0.082705 0.2392 0.2392 0.2392
v 0.016045 1.459932 0.055460 0.2392 0.2392 0.2392
v 0.044911 1.428090 0.048636 0.2392 0.2392 0.2392
v 0.025237 1.449793 0.059805 0.2392 0.2392 0.2392
v 0.001612 1.475853 0.069107 0.2392 0.2392 0.2392
v -0.002339 1.480211 0.059805 0.2392 0.2392 0.2392
v 0.001612 1.475853 0.048636 0.2392 0.2392 0.2392
v 0.025237 1.449793 0.046768 0.2392 0.2392 0.2392
v -0.367466 -0.278204 0.055653 0.2392 0.2392 0.2392
v -0.346679 -0.276881 0.069016 0.2392 0.2392 0.2392
v -0.380704 -0.279047 0.059908 0.2392 0.2392 0.2392
v -0.409039 -0.280852 0.048971 0.2392 0.2392 0.2392
v -0.380704 -0.279047 0.047142 0.2392 0.2392 0.2392
v -0.346679 -0.276881 0.048971 0.2392 0.2392 0.2392
v -0.340988 -0.276518 0.059908 0.2392 0.2392 0.2392
v -0.423984 -0.281804 0.073820 0.2392 0.2392 0.2392
v -0.382411 -0.279156 0.080502 0.2392 0.2392 0.2392
v -0.410746 -0.280961 0.082331 0.2392 0.2392 0.2392
v -0.444771 -0.283127 0.080502 0.2392 0.2392 0.2392
v -0.450462 -0.283490 0.069565 0.2392 0.2392 0.2392
v -0.444771 -0.283127 0.060457 0.2392 0.2392 0.2392
v -0.410746 -0.280961 0.069565 0.2392 0.2392 0.2392
v -0.533787 -0.243106 0.055653 0.2392 0.2392 0.2392
v -0.514190 -0.258662 0.069016 0.2392 0.2392 0.2392
v -0.546268 -0.233198 0.059908 0.2392 0.2392 0.2392
v -0.572981 -0.211993 0.048971 0.2392 0.2392 0.2392
v -0.546268 -0.233198 0.047142 0.2392 0.2392 0.2392
v -0.514190 -0.258662 0.048971 0.2392 0.2392 0.2392
v -0.508825 -0.262921 0.059908 0.2392 0.2392 0.2392
v -0.587070 -0.200808 0.073820 0.2392 0.2392 0.2392
v -0.606667 -0.185252 0.060457 0.2392 0.2392 0.2392
v -0.574589 -0.210716 0.069565 0.2392 0.2392 0.2392
v -0.547876 -0.231921 0.080502 0.2392 0.2392 0.2392
v -0.574589 -0.210716 0.082331 0.2392 0.2392 0.2392
v -0.606667 -0.185252 0.080502 0.2392 0.2392 0.2392
v -0.612032 -0.180993 0.069565 0.2392 0.2392 0.2392
v -0.299549 -0.049475 0.073476 0.2392 0.2392 0.2392
v -0.300591 -0.068051 0.079904 0.2392 0.2392 0.2392
v -0.299881 -0.055391 0.081663 0.2392 0.2392 0.2392
v -0.299028 -0.040188 0.079904 0.2392 0.2392 0.2392
v -0.298885 -0.037645 0.069382 0.2392 0.2392 0.2392
v -0.299028 -0.040188 0.060620 0.2392 0.2392 0.2392
v -0.299881 -0.055391 0.069382 0.2392 0.2392 0.2392
v -0.300966 -0.074729 0.055998 0.2392 0.2392 0.2392
v -0.301487 -0.084016 0.068854 0.2392 0.2392 0.2392
v -0.300634 -0.068813 0.060092 0.2392 0.2392 0.2392
v -0.299924 -0.056153 0.049570 0.2392 0.2392 0.2392
v -0.300634 -0.068813 0.047811 0.2392 0.2392 0.2392
v -0.301487 -0.084016 0.049570 0.2392 0.2392 0.2392
v -0.301630 -0.086559 0.060092 0.2392 0.2392 0.2392
v -0.321587 -0.122546 0.073476 0.2392 0.2392 0.2392
v -0.335712 -0.139143 0.079904 0.2392 0.2392 0.2392
v -0.326085 -0.127831 0.081663 0.2392 0.2392 0.2392
v -0.314524 -0.114247 0.079904 0.2392 0.2392 0.2392
v -0.312590 -0.111975 0.069382 0.2392 0.2392 0.2392
v -0.314524 -0.114247 0.060620 0.2392 0.2392 0.2392
v -0.326085 -0.127831 0.069382 0.2392 0.2392 0.2392
v -0.340790 -0.145109 0.055998 0.2392 0.2392 0.2392
v -0.347853 -0.153408 0.068854 0.2392 0.2392 0.2392
v -0.336292 -0.139824 0.060092 0.2392 0.2392 0.2392
v -0.326665 -0.128512 0.049570 0.2392 0.2392 0.2392
v -0.336292 -0.139824 0.047811 0.2392 0.2392 0.2392
v -0.347853 -0.153408 0.049570 0.2392 0.2392 0.2392
v -0.349787 -0.155680 0.060092 0.2392 0.2392 0.2392
v -0.101642 0.165352 0.055498 0.2392 0.2392 0.2392
v -0.115710 0.148614 0.069090 0.2392 0.2392 0.2392
v -0.092682 0.176013 0.059826 0.2392 0.2392 0.2392
v -0.073504 0.198830 0.048702 0.2392 0.2392 0.2392
v -0.092682 0.176013 0.046842 0.2392 0.2392 0.2392
v -0.115710 0.148614 0.048702 0.2392 0.2392 0.2392
v -0.119562 0.144031 0.059826 0.2392 0.2392 0.2392
v -0.063389 0.210865 0.073976 0.2392 0.2392 0.2392
v -0.091527 0.177387 0.080771 0.2392 0.2392 0.2392
v -0.072349 0.200204 0.082632 0.2392 0.2392 0.2392
v -0.049321 0.227603 0.080771 0.2392 0.2392 0.2392
v -0.045469 0.232186 0.069648 0.2392 0.2392 0.2392
v -0.049321 0.227603 0.060384 0.2392 0.2392 0.2392
v -0.072349 0.200204 0.069648 0.2392 0.2392 0.2392
v -0.025037 0.265984 0.073976 0.2392 0.2392 0.2392
v -0.024964 0.273050 0.080771 0.2392 0.2392 0.2392
v -0.025014 0.268234 0.069648 0.2392 0.2392 0.2392
v -0.025074 0.262450 0.060384 0.2392 0.2392 0.2392
v -0.025084 0.261483 0.069648 0.2392 0.2392 0.2392
v -0.025074 0.262450 0.080771 0.2392 0.2392 0.2392
v -0.025014 0.268234 0.082632 0.2392 0.2392 0.2392
v -0.024938 0.275590 0.055498 0.2392 0.2392 0.2392
v -0.025011 0.268524 0.048703 0.2392 0.2392 0.2392
v -0.024961 0.273340 0.059826 0.2392 0.2392 0.2392
v -0.024901 0.279124 0.069090 0.2392 0.2392 0.2392
v -0.024891 0.280091 0.059826 0.2392 0.2392 0.2392
v -0.024901 0.279124 0.048703 0.2392 0.2392 0.2392
v -0.024961 0.273340 0.046842 0.2392 0.2392 0.2392
v -0.109778 0.911160 0.064737 0.2392 0.2392 0.2392
v -0.130271 0.934821 0.064737 0.2392 0.2392 0.2392
v -0.116304 0.918695 0.056278 0.2392 0.2392 0.2392
v -0.099531 0.899330 0.051455 0.2392 0.2392 0.2392
v -0.096726 0.896091 0.064737 0.2392 0.2392 0.2392
v -0.099532 0.899330 0.078019 0.2392 0.2392 0.2392
v -0.116304 0.918695 0.073196 0.2392 0.2392 0.2392
v -0.076750 0.819874 0.052699 0.2392 0.2392 0.2392
v -0.078651 0.841617 0.043845 0.2392 0.2392 0.2392
v -0.075539 0.806026 0.041421 0.2392 0.2392 0.2392
v -0.072949 0.776386 0.043845 0.2392 0.2392 0.2392
v -0.075539 0.806026 0.058339 0.2392 0.2392 0.2392
v -0.078651 0.841617 0.070408 0.2392 0.2392 0.2392
v -0.079171 0.847570 0.058339 0.2392 0.2392 0.2392
v -0.071582 0.760753 0.076775 0.2392 0.2392 0.2392
v -0.069681 0.739010 0.085629 0.2392 0.2392 0.2392
v -0.072793 0.774601 0.088053 0.2392 0.2392 0.2392
v -0.075383 0.804241 0.085629 0.2392 0.2392 0.2392
v -0.072793 0.774601 0.071135 0.2392 0.2392 0.2392
v -0.069681 0.739010 0.059065 0.2392 0.2392 0.2392
v -0.069161 0.733057 0.071135 0.2392 0.2392 0.2392
v -0.096779 0.630633 0.052699 0.2392 0.2392 0.2392
v -0.085611 0.656746 0.043845 0.2392 0.2392 0.2392
v -0.103892 0.614002 0.041421 0.2392 0.2392 0.2392
v -0.119115 0.578407 0.043845 0.2392 0.2392 0.2392
v -0.103892 0.614002 0.058339 0.2392 0.2392 0.2392
v -0.085611 0.656746 0.070408 0.2392 0.2392 0.2392
v -0.082554 0.663894 0.058339 0.2392 0.2392 0.2392
v -0.127145 0.559632 0.076775 0.2392 0.2392 0.2392
v -0.138313 0.533519 0.085629 0.2392 0.2392 0.2392
v -0.120032 0.576263 0.088053 0.2392 0.2392 0.2392
v -0.104809 0.611858 0.085629 0.2392 0.2392 0.2392
v -0.120032 0.576263 0.071135 0.2392 0.2392 0.2392
v -0.138313 0.533519 0.059065 0.2392 0.2392 0.2392
v -0.141370 0.526371 0.071135 0.2392 0.2392 0.2392
v -0.216931 0.432608 0.052699 0.2392 0.2392 0.2392
v -0.195077 0.453213 0.043845 0.2392 0.2392 0.2392
v -0.230849 0.419485 0.041421 0.2392 0.2392 0.2392
v -0.260639 0.391398 0.043845 0.2392 0.2392 0.2392
v -0.230849 0.419485 0.058339 0.2392 0.2392 0.2392
v -0.195077 0.453213 0.070408 0.2392 0.2392 0.2392
v -0.189094 0.458853 0.058339 0.2392 0.2392 0.2392
v -0.276352 0.376584 0.076775 0.2392 0.2392 0.2392
v -0.298206 0.355979 0.085629 0.2392 0.2392 0.2392
v -0.262434 0.389707 0.088053 0.2392 0.2392 0.2392
v -0.232644 0.417794 0.085629 0.2392 0.2392 0.2392
v -0.262434 0.389707 0.071135 0.2392 0.2392 0.2392
v -0.298206 0.355979 0.059066 0.2392 0.2392 0.2392
v -0.304189 0.350339 0.071135 0.2392 0.2392 0.2392
v -0.343935 0.271528 0.052699 0.2392 0.2392 0.2392
v -0.340933 0.289561 0.043845 0.2392 0.2392 0.2392
v -0.345846 0.260043 0.041421 0.2392 0.2392 0.2392
v -0.349938 0.235461 0.043845 0.2392 0.2392 0.2392
v -0.345846 0.260043 0.058339 0.2392 0.2392 0.2392
v -0.340933 0.289561 0.070408 0.2392 0.2392 0.2392
v -0.340111 0.294498 0.058339 0.2392 0.2392 0.2392
v -0.352096 0.222495 0.076775 0.2392 0.2392 0.2392
v -0.355098 0.204462 0.085629 0.2392 0.2392 0.2392
v -0.350185 0.233980 0.088053 0.2392 0.2392 0.2392
v -0.346093 0.258562 0.085629 0.2392 0.2392 0.2392
v -0.350185 0.233980 0.071135 0.2392 0.2392 0.2392
v -0.355098 0.204462 0.059066 0.2392 0.2392 0.2392
v -0.355920 0.199525 0.071135 0.2392 0.2392 0.2392
v -0.089522 0.153807 0.015097 0.2392 0.2392 0.2392
v -0.108048 0.141314 0.023160 0.2392 0.2392 0.2392
v -0.080457 0.167610 0.017665 0.2392 0.2392 0.2392
v -0.056763 0.187973 0.011066 0.2392 0.2392 0.2392
v -0.077723 0.161763 0.009962 0.2392 0.2392 0.2392
v -0.103754 0.132133 0.011066 0.2392 0.2392 0.2392
v -0.110385 0.132047 0.017665 0.2392 0.2392 0.2392
v -0.055161 0.207640 0.026059 0.2392 0.2392 0.2392
v -0.086324 0.175349 0.030090 0.2392 0.2392 0.2392
v -0.067976 0.198490 0.031194 0.2392 0.2392 0.2392
v -0.044118 0.225565 0.030091 0.2392 0.2392 0.2392
v -0.035313 0.228206 0.023492 0.2392 0.2392 0.2392
v -0.035039 0.222007 0.017996 0.2392 0.2392 0.2392
v -0.062193 0.196225 0.023491 0.2392 0.2392 0.2392
v -0.016809 0.262759 0.026059 0.2392 0.2392 0.2392
v -0.019762 0.271012 0.030091 0.2392 0.2392 0.2392
v -0.014858 0.264254 0.023492 0.2392 0.2392 0.2392
v -0.010793 0.256854 0.017996 0.2392 0.2392 0.2392
v -0.014928 0.257504 0.023492 0.2392 0.2392 0.2392
v -0.019872 0.260412 0.030091 0.2392 0.2392 0.2392
v -0.020640 0.266520 0.031195 0.2392 0.2392 0.2392
v -0.009024 0.276856 0.015098 0.2392 0.2392 0.2392
v -0.005871 0.265767 0.011066 0.2392 0.2392 0.2392
v -0.010720 0.271747 0.017665 0.2392 0.2392 0.2392
v -0.014840 0.279924 0.023161 0.2392 0.2392 0.2392
v -0.011032 0.283919 0.017665 0.2392 0.2392 0.2392
v -0.006360 0.284878 0.011066 0.2392 0.2392 0.2392
v -0.005319 0.274903 0.009962 0.2392 0.2392 0.2392
v -0.016809 0.262759 0.103415 0.2392 0.2392 0.2392
v -0.010793 0.256854 0.111478 0.2392 0.2392 0.2392
v -0.014858 0.264254 0.105982 0.2392 0.2392 0.2392
v -0.019762 0.271012 0.099383 0.2392 0.2392 0.2392
v -0.020640 0.266520 0.098279 0.2392 0.2392 0.2392
v -0.019872 0.260412 0.099383 0.2392 0.2392 0.2392
v -0.014928 0.257504 0.105982 0.2392 0.2392 0.2392
v -0.055161 0.207640 0.103415 0.2392 0.2392 0.2392
v -0.086324 0.175349 0.099383 0.2392 0.2392 0.2392
v -0.062193 0.196225 0.105982 0.2392 0.2392 0.2392
v -0.035039 0.222007 0.111478 0.2392 0.2392 0.2392
v -0.035313 0.228206 0.105982 0.2392 0.2392 0.2392
v -0.044118 0.225565 0.099383 0.2392 0.2392 0.2392
v -0.067976 0.198490 0.098279 0.2392 0.2392 0.2392
v -0.009024 0.276856 0.114376 0.2392 0.2392 0.2392
v -0.014840 0.279924 0.106313 0.2392 0.2392 0.2392
v -0.010720 0.271747 0.111809 0.2392 0.2392 0.2392
v -0.005871 0.265767 0.118408 0.2392 0.2392 0.2392
v -0.005319 0.274903 0.119512 0.2392 0.2392 0.2392
v -0.006360 0.284878 0.118408 0.2392 0.2392 0.2392
v -0.011032 0.283919 0.111809 0.2392 0.2392 0.2392
v -0.089522 0.153807 0.114376 0.2392 0.2392 0.2392
v -0.056763 0.187973 0.118408 0.2392 0.2392 0.2392
v -0.080457 0.167610 0.111809 0.2392 0.2392 0.2392
v -0.108048 0.141314 0.106313 0.2392 0.2392 0.2392
v -0.110385 0.132047 0.111809 0.2392 0.2392 0.2392
v -0.103754 0.132133 0.118408 0.2392 0.2392 0.2392
v -0.077723 0.161763 0.119512 0.2392 0.2392 0.2392
v 0.180950 0.824108 0.015098 0.2392 0.2392 0.2392
v 0.185653 0.817302 0.011066 0.2392 0.2392 0.2392
v 0.180188 0.820199 0.017665 0.2392 0.2392 0.2392
v 0.175050 0.824775 0.023161 0.2392 0.2392 0.2392
v 0.177955 0.828443 0.017665 0.2392 0.2392 0.2392
v 0.182148 0.830247 0.011066 0.2392 0.2392 0.2392
v 0.184708 0.823684 0.009962 0.2392 0.2392 0.2392
v 0.175881 0.812530 0.026059 0.2392 0.2392 0.2392
v 0.171845 0.817455 0.030091 0.2392 0.2392 0.2392
v 0.177493 0.814044 0.023492 0.2392 0.2392 0.2392
v 0.182448 0.809982 0.017996 0.2392 0.2392 0.2392
v 0.178451 0.809393 0.023492 0.2392 0.2392 0.2392
v 0.173350 0.810152 0.030091 0.2392 0.2392 0.2392
v 0.171699 0.814152 0.031194 0.2392 0.2392 0.2392
v 0.141163 0.675354 0.026059 0.2392 0.2392 0.2392
v 0.160498 0.723258 0.017996 0.2392 0.2392 0.2392
v 0.134642 0.644737 0.023492 0.2392 0.2392 0.2392
v 0.111589 0.579377 0.030091 0.2392 0.2392 0.2392
v 0.128848 0.644845 0.031194 0.2392 0.2392 0.2392
v 0.151400 0.723427 0.030091 0.2392 0.2392 0.2392
v 0.159997 0.736480 0.023492 0.2392 0.2392 0.2392
v 0.112022 0.540509 0.015098 0.2392 0.2392 0.2392
v 0.093166 0.494126 0.023161 0.2392 0.2392 0.2392
v 0.119153 0.573063 0.017665 0.2392 0.2392 0.2392
v 0.142075 0.638007 0.011066 0.2392 0.2392 0.2392
v 0.124031 0.570050 0.009962 0.2392 0.2392 0.2392
v 0.100824 0.489395 0.011066 0.2392 0.2392 0.2392
v 0.092881 0.478415 0.017665 0.2392 0.2392 0.2392
v 0.059942 0.402549 0.026059 0.2392 0.2392 0.2392
v 0.067899 0.402174 0.017996 0.2392 0.2392 0.2392
v 0.059752 0.399774 0.023492 0.2392 0.2392 0.2392
v 0.051687 0.398567 0.030091 0.2392 0.2392 0.2392
v 0.054875 0.402788 0.031195 0.2392 0.2392 0.2392
v 0.060240 0.406906 0.030091 0.2392 0.2392 0.2392
v 0.065199 0.405085 0.023492 0.2392 0.2392 0.2392
v 0.180950 0.824108 0.114376 0.2392 0.2392 0.2392
v 0.175050 0.824775 0.106313 0.2392 0.2392 0.2392
v 0.180188 0.820199 0.111809 0.2392 0.2392 0.2392
v 0.185653 0.817302 0.118408 0.2392 0.2392 0.2392
v 0.184708 0.823684 0.119511 0.2392 0.2392 0.2392
v 0.182148 0.830247 0.118408 0.2392 0.2392 0.2392
v 0.177955 0.828443 0.111809 0.2392 0.2392 0.2392
v 0.175881 0.812530 0.103415 0.2392 0.2392 0.2392
v 0.182448 0.809982 0.111478 0.2392 0.2392 0.2392
v 0.177493 0.814044 0.105982 0.2392 0.2392 0.2392
v 0.171845 0.817455 0.099383 0.2392 0.2392 0.2392
v 0.171699 0.814152 0.098279 0.2392 0.2392 0.2392
v 0.173350 0.810152 0.099383 0.2392 0.2392 0.2392
v 0.178451 0.809393 0.105982 0.2392 0.2392 0.2392
v 0.141163 0.675354 0.103415 0.2392 0.2392 0.2392
v 0.151400 0.723427 0.099383 0.2392 0.2392 0.2392
v 0.128848 0.644845 0.098279 0.2392 0.2392 0.2392
v 0.111589 0.579377 0.099383 0.2392 0.2392 0.2392
v 0.134642 0.644737 0.105982 0.2392 0.2392 0.2392
v 0.160498 0.723258 0.111478 0.2392 0.2392 0.2392
v 0.159997 0.736480 0.105982 0.2392 0.2392 0.2392
v 0.112022 0.540509 0.114376 0.2392 0.2392 0.2392
v 0.100824 0.489395 0.118408 0.2392 0.2392 0.2392
v 0.124031 0.570050 0.119511 0.2392 0.2392 0.2392
v 0.142075 0.638007 0.118408 0.2392 0.2392 0.2392
v 0.119153 0.573063 0.111809 0.2392 0.2392 0.2392
v 0.093166 0.494126 0.106313 0.2392 0.2392 0.2392
v 0.092881 0.478415 0.111809 0.2392 0.2392 0.2392
v 0.059942 0.402549 0.103415 0.2392 0.2392 0.2392
v 0.051687 0.398567 0.099383 0.2392 0.2392 0.2392
v 0.059752 0.399774 0.105982 0.2392 0.2392 0.2392
v 0.067899 0.402174 0.111478 0.2392 0.2392 0.2392
v 0.065199 0.405085 0.105982 0.2392 0.2392 0.2392
v 0.060240 0.406906 0.099383 0.2392 0.2392 0.2392
v 0.054875 0.402788 0.098279 0.2392 0.2392 0.2392
v 0.193387 0.971185 0.036178 0.2392 0.2392 0.2392
v 0.188982 1.006796 0.036446 0.2392 0.2392 0.2392
v 0.192667 0.982480 0.034094 0.2392 0.2392 0.2392
v 0.196662 0.953309 0.032638 0.2392 0.2392 0.2392
v 0.196193 0.948506 0.036007 0.2392 0.2392 0.2392
v 0.194518 0.953450 0.039450 0.2392 0.2392 0.2392
v 0.191301 0.982570 0.038432 0.2392 0.2392 0.2392
v 0.193387 0.971185 0.093296 0.2392 0.2392 0.2392
v 0.196662 0.953309 0.096836 0.2392 0.2392 0.2392
v 0.192667 0.982480 0.095380 0.2392 0.2392 0.2392
v 0.188982 1.006796 0.093028 0.2392 0.2392 0.2392
v 0.191301 0.982570 0.091041 0.2392 0.2392 0.2392
v 0.194518 0.953450 0.090024 0.2392 0.2392 0.2392
v 0.196193 0.948506 0.093466 0.2392 0.2392 0.2392
v -0.126802 0.979886 0.090193 0.2392 0.2392 0.2392
v -0.126819 0.998539 0.094874 0.2392 0.2392 0.2392
v -0.130095 0.984962 0.087212 0.2392 0.2392 0.2392
v -0.131955 0.969203 0.080831 0.2392 0.2392 0.2392
v -0.126790 0.968005 0.087212 0.2392 0.2392 0.2392
v -0.121630 0.971915 0.094874 0.2392 0.2392 0.2392
v -0.123520 0.986689 0.096156 0.2392 0.2392 0.2392
v -0.126802 0.979886 0.039281 0.2392 0.2392 0.2392
v -0.131955 0.969203 0.048643 0.2392 0.2392 0.2392
v -0.130095 0.984962 0.042262 0.2392 0.2392 0.2392
v -0.126819 0.998540 0.034600 0.2392 0.2392 0.2392
v -0.123520 0.986689 0.033318 0.2392 0.2392 0.2392
v -0.121630 0.971915 0.034600 0.2392 0.2392 0.2392
v -0.126790 0.968005 0.042262 0.2392 0.2392 0.2392
v 0.045249 0.399280 0.073976 0.2392 0.2392 0.2392
v 0.050951 0.404839 0.080771 0.2392 0.2392 0.2392
v 0.047065 0.401050 0.069648 0.2392 0.2392 0.2392
v 0.042398 0.396500 0.060384 0.2392 0.2392 0.2392
v 0.041617 0.395739 0.069648 0.2392 0.2392 0.2392
v 0.042398 0.396500 0.080771 0.2392 0.2392 0.2392
v 0.047065 0.401050 0.082632 0.2392 0.2392 0.2392
v 0.166272 0.819303 0.055498 0.2392 0.2392 0.2392
v 0.167275 0.814434 0.048703 0.2392 0.2392 0.2392
v 0.166591 0.817752 0.059826 0.2392 0.2392 0.2392
v 0.165770 0.821737 0.069090 0.2392 0.2392 0.2392
v 0.165633 0.822404 0.059826 0.2392 0.2392 0.2392
v 0.165770 0.821737 0.048703 0.2392 0.2392 0.2392
v 0.166591 0.817752 0.046842 0.2392 0.2392 0.2392
v 0.053001 0.406837 0.055498 0.2392 0.2392 0.2392
v 0.047299 0.401278 0.048703 0.2392 0.2392 0.2392
v 0.051185 0.405067 0.059826 0.2392 0.2392 0.2392
v 0.055852 0.409617 0.069090 0.2392 0.2392 0.2392
v 0.056633 0.410378 0.059826 0.2392 0.2392 0.2392
v 0.055852 0.409617 0.048703 0.2392 0.2392 0.2392
v 0.051185 0.405067 0.046842 0.2392 0.2392 0.2392
v 0.167635 0.812683 0.073976 0.2392 0.2392 0.2392
v 0.166632 0.817552 0.080771 0.2392 0.2392 0.2392
v 0.167316 0.814234 0.069648 0.2392 0.2392 0.2392
v 0.168137 0.810249 0.060384 0.2392 0.2392 0.2392
v 0.168274 0.809582 0.069648 0.2392 0.2392 0.2392
v 0.168137 0.810249 0.080771 0.2392 0.2392 0.2392
v 0.167316 0.814234 0.082632 0.2392 0.2392 0.2392
v 0.096835 0.544951 0.073976 0.2392 0.2392 0.2392
v 0.083565 0.496935 0.080771 0.2392 0.2392 0.2392
v 0.105287 0.575532 0.082632 0.2392 0.2392 0.2392
v 0.123376 0.640985 0.080771 0.2392 0.2392 0.2392
v 0.105287 0.575532 0.069648 0.2392 0.2392 0.2392
v 0.083565 0.496935 0.060384 0.2392 0.2392 0.2392
v 0.079932 0.483790 0.069648 0.2392 0.2392 0.2392
v 0.132917 0.675508 0.055498 0.2392 0.2392 0.2392
v 0.146187 0.723525 0.048703 0.2392 0.2392 0.2392
v 0.124465 0.644927 0.046842 0.2392 0.2392 0.2392
v 0.106376 0.579474 0.048703 0.2392 0.2392 0.2392
v 0.124465 0.644927 0.059826 0.2392 0.2392 0.2392
v 0.146187 0.723524 0.069090 0.2392 0.2392 0.2392
v 0.149820 0.736669 0.059826 0.2392 0.2392 0.2392
v 0.123490 1.271574 0.074013 0.2392 0.2392 0.2392
v 0.144792 1.196706 0.080837 0.2392 0.2392 0.2392
v 0.130274 1.247733 0.082705 0.2392 0.2392 0.2392
v 0.112840 1.309008 0.080837 0.2392 0.2392 0.2392
v 0.109924 1.319256 0.069667 0.2392 0.2392 0.2392
v 0.112840 1.309008 0.060366 0.2392 0.2392 0.2392
v 0.130274 1.247733 0.069667 0.2392 0.2392 0.2392
v 0.152450 1.169791 0.055460 0.2392 0.2392 0.2392
v 0.163101 1.132357 0.069107 0.2392 0.2392 0.2392
v 0.145666 1.193632 0.059805 0.2392 0.2392 0.2392
v 0.131148 1.244660 0.048636 0.2392 0.2392 0.2392
v 0.145666 1.193632 0.046768 0.2392 0.2392 0.2392
v 0.163100 1.132357 0.048636 0.2392 0.2392 0.2392
v 0.166016 1.122110 0.059805 0.2392 0.2392 0.2392
v 0.173524 1.020506 0.074013 0.2392 0.2392 0.2392
v 0.167724 0.985565 0.080837 0.2392 0.2392 0.2392
v 0.171677 1.009380 0.082705 0.2392 0.2392 0.2392
v 0.176424 1.037977 0.080837 0.2392 0.2392 0.2392
v 0.177218 1.042760 0.069667 0.2392 0.2392 0.2392
v 0.176424 1.037977 0.060366 0.2392 0.2392 0.2392
v 0.171677 1.009380 0.069667 0.2392 0.2392 0.2392
v 0.165639 0.973004 0.055460 0.2392 0.2392 0.2392
v 0.162739 0.955533 0.069107 0.2392 0.2392 0.2392
v 0.167486 0.984131 0.059806 0.2392 0.2392 0.2392
v 0.171439 1.007945 0.048636 0.2392 0.2392 0.2392
v 0.167486 0.984131 0.046768 0.2392 0.2392 0.2392
v 0.162739 0.955533 0.048636 0.2392 0.2392 0.2392
v 0.161945 0.950750 0.059806 0.2392 0.2392 0.2392
v -0.561258 0.112123 0.073820 0.2392 0.2392 0.2392
v -0.588696 0.079445 0.080502 0.2392 0.2392 0.2392
v -0.569996 0.101717 0.082331 0.2392 0.2392 0.2392
v -0.547539 0.128462 0.080502 0.2392 0.2392 0.2392
v -0.543784 0.132935 0.069565 0.2392 0.2392 0.2392
v -0.547539 0.128462 0.060457 0.2392 0.2392 0.2392
v -0.569996 0.101717 0.069565 0.2392 0.2392 0.2392
v -0.638856 -0.097917 0.055653 0.2392 0.2392 0.2392
v -0.639407 -0.120202 0.069016 0.2392 0.2392 0.2392
v -0.638506 -0.083723 0.059908 0.2392 0.2392 0.2392
v -0.637755 -0.053345 0.048971 0.2392 0.2392 0.2392
v -0.638506 -0.083723 0.047142 0.2392 0.2392 0.2392
v -0.639407 -0.120202 0.048971 0.2392 0.2392 0.2392
v -0.639558 -0.126303 0.059908 0.2392 0.2392 0.2392
v -0.598560 0.067698 0.055653 0.2392 0.2392 0.2392
v -0.612279 0.051359 0.069016 0.2392 0.2392 0.2392
v -0.589822 0.078104 0.059908 0.2392 0.2392 0.2392
v -0.571122 0.100376 0.048971 0.2392 0.2392 0.2392
v -0.589822 0.078104 0.047142 0.2392 0.2392 0.2392
v -0.612279 0.051359 0.048971 0.2392 0.2392 0.2392
v -0.616034 0.046886 0.059908 0.2392 0.2392 0.2392
v -0.637359 -0.037322 0.073820 0.2392 0.2392 0.2392
v -0.636808 -0.015037 0.060457 0.2392 0.2392 0.2392
v -0.637709 -0.051516 0.069565 0.2392 0.2392 0.2392
v -0.638460 -0.081894 0.080502 0.2392 0.2392 0.2392
v -0.637709 -0.051516 0.082331 0.2392 0.2392 0.2392
v -0.636808 -0.015037 0.080502 0.2392 0.2392 0.2392
v -0.636657 -0.008936 0.069565 0.2392 0.2392 0.2392
v -0.166116 1.882535 0.096747 0.2392 0.2392 0.2392
v -0.128641 1.872451 0.092205 0.2392 0.2392 0.2392
v -0.186092 1.894913 0.095300 0.2392 0.2392 0.2392
v -0.234956 1.912055 0.099017 0.2392 0.2392 0.2392
v -0.189983 1.888957 0.099639 0.2392 0.2392 0.2392
v -0.134751 1.863099 0.099017 0.2392 0.2392 0.2392
v -0.122273 1.863734 0.095301 0.2392 0.2392 0.2392
v -0.254330 1.936336 0.090573 0.2392 0.2392 0.2392
v -0.290726 1.946069 0.095114 0.2392 0.2392 0.2392
v -0.232980 1.923510 0.092019 0.2392 0.2392 0.2392
v -0.184411 1.906465 0.088302 0.2392 0.2392 0.2392
v -0.231150 1.930138 0.087680 0.2392 0.2392 0.2392
v -0.287852 1.956475 0.088302 0.2392 0.2392 0.2392
v -0.298859 1.955360 0.092019 0.2392 0.2392 0.2392
v -0.399894 1.975842 0.090573 0.2392 0.2392 0.2392
v -0.379880 1.981451 0.088302 0.2392 0.2392 0.2392
v -0.410810 1.978898 0.087680 0.2392 0.2392 0.2392
v -0.437047 1.975031 0.088302 0.2392 0.2392 0.2392
v -0.412640 1.972270 0.092019 0.2392 0.2392 0.2392
v -0.382753 1.971045 0.095114 0.2392 0.2392 0.2392
v -0.376231 1.976359 0.092019 0.2392 0.2392 0.2392
v -0.503161 1.994909 0.077845 0.2392 0.2392 0.2392
v -0.445167 1.993505 0.080255 0.2392 0.2392 0.2392
v -0.503688 1.999892 0.076310 0.2392 0.2392 0.2392
v -0.561982 2.004137 0.073024 0.2392 0.2392 0.2392
v -0.540096 1.995803 0.076310 0.2392 0.2392 0.2392
v -0.502335 1.987085 0.080255 0.2392 0.2392 0.2392
v -0.465700 1.989032 0.080915 0.2392 0.2392 0.2392
v 0.068031 1.724290 0.090573 0.2392 0.2392 0.2392
v 0.019390 1.772406 0.088302 0.2392 0.2392 0.2392
v 0.049671 1.737642 0.092019 0.2392 0.2392 0.2392
v 0.087844 1.697138 0.095114 0.2392 0.2392 0.2392
v 0.099009 1.693645 0.092019 0.2392 0.2392 0.2392
v 0.096858 1.703325 0.088302 0.2392 0.2392 0.2392
v 0.055412 1.741582 0.087681 0.2392 0.2392 0.2392
v -0.007719 1.778423 0.096747 0.2392 0.2392 0.2392
v 0.039954 1.731362 0.099018 0.2392 0.2392 0.2392
v 0.009408 1.766415 0.095301 0.2392 0.2392 0.2392
v -0.028500 1.806630 0.092205 0.2392 0.2392 0.2392
v -0.038080 1.808396 0.095301 0.2392 0.2392 0.2392
v -0.034610 1.797278 0.099018 0.2392 0.2392 0.2392
v 0.005516 1.760459 0.099639 0.2392 0.2392 0.2392
v 0.195521 1.528076 0.090573 0.2392 0.2392 0.2392
v 0.177460 1.579276 0.088302 0.2392 0.2392 0.2392
v 0.185917 1.544632 0.092019 0.2392 0.2392 0.2392
v 0.198502 1.502872 0.095114 0.2392 0.2392 0.2392
v 0.207024 1.495468 0.092019 0.2392 0.2392 0.2392
v 0.210602 1.502079 0.088302 0.2392 0.2392 0.2392
v 0.193623 1.544127 0.087681 0.2392 0.2392 0.2392
v 0.157313 1.592433 0.096747 0.2392 0.2392 0.2392
v 0.174346 1.543560 0.099018 0.2392 0.2392 0.2392
v 0.165608 1.578840 0.095301 0.2392 0.2392 0.2392
v 0.153304 1.619964 0.092205 0.2392 0.2392 0.2392
v 0.146465 1.623560 0.095301 0.2392 0.2392 0.2392
v 0.144290 1.613776 0.099018 0.2392 0.2392 0.2392
v 0.159867 1.574900 0.099639 0.2392 0.2392 0.2392
v 0.277981 1.150813 0.090573 0.2392 0.2392 0.2392
v 0.253202 1.246822 0.088302 0.2392 0.2392 0.2392
v 0.266402 1.181628 0.092019 0.2392 0.2392 0.2392
v 0.284580 1.103189 0.095114 0.2392 0.2392 0.2392
v 0.293762 1.089668 0.092019 0.2392 0.2392 0.2392
v 0.296161 1.102430 0.088302 0.2392 0.2392 0.2392
v 0.273778 1.181144 0.087681 0.2392 0.2392 0.2392
v 0.228433 1.282750 0.096747 0.2392 0.2392 0.2392
v 0.253255 1.186600 0.099018 0.2392 0.2392 0.2392
v 0.240066 1.251756 0.095301 0.2392 0.2392 0.2392
v 0.221877 1.330234 0.092205 0.2392 0.2392 0.2392
v 0.212624 1.343985 0.095301 0.2392 0.2392 0.2392
v 0.210167 1.331415 0.099018 0.2392 0.2392 0.2392
v 0.232608 1.252508 0.099639 0.2392 0.2392 0.2392
v 0.305117 0.985761 0.090573 0.2392 0.2392 0.2392
v 0.300299 0.960362 0.088302 0.2392 0.2392 0.2392
v 0.307271 0.977432 0.087681 0.2392 0.2392 0.2392
v 0.313317 0.998082 0.088302 0.2392 0.2392 0.2392
v 0.308186 1.001938 0.092019 0.2392 0.2392 0.2392
v 0.301736 0.998840 0.095114 0.2392 0.2392 0.2392
v 0.299895 0.977915 0.092019 0.2392 0.2392 0.2392
v 0.283997 0.952186 0.096747 0.2392 0.2392 0.2392
v 0.286946 0.939135 0.092206 0.2392 0.2392 0.2392
v 0.288669 0.960068 0.095301 0.2392 0.2392 0.2392
v 0.288383 0.977614 0.099018 0.2392 0.2392 0.2392
v 0.282118 0.960498 0.099639 0.2392 0.2392 0.2392
v 0.276661 0.939809 0.099018 0.2392 0.2392 0.2392
v 0.281203 0.935992 0.095301 0.2392 0.2392 0.2392
v -0.098821 1.195488 0.090193 0.2392 0.2392 0.2392
v -0.109130 1.134846 0.094874 0.2392 0.2392 0.2392
v -0.094327 1.175935 0.096156 0.2392 0.2392 0.2392
v -0.081457 1.225429 0.094874 0.2392 0.2392 0.2392
v -0.092256 1.234109 0.087212 0.2392 0.2392 0.2392
v -0.105877 1.226188 0.080831 0.2392 0.2392 0.2392
v -0.109880 1.176419 0.087212 0.2392 0.2392 0.2392
v -0.146146 1.113313 0.077465 0.2392 0.2392 0.2392
v -0.139049 1.082894 0.086827 0.2392 0.2392 0.2392
v -0.135034 1.132740 0.080446 0.2392 0.2392 0.2392
v -0.135796 1.174236 0.072784 0.2392 0.2392 0.2392
v -0.150665 1.132686 0.071502 0.2392 0.2392 0.2392
v -0.163592 1.082808 0.072784 0.2392 0.2392 0.2392
v -0.152737 1.074512 0.080446 0.2392 0.2392 0.2392
v -0.017143 0.918137 0.125338 0.2392 0.2392 0.2392
v -0.015398 0.904600 0.125338 0.2392 0.2392 0.2392
v -0.008913 0.923716 0.125338 0.2392 0.2392 0.2392
v -0.005967 0.940433 0.125338 0.2392 0.2392 0.2392
v -0.018254 0.926758 0.125338 0.2392 0.2392 0.2392
v -0.030064 0.909377 0.125338 0.2392 0.2392 0.2392
v -0.024261 0.903937 0.125338 0.2392 0.2392 0.2392
v -0.042638 0.943243 0.125338 0.2392 0.2392 0.2392
v -0.046182 0.925250 0.125338 0.2392 0.2392 0.2392
v -0.031805 0.940103 0.125338 0.2392 0.2392 0.2392
v -0.022085 0.956306 0.125338 0.2392 0.2392 0.2392
v -0.040380 0.954703 0.125338 0.2392 0.2392 0.2392
v -0.059646 0.948174 0.125338 0.2392 0.2392 0.2392
v -0.055727 0.934924 0.125338 0.2392 0.2392 0.2392
v -0.033866 0.823581 0.125338 0.2392 0.2392 0.2392
v -0.034991 0.776325 0.125338 0.2392 0.2392 0.2392
v -0.029554 0.807012 0.125338 0.2392 0.2392 0.2392
v -0.025970 0.844821 0.125338 0.2392 0.2392 0.2392
v -0.033149 0.853678 0.125338 0.2392 0.2392 0.2392
v -0.040637 0.849598 0.125338 0.2392 0.2392 0.2392
v -0.038895 0.810054 0.125338 0.2392 0.2392 0.2392
v 0.011583 0.923558 0.125338 0.2392 0.2392 0.2392
v 0.012194 0.943860 0.125338 0.2392 0.2392 0.2392
v 0.006355 0.926597 0.125338 0.2392 0.2392 0.2392
v 0.002763 0.908027 0.125338 0.2392 0.2392 0.2392
v 0.011193 0.910627 0.125338 0.2392 0.2392 0.2392
v 0.019791 0.918785 0.125338 0.2392 0.2392 0.2392
v 0.017200 0.933449 0.125338 0.2392 0.2392 0.2392
v -0.016959 0.756012 0.125338 0.2392 0.2392 0.2392
v -0.015281 0.802103 0.125338 0.2392 0.2392 0.2392
v -0.020567 0.771097 0.125338 0.2392 0.2392 0.2392
v -0.024302 0.733606 0.125338 0.2392 0.2392 0.2392
v -0.018027 0.726658 0.125338 0.2392 0.2392 0.2392
v -0.011293 0.732327 0.125338 0.2392 0.2392 0.2392
v -0.012282 0.770282 0.125338 0.2392 0.2392 0.2392
v 0.080876 0.931701 0.125338 0.2392 0.2392 0.2392
v 0.123027 0.922160 0.125338 0.2392 0.2392 0.2392
v 0.091880 0.936647 0.125338 0.2392 0.2392 0.2392
v 0.056002 0.949008 0.125338 0.2392 0.2392 0.2392
v 0.054032 0.937777 0.125338 0.2392 0.2392 0.2392
v 0.063599 0.923934 0.125338 0.2392 0.2392 0.2392
v 0.096718 0.920678 0.125338 0.2392 0.2392 0.2392
v -0.043894 0.621410 0.125338 0.2392 0.2392 0.2392
v -0.041331 0.648509 0.125338 0.2392 0.2392 0.2392
v -0.053812 0.604966 0.125338 0.2392 0.2392 0.2392
v -0.062030 0.568491 0.125338 0.2392 0.2392 0.2392
v -0.045527 0.604151 0.125338 0.2392 0.2392 0.2392
v -0.028322 0.647229 0.125338 0.2392 0.2392 0.2392
v -0.032344 0.655113 0.125338 0.2392 0.2392 0.2392
v -0.087619 0.548214 0.125338 0.2392 0.2392 0.2392
v -0.089673 0.522215 0.125338 0.2392 0.2392 0.2392
v -0.077053 0.566060 0.125338 0.2392 0.2392 0.2392
v -0.068974 0.602233 0.125338 0.2392 0.2392 0.2392
v -0.086310 0.564772 0.125338 0.2392 0.2392 0.2392
v -0.104209 0.520193 0.125338 0.2392 0.2392 0.2392
v -0.099493 0.513810 0.125338 0.2392 0.2392 0.2392
v 0.137864 0.885714 0.125338 0.2392 0.2392 0.2392
v 0.099628 0.894860 0.125338 0.2392 0.2392 0.2392
v 0.124367 0.881019 0.125338 0.2392 0.2392 0.2392
v 0.154908 0.869195 0.125338 0.2392 0.2392 0.2392
v 0.162215 0.879889 0.125338 0.2392 0.2392 0.2392
v 0.159055 0.893087 0.125338 0.2392 0.2392 0.2392
v 0.127008 0.896234 0.125338 0.2392 0.2392 0.2392
v -0.102596 0.458151 0.125338 0.2392 0.2392 0.2392
v -0.113677 0.463253 0.125338 0.2392 0.2392 0.2392
v -0.104795 0.453613 0.125338 0.2392 0.2392 0.2392
v -0.094968 0.445923 0.125338 0.2392 0.2392 0.2392
v -0.095538 0.454901 0.125338 0.2392 0.2392 0.2392
v -0.099142 0.465276 0.125338 0.2392 0.2392 0.2392
v -0.107454 0.465938 0.125338 0.2392 0.2392 0.2392
v 0.217379 0.889342 0.125338 0.2392 0.2392 0.2392
v 0.237633 0.901157 0.125338 0.2392 0.2392 0.2392
v 0.225149 0.900712 0.125338 0.2392 0.2392 0.2392
v 0.209326 0.895380 0.125338 0.2392 0.2392 0.2392
v 0.204480 0.881817 0.125338 0.2392 0.2392 0.2392
v 0.205179 0.871489 0.125338 0.2392 0.2392 0.2392
v 0.222508 0.885496 0.125338 0.2392 0.2392 0.2392
v 0.240627 0.925076 0.125338 0.2392 0.2392 0.2392
v 0.224024 0.917972 0.125338 0.2392 0.2392 0.2392
v 0.237506 0.919706 0.125338 0.2392 0.2392 0.2392
v 0.252330 0.923748 0.125338 0.2392 0.2392 0.2392
v 0.251201 0.929600 0.125338 0.2392 0.2392 0.2392
v 0.245527 0.933507 0.125338 0.2392 0.2392 0.2392
v 0.233173 0.925921 0.125338 0.2392 0.2392 0.2392
v 0.216797 0.855956 0.125338 0.2392 0.2392 0.2392
v 0.208316 0.837437 0.125338 0.2392 0.2392 0.2392
v 0.224431 0.859506 0.125338 0.2392 0.2392 0.2392
v 0.237265 0.880050 0.125338 0.2392 0.2392 0.2392
v 0.222199 0.867751 0.125338 0.2392 0.2392 0.2392
v 0.204811 0.850382 0.125338 0.2392 0.2392 0.2392
v 0.203762 0.840612 0.125338 0.2392 0.2392 0.2392
v 0.191637 0.663218 0.125338 0.2392 0.2392 0.2392
v 0.161143 0.515871 0.125338 0.2392 0.2392 0.2392
v 0.191145 0.629867 0.125338 0.2392 0.2392 0.2392
v 0.221358 0.758198 0.125338 0.2392 0.2392 0.2392
v 0.211057 0.757060 0.125338 0.2392 0.2392 0.2392
v 0.192409 0.715585 0.125338 0.2392 0.2392 0.2392
v 0.172708 0.602728 0.125338 0.2392 0.2392 0.2392
v 0.128013 0.489906 0.125338 0.2392 0.2392 0.2392
v 0.120919 0.406301 0.125338 0.2392 0.2392 0.2392
v 0.138890 0.510607 0.125338 0.2392 0.2392 0.2392
v 0.152185 0.606015 0.125338 0.2392 0.2392 0.2392
v 0.132530 0.543152 0.125338 0.2392 0.2392 0.2392
v 0.110934 0.457403 0.125338 0.2392 0.2392 0.2392
v 0.112618 0.415959 0.125338 0.2392 0.2392 0.2392
v 0.076971 0.343812 0.125338 0.2392 0.2392 0.2392
v 0.088650 0.313938 0.125338 0.2392 0.2392 0.2392
v 0.085488 0.338305 0.125338 0.2392 0.2392 0.2392
v 0.078665 0.365040 0.125338 0.2392 0.2392 0.2392
v 0.069533 0.362838 0.125338 0.2392 0.2392 0.2392
v 0.063598 0.352458 0.125338 0.2392 0.2392 0.2392
v 0.075892 0.330292 0.125338 0.2392 0.2392 0.2392
v -0.114130 0.423947 0.125338 0.2392 0.2392 0.2392
v -0.119161 0.405913 0.125338 0.2392 0.2392 0.2392
v -0.109774 0.412686 0.125338 0.2392 0.2392 0.2392
v -0.102260 0.424299 0.125338 0.2392 0.2392 0.2392
v -0.110926 0.435432 0.125338 0.2392 0.2392 0.2392
v -0.120969 0.441629 0.125338 0.2392 0.2392 0.2392
v -0.121690 0.423723 0.125338 0.2392 0.2392 0.2392
v -0.189593 0.384332 0.125338 0.2392 0.2392 0.2392
v -0.233232 0.355545 0.125338 0.2392 0.2392 0.2392
v -0.202913 0.363792 0.125338 0.2392 0.2392 0.2392
v -0.166869 0.380868 0.125338 0.2392 0.2392 0.2392
v -0.161801 0.402667 0.125338 0.2392 0.2392 0.2392
v -0.168678 0.416584 0.125338 0.2392 0.2392 0.2392
v -0.204065 0.386539 0.125338 0.2392 0.2392 0.2392
v -0.098161 0.388715 0.125338 0.2392 0.2392 0.2392
v -0.092164 0.402024 0.125338 0.2392 0.2392 0.2392
v -0.101286 0.393958 0.125338 0.2392 0.2392 0.2392
v -0.109065 0.383639 0.125338 0.2392 0.2392 0.2392
v -0.101980 0.380238 0.125338 0.2392 0.2392 0.2392
v -0.093254 0.380481 0.125338 0.2392 0.2392 0.2392
v -0.091217 0.391948 0.125338 0.2392 0.2392 0.2392
v -0.042021 0.386184 0.125338 0.2392 0.2392 0.2392
v -0.057762 0.378881 0.125338 0.2392 0.2392 0.2392
v -0.032691 0.377115 0.125338 0.2392 0.2392 0.2392
v -0.011630 0.379247 0.125338 0.2392 0.2392 0.2392
v -0.031997 0.390835 0.125338 0.2392 0.2392 0.2392
v -0.056672 0.400424 0.125338 0.2392 0.2392 0.2392
v -0.061377 0.390602 0.125338 0.2392 0.2392 0.2392
v -0.233158 0.303834 0.125338 0.2392 0.2392 0.2392
v -0.194412 0.329976 0.125338 0.2392 0.2392 0.2392
v -0.226069 0.321004 0.125338 0.2392 0.2392 0.2392
v -0.260774 0.304652 0.125338 0.2392 0.2392 0.2392
v -0.257835 0.287184 0.125338 0.2392 0.2392 0.2392
v -0.244288 0.276873 0.125338 0.2392 0.2392 0.2392
v -0.215570 0.303312 0.125338 0.2392 0.2392 0.2392
v -0.015330 0.344106 0.125338 0.2392 0.2392 0.2392
v 0.005244 0.352644 0.125338 0.2392 0.2392 0.2392
v -0.018503 0.354749 0.125338 0.2392 0.2392 0.2392
v -0.040887 0.352279 0.125338 0.2392 0.2392 0.2392
v -0.028433 0.338668 0.125338 0.2392 0.2392 0.2392
v -0.010347 0.327394 0.125338 0.2392 0.2392 0.2392
v 0.000947 0.338900 0.125338 0.2392 0.2392 0.2392
v 0.049185 0.309525 0.125338 0.2392 0.2392 0.2392
v 0.030440 0.305532 0.125338 0.2392 0.2392 0.2392
v 0.051193 0.295987 0.125338 0.2392 0.2392 0.2392
v 0.071083 0.292261 0.125338 0.2392 0.2392 0.2392
v 0.061123 0.312068 0.125338 0.2392 0.2392 0.2392
v 0.046032 0.330781 0.125338 0.2392 0.2392 0.2392
v 0.035238 0.320520 0.125338 0.2392 0.2392 0.2392
v 0.035498 0.269319 0.125338 0.2392 0.2392 0.2392
v 0.021787 0.280113 0.125338 0.2392 0.2392 0.2392
v 0.018345 0.270896 0.125338 0.2392 0.2392 0.2392
v 0.022276 0.261001 0.125338 0.2392 0.2392 0.2392
v 0.044230 0.262444 0.125338 0.2392 0.2392 0.2392
v 0.062430 0.266842 0.125338 0.2392 0.2392 0.2392
v 0.043918 0.274616 0.125338 0.2392 0.2392 0.2392
v -0.300068 0.240223 0.125338 0.2392 0.2392 0.2392
v -0.310538 0.219575 0.125338 0.2392 0.2392 0.2392
v -0.298152 0.224802 0.125338 0.2392 0.2392 0.2392
v -0.286590 0.236658 0.125338 0.2392 0.2392 0.2392
v -0.293399 0.253373 0.125338 0.2392 0.2392 0.2392
v -0.303075 0.264437 0.125338 0.2392 0.2392 0.2392
v -0.308652 0.242494 0.125338 0.2392 0.2392 0.2392
v 0.018317 0.186306 0.125338 0.2392 0.2392 0.2392
v -0.008032 0.136038 0.125338 0.2392 0.2392 0.2392
v 0.022713 0.172158 0.125338 0.2392 0.2392 0.2392
v 0.051568 0.214360 0.125338 0.2392 0.2392 0.2392
v 0.035098 0.218320 0.125338 0.2392 0.2392 0.2392
v 0.011414 0.208519 0.125338 0.2392 0.2392 0.2392
v -0.002860 0.168438 0.125338 0.2392 0.2392 0.2392
v -0.286343 0.201292 0.125338 0.2392 0.2392 0.2392
v -0.277913 0.212045 0.125338 0.2392 0.2392 0.2392
v -0.290857 0.204109 0.125338 0.2392 0.2392 0.2392
v -0.301861 0.194962 0.125338 0.2392 0.2392 0.2392
v -0.291712 0.194444 0.125338 0.2392 0.2392 0.2392
v -0.279255 0.196870 0.125338 0.2392 0.2392 0.2392
v -0.276460 0.205324 0.125338 0.2392 0.2392 0.2392
v -0.060665 0.130403 0.125338 0.2392 0.2392 0.2392
v -0.038519 0.173177 0.125338 0.2392 0.2392 0.2392
v -0.062385 0.149323 0.125338 0.2392 0.2392 0.2392
v -0.085511 0.117337 0.125338 0.2392 0.2392 0.2392
v -0.074770 0.103161 0.125338 0.2392 0.2392 0.2392
v -0.057966 0.100695 0.125338 0.2392 0.2392 0.2392
v -0.044842 0.138724 0.125338 0.2392 0.2392 0.2392
v -0.256145 0.155514 0.125338 0.2392 0.2392 0.2392
v -0.282770 0.166021 0.125338 0.2392 0.2392 0.2392
v -0.253586 0.147608 0.125338 0.2392 0.2392 0.2392
v -0.225502 0.132594 0.125338 0.2392 0.2392 0.2392
v -0.239188 0.148823 0.125338 0.2392 0.2392 0.2392
v -0.260163 0.167928 0.125338 0.2392 0.2392 0.2392
v -0.275661 0.170112 0.125338 0.2392 0.2392 0.2392
v -0.116856 0.058024 0.125338 0.2392 0.2392 0.2392
v -0.121035 0.071578 0.125338 0.2392 0.2392 0.2392
v -0.131737 0.059991 0.125338 0.2392 0.2392 0.2392
v -0.136042 0.047558 0.125338 0.2392 0.2392 0.2392
v -0.114194 0.049392 0.125338 0.2392 0.2392 0.2392
v -0.093490 0.054936 0.125338 0.2392 0.2392 0.2392
v -0.104637 0.064690 0.125338 0.2392 0.2392 0.2392
v -0.223462 0.102281 0.125338 0.2392 0.2392 0.2392
v -0.204839 0.098939 0.125338 0.2392 0.2392 0.2392
v -0.236214 0.119313 0.125338 0.2392 0.2392 0.2392
v -0.262107 0.132366 0.125338 0.2392 0.2392 0.2392
v -0.235322 0.104409 0.125338 0.2392 0.2392 0.2392
v -0.203440 0.075538 0.125338 0.2392 0.2392 0.2392
v -0.198850 0.083120 0.125338 0.2392 0.2392 0.2392
v -0.156690 0.072546 0.125338 0.2392 0.2392 0.2392
v -0.161225 0.056739 0.125338 0.2392 0.2392 0.2392
v -0.152910 0.067710 0.125338 0.2392 0.2392 0.2392
v -0.146219 0.080759 0.125338 0.2392 0.2392 0.2392
v -0.153801 0.082613 0.125338 0.2392 0.2392 0.2392
v -0.162625 0.080140 0.125338 0.2392 0.2392 0.2392
v -0.163358 0.067315 0.125338 0.2392 0.2392 0.2392
v -0.019417 0.981675 0.117175 0.2392 0.2392 0.2392
v -0.044965 0.972471 0.120177 0.2392 0.2392 0.2392
v -0.028038 0.975130 0.120999 0.2392 0.2392 0.2392
v -0.007404 0.980603 0.120177 0.2392 0.2392 0.2392
v -0.003145 0.987537 0.115263 0.2392 0.2392 0.2392
v -0.005880 0.991951 0.111171 0.2392 0.2392 0.2392
v -0.027067 0.982358 0.115263 0.2392 0.2392 0.2392
v 0.074458 0.975909 0.109013 0.2392 0.2392 0.2392
v 0.051945 0.976957 0.115017 0.2392 0.2392 0.2392
v 0.087826 0.968014 0.110925 0.2392 0.2392 0.2392
v 0.117961 0.962463 0.106010 0.2392 0.2392 0.2392
v 0.088796 0.975241 0.105189 0.2392 0.2392 0.2392
v 0.053468 0.988305 0.106010 0.2392 0.2392 0.2392
v 0.046752 0.984472 0.110925 0.2392 0.2392 0.2392
v 0.133823 0.941290 0.117175 0.2392 0.2392 0.2392
v 0.155492 0.940577 0.111171 0.2392 0.2392 0.2392
v 0.119380 0.949613 0.115263 0.2392 0.2392 0.2392
v 0.089476 0.955071 0.120177 0.2392 0.2392 0.2392
v 0.120022 0.941745 0.120999 0.2392 0.2392 0.2392
v 0.156501 0.928223 0.120177 0.2392 0.2392 0.2392
v 0.162067 0.932514 0.115263 0.2392 0.2392 0.2392
v 0.214058 0.931037 0.117175 0.2392 0.2392 0.2392
v 0.228730 0.937276 0.120177 0.2392 0.2392 0.2392
v 0.218409 0.936958 0.115263 0.2392 0.2392 0.2392
v 0.206218 0.934095 0.111171 0.2392 0.2392 0.2392
v 0.204714 0.927064 0.115263 0.2392 0.2392 0.2392
v 0.207226 0.921741 0.120177 0.2392 0.2392 0.2392
v 0.219051 0.929090 0.120999 0.2392 0.2392 0.2392
v 0.237497 0.959079 0.109013 0.2392 0.2392 0.2392
v 0.221037 0.951824 0.106010 0.2392 0.2392 0.2392
v 0.230868 0.951863 0.110925 0.2392 0.2392 0.2392
v 0.243548 0.955005 0.115017 0.2392 0.2392 0.2392
v 0.247981 0.963700 0.110925 0.2392 0.2392 0.2392
v 0.247907 0.970410 0.106010 0.2392 0.2392 0.2392
v 0.233644 0.961674 0.105189 0.2392 0.2392 0.2392
v 0.275550 0.957359 0.109013 0.2392 0.2392 0.2392
v 0.267606 0.953917 0.115017 0.2392 0.2392 0.2392
v 0.277834 0.949740 0.110925 0.2392 0.2392 0.2392
v 0.287080 0.948838 0.106010 0.2392 0.2392 0.2392
v 0.280610 0.959551 0.105189 0.2392 0.2392 0.2392
v 0.271965 0.969322 0.106010 0.2392 0.2392 0.2392
v 0.268207 0.962786 0.110925 0.2392 0.2392 0.2392
v 0.277766 0.934552 0.117175 0.2392 0.2392 0.2392
v 0.269007 0.939499 0.120177 0.2392 0.2392 0.2392
v 0.270942 0.934637 0.120999 0.2392 0.2392 0.2392
v 0.275810 0.929739 0.120177 0.2392 0.2392 0.2392
v 0.283345 0.931402 0.115263 0.2392 0.2392 0.2392
v 0.288481 0.934419 0.111171 0.2392 0.2392 0.2392
v 0.279012 0.937618 0.115263 0.2392 0.2392 0.2392
v 0.238496 0.702023 0.109013 0.2392 0.2392 0.2392
v 0.200851 0.535927 0.106011 0.2392 0.2392 0.2392
v 0.230543 0.650622 0.105189 0.2392 0.2392 0.2392
v 0.263654 0.787411 0.106010 0.2392 0.2392 0.2392
v 0.262471 0.807806 0.110925 0.2392 0.2392 0.2392
v 0.250983 0.782731 0.115017 0.2392 0.2392 0.2392
v 0.222473 0.647642 0.110925 0.2392 0.2392 0.2392
v 0.172438 0.478155 0.117175 0.2392 0.2392 0.2392
v 0.159088 0.394394 0.111171 0.2392 0.2392 0.2392
v 0.187362 0.528648 0.115263 0.2392 0.2392 0.2392
v 0.209220 0.641198 0.120177 0.2392 0.2392 0.2392
v 0.180940 0.531500 0.120999 0.2392 0.2392 0.2392
v 0.149006 0.398871 0.120177 0.2392 0.2392 0.2392
v 0.149012 0.374316 0.115263 0.2392 0.2392 0.2392
v 0.063847 0.187542 0.117175 0.2392 0.2392 0.2392
v 0.020753 0.136819 0.120177 0.2392 0.2392 0.2392
v 0.053335 0.169964 0.115263 0.2392 0.2392 0.2392
v 0.090435 0.210665 0.111171 0.2392 0.2392 0.2392
v 0.091293 0.219846 0.115263 0.2392 0.2392 0.2392
v 0.080353 0.215142 0.120177 0.2392 0.2392 0.2392
v 0.046913 0.172815 0.120999 0.2392 0.2392 0.2392
v 0.015309 0.107369 0.109013 0.2392 0.2392 0.2392
v 0.059749 0.159979 0.106011 0.2392 0.2392 0.2392
v 0.027536 0.127350 0.110925 0.2392 0.2392 0.2392
v -0.009933 0.086133 0.115017 0.2392 0.2392 0.2392
v -0.012993 0.073864 0.110925 0.2392 0.2392 0.2392
v -0.003888 0.075996 0.106011 0.2392 0.2392 0.2392
v 0.031386 0.120894 0.105189 0.2392 0.2392 0.2392
v -0.086411 0.033754 0.117175 0.2392 0.2392 0.2392
v -0.116794 0.032214 0.120177 0.2392 0.2392 0.2392
v -0.094161 0.030036 0.115263 0.2392 0.2392 0.2392
v -0.068197 0.029456 0.111171 0.2392 0.2392 0.2392
v -0.067061 0.034735 0.115263 0.2392 0.2392 0.2392
v -0.074243 0.039592 0.120177 0.2392 0.2392 0.2392
v -0.098012 0.036492 0.120999 0.2392 0.2392 0.2392
v -0.128250 0.016519 0.109013 0.2392 0.2392 0.2392
v -0.094648 0.018560 0.106011 0.2392 0.2392 0.2392
v -0.116400 0.020875 0.110925 0.2392 0.2392 0.2392
v -0.143245 0.021318 0.115017 0.2392 0.2392 0.2392
v -0.149650 0.015220 0.110925 0.2392 0.2392 0.2392
v -0.146856 0.009680 0.106011 0.2392 0.2392 0.2392
v -0.118699 0.013463 0.105189 0.2392 0.2392 0.2392
v -0.225466 0.070524 0.117175 0.2392 0.2392 0.2392
v -0.263374 0.112289 0.120177 0.2392 0.2392 0.2392
v -0.238688 0.080118 0.115263 0.2392 0.2392 0.2392
v -0.208318 0.043823 0.111171 0.2392 0.2392 0.2392
v -0.201324 0.043925 0.115263 0.2392 0.2392 0.2392
v -0.204707 0.055461 0.120177 0.2392 0.2392 0.2392
v -0.236388 0.087529 0.120999 0.2392 0.2392 0.2392
v -0.289212 0.118489 0.109013 0.2392 0.2392 0.2392
v -0.248619 0.074147 0.106011 0.2392 0.2392 0.2392
v -0.272570 0.105613 0.110925 0.2392 0.2392 0.2392
v -0.303675 0.142613 0.115017 0.2392 0.2392 0.2392
v -0.315065 0.146730 0.110925 0.2392 0.2392 0.2392
v -0.315342 0.138708 0.106011 0.2392 0.2392 0.2392
v -0.280000 0.103126 0.105189 0.2392 0.2392 0.2392
v -0.341523 0.226035 0.109013 0.2392 0.2392 0.2392
v -0.336747 0.210605 0.115017 0.2392 0.2392 0.2392
v -0.337134 0.238349 0.110925 0.2392 0.2392 0.2392
v -0.339408 0.260800 0.106011 0.2392 0.2392 0.2392
v -0.344564 0.235862 0.105189 0.2392 0.2392 0.2392
v -0.348413 0.206700 0.106011 0.2392 0.2392 0.2392
v -0.342869 0.203894 0.110925 0.2392 0.2392 0.2392
v -0.324185 0.270233 0.117175 0.2392 0.2392 0.2392
v -0.325786 0.238548 0.120177 0.2392 0.2392 0.2392
v -0.321471 0.258445 0.120999 0.2392 0.2392 0.2392
v -0.318322 0.283410 0.120177 0.2392 0.2392 0.2392
v -0.323166 0.290413 0.115263 0.2392 0.2392 0.2392
v -0.328447 0.288743 0.111171 0.2392 0.2392 0.2392
v -0.327919 0.261842 0.115263 0.2392 0.2392 0.2392
v -0.267176 0.371750 0.109013 0.2392 0.2392 0.2392
v -0.226842 0.414738 0.106011 0.2392 0.2392 0.2392
v -0.257556 0.387138 0.105189 0.2392 0.2392 0.2392
v -0.292405 0.352923 0.106011 0.2392 0.2392 0.2392
v -0.292864 0.344373 0.110925 0.2392 0.2392 0.2392
v -0.282281 0.347590 0.115017 0.2392 0.2392 0.2392
v -0.251108 0.383741 0.110925 0.2392 0.2392 0.2392
v -0.199494 0.422239 0.117175 0.2392 0.2392 0.2392
v -0.239491 0.379509 0.120177 0.2392 0.2392 0.2392
v -0.209328 0.406687 0.120999 0.2392 0.2392 0.2392
v -0.174937 0.440549 0.120177 0.2392 0.2392 0.2392
v -0.174020 0.449452 0.115263 0.2392 0.2392 0.2392
v -0.184053 0.446657 0.111171 0.2392 0.2392 0.2392
v -0.215133 0.410577 0.115263 0.2392 0.2392 0.2392
v -0.109054 0.551916 0.117175 0.2392 0.2392 0.2392
v -0.082526 0.604574 0.120177 0.2392 0.2392 0.2392
v -0.103509 0.570630 0.115263 0.2392 0.2392 0.2392
v -0.126875 0.528641 0.111171 0.2392 0.2392 0.2392
v -0.125949 0.518380 0.115263 0.2392 0.2392 0.2392
v -0.117760 0.522533 0.120177 0.2392 0.2392 0.2392
v -0.097704 0.566740 0.120999 0.2392 0.2392 0.2392
v -0.086950 0.628452 0.109013 0.2392 0.2392 0.2392
v -0.112901 0.577028 0.106011 0.2392 0.2392 0.2392
v -0.091760 0.611311 0.110925 0.2392 0.2392 0.2392
v -0.068551 0.652961 0.115017 0.2392 0.2392 0.2392
v -0.070422 0.661203 0.110925 0.2392 0.2392 0.2392
v -0.079397 0.655367 0.106011 0.2392 0.2392 0.2392
v -0.098667 0.612843 0.105189 0.2392 0.2392 0.2392
v -0.061752 0.758573 0.109013 0.2392 0.2392 0.2392
v -0.052621 0.735226 0.115017 0.2392 0.2392 0.2392
v -0.060660 0.771910 0.110925 0.2392 0.2392 0.2392
v -0.069169 0.802862 0.106010 0.2392 0.2392 0.2392
v -0.067568 0.773443 0.105189 0.2392 0.2392 0.2392
v -0.063467 0.737631 0.106011 0.2392 0.2392 0.2392
v -0.057029 0.730366 0.110925 0.2392 0.2392 0.2392
v -0.057039 0.822802 0.117175 0.2392 0.2392 0.2392
v -0.066189 0.843469 0.111171 0.2392 0.2392 0.2392
v -0.058155 0.806050 0.115263 0.2392 0.2392 0.2392
v -0.049642 0.775832 0.120177 0.2392 0.2392 0.2392
v -0.051212 0.809640 0.120999 0.2392 0.2392 0.2392
v -0.055287 0.849105 0.120177 0.2392 0.2392 0.2392
v -0.061751 0.852716 0.115263 0.2392 0.2392 0.2392
v -0.074359 0.909988 0.117175 0.2392 0.2392 0.2392
v -0.079701 0.927150 0.120177 0.2392 0.2392 0.2392
v -0.079531 0.913658 0.115263 0.2392 0.2392 0.2392
v -0.077139 0.898589 0.111171 0.2392 0.2392 0.2392
v -0.070957 0.899058 0.115263 0.2392 0.2392 0.2392
v -0.066237 0.904225 0.120177 0.2392 0.2392 0.2392
v -0.072588 0.917248 0.120999 0.2392 0.2392 0.2392
v -0.112100 0.937046 0.096975 0.2392 0.2392 0.2392
v -0.100999 0.915695 0.098400 0.2392 0.2392 0.2392
v -0.099592 0.928040 0.104526 0.2392 0.2392 0.2392
v -0.103561 0.944256 0.107406 0.2392 0.2392 0.2392
v -0.119169 0.950643 0.096067 0.2392 0.2392 0.2392
v -0.131739 0.951186 0.085118 0.2392 0.2392 0.2392
v -0.117538 0.932454 0.090331 0.2392 0.2392 0.2392
v -0.381034 -0.233129 0.106939 0.2392 0.2392 0.2392
v -0.368304 -0.218708 0.106939 0.2392 0.2392 0.2392
v -0.394135 -0.229571 0.106939 0.2392 0.2392 0.2392
v -0.414334 -0.241963 0.106939 0.2392 0.2392 0.2392
v -0.389142 -0.242313 0.106939 0.2392 0.2392 0.2392
v -0.360465 -0.238716 0.106939 0.2392 0.2392 0.2392
v -0.359827 -0.227503 0.106939 0.2392 0.2392 0.2392
v -0.426711 -0.217849 0.106939 0.2392 0.2392 0.2392
v -0.443212 -0.232303 0.106939 0.2392 0.2392 0.2392
v -0.418413 -0.221449 0.106939 0.2392 0.2392 0.2392
v -0.397182 -0.209048 0.106939 0.2392 0.2392 0.2392
v -0.416203 -0.208644 0.106939 0.2392 0.2392 0.2392
v -0.439740 -0.212196 0.106939 0.2392 0.2392 0.2392
v -0.445518 -0.223454 0.106939 0.2392 0.2392 0.2392
v -0.315244 -0.184428 0.106939 0.2392 0.2392 0.2392
v -0.318871 -0.207926 0.106939 0.2392 0.2392 0.2392
v -0.307941 -0.182204 0.106939 0.2392 0.2392 0.2392
v -0.300150 -0.157438 0.106939 0.2392 0.2392 0.2392
v -0.312934 -0.169462 0.106939 0.2392 0.2392 0.2392
v -0.326711 -0.187919 0.106939 0.2392 0.2392 0.2392
v -0.324857 -0.201617 0.106939 0.2392 0.2392 0.2392
v -0.515274 -0.201669 0.106939 0.2392 0.2392 0.2392
v -0.495731 -0.201967 0.106939 0.2392 0.2392 0.2392
v -0.525510 -0.188674 0.106939 0.2392 0.2392 0.2392
v -0.550889 -0.180967 0.106939 0.2392 0.2392 0.2392
v -0.527721 -0.201479 0.106939 0.2392 0.2392 0.2392
v -0.499202 -0.222073 0.106939 0.2392 0.2392 0.2392
v -0.492592 -0.214854 0.106939 0.2392 0.2392 0.2392
v -0.274088 -0.159845 0.106939 0.2392 0.2392 0.2392
v -0.274130 -0.141896 0.106939 0.2392 0.2392 0.2392
v -0.286065 -0.169138 0.106939 0.2392 0.2392 0.2392
v -0.292852 -0.192384 0.106939 0.2392 0.2392 0.2392
v -0.274060 -0.171275 0.106939 0.2392 0.2392 0.2392
v -0.255281 -0.145253 0.106939 0.2392 0.2392 0.2392
v -0.262137 -0.139121 0.106939 0.2392 0.2392 0.2392
v -0.542485 -0.155325 0.106939 0.2392 0.2392 0.2392
v -0.568093 -0.151667 0.106939 0.2392 0.2392 0.2392
v -0.539974 -0.164040 0.106939 0.2392 0.2392 0.2392
v -0.512934 -0.172667 0.106939 0.2392 0.2392 0.2392
v -0.526177 -0.157654 0.106939 0.2392 0.2392 0.2392
v -0.546429 -0.141639 0.106939 0.2392 0.2392 0.2392
v -0.561306 -0.144279 0.106939 0.2392 0.2392 0.2392
v -0.255712 -0.081529 0.106939 0.2392 0.2392 0.2392
v -0.243664 -0.095741 0.106939 0.2392 0.2392 0.2392
v -0.251381 -0.074615 0.106939 0.2392 0.2392 0.2392
v -0.260960 -0.056461 0.106939 0.2392 0.2392 0.2392
v -0.263386 -0.072477 0.106939 0.2392 0.2392 0.2392
v -0.262513 -0.092384 0.106939 0.2392 0.2392 0.2392
v -0.252370 -0.097494 0.106939 0.2392 0.2392 0.2392
v -0.573816 -0.092954 0.106939 0.2392 0.2392 0.2392
v -0.567312 -0.064418 0.106939 0.2392 0.2392 0.2392
v -0.578644 -0.087060 0.106939 0.2392 0.2392 0.2392
v -0.587901 -0.112235 0.106939 0.2392 0.2392 0.2392
v -0.577959 -0.111127 0.106939 0.2392 0.2392 0.2392
v -0.566237 -0.102208 0.106939 0.2392 0.2392 0.2392
v -0.564846 -0.080674 0.106939 0.2392 0.2392 0.2392
v -0.233933 -0.046461 0.106939 0.2392 0.2392 0.2392
v -0.247191 -0.034291 0.106939 0.2392 0.2392 0.2392
v -0.239805 -0.055976 0.106939 0.2392 0.2392 0.2392
v -0.229895 -0.073570 0.106939 0.2392 0.2392 0.2392
v -0.225490 -0.054212 0.106939 0.2392 0.2392 0.2392
v -0.224714 -0.031522 0.106939 0.2392 0.2392 0.2392
v -0.236505 -0.029196 0.106939 0.2392 0.2392 0.2392
v -0.592133 -0.049115 0.106939 0.2392 0.2392 0.2392
v -0.599480 -0.084520 0.106939 0.2392 0.2392 0.2392
v -0.588379 -0.063758 0.106939 0.2392 0.2392 0.2392
v -0.578891 -0.036702 0.106939 0.2392 0.2392 0.2392
v -0.587453 -0.026566 0.106939 0.2392 0.2392 0.2392
v -0.598026 -0.026122 0.106939 0.2392 0.2392 0.2392
v -0.600566 -0.057020 0.106939 0.2392 0.2392 0.2392
v -0.281158 0.019636 0.106939 0.2392 0.2392 0.2392
v -0.254571 0.010266 0.106939 0.2392 0.2392 0.2392
v -0.283777 0.027368 0.106939 0.2392 0.2392 0.2392
v -0.311857 0.041146 0.106939 0.2392 0.2392 0.2392
v -0.298091 0.025604 0.106939 0.2392 0.2392 0.2392
v -0.277047 0.007497 0.106939 0.2392 0.2392 0.2392
v -0.261607 0.005937 0.106939 0.2392 0.2392 0.2392
v -0.548157 0.022529 0.106939 0.2392 0.2392 0.2392
v -0.523157 0.039824 0.106939 0.2392 0.2392 0.2392
v -0.546289 0.031406 0.106939 0.2392 0.2392 0.2392
v -0.570224 0.019172 0.106939 0.2392 0.2392 0.2392
v -0.564078 0.011515 0.106939 0.2392 0.2392 0.2392
v -0.551089 0.008592 0.106939 0.2392 0.2392 0.2392
v -0.534103 0.024667 0.106939 0.2392 0.2392 0.2392
v -0.312018 0.071976 0.106939 0.2392 0.2392 0.2392
v -0.331367 0.074236 0.106939 0.2392 0.2392 0.2392
v -0.300179 0.055188 0.106939 0.2392 0.2392 0.2392
v -0.274080 0.043356 0.106939 0.2392 0.2392 0.2392
v -0.299695 0.070537 0.106939 0.2392 0.2392 0.2392
v -0.330606 0.098337 0.106939 0.2392 0.2392 0.2392
v -0.336179 0.090204 0.106939 0.2392 0.2392 0.2392
v -0.402456 0.097107 0.106939 0.2392 0.2392 0.2392
v -0.387782 0.114225 0.106939 0.2392 0.2392 0.2392
v -0.411317 0.101555 0.106939 0.2392 0.2392 0.2392
v -0.431043 0.086973 0.106939 0.2392 0.2392 0.2392
v -0.411802 0.086206 0.106939 0.2392 0.2392 0.2392
v -0.388544 0.090124 0.106939 0.2392 0.2392 0.2392
v -0.384250 0.103562 0.106939 0.2392 0.2392 0.2392
v -0.532770 0.071076 0.106939 0.2392 0.2392 0.2392
v -0.560496 0.049864 0.106939 0.2392 0.2392 0.2392
v -0.538111 0.057210 0.106939 0.2392 0.2392 0.2392
v -0.513429 0.070516 0.106939 0.2392 0.2392 0.2392
v -0.515112 0.084585 0.106939 0.2392 0.2392 0.2392
v -0.524384 0.092848 0.106939 0.2392 0.2392 0.2392
v -0.545088 0.071433 0.106939 0.2392 0.2392 0.2392
v -0.450904 0.114492 0.106939 0.2392 0.2392 0.2392
v -0.418411 0.125215 0.106939 0.2392 0.2392 0.2392
v -0.444045 0.125018 0.106939 0.2392 0.2392 0.2392
v -0.472627 0.120296 0.106939 0.2392 0.2392 0.2392
v -0.471597 0.107662 0.106939 0.2392 0.2392 0.2392
v -0.461672 0.097964 0.106939 0.2392 0.2392 0.2392
v -0.437068 0.110795 0.106939 0.2392 0.2392 0.2392
v -0.412949 0.157339 0.096972 0.2392 0.2392 0.2392
v -0.390656 0.162665 0.095139 0.2392 0.2392 0.2392
v -0.424753 0.160546 0.094637 0.2392 0.2392 0.2392
v -0.453776 0.157048 0.095139 0.2392 0.2392 0.2392
v -0.427148 0.153947 0.098139 0.2392 0.2392 0.2392
v -0.394416 0.152304 0.100638 0.2392 0.2392 0.2392
v -0.386948 0.157524 0.098139 0.2392 0.2392 0.2392
v -0.465495 0.143491 0.101955 0.2392 0.2392 0.2392
v -0.427636 0.143549 0.103788 0.2392 0.2392 0.2392
v -0.455077 0.146586 0.100788 0.2392 0.2392 0.2392
v -0.486996 0.148293 0.098289 0.2392 0.2392 0.2392
v -0.489606 0.143454 0.100788 0.2392 0.2392 0.2392
v -0.481852 0.138630 0.103788 0.2392 0.2392 0.2392
v -0.451801 0.140432 0.104290 0.2392 0.2392 0.2392
v -0.307919 0.103209 0.101955 0.2392 0.2392 0.2392
v -0.271489 0.063102 0.103788 0.2392 0.2392 0.2392
v -0.295121 0.093737 0.100788 0.2392 0.2392 0.2392
v -0.324254 0.128443 0.098289 0.2392 0.2392 0.2392
v -0.331121 0.128752 0.100788 0.2392 0.2392 0.2392
v -0.328015 0.118082 0.103788 0.2392 0.2392 0.2392
v -0.297516 0.087138 0.104290 0.2392 0.2392 0.2392
v -0.556596 0.103365 0.096972 0.2392 0.2392 0.2392
v -0.585749 0.073908 0.095139 0.2392 0.2392 0.2392
v -0.564241 0.090907 0.098139 0.2392 0.2392 0.2392
v -0.539448 0.113262 0.100638 0.2392 0.2392 0.2392
v -0.538029 0.122126 0.098139 0.2392 0.2392 0.2392
v -0.544592 0.122925 0.095139 0.2392 0.2392 0.2392
v -0.567517 0.097062 0.094637 0.2392 0.2392 0.2392
v -0.246907 0.056572 0.096972 0.2392 0.2392 0.2392
v -0.285681 0.098958 0.095139 0.2392 0.2392 0.2392
v -0.262691 0.068947 0.098139 0.2392 0.2392 0.2392
v -0.232916 0.033617 0.100638 0.2392 0.2392 0.2392
v -0.222212 0.029577 0.098139 0.2392 0.2392 0.2392
v -0.222123 0.037140 0.095139 0.2392 0.2392 0.2392
v -0.255817 0.071191 0.094637 0.2392 0.2392 0.2392
v -0.584663 0.055649 0.101955 0.2392 0.2392 0.2392
v -0.593303 0.040111 0.103788 0.2392 0.2392 0.2392
v -0.572670 0.063233 0.104290 0.2392 0.2392 0.2392
v -0.557192 0.083095 0.103788 0.2392 0.2392 0.2392
v -0.579159 0.065545 0.100788 0.2392 0.2392 0.2392
v -0.603493 0.043741 0.098289 0.2392 0.2392 0.2392
v -0.602158 0.038170 0.100788 0.2392 0.2392 0.2392
v -0.194865 -0.044414 0.096972 0.2392 0.2392 0.2392
v -0.200015 -0.030228 0.100638 0.2392 0.2392 0.2392
v -0.198459 -0.055693 0.098139 0.2392 0.2392 0.2392
v -0.195359 -0.076310 0.095139 0.2392 0.2392 0.2392
v -0.191585 -0.053450 0.094637 0.2392 0.2392 0.2392
v -0.189221 -0.026705 0.095139 0.2392 0.2392 0.2392
v -0.194550 -0.024100 0.098139 0.2392 0.2392 0.2392
v -0.618710 -0.036235 0.101955 0.2392 0.2392 0.2392
v -0.625018 -0.014349 0.098289 0.2392 0.2392 0.2392
v -0.621181 -0.047862 0.100788 0.2392 0.2392 0.2392
v -0.616283 -0.076377 0.103788 0.2392 0.2392 0.2392
v -0.614692 -0.050174 0.104290 0.2392 0.2392 0.2392
v -0.614829 -0.017979 0.103788 0.2392 0.2392 0.2392
v -0.620255 -0.010670 0.100788 0.2392 0.2392 0.2392
v -0.209343 -0.085717 0.101955 0.2392 0.2392 0.2392
v -0.204512 -0.102423 0.098289 0.2392 0.2392 0.2392
v -0.206155 -0.077647 0.100788 0.2392 0.2392 0.2392
v -0.209168 -0.056340 0.103788 0.2392 0.2392 0.2392
v -0.212419 -0.075078 0.104290 0.2392 0.2392 0.2392
v -0.214348 -0.098389 0.103788 0.2392 0.2392 0.2392
v -0.209454 -0.104427 0.100788 0.2392 0.2392 0.2392
v -0.629442 -0.093540 0.096972 0.2392 0.2392 0.2392
v -0.623068 -0.112606 0.100638 0.2392 0.2392 0.2392
v -0.626886 -0.078321 0.098139 0.2392 0.2392 0.2392
v -0.631803 -0.050578 0.095139 0.2392 0.2392 0.2392
v -0.633502 -0.081397 0.094637 0.2392 0.2392 0.2392
v -0.633455 -0.117435 0.095139 0.2392 0.2392 0.2392
v -0.627939 -0.120901 0.098139 0.2392 0.2392 0.2392
v -0.248089 -0.166543 0.101955 0.2392 0.2392 0.2392
v -0.276415 -0.196619 0.103788 0.2392 0.2392 0.2392
v -0.253977 -0.177405 0.100788 0.2392 0.2392 0.2392
v -0.229008 -0.153522 0.098290 0.2392 0.2392 0.2392
v -0.230049 -0.147388 0.100788 0.2392 0.2392 0.2392
v -0.238844 -0.149488 0.103788 0.2392 0.2392 0.2392
v -0.260241 -0.174836 0.104290 0.2392 0.2392 0.2392
v -0.577656 -0.196431 0.096972 0.2392 0.2392 0.2392
v -0.541925 -0.229154 0.095139 0.2392 0.2392 0.2392
v -0.562970 -0.205314 0.098139 0.2392 0.2392 0.2392
v -0.590328 -0.177655 0.100638 0.2392 0.2392 0.2392
v -0.600413 -0.175591 0.098139 0.2392 0.2392 0.2392
v -0.600715 -0.182485 0.095139 0.2392 0.2392 0.2392
v -0.569585 -0.208389 0.094637 0.2392 0.2392 0.2392
v -0.277420 -0.218021 0.096972 0.2392 0.2392 0.2392
v -0.289751 -0.238832 0.095139 0.2392 0.2392 0.2392
v -0.266251 -0.210924 0.094637 0.2392 0.2392 0.2392
v -0.247552 -0.186067 0.095139 0.2392 0.2392 0.2392
v -0.269567 -0.204767 0.098139 0.2392 0.2392 0.2392
v -0.294958 -0.229164 0.100638 0.2392 0.2392 0.2392
v -0.296443 -0.238372 0.098139 0.2392 0.2392 0.2392
v -0.372185 -0.269442 0.096972 0.2392 0.2392 0.2392
v -0.354870 -0.261673 0.100638 0.2392 0.2392 0.2392
v -0.386529 -0.268233 0.098139 0.2392 0.2392 0.2392
v -0.412023 -0.275312 0.095139 0.2392 0.2392 0.2392
v -0.383213 -0.274390 0.094637 0.2392 0.2392 0.2392
v -0.349663 -0.271341 0.095139 0.2392 0.2392 0.2392
v -0.346814 -0.265704 0.098139 0.2392 0.2392 0.2392
v -0.521396 -0.229310 0.101955 0.2392 0.2392 0.2392
v -0.554760 -0.198442 0.103788 0.2392 0.2392 0.2392
v -0.533066 -0.222790 0.100788 0.2392 0.2392 0.2392
v -0.506356 -0.249940 0.098290 0.2392 0.2392 0.2392
v -0.500148 -0.248970 0.100788 0.2392 0.2392 0.2392
v -0.503073 -0.239549 0.103788 0.2392 0.2392 0.2392
v -0.530975 -0.216171 0.104290 0.2392 0.2392 0.2392
v -0.425728 -0.263623 0.101955 0.2392 0.2392 0.2392
v -0.445873 -0.271634 0.098290 0.2392 0.2392 0.2392
v -0.414989 -0.265140 0.100788 0.2392 0.2392 0.2392
v -0.388721 -0.257995 0.103788 0.2392 0.2392 0.2392
v -0.412898 -0.258522 0.104290 0.2392 0.2392 0.2392
v -0.442590 -0.261242 0.103788 0.2392 0.2392 0.2392
v -0.449297 -0.267208 0.100788 0.2392 0.2392 0.2392
v -0.280772 -0.049546 0.101610 0.2392 0.2392 0.2392
v -0.278356 -0.072164 0.103570 0.2392 0.2392 0.2392
v -0.276706 -0.055477 0.104107 0.2392 0.2392 0.2392
v -0.276803 -0.036241 0.103570 0.2392 0.2392 0.2392
v -0.282310 -0.035141 0.100362 0.2392 0.2392 0.2392
v -0.287157 -0.040232 0.097691 0.2392 0.2392 0.2392
v -0.283300 -0.058019 0.100362 0.2392 0.2392 0.2392
v -0.291573 -0.078416 0.096282 0.2392 0.2392 0.2392
v -0.285185 -0.090416 0.100201 0.2392 0.2392 0.2392
v -0.289041 -0.073364 0.097530 0.2392 0.2392 0.2392
v -0.293985 -0.058484 0.094322 0.2392 0.2392 0.2392
v -0.295641 -0.070773 0.093785 0.2392 0.2392 0.2392
v -0.295549 -0.086348 0.094322 0.2392 0.2392 0.2392
v -0.290037 -0.091110 0.097530 0.2392 0.2392 0.2392
v -0.314336 0.004132 0.096282 0.2392 0.2392 0.2392
v -0.298023 -0.002305 0.100201 0.2392 0.2392 0.2392
v -0.318132 0.010774 0.097530 0.2392 0.2392 0.2392
v -0.336610 0.020998 0.094322 0.2392 0.2392 0.2392
v -0.324726 0.008232 0.093785 0.2392 0.2392 0.2392
v -0.308377 -0.006296 0.094322 0.2392 0.2392 0.2392
v -0.300151 -0.006609 0.097530 0.2392 0.2392 0.2392
v -0.312194 -0.126233 0.096282 0.2392 0.2392 0.2392
v -0.329774 -0.141474 0.094322 0.2392 0.2392 0.2392
v -0.314492 -0.132382 0.097530 0.2392 0.2392 0.2392
v -0.298222 -0.120647 0.100201 0.2392 0.2392 0.2392
v -0.300997 -0.116526 0.097530 0.2392 0.2392 0.2392
v -0.308585 -0.116578 0.094322 0.2392 0.2392 0.2392
v -0.321092 -0.129791 0.093785 0.2392 0.2392 0.2392
v -0.336502 0.038247 0.101610 0.2392 0.2392 0.2392
v -0.350623 0.042566 0.097691 0.2392 0.2392 0.2392
v -0.329914 0.028907 0.100362 0.2392 0.2392 0.2392
v -0.312036 0.019262 0.103570 0.2392 0.2392 0.2392
v -0.327508 0.035496 0.104107 0.2392 0.2392 0.2392
v -0.346846 0.052912 0.103570 0.2392 0.2392 0.2392
v -0.352083 0.050337 0.100362 0.2392 0.2392 0.2392
v -0.326873 -0.157546 0.101610 0.2392 0.2392 0.2392
v -0.307502 -0.140443 0.103570 0.2392 0.2392 0.2392
v -0.322294 -0.149026 0.100362 0.2392 0.2392 0.2392
v -0.339055 -0.161270 0.097691 0.2392 0.2392 0.2392
v -0.339210 -0.168438 0.100362 0.2392 0.2392 0.2392
v -0.334063 -0.170924 0.103570 0.2392 0.2392 0.2392
v -0.319115 -0.155173 0.104107 0.2392 0.2392 0.2392
v -0.406569 0.065888 0.101610 0.2392 0.2392 0.2392
v -0.391144 0.070387 0.103570 0.2392 0.2392 0.2392
v -0.413988 0.069611 0.104107 0.2392 0.2392 0.2392
v -0.433643 0.067235 0.103570 0.2392 0.2392 0.2392
v -0.416393 0.063022 0.100362 0.2392 0.2392 0.2392
v -0.394921 0.060041 0.097691 0.2392 0.2392 0.2392
v -0.389326 0.065029 0.100362 0.2392 0.2392 0.2392
v -0.386182 -0.178629 0.096282 0.2392 0.2392 0.2392
v -0.410437 -0.177035 0.094322 0.2392 0.2392 0.2392
v -0.392317 -0.181196 0.097530 0.2392 0.2392 0.2392
v -0.371559 -0.184253 0.100201 0.2392 0.2392 0.2392
v -0.370735 -0.179645 0.097530 0.2392 0.2392 0.2392
v -0.376551 -0.174600 0.094322 0.2392 0.2392 0.2392
v -0.395496 -0.175048 0.093785 0.2392 0.2392 0.2392
v -0.440612 0.053898 0.096282 0.2392 0.2392 0.2392
v -0.455165 0.059656 0.100201 0.2392 0.2392 0.2392
v -0.456004 0.054814 0.097530 0.2392 0.2392 0.2392
v -0.450227 0.049579 0.094322 0.2392 0.2392 0.2392
v -0.431343 0.050232 0.093785 0.2392 0.2392 0.2392
v -0.416443 0.052461 0.094322 0.2392 0.2392 0.2392
v -0.434488 0.056650 0.097530 0.2392 0.2392 0.2392
v -0.420230 -0.190231 0.101610 0.2392 0.2392 0.2392
v -0.393084 -0.191588 0.103570 0.2392 0.2392 0.2392
v -0.410414 -0.187363 0.100362 0.2392 0.2392 0.2392
v -0.431963 -0.184370 0.097691 0.2392 0.2392 0.2392
v -0.437518 -0.189367 0.100362 0.2392 0.2392 0.2392
v -0.435643 -0.194736 0.103570 0.2392 0.2392 0.2392
v -0.412758 -0.193964 0.104107 0.2392 0.2392 0.2392
v -0.501023 0.032113 0.101610 0.2392 0.2392 0.2392
v -0.493358 0.045883 0.103570 0.2392 0.2392 0.2392
v -0.509049 0.029761 0.104107 0.2392 0.2392 0.2392
v -0.521290 0.014651 0.103570 0.2392 0.2392 0.2392
v -0.505904 0.023344 0.100362 0.2392 0.2392 0.2392
v -0.488420 0.035806 0.097691 0.2392 0.2392 0.2392
v -0.488115 0.043234 0.100362 0.2392 0.2392 0.2392
v -0.489159 -0.164963 0.101610 0.2392 0.2392 0.2392
v -0.475540 -0.168395 0.097691 0.2392 0.2392 0.2392
v -0.495488 -0.156175 0.100362 0.2392 0.2392 0.2392
v -0.512715 -0.147733 0.103570 0.2392 0.2392 0.2392
v -0.497832 -0.162777 0.104107 0.2392 0.2392 0.2392
v -0.479220 -0.178761 0.103570 0.2392 0.2392 0.2392
v -0.474156 -0.175936 0.100362 0.2392 0.2392 0.2392
v -0.516858 0.000114 0.096282 0.2392 0.2392 0.2392
v -0.498431 0.015575 0.094322 0.2392 0.2392 0.2392
v -0.514321 0.006335 0.097530 0.2392 0.2392 0.2392
v -0.531301 -0.005579 0.100201 0.2392 0.2392 0.2392
v -0.528593 -0.009733 0.097530 0.2392 0.2392 0.2392
v -0.520841 -0.009654 0.094322 0.2392 0.2392 0.2392
v -0.507659 0.003740 0.093785 0.2392 0.2392 0.2392
v -0.510325 -0.132837 0.096282 0.2392 0.2392 0.2392
v -0.526097 -0.127422 0.100201 0.2392 0.2392 0.2392
v -0.506739 -0.139099 0.097530 0.2392 0.2392 0.2392
v -0.488922 -0.148084 0.094322 0.2392 0.2392 0.2392
v -0.500281 -0.136285 0.093785 0.2392 0.2392 0.2392
v -0.515957 -0.123003 0.094322 0.2392 0.2392 0.2392
v -0.523956 -0.123126 0.097530 0.2392 0.2392 0.2392
v -0.536485 -0.049304 0.096282 0.2392 0.2392 0.2392
v -0.543710 -0.036822 0.100201 0.2392 0.2392 0.2392
v -0.538546 -0.054658 0.097530 0.2392 0.2392 0.2392
v -0.532495 -0.070193 0.094322 0.2392 0.2392 0.2392
v -0.531883 -0.057253 0.093785 0.2392 0.2392 0.2392
v -0.533250 -0.040897 0.094322 0.2392 0.2392 0.2392
v -0.539026 -0.036000 0.097530 0.2392 0.2392 0.2392
v -0.544992 -0.079860 0.101610 0.2392 0.2392 0.2392
v -0.537873 -0.089511 0.097691 0.2392 0.2392 0.2392
v -0.543067 -0.070900 0.100362 0.2392 0.2392 0.2392
v -0.549088 -0.056140 0.103570 0.2392 0.2392 0.2392
v -0.549525 -0.073714 0.104107 0.2392 0.2392 0.2392
v -0.548014 -0.093930 0.103570 0.2392 0.2392 0.2392
v -0.542383 -0.094967 0.100362 0.2392 0.2392 0.2392
v 0.153936 1.502759 0.102921 0.2392 0.2392 0.2392
v 0.147443 1.464327 0.102921 0.2392 0.2392 0.2392
v 0.161440 1.468161 0.102921 0.2392 0.2392 0.2392
v 0.172211 1.486867 0.102921 0.2392 0.2392 0.2392
v 0.158072 1.527236 0.102921 0.2392 0.2392 0.2392
v 0.142155 1.557083 0.102921 0.2392 0.2392 0.2392
v 0.142297 1.512881 0.102921 0.2392 0.2392 0.2392
v 0.172892 1.424294 0.102921 0.2392 0.2392 0.2392
v 0.184195 1.437260 0.102921 0.2392 0.2392 0.2392
v 0.171515 1.426455 0.102921 0.2392 0.2392 0.2392
v 0.159427 1.414720 0.102921 0.2392 0.2392 0.2392
v 0.165693 1.416036 0.102921 0.2392 0.2392 0.2392
v 0.175053 1.420901 0.102921 0.2392 0.2392 0.2392
v 0.181467 1.430391 0.102921 0.2392 0.2392 0.2392
v 0.181460 1.294269 0.102921 0.2392 0.2392 0.2392
v 0.199067 1.211593 0.102921 0.2392 0.2392 0.2392
v 0.192043 1.269910 0.102921 0.2392 0.2392 0.2392
v 0.180470 1.338698 0.102921 0.2392 0.2392 0.2392
v 0.170247 1.346924 0.102921 0.2392 0.2392 0.2392
v 0.164844 1.332517 0.102921 0.2392 0.2392 0.2392
v 0.182091 1.265974 0.102921 0.2392 0.2392 0.2392
v 0.234674 1.168622 0.102921 0.2392 0.2392 0.2392
v 0.214113 1.259262 0.102921 0.2392 0.2392 0.2392
v 0.220328 1.203125 0.102921 0.2392 0.2392 0.2392
v 0.232709 1.132157 0.102921 0.2392 0.2392 0.2392
v 0.247770 1.110896 0.102921 0.2392 0.2392 0.2392
v 0.257201 1.114448 0.102921 0.2392 0.2392 0.2392
v 0.235926 1.191846 0.102921 0.2392 0.2392 0.2392
v 0.242515 1.004460 0.102921 0.2392 0.2392 0.2392
v 0.237667 1.028372 0.102921 0.2392 0.2392 0.2392
v 0.230005 1.000510 0.102921 0.2392 0.2392 0.2392
v 0.227721 0.974346 0.102921 0.2392 0.2392 0.2392
v 0.245603 0.989231 0.102921 0.2392 0.2392 0.2392
v 0.262158 1.010662 0.102921 0.2392 0.2392 0.2392
v 0.251937 1.023639 0.102921 0.2392 0.2392 0.2392
v 0.247146 0.954601 0.102921 0.2392 0.2392 0.2392
v 0.265085 0.979141 0.102921 0.2392 0.2392 0.2392
v 0.248064 0.962730 0.102921 0.2392 0.2392 0.2392
v 0.230649 0.942825 0.102921 0.2392 0.2392 0.2392
v 0.235720 0.938973 0.102921 0.2392 0.2392 0.2392
v 0.245703 0.941838 0.102921 0.2392 0.2392 0.2392
v 0.257652 0.962101 0.102921 0.2392 0.2392 0.2392
v 0.267732 0.953252 0.102921 0.2392 0.2392 0.2392
v 0.278100 0.978288 0.102921 0.2392 0.2392 0.2392
v 0.268595 0.961384 0.102921 0.2392 0.2392 0.2392
v 0.258718 0.940985 0.102921 0.2392 0.2392 0.2392
v 0.261129 0.937307 0.102921 0.2392 0.2392 0.2392
v 0.266378 0.940483 0.102921 0.2392 0.2392 0.2392
v 0.273473 0.961064 0.102921 0.2392 0.2392 0.2392
v 0.053336 1.560057 0.102921 0.2392 0.2392 0.2392
v -0.002388 1.586311 0.102921 0.2392 0.2392 0.2392
v 0.037275 1.538880 0.102921 0.2392 0.2392 0.2392
v 0.083842 1.500552 0.102921 0.2392 0.2392 0.2392
v 0.088825 1.543336 0.102921 0.2392 0.2392 0.2392
v 0.078554 1.593308 0.102921 0.2392 0.2392 0.2392
v 0.033907 1.597955 0.102921 0.2392 0.2392 0.2392
v -0.019036 1.703865 0.102921 0.2392 0.2392 0.2392
v -0.041765 1.750141 0.102921 0.2392 0.2392 0.2392
v -0.052049 1.716373 0.102921 0.2392 0.2392 0.2392
v -0.048142 1.677229 0.102921 0.2392 0.2392 0.2392
v -0.004561 1.674393 0.102921 0.2392 0.2392 0.2392
v 0.032799 1.684225 0.102921 0.2392 0.2392 0.2392
v -0.000499 1.720829 0.102921 0.2392 0.2392 0.2392
v -0.133295 1.757451 0.102921 0.2392 0.2392 0.2392
v -0.120378 1.711106 0.102921 0.2392 0.2392 0.2392
v -0.112781 1.744856 0.102921 0.2392 0.2392 0.2392
v -0.114001 1.784019 0.102921 0.2392 0.2392 0.2392
v -0.141521 1.786966 0.102921 0.2392 0.2392 0.2392
v -0.165505 1.777227 0.102921 0.2392 0.2392 0.2392
v -0.145582 1.740530 0.102921 0.2392 0.2392 0.2392
v -0.218333 1.867903 0.102921 0.2392 0.2392 0.2392
v -0.167764 1.853848 0.102921 0.2392 0.2392 0.2392
v -0.217738 1.881180 0.102920 0.2392 0.2392 0.2392
v -0.267968 1.902804 0.102920 0.2392 0.2392 0.2392
v -0.250540 1.876854 0.102920 0.2392 0.2392 0.2392
v -0.219267 1.847057 0.102921 0.2392 0.2392 0.2392
v -0.186721 1.845675 0.102921 0.2392 0.2392 0.2392
v -0.358359 1.915886 0.096747 0.2392 0.2392 0.2392
v -0.410789 1.937125 0.092205 0.2392 0.2392 0.2392
v -0.359546 1.904897 0.095301 0.2392 0.2392 0.2392
v -0.307794 1.877392 0.099017 0.2392 0.2392 0.2392
v -0.324968 1.902359 0.099639 0.2392 0.2392 0.2392
v -0.356495 1.933140 0.099017 0.2392 0.2392 0.2392
v -0.390563 1.940402 0.095300 0.2392 0.2392 0.2392
v -0.168546 1.687157 0.102921 0.2392 0.2392 0.2392
v -0.187791 1.732787 0.102921 0.2392 0.2392 0.2392
v -0.185029 1.700208 0.102921 0.2392 0.2392 0.2392
v -0.175182 1.662019 0.102921 0.2392 0.2392 0.2392
v -0.156289 1.658097 0.102921 0.2392 0.2392 0.2392
v -0.142665 1.666666 0.102921 0.2392 0.2392 0.2392
v -0.164319 1.703167 0.102921 0.2392 0.2392 0.2392
v -0.135067 1.601222 0.102921 0.2392 0.2392 0.2392
v -0.129687 1.583640 0.102921 0.2392 0.2392 0.2392
v -0.122999 1.597103 0.102921 0.2392 0.2392 0.2392
v -0.121499 1.612336 0.102921 0.2392 0.2392 0.2392
v -0.138494 1.612420 0.102921 0.2392 0.2392 0.2392
v -0.154017 1.607690 0.102921 0.2392 0.2392 0.2392
v -0.143709 1.594144 0.102921 0.2392 0.2392 0.2392
v -0.071316 1.487944 0.102921 0.2392 0.2392 0.2392
v -0.043371 1.411088 0.102921 0.2392 0.2392 0.2392
v -0.059810 1.472609 0.102921 0.2392 0.2392 0.2392
v -0.081194 1.540721 0.102921 0.2392 0.2392 0.2392
v -0.089113 1.536892 0.102921 0.2392 0.2392 0.2392
v -0.089382 1.512024 0.102921 0.2392 0.2392 0.2392
v -0.065024 1.454332 0.102921 0.2392 0.2392 0.2392
v -0.055793 1.369762 0.102921 0.2392 0.2392 0.2392
v -0.033558 1.336372 0.102921 0.2392 0.2392 0.2392
v -0.056774 1.391515 0.102921 0.2392 0.2392 0.2392
v -0.079568 1.437308 0.102921 0.2392 0.2392 0.2392
v -0.069955 1.391028 0.102921 0.2392 0.2392 0.2392
v -0.054254 1.335607 0.102921 0.2392 0.2392 0.2392
v -0.040652 1.326744 0.102921 0.2392 0.2392 0.2392
v -0.032921 1.203841 0.102921 0.2392 0.2392 0.2392
v -0.039871 1.149339 0.102921 0.2392 0.2392 0.2392
v -0.028543 1.186729 0.102921 0.2392 0.2392 0.2392
v -0.019097 1.231474 0.102921 0.2392 0.2392 0.2392
v -0.028494 1.238552 0.102921 0.2392 0.2392 0.2392
v -0.039794 1.230710 0.102921 0.2392 0.2392 0.2392
v -0.041725 1.186242 0.102921 0.2392 0.2392 0.2392
v -0.076759 1.121051 0.102921 0.2392 0.2392 0.2392
v -0.067509 1.178369 0.102921 0.2392 0.2392 0.2392
v -0.082601 1.136370 0.102921 0.2392 0.2392 0.2392
v -0.095182 1.087786 0.102921 0.2392 0.2392 0.2392
v -0.082650 1.084547 0.102921 0.2392 0.2392 0.2392
v -0.067586 1.096998 0.102921 0.2392 0.2392 0.2392
v -0.065026 1.142237 0.102921 0.2392 0.2392 0.2392
v -0.085546 1.017522 0.102921 0.2392 0.2392 0.2392
v -0.082760 0.998687 0.102921 0.2392 0.2392 0.2392
v -0.075872 1.014458 0.102921 0.2392 0.2392 0.2392
v -0.073142 1.031546 0.102921 0.2392 0.2392 0.2392
v -0.087321 1.029518 0.102921 0.2392 0.2392 0.2392
v -0.100737 1.022334 0.102921 0.2392 0.2392 0.2392
v -0.093446 1.008591 0.102921 0.2392 0.2392 0.2392
v -0.057636 0.998788 0.102921 0.2392 0.2392 0.2392
v -0.055497 1.019702 0.102921 0.2392 0.2392 0.2392
v -0.061036 1.004500 0.102921 0.2392 0.2392 0.2392
v -0.065115 0.986843 0.102921 0.2392 0.2392 0.2392
v -0.058999 0.985468 0.102921 0.2392 0.2392 0.2392
v -0.052297 0.989819 0.102921 0.2392 0.2392 0.2392
v -0.052873 1.006395 0.102921 0.2392 0.2392 0.2392
v -0.105854 0.985043 0.102921 0.2392 0.2392 0.2392
v -0.113576 1.001800 0.102921 0.2392 0.2392 0.2392
v -0.112385 0.989430 0.102921 0.2392 0.2392 0.2392
v -0.108387 0.975175 0.102921 0.2392 0.2392 0.2392
v -0.100936 0.974370 0.102921 0.2392 0.2392 0.2392
v -0.095598 0.978153 0.102921 0.2392 0.2392 0.2392
v -0.104240 0.991327 0.102921 0.2392 0.2392 0.2392
v 0.017933 1.204353 0.096018 0.2392 0.2392 0.2392
v 0.013053 1.231798 0.098557 0.2392 0.2392 0.2392
v 0.009694 1.186539 0.096827 0.2392 0.2392 0.2392
v 0.009877 1.148937 0.094749 0.2392 0.2392 0.2392
v 0.021040 1.186874 0.094401 0.2392 0.2392 0.2392
v 0.030868 1.232325 0.094749 0.2392 0.2392 0.2392
v 0.023063 1.239647 0.096827 0.2392 0.2392 0.2392
v 0.011524 1.354201 0.096018 0.2392 0.2392 0.2392
v 0.026816 1.327061 0.094749 0.2392 0.2392 0.2392
v 0.013130 1.371822 0.094401 0.2392 0.2392 0.2392
v -0.001246 1.409008 0.094749 0.2392 0.2392 0.2392
v 0.001784 1.371486 0.096827 0.2392 0.2392 0.2392
v 0.009001 1.326534 0.098557 0.2392 0.2392 0.2392
v 0.019657 1.319296 0.096827 0.2392 0.2392 0.2392
v -0.038903 1.471212 0.099470 0.2392 0.2392 0.2392
v -0.060702 1.530143 0.100739 0.2392 0.2392 0.2392
v -0.042581 1.463715 0.101086 0.2392 0.2392 0.2392
v -0.022879 1.400510 0.100739 0.2392 0.2392 0.2392
v -0.025019 1.433681 0.098661 0.2392 0.2392 0.2392
v -0.033127 1.482984 0.096931 0.2392 0.2392 0.2392
v -0.049108 1.516241 0.098661 0.2392 0.2392 0.2392
v 0.004969 1.510975 0.099470 0.2392 0.2392 0.2392
v -0.005390 1.508123 0.096931 0.2392 0.2392 0.2392
v 0.029129 1.482758 0.098661 0.2392 0.2392 0.2392
v 0.053264 1.469522 0.100739 0.2392 0.2392 0.2392
v 0.011567 1.512792 0.101086 0.2392 0.2392 0.2392
v -0.032966 1.555281 0.100739 0.2392 0.2392 0.2392
v -0.025788 1.537376 0.098661 0.2392 0.2392 0.2392
v 0.069205 1.424947 0.096018 0.2392 0.2392 0.2392
v 0.093874 1.415133 0.098557 0.2392 0.2392 0.2392
v 0.063272 1.437031 0.096827 0.2392 0.2392 0.2392
v 0.035220 1.453734 0.094749 0.2392 0.2392 0.2392
v 0.053493 1.431197 0.094401 0.2392 0.2392 0.2392
v 0.078519 1.405972 0.094749 0.2392 0.2392 0.2392
v 0.090849 1.406612 0.096827 0.2392 0.2392 0.2392
v 0.153381 1.280365 0.099470 0.2392 0.2392 0.2392
v 0.131737 1.314566 0.096931 0.2392 0.2392 0.2392
v 0.157387 1.252749 0.098661 0.2392 0.2392 0.2392
v 0.181315 1.202803 0.100739 0.2392 0.2392 0.2392
v 0.167166 1.258583 0.101086 0.2392 0.2392 0.2392
v 0.147092 1.323727 0.100739 0.2392 0.2392 0.2392
v 0.135591 1.329763 0.098661 0.2392 0.2392 0.2392
v 0.168424 1.170280 0.096018 0.2392 0.2392 0.2392
v 0.190825 1.133205 0.098557 0.2392 0.2392 0.2392
v 0.165382 1.194235 0.096827 0.2392 0.2392 0.2392
v 0.141247 1.244969 0.094749 0.2392 0.2392 0.2392
v 0.154157 1.193892 0.094401 0.2392 0.2392 0.2392
v 0.173200 1.132666 0.094749 0.2392 0.2392 0.2392
v 0.185732 1.122713 0.096827 0.2392 0.2392 0.2392
v 0.204344 1.020022 0.099470 0.2392 0.2392 0.2392
v 0.195909 1.037671 0.096931 0.2392 0.2392 0.2392
v 0.198491 1.008439 0.098661 0.2392 0.2392 0.2392
v 0.203589 0.984185 0.100739 0.2392 0.2392 0.2392
v 0.209716 1.008782 0.101086 0.2392 0.2392 0.2392
v 0.213534 1.038210 0.100739 0.2392 0.2392 0.2392
v 0.204825 1.042846 0.098661 0.2392 0.2392 0.2392
v 0.178541 0.972158 0.089844 0.2392 0.2392 0.2392
v 0.185132 0.954065 0.087842 0.2392 0.2392 0.2392
v 0.183410 0.983087 0.089207 0.2392 0.2392 0.2392
v 0.179596 1.007411 0.090846 0.2392 0.2392 0.2392
v 0.174344 0.983681 0.091120 0.2392 0.2392 0.2392
v 0.170896 0.954998 0.090846 0.2392 0.2392 0.2392
v 0.177870 0.949706 0.089207 0.2392 0.2392 0.2392
v -0.017042 1.129435 0.099470 0.2392 0.2392 0.2392
v -0.012234 1.101572 0.096931 0.2392 0.2392 0.2392
v -0.008896 1.146717 0.098661 0.2392 0.2392 0.2392
v -0.009058 1.184433 0.100739 0.2392 0.2392 0.2392
v -0.020103 1.147180 0.101086 0.2392 0.2392 0.2392
v -0.029832 1.102298 0.100739 0.2392 0.2392 0.2392
v -0.022126 1.094407 0.098661 0.2392 0.2392 0.2392
v -0.030540 1.028524 0.093296 0.2392 0.2392 0.2392
v -0.032486 1.009296 0.090024 0.2392 0.2392 0.2392
v -0.025556 1.022170 0.091041 0.2392 0.2392 0.2392
v -0.020768 1.037775 0.093028 0.2392 0.2392 0.2392
v -0.029301 1.040770 0.095379 0.2392 0.2392 0.2392
v -0.038366 1.038502 0.096836 0.2392 0.2392 0.2392
v -0.036763 1.022633 0.093466 0.2392 0.2392 0.2392
v -0.007677 1.006275 0.089844 0.2392 0.2392 0.2392
v -0.006314 1.023709 0.090846 0.2392 0.2392 0.2392
v -0.013404 1.010344 0.089207 0.2392 0.2392 0.2392
v -0.018031 0.995230 0.087842 0.2392 0.2392 0.2392
v -0.008545 0.995172 0.089207 0.2392 0.2392 0.2392
v 0.001314 0.999887 0.090846 0.2392 0.2392 0.2392
v -0.001083 1.013310 0.091120 0.2392 0.2392 0.2392
v -0.236711 1.660124 0.077465 0.2392 0.2392 0.2392
v -0.218277 1.644929 0.086827 0.2392 0.2392 0.2392
v -0.234615 1.676993 0.080446 0.2392 0.2392 0.2392
v -0.251854 1.701807 0.072784 0.2392 0.2392 0.2392
v -0.248452 1.669802 0.071502 0.2392 0.2392 0.2392
v -0.240003 1.633638 0.072784 0.2392 0.2392 0.2392
v -0.227068 1.633578 0.080446 0.2392 0.2392 0.2392
v -0.228449 1.734496 0.090193 0.2392 0.2392 0.2392
v -0.246630 1.748826 0.080831 0.2392 0.2392 0.2392
v -0.230223 1.716524 0.087212 0.2392 0.2392 0.2392
v -0.213054 1.691948 0.094874 0.2392 0.2392 0.2392
v -0.216869 1.725370 0.096156 0.2392 0.2392 0.2392
v -0.225662 1.762715 0.094874 0.2392 0.2392 0.2392
v -0.238253 1.761594 0.087212 0.2392 0.2392 0.2392
v 0.197667 1.428825 0.096747 0.2392 0.2392 0.2392
v 0.202426 1.422584 0.092205 0.2392 0.2392 0.2392
v 0.202094 1.432047 0.095301 0.2392 0.2392 0.2392
v 0.199859 1.440124 0.099018 0.2392 0.2392 0.2392
v 0.194636 1.432799 0.099639 0.2392 0.2392 0.2392
v 0.190716 1.423766 0.099018 0.2392 0.2392 0.2392
v 0.196271 1.421628 0.095301 0.2392 0.2392 0.2392
v 0.216920 1.442932 0.090573 0.2392 0.2392 0.2392
v 0.214598 1.431503 0.088302 0.2392 0.2392 0.2392
v 0.220033 1.439040 0.087681 0.2392 0.2392 0.2392
v 0.224131 1.448250 0.088302 0.2392 0.2392 0.2392
v 0.218398 1.450211 0.092019 0.2392 0.2392 0.2392
v 0.212030 1.449043 0.095114 0.2392 0.2392 0.2392
v 0.212327 1.439546 0.092019 0.2392 0.2392 0.2392
v -0.153749 1.003938 0.077465 0.2392 0.2392 0.2392
v -0.148991 0.984409 0.072784 0.2392 0.2392 0.2392
v -0.144418 0.997747 0.080446 0.2392 0.2392 0.2392
v -0.143856 1.013746 0.086827 0.2392 0.2392 0.2392
v -0.156778 1.016376 0.080446 0.2392 0.2392 0.2392
v -0.168399 1.013660 0.072784 0.2392 0.2392 0.2392
v -0.160049 0.997692 0.071502 0.2392 0.2392 0.2392
v -0.116720 1.450592 0.090193 0.2392 0.2392 0.2392
v -0.139300 1.476657 0.080831 0.2392 0.2392 0.2392
v -0.115849 1.426507 0.087212 0.2392 0.2392 0.2392
v -0.092773 1.386709 0.094874 0.2392 0.2392 0.2392
v -0.102339 1.433991 0.096156 0.2392 0.2392 0.2392
v -0.118087 1.488409 0.094874 0.2392 0.2392 0.2392
v -0.131971 1.491277 0.087212 0.2392 0.2392 0.2392
v -0.115909 1.359107 0.077465 0.2392 0.2392 0.2392
v -0.092260 1.328871 0.086827 0.2392 0.2392 0.2392
v -0.115418 1.377880 0.080446 0.2392 0.2392 0.2392
v -0.138788 1.418819 0.072784 0.2392 0.2392 0.2392
v -0.130971 1.378364 0.071502 0.2392 0.2392 0.2392
v -0.116680 1.329631 0.072784 0.2392 0.2392 0.2392
v -0.101339 1.321078 0.080446 0.2392 0.2392 0.2392
v -0.203455 1.576126 0.077465 0.2392 0.2392 0.2392
v -0.194136 1.556022 0.072784 0.2392 0.2392 0.2392
v -0.193569 1.573320 0.080446 0.2392 0.2392 0.2392
v -0.197252 1.591824 0.086827 0.2392 0.2392 0.2392
v -0.209391 1.588930 0.080446 0.2392 0.2392 0.2392
v -0.218978 1.580533 0.072784 0.2392 0.2392 0.2392
v -0.207406 1.566128 0.071502 0.2392 0.2392 0.2392
v -0.161714 1.564562 0.090193 0.2392 0.2392 0.2392
v -0.170863 1.584513 0.094874 0.2392 0.2392 0.2392
v -0.171382 1.567173 0.087212 0.2392 0.2392 0.2392
v -0.167746 1.548711 0.080831 0.2392 0.2392 0.2392
v -0.155887 1.551856 0.087212 0.2392 0.2392 0.2392
v -0.146533 1.560463 0.094874 0.2392 0.2392 0.2392
v -0.157872 1.574658 0.096156 0.2392 0.2392 0.2392
v -0.480630 1.922364 0.071291 0.2392 0.2392 0.2392
v -0.547737 1.958273 0.068880 0.2392 0.2392 0.2392
v -0.475879 1.910355 0.068221 0.2392 0.2392 0.2392
v -0.406063 1.867599 0.068880 0.2392 0.2392 0.2392
v -0.437891 1.899495 0.072826 0.2392 0.2392 0.2392
v -0.488090 1.941221 0.076112 0.2392 0.2392 0.2392
v -0.528120 1.957243 0.072826 0.2392 0.2392 0.2392
v -0.333223 1.852772 0.084019 0.2392 0.2392 0.2392
v -0.291902 1.837491 0.090971 0.2392 0.2392 0.2392
v -0.346186 1.871350 0.088535 0.2392 0.2392 0.2392
v -0.394898 1.897224 0.084159 0.2392 0.2392 0.2392
v -0.359540 1.862504 0.079591 0.2392 0.2392 0.2392
v -0.312870 1.823602 0.076927 0.2392 0.2392 0.2392
v -0.293944 1.824462 0.083930 0.2392 0.2392 0.2392
vn 0.0906 0.9959 -0.0000
vn 0.2708 0.9626 -0.0000
vn 0.2673 0.9636 -0.0000
vn 0.6656 0.7464 -0.0000
vn 0.6655 0.7464 -0.0000
vn 0.8115 0.5843 -0.0000
vn 0.5558 0.8313 -0.0000
vn 0.6655 0.7464 0.0001
vn 0.4353 0.9003 -0.0000
vn 0.4353 0.9003 -0.0001
vn 0.6656 0.7464 -0.0001
vn 0.4353 0.9003 0.0001
vn 0.6801 0.7331 -0.0000
vn 0.9113 0.4117 -0.0000
vn 0.3317 0.9434 -0.0000
vn -0.0717 0.9974 -0.0000
vn -0.4517 0.8922 -0.0000
vn 0.6957 0.7184 -0.0000
vn 0.9416 0.3366 -0.0000
vn 0.3364 0.9417 -0.0000
vn -0.0831 0.9965 -0.0000
vn -0.4596 0.8881 -0.0000
vn -0.5689 0.8224 -0.0000
vn 0.1642 0.9864 -0.0000
vn 0.1643 0.9864 -0.0000
vn -0.1118 0.9937 -0.0000
vn 0.3720 0.9283 -0.0000
vn 0.3719 0.9283 -0.0000
vn 0.1169 0.9931 -0.0000
vn 0.0982 0.9952 -0.0000
vn -0.1834 0.9830 -0.0000
vn -0.0673 0.8071 -0.5866
vn -0.3499 0.6888 -0.6349
vn -0.0486 0.7993 -0.5990
vn 0.2773 0.7266 -0.6286
vn 0.2599 0.7332 -0.6284
vn 0.2562 0.7345 -0.6284
vn 0.5573 0.5755 -0.5985
vn 0.7347 0.2833 -0.6164
vn 0.5778 0.5812 -0.5729
vn -0.0298 0.7910 -0.6111
vn -0.3373 0.6883 -0.6422
vn -0.3349 0.6894 -0.6423
vn 0.5977 0.5863 -0.5467
vn 0.7511 0.2540 -0.6093
vn 0.7450 0.2746 -0.6080
vn -0.0298 0.7910 0.6111
vn -0.3499 0.6888 0.6349
vn -0.0486 0.7993 0.5990
vn -0.3373 0.6883 0.6422
vn 0.2773 0.7266 0.6286
vn -0.3349 0.6895 0.6423
vn -0.0673 0.8071 0.5866
vn 0.2599 0.7332 0.6284
vn 0.2562 0.7345 0.6283
vn 0.5573 0.5755 0.5985
vn 0.7347 0.2833 0.6164
vn 0.5779 0.5812 0.5729
vn 0.5977 0.5864 0.5467
vn 0.5977 0.5863 0.5467
vn 0.7450 0.2746 0.6079
vn 0.7512 0.2540 0.6093
vn -0.5423 0.6494 -0.5332
vn -0.1052 0.7820 -0.6144
vn -0.5547 0.6155 -0.5599
vn -0.0944 0.7952 -0.5990
vn -0.6883 0.4286 -0.5853
vn -0.0974 0.7914 -0.6035
vn 0.3498 0.7440 -0.5692
vn 0.6263 0.4849 -0.6104
vn 0.3624 0.7528 -0.5494
vn 0.6222 0.4934 -0.6078
vn 0.6202 0.4958 -0.6078
vn 0.3748 0.7612 -0.5293
vn -0.5423 0.6494 0.5332
vn -0.0974 0.7914 0.6035
vn -0.0944 0.7952 0.5990
vn -0.6883 0.4286 0.5853
vn -0.5547 0.6155 0.5599
vn -0.1052 0.7820 0.6144
vn 0.3748 0.7612 0.5293
vn 0.6264 0.4849 0.6104
vn 0.3624 0.7528 0.5494
vn 0.3498 0.7440 0.5692
vn 0.6202 0.4958 0.6078
vn 0.6222 0.4934 0.6078
vn -0.2580 0.7808 0.5690
vn -0.2427 0.7636 0.5984
vn -0.1988 0.7109 0.6746
vn 0.0236 0.6506 0.7590
vn -0.2580 0.7808 -0.5690
vn 0.0236 0.6506 -0.7590
vn -0.1988 0.7109 -0.6746
vn -0.5029 0.3164 -0.8043
vn -0.5444 0.3027 -0.7823
vn -0.5553 0.2709 -0.7863
vn 0.4418 0.8971 -0.0000
vn -0.1569 0.9876 -0.0000
vn 0.7983 0.6023 -0.0000
vn 0.7982 0.6023 -0.0000
vn 0.6972 0.7169 -0.0000
vn 0.3348 0.9423 -0.0000
vn 0.9434 0.3317 -0.0000
vn -0.0886 0.9961 -0.0000
vn -0.4623 0.8867 -0.0000
vn 0.9453 -0.3262 -0.0000
vn 0.9998 -0.0216 -0.0000
vn 0.9585 0.2852 -0.0000
vn 0.9935 -0.1139 -0.0000
vn 0.8691 -0.4947 -0.0000
vn 0.9984 -0.0559 -0.0000
vn 0.9189 0.3945 -0.0000
vn 0.7476 -0.6641 -0.0000
vn 0.4483 -0.8939 -0.0000
vn 0.9393 -0.3432 -0.0000
vn 0.4482 -0.8939 -0.0000
vn 0.9997 0.0257 -0.0000
vn 0.9934 -0.1145 -0.0000
vn 0.9035 -0.4286 -0.0000
vn 0.7170 -0.6970 -0.0000
vn 0.3791 -0.9254 -0.0000
vn 0.9461 0.3240 -0.0000
vn 0.9991 0.0417 -0.0000
vn 0.9697 -0.2441 -0.0000
vn 0.9995 0.0316 -0.0000
vn 0.9988 -0.0479 -0.0000
vn 0.9524 0.3049 -0.0000
vn 0.9524 0.3050 -0.0000
vn 0.7970 -0.6039 -0.0000
vn 0.5188 -0.8549 -0.0000
vn 0.9019 -0.4319 -0.0000
vn 0.9702 -0.2423 -0.0000
vn 0.9810 0.1943 -0.0000
vn 0.9809 0.1943 -0.0000
vn 0.8046 0.5938 -0.0000
vn 0.8009 -0.0708 -0.5946
vn 0.7333 -0.3173 -0.6013
vn 0.7947 -0.0809 -0.6016
vn 0.7884 -0.0909 -0.6084
vn 0.7209 -0.3504 -0.5979
vn 0.7131 -0.3707 -0.5951
vn 0.6015 -0.5847 -0.5443
vn 0.3260 -0.6726 -0.6643
vn 0.5937 -0.5675 -0.5705
vn 0.5852 -0.5497 -0.5962
vn 0.2300 -0.7187 -0.6562
vn 0.3000 -0.6782 -0.6708
vn 0.5852 -0.5497 0.5962
vn 0.7333 -0.3173 0.6013
vn 0.5937 -0.5675 0.5705
vn 0.5852 -0.5497 0.5961
vn 0.3260 -0.6726 0.6643
vn 0.3000 -0.6782 0.6708
vn 0.2300 -0.7187 0.6562
vn 0.8009 -0.0708 0.5946
vn 0.7947 -0.0809 0.6016
vn 0.6015 -0.5848 0.5443
vn 0.6015 -0.5847 0.5443
vn 0.7209 -0.3504 0.5979
vn 0.7131 -0.3707 0.5951
vn 0.7884 -0.0909 0.6084
vn 0.8456 0.0483 -0.5316
vn 0.7180 -0.3592 -0.5962
vn 0.8286 0.0541 -0.5572
vn 0.7156 -0.3655 -0.5953
vn 0.7915 -0.1257 -0.5980
vn 0.7128 -0.3706 -0.5954
vn 0.8108 0.0598 -0.5823
vn 0.7882 -0.1302 -0.6015
vn 0.7874 -0.1372 -0.6010
vn 0.7365 -0.3153 -0.5985
vn 0.7365 -0.3153 -0.5984
vn 0.7406 -0.3187 -0.5916
vn 0.7974 -0.0842 -0.5975
vn 0.7446 -0.3220 -0.5847
vn 0.7935 -0.0911 -0.6018
vn 0.7934 -0.0913 -0.6018
vn 0.7979 0.1449 -0.5851
vn 0.8033 0.1596 -0.5738
vn 0.8084 0.1744 -0.5622
vn 0.8456 0.0483 0.5316
vn 0.7128 -0.3706 0.5954
vn 0.7156 -0.3655 0.5953
vn 0.7915 -0.1257 0.5980
vn 0.8286 0.0541 0.5572
vn 0.7180 -0.3592 0.5962
vn 0.8108 0.0598 0.5823
vn 0.7874 -0.1372 0.6010
vn 0.7882 -0.1302 0.6015
vn 0.7365 -0.3153 0.5984
vn 0.7365 -0.3153 0.5985
vn 0.7975 -0.0842 0.5975
vn 0.7406 -0.3187 0.5916
vn 0.7446 -0.3220 0.5847
vn 0.7935 -0.0911 0.6017
vn 0.7935 -0.0913 0.6017
vn 0.7979 0.1449 0.5851
vn 0.8033 0.1596 0.5738
vn 0.8084 0.1744 0.5622
vn 0.9226 0.0988 -0.3729
vn 0.2753 -0.1025 -0.9559
vn 0.6430 -0.0488 -0.7643
vn 0.5302 -0.0067 -0.8478
vn 0.9226 0.0988 0.3729
vn 0.5302 -0.0067 0.8478
vn 0.6430 -0.0488 0.7643
vn 0.2753 -0.1025 0.9559
vn 0.9179 -0.3969 -0.0000
vn 0.9935 -0.1140 -0.0000
vn 0.9860 -0.1665 -0.0000
vn 0.9973 0.0735 -0.0000
vn 0.8957 -0.4448 -0.0000
vn 0.8957 -0.4447 -0.0000
vn 0.9839 0.1786 -0.0000
vn 0.9924 -0.1228 -0.0000
vn 0.9215 -0.3884 -0.0000
vn 0.7810 -0.6246 -0.0000
vn 0.4617 -0.8870 -0.0000
vn 0.2350 0.4861 -0.8417
vn 0.2897 0.4341 -0.8530
vn 0.2324 0.4783 -0.8469
vn 0.0896 0.5275 -0.8448
vn 0.0872 0.5287 -0.8443
vn 0.0873 0.5103 -0.8555
vn 0.2298 0.4704 -0.8520
vn 0.2894 0.4328 -0.8538
vn 0.2897 0.4326 -0.8538
vn -0.0327 0.2911 -0.9561
vn -0.1446 -0.0880 -0.9856
vn -0.1242 -0.0137 -0.9922
vn -0.0483 0.4297 -0.9017
vn -0.1295 -0.0038 -0.9916
vn -0.0627 0.5587 -0.8270
vn 0.3594 0.4030 -0.8417
vn 0.3594 0.4030 -0.8416
vn 0.3535 0.3981 -0.8465
vn 0.4299 0.3078 -0.8488
vn 0.4291 0.3092 -0.8487
vn 0.4292 0.3092 -0.8487
vn 0.4279 0.3099 -0.8490
vn 0.3475 0.3931 -0.8513
vn 0.4900 0.2104 -0.8459
vn 0.4915 0.2107 -0.8450
vn 0.4890 -0.0282 -0.8718
vn 0.4891 -0.0266 -0.8718
vn 0.4903 -0.0249 -0.8712
vn 0.4930 0.2110 -0.8440
vn 0.5085 0.1513 -0.8477
vn 0.4967 -0.0573 -0.8660
vn 0.5063 -0.0139 -0.8623
vn 0.5065 -0.0093 -0.8622
vn 0.5108 -0.0045 -0.8597
vn 0.5084 0.1513 -0.8477
vn 0.4980 -0.0543 -0.8655
vn 0.4979 -0.0557 -0.8655
vn 0.5369 -0.1665 -0.8271
vn 0.5143 -0.1681 -0.8410
vn 0.5283 -0.1671 -0.8324
vn 0.4914 -0.1696 -0.8543
vn -0.4915 0.1494 -0.8580
vn -0.4984 0.0129 -0.8669
vn -0.4904 0.1495 -0.8586
vn -0.4960 -0.0356 -0.8676
vn -0.4947 -0.0838 -0.8650
vn -0.4956 -0.0600 -0.8665
vn -0.4894 0.1495 -0.8591
vn -0.4982 0.0132 -0.8670
vn -0.4983 0.0136 -0.8669
vn -0.0000 -0.0000 -1.0000
vn -0.6452 -0.0564 -0.7619
vn -0.6002 -0.1738 -0.7807
vn -0.6334 -0.0521 -0.7721
vn -0.6202 0.1035 -0.7776
vn -0.6228 0.0981 -0.7762
vn -0.6236 0.0941 -0.7761
vn -0.5851 0.2502 -0.7714
vn -0.5191 0.3642 -0.7732
vn -0.5870 0.2516 -0.7695
vn -0.6213 -0.0479 -0.7821
vn -0.5715 -0.1756 -0.8016
vn -0.5658 -0.1882 -0.8027
vn -0.5889 0.2529 -0.7676
vn -0.5209 0.3624 -0.7729
vn -0.5201 0.3635 -0.7729
vn -0.5106 -0.2999 -0.8058
vn -0.5755 -0.2925 -0.7637
vn -0.4424 0.4679 -0.7651
vn -0.5456 0.2916 -0.7856
vn -0.4406 0.4666 -0.7669
vn -0.6369 -0.2832 -0.7171
vn -0.4387 0.4653 -0.7688
vn -0.4387 0.4653 -0.7687
vn -0.5457 0.2912 -0.7858
vn -0.5459 0.2906 -0.7858
vn -0.6296 0.1047 -0.7698
vn -0.5614 -0.1840 -0.8068
vn -0.6295 0.1048 -0.7699
vn -0.1357 0.6270 -0.7671
vn 0.0502 0.6167 -0.7856
vn 0.0462 0.6172 -0.7855
vn -0.5611 -0.1845 -0.8069
vn -0.5608 -0.1854 -0.8069
vn 0.2343 0.5848 -0.7766
vn -0.0796 0.5860 -0.8064
vn 0.2344 0.5850 -0.7765
vn -0.4425 -0.4573 -0.7714
vn -0.4432 -0.4578 -0.7708
vn -0.1759 -0.5676 -0.8043
vn 0.2344 0.5851 -0.7764
vn 0.2344 0.5851 -0.7763
vn -0.0761 0.5833 -0.8087
vn -0.0674 0.5841 -0.8088
vn -0.4439 -0.4582 -0.7701
vn -0.1759 -0.5678 -0.8042
vn -0.1756 -0.5674 -0.8045
vn -0.3791 0.5247 -0.7622
vn 0.0318 0.4908 -0.8707
vn -0.3779 0.5347 -0.7558
vn 0.1070 -0.6291 -0.7700
vn 0.3149 -0.5191 -0.7945
vn 0.1075 -0.6263 -0.7721
vn -0.3767 0.5447 -0.7493
vn 0.0499 0.4935 -0.8683
vn 0.0940 0.4825 -0.8708
vn 0.1081 -0.6235 -0.7743
vn 0.3160 -0.5179 -0.7950
vn 0.3169 -0.5177 -0.7947
vn 0.4666 0.3443 -0.8147
vn 0.5482 0.1216 -0.8275
vn 0.4660 0.3344 -0.8191
vn 0.5066 -0.3838 -0.7720
vn 0.5706 -0.2717 -0.7750
vn 0.5066 -0.3838 -0.7721
vn 0.5090 -0.3865 -0.7691
vn 0.4655 0.3245 -0.8234
vn 0.5550 0.0890 -0.8271
vn 0.5604 0.0713 -0.8251
vn 0.6093 -0.1522 -0.7782
vn 0.6144 -0.1530 -0.7740
vn 0.6194 -0.1539 -0.7699
vn 0.5702 -0.2739 -0.7745
vn 0.5695 -0.2754 -0.7745
vn 0.5115 -0.3892 -0.7661
vn -0.0432 0.4766 -0.8781
vn -0.2084 0.3978 -0.8935
vn -0.0430 0.4785 -0.8770
vn -0.2074 0.3980 -0.8936
vn 0.1483 0.4208 -0.8949
vn -0.2068 0.3984 -0.8936
vn -0.0427 0.4804 -0.8760
vn 0.1490 0.4208 -0.8948
vn 0.1500 0.4205 -0.8948
vn -0.3647 0.3062 -0.8793
vn -0.3649 0.3065 -0.8792
vn -0.4243 0.1592 -0.8914
vn 0.3347 0.3441 -0.8773
vn 0.4100 0.1485 -0.8999
vn -0.3651 0.3067 -0.8790
vn -0.4236 0.1612 -0.8914
vn -0.4231 0.1626 -0.8914
vn 0.3346 0.3440 -0.8773
vn 0.4107 0.1464 -0.9000
vn 0.4118 0.1429 -0.9000
vn -0.4716 0.0117 -0.8817
vn -0.3919 -0.1838 -0.9015
vn -0.4718 0.0117 -0.8816
vn 0.4681 -0.0579 -0.8818
vn 0.4238 -0.1776 -0.8882
vn 0.4685 -0.0578 -0.8816
vn -0.4720 0.0117 -0.8815
vn -0.3920 -0.1832 -0.9015
vn -0.3919 -0.1835 -0.9015
vn 0.4690 -0.0578 -0.8813
vn 0.4234 -0.1782 -0.8882
vn 0.4232 -0.1787 -0.8882
vn -0.2941 -0.3705 -0.8810
vn -0.2950 -0.3713 -0.8804
vn -0.1356 -0.4299 -0.8926
vn 0.3709 -0.2956 -0.8804
vn 0.3721 -0.2971 -0.8794
vn 0.2045 -0.3978 -0.8944
vn -0.2959 -0.3720 -0.8798
vn -0.1356 -0.4295 -0.8928
vn 0.0286 -0.4745 -0.8798
vn 0.0296 -0.4781 -0.8778
vn 0.3733 -0.2985 -0.8784
vn 0.2059 -0.3976 -0.8941
vn 0.2077 -0.3967 -0.8942
vn 0.0307 -0.4816 -0.8758
vn -0.3506 -0.3627 -0.8634
vn -0.4352 -0.1726 -0.8836
vn -0.3506 -0.3627 -0.8635
vn -0.1590 -0.4419 -0.8829
vn -0.1601 -0.4429 -0.8822
vn -0.1605 -0.4427 -0.8822
vn 0.0374 -0.5040 -0.8629
vn 0.0395 -0.4961 -0.8674
vn 0.2070 -0.4172 -0.8849
vn -0.3506 -0.3626 -0.8635
vn -0.4346 -0.1742 -0.8836
vn -0.4330 -0.1742 -0.8844
vn 0.0417 -0.4882 -0.8717
vn 0.2077 -0.4150 -0.8858
vn 0.2082 -0.4143 -0.8860
vn -0.5000 0.0216 -0.8658
vn -0.4370 0.1742 -0.8824
vn -0.4926 0.0244 -0.8699
vn 0.3669 -0.3281 -0.8705
vn 0.3657 -0.3260 -0.8718
vn 0.4361 -0.1610 -0.8854
vn -0.4851 0.0272 -0.8740
vn -0.4335 0.1737 -0.8843
vn -0.4333 0.1742 -0.8843
vn 0.3646 -0.3238 -0.8731
vn 0.4363 -0.1581 -0.8858
vn 0.4369 -0.1565 -0.8858
vn -0.3713 0.3160 -0.8731
vn -0.2104 0.4253 -0.8803
vn -0.3752 0.3232 -0.8688
vn 0.4937 0.0127 -0.8695
vn 0.4264 0.1956 -0.8831
vn 0.4953 0.0134 -0.8686
vn -0.3791 0.3304 -0.8643
vn -0.2134 0.4250 -0.8797
vn -0.2117 0.4262 -0.8795
vn 0.4969 0.0141 -0.8677
vn 0.4281 0.1929 -0.8829
vn 0.4271 0.1946 -0.8830
vn -0.0364 0.5060 -0.8617
vn -0.0368 0.5045 -0.8626
vn 0.1552 0.4453 -0.8818
vn 0.3413 0.3678 -0.8650
vn 0.3415 0.3684 -0.8647
vn -0.0372 0.5030 -0.8635
vn 0.1554 0.4450 -0.8819
vn 0.1561 0.4448 -0.8819
vn 0.3418 0.3689 -0.8643
vn -0.0109 -0.0095 -0.9999
vn -0.1320 -0.1153 -0.9845
vn -0.0663 -0.0579 -0.9961
vn -0.1131 -0.0988 -0.9887
vn -0.2072 -0.0586 -0.9765
vn -0.2108 -0.0096 -0.9775
vn -0.2081 -0.0591 -0.9763
vn -0.1829 -0.1000 -0.9780
vn -0.1824 -0.1007 -0.9780
vn -0.1846 -0.1044 -0.9773
vn -0.1573 -0.1426 -0.9772
vn 0.0406 -0.0544 -0.9977
vn -0.1713 -0.1644 -0.9714
vn -0.2091 -0.0595 -0.9761
vn -0.2090 -0.0595 -0.9761
vn -0.2109 -0.0102 -0.9775
vn -0.2116 -0.0212 -0.9771
vn -0.1852 -0.1862 -0.9649
vn 0.0354 -0.0599 -0.9976
vn 0.0413 -0.0564 -0.9976
vn -0.2121 0.0391 -0.9765
vn -0.8824 -0.0939 -0.4610
vn -0.6731 -0.0441 -0.7382
vn 0.2043 -0.0339 -0.9783
vn -0.5016 -0.1004 -0.8592
vn -0.5016 -0.1004 -0.8593
vn -0.5464 -0.1035 -0.8311
vn 0.2649 0.0773 -0.9612
vn 0.2114 0.0088 -0.9774
vn 0.2358 0.0740 -0.9690
vn 0.2065 0.0707 -0.9759
vn 0.2088 0.0089 -0.9779
vn 0.2088 0.0083 -0.9779
vn 0.2102 -0.0529 -0.9762
vn 0.1414 -0.0967 -0.9852
vn 0.2097 -0.0529 -0.9763
vn 0.2091 -0.0529 -0.9765
vn 0.2053 -0.1187 -0.9715
vn 0.2006 -0.1840 -0.9622
vn 0.0295 -0.1169 -0.9927
vn -0.1426 -0.0457 -0.9887
vn 0.4658 -0.2603 -0.8458
vn 0.4631 -0.2612 -0.8470
vn 0.4603 -0.2620 -0.8482
vn -0.4710 -0.3125 -0.8250
vn -0.4709 -0.3125 -0.8250
vn -0.4976 -0.1233 -0.8586
vn -0.4347 -0.2489 -0.8655
vn -0.4983 -0.1238 -0.8581
vn -0.4990 -0.1242 -0.8577
vn -0.4354 -0.2483 -0.8654
vn -0.4359 -0.2473 -0.8654
vn -0.3626 -0.3675 -0.8564
vn -0.4412 -0.2314 -0.8671
vn -0.3629 -0.3675 -0.8563
vn -0.4408 -0.2308 -0.8674
vn -0.4409 -0.2305 -0.8674
vn -0.5080 -0.0883 -0.8568
vn -0.4083 -0.2544 -0.8767
vn -0.5099 -0.0897 -0.8556
vn -0.5118 -0.0912 -0.8543
vn -0.4131 -0.2591 -0.8730
vn -0.4165 -0.2539 -0.8730
vn -0.3632 -0.3675 -0.8562
vn -0.2030 -0.3171 -0.9264
vn -0.2516 -0.3682 -0.8951
vn -0.2987 -0.4171 -0.8584
vn 0.0850 -0.9964 -0.0000
vn -0.3351 -0.9422 -0.0000
vn -0.6951 -0.7190 -0.0000
vn -0.6950 -0.7190 -0.0000
vn -0.9312 -0.3645 -0.0000
vn -0.0219 -0.9998 -0.0000
vn -0.3484 -0.9373 -0.0000
vn -0.6364 -0.7713 -0.0000
vn -0.9068 -0.4217 -0.0000
vn -0.6954 -0.7187 -0.0000
vn -0.9497 -0.3131 -0.0000
vn -0.2957 -0.9553 -0.0000
vn 0.1677 -0.9858 -0.0000
vn -0.5028 -0.6171 -0.6053
vn -0.7027 -0.3231 -0.6339
vn -0.5069 -0.6182 -0.6006
vn -0.6995 -0.3387 -0.6292
vn -0.3422 -0.7178 -0.6064
vn -0.6940 -0.3492 -0.6296
vn -0.0162 -0.7366 -0.6761
vn -0.0874 -0.7668 -0.6359
vn -0.2980 -0.7140 -0.6335
vn -0.5111 -0.6194 -0.5960
vn -0.3412 -0.7193 -0.6052
vn -0.1580 -0.7912 -0.5908
vn -0.5028 -0.6171 0.6053
vn -0.3422 -0.7178 0.6064
vn -0.5069 -0.6183 0.6006
vn -0.5069 -0.6182 0.6006
vn -0.7027 -0.3231 0.6339
vn -0.6995 -0.3387 0.6292
vn -0.6940 -0.3492 0.6296
vn -0.5111 -0.6194 0.5960
vn -0.3412 -0.7193 0.6052
vn -0.2980 -0.7140 0.6335
vn -0.1580 -0.7912 0.5908
vn -0.0874 -0.7668 0.6359
vn -0.0162 -0.7366 0.6761
vn 0.4597 -0.7087 -0.5353
vn 0.0633 -0.8023 -0.5935
vn 0.0590 -0.8026 -0.5936
vn 0.4538 -0.7089 -0.5400
vn 0.0501 -0.8017 -0.5956
vn -0.3519 -0.7579 -0.5494
vn -0.3518 -0.7579 -0.5494
vn -0.6130 -0.5076 -0.6055
vn 0.4480 -0.7090 -0.5446
vn -0.6131 -0.5198 -0.5950
vn -0.6175 -0.5144 -0.5951
vn -0.3519 -0.7579 0.5494
vn -0.6175 -0.5144 0.5951
vn -0.6131 -0.5198 0.5950
vn 0.0501 -0.8017 0.5956
vn -0.6130 -0.5076 0.6055
vn -0.3518 -0.7579 0.5494
vn 0.0590 -0.8026 0.5936
vn 0.0633 -0.8023 0.5935
vn 0.4597 -0.7087 0.5353
vn 0.4538 -0.7089 0.5400
vn 0.4480 -0.7090 0.5446
vn 0.5442 -0.8390 -0.0000
vn 0.0703 -0.9975 -0.0000
vn -0.4211 -0.9070 -0.0000
vn -0.7840 -0.6207 -0.0000
vn -0.7409 -0.6716 -0.0000
vn -0.8743 -0.4854 -0.0000
vn 0.0636 -0.9980 -0.0000
vn -0.2990 -0.9542 -0.0000
vn -0.6217 -0.7832 -0.0000
vn -0.9058 -0.4237 -0.0000
vn -0.9984 0.0560 -0.0000
vn -0.9284 0.3715 -0.0000
vn -0.7615 0.6481 -0.0000
vn -0.7655 0.6434 -0.0000
vn -0.9378 0.3473 -0.0000
vn -0.9999 0.0104 -0.0000
vn -0.7559 -0.6547 -0.0000
vn -0.9326 -0.3610 -0.0000
vn -0.9209 -0.3899 -0.0000
vn -0.9962 -0.0871 -0.0000
vn -0.9875 0.1578 -0.0000
vn -0.9194 0.3932 -0.0000
vn -0.8199 0.5724 -0.0000
vn -0.8200 0.5724 -0.0000
vn -0.6860 0.7276 -0.0000
vn -0.8824 0.4705 -0.0000
vn -0.9864 0.1642 -0.0000
vn -0.6090 0.5125 -0.6053
vn -0.6087 0.5119 -0.6062
vn -0.7360 0.2659 -0.6225
vn -0.6083 0.5113 -0.6071
vn -0.7310 0.2681 -0.6276
vn -0.7303 0.2697 -0.6276
vn -0.7985 0.0083 -0.6019
vn -0.8067 -0.0063 -0.5909
vn -0.8146 -0.0209 -0.5797
vn -0.7985 0.0083 0.6019
vn -0.7360 0.2659 0.6225
vn -0.8067 -0.0063 0.5909
vn -0.7303 0.2697 0.6276
vn -0.7310 0.2681 0.6276
vn -0.6083 0.5113 0.6071
vn -0.6087 0.5119 0.6062
vn -0.8146 -0.0209 0.5797
vn -0.6090 0.5125 0.6053
vn -0.7964 -0.2156 -0.5650
vn -0.8045 0.0095 -0.5939
vn -0.7934 -0.1892 -0.5786
vn -0.7896 -0.1627 -0.5917
vn -0.7987 0.0268 -0.6012
vn -0.7986 0.0278 -0.6012
vn -0.7790 0.2153 -0.5890
vn -0.7814 0.2164 -0.5852
vn -0.6912 0.4070 -0.5972
vn -0.7839 0.2176 -0.5815
vn -0.6906 0.4083 -0.5970
vn -0.5659 0.5805 -0.5854
vn -0.5659 0.5805 -0.5855
vn -0.7964 -0.2156 0.5650
vn -0.7965 -0.2156 0.5650
vn -0.7934 -0.1892 0.5786
vn -0.8045 0.0095 0.5939
vn -0.7896 -0.1627 0.5917
vn -0.7987 0.0268 0.6012
vn -0.7986 0.0278 0.6012
vn -0.7790 0.2153 0.5890
vn -0.6912 0.4070 0.5972
vn -0.7814 0.2164 0.5852
vn -0.7839 0.2176 0.5815
vn -0.6906 0.4083 0.5970
vn -0.5659 0.5805 0.5854
vn -0.9482 -0.1151 -0.2961
vn -0.9482 -0.1151 0.2961
vn -0.2204 -0.0776 0.9723
vn -0.5016 -0.1004 0.8592
vn -0.5464 -0.1035 0.8311
vn -0.7820 -0.1524 0.6044
vn -0.5479 -0.0549 0.8347
vn -0.6403 -0.2376 0.7304
vn -0.6500 -0.2325 0.7235
vn -0.6403 -0.2376 0.7305
vn -0.7820 -0.1524 -0.6044
vn -0.6981 0.7160 -0.0000
vn -0.8608 0.5089 -0.0000
vn -0.9794 -0.2018 -0.0000
vn -0.9994 0.0332 -0.0000
vn -0.9639 0.2664 -0.0000
vn -0.9618 -0.2737 -0.0000
vn -0.9984 -0.0563 -0.0000
vn -0.9963 -0.0860 -0.0000
vn -0.9865 0.1638 -0.0000
vn -0.9865 0.1637 -0.0000
vn -0.7658 0.6430 -0.0000
vn -0.9353 0.3537 -0.0000
vn -0.9997 0.0247 -0.0000
vn -0.9353 0.3538 -0.0000
vn 0.2298 0.4704 0.8520
vn 0.2897 0.4341 0.8530
vn 0.2324 0.4783 0.8469
vn 0.2894 0.4328 0.8538
vn 0.0896 0.5275 0.8448
vn 0.2897 0.4326 0.8538
vn 0.2350 0.4861 0.8417
vn 0.0872 0.5287 0.8443
vn 0.0872 0.5287 0.8444
vn 0.0873 0.5103 0.8555
vn -0.0627 0.5587 0.8270
vn -0.0483 0.4297 0.9017
vn -0.1295 -0.0038 0.9916
vn -0.0327 0.2911 0.9561
vn -0.1446 -0.0880 0.9856
vn -0.1242 -0.0137 0.9922
vn 0.3594 0.4030 0.8417
vn 0.3535 0.3981 0.8465
vn 0.4279 0.3099 0.8490
vn 0.4292 0.3092 0.8487
vn 0.4291 0.3092 0.8487
vn 0.4299 0.3078 0.8488
vn 0.3475 0.3931 0.8513
vn 0.4900 0.2104 0.8459
vn 0.4915 0.2107 0.8450
vn 0.4903 -0.0249 0.8712
vn 0.4891 -0.0266 0.8718
vn 0.4890 -0.0282 0.8718
vn 0.4930 0.2110 0.8440
vn 0.5085 0.1513 0.8477
vn 0.4967 -0.0573 0.8660
vn 0.5075 0.0110 0.8616
vn 0.5065 -0.0093 0.8622
vn 0.5063 -0.0139 0.8623
vn 0.5084 0.1513 0.8477
vn 0.4979 -0.0557 0.8655
vn 0.4980 -0.0543 0.8655
vn 0.4914 -0.1696 0.8543
vn 0.5369 -0.1665 0.8271
vn -0.4894 0.1495 0.8591
vn -0.4904 0.1495 0.8586
vn -0.4983 0.0136 0.8669
vn -0.4982 0.0132 0.8670
vn -0.4984 0.0129 0.8669
vn -0.4915 0.1494 0.8580
vn -0.4947 -0.0838 0.8650
vn -0.4956 -0.0600 0.8665
vn -0.0000 -0.0000 1.0000
vn -0.1357 0.6270 0.7671
vn 0.0462 0.6172 0.7855
vn 0.0502 0.6167 0.7856
vn 0.2343 0.5848 0.7766
vn 0.2344 0.5850 0.7765
vn -0.0796 0.5860 0.8064
vn 0.2344 0.5851 0.7764
vn -0.0761 0.5833 0.8087
vn 0.2344 0.5851 0.7763
vn -0.0674 0.5841 0.8088
vn -0.3791 0.5247 0.7622
vn 0.0318 0.4908 0.8707
vn -0.3779 0.5347 0.7558
vn -0.3767 0.5447 0.7493
vn 0.0499 0.4935 0.8683
vn 0.0940 0.4825 0.8708
vn 0.4666 0.3443 0.8147
vn 0.4660 0.3344 0.8191
vn 0.4661 0.3344 0.8191
vn 0.5482 0.1216 0.8275
vn 0.4655 0.3245 0.8234
vn 0.5604 0.0713 0.8251
vn 0.5550 0.0890 0.8271
vn 0.6093 -0.1522 0.7782
vn 0.5706 -0.2717 0.7750
vn 0.6144 -0.1530 0.7740
vn 0.6194 -0.1539 0.7699
vn 0.5702 -0.2739 0.7745
vn 0.5695 -0.2754 0.7745
vn 0.5115 -0.3892 0.7661
vn 0.3169 -0.5177 0.7947
vn 0.5090 -0.3865 0.7691
vn 0.5066 -0.3838 0.7720
vn 0.3160 -0.5179 0.7950
vn 0.3149 -0.5191 0.7945
vn 0.1081 -0.6235 0.7743
vn -0.1756 -0.5674 0.8045
vn 0.1075 -0.6263 0.7721
vn 0.1070 -0.6291 0.7700
vn -0.1759 -0.5678 0.8042
vn -0.1759 -0.5676 0.8043
vn -0.4439 -0.4582 0.7701
vn -0.5614 -0.1840 0.8068
vn -0.4432 -0.4578 0.7708
vn -0.4425 -0.4573 0.7714
vn -0.5611 -0.1845 0.8069
vn -0.5608 -0.1854 0.8069
vn -0.6295 0.1048 0.7699
vn -0.5459 0.2906 0.7858
vn -0.6296 0.1047 0.7698
vn -0.5456 0.2916 0.7856
vn -0.5457 0.2912 0.7858
vn -0.4387 0.4653 0.7688
vn -0.5191 0.3642 0.7732
vn -0.4406 0.4666 0.7669
vn -0.4424 0.4679 0.7651
vn -0.5209 0.3624 0.7729
vn -0.5201 0.3635 0.7729
vn -0.5889 0.2529 0.7676
vn -0.6202 0.1035 0.7776
vn -0.5870 0.2516 0.7695
vn -0.5851 0.2502 0.7714
vn -0.6228 0.0981 0.7762
vn -0.6236 0.0941 0.7761
vn -0.6452 -0.0564 0.7619
vn -0.6334 -0.0521 0.7721
vn -0.6002 -0.1738 0.7807
vn -0.6213 -0.0479 0.7821
vn -0.5715 -0.1756 0.8016
vn -0.5658 -0.1882 0.8027
vn -0.5106 -0.2999 0.8058
vn -0.6073 -0.2880 0.7405
vn -0.5755 -0.2925 0.7637
vn -0.6369 -0.2832 0.7171
vn -0.0427 0.4804 0.8760
vn 0.1500 0.4205 0.8948
vn 0.1490 0.4208 0.8948
vn -0.2084 0.3978 0.8935
vn -0.0430 0.4785 0.8770
vn 0.1483 0.4209 0.8949
vn -0.0432 0.4766 0.8781
vn -0.2074 0.3981 0.8936
vn -0.2069 0.3984 0.8936
vn 0.3347 0.3441 0.8772
vn 0.3347 0.3441 0.8773
vn 0.4101 0.1485 0.8999
vn -0.3647 0.3062 0.8793
vn -0.4243 0.1592 0.8914
vn -0.3649 0.3065 0.8792
vn 0.3346 0.3441 0.8773
vn 0.4107 0.1464 0.8999
vn 0.4119 0.1429 0.9000
vn -0.3651 0.3067 0.8790
vn -0.4231 0.1626 0.8914
vn -0.4236 0.1612 0.8914
vn 0.4681 -0.0579 0.8818
vn 0.4686 -0.0579 0.8815
vn 0.4239 -0.1776 0.8881
vn -0.4716 0.0117 0.8817
vn -0.4719 0.0117 0.8816
vn -0.3919 -0.1838 0.9015
vn 0.4690 -0.0578 0.8813
vn 0.4235 -0.1782 0.8882
vn 0.4232 -0.1787 0.8882
vn -0.4721 0.0117 0.8815
vn -0.3919 -0.1835 0.9015
vn -0.3919 -0.1836 0.9015
vn -0.3921 -0.1832 0.9015
vn 0.3709 -0.2957 0.8804
vn 0.2045 -0.3978 0.8944
vn 0.3721 -0.2971 0.8794
vn -0.2941 -0.3705 0.8810
vn -0.1356 -0.4300 0.8926
vn -0.2950 -0.3713 0.8804
vn 0.3733 -0.2985 0.8784
vn 0.2077 -0.3967 0.8941
vn 0.2059 -0.3977 0.8941
vn 0.0307 -0.4816 0.8758
vn 0.0296 -0.4781 0.8778
vn -0.2959 -0.3720 0.8798
vn -0.1356 -0.4296 0.8928
vn 0.0286 -0.4746 0.8798
vn -0.5000 0.0216 0.8658
vn -0.4370 0.1742 0.8824
vn -0.4926 0.0244 0.8699
vn -0.4352 -0.1726 0.8836
vn -0.4346 -0.1742 0.8836
vn -0.4330 -0.1742 0.8844
vn -0.4851 0.0272 0.8740
vn -0.4335 0.1737 0.8843
vn -0.4333 0.1742 0.8843
vn -0.3506 -0.3626 0.8635
vn -0.3506 -0.3627 0.8635
vn -0.1590 -0.4419 0.8829
vn -0.3713 0.3160 0.8731
vn -0.2104 0.4253 0.8803
vn -0.3752 0.3232 0.8688
vn -0.3506 -0.3627 0.8634
vn -0.1601 -0.4429 0.8822
vn -0.1605 -0.4427 0.8822
vn -0.3791 0.3304 0.8643
vn -0.2117 0.4262 0.8795
vn -0.2134 0.4250 0.8797
vn 0.0374 -0.5040 0.8629
vn 0.2070 -0.4172 0.8849
vn 0.0395 -0.4961 0.8674
vn -0.0364 0.5060 0.8617
vn 0.1552 0.4453 0.8818
vn -0.0368 0.5045 0.8626
vn 0.0417 -0.4882 0.8717
vn 0.2077 -0.4150 0.8858
vn 0.2082 -0.4143 0.8860
vn -0.0372 0.5030 0.8635
vn 0.1554 0.4450 0.8819
vn 0.1561 0.4448 0.8819
vn 0.3669 -0.3281 0.8705
vn 0.4361 -0.1610 0.8854
vn 0.3657 -0.3260 0.8718
vn 0.3418 0.3689 0.8643
vn 0.3415 0.3684 0.8647
vn 0.4281 0.1929 0.8829
vn 0.3646 -0.3238 0.8731
vn 0.4363 -0.1581 0.8858
vn 0.4369 -0.1565 0.8858
vn 0.3413 0.3678 0.8650
vn 0.4271 0.1946 0.8830
vn 0.4264 0.1956 0.8831
vn 0.4937 0.0127 0.8695
vn 0.4953 0.0134 0.8686
vn 0.4969 0.0141 0.8677
vn -0.0109 -0.0095 0.9999
vn -0.1131 -0.0988 0.9887
vn -0.0662 -0.0579 0.9961
vn -0.1320 -0.1153 0.9845
vn 0.2102 -0.0529 0.9762
vn 0.2114 0.0088 0.9774
vn 0.2097 -0.0529 0.9763
vn 0.2088 0.0089 0.9779
vn 0.1414 -0.0967 0.9852
vn 0.2088 0.0083 0.9779
vn 0.2065 0.0707 0.9759
vn 0.0407 -0.0544 0.9977
vn 0.2358 0.0740 0.9690
vn 0.2649 0.0773 0.9612
vn 0.0354 -0.0599 0.9976
vn 0.0413 -0.0564 0.9976
vn -0.1852 -0.1862 0.9649
vn -0.1713 -0.1645 0.9714
vn -0.1846 -0.1044 0.9773
vn -0.1573 -0.1426 0.9772
vn -0.1825 -0.1007 0.9780
vn -0.1830 -0.1001 0.9780
vn -0.2072 -0.0586 0.9765
vn -0.2081 -0.0591 0.9763
vn -0.2108 -0.0096 0.9775
vn -0.2091 -0.0595 0.9761
vn -0.2109 -0.0102 0.9775
vn -0.2107 -0.0158 0.9774
vn -0.2122 0.0391 0.9765
vn 0.2042 -0.0339 0.9783
vn 0.2091 -0.0529 0.9765
vn 0.2053 -0.1187 0.9715
vn 0.2006 -0.1840 0.9622
vn 0.0295 -0.1169 0.9927
vn -0.1426 -0.0456 0.9887
vn -0.5080 -0.0883 0.8568
vn -0.4412 -0.2314 0.8671
vn -0.5099 -0.0897 0.8556
vn -0.4408 -0.2308 0.8674
vn -0.4083 -0.2544 0.8767
vn -0.4409 -0.2305 0.8674
vn -0.5118 -0.0912 0.8543
vn -0.4131 -0.2591 0.8730
vn -0.4165 -0.2539 0.8730
vn 0.4658 -0.2603 0.8458
vn 0.4631 -0.2612 0.8470
vn 0.4603 -0.2620 0.8482
vn -0.4710 -0.3125 0.8250
vn -0.4709 -0.3125 0.8250
vn -0.4990 -0.1242 0.8577
vn -0.4347 -0.2489 0.8655
vn -0.4983 -0.1238 0.8581
vn -0.4354 -0.2483 0.8654
vn -0.4359 -0.2473 0.8654
vn -0.4976 -0.1233 0.8586
vn -0.3626 -0.3675 0.8564
vn -0.3629 -0.3675 0.8563
vn -0.3632 -0.3675 0.8562
vn -0.2030 -0.3171 0.9264
vn -0.2516 -0.3682 0.8951
vn -0.2987 -0.4171 0.8584
vt 0.549766 0.454041
vt 0.550630 0.438260
vt 0.550756 0.444400
vt 0.550252 0.456680
vt 0.551548 0.425118
vt 0.551387 0.438260
vt 0.550954 0.454041
vt 0.548065 0.470614
vt 0.549276 0.450954
vt 0.548872 0.470614
vt 0.550487 0.431293
vt 0.549679 0.470614
vt 0.552910 0.391973
vt 0.552506 0.411633
vt 0.551699 0.411633
vt 0.552102 0.431293
vt 0.551294 0.470614
vt 0.550487 0.470614
vt 0.551698 0.450954
vt 0.552909 0.425118
vt 0.553287 0.438260
vt 0.552909 0.444400
vt 0.552531 0.438260
vt 0.553503 0.454041
vt 0.552909 0.456680
vt 0.552315 0.454041
vt 0.553313 0.411633
vt 0.553716 0.431293
vt 0.554523 0.470614
vt 0.553716 0.470614
vt 0.554120 0.450954
vt 0.552909 0.470614
vt 0.552101 0.470614
vt 0.554271 0.425118
vt 0.555189 0.438260
vt 0.555062 0.444400
vt 0.554432 0.438260
vt 0.556053 0.454041
vt 0.555567 0.456680
vt 0.554864 0.454041
vt 0.554121 0.411633
vt 0.555332 0.431293
vt 0.557755 0.470614
vt 0.556947 0.470614
vt 0.556543 0.450954
vt 0.556139 0.470614
vt 0.555331 0.470614
vt 0.548745 0.585340
vt 0.548637 0.574328
vt 0.549141 0.578613
vt 0.549393 0.587181
vt 0.548745 0.565158
vt 0.549393 0.574328
vt 0.549933 0.585340
vt 0.548065 0.596903
vt 0.548065 0.583185
vt 0.548872 0.596903
vt 0.548065 0.569467
vt 0.549679 0.596903
vt 0.548065 0.542031
vt 0.548872 0.555749
vt 0.548065 0.555749
vt 0.549679 0.569467
vt 0.551294 0.596903
vt 0.550487 0.596903
vt 0.550487 0.583185
vt 0.550613 0.553595
vt 0.550722 0.564606
vt 0.550218 0.560322
vt 0.549966 0.551753
vt 0.550613 0.573776
vt 0.549966 0.564606
vt 0.549426 0.553595
vt 0.551294 0.542031
vt 0.551294 0.555749
vt 0.550487 0.542031
vt 0.551294 0.569467
vt 0.549679 0.542031
vt 0.551294 0.583185
vt 0.548872 0.542031
vt 0.551974 0.585340
vt 0.551866 0.574328
vt 0.552370 0.578613
vt 0.552622 0.587181
vt 0.551974 0.565158
vt 0.552622 0.574328
vt 0.553162 0.585340
vt 0.552101 0.596903
vt 0.552909 0.596903
vt 0.552101 0.555749
vt 0.552909 0.569467
vt 0.554523 0.596903
vt 0.553716 0.596903
vt 0.553716 0.583185
vt 0.548745 0.526981
vt 0.548637 0.512649
vt 0.549141 0.518225
vt 0.549393 0.529378
vt 0.548745 0.500714
vt 0.549393 0.512649
vt 0.549933 0.526981
vt 0.548065 0.524177
vt 0.548065 0.506322
vt 0.548872 0.488468
vt 0.548065 0.488468
vt 0.549679 0.506322
vt 0.550487 0.524177
vt 0.550613 0.485664
vt 0.550722 0.499996
vt 0.550218 0.494419
vt 0.549966 0.483267
vt 0.550613 0.511930
vt 0.549966 0.499996
vt 0.549426 0.485664
vt 0.551294 0.488468
vt 0.551294 0.506322
vt 0.551294 0.524177
vt 0.553843 0.553595
vt 0.553951 0.564606
vt 0.553447 0.560322
vt 0.553195 0.551753
vt 0.553843 0.573776
vt 0.553195 0.564606
vt 0.552655 0.553595
vt 0.554523 0.542031
vt 0.554523 0.555749
vt 0.553716 0.542031
vt 0.554523 0.569467
vt 0.552909 0.542031
vt 0.554523 0.583185
vt 0.552101 0.542031
vt 0.551974 0.526981
vt 0.551866 0.512649
vt 0.552370 0.518225
vt 0.552622 0.529378
vt 0.551974 0.500714
vt 0.552622 0.512649
vt 0.553162 0.526981
vt 0.552101 0.488468
vt 0.552909 0.506322
vt 0.553716 0.524177
vt 0.555204 0.585340
vt 0.555096 0.574328
vt 0.555600 0.578613
vt 0.555853 0.587181
vt 0.555204 0.565158
vt 0.555853 0.574328
vt 0.556393 0.585340
vt 0.555331 0.596903
vt 0.556139 0.596903
vt 0.555331 0.555749
vt 0.556139 0.569467
vt 0.557755 0.596903
vt 0.556947 0.596903
vt 0.556947 0.583185
vt 0.553843 0.485664
vt 0.553951 0.499996
vt 0.553447 0.494419
vt 0.553195 0.483267
vt 0.553843 0.511930
vt 0.553195 0.499996
vt 0.552655 0.485664
vt 0.554523 0.488468
vt 0.554523 0.506322
vt 0.554523 0.524177
vt 0.557074 0.553595
vt 0.557182 0.564606
vt 0.556677 0.560322
vt 0.556425 0.551753
vt 0.557073 0.573776
vt 0.556425 0.564606
vt 0.555885 0.553595
vt 0.557755 0.542031
vt 0.557755 0.555749
vt 0.556947 0.542031
vt 0.557755 0.569467
vt 0.556139 0.542031
vt 0.557755 0.583185
vt 0.555331 0.542031
vt 0.555204 0.526981
vt 0.555096 0.512649
vt 0.555600 0.518225
vt 0.555853 0.529378
vt 0.555204 0.500714
vt 0.555853 0.512649
vt 0.556393 0.526981
vt 0.555331 0.488468
vt 0.556139 0.506322
vt 0.556947 0.524177
vt 0.557074 0.485664
vt 0.557182 0.499996
vt 0.556677 0.494419
vt 0.556425 0.483267
vt 0.557073 0.511930
vt 0.556425 0.499996
vt 0.555885 0.485664
vt 0.557755 0.488468
vt 0.557755 0.506322
vt 0.557755 0.524177
vt 0.556656 0.464147
vt 0.557091 0.467999
vt 0.555068 0.466500
vt 0.554056 0.463503
vt 0.556656 0.471206
vt 0.554056 0.467999
vt 0.551891 0.464147
vt 0.559386 0.460102
vt 0.559386 0.464901
vt 0.556147 0.460102
vt 0.559386 0.469699
vt 0.552909 0.460102
vt 0.559386 0.479296
vt 0.556147 0.474497
vt 0.559386 0.474497
vt 0.552909 0.469699
vt 0.546431 0.460102
vt 0.549670 0.460102
vt 0.549670 0.464901
vt 0.553926 0.475251
vt 0.551761 0.475895
vt 0.550749 0.472898
vt 0.551761 0.471399
vt 0.549161 0.475251
vt 0.548726 0.471399
vt 0.549161 0.468192
vt 0.556147 0.479296
vt 0.552909 0.479296
vt 0.546431 0.479296
vt 0.546431 0.474497
vt 0.549670 0.479296
vt 0.546431 0.469699
vt 0.546431 0.464901
vt 0.556656 0.484052
vt 0.557091 0.488581
vt 0.555068 0.486819
vt 0.554056 0.483295
vt 0.556656 0.492353
vt 0.554056 0.488581
vt 0.551891 0.484052
vt 0.559386 0.484938
vt 0.559386 0.490581
vt 0.559386 0.501866
vt 0.556147 0.496223
vt 0.559386 0.496223
vt 0.552909 0.490581
vt 0.549670 0.484938
vt 0.549161 0.497109
vt 0.548726 0.492580
vt 0.550749 0.494342
vt 0.551761 0.497867
vt 0.549161 0.488808
vt 0.551761 0.492580
vt 0.553926 0.497109
vt 0.546431 0.501866
vt 0.546431 0.496223
vt 0.549670 0.501866
vt 0.546431 0.490581
vt 0.552909 0.501866
vt 0.546431 0.484938
vt 0.556147 0.501866
vt 0.556869 0.533750
vt 0.557329 0.537212
vt 0.555191 0.538829
vt 0.554122 0.537212
vt 0.556869 0.541369
vt 0.554122 0.542064
vt 0.551835 0.541369
vt 0.559754 0.525019
vt 0.559754 0.530198
vt 0.556332 0.530198
vt 0.559754 0.535376
vt 0.552910 0.535376
vt 0.559754 0.545734
vt 0.556332 0.545734
vt 0.559754 0.540555
vt 0.552910 0.545734
vt 0.546066 0.545734
vt 0.549488 0.540555
vt 0.549488 0.545734
vt 0.553985 0.546928
vt 0.551697 0.548066
vt 0.550628 0.547623
vt 0.551697 0.546738
vt 0.548950 0.549013
vt 0.548491 0.548066
vt 0.548950 0.546929
vt 0.556332 0.547151
vt 0.552910 0.548568
vt 0.546066 0.551401
vt 0.546066 0.549984
vt 0.549488 0.549984
vt 0.546066 0.548568
vt 0.546066 0.547151
vt 0.553985 0.529384
vt 0.551697 0.533541
vt 0.550628 0.531924
vt 0.551697 0.528689
vt 0.548950 0.537003
vt 0.548491 0.533541
vt 0.548950 0.529384
vt 0.556332 0.525019
vt 0.552910 0.525019
vt 0.546066 0.540555
vt 0.546066 0.535376
vt 0.546066 0.525019
vt 0.549488 0.525019
vt 0.546066 0.530198
vt 0.551835 0.550207
vt 0.554122 0.549070
vt 0.555191 0.549512
vt 0.554122 0.550397
vt 0.556869 0.548123
vt 0.557329 0.549070
vt 0.556869 0.550207
vt 0.549488 0.551401
vt 0.552910 0.551401
vt 0.559754 0.547151
vt 0.559754 0.548568
vt 0.559754 0.551401
vt 0.556332 0.551401
vt 0.559754 0.549984
vt 0.554305 0.633599
vt 0.551333 0.634175
vt 0.549944 0.631494
vt 0.551333 0.630154
vt 0.547763 0.633599
vt 0.547166 0.630154
vt 0.547763 0.627285
vt 0.561803 0.637216
vt 0.557356 0.637216
vt 0.557356 0.632925
vt 0.552909 0.637216
vt 0.552909 0.628633
vt 0.544014 0.637216
vt 0.544014 0.632925
vt 0.548461 0.637216
vt 0.544014 0.628633
vt 0.544014 0.620050
vt 0.548461 0.624341
vt 0.544014 0.624341
vt 0.558054 0.623667
vt 0.558651 0.627112
vt 0.555873 0.625772
vt 0.554484 0.623091
vt 0.558054 0.629981
vt 0.554484 0.627112
vt 0.551512 0.623667
vt 0.561803 0.620050
vt 0.561803 0.624341
vt 0.557356 0.620050
vt 0.561803 0.628633
vt 0.552909 0.620050
vt 0.561803 0.632925
vt 0.548461 0.620050
vt 0.547763 0.610716
vt 0.547166 0.601828
vt 0.549944 0.605286
vt 0.551333 0.612202
vt 0.547763 0.594426
vt 0.551333 0.601828
vt 0.554305 0.610716
vt 0.544014 0.608977
vt 0.544014 0.597904
vt 0.544014 0.575759
vt 0.548461 0.586831
vt 0.544014 0.586831
vt 0.552909 0.597904
vt 0.557356 0.608977
vt 0.558054 0.585092
vt 0.558651 0.593980
vt 0.555873 0.590522
vt 0.554484 0.583606
vt 0.558054 0.601382
vt 0.554484 0.593980
vt 0.551512 0.585092
vt 0.561803 0.575759
vt 0.561803 0.586831
vt 0.557356 0.575759
vt 0.561803 0.597904
vt 0.552909 0.575759
vt 0.561803 0.608977
vt 0.548461 0.575759
vt 0.552909 0.550034
vt 0.554992 0.557465
vt 0.552909 0.560937
vt 0.550826 0.557465
vt 0.556180 0.566388
vt 0.552909 0.567880
vt 0.549638 0.566388
vt 0.552910 0.531293
vt 0.555133 0.542409
vt 0.550686 0.542409
vt 0.557356 0.553526
vt 0.548462 0.553526
vt 0.559580 0.564642
vt 0.546238 0.564642
vt 0.544355 0.548589
vt 0.542726 0.547238
vt 0.543360 0.546953
vt 0.544628 0.547709
vt 0.541370 0.545765
vt 0.542726 0.545911
vt 0.544355 0.546505
vt 0.544036 0.549482
vt 0.542007 0.547562
vt 0.537949 0.543724
vt 0.539978 0.544227
vt 0.539978 0.545643
vt 0.542007 0.544729
vt 0.544036 0.545232
vt 0.544355 0.533326
vt 0.544628 0.536856
vt 0.543360 0.538159
vt 0.542726 0.536385
vt 0.544355 0.540945
vt 0.542726 0.541237
vt 0.541370 0.540206
vt 0.544036 0.529695
vt 0.542007 0.534371
vt 0.539978 0.539048
vt 0.539659 0.547650
vt 0.541288 0.548823
vt 0.540654 0.549934
vt 0.539387 0.549590
vt 0.542644 0.550473
vt 0.541288 0.551389
vt 0.539659 0.551679
vt 0.537949 0.546462
vt 0.537949 0.549201
vt 0.544036 0.552220
vt 0.542007 0.553039
vt 0.537949 0.554677
vt 0.537949 0.551939
vt 0.539978 0.553858
vt 0.539659 0.534567
vt 0.539387 0.530229
vt 0.540654 0.529240
vt 0.541288 0.531644
vt 0.539659 0.525466
vt 0.541288 0.525847
vt 0.542644 0.527687
vt 0.537949 0.537537
vt 0.537949 0.531351
vt 0.537949 0.518978
vt 0.539978 0.520488
vt 0.537949 0.525164
vt 0.542007 0.521998
vt 0.544036 0.523508
vt 0.563174 0.550473
vt 0.564530 0.548823
vt 0.565164 0.549934
vt 0.564530 0.551389
vt 0.566158 0.547650
vt 0.566431 0.549590
vt 0.566158 0.551679
vt 0.561782 0.549482
vt 0.561782 0.552220
vt 0.563811 0.547562
vt 0.563811 0.553039
vt 0.567869 0.543724
vt 0.567869 0.546462
vt 0.565840 0.545643
vt 0.567869 0.549201
vt 0.567869 0.554677
vt 0.565840 0.553858
vt 0.567869 0.551939
vt 0.564448 0.545765
vt 0.563092 0.547238
vt 0.562459 0.546953
vt 0.563092 0.545911
vt 0.561464 0.548589
vt 0.561192 0.547709
vt 0.561464 0.546505
vt 0.565840 0.544227
vt 0.563811 0.544729
vt 0.561782 0.545232
vt 0.561464 0.533326
vt 0.563092 0.536385
vt 0.562459 0.538159
vt 0.561192 0.536855
vt 0.564448 0.540206
vt 0.563092 0.541237
vt 0.561464 0.540945
vt 0.561782 0.529695
vt 0.563811 0.534371
vt 0.565840 0.539048
vt 0.566158 0.534567
vt 0.564530 0.531644
vt 0.565164 0.529240
vt 0.566431 0.530229
vt 0.563174 0.527687
vt 0.564530 0.525847
vt 0.566158 0.525466
vt 0.567869 0.537537
vt 0.567869 0.531351
vt 0.561782 0.523508
vt 0.563811 0.521998
vt 0.567869 0.518978
vt 0.567869 0.525164
vt 0.565840 0.520488
vt 0.542644 0.593173
vt 0.541288 0.595280
vt 0.540654 0.594626
vt 0.541288 0.593047
vt 0.539659 0.597105
vt 0.539387 0.595551
vt 0.539659 0.593599
vt 0.546066 0.590677
vt 0.544036 0.593349
vt 0.544036 0.590966
vt 0.542007 0.596022
vt 0.542007 0.591255
vt 0.537949 0.601367
vt 0.537949 0.598984
vt 0.539978 0.598694
vt 0.537949 0.596600
vt 0.537949 0.591834
vt 0.539978 0.591545
vt 0.537949 0.594217
vt 0.542644 0.569925
vt 0.541288 0.575405
vt 0.540654 0.572626
vt 0.541288 0.568127
vt 0.539659 0.579691
vt 0.539387 0.574347
vt 0.539659 0.568263
vt 0.546066 0.565282
vt 0.544036 0.571920
vt 0.544036 0.564152
vt 0.542007 0.578558
vt 0.542007 0.563023
vt 0.537949 0.584066
vt 0.539978 0.585196
vt 0.537949 0.576299
vt 0.537949 0.560764
vt 0.539978 0.561893
vt 0.537949 0.568531
vt 0.541370 0.585995
vt 0.542726 0.580705
vt 0.543360 0.582597
vt 0.542726 0.586653
vt 0.544355 0.576229
vt 0.544628 0.580434
vt 0.544355 0.585569
vt 0.546066 0.571630
vt 0.546066 0.577979
vt 0.546066 0.584328
vt 0.566158 0.593599
vt 0.566431 0.595551
vt 0.565164 0.594626
vt 0.564530 0.593047
vt 0.566158 0.597105
vt 0.564530 0.595280
vt 0.563174 0.593173
vt 0.567869 0.591834
vt 0.567869 0.594217
vt 0.565840 0.591545
vt 0.567869 0.596600
vt 0.563811 0.591255
vt 0.567869 0.601367
vt 0.565840 0.598694
vt 0.567869 0.598984
vt 0.563811 0.596022
vt 0.559754 0.590677
vt 0.561782 0.590966
vt 0.561782 0.593349
vt 0.561464 0.576229
vt 0.563092 0.580705
vt 0.562459 0.582597
vt 0.561192 0.580434
vt 0.564448 0.585994
vt 0.563092 0.586653
vt 0.561464 0.585569
vt 0.559754 0.565282
vt 0.561782 0.571920
vt 0.559754 0.571630
vt 0.563811 0.578558
vt 0.559754 0.577979
vt 0.565840 0.585196
vt 0.559754 0.584328
vt 0.566158 0.568263
vt 0.566431 0.574347
vt 0.565164 0.572626
vt 0.564530 0.568127
vt 0.566158 0.579691
vt 0.564530 0.575405
vt 0.563174 0.569925
vt 0.567869 0.560764
vt 0.567869 0.568531
vt 0.565840 0.561893
vt 0.567869 0.576299
vt 0.563811 0.563023
vt 0.567869 0.584066
vt 0.561782 0.564152
vt 0.563438 0.551750
vt 0.562723 0.557471
vt 0.560860 0.552503
vt 0.560640 0.547055
vt 0.561207 0.561056
vt 0.559219 0.552982
vt 0.557936 0.544702
vt 0.567869 0.550457
vt 0.566352 0.556782
vt 0.564129 0.545666
vt 0.564836 0.563108
vt 0.560389 0.540875
vt 0.563319 0.569433
vt 0.556649 0.536084
vt 0.544611 0.561056
vt 0.543095 0.557471
vt 0.544958 0.552503
vt 0.546599 0.552982
vt 0.542380 0.551750
vt 0.545179 0.547055
vt 0.547882 0.544702
vt 0.542498 0.569433
vt 0.540981 0.563108
vt 0.537949 0.550457
vt 0.541689 0.545666
vt 0.539465 0.556782
vt 0.545429 0.540875
vt 0.549170 0.536084
vt 0.556869 0.579973
vt 0.554122 0.575729
vt 0.555191 0.573747
vt 0.557329 0.575729
vt 0.551835 0.570633
vt 0.554122 0.569781
vt 0.556869 0.570633
vt 0.556332 0.584328
vt 0.552910 0.577979
vt 0.549488 0.565282
vt 0.549488 0.571630
vt 0.552910 0.565282
vt 0.556332 0.565282
vt 0.548950 0.575985
vt 0.551697 0.580229
vt 0.550628 0.582212
vt 0.548491 0.580229
vt 0.553985 0.585325
vt 0.551697 0.586177
vt 0.548950 0.585325
vt 0.556332 0.590677
vt 0.552910 0.590677
vt 0.549488 0.590677
vt 0.556802 0.517344
vt 0.557253 0.524906
vt 0.555152 0.528439
vt 0.554101 0.524906
vt 0.556802 0.533986
vt 0.554101 0.535505
vt 0.551852 0.533986
vt 0.559638 0.498273
vt 0.559638 0.509585
vt 0.556273 0.509585
vt 0.559638 0.520898
vt 0.552909 0.520898
vt 0.559638 0.543522
vt 0.556273 0.543522
vt 0.559638 0.532210
vt 0.552909 0.543522
vt 0.546179 0.543522
vt 0.549544 0.532210
vt 0.549544 0.543522
vt 0.553965 0.507809
vt 0.551716 0.516889
vt 0.550665 0.513356
vt 0.551716 0.506290
vt 0.549015 0.524451
vt 0.548564 0.516889
vt 0.549015 0.507809
vt 0.556273 0.498273
vt 0.552909 0.498273
vt 0.546179 0.532210
vt 0.546179 0.520898
vt 0.546179 0.498273
vt 0.549544 0.498273
vt 0.546179 0.509585
vt 0.556802 0.473979
vt 0.557253 0.480996
vt 0.555152 0.484275
vt 0.554101 0.480996
vt 0.556802 0.489423
vt 0.554101 0.490833
vt 0.551852 0.489423
vt 0.559638 0.456279
vt 0.559638 0.466778
vt 0.556273 0.466778
vt 0.559638 0.477276
vt 0.552909 0.477276
vt 0.559638 0.487775
vt 0.549544 0.487775
vt 0.553965 0.465129
vt 0.551716 0.473556
vt 0.550665 0.470277
vt 0.551716 0.463719
vt 0.549015 0.480574
vt 0.548564 0.473556
vt 0.549015 0.465129
vt 0.556273 0.456279
vt 0.552909 0.456279
vt 0.546179 0.487775
vt 0.546179 0.477276
vt 0.546179 0.456279
vt 0.549544 0.456279
vt 0.546179 0.466778
vt 0.515878 0.517775
vt 0.511572 0.518423
vt 0.509561 0.518171
vt 0.511572 0.517667
vt 0.506402 0.518963
vt 0.505537 0.518423
vt 0.506402 0.517775
vt 0.526739 0.517094
vt 0.520297 0.517902
vt 0.520297 0.517094
vt 0.513855 0.518709
vt 0.513855 0.517094
vt 0.500971 0.520324
vt 0.500971 0.519516
vt 0.507413 0.519516
vt 0.500971 0.518709
vt 0.500971 0.517094
vt 0.507413 0.517094
vt 0.500971 0.517902
vt 0.511832 0.519643
vt 0.516138 0.518995
vt 0.518150 0.519247
vt 0.516138 0.519751
vt 0.521309 0.518455
vt 0.522173 0.518995
vt 0.521309 0.519643
vt 0.507413 0.520324
vt 0.513855 0.520324
vt 0.526739 0.517902
vt 0.526739 0.518709
vt 0.526739 0.520324
vt 0.520297 0.520324
vt 0.526739 0.519516
vt 0.446166 0.519643
vt 0.461997 0.518995
vt 0.469394 0.519247
vt 0.461997 0.519751
vt 0.481007 0.518455
vt 0.484187 0.518995
vt 0.481007 0.519643
vt 0.406238 0.520324
vt 0.429921 0.519516
vt 0.429921 0.520324
vt 0.453605 0.518709
vt 0.453605 0.520324
vt 0.477288 0.517902
vt 0.477288 0.520324
vt 0.461043 0.517775
vt 0.445212 0.518423
vt 0.437816 0.518171
vt 0.445212 0.517667
vt 0.426202 0.518963
vt 0.423022 0.518423
vt 0.426202 0.517775
vt 0.477288 0.517094
vt 0.453605 0.517094
vt 0.406238 0.519516
vt 0.406238 0.518709
vt 0.406238 0.517094
vt 0.429921 0.517094
vt 0.406238 0.517902
vt 0.515878 0.521004
vt 0.511572 0.521653
vt 0.509561 0.521401
vt 0.511572 0.520896
vt 0.506402 0.522193
vt 0.505537 0.521653
vt 0.506402 0.521004
vt 0.520297 0.521131
vt 0.513855 0.521939
vt 0.500971 0.523555
vt 0.500971 0.522747
vt 0.507413 0.522747
vt 0.500971 0.521939
vt 0.500971 0.521131
vt 0.511832 0.522874
vt 0.516138 0.522225
vt 0.518150 0.522478
vt 0.516138 0.522982
vt 0.521309 0.521685
vt 0.522173 0.522225
vt 0.521309 0.522874
vt 0.507413 0.523555
vt 0.513855 0.523555
vt 0.526739 0.521131
vt 0.526739 0.521939
vt 0.526739 0.523555
vt 0.520297 0.523555
vt 0.526739 0.522747
vt 0.515878 0.524235
vt 0.511572 0.524883
vt 0.509561 0.524631
vt 0.511572 0.524127
vt 0.506402 0.525423
vt 0.505537 0.524883
vt 0.506402 0.524235
vt 0.520297 0.524362
vt 0.513855 0.525169
vt 0.500971 0.526784
vt 0.500971 0.525977
vt 0.507413 0.525977
vt 0.500971 0.525169
vt 0.500971 0.524362
vt 0.511832 0.526104
vt 0.516138 0.525456
vt 0.518150 0.525708
vt 0.516138 0.526212
vt 0.521309 0.524916
vt 0.522173 0.525456
vt 0.521309 0.526103
vt 0.507413 0.526784
vt 0.513855 0.526784
vt 0.526739 0.524362
vt 0.526739 0.525169
vt 0.526739 0.526784
vt 0.520297 0.526784
vt 0.526739 0.525977
vt 0.446166 0.526104
vt 0.461997 0.525456
vt 0.469394 0.525708
vt 0.461997 0.526212
vt 0.481007 0.524916
vt 0.484187 0.525456
vt 0.481007 0.526103
vt 0.406238 0.526784
vt 0.429921 0.525977
vt 0.429921 0.526784
vt 0.453605 0.525169
vt 0.453605 0.526784
vt 0.477288 0.524362
vt 0.477288 0.526784
vt 0.446166 0.522874
vt 0.461997 0.522225
vt 0.469394 0.522478
vt 0.461997 0.522982
vt 0.481007 0.521685
vt 0.484187 0.522225
vt 0.481007 0.522874
vt 0.406238 0.523555
vt 0.429921 0.522747
vt 0.429921 0.523555
vt 0.453605 0.521939
vt 0.453605 0.523555
vt 0.477288 0.521131
vt 0.477288 0.523555
vt 0.461043 0.524235
vt 0.445212 0.524883
vt 0.437816 0.524631
vt 0.445212 0.524127
vt 0.426202 0.525423
vt 0.423022 0.524883
vt 0.426202 0.524235
vt 0.406238 0.525977
vt 0.406238 0.525169
vt 0.406238 0.524362
vt 0.461043 0.521004
vt 0.445212 0.521653
vt 0.437816 0.521401
vt 0.445212 0.520896
vt 0.426202 0.522193
vt 0.423022 0.521653
vt 0.426202 0.521004
vt 0.406238 0.522747
vt 0.406238 0.521939
vt 0.406238 0.521131
vt 0.399473 0.526104
vt 0.401427 0.525456
vt 0.402340 0.525708
vt 0.401427 0.526212
vt 0.403773 0.524916
vt 0.404166 0.525456
vt 0.403773 0.526103
vt 0.394544 0.526784
vt 0.397468 0.525977
vt 0.397468 0.526784
vt 0.400391 0.525169
vt 0.400391 0.526784
vt 0.403314 0.524362
vt 0.403314 0.526784
vt 0.399473 0.522874
vt 0.401427 0.522225
vt 0.402340 0.522478
vt 0.401427 0.522982
vt 0.403773 0.521685
vt 0.404166 0.522225
vt 0.403773 0.522874
vt 0.394544 0.523555
vt 0.397468 0.522747
vt 0.397468 0.523555
vt 0.400391 0.521939
vt 0.400391 0.523555
vt 0.403314 0.521131
vt 0.403314 0.523555
vt 0.401309 0.524235
vt 0.399355 0.524883
vt 0.398442 0.524631
vt 0.399355 0.524127
vt 0.397008 0.525423
vt 0.396616 0.524883
vt 0.397008 0.524235
vt 0.394544 0.525977
vt 0.394544 0.525169
vt 0.394544 0.524362
vt 0.399473 0.519643
vt 0.401427 0.518995
vt 0.402340 0.519247
vt 0.401427 0.519751
vt 0.403773 0.518455
vt 0.404166 0.518995
vt 0.403773 0.519643
vt 0.394544 0.520324
vt 0.397468 0.519516
vt 0.397468 0.520324
vt 0.400391 0.518709
vt 0.400391 0.520324
vt 0.403314 0.517902
vt 0.403314 0.520324
vt 0.401309 0.521004
vt 0.399355 0.521653
vt 0.398442 0.521401
vt 0.399355 0.520896
vt 0.397008 0.522193
vt 0.396616 0.521653
vt 0.397008 0.521004
vt 0.394544 0.522747
vt 0.394544 0.521939
vt 0.394544 0.521131
vt 0.401309 0.517775
vt 0.399355 0.518423
vt 0.398442 0.518171
vt 0.399355 0.517667
vt 0.397008 0.518963
vt 0.396616 0.518423
vt 0.397008 0.517775
vt 0.403314 0.517094
vt 0.400391 0.517094
vt 0.394544 0.519516
vt 0.394544 0.518709
vt 0.394544 0.517094
vt 0.397468 0.517094
vt 0.394544 0.517902
vt 0.383943 0.518963
vt 0.373847 0.518423
vt 0.377775 0.518171
vt 0.385631 0.518423
vt 0.365441 0.517775
vt 0.373847 0.517667
vt 0.383943 0.517775
vt 0.381968 0.519516
vt 0.369391 0.518709
vt 0.344238 0.517094
vt 0.356814 0.517094
vt 0.356814 0.517902
vt 0.369391 0.517094
vt 0.381968 0.517094
vt 0.383943 0.522193
vt 0.373847 0.521653
vt 0.377775 0.521401
vt 0.385631 0.521653
vt 0.365441 0.521004
vt 0.373847 0.520896
vt 0.383943 0.521004
vt 0.381968 0.522747
vt 0.369391 0.521939
vt 0.344238 0.520324
vt 0.356814 0.520324
vt 0.356814 0.521131
vt 0.369391 0.520324
vt 0.381968 0.520324
vt 0.354839 0.518455
vt 0.364934 0.518995
vt 0.361006 0.519247
vt 0.353151 0.518995
vt 0.373341 0.519643
vt 0.364934 0.519751
vt 0.354839 0.519643
vt 0.344238 0.517902
vt 0.344238 0.518709
vt 0.344238 0.519516
vt 0.383943 0.525423
vt 0.373847 0.524883
vt 0.377775 0.524631
vt 0.385631 0.524883
vt 0.365441 0.524235
vt 0.373847 0.524127
vt 0.383943 0.524235
vt 0.381968 0.525977
vt 0.369391 0.525169
vt 0.344238 0.523555
vt 0.356814 0.523555
vt 0.356814 0.524362
vt 0.369391 0.523555
vt 0.381968 0.523555
vt 0.354839 0.521685
vt 0.364934 0.522225
vt 0.361006 0.522478
vt 0.353151 0.522225
vt 0.373341 0.522874
vt 0.364934 0.522982
vt 0.354839 0.522874
vt 0.344238 0.521131
vt 0.344238 0.521939
vt 0.344238 0.522747
vt 0.354839 0.524916
vt 0.364934 0.525456
vt 0.361006 0.525708
vt 0.353151 0.525456
vt 0.373341 0.526103
vt 0.364934 0.526212
vt 0.354839 0.526104
vt 0.344238 0.524362
vt 0.344238 0.525169
vt 0.381968 0.526784
vt 0.369391 0.526784
vt 0.344238 0.526784
vt 0.344238 0.525977
vt 0.356814 0.526784
vt 0.757996 0.518191
vt 0.761564 0.517756
vt 0.760176 0.519780
vt 0.757399 0.520791
vt 0.764536 0.518191
vt 0.761564 0.520791
vt 0.757996 0.522957
vt 0.754248 0.515461
vt 0.758694 0.515461
vt 0.754248 0.518700
vt 0.763140 0.515461
vt 0.754248 0.521939
vt 0.772032 0.515461
vt 0.767586 0.518700
vt 0.767586 0.515461
vt 0.763140 0.521939
vt 0.754248 0.528418
vt 0.754248 0.525179
vt 0.758694 0.525179
vt 0.768284 0.520922
vt 0.768881 0.523087
vt 0.766104 0.524099
vt 0.764715 0.523087
vt 0.768284 0.525687
vt 0.764715 0.526122
vt 0.761743 0.525687
vt 0.772032 0.518700
vt 0.772032 0.521939
vt 0.772032 0.528418
vt 0.767586 0.528418
vt 0.772032 0.525179
vt 0.763140 0.528418
vt 0.758694 0.528418
vt 0.776158 0.518191
vt 0.780087 0.517756
vt 0.778558 0.519780
vt 0.775501 0.520791
vt 0.783359 0.518191
vt 0.780087 0.520791
vt 0.776158 0.522957
vt 0.776927 0.515461
vt 0.781821 0.515461
vt 0.791611 0.515461
vt 0.786716 0.518700
vt 0.786716 0.515461
vt 0.781821 0.521939
vt 0.776927 0.525179
vt 0.787485 0.520922
vt 0.788142 0.523087
vt 0.785084 0.524099
vt 0.783556 0.523087
vt 0.787485 0.525687
vt 0.783556 0.526122
vt 0.780284 0.525687
vt 0.791611 0.518700
vt 0.791611 0.521939
vt 0.791611 0.528418
vt 0.786716 0.528418
vt 0.791611 0.525179
vt 0.781821 0.528418
vt 0.776927 0.528418
vt 0.711416 0.523014
vt 0.709873 0.520727
vt 0.710473 0.519658
vt 0.711674 0.520727
vt 0.708588 0.517980
vt 0.709873 0.517520
vt 0.711416 0.517980
vt 0.713036 0.528783
vt 0.711114 0.525361
vt 0.713036 0.525361
vt 0.709192 0.521939
vt 0.713036 0.521939
vt 0.705348 0.515095
vt 0.707270 0.515095
vt 0.707270 0.518517
vt 0.709192 0.515095
vt 0.713036 0.515095
vt 0.713036 0.518517
vt 0.711114 0.515095
vt 0.706968 0.520864
vt 0.708511 0.523152
vt 0.707911 0.524221
vt 0.706710 0.523152
vt 0.709796 0.525899
vt 0.708511 0.526358
vt 0.706968 0.525899
vt 0.705348 0.518517
vt 0.705348 0.521939
vt 0.711114 0.528783
vt 0.709192 0.528783
vt 0.705348 0.528783
vt 0.705348 0.525361
vt 0.707270 0.528783
vt 0.687327 0.517980
vt 0.692533 0.517520
vt 0.694965 0.519658
vt 0.692533 0.520727
vt 0.698784 0.517980
vt 0.699829 0.520727
vt 0.698784 0.523014
vt 0.674198 0.515095
vt 0.681986 0.515095
vt 0.681986 0.518517
vt 0.689773 0.515095
vt 0.689773 0.521939
vt 0.697561 0.515095
vt 0.697561 0.525361
vt 0.680763 0.520864
vt 0.687014 0.523152
vt 0.684581 0.524221
vt 0.679717 0.523152
vt 0.692219 0.525899
vt 0.687014 0.526358
vt 0.680763 0.525899
vt 0.674198 0.518517
vt 0.674198 0.521939
vt 0.697561 0.528783
vt 0.689773 0.528783
vt 0.674198 0.528783
vt 0.674198 0.525361
vt 0.681986 0.528783
vt 0.418551 0.517974
vt 0.409618 0.520725
vt 0.405444 0.519655
vt 0.409618 0.517515
vt 0.398891 0.523015
vt 0.397097 0.520725
vt 0.398891 0.517974
vt 0.441082 0.515086
vt 0.427718 0.518513
vt 0.427718 0.515086
vt 0.414353 0.521939
vt 0.414353 0.515086
vt 0.387625 0.528792
vt 0.387625 0.525366
vt 0.400989 0.525366
vt 0.387625 0.521939
vt 0.387625 0.515086
vt 0.400989 0.515086
vt 0.387625 0.518513
vt 0.410156 0.525904
vt 0.419089 0.523153
vt 0.423263 0.524224
vt 0.419089 0.526364
vt 0.429816 0.520863
vt 0.431610 0.523153
vt 0.429816 0.525904
vt 0.400989 0.528792
vt 0.414353 0.528792
vt 0.441082 0.518513
vt 0.441082 0.521939
vt 0.441082 0.528792
vt 0.427718 0.528792
vt 0.441082 0.525366
vt 0.453039 0.520863
vt 0.464426 0.523153
vt 0.459996 0.524224
vt 0.451135 0.523153
vt 0.473909 0.525904
vt 0.464426 0.526364
vt 0.453040 0.525904
vt 0.455267 0.518513
vt 0.469453 0.521939
vt 0.497824 0.528792
vt 0.483638 0.528792
vt 0.483638 0.525366
vt 0.469453 0.528792
vt 0.455267 0.528792
vt 0.485866 0.523015
vt 0.474480 0.520725
vt 0.478910 0.519655
vt 0.487771 0.520725
vt 0.464997 0.517974
vt 0.474480 0.517515
vt 0.485866 0.517974
vt 0.497824 0.525366
vt 0.497824 0.521939
vt 0.455267 0.515086
vt 0.469453 0.515086
vt 0.497824 0.515086
vt 0.497824 0.518513
vt 0.483638 0.515086
vt 0.501140 0.520863
vt 0.504297 0.523153
vt 0.503068 0.524224
vt 0.500611 0.523153
vt 0.506926 0.525904
vt 0.504297 0.526364
vt 0.501140 0.525904
vt 0.501757 0.518513
vt 0.505690 0.521939
vt 0.513557 0.528792
vt 0.509623 0.528792
vt 0.509623 0.525366
vt 0.505690 0.528792
vt 0.501757 0.528792
vt 0.510241 0.523015
vt 0.507084 0.520725
vt 0.508312 0.519655
vt 0.510769 0.520725
vt 0.504455 0.517974
vt 0.507084 0.517515
vt 0.510241 0.517974
vt 0.513557 0.525366
vt 0.513557 0.521939
vt 0.501757 0.515086
vt 0.505690 0.515086
vt 0.513557 0.515086
vt 0.513557 0.518513
vt 0.509623 0.515086
vt 0.739801 0.527085
vt 0.727974 0.527682
vt 0.732576 0.524904
vt 0.741779 0.523515
vt 0.718125 0.527085
vt 0.727974 0.523515
vt 0.739801 0.520542
vt 0.752221 0.530835
vt 0.737487 0.530835
vt 0.752221 0.526387
vt 0.722753 0.530835
vt 0.752221 0.521939
vt 0.693285 0.530835
vt 0.708019 0.526387
vt 0.708019 0.530835
vt 0.722753 0.521939
vt 0.752221 0.513044
vt 0.752221 0.517491
vt 0.737487 0.517491
vt 0.705705 0.516793
vt 0.717532 0.516196
vt 0.712930 0.518974
vt 0.703727 0.520363
vt 0.727381 0.516793
vt 0.717532 0.520363
vt 0.705705 0.523336
vt 0.693285 0.513044
vt 0.708019 0.513044
vt 0.693285 0.517491
vt 0.722753 0.513044
vt 0.693285 0.521939
vt 0.737487 0.513044
vt 0.693285 0.526387
vt 0.657235 0.527085
vt 0.622907 0.527682
vt 0.636263 0.524904
vt 0.662976 0.523515
vt 0.594320 0.527085
vt 0.622907 0.523515
vt 0.657235 0.520542
vt 0.650519 0.530835
vt 0.607753 0.530835
vt 0.522220 0.530835
vt 0.564987 0.526387
vt 0.564987 0.530835
vt 0.607753 0.521939
vt 0.650519 0.517491
vt 0.558270 0.516793
vt 0.592598 0.516196
vt 0.579242 0.518974
vt 0.552529 0.520363
vt 0.621185 0.516793
vt 0.592598 0.520363
vt 0.558270 0.523336
vt 0.522220 0.513044
vt 0.564987 0.513044
vt 0.522220 0.517491
vt 0.607753 0.513044
vt 0.522220 0.521939
vt 0.650519 0.513044
vt 0.522220 0.526387
vt 0.519441 0.520542
vt 0.519883 0.523515
vt 0.517823 0.524904
vt 0.516793 0.523515
vt 0.519441 0.527085
vt 0.516794 0.527682
vt 0.514589 0.527085
vt 0.518923 0.517491
vt 0.515625 0.521939
vt 0.518923 0.530835
vt 0.515625 0.530835
vt 0.509029 0.530835
vt 0.512327 0.526387
vt 0.512327 0.530835
vt 0.511809 0.516793
vt 0.514456 0.516196
vt 0.513426 0.518974
vt 0.511367 0.520363
vt 0.516661 0.516793
vt 0.514456 0.520363
vt 0.511809 0.523336
vt 0.509029 0.513044
vt 0.512327 0.513044
vt 0.509029 0.517491
vt 0.515625 0.513044
vt 0.509029 0.521939
vt 0.518923 0.513044
vt 0.509029 0.526387
vt 0.708588 0.535188
vt 0.709925 0.533560
vt 0.710872 0.534193
vt 0.710365 0.535460
vt 0.711668 0.532203
vt 0.712327 0.533559
vt 0.712360 0.535188
vt 0.704663 0.536898
vt 0.706756 0.534869
vt 0.707226 0.536898
vt 0.708849 0.532841
vt 0.709790 0.536898
vt 0.713507 0.530812
vt 0.710943 0.530812
vt 0.713977 0.532841
vt 0.714917 0.536898
vt 0.712354 0.536898
vt 0.714447 0.534869
vt 0.709651 0.530493
vt 0.708229 0.532122
vt 0.707682 0.531488
vt 0.708390 0.530221
vt 0.706572 0.533478
vt 0.706428 0.532122
vt 0.706824 0.530493
vt 0.704834 0.534869
vt 0.705005 0.532841
vt 0.705177 0.530812
vt 0.687183 0.530493
vt 0.692411 0.530221
vt 0.694736 0.531488
vt 0.692251 0.532122
vt 0.698639 0.530493
vt 0.699547 0.532122
vt 0.698387 0.533478
vt 0.681814 0.530812
vt 0.689430 0.532841
vt 0.697047 0.534869
vt 0.690260 0.535188
vt 0.683682 0.535460
vt 0.681882 0.534193
vt 0.685418 0.533560
vt 0.676329 0.535188
vt 0.676546 0.533560
vt 0.679056 0.532203
vt 0.695193 0.536898
vt 0.685724 0.536898
vt 0.666785 0.536898
vt 0.668638 0.534869
vt 0.676254 0.536898
vt 0.670491 0.532841
vt 0.672345 0.530812
vt 0.690260 0.508691
vt 0.685418 0.510319
vt 0.681882 0.509685
vt 0.683682 0.508418
vt 0.679056 0.511675
vt 0.676546 0.510319
vt 0.676329 0.508690
vt 0.704663 0.506980
vt 0.697047 0.509009
vt 0.695193 0.506980
vt 0.689430 0.511038
vt 0.685724 0.506980
vt 0.672345 0.513067
vt 0.681814 0.513067
vt 0.670491 0.511038
vt 0.666785 0.506980
vt 0.676254 0.506980
vt 0.668638 0.509009
vt 0.711668 0.511675
vt 0.709925 0.510319
vt 0.710872 0.509685
vt 0.712327 0.510319
vt 0.708588 0.508690
vt 0.710365 0.508418
vt 0.712360 0.508691
vt 0.710943 0.513067
vt 0.713507 0.513067
vt 0.708849 0.511038
vt 0.713977 0.511038
vt 0.707226 0.506980
vt 0.706756 0.509009
vt 0.709790 0.506980
vt 0.714917 0.506980
vt 0.714447 0.509009
vt 0.712354 0.506980
vt 0.687183 0.513385
vt 0.692251 0.511757
vt 0.694736 0.512390
vt 0.692411 0.513657
vt 0.698387 0.510401
vt 0.699547 0.511757
vt 0.698639 0.513385
vt 0.704834 0.509009
vt 0.705005 0.511038
vt 0.705177 0.513067
vt 0.706572 0.510401
vt 0.708229 0.511757
vt 0.707682 0.512390
vt 0.706428 0.511757
vt 0.709651 0.513385
vt 0.708390 0.513657
vt 0.706824 0.513385
vt 0.551718 0.532203
vt 0.560637 0.533560
vt 0.556770 0.534193
vt 0.549685 0.533560
vt 0.567895 0.535188
vt 0.559988 0.535460
vt 0.550698 0.535188
vt 0.543032 0.528783
vt 0.554028 0.530812
vt 0.542339 0.530812
vt 0.565025 0.532841
vt 0.541646 0.532841
vt 0.587019 0.536898
vt 0.575329 0.536898
vt 0.576022 0.534869
vt 0.563640 0.536898
vt 0.540261 0.536898
vt 0.540954 0.534869
vt 0.551950 0.536898
vt 0.577962 0.533478
vt 0.569101 0.532122
vt 0.572694 0.531488
vt 0.579642 0.532122
vt 0.561784 0.530493
vt 0.569338 0.530221
vt 0.578334 0.530493
vt 0.587272 0.534869
vt 0.587525 0.532841
vt 0.554281 0.528783
vt 0.565531 0.528783
vt 0.588031 0.528783
vt 0.587778 0.530812
vt 0.576781 0.528783
vt 0.599014 0.532203
vt 0.609710 0.533560
vt 0.605404 0.534193
vt 0.597028 0.533560
vt 0.618555 0.535188
vt 0.609473 0.535460
vt 0.598642 0.535188
vt 0.601314 0.530812
vt 0.614597 0.532841
vt 0.641163 0.536898
vt 0.627627 0.536898
vt 0.627880 0.534869
vt 0.614091 0.536898
vt 0.600555 0.536898
vt 0.630003 0.533478
vt 0.619335 0.532122
vt 0.623511 0.531488
vt 0.631822 0.532122
vt 0.610462 0.530493
vt 0.619376 0.530221
vt 0.630068 0.530493
vt 0.641207 0.534869
vt 0.641251 0.532841
vt 0.601358 0.528783
vt 0.614685 0.528783
vt 0.641340 0.528783
vt 0.641295 0.530812
vt 0.628012 0.528783
vt 0.646118 0.530493
vt 0.644691 0.532122
vt 0.644055 0.531488
vt 0.644733 0.530221
vt 0.642991 0.533478
vt 0.642742 0.532122
vt 0.643056 0.530493
vt 0.649663 0.528783
vt 0.647538 0.530812
vt 0.647582 0.528783
vt 0.645413 0.532841
vt 0.645501 0.528783
vt 0.643288 0.534869
vt 0.643421 0.528783
vt 0.645611 0.535188
vt 0.646894 0.533560
vt 0.648199 0.534193
vt 0.647857 0.535460
vt 0.648738 0.532203
vt 0.649848 0.533559
vt 0.650249 0.535188
vt 0.644315 0.536898
vt 0.647468 0.536898
vt 0.650691 0.530812
vt 0.651718 0.532841
vt 0.653773 0.536898
vt 0.650620 0.536898
vt 0.652745 0.534869
vt 0.550698 0.508690
vt 0.559988 0.508418
vt 0.556770 0.509685
vt 0.549685 0.510319
vt 0.567895 0.508691
vt 0.560637 0.510319
vt 0.551718 0.511675
vt 0.540261 0.506980
vt 0.551950 0.506980
vt 0.540954 0.509009
vt 0.563640 0.506980
vt 0.541646 0.511038
vt 0.587019 0.506980
vt 0.576022 0.509009
vt 0.575329 0.506980
vt 0.565025 0.511038
vt 0.543032 0.515095
vt 0.542339 0.513067
vt 0.554028 0.513067
vt 0.578334 0.513385
vt 0.569338 0.513657
vt 0.572694 0.512390
vt 0.579642 0.511757
vt 0.561784 0.513385
vt 0.569101 0.511757
vt 0.577962 0.510401
vt 0.588031 0.515095
vt 0.576781 0.515095
vt 0.587778 0.513067
vt 0.565531 0.515095
vt 0.587525 0.511038
vt 0.554281 0.515095
vt 0.587272 0.509009
vt 0.618555 0.508691
vt 0.609710 0.510319
vt 0.605404 0.509685
vt 0.609473 0.508418
vt 0.599014 0.511675
vt 0.597028 0.510319
vt 0.598642 0.508690
vt 0.641163 0.506980
vt 0.627880 0.509009
vt 0.627627 0.506980
vt 0.614597 0.511038
vt 0.614091 0.506980
vt 0.601314 0.513067
vt 0.600555 0.506980
vt 0.610462 0.513385
vt 0.619335 0.511757
vt 0.623511 0.512390
vt 0.619376 0.513657
vt 0.630003 0.510401
vt 0.631822 0.511757
vt 0.630068 0.513385
vt 0.601358 0.515095
vt 0.614685 0.515095
vt 0.641207 0.509009
vt 0.641251 0.511038
vt 0.641340 0.515095
vt 0.628012 0.515095
vt 0.641295 0.513067
vt 0.642991 0.510401
vt 0.644691 0.511757
vt 0.644055 0.512390
vt 0.642742 0.511757
vt 0.646118 0.513385
vt 0.644733 0.513657
vt 0.643057 0.513385
vt 0.643288 0.509009
vt 0.645413 0.511038
vt 0.649663 0.515095
vt 0.647582 0.515095
vt 0.647538 0.513067
vt 0.645501 0.515095
vt 0.643421 0.515095
vt 0.648738 0.511675
vt 0.646894 0.510319
vt 0.648199 0.509685
vt 0.649848 0.510319
vt 0.645611 0.508690
vt 0.647857 0.508418
vt 0.650249 0.508691
vt 0.650691 0.513067
vt 0.651718 0.511038
vt 0.644315 0.506980
vt 0.647468 0.506980
vt 0.653773 0.506980
vt 0.652745 0.509009
vt 0.650620 0.506980
vt 0.506327 0.530404
vt 0.509542 0.529483
vt 0.511135 0.529841
vt 0.509667 0.530558
vt 0.513441 0.528717
vt 0.514197 0.529483
vt 0.513637 0.530404
vt 0.498062 0.531370
vt 0.502898 0.530224
vt 0.503031 0.531370
vt 0.507734 0.529077
vt 0.508000 0.531370
vt 0.517405 0.526784
vt 0.517539 0.527931
vt 0.512569 0.527931
vt 0.517672 0.529077
vt 0.517938 0.531370
vt 0.512969 0.531370
vt 0.517805 0.530224
vt 0.513442 0.515161
vt 0.509543 0.514395
vt 0.511136 0.514037
vt 0.514198 0.514395
vt 0.506329 0.513475
vt 0.509668 0.513321
vt 0.513638 0.513475
vt 0.517405 0.517094
vt 0.512570 0.515948
vt 0.517539 0.515948
vt 0.507735 0.514801
vt 0.517672 0.514801
vt 0.498065 0.512508
vt 0.503033 0.512508
vt 0.502900 0.513655
vt 0.508002 0.512508
vt 0.517938 0.512508
vt 0.517805 0.513655
vt 0.512970 0.512508
vt 0.618871 0.517980
vt 0.609963 0.520727
vt 0.605800 0.519658
vt 0.609963 0.517520
vt 0.599265 0.523014
vt 0.597476 0.520727
vt 0.599265 0.517980
vt 0.628012 0.518517
vt 0.614685 0.521939
vt 0.588031 0.525361
vt 0.601358 0.525361
vt 0.588031 0.521939
vt 0.588031 0.518517
vt 0.578548 0.525899
vt 0.569518 0.526358
vt 0.573031 0.524221
vt 0.580058 0.523152
vt 0.561998 0.525899
vt 0.569518 0.523152
vt 0.578548 0.520864
vt 0.554281 0.525361
vt 0.565531 0.521939
vt 0.576781 0.518517
vt 0.610499 0.525899
vt 0.619408 0.523152
vt 0.623570 0.524221
vt 0.619408 0.526358
vt 0.630105 0.520864
vt 0.631895 0.523152
vt 0.630105 0.525899
vt 0.641340 0.518517
vt 0.641340 0.521939
vt 0.641340 0.525361
vt 0.552515 0.517980
vt 0.561545 0.517520
vt 0.558031 0.519658
vt 0.551005 0.520727
vt 0.569065 0.517980
vt 0.561545 0.520727
vt 0.552515 0.523014
vt 0.543032 0.518517
vt 0.543032 0.521939
vt 0.543032 0.525361
vt 0.646155 0.517980
vt 0.644764 0.520727
vt 0.644114 0.519658
vt 0.644764 0.517520
vt 0.643094 0.523014
vt 0.642814 0.520727
vt 0.643094 0.517980
vt 0.647582 0.518517
vt 0.645501 0.521939
vt 0.643421 0.525361
vt 0.644848 0.525899
vt 0.646239 0.523152
vt 0.646889 0.524221
vt 0.646239 0.526358
vt 0.647909 0.520864
vt 0.648188 0.523152
vt 0.647909 0.525899
vt 0.649663 0.518517
vt 0.649663 0.521939
vt 0.649663 0.525361
vt 0.785428 0.522996
vt 0.778691 0.520747
vt 0.781312 0.519696
vt 0.786555 0.520747
vt 0.773081 0.518045
vt 0.778691 0.517594
vt 0.785428 0.518045
vt 0.792503 0.528670
vt 0.784110 0.525304
vt 0.792503 0.525304
vt 0.775717 0.521939
vt 0.792503 0.521939
vt 0.758931 0.515209
vt 0.767324 0.515209
vt 0.767324 0.518574
vt 0.775717 0.515209
vt 0.792503 0.515209
vt 0.792503 0.518574
vt 0.784110 0.515209
vt 0.814093 0.518045
vt 0.807856 0.520747
vt 0.804942 0.519696
vt 0.807856 0.517594
vt 0.800367 0.522996
vt 0.799115 0.520747
vt 0.800367 0.518045
vt 0.829822 0.515209
vt 0.820493 0.518574
vt 0.820493 0.515209
vt 0.811162 0.521939
vt 0.811162 0.515209
vt 0.801832 0.525304
vt 0.801832 0.515209
vt 0.766006 0.520882
vt 0.772743 0.523132
vt 0.770122 0.524183
vt 0.764879 0.523132
vt 0.778353 0.525833
vt 0.772743 0.526285
vt 0.766006 0.525833
vt 0.758931 0.518574
vt 0.758931 0.521939
vt 0.784110 0.528670
vt 0.775717 0.528670
vt 0.758931 0.528670
vt 0.758931 0.525304
vt 0.767324 0.528670
vt 0.808232 0.525833
vt 0.814469 0.523132
vt 0.817382 0.524183
vt 0.814469 0.526285
vt 0.821958 0.520882
vt 0.823210 0.523132
vt 0.821958 0.525833
vt 0.801832 0.528670
vt 0.811162 0.528670
vt 0.829822 0.518574
vt 0.829822 0.521939
vt 0.829822 0.528670
vt 0.820493 0.528670
vt 0.829822 0.525304
vt 0.814961 0.511621
vt 0.818353 0.499392
vt 0.821188 0.493930
vt 0.820057 0.499735
vt 0.822964 0.484815
vt 0.825154 0.482663
vt 0.825639 0.485355
vt 0.804257 0.542031
vt 0.809697 0.523810
vt 0.811515 0.524177
vt 0.815137 0.505588
vt 0.818773 0.506322
vt 0.826017 0.469145
vt 0.827835 0.469512
vt 0.820577 0.487367
vt 0.829653 0.469880
vt 0.833290 0.470614
vt 0.826032 0.488468
vt 0.831472 0.470247
vt 0.815503 0.499090
vt 0.812080 0.511393
vt 0.809386 0.516510
vt 0.810588 0.510532
vt 0.807500 0.525896
vt 0.805491 0.527604
vt 0.805156 0.524543
vt 0.818984 0.486447
vt 0.811951 0.503749
vt 0.802664 0.541111
vt 0.801071 0.540192
vt 0.797885 0.538353
vt 0.804918 0.521051
vt 0.799478 0.539272
vt 0.832941 0.417115
vt 0.832856 0.431532
vt 0.831643 0.431742
vt 0.831257 0.422636
vt 0.832249 0.446038
vt 0.830816 0.441057
vt 0.829739 0.432071
vt 0.835173 0.391973
vt 0.834702 0.411633
vt 0.832996 0.402139
vt 0.834231 0.431293
vt 0.830820 0.412306
vt 0.831584 0.461120
vt 0.833761 0.450954
vt 0.829878 0.451626
vt 0.826466 0.432638
vt 0.828643 0.422472
vt 0.828172 0.442132
vt 0.827810 0.448334
vt 0.829194 0.454730
vt 0.828591 0.457466
vt 0.827490 0.454386
vt 0.830319 0.462301
vt 0.829089 0.463281
vt 0.827644 0.461761
vt 0.826354 0.441765
vt 0.826242 0.450892
vt 0.826129 0.460019
vt 0.785268 0.563944
vt 0.778295 0.573307
vt 0.774221 0.576692
vt 0.777182 0.571958
vt 0.769572 0.584126
vt 0.767185 0.584811
vt 0.767823 0.582007
vt 0.793588 0.555749
vt 0.792399 0.554309
vt 0.782918 0.569467
vt 0.780541 0.566586
vt 0.761580 0.596903
vt 0.760391 0.595463
vt 0.772249 0.583185
vt 0.759203 0.594023
vt 0.756826 0.591142
vt 0.768683 0.578864
vt 0.758014 0.592582
vt 0.792919 0.551605
vt 0.783614 0.561584
vt 0.786323 0.557175
vt 0.793232 0.549219
vt 0.775474 0.569668
vt 0.782122 0.560722
vt 0.790575 0.550252
vt 0.767090 0.577945
vt 0.777355 0.564747
vt 0.787620 0.551550
vt 0.740360 0.605965
vt 0.731956 0.610511
vt 0.728015 0.611237
vt 0.731936 0.608605
vt 0.721859 0.615368
vt 0.720153 0.614594
vt 0.721828 0.612377
vt 0.749004 0.603295
vt 0.748983 0.601261
vt 0.736427 0.609687
vt 0.736385 0.605620
vt 0.711275 0.622471
vt 0.711254 0.620437
vt 0.723851 0.616079
vt 0.711233 0.618403
vt 0.711191 0.614336
vt 0.723788 0.609978
vt 0.711212 0.616370
vt 0.731427 0.605774
vt 0.738893 0.601705
vt 0.743199 0.600794
vt 0.740007 0.603054
vt 0.748211 0.597244
vt 0.750696 0.597622
vt 0.749959 0.599363
vt 0.722600 0.608537
vt 0.734008 0.602739
vt 0.745417 0.596940
vt 0.659680 0.629970
vt 0.643844 0.636094
vt 0.636467 0.637617
vt 0.643874 0.634271
vt 0.624837 0.642872
vt 0.621683 0.642488
vt 0.624884 0.640010
vt 0.699582 0.616825
vt 0.675898 0.625595
vt 0.675930 0.623649
vt 0.652214 0.634365
vt 0.652277 0.630473
vt 0.604846 0.651905
vt 0.604878 0.649959
vt 0.628530 0.643135
vt 0.604909 0.648013
vt 0.604973 0.644122
vt 0.628625 0.637298
vt 0.604941 0.646068
vt 0.644937 0.630954
vt 0.660832 0.624809
vt 0.668186 0.623294
vt 0.660733 0.626657
vt 0.679888 0.618013
vt 0.682993 0.618415
vt 0.679733 0.620915
vt 0.628731 0.635325
vt 0.652488 0.626528
vt 0.700004 0.608935
vt 0.699898 0.610907
vt 0.676246 0.617732
vt 0.699793 0.612880
vt 0.699687 0.614852
vt 0.594059 0.642972
vt 0.589732 0.643326
vt 0.587710 0.642303
vt 0.589732 0.641707
vt 0.584535 0.643240
vt 0.583666 0.641877
vt 0.584535 0.640698
vt 0.598499 0.644304
vt 0.598499 0.642576
vt 0.592026 0.644486
vt 0.592026 0.641030
vt 0.579078 0.644850
vt 0.579078 0.643122
vt 0.585552 0.644668
vt 0.579078 0.641394
vt 0.579078 0.637938
vt 0.585552 0.639484
vt 0.579078 0.639666
vt 0.589965 0.646183
vt 0.594297 0.645800
vt 0.596299 0.646959
vt 0.594267 0.647624
vt 0.599489 0.645916
vt 0.600333 0.647453
vt 0.599442 0.648778
vt 0.585520 0.646614
vt 0.591962 0.648378
vt 0.598404 0.650141
vt 0.635572 0.535399
vt 0.625391 0.536256
vt 0.620416 0.533835
vt 0.625093 0.532409
vt 0.613072 0.536072
vt 0.610763 0.532838
vt 0.612604 0.530033
vt 0.661624 0.538087
vt 0.646330 0.538545
vt 0.646012 0.534440
vt 0.631036 0.539003
vt 0.630400 0.530793
vt 0.600448 0.539918
vt 0.600130 0.535813
vt 0.615742 0.539461
vt 0.599811 0.531708
vt 0.599175 0.523498
vt 0.614787 0.527145
vt 0.599493 0.527603
vt 0.626368 0.542598
vt 0.636569 0.541742
vt 0.641446 0.544157
vt 0.636720 0.545578
vt 0.648867 0.541924
vt 0.651049 0.545149
vt 0.649104 0.547948
vt 0.615903 0.543555
vt 0.631357 0.547191
vt 0.661785 0.542181
vt 0.661945 0.546276
vt 0.662266 0.554464
vt 0.646812 0.550828
vt 0.662106 0.550370
vt 0.455453 0.550867
vt 0.454113 0.553439
vt 0.451251 0.552836
vt 0.451065 0.550979
vt 0.451543 0.555751
vt 0.448575 0.554089
vt 0.446757 0.551888
vt 0.462676 0.547484
vt 0.460018 0.550804
vt 0.456765 0.548178
vt 0.457360 0.554124
vt 0.450854 0.548872
vt 0.452044 0.560764
vt 0.448791 0.558138
vt 0.454702 0.557444
vt 0.445538 0.555511
vt 0.439033 0.550259
vt 0.444943 0.549565
vt 0.442286 0.552885
vt 0.441480 0.554732
vt 0.444138 0.556480
vt 0.442904 0.557334
vt 0.440763 0.556531
vt 0.446266 0.558595
vt 0.443811 0.558991
vt 0.440966 0.558675
vt 0.438683 0.552939
vt 0.438334 0.555619
vt 0.448442 0.560817
vt 0.444840 0.560871
vt 0.437635 0.560979
vt 0.437984 0.558299
vt 0.441237 0.560925
vt 0.446423 0.567357
vt 0.444444 0.573584
vt 0.443152 0.571192
vt 0.443943 0.566357
vt 0.441911 0.578784
vt 0.441069 0.573635
vt 0.441123 0.567436
vt 0.448978 0.568531
vt 0.445911 0.576299
vt 0.439777 0.591834
vt 0.439241 0.584120
vt 0.442844 0.584066
vt 0.438706 0.576407
vt 0.438170 0.568693
vt 0.456942 0.557197
vt 0.458653 0.554654
vt 0.459792 0.555122
vt 0.459116 0.556911
vt 0.460852 0.552313
vt 0.461606 0.553801
vt 0.461580 0.555857
vt 0.455197 0.559852
vt 0.458349 0.558941
vt 0.463170 0.549893
vt 0.463665 0.552302
vt 0.464655 0.557119
vt 0.461502 0.558030
vt 0.464160 0.554710
vt 0.434805 0.572019
vt 0.435757 0.577488
vt 0.433158 0.578441
vt 0.431608 0.575304
vt 0.435593 0.583367
vt 0.432110 0.582531
vt 0.429078 0.579937
vt 0.433742 0.566362
vt 0.429849 0.571744
vt 0.435348 0.589503
vt 0.430920 0.587172
vt 0.422063 0.582510
vt 0.425956 0.577127
vt 0.426492 0.584841
vt 0.439795 0.540550
vt 0.434984 0.531954
vt 0.440239 0.534901
vt 0.445212 0.541446
vt 0.432431 0.524625
vt 0.440522 0.531304
vt 0.448491 0.539529
vt 0.434027 0.539434
vt 0.429021 0.528610
vt 0.419009 0.506960
vt 0.429926 0.517091
vt 0.424015 0.517785
vt 0.440842 0.527222
vt 0.451759 0.537353
vt 0.495824 0.561072
vt 0.486766 0.559667
vt 0.482194 0.557355
vt 0.486303 0.557410
vt 0.475743 0.557268
vt 0.473514 0.554988
vt 0.475016 0.553725
vt 0.519252 0.567462
vt 0.505603 0.564877
vt 0.505108 0.562468
vt 0.491953 0.562291
vt 0.490964 0.557473
vt 0.478304 0.559705
vt 0.476820 0.552479
vt 0.419466 0.518667
vt 0.424083 0.526945
vt 0.419732 0.525477
vt 0.415211 0.519672
vt 0.426830 0.534592
vt 0.419901 0.529814
vt 0.412899 0.523173
vt 0.414545 0.510023
vt 0.410082 0.513086
vt 0.429563 0.542497
vt 0.420094 0.534735
vt 0.401155 0.519212
vt 0.405618 0.516149
vt 0.410624 0.526973
vt 0.487571 0.563325
vt 0.496710 0.564760
vt 0.500902 0.566936
vt 0.496603 0.566813
vt 0.507651 0.567129
vt 0.509392 0.569235
vt 0.507484 0.570353
vt 0.478191 0.561896
vt 0.491727 0.566673
vt 0.519139 0.569653
vt 0.519025 0.571844
vt 0.518798 0.576226
vt 0.505262 0.571449
vt 0.518912 0.574035
vt 0.408866 0.508904
vt 0.406300 0.511464
vt 0.402966 0.510035
vt 0.403390 0.507885
vt 0.402300 0.513410
vt 0.399208 0.510755
vt 0.397732 0.507791
vt 0.411440 0.506203
vt 0.403872 0.505446
vt 0.398050 0.515392
vt 0.394945 0.511572
vt 0.388735 0.503933
vt 0.396304 0.504690
vt 0.391840 0.507752
vt 0.528915 0.569949
vt 0.538223 0.570263
vt 0.534536 0.571395
vt 0.527270 0.571605
vt 0.545946 0.571064
vt 0.538117 0.572316
vt 0.528748 0.573172
vt 0.530829 0.568221
vt 0.542405 0.568979
vt 0.565558 0.570496
vt 0.553869 0.571929
vt 0.553982 0.569738
vt 0.542179 0.573361
vt 0.530489 0.574794
vt 0.391809 0.510323
vt 0.394228 0.512884
vt 0.393597 0.514041
vt 0.391826 0.512830
vt 0.396376 0.515943
vt 0.394735 0.516408
vt 0.392605 0.515857
vt 0.389276 0.507694
vt 0.389817 0.511455
vt 0.398591 0.519153
vt 0.396027 0.519095
vt 0.390900 0.518978
vt 0.390359 0.515217
vt 0.393464 0.519036
vt 0.377719 0.530123
vt 0.380960 0.522969
vt 0.382846 0.522212
vt 0.381467 0.526493
vt 0.385012 0.515489
vt 0.386112 0.517173
vt 0.385808 0.521022
vt 0.368904 0.543724
vt 0.373862 0.533776
vt 0.374403 0.537537
vt 0.378820 0.523828
vt 0.379902 0.531351
vt 0.383777 0.513881
vt 0.385401 0.525164
vt 0.377111 0.521117
vt 0.374317 0.527701
vt 0.370348 0.531115
vt 0.370686 0.528161
vt 0.369817 0.535752
vt 0.366041 0.537481
vt 0.364117 0.536474
vt 0.379903 0.514371
vt 0.371070 0.524810
vt 0.365029 0.544215
vt 0.361155 0.544705
vt 0.353405 0.545687
vt 0.362238 0.535248
vt 0.357280 0.545196
vt 0.366311 0.550474
vt 0.363007 0.549038
vt 0.364126 0.548029
vt 0.366637 0.548578
vt 0.360183 0.547168
vt 0.362734 0.546472
vt 0.365883 0.546446
vt 0.370068 0.554677
vt 0.365903 0.552430
vt 0.369777 0.551939
vt 0.361737 0.550182
vt 0.369486 0.549201
vt 0.357571 0.547934
vt 0.369195 0.546462
vt 0.358313 0.553515
vt 0.361434 0.554374
vt 0.361168 0.558069
vt 0.359083 0.558863
vt 0.364441 0.556821
vt 0.362986 0.560969
vt 0.360749 0.563870
vt 0.355061 0.552725
vt 0.356717 0.559764
vt 0.367559 0.559468
vt 0.365049 0.564259
vt 0.360029 0.573841
vt 0.358373 0.566803
vt 0.362539 0.569050
vt 0.390753 0.575491
vt 0.382153 0.574491
vt 0.379859 0.570731
vt 0.384504 0.570002
vt 0.372566 0.571875
vt 0.372921 0.567699
vt 0.376258 0.564827
vt 0.409480 0.583674
vt 0.397118 0.581216
vt 0.399627 0.576425
vt 0.384755 0.578758
vt 0.389774 0.569176
vt 0.372392 0.576299
vt 0.379921 0.561926
vt 0.556310 0.567744
vt 0.546936 0.567472
vt 0.550929 0.566143
vt 0.558349 0.565834
vt 0.539279 0.566628
vt 0.547503 0.565123
vt 0.557199 0.564057
vt 0.566163 0.567990
vt 0.566768 0.565484
vt 0.531434 0.565714
vt 0.543615 0.563967
vt 0.567977 0.560471
vt 0.567373 0.562977
vt 0.555796 0.562219
vt 0.382087 0.583594
vt 0.390158 0.584344
vt 0.394919 0.589268
vt 0.391509 0.590579
vt 0.400275 0.587211
vt 0.403092 0.592882
vt 0.402396 0.597000
vt 0.373834 0.582953
vt 0.387639 0.592065
vt 0.410922 0.590328
vt 0.412365 0.596982
vt 0.415249 0.610290
vt 0.401444 0.601178
vt 0.413807 0.603636
vt 0.572099 0.565695
vt 0.576590 0.568321
vt 0.574496 0.568734
vt 0.570876 0.567211
vt 0.580181 0.571125
vt 0.576023 0.570669
vt 0.571209 0.569382
vt 0.573471 0.564162
vt 0.578965 0.567853
vt 0.589953 0.575234
vt 0.583854 0.574050
vt 0.584459 0.571544
vt 0.577756 0.572865
vt 0.571657 0.571681
vt 0.583774 0.566902
vt 0.579611 0.564771
vt 0.580180 0.562054
vt 0.583038 0.562425
vt 0.575692 0.561472
vt 0.577891 0.558967
vt 0.581073 0.557789
vt 0.588117 0.569040
vt 0.586281 0.562846
vt 0.571635 0.557967
vt 0.575293 0.555464
vt 0.582610 0.550457
vt 0.584445 0.556651
vt 0.578952 0.552960
vt 0.572351 0.573796
vt 0.576984 0.574381
vt 0.576303 0.575716
vt 0.573106 0.575829
vt 0.581323 0.575539
vt 0.578820 0.576939
vt 0.575235 0.577813
vt 0.567519 0.573227
vt 0.569479 0.575957
vt 0.585814 0.576780
vt 0.581676 0.578326
vt 0.573399 0.581418
vt 0.571439 0.578688
vt 0.577537 0.579872
vt 0.577646 0.603168
vt 0.576871 0.596717
vt 0.579354 0.592640
vt 0.580749 0.595268
vt 0.577164 0.588513
vt 0.580442 0.585934
vt 0.583252 0.586238
vt 0.574710 0.621266
vt 0.574382 0.611304
vt 0.578521 0.609758
vt 0.574054 0.601342
vt 0.582332 0.598250
vt 0.573727 0.591380
vt 0.586142 0.586742
vt 0.417975 0.588609
vt 0.417030 0.594145
vt 0.415597 0.592158
vt 0.415679 0.587911
vt 0.415469 0.598826
vt 0.414083 0.594418
vt 0.413348 0.589037
vt 0.420360 0.589455
vt 0.418918 0.582801
vt 0.418656 0.596400
vt 0.415772 0.583092
vt 0.416952 0.603345
vt 0.412626 0.583383
vt 0.570584 0.597849
vt 0.571340 0.604566
vt 0.568947 0.607408
vt 0.567597 0.604162
vt 0.571067 0.612505
vt 0.567905 0.613495
vt 0.565190 0.611870
vt 0.569732 0.590948
vt 0.566066 0.600479
vt 0.570716 0.620834
vt 0.566721 0.620403
vt 0.558733 0.619539
vt 0.562399 0.610009
vt 0.562727 0.619971
vt 0.421854 0.600546
vt 0.422398 0.595591
vt 0.425696 0.594878
vt 0.426547 0.597775
vt 0.424360 0.590329
vt 0.428143 0.591268
vt 0.430875 0.593758
vt 0.421381 0.605676
vt 0.427513 0.601062
vt 0.433645 0.596448
vt 0.427487 0.604520
vt 0.431283 0.601116
vt 0.434606 0.601164
vt 0.433395 0.603349
vt 0.436508 0.597732
vt 0.439140 0.599026
vt 0.439824 0.601238
vt 0.423635 0.608059
vt 0.432021 0.605828
vt 0.442031 0.594217
vt 0.444285 0.596600
vt 0.448793 0.601367
vt 0.440407 0.603598
vt 0.446539 0.598984
vt 0.500422 0.615446
vt 0.476735 0.613713
vt 0.471432 0.611370
vt 0.484592 0.611623
vt 0.450769 0.610972
vt 0.452969 0.608774
vt 0.463105 0.607691
vt 0.550255 0.622453
vt 0.516503 0.619412
vt 0.524889 0.617181
vt 0.482752 0.616371
vt 0.499524 0.611910
vt 0.449000 0.613330
vt 0.474158 0.606638
vt 0.538924 0.630016
vt 0.506887 0.624650
vt 0.515117 0.624233
vt 0.538510 0.627499
vt 0.478387 0.619105
vt 0.499955 0.620550
vt 0.528040 0.623579
vt 0.579848 0.639958
vt 0.538698 0.632541
vt 0.572450 0.635581
vt 0.497548 0.625124
vt 0.565051 0.631205
vt 0.456398 0.617707
vt 0.557653 0.626829
vt 0.561396 0.624456
vt 0.565918 0.628456
vt 0.562945 0.627316
vt 0.558986 0.624356
vt 0.569162 0.631966
vt 0.563932 0.629138
vt 0.558278 0.625528
vt 0.564011 0.624644
vt 0.556613 0.620268
vt 0.569290 0.629748
vt 0.554494 0.620996
vt 0.574569 0.634853
vt 0.552374 0.621724
vt 0.572426 0.624841
vt 0.573993 0.628650
vt 0.571097 0.626921
vt 0.569047 0.623867
vt 0.574315 0.631716
vt 0.570251 0.628245
vt 0.566550 0.624206
vt 0.575995 0.625939
vt 0.577279 0.630612
vt 0.578563 0.635285
vt 0.580092 0.634968
vt 0.578850 0.631385
vt 0.580234 0.632066
vt 0.581528 0.634596
vt 0.578203 0.628094
vt 0.580325 0.630218
vt 0.582408 0.633136
vt 0.581422 0.638712
vt 0.582996 0.637466
vt 0.577569 0.624693
vt 0.580428 0.628120
vt 0.586145 0.634974
vt 0.584571 0.636220
vt 0.583286 0.631547
vt 0.545199 0.557788
vt 0.537733 0.560382
vt 0.534422 0.560328
vt 0.537976 0.558657
vt 0.528843 0.562952
vt 0.527559 0.561945
vt 0.529224 0.560244
vt 0.563725 0.553423
vt 0.552607 0.556933
vt 0.552866 0.555092
vt 0.541489 0.560442
vt 0.542007 0.556761
vt 0.519512 0.565621
vt 0.530371 0.563952
vt 0.519771 0.563781
vt 0.520289 0.560099
vt 0.531148 0.558430
vt 0.520030 0.561940
vt 0.488968 0.550668
vt 0.497987 0.553593
vt 0.502023 0.556225
vt 0.497744 0.555318
vt 0.508741 0.557650
vt 0.510337 0.559765
vt 0.508360 0.560358
vt 0.466527 0.541114
vt 0.479967 0.545860
vt 0.479708 0.547701
vt 0.493408 0.550606
vt 0.492890 0.554288
vt 0.506849 0.555353
vt 0.506071 0.560875
vt 0.538893 0.563030
vt 0.546182 0.560447
vt 0.550318 0.560452
vt 0.547178 0.562098
vt 0.555249 0.557867
vt 0.557595 0.558810
vt 0.556813 0.560459
vt 0.564788 0.555185
vt 0.565851 0.556947
vt 0.566914 0.558709
vt 0.496218 0.557700
vt 0.486634 0.554575
vt 0.482818 0.552020
vt 0.487536 0.553083
vt 0.475410 0.550352
vt 0.474284 0.548403
vt 0.476826 0.548009
vt 0.463638 0.545892
vt 0.464601 0.544299
vt 0.465564 0.542707
vt 0.568601 0.554283
vt 0.572248 0.553451
vt 0.571437 0.554783
vt 0.568820 0.555797
vt 0.575546 0.553192
vt 0.573244 0.555102
vt 0.570165 0.556875
vt 0.568446 0.552681
vt 0.573167 0.551940
vt 0.577888 0.551198
vt 0.438225 0.522698
vt 0.446295 0.528191
vt 0.449404 0.531853
vt 0.445393 0.529683
vt 0.455701 0.535259
vt 0.456523 0.537683
vt 0.454285 0.537602
vt 0.430888 0.515499
vt 0.442768 0.524037
vt 0.454647 0.532576
vt 0.572407 0.548134
vt 0.576252 0.543793
vt 0.577458 0.545057
vt 0.575448 0.548282
vt 0.580615 0.539995
vt 0.580675 0.543098
vt 0.579353 0.547043
vt 0.569304 0.547890
vt 0.574883 0.542358
vt 0.586041 0.531293
vt 0.585183 0.536084
vt 0.580462 0.536825
vt 0.584325 0.540875
vt 0.583467 0.545666
vt 0.447166 0.525242
vt 0.439119 0.519770
vt 0.435903 0.516008
vt 0.439860 0.518128
vt 0.429689 0.512680
vt 0.428729 0.510127
vt 0.430853 0.510102
vt 0.455438 0.530823
vt 0.444349 0.520532
vt 0.419800 0.505208
vt 0.420591 0.503455
vt 0.422172 0.499950
vt 0.433261 0.510241
vt 0.421381 0.501703
vt 0.402161 0.503731
vt 0.407855 0.502831
vt 0.409972 0.503614
vt 0.407114 0.504473
vt 0.414459 0.502267
vt 0.414946 0.503540
vt 0.413296 0.504845
vt 0.397094 0.502937
vt 0.405454 0.501942
vt 0.413813 0.500946
vt 0.587299 0.561010
vt 0.590044 0.565256
vt 0.590027 0.567150
vt 0.588272 0.565134
vt 0.592782 0.570316
vt 0.591764 0.571060
vt 0.589999 0.570123
vt 0.586337 0.556782
vt 0.590064 0.563108
vt 0.597518 0.575759
vt 0.595627 0.575628
vt 0.593791 0.569433
vt 0.593736 0.575497
vt 0.591844 0.575366
vt 0.407428 0.500020
vt 0.401944 0.500942
vt 0.398851 0.500061
vt 0.401221 0.499154
vt 0.395131 0.501485
vt 0.393389 0.500087
vt 0.393995 0.498677
vt 0.413041 0.499038
vt 0.403909 0.498125
vt 0.387963 0.502024
vt 0.387191 0.500116
vt 0.385647 0.496299
vt 0.394778 0.497212
vt 0.386419 0.498208
vt 0.587472 0.601272
vt 0.588395 0.593765
vt 0.590127 0.590348
vt 0.590167 0.593888
vt 0.590063 0.584789
vt 0.591817 0.583390
vt 0.592845 0.584982
vt 0.582909 0.620050
vt 0.584670 0.608846
vt 0.586561 0.608977
vt 0.586431 0.597642
vt 0.590214 0.597904
vt 0.588192 0.586438
vt 0.593866 0.586831
vt 0.378966 0.510722
vt 0.370387 0.518974
vt 0.373283 0.514671
vt 0.379798 0.507852
vt 0.363053 0.525377
vt 0.369664 0.517186
vt 0.377830 0.507914
vt 0.377918 0.513895
vt 0.367101 0.523857
vt 0.345467 0.543781
vt 0.355512 0.531910
vt 0.356284 0.533819
vt 0.365557 0.520040
vt 0.375602 0.508169
vt 0.585256 0.594379
vt 0.584354 0.601828
vt 0.582524 0.605517
vt 0.582434 0.602113
vt 0.582666 0.610862
vt 0.580784 0.612610
vt 0.579650 0.611309
vt 0.580859 0.620354
vt 0.578810 0.620658
vt 0.576760 0.620962
vt 0.356258 0.535785
vt 0.364675 0.527725
vt 0.362536 0.531133
vt 0.356399 0.537505
vt 0.372172 0.521129
vt 0.366534 0.528171
vt 0.359178 0.536486
vt 0.347452 0.544257
vt 0.349436 0.544734
vt 0.351421 0.545210
vt 0.583053 0.628940
vt 0.580867 0.626690
vt 0.581255 0.625430
vt 0.582788 0.626405
vt 0.578848 0.623899
vt 0.580109 0.623194
vt 0.581863 0.623451
vt 0.585336 0.631243
vt 0.584527 0.627512
vt 0.583718 0.623781
vt 0.351844 0.564170
vt 0.350219 0.558332
vt 0.350824 0.555932
vt 0.352078 0.558779
vt 0.348854 0.551463
vt 0.350174 0.550686
vt 0.351773 0.552164
vt 0.353598 0.578330
vt 0.351565 0.569692
vt 0.353550 0.570169
vt 0.349533 0.561055
vt 0.353502 0.562008
vt 0.347500 0.552418
vt 0.353453 0.553848
vt 0.587706 0.632302
vt 0.586699 0.629231
vt 0.588614 0.630747
vt 0.589950 0.633253
vt 0.586516 0.626812
vt 0.589192 0.629757
vt 0.591620 0.633126
vt 0.588806 0.635535
vt 0.591466 0.636095
vt 0.586379 0.624341
vt 0.589848 0.628633
vt 0.596788 0.637216
vt 0.594127 0.636656
vt 0.593318 0.632925
vt 0.354913 0.570505
vt 0.354658 0.564105
vt 0.355678 0.565953
vt 0.356210 0.570700
vt 0.354842 0.558499
vt 0.356165 0.563053
vt 0.357278 0.568854
vt 0.355206 0.577208
vt 0.356814 0.576085
vt 0.358421 0.574963
vt 0.586915 0.643116
vt 0.586983 0.640826
vt 0.588844 0.640141
vt 0.589476 0.641351
vt 0.587851 0.638241
vt 0.590073 0.638246
vt 0.591766 0.639065
vt 0.583599 0.648231
vt 0.584236 0.644917
vt 0.586896 0.645478
vt 0.584872 0.641603
vt 0.590193 0.642724
vt 0.585509 0.638289
vt 0.593491 0.639970
vt 0.389048 0.599891
vt 0.378984 0.593540
vt 0.375387 0.589801
vt 0.380490 0.592489
vt 0.367373 0.585582
vt 0.366686 0.583376
vt 0.369738 0.583932
vt 0.412532 0.617233
vt 0.397799 0.607508
vt 0.399407 0.606385
vt 0.383065 0.597782
vt 0.386281 0.595537
vt 0.368332 0.588056
vt 0.373155 0.584689
vt 0.584281 0.638818
vt 0.583982 0.641311
vt 0.583197 0.641054
vt 0.583103 0.639373
vt 0.583345 0.643694
vt 0.582507 0.642479
vt 0.581965 0.640651
vt 0.582661 0.646163
vt 0.581723 0.644094
vt 0.580786 0.642026
vt 0.483842 0.628555
vt 0.511677 0.632075
vt 0.525326 0.635141
vt 0.512556 0.634013
vt 0.545379 0.636912
vt 0.551747 0.639335
vt 0.546758 0.639955
vt 0.454361 0.622915
vt 0.455299 0.624983
vt 0.496190 0.628596
vt 0.498066 0.632732
vt 0.538019 0.634277
vt 0.540832 0.640482
vt 0.509901 0.628917
vt 0.481849 0.625352
vt 0.469210 0.622494
vt 0.482485 0.623726
vt 0.448365 0.620559
vt 0.443294 0.618403
vt 0.449364 0.618005
vt 0.413212 0.615498
vt 0.413891 0.613762
vt 0.414570 0.612026
vt 0.402040 0.606626
vt 0.391413 0.598151
vt 0.395937 0.600455
vt 0.404348 0.606689
vt 0.382730 0.590667
vt 0.392050 0.596525
vt 0.403039 0.604072
vt 0.326953 0.532368
vt 0.331110 0.529645
vt 0.333531 0.530937
vt 0.331762 0.533140
vt 0.336307 0.527477
vt 0.337719 0.530025
vt 0.337331 0.532965
vt 0.315647 0.534828
vt 0.322006 0.531504
vt 0.322701 0.535234
vt 0.328364 0.528180
vt 0.329755 0.535640
vt 0.341081 0.521531
vt 0.341777 0.525261
vt 0.334723 0.524855
vt 0.342472 0.528991
vt 0.343863 0.536451
vt 0.336809 0.536045
vt 0.343168 0.532721
vt 0.353825 0.510344
vt 0.350872 0.517478
vt 0.349014 0.518247
vt 0.350220 0.513983
vt 0.347119 0.524942
vt 0.345949 0.523280
vt 0.346096 0.519455
vt 0.362096 0.496760
vt 0.357538 0.506683
vt 0.356843 0.502953
vt 0.352980 0.516605
vt 0.351589 0.509145
vt 0.348421 0.526528
vt 0.346335 0.515338
vt 0.330622 0.524446
vt 0.326330 0.527097
vt 0.324538 0.526143
vt 0.326620 0.524108
vt 0.321268 0.529337
vt 0.320663 0.527223
vt 0.321723 0.524644
vt 0.335032 0.521665
vt 0.328983 0.521800
vt 0.315957 0.531639
vt 0.316266 0.528449
vt 0.316884 0.522069
vt 0.322933 0.521934
vt 0.316575 0.525259
vt 0.354920 0.519606
vt 0.357430 0.512992
vt 0.361352 0.509807
vt 0.361178 0.512863
vt 0.361626 0.505008
vt 0.365449 0.503566
vt 0.367511 0.504807
vt 0.352422 0.526391
vt 0.360980 0.516331
vt 0.366097 0.496622
vt 0.370097 0.496485
vt 0.378097 0.496211
vt 0.369538 0.506271
vt 0.374097 0.496348
vt 0.296693 0.518790
vt 0.302491 0.520085
vt 0.304988 0.522883
vt 0.302202 0.523074
vt 0.309363 0.522584
vt 0.310271 0.525490
vt 0.308908 0.527276
vt 0.282433 0.511753
vt 0.291046 0.514332
vt 0.290736 0.517522
vt 0.299658 0.516911
vt 0.299040 0.523291
vt 0.308271 0.519490
vt 0.307344 0.529060
vt 0.363124 0.480271
vt 0.367012 0.484890
vt 0.366079 0.487143
vt 0.363264 0.485019
vt 0.370499 0.490478
vt 0.367961 0.491519
vt 0.364614 0.490680
vt 0.358044 0.468458
vt 0.363057 0.475396
vt 0.359057 0.475533
vt 0.368070 0.482334
vt 0.360070 0.482609
vt 0.373084 0.489272
vt 0.361083 0.489684
vt 0.305080 0.516430
vt 0.298890 0.514912
vt 0.298214 0.513150
vt 0.301910 0.513478
vt 0.292410 0.512636
vt 0.293840 0.511062
vt 0.297151 0.510385
vt 0.311494 0.517959
vt 0.306104 0.513849
vt 0.285656 0.510222
vt 0.288878 0.508691
vt 0.295324 0.505630
vt 0.300714 0.509740
vt 0.292101 0.507161
vt 0.372699 0.482761
vt 0.368861 0.478402
vt 0.369558 0.474937
vt 0.372256 0.476455
vt 0.365323 0.472554
vt 0.367558 0.469954
vt 0.370653 0.469496
vt 0.376706 0.487194
vt 0.375316 0.478177
vt 0.361666 0.466379
vt 0.365289 0.464301
vt 0.372535 0.460143
vt 0.373925 0.469160
vt 0.368912 0.462222
vt 0.282475 0.489690
vt 0.285835 0.494462
vt 0.285189 0.497743
vt 0.282815 0.495896
vt 0.288917 0.500644
vt 0.286917 0.502872
vt 0.284175 0.502896
vt 0.277810 0.475846
vt 0.282189 0.483292
vt 0.278966 0.484823
vt 0.286567 0.490738
vt 0.280121 0.493800
vt 0.290946 0.498184
vt 0.281277 0.502776
vt 0.351916 0.449006
vt 0.357476 0.452451
vt 0.357584 0.455488
vt 0.354082 0.454398
vt 0.363083 0.457200
vt 0.361194 0.459617
vt 0.357753 0.460258
vt 0.342173 0.437864
vt 0.349763 0.443434
vt 0.346140 0.445512
vt 0.357354 0.449004
vt 0.350108 0.453161
vt 0.364944 0.454574
vt 0.354076 0.460809
vt 0.289402 0.482955
vt 0.290634 0.488692
vt 0.288200 0.486254
vt 0.286532 0.481715
vt 0.290820 0.493380
vt 0.287435 0.488355
vt 0.284379 0.482426
vt 0.291466 0.477285
vt 0.292431 0.484371
vt 0.288052 0.476925
vt 0.293395 0.491458
vt 0.284638 0.476566
vt 0.294360 0.498544
vt 0.281224 0.476206
vt 0.344192 0.447108
vt 0.347588 0.452802
vt 0.345368 0.452485
vt 0.342399 0.448744
vt 0.350030 0.458360
vt 0.346116 0.455910
vt 0.341881 0.451989
vt 0.340601 0.441182
vt 0.339030 0.444499
vt 0.352504 0.464127
vt 0.346965 0.459796
vt 0.335887 0.451134
vt 0.337458 0.447817
vt 0.341426 0.455465
vt 0.295254 0.455095
vt 0.293787 0.461465
vt 0.290755 0.464195
vt 0.290588 0.461128
vt 0.291016 0.469009
vt 0.287889 0.469990
vt 0.285994 0.468480
vt 0.302987 0.439452
vt 0.300107 0.448911
vt 0.296693 0.448551
vt 0.297227 0.458369
vt 0.290399 0.457649
vt 0.294347 0.467827
vt 0.284105 0.466748
vt 0.318178 0.441580
vt 0.324938 0.440869
vt 0.327016 0.442817
vt 0.323465 0.443977
vt 0.332590 0.440995
vt 0.332644 0.443605
vt 0.330278 0.445876
vt 0.312784 0.439055
vt 0.311212 0.442373
vt 0.322580 0.438658
vt 0.319437 0.445293
vt 0.332376 0.438261
vt 0.327662 0.448214
vt 0.297941 0.464302
vt 0.299609 0.457508
vt 0.301708 0.456749
vt 0.301408 0.460801
vt 0.302178 0.450388
vt 0.304106 0.451939
vt 0.305003 0.455558
vt 0.296267 0.471341
vt 0.301068 0.465398
vt 0.304908 0.442967
vt 0.306828 0.446481
vt 0.310669 0.453510
vt 0.305868 0.459454
vt 0.308748 0.449996
vt 0.311539 0.444877
vt 0.317884 0.446749
vt 0.316514 0.448032
vt 0.311977 0.447306
vt 0.323639 0.449173
vt 0.319683 0.450042
vt 0.314364 0.450047
vt 0.329582 0.451728
vt 0.323278 0.452322
vt 0.316973 0.452916
vt 0.377392 0.465508
vt 0.377444 0.473392
vt 0.376512 0.470878
vt 0.376141 0.464944
vt 0.377095 0.480195
vt 0.375952 0.474297
vt 0.375049 0.466930
vt 0.378905 0.456279
vt 0.378703 0.466262
vt 0.377312 0.457245
vt 0.378501 0.476245
vt 0.375720 0.458211
vt 0.378299 0.486228
vt 0.374127 0.459177
vt 0.379802 0.488230
vt 0.379720 0.480148
vt 0.380794 0.483588
vt 0.381237 0.489984
vt 0.380099 0.473544
vt 0.381426 0.480631
vt 0.382481 0.488989
vt 0.379918 0.496726
vt 0.381739 0.497242
vt 0.380524 0.466778
vt 0.382143 0.477276
vt 0.385381 0.498273
vt 0.383560 0.497758
vt 0.383762 0.487775
vt 0.367928 0.453164
vt 0.362049 0.447423
vt 0.365248 0.449104
vt 0.370154 0.453370
vt 0.357545 0.442404
vt 0.363541 0.446518
vt 0.370271 0.451743
vt 0.365477 0.452830
vt 0.358419 0.445516
vt 0.344303 0.430888
vt 0.352954 0.437236
vt 0.351361 0.438202
vt 0.361604 0.443584
vt 0.370254 0.449931
vt 0.375097 0.505884
vt 0.367010 0.513615
vt 0.369114 0.510312
vt 0.375028 0.504189
vt 0.359827 0.519925
vt 0.365303 0.513131
vt 0.372418 0.505125
vt 0.375002 0.507818
vt 0.364622 0.517362
vt 0.354243 0.526907
vt 0.349804 0.438524
vt 0.355541 0.444160
vt 0.353004 0.442965
vt 0.348429 0.438942
vt 0.360187 0.449283
vt 0.355042 0.445794
vt 0.349020 0.441089
vt 0.343771 0.432632
vt 0.343238 0.434376
vt 0.342705 0.436120
vt 0.353250 0.529896
vt 0.361480 0.521997
vt 0.358711 0.526082
vt 0.352464 0.532596
vt 0.368520 0.515854
vt 0.362189 0.523653
vt 0.354363 0.532496
vt 0.344619 0.538219
vt 0.345376 0.539986
vt 0.375758 0.509585
vt 0.366135 0.520898
vt 0.346888 0.543522
vt 0.346132 0.541754
vt 0.356511 0.532210
vt 0.319952 0.437313
vt 0.326928 0.435648
vt 0.329821 0.436068
vt 0.326429 0.437282
vt 0.335147 0.434163
vt 0.336107 0.435276
vt 0.334364 0.436729
vt 0.313316 0.437311
vt 0.323645 0.435170
vt 0.333974 0.433029
vt 0.339175 0.541624
vt 0.332540 0.541474
vt 0.334689 0.540520
vt 0.339695 0.540270
vt 0.326828 0.540913
vt 0.331831 0.539817
vt 0.338063 0.539024
vt 0.338495 0.543039
vt 0.330101 0.542555
vt 0.313315 0.541588
vt 0.320952 0.540304
vt 0.321708 0.542072
vt 0.328589 0.539020
vt 0.336226 0.537735
vt 0.309549 0.433749
vt 0.318460 0.433156
vt 0.315523 0.434351
vt 0.308782 0.435162
vt 0.326108 0.433078
vt 0.319328 0.434735
vt 0.310913 0.436227
vt 0.299279 0.432713
vt 0.310535 0.432257
vt 0.300206 0.434398
vt 0.321791 0.431801
vt 0.301133 0.436083
vt 0.333047 0.431345
vt 0.302060 0.437768
vt 0.331479 0.537192
vt 0.326296 0.538277
vt 0.324275 0.537623
vt 0.326842 0.536694
vt 0.320244 0.539081
vt 0.319687 0.537897
vt 0.321102 0.536595
vt 0.313898 0.539899
vt 0.314481 0.538208
vt 0.315064 0.536519
vt 0.295390 0.445335
vt 0.289024 0.452514
vt 0.290970 0.448756
vt 0.295731 0.442819
vt 0.283495 0.458079
vt 0.288155 0.450936
vt 0.294026 0.442856
vt 0.294902 0.448115
vt 0.286816 0.456778
vt 0.270644 0.474104
vt 0.277803 0.463756
vt 0.278730 0.465441
vt 0.284962 0.453408
vt 0.292121 0.443061
vt 0.307298 0.533876
vt 0.301023 0.528116
vt 0.303798 0.529390
vt 0.308803 0.533521
vt 0.295940 0.522903
vt 0.301569 0.526533
vt 0.308156 0.531390
vt 0.305594 0.534130
vt 0.297874 0.526671
vt 0.290153 0.519212
vt 0.278970 0.467169
vt 0.285220 0.460157
vt 0.283814 0.463134
vt 0.279323 0.468681
vt 0.290866 0.454424
vt 0.286899 0.460565
vt 0.281606 0.467810
vt 0.272435 0.474539
vt 0.274227 0.474975
vt 0.276019 0.475411
vt 0.277274 0.483046
vt 0.278442 0.490310
vt 0.276962 0.487234
vt 0.275681 0.481491
vt 0.278974 0.496252
vt 0.276764 0.489902
vt 0.274638 0.482405
vt 0.279485 0.502340
vt 0.276538 0.492928
vt 0.273591 0.483516
vt 0.287584 0.518864
vt 0.293997 0.524720
vt 0.290581 0.523001
vt 0.285256 0.518647
vt 0.298942 0.529837
vt 0.292489 0.525636
vt 0.285216 0.520302
vt 0.280823 0.512730
vt 0.279214 0.513708
vt 0.303985 0.535107
vt 0.294655 0.528625
vt 0.275995 0.515662
vt 0.277604 0.514685
vt 0.285325 0.522144
vt 0.274256 0.490796
vt 0.276442 0.496956
vt 0.276357 0.500506
vt 0.274934 0.497872
vt 0.278592 0.504642
vt 0.277695 0.506691
vt 0.276224 0.506081
vt 0.271982 0.484493
vt 0.273319 0.494883
vt 0.274657 0.505273
vt 0.348424 0.510654
vt 0.350493 0.506098
vt 0.352695 0.504326
vt 0.352177 0.506584
vt 0.353509 0.500781
vt 0.355415 0.500296
vt 0.356153 0.501543
vt 0.344538 0.514820
vt 0.347994 0.508109
vt 0.354908 0.494688
vt 0.356705 0.495206
vt 0.351451 0.501399
vt 0.358502 0.495724
vt 0.360299 0.496242
vt 0.357083 0.489597
vt 0.357471 0.484264
vt 0.358349 0.486635
vt 0.358421 0.490893
vt 0.358237 0.479950
vt 0.359155 0.484749
vt 0.359727 0.490359
vt 0.355692 0.488130
vt 0.356476 0.481573
vt 0.357260 0.475015
vt 0.348401 0.504578
vt 0.346199 0.509291
vt 0.344617 0.510332
vt 0.345445 0.507709
vt 0.343316 0.514451
vt 0.342206 0.513996
vt 0.342132 0.511967
vt 0.350646 0.499710
vt 0.346384 0.504733
vt 0.340276 0.519843
vt 0.339471 0.518154
vt 0.337861 0.514777
vt 0.342123 0.509755
vt 0.338666 0.516466
vt 0.356018 0.474775
vt 0.355606 0.479913
vt 0.354840 0.478450
vt 0.354824 0.474647
vt 0.354865 0.484422
vt 0.354090 0.480791
vt 0.353637 0.476153
vt 0.356425 0.469395
vt 0.354807 0.470331
vt 0.354073 0.489067
vt 0.353238 0.483446
vt 0.351569 0.472204
vt 0.353188 0.471268
vt 0.352404 0.477825
vt 0.326404 0.520419
vt 0.329801 0.518974
vt 0.331942 0.519459
vt 0.330556 0.520556
vt 0.334119 0.517737
vt 0.335469 0.518848
vt 0.335303 0.520221
vt 0.322128 0.520246
vt 0.327373 0.518423
vt 0.332617 0.516600
vt 0.349629 0.466975
vt 0.346264 0.462872
vt 0.348500 0.463932
vt 0.351454 0.466930
vt 0.343861 0.459225
vt 0.347781 0.461995
vt 0.352010 0.465597
vt 0.347649 0.466937
vt 0.343728 0.461669
vt 0.339807 0.456402
vt 0.329507 0.516351
vt 0.325924 0.517808
vt 0.324648 0.517267
vt 0.326467 0.516142
vt 0.321793 0.519033
vt 0.321553 0.517850
vt 0.322644 0.516416
vt 0.333195 0.514822
vt 0.328530 0.514866
vt 0.317463 0.520290
vt 0.318041 0.518512
vt 0.319199 0.514955
vt 0.323864 0.514910
vt 0.318620 0.516733
vt 0.338749 0.457087
vt 0.341966 0.461075
vt 0.340414 0.460550
vt 0.337801 0.457821
vt 0.344517 0.464837
vt 0.341474 0.462756
vt 0.337976 0.459727
vt 0.335361 0.452929
vt 0.334836 0.454723
vt 0.347123 0.468731
vt 0.342677 0.465258
vt 0.333785 0.458312
vt 0.334311 0.456518
vt 0.338231 0.461785
vt 0.308639 0.508881
vt 0.311626 0.510830
vt 0.312624 0.512963
vt 0.311084 0.512496
vt 0.315042 0.513695
vt 0.315162 0.515562
vt 0.314191 0.516312
vt 0.301789 0.501866
vt 0.306142 0.505138
vt 0.305563 0.506916
vt 0.310494 0.508410
vt 0.309337 0.511967
vt 0.314846 0.511682
vt 0.313110 0.517018
vt 0.322903 0.457835
vt 0.326596 0.456096
vt 0.327960 0.456516
vt 0.326104 0.457777
vt 0.330876 0.454537
vt 0.331181 0.455676
vt 0.330103 0.457177
vt 0.314209 0.460102
vt 0.319628 0.457860
vt 0.319103 0.459655
vt 0.325048 0.455618
vt 0.323997 0.459207
vt 0.330467 0.453376
vt 0.328891 0.458760
vt 0.309160 0.514347
vt 0.305340 0.511726
vt 0.304666 0.509855
vt 0.306854 0.510844
vt 0.301230 0.508301
vt 0.301804 0.506994
vt 0.303608 0.506916
vt 0.296940 0.504689
vt 0.298557 0.503748
vt 0.300173 0.502807
vt 0.316729 0.454399
vt 0.321671 0.453701
vt 0.320255 0.454916
vt 0.316593 0.455802
vt 0.326004 0.453525
vt 0.322500 0.455245
vt 0.318031 0.456823
vt 0.311554 0.455158
vt 0.312439 0.456806
vt 0.313324 0.458454
vt 0.297392 0.499287
vt 0.297847 0.494129
vt 0.298595 0.495597
vt 0.298577 0.499416
vt 0.298623 0.489602
vt 0.299361 0.493247
vt 0.299770 0.497903
vt 0.296161 0.499047
vt 0.296998 0.492463
vt 0.298671 0.479296
vt 0.299451 0.484938
vt 0.297835 0.485879
vt 0.300230 0.490581
vt 0.301010 0.496223
vt 0.304474 0.469817
vt 0.306360 0.465287
vt 0.307850 0.464303
vt 0.307189 0.466831
vt 0.308886 0.460334
vt 0.309999 0.460791
vt 0.310188 0.462758
vt 0.301671 0.472849
vt 0.302556 0.474497
vt 0.304670 0.466403
vt 0.306440 0.469699
vt 0.307669 0.459957
vt 0.310324 0.464901
vt 0.296448 0.484422
vt 0.296018 0.489774
vt 0.295154 0.487404
vt 0.295114 0.483134
vt 0.295217 0.494107
vt 0.294330 0.489303
vt 0.293798 0.483682
vt 0.296870 0.478793
vt 0.295069 0.478290
vt 0.293268 0.477788
vt 0.297031 0.472699
vt 0.300643 0.467860
vt 0.300269 0.470030
vt 0.297833 0.473900
vt 0.304094 0.463955
vt 0.302331 0.468331
vt 0.299681 0.473438
vt 0.593538 0.543650
vt 0.591097 0.546116
vt 0.589519 0.545821
vt 0.590501 0.544143
vt 0.587976 0.548455
vt 0.586959 0.547203
vt 0.587041 0.545357
vt 0.596667 0.543185
vt 0.596031 0.541079
vt 0.592887 0.546452
vt 0.591615 0.542239
vt 0.585326 0.552985
vt 0.584690 0.550878
vt 0.589106 0.549718
vt 0.584054 0.548772
vt 0.582782 0.544559
vt 0.587198 0.543399
vt 0.583418 0.546665
vt 0.598801 0.546478
vt 0.600775 0.549664
vt 0.597843 0.550294
vt 0.595521 0.548494
vt 0.601488 0.553121
vt 0.597233 0.552724
vt 0.593239 0.551284
vt 0.602275 0.544434
vt 0.604101 0.548949
vt 0.607755 0.557979
vt 0.602148 0.556731
vt 0.605928 0.553464
vt 0.596540 0.555482
vt 0.590933 0.554233
vt 0.590590 0.555817
vt 0.595006 0.556536
vt 0.593653 0.557465
vt 0.590350 0.557344
vt 0.598840 0.557654
vt 0.595604 0.558514
vt 0.591529 0.558923
vt 0.585964 0.555096
vt 0.586602 0.557208
vt 0.602786 0.558842
vt 0.597817 0.559705
vt 0.587879 0.561431
vt 0.587240 0.559319
vt 0.592848 0.560568
vt 0.637751 0.552140
vt 0.628887 0.553333
vt 0.623490 0.550787
vt 0.627175 0.549103
vt 0.617703 0.553432
vt 0.614407 0.549926
vt 0.615015 0.546790
vt 0.648639 0.555343
vt 0.635011 0.556222
vt 0.621383 0.557100
vt 0.631016 0.559409
vt 0.640080 0.558358
vt 0.644548 0.560241
vt 0.640398 0.561594
vt 0.651065 0.558116
vt 0.653167 0.560771
vt 0.651564 0.563197
vt 0.621722 0.560554
vt 0.635689 0.563129
vt 0.662606 0.557918
vt 0.662945 0.561372
vt 0.663623 0.568279
vt 0.649656 0.565704
vt 0.663284 0.564826
vt 0.676669 0.552865
vt 0.690066 0.548107
vt 0.685047 0.551935
vt 0.674693 0.556356
vt 0.701305 0.544994
vt 0.690383 0.551343
vt 0.677168 0.557946
vt 0.679013 0.549114
vt 0.695759 0.543764
vt 0.729252 0.533063
vt 0.712845 0.541867
vt 0.712506 0.538413
vt 0.696438 0.550671
vt 0.680031 0.559475
vt 0.726688 0.542925
vt 0.710264 0.549287
vt 0.713867 0.546208
vt 0.725636 0.541038
vt 0.695388 0.554325
vt 0.705702 0.548299
vt 0.719526 0.541373
vt 0.748727 0.537282
vt 0.727451 0.545031
vt 0.743858 0.536227
vt 0.706175 0.552780
vt 0.738989 0.535172
vt 0.684899 0.560530
vt 0.734121 0.534118
vt 0.742004 0.523921
vt 0.743414 0.527665
vt 0.740726 0.528689
vt 0.738852 0.526677
vt 0.743669 0.531850
vt 0.739913 0.531726
vt 0.736506 0.530298
vt 0.744200 0.515724
vt 0.745331 0.521113
vt 0.740463 0.520059
vt 0.746463 0.526503
vt 0.736726 0.524393
vt 0.747595 0.531892
vt 0.732989 0.528728
vt 0.772224 0.513590
vt 0.765313 0.519845
vt 0.761306 0.519063
vt 0.764252 0.514795
vt 0.756679 0.525763
vt 0.754352 0.522548
vt 0.755014 0.517835
vt 0.790991 0.504182
vt 0.780425 0.512457
vt 0.779293 0.507068
vt 0.769859 0.520732
vt 0.767595 0.509953
vt 0.759293 0.529007
vt 0.755897 0.512838
vt 0.805848 0.481722
vt 0.811792 0.468540
vt 0.814492 0.468655
vt 0.811687 0.477092
vt 0.818896 0.455409
vt 0.819996 0.460334
vt 0.818730 0.468836
vt 0.799860 0.486296
vt 0.799748 0.495423
vt 0.808729 0.468410
vt 0.808504 0.486664
vt 0.817598 0.450524
vt 0.817261 0.477905
vt 0.802361 0.516567
vt 0.800033 0.512033
vt 0.804964 0.503893
vt 0.808238 0.503826
vt 0.799825 0.504000
vt 0.806623 0.495822
vt 0.812707 0.491114
vt 0.796162 0.529810
vt 0.794438 0.521268
vt 0.792715 0.512725
vt 0.767993 0.530532
vt 0.774825 0.523854
vt 0.779201 0.526605
vt 0.776439 0.531858
vt 0.783537 0.518359
vt 0.786339 0.524105
vt 0.786073 0.530926
vt 0.761016 0.537549
vt 0.773306 0.537817
vt 0.785596 0.538085
vt 0.778873 0.549252
vt 0.772283 0.559881
vt 0.767812 0.555592
vt 0.770386 0.547265
vt 0.763772 0.568667
vt 0.760768 0.559630
vt 0.760793 0.548858
vt 0.754801 0.577677
vt 0.752776 0.564212
vt 0.750751 0.550747
vt 0.719379 0.584193
vt 0.728078 0.572113
vt 0.733533 0.575725
vt 0.729975 0.584729
vt 0.739121 0.561586
vt 0.742548 0.570331
vt 0.742100 0.581395
vt 0.695048 0.598751
vt 0.708468 0.583383
vt 0.710492 0.596848
vt 0.721887 0.568016
vt 0.725937 0.594946
vt 0.735307 0.552649
vt 0.741381 0.593044
vt 0.717406 0.606164
vt 0.712635 0.603814
vt 0.721022 0.601409
vt 0.727105 0.602032
vt 0.711469 0.600432
vt 0.723324 0.598382
vt 0.734190 0.597633
vt 0.707155 0.610439
vt 0.703120 0.606543
vt 0.699084 0.602647
vt 0.699494 0.604181
vt 0.702567 0.606967
vt 0.702081 0.607340
vt 0.699947 0.605702
vt 0.705432 0.609913
vt 0.703728 0.609352
vt 0.701317 0.607927
vt 0.696287 0.601297
vt 0.697526 0.603843
vt 0.708394 0.612986
vt 0.705598 0.611635
vt 0.698765 0.606389
vt 0.702801 0.610285
vt 0.650235 0.617215
vt 0.663315 0.612160
vt 0.670278 0.611548
vt 0.664476 0.614545
vt 0.679388 0.606841
vt 0.683043 0.607938
vt 0.681210 0.610587
vt 0.615781 0.626957
vt 0.635598 0.619906
vt 0.636837 0.622452
vt 0.655415 0.612854
vt 0.657893 0.617946
vt 0.675231 0.605802
vt 0.678948 0.613441
vt 0.631252 0.626776
vt 0.648516 0.622584
vt 0.640253 0.626671
vt 0.626257 0.630826
vt 0.662228 0.620148
vt 0.645985 0.626604
vt 0.627277 0.633089
vt 0.613079 0.631248
vt 0.610377 0.635539
vt 0.607675 0.639831
vt 0.601794 0.635984
vt 0.596235 0.632255
vt 0.599944 0.631250
vt 0.604832 0.633259
vt 0.592270 0.628094
vt 0.598766 0.628235
vt 0.605769 0.629671
vt 0.598499 0.638759
vt 0.592026 0.633396
vt 0.579078 0.622671
vt 0.588254 0.623742
vt 0.585552 0.628033
vt 0.597430 0.624814
vt 0.606606 0.625885
vt 0.584535 0.629323
vt 0.589732 0.633288
vt 0.587710 0.633193
vt 0.583666 0.630633
vt 0.594059 0.637212
vt 0.589732 0.635658
vt 0.584535 0.633044
vt 0.579078 0.625200
vt 0.579078 0.627729
vt 0.598499 0.641288
vt 0.592026 0.638454
vt 0.579078 0.632787
vt 0.579078 0.630258
vt 0.585552 0.635621
vt 0.584535 0.636261
vt 0.589732 0.638363
vt 0.587710 0.638282
vt 0.583666 0.636914
vt 0.594059 0.640430
vt 0.589732 0.639569
vt 0.584535 0.638156
vt 0.579078 0.634075
vt 0.579078 0.635362
vt 0.579078 0.636650
vt 0.647792 0.612988
vt 0.659707 0.606293
vt 0.666414 0.604862
vt 0.661261 0.608606
vt 0.674505 0.598983
vt 0.678274 0.599686
vt 0.676945 0.602614
vt 0.633939 0.617437
vt 0.652097 0.607917
vt 0.688413 0.588877
vt 0.690071 0.591346
vt 0.670255 0.598397
vt 0.691730 0.593814
vt 0.693389 0.596282
vt 0.696087 0.584410
vt 0.701841 0.577843
vt 0.700552 0.581811
vt 0.696419 0.587434
vt 0.707040 0.572982
vt 0.703395 0.580156
vt 0.698527 0.588041
vt 0.695858 0.581109
vt 0.703303 0.573341
vt 0.718194 0.557804
vt 0.712408 0.568041
vt 0.710749 0.565573
vt 0.706621 0.578278
vt 0.700834 0.588514
vt 0.657520 0.602446
vt 0.645427 0.609205
vt 0.639548 0.610340
vt 0.645116 0.606447
vt 0.630807 0.616451
vt 0.628103 0.615367
vt 0.630318 0.612121
vt 0.669922 0.595454
vt 0.651432 0.602031
vt 0.615449 0.624014
vt 0.615116 0.621071
vt 0.614451 0.615184
vt 0.632942 0.608608
vt 0.614784 0.618128
vt 0.730980 0.554560
vt 0.721233 0.566207
vt 0.720656 0.564612
vt 0.726655 0.556616
vt 0.711238 0.577168
vt 0.714081 0.571014
vt 0.719751 0.562108
vt 0.741094 0.542412
vt 0.733460 0.547543
vt 0.725827 0.552674
vt 0.594268 0.621996
vt 0.600134 0.620350
vt 0.603104 0.621604
vt 0.600446 0.623108
vt 0.607277 0.619243
vt 0.608731 0.621354
vt 0.607766 0.623573
vt 0.587922 0.620799
vt 0.596765 0.618927
vt 0.605608 0.617056
vt 0.586533 0.614421
vt 0.593631 0.614807
vt 0.590869 0.616026
vt 0.585346 0.616223
vt 0.599543 0.615716
vt 0.593631 0.617047
vt 0.586533 0.617940
vt 0.579078 0.611663
vt 0.587922 0.612543
vt 0.579078 0.614054
vt 0.596765 0.613423
vt 0.579078 0.616446
vt 0.605608 0.616696
vt 0.605608 0.614304
vt 0.596765 0.618207
vt 0.579078 0.621230
vt 0.579078 0.618838
vt 0.587922 0.619718
vt 0.693058 0.559539
vt 0.708305 0.553671
vt 0.710181 0.554455
vt 0.701153 0.558478
vt 0.724358 0.548139
vt 0.721087 0.551217
vt 0.713128 0.555687
vt 0.677266 0.565661
vt 0.690909 0.563042
vt 0.704552 0.560423
vt 0.675358 0.568580
vt 0.686271 0.566078
vt 0.682184 0.568754
vt 0.673750 0.571319
vt 0.695428 0.564727
vt 0.686532 0.568866
vt 0.675767 0.572956
vt 0.663901 0.571254
vt 0.664179 0.574229
vt 0.704830 0.563398
vt 0.691465 0.568992
vt 0.664735 0.580179
vt 0.664457 0.577204
vt 0.678100 0.574585
vt 0.652543 0.575482
vt 0.641194 0.573796
vt 0.645451 0.572749
vt 0.654225 0.573442
vt 0.631674 0.571660
vt 0.640934 0.571009
vt 0.652134 0.571105
vt 0.650550 0.577581
vt 0.636364 0.574984
vt 0.607993 0.569788
vt 0.621901 0.569411
vt 0.622179 0.572386
vt 0.635808 0.569034
vt 0.649716 0.568657
vt 0.619579 0.562639
vt 0.630782 0.564309
vt 0.626457 0.565349
vt 0.617752 0.564663
vt 0.640126 0.566427
vt 0.630838 0.567075
vt 0.619666 0.566982
vt 0.607814 0.560932
vt 0.607874 0.563884
vt 0.607934 0.566836
vt 0.596615 0.563486
vt 0.599839 0.562218
vt 0.601387 0.563655
vt 0.599895 0.564984
vt 0.603729 0.561567
vt 0.604426 0.563762
vt 0.603816 0.565910
vt 0.588412 0.563196
vt 0.593248 0.561892
vt 0.593307 0.564844
vt 0.598083 0.560588
vt 0.598203 0.566492
vt 0.602919 0.559283
vt 0.603098 0.568140
vt 0.593350 0.567271
vt 0.597150 0.568166
vt 0.596223 0.569642
vt 0.593466 0.569607
vt 0.600552 0.569696
vt 0.598052 0.571151
vt 0.594766 0.571958
vt 0.589375 0.566382
vt 0.590337 0.569568
vt 0.604061 0.571326
vt 0.600128 0.572864
vt 0.592263 0.575940
vt 0.591300 0.572754
vt 0.596196 0.574402
vt 0.706387 0.613722
vt 0.704433 0.614403
vt 0.703592 0.613365
vt 0.704532 0.612555
vt 0.702117 0.614638
vt 0.701812 0.613138
vt 0.702273 0.611736
vt 0.708289 0.614958
vt 0.705387 0.615580
vt 0.702484 0.616203
vt 0.704493 0.617490
vt 0.706430 0.616801
vt 0.707349 0.617877
vt 0.706450 0.618707
vt 0.708762 0.616575
vt 0.709169 0.618124
vt 0.708793 0.619567
vt 0.702505 0.618237
vt 0.705429 0.619648
vt 0.708352 0.621059
vt 0.588637 0.535213
vt 0.591716 0.532278
vt 0.593373 0.533728
vt 0.592014 0.536124
vt 0.595507 0.529965
vt 0.596389 0.532782
vt 0.595975 0.536005
vt 0.580497 0.537767
vt 0.585166 0.534200
vt 0.585485 0.538305
vt 0.589836 0.530633
vt 0.590472 0.538843
vt 0.594505 0.527065
vt 0.595460 0.539381
vt 0.695651 0.530717
vt 0.685990 0.537129
vt 0.681366 0.537311
vt 0.685840 0.533293
vt 0.674341 0.543620
vt 0.672268 0.541511
vt 0.674105 0.537596
vt 0.720207 0.519382
vt 0.705722 0.528152
vt 0.705561 0.524058
vt 0.691237 0.536923
vt 0.690916 0.528734
vt 0.676752 0.545694
vt 0.676270 0.533411
vt 0.688593 0.542561
vt 0.697972 0.536239
vt 0.703909 0.535636
vt 0.700091 0.539444
vt 0.709903 0.529658
vt 0.713663 0.531226
vt 0.713229 0.534690
vt 0.722468 0.522802
vt 0.724730 0.526222
vt 0.726991 0.529643
vt 0.737328 0.513535
vt 0.732802 0.514740
vt 0.733330 0.512262
vt 0.736404 0.510594
vt 0.728503 0.514880
vt 0.730784 0.511451
vt 0.734159 0.508370
vt 0.738201 0.516638
vt 0.742045 0.512213
vt 0.732203 0.517553
vt 0.739891 0.508702
vt 0.724051 0.514956
vt 0.726205 0.518467
vt 0.727895 0.510531
vt 0.735583 0.501679
vt 0.737737 0.505191
vt 0.731739 0.506105
vt 0.763554 0.498322
vt 0.757728 0.502965
vt 0.753525 0.502721
vt 0.755710 0.499675
vt 0.750095 0.507503
vt 0.747138 0.505523
vt 0.746927 0.502338
vt 0.780793 0.490760
vt 0.771645 0.497001
vt 0.769491 0.493490
vt 0.762496 0.503242
vt 0.758188 0.496220
vt 0.753348 0.509483
vt 0.746886 0.498950
vt 0.761772 0.508031
vt 0.767545 0.503408
vt 0.771995 0.503555
vt 0.769934 0.506553
vt 0.775231 0.498849
vt 0.778505 0.500705
vt 0.778981 0.503786
vt 0.783343 0.494116
vt 0.785892 0.497471
vt 0.788442 0.500827
vt 0.727169 0.521494
vt 0.731680 0.520301
vt 0.731220 0.522723
vt 0.728179 0.524362
vt 0.735993 0.520149
vt 0.733799 0.523506
vt 0.730496 0.526526
vt 0.801878 0.457693
vt 0.811258 0.439820
vt 0.814144 0.438457
vt 0.809219 0.449345
vt 0.821878 0.421361
vt 0.821956 0.426206
vt 0.818676 0.436317
vt 0.794388 0.466063
vt 0.792212 0.476229
vt 0.807983 0.441367
vt 0.803630 0.461699
vt 0.821578 0.416670
vt 0.815048 0.447168
vt 0.809365 0.459964
vt 0.803779 0.472370
vt 0.799417 0.475860
vt 0.801391 0.469226
vt 0.796318 0.486277
vt 0.793081 0.485984
vt 0.792567 0.481340
vt 0.556656 0.476942
vt 0.557091 0.481454
vt 0.555068 0.479699
vt 0.554056 0.476188
vt 0.556656 0.485212
vt 0.554056 0.481454
vt 0.551891 0.476943
vt 0.559386 0.472204
vt 0.559386 0.477825
vt 0.556147 0.472204
vt 0.559386 0.483446
vt 0.552909 0.472204
vt 0.559386 0.494688
vt 0.556147 0.489067
vt 0.559386 0.489067
vt 0.552909 0.483446
vt 0.546431 0.472204
vt 0.549670 0.472204
vt 0.549670 0.477825
vt 0.549161 0.489950
vt 0.548726 0.485438
vt 0.550749 0.487193
vt 0.551761 0.490704
vt 0.549161 0.481681
vt 0.551761 0.485438
vt 0.553926 0.489950
vt 0.546431 0.494688
vt 0.546431 0.489067
vt 0.549670 0.494688
vt 0.546431 0.483446
vt 0.552909 0.494688
vt 0.546431 0.477825
vt 0.556147 0.494688
vt 0.551891 0.498922
vt 0.554056 0.498247
vt 0.555068 0.501384
vt 0.554056 0.502953
vt 0.556656 0.498922
vt 0.557091 0.502953
vt 0.556656 0.506310
vt 0.549670 0.499710
vt 0.552909 0.504733
vt 0.559386 0.499710
vt 0.559386 0.504733
vt 0.559386 0.514777
vt 0.556147 0.509755
vt 0.559386 0.509755
vt 0.549161 0.510544
vt 0.548726 0.506512
vt 0.550749 0.508081
vt 0.551761 0.511218
vt 0.549161 0.503155
vt 0.551761 0.506512
vt 0.553926 0.510544
vt 0.546431 0.514777
vt 0.546431 0.509755
vt 0.549670 0.514777
vt 0.546431 0.504733
vt 0.552909 0.514777
vt 0.546431 0.499710
vt 0.556147 0.514777
vt 0.548950 0.553373
vt 0.551697 0.553153
vt 0.550628 0.554178
vt 0.548491 0.554690
vt 0.553985 0.553373
vt 0.551697 0.554690
vt 0.548950 0.555786
vt 0.546066 0.551991
vt 0.549488 0.551991
vt 0.546066 0.553631
vt 0.552910 0.551991
vt 0.546066 0.555271
vt 0.559754 0.551991
vt 0.556332 0.553631
vt 0.556332 0.551991
vt 0.552910 0.555271
vt 0.546066 0.558551
vt 0.546066 0.556911
vt 0.549488 0.556911
vt 0.551835 0.573153
vt 0.554122 0.569441
vt 0.555191 0.570885
vt 0.554122 0.573774
vt 0.556869 0.566349
vt 0.557329 0.569441
vt 0.556869 0.573153
vt 0.546066 0.577052
vt 0.549488 0.572427
vt 0.549488 0.577052
vt 0.552910 0.567802
vt 0.552910 0.577052
vt 0.559754 0.558551
vt 0.559754 0.563176
vt 0.556332 0.563176
vt 0.559754 0.567802
vt 0.559754 0.577052
vt 0.556332 0.577052
vt 0.559754 0.572427
vt 0.551835 0.557169
vt 0.554122 0.555852
vt 0.555191 0.556364
vt 0.554122 0.557389
vt 0.556869 0.554756
vt 0.557329 0.555852
vt 0.556869 0.557169
vt 0.549488 0.558551
vt 0.552910 0.558551
vt 0.559754 0.553631
vt 0.559754 0.555271
vt 0.556332 0.558551
vt 0.559754 0.556911
vt 0.548950 0.562450
vt 0.551697 0.561829
vt 0.550628 0.564718
vt 0.548491 0.566163
vt 0.553985 0.562450
vt 0.551697 0.566163
vt 0.548950 0.569254
vt 0.546066 0.563176
vt 0.546066 0.567802
vt 0.546066 0.572427
vt 0.558054 0.506305
vt 0.558651 0.515834
vt 0.555873 0.512126
vt 0.554484 0.504712
vt 0.558054 0.523768
vt 0.554484 0.515834
vt 0.551512 0.506305
vt 0.561803 0.496299
vt 0.561803 0.508169
vt 0.557356 0.496299
vt 0.561803 0.520040
vt 0.552909 0.496299
vt 0.561803 0.543781
vt 0.557356 0.531910
vt 0.561803 0.531910
vt 0.552909 0.520040
vt 0.544014 0.496299
vt 0.548461 0.496299
vt 0.548461 0.508169
vt 0.547763 0.533774
vt 0.547166 0.524246
vt 0.549944 0.527953
vt 0.551333 0.535368
vt 0.547763 0.516311
vt 0.551333 0.524246
vt 0.554305 0.533774
vt 0.544014 0.543781
vt 0.544014 0.531910
vt 0.548461 0.543781
vt 0.544014 0.520040
vt 0.552909 0.543781
vt 0.544014 0.508169
vt 0.557356 0.543781
vt 0.558054 0.551061
vt 0.558651 0.557995
vt 0.555873 0.555297
vt 0.554484 0.549902
vt 0.558054 0.563768
vt 0.554484 0.557995
vt 0.551512 0.551061
vt 0.561803 0.552418
vt 0.561803 0.561055
vt 0.561803 0.578330
vt 0.557356 0.569692
vt 0.561803 0.569692
vt 0.552909 0.561055
vt 0.548461 0.552418
vt 0.547763 0.571049
vt 0.547166 0.564116
vt 0.549944 0.566813
vt 0.551333 0.572208
vt 0.547763 0.558342
vt 0.551333 0.564116
vt 0.554305 0.571049
vt 0.544014 0.578330
vt 0.544014 0.569692
vt 0.548461 0.578330
vt 0.544014 0.561055
vt 0.552909 0.578330
vt 0.544014 0.552418
vt 0.557356 0.578330
vt 0.563174 0.574815
vt 0.564530 0.571406
vt 0.565164 0.573514
vt 0.564530 0.576450
vt 0.566158 0.568904
vt 0.566431 0.572685
vt 0.566158 0.576822
vt 0.561782 0.573034
vt 0.561782 0.578416
vt 0.563811 0.569016
vt 0.563811 0.579781
vt 0.567869 0.560979
vt 0.567869 0.566362
vt 0.565840 0.564997
vt 0.567869 0.571744
vt 0.567869 0.582510
vt 0.565840 0.581145
vt 0.567869 0.577127
vt 0.561464 0.553008
vt 0.563092 0.552441
vt 0.562459 0.553600
vt 0.561192 0.554383
vt 0.564448 0.552372
vt 0.563092 0.553977
vt 0.561464 0.555421
vt 0.561782 0.551558
vt 0.563811 0.551125
vt 0.567869 0.550259
vt 0.565840 0.552332
vt 0.565840 0.550692
vt 0.563811 0.554405
vt 0.561782 0.556478
vt 0.561464 0.569766
vt 0.561192 0.566593
vt 0.562459 0.565527
vt 0.563092 0.567162
vt 0.561464 0.562962
vt 0.563092 0.562828
vt 0.564448 0.563855
vt 0.561782 0.559158
vt 0.563811 0.559765
vt 0.565840 0.560372
vt 0.563174 0.557315
vt 0.564530 0.555570
vt 0.565164 0.556597
vt 0.564530 0.558081
vt 0.566158 0.554266
vt 0.566431 0.556139
vt 0.566158 0.558208
vt 0.567869 0.552939
vt 0.567869 0.555619
vt 0.567869 0.558299
vt 0.539659 0.568904
vt 0.541288 0.571406
vt 0.540654 0.573514
vt 0.539387 0.572685
vt 0.542644 0.574815
vt 0.541288 0.576450
vt 0.539659 0.576822
vt 0.537949 0.560979
vt 0.539978 0.564997
vt 0.537949 0.566362
vt 0.542007 0.569016
vt 0.537949 0.571744
vt 0.544036 0.578416
vt 0.544036 0.573034
vt 0.542007 0.579781
vt 0.537949 0.582510
vt 0.537949 0.577127
vt 0.539978 0.581145
vt 0.544355 0.569766
vt 0.542726 0.567162
vt 0.543360 0.565527
vt 0.544628 0.566593
vt 0.541370 0.563855
vt 0.542726 0.562828
vt 0.544355 0.562962
vt 0.539978 0.560372
vt 0.542007 0.559765
vt 0.544036 0.559158
vt 0.539659 0.554266
vt 0.541288 0.555570
vt 0.540654 0.556597
vt 0.539387 0.556139
vt 0.542644 0.557315
vt 0.541288 0.558081
vt 0.539659 0.558208
vt 0.537949 0.550259
vt 0.539978 0.552332
vt 0.537949 0.552939
vt 0.542007 0.554405
vt 0.537949 0.555619
vt 0.544036 0.556478
vt 0.537949 0.558299
vt 0.544355 0.555421
vt 0.542726 0.553977
vt 0.543360 0.553600
vt 0.544628 0.554383
vt 0.541370 0.552372
vt 0.542726 0.552441
vt 0.544355 0.553008
vt 0.539978 0.550692
vt 0.542007 0.551125
vt 0.544036 0.551558
vt 0.561464 0.580618
vt 0.561192 0.579417
vt 0.562459 0.579796
vt 0.563092 0.580700
vt 0.561464 0.578378
vt 0.563092 0.579273
vt 0.564448 0.580393
vt 0.559754 0.582031
vt 0.559754 0.580508
vt 0.561782 0.581878
vt 0.559754 0.578986
vt 0.563811 0.581725
vt 0.559754 0.575940
vt 0.561782 0.577310
vt 0.559754 0.577463
vt 0.563811 0.578679
vt 0.567869 0.581418
vt 0.565840 0.581571
vt 0.565840 0.580049
vt 0.564448 0.588630
vt 0.563092 0.595354
vt 0.562459 0.592826
vt 0.563092 0.587625
vt 0.561464 0.600991
vt 0.561192 0.595498
vt 0.561464 0.588856
vt 0.565840 0.589821
vt 0.563811 0.598223
vt 0.559754 0.615028
vt 0.559754 0.606779
vt 0.561782 0.606625
vt 0.559754 0.598529
vt 0.559754 0.590280
vt 0.563174 0.575947
vt 0.564530 0.574671
vt 0.565164 0.575952
vt 0.564530 0.577229
vt 0.566158 0.573945
vt 0.566431 0.575954
vt 0.566158 0.577962
vt 0.561782 0.574579
vt 0.563811 0.573218
vt 0.567869 0.570496
vt 0.567869 0.573227
vt 0.565840 0.571857
vt 0.567869 0.575957
vt 0.567869 0.578688
vt 0.563174 0.608896
vt 0.564530 0.602000
vt 0.565164 0.605328
vt 0.564530 0.610929
vt 0.566158 0.596535
vt 0.566431 0.603056
vt 0.566158 0.610555
vt 0.561782 0.616156
vt 0.563811 0.617283
vt 0.567869 0.590948
vt 0.567869 0.600479
vt 0.567869 0.619539
vt 0.565840 0.618411
vt 0.567869 0.610009
vt 0.539659 0.610555
vt 0.539387 0.603056
vt 0.540654 0.605328
vt 0.541288 0.610929
vt 0.539659 0.596534
vt 0.541288 0.602000
vt 0.542644 0.608896
vt 0.537949 0.619539
vt 0.537949 0.610009
vt 0.539978 0.618411
vt 0.537949 0.600479
vt 0.542007 0.617283
vt 0.537949 0.581418
vt 0.539978 0.589821
vt 0.537949 0.590948
vt 0.542007 0.598223
vt 0.546066 0.615028
vt 0.544036 0.616156
vt 0.544036 0.606625
vt 0.544355 0.600991
vt 0.542726 0.595354
vt 0.543360 0.592826
vt 0.544628 0.595498
vt 0.541370 0.588630
vt 0.542726 0.587625
vt 0.544355 0.588856
vt 0.546066 0.606779
vt 0.546066 0.598529
vt 0.539978 0.581571
vt 0.542007 0.581725
vt 0.546066 0.582031
vt 0.546066 0.590280
vt 0.544036 0.581878
vt 0.541370 0.580393
vt 0.542726 0.579273
vt 0.543360 0.579796
vt 0.542726 0.580700
vt 0.544355 0.578378
vt 0.544628 0.579417
vt 0.544355 0.580618
vt 0.539978 0.580049
vt 0.542007 0.578679
vt 0.546066 0.575940
vt 0.546066 0.577463
vt 0.544036 0.577310
vt 0.546066 0.578986
vt 0.546066 0.580508
vt 0.542644 0.575947
vt 0.541288 0.577229
vt 0.540654 0.575952
vt 0.541288 0.574671
vt 0.539659 0.577962
vt 0.539387 0.575954
vt 0.539659 0.573945
vt 0.544036 0.574579
vt 0.542007 0.573218
vt 0.537949 0.578688
vt 0.537949 0.575957
vt 0.537949 0.570496
vt 0.539978 0.571857
vt 0.537949 0.573227
vt 0.551835 0.577224
vt 0.554122 0.577019
vt 0.555191 0.577970
vt 0.554122 0.578446
vt 0.556869 0.577224
vt 0.557329 0.578446
vt 0.556869 0.579464
vt 0.549488 0.575940
vt 0.549488 0.577463
vt 0.552910 0.575940
vt 0.552910 0.578986
vt 0.556332 0.575940
vt 0.556332 0.580508
vt 0.553985 0.580747
vt 0.551697 0.580952
vt 0.550628 0.580001
vt 0.551697 0.579525
vt 0.548950 0.580747
vt 0.548491 0.579525
vt 0.548950 0.578507
vt 0.556332 0.582031
vt 0.552910 0.582031
vt 0.549488 0.582031
vt 0.556869 0.601120
vt 0.554122 0.595606
vt 0.555191 0.593030
vt 0.557329 0.595606
vt 0.551835 0.588985
vt 0.554122 0.587877
vt 0.556869 0.588985
vt 0.556332 0.606779
vt 0.552910 0.598529
vt 0.549488 0.590280
vt 0.548950 0.595938
vt 0.551697 0.601453
vt 0.550628 0.604029
vt 0.548491 0.601453
vt 0.553985 0.608074
vt 0.551697 0.609182
vt 0.548950 0.608074
vt 0.556332 0.615028
vt 0.552910 0.615028
vt 0.549488 0.615028
vt 0.548945 0.570901
vt 0.551696 0.576093
vt 0.550625 0.578520
vt 0.548485 0.576093
vt 0.553986 0.582329
vt 0.551696 0.583372
vt 0.548945 0.582329
vt 0.546057 0.557804
vt 0.549483 0.565573
vt 0.546057 0.565573
vt 0.552910 0.573341
vt 0.546057 0.573341
vt 0.559763 0.588877
vt 0.556336 0.588877
vt 0.556336 0.581109
vt 0.552910 0.588877
vt 0.546057 0.588877
vt 0.546057 0.581109
vt 0.549483 0.588877
vt 0.556874 0.575781
vt 0.554124 0.570588
vt 0.555194 0.568162
vt 0.557334 0.570588
vt 0.551834 0.564353
vt 0.554124 0.563310
vt 0.556874 0.564353
vt 0.559763 0.581109
vt 0.559763 0.573341
vt 0.549483 0.557804
vt 0.552910 0.557804
vt 0.559763 0.557804
vt 0.559763 0.565573
vt 0.556336 0.557804
vt 0.551852 0.506905
vt 0.554101 0.498565
vt 0.555152 0.501810
vt 0.554101 0.508299
vt 0.556802 0.491620
vt 0.557253 0.498565
vt 0.556802 0.506904
vt 0.546179 0.515662
vt 0.549544 0.505273
vt 0.549544 0.515662
vt 0.552909 0.494883
vt 0.552909 0.515662
vt 0.559638 0.474104
vt 0.559638 0.484493
vt 0.556273 0.484493
vt 0.559638 0.494883
vt 0.559638 0.515662
vt 0.556273 0.515662
vt 0.559638 0.505273
vt 0.549015 0.498146
vt 0.548564 0.491201
vt 0.550665 0.487957
vt 0.551716 0.491201
vt 0.549015 0.482862
vt 0.551716 0.481467
vt 0.553965 0.482862
vt 0.546179 0.505273
vt 0.546179 0.494883
vt 0.546179 0.474104
vt 0.549544 0.474104
vt 0.546179 0.484493
vt 0.552909 0.474104
vt 0.556273 0.474104
vt 0.551852 0.465381
vt 0.554101 0.457075
vt 0.555152 0.460307
vt 0.554101 0.466770
vt 0.556802 0.450158
vt 0.557253 0.457075
vt 0.556802 0.465381
vt 0.549544 0.463756
vt 0.552909 0.453408
vt 0.559638 0.432713
vt 0.559638 0.443061
vt 0.556273 0.443061
vt 0.559638 0.453408
vt 0.559638 0.463756
vt 0.553965 0.441435
vt 0.551716 0.449741
vt 0.550665 0.446510
vt 0.551716 0.440046
vt 0.549015 0.456658
vt 0.548564 0.449741
vt 0.549015 0.441435
vt 0.556273 0.432713
vt 0.552909 0.432713
vt 0.546179 0.463756
vt 0.546179 0.453408
vt 0.546179 0.432713
vt 0.549544 0.432713
vt 0.546179 0.443061
vt 0.327064 0.518191
vt 0.330183 0.517756
vt 0.331640 0.519780
vt 0.330183 0.520791
vt 0.333928 0.518191
vt 0.334554 0.520791
vt 0.333928 0.522957
vt 0.319199 0.515461
vt 0.323864 0.515461
vt 0.323864 0.518700
vt 0.328530 0.515461
vt 0.328530 0.521939
vt 0.337861 0.515461
vt 0.337861 0.518700
vt 0.333195 0.515461
vt 0.337861 0.521939
vt 0.337861 0.528418
vt 0.333195 0.525179
vt 0.337861 0.525179
vt 0.323132 0.520922
vt 0.326877 0.523087
vt 0.325419 0.524099
vt 0.322505 0.523087
vt 0.329995 0.525687
vt 0.326877 0.526122
vt 0.323132 0.525687
vt 0.319199 0.518700
vt 0.319199 0.521939
vt 0.333195 0.528418
vt 0.328530 0.528418
vt 0.319199 0.528418
vt 0.319199 0.525179
vt 0.323864 0.528418
vt 0.309127 0.518191
vt 0.312036 0.517756
vt 0.313396 0.519780
vt 0.312036 0.520791
vt 0.315530 0.518191
vt 0.316114 0.520791
vt 0.315530 0.522957
vt 0.301789 0.515461
vt 0.306142 0.515461
vt 0.306142 0.518700
vt 0.310494 0.515461
vt 0.310494 0.521939
vt 0.314846 0.515461
vt 0.314846 0.525179
vt 0.305458 0.520922
vt 0.308952 0.523087
vt 0.307592 0.524099
vt 0.304874 0.523087
vt 0.311861 0.525687
vt 0.308952 0.526122
vt 0.305458 0.525687
vt 0.301789 0.518700
vt 0.301789 0.521939
vt 0.314846 0.528418
vt 0.310494 0.528418
vt 0.301789 0.528418
vt 0.301789 0.525179
vt 0.306142 0.528418
vt 0.383354 0.520864
vt 0.390526 0.523152
vt 0.387736 0.524221
vt 0.382155 0.523152
vt 0.396498 0.525899
vt 0.390526 0.526358
vt 0.383354 0.525899
vt 0.375823 0.515095
vt 0.384758 0.518517
vt 0.375823 0.518517
vt 0.393692 0.521939
vt 0.375823 0.521939
vt 0.411561 0.528783
vt 0.402627 0.528783
vt 0.402627 0.525361
vt 0.393692 0.528783
vt 0.375823 0.528783
vt 0.375823 0.525361
vt 0.384758 0.528783
vt 0.390886 0.517980
vt 0.396858 0.517520
vt 0.399649 0.519658
vt 0.396858 0.520727
vt 0.404030 0.517980
vt 0.405229 0.520727
vt 0.404030 0.523014
vt 0.384758 0.515095
vt 0.393692 0.515095
vt 0.411561 0.515095
vt 0.411561 0.518517
vt 0.402627 0.515095
vt 0.411561 0.521939
vt 0.411561 0.525361
vt 0.415535 0.517980
vt 0.414387 0.520727
vt 0.413851 0.519658
vt 0.414387 0.517520
vt 0.413009 0.523014
vt 0.412778 0.520727
vt 0.413009 0.517980
vt 0.418430 0.515095
vt 0.416713 0.518517
vt 0.416713 0.515095
vt 0.414996 0.521939
vt 0.414996 0.515095
vt 0.413279 0.525361
vt 0.413279 0.515095
vt 0.414456 0.525899
vt 0.415604 0.523152
vt 0.416141 0.524221
vt 0.415604 0.526358
vt 0.416983 0.520864
vt 0.417213 0.523152
vt 0.416983 0.525899
vt 0.413279 0.528783
vt 0.414996 0.528783
vt 0.418430 0.518517
vt 0.418430 0.521939
vt 0.418430 0.528783
vt 0.416713 0.528783
vt 0.418430 0.525361
vt 0.576635 0.521939
vt 0.572906 0.524023
vt 0.571164 0.521939
vt 0.572906 0.519856
vt 0.568428 0.525211
vt 0.567679 0.521939
vt 0.568428 0.518668
vt 0.586041 0.521939
vt 0.580462 0.524163
vt 0.580462 0.519715
vt 0.574883 0.526387
vt 0.574883 0.517491
vt 0.563725 0.530835
vt 0.563725 0.526387
vt 0.569304 0.528611
vt 0.563725 0.521939
vt 0.563725 0.513044
vt 0.569304 0.515268
vt 0.563725 0.517491
vt 0.554571 0.527085
vt 0.545855 0.527682
vt 0.549246 0.524904
vt 0.556029 0.523515
vt 0.538597 0.527085
vt 0.545855 0.523515
vt 0.554571 0.520542
vt 0.552866 0.530835
vt 0.542007 0.530835
vt 0.520289 0.530835
vt 0.531148 0.526387
vt 0.531148 0.530835
vt 0.542007 0.521939
vt 0.552866 0.517491
vt 0.529443 0.516793
vt 0.538159 0.516196
vt 0.534768 0.518974
vt 0.527985 0.520363
vt 0.545418 0.516793
vt 0.538159 0.520363
vt 0.529443 0.523336
vt 0.520289 0.513044
vt 0.531148 0.513044
vt 0.520289 0.517491
vt 0.542007 0.513044
vt 0.520289 0.521939
vt 0.552866 0.513044
vt 0.520289 0.526387
vt 0.508960 0.527085
vt 0.498171 0.527682
vt 0.502369 0.524904
vt 0.510764 0.523515
vt 0.489186 0.527085
vt 0.498171 0.523515
vt 0.508960 0.520542
vt 0.506849 0.530835
vt 0.493408 0.530835
vt 0.466527 0.530835
vt 0.479967 0.526387
vt 0.479967 0.530835
vt 0.493408 0.521939
vt 0.506849 0.517491
vt 0.477856 0.516793
vt 0.488645 0.516196
vt 0.484448 0.518974
vt 0.476052 0.520363
vt 0.497630 0.516793
vt 0.488645 0.520363
vt 0.477857 0.523336
vt 0.466527 0.513044
vt 0.479967 0.513044
vt 0.466527 0.517491
vt 0.493408 0.513044
vt 0.466527 0.521939
vt 0.506849 0.513044
vt 0.466527 0.526387
vt 0.457179 0.527085
vt 0.448279 0.527682
vt 0.451742 0.524904
vt 0.458668 0.523515
vt 0.440867 0.527085
vt 0.448279 0.523515
vt 0.457180 0.520542
vt 0.455438 0.530835
vt 0.444349 0.530835
vt 0.422172 0.530835
vt 0.433261 0.526387
vt 0.433261 0.530835
vt 0.444349 0.521939
vt 0.455438 0.517491
vt 0.431519 0.516793
vt 0.440420 0.516196
vt 0.436957 0.518974
vt 0.430031 0.520363
vt 0.447832 0.516793
vt 0.440420 0.520363
vt 0.431519 0.523336
vt 0.422172 0.513044
vt 0.433261 0.513044
vt 0.422172 0.517491
vt 0.444349 0.513044
vt 0.422172 0.521939
vt 0.455438 0.513044
vt 0.422172 0.526387
vt 0.414475 0.527085
vt 0.407145 0.527682
vt 0.409997 0.524904
vt 0.415701 0.523515
vt 0.401041 0.527085
vt 0.407145 0.523515
vt 0.414475 0.520542
vt 0.413041 0.530835
vt 0.403909 0.530835
vt 0.385647 0.530835
vt 0.394778 0.526387
vt 0.394778 0.530835
vt 0.403909 0.521939
vt 0.413041 0.517491
vt 0.393344 0.516793
vt 0.400674 0.516196
vt 0.397822 0.518974
vt 0.392118 0.520363
vt 0.406778 0.516793
vt 0.400674 0.520363
vt 0.393344 0.523336
vt 0.385647 0.513044
vt 0.394778 0.513044
vt 0.385647 0.517491
vt 0.403909 0.513044
vt 0.385647 0.521939
vt 0.413041 0.513044
vt 0.385647 0.526387
vt 0.381703 0.532203
vt 0.388650 0.533560
vt 0.385124 0.534193
vt 0.379419 0.533560
vt 0.394082 0.535188
vt 0.387302 0.535460
vt 0.379587 0.535188
vt 0.384237 0.530812
vt 0.374384 0.530812
vt 0.392652 0.532841
vt 0.372946 0.532841
vt 0.409480 0.536898
vt 0.399627 0.536898
vt 0.401066 0.534869
vt 0.389774 0.536898
vt 0.370068 0.536898
vt 0.371507 0.534869
vt 0.379921 0.536898
vt 0.390447 0.530493
vt 0.396490 0.530221
vt 0.398955 0.531488
vt 0.396002 0.532122
vt 0.403591 0.530493
vt 0.404373 0.532122
vt 0.402826 0.533478
vt 0.411041 0.530812
vt 0.410521 0.532841
vt 0.410001 0.534869
vt 0.415097 0.530493
vt 0.413531 0.532122
vt 0.413157 0.531488
vt 0.414019 0.530221
vt 0.411805 0.533478
vt 0.411922 0.532122
vt 0.412570 0.530493
vt 0.416193 0.530812
vt 0.413955 0.532841
vt 0.411718 0.534869
vt 0.414018 0.535188
vt 0.415392 0.533560
vt 0.416658 0.534193
vt 0.416243 0.535460
vt 0.417310 0.532203
vt 0.418339 0.533559
vt 0.418646 0.535188
vt 0.412626 0.536898
vt 0.415772 0.536898
vt 0.419338 0.530812
vt 0.420247 0.532841
vt 0.422063 0.536898
vt 0.418918 0.536898
vt 0.421155 0.534869
vt 0.411805 0.510401
vt 0.413531 0.511757
vt 0.413157 0.512390
vt 0.411922 0.511757
vt 0.415097 0.513385
vt 0.414019 0.513657
vt 0.412570 0.513385
vt 0.409480 0.506980
vt 0.411718 0.509009
vt 0.410001 0.509009
vt 0.413955 0.511038
vt 0.410521 0.511038
vt 0.416193 0.513067
vt 0.411041 0.513067
vt 0.390447 0.513385
vt 0.396002 0.511757
vt 0.398955 0.512390
vt 0.396490 0.513657
vt 0.402826 0.510401
vt 0.404373 0.511757
vt 0.403591 0.513385
vt 0.384237 0.513067
vt 0.392652 0.511038
vt 0.401066 0.509009
vt 0.417310 0.511675
vt 0.415392 0.510319
vt 0.416658 0.509685
vt 0.418339 0.510319
vt 0.414018 0.508690
vt 0.416243 0.508418
vt 0.418646 0.508691
vt 0.419338 0.513067
vt 0.420247 0.511038
vt 0.412626 0.506980
vt 0.415772 0.506980
vt 0.422063 0.506980
vt 0.421155 0.509009
vt 0.418918 0.506980
vt 0.394082 0.508691
vt 0.388650 0.510319
vt 0.385124 0.509685
vt 0.387302 0.508418
vt 0.381703 0.511675
vt 0.379419 0.510319
vt 0.379587 0.508690
vt 0.399627 0.506980
vt 0.389774 0.506980
vt 0.374384 0.513067
vt 0.372946 0.511038
vt 0.370068 0.506980
vt 0.379921 0.506980
vt 0.371507 0.509009
vt 0.552961 0.535188
vt 0.553551 0.533560
vt 0.554535 0.534193
vt 0.554515 0.535460
vt 0.554564 0.532203
vt 0.555537 0.533559
vt 0.556078 0.535188
vt 0.550255 0.536898
vt 0.551345 0.534869
vt 0.552374 0.536898
vt 0.552435 0.532841
vt 0.554494 0.536898
vt 0.554616 0.528783
vt 0.555645 0.530812
vt 0.553526 0.530812
vt 0.556674 0.532841
vt 0.558733 0.536898
vt 0.556613 0.536898
vt 0.557704 0.534869
vt 0.552697 0.530493
vt 0.551981 0.532122
vt 0.551581 0.531488
vt 0.551891 0.530221
vt 0.551093 0.533478
vt 0.550870 0.532122
vt 0.550952 0.530493
vt 0.553430 0.528783
vt 0.552244 0.528783
vt 0.550159 0.534869
vt 0.550063 0.532841
vt 0.549871 0.528783
vt 0.551057 0.528783
vt 0.549967 0.530812
vt 0.529419 0.533478
vt 0.509669 0.532122
vt 0.517299 0.531488
vt 0.532648 0.532122
vt 0.493198 0.530493
vt 0.509579 0.530221
vt 0.529278 0.530493
vt 0.525633 0.534869
vt 0.501012 0.532841
vt 0.451770 0.528783
vt 0.476295 0.528783
vt 0.476391 0.530812
vt 0.500821 0.528783
vt 0.525346 0.528783
vt 0.471897 0.532203
vt 0.491760 0.533560
vt 0.483606 0.534193
vt 0.467994 0.533560
vt 0.508118 0.535188
vt 0.491063 0.535460
vt 0.470802 0.535188
vt 0.451026 0.530812
vt 0.450281 0.532841
vt 0.524889 0.536898
vt 0.499524 0.536898
vt 0.448793 0.536898
vt 0.449537 0.534869
vt 0.474158 0.536898
vt 0.448784 0.533478
vt 0.448078 0.532122
vt 0.448779 0.531488
vt 0.449483 0.532122
vt 0.447674 0.530493
vt 0.448776 0.530221
vt 0.449879 0.530493
vt 0.448038 0.534869
vt 0.447284 0.532841
vt 0.445775 0.528783
vt 0.447273 0.528783
vt 0.446529 0.530812
vt 0.448772 0.528783
vt 0.450271 0.528783
vt 0.554565 0.511675
vt 0.553551 0.510319
vt 0.554535 0.509685
vt 0.555537 0.510319
vt 0.552960 0.508690
vt 0.554515 0.508418
vt 0.556078 0.508691
vt 0.554616 0.515095
vt 0.553526 0.513067
vt 0.555645 0.513067
vt 0.552435 0.511038
vt 0.556674 0.511038
vt 0.550255 0.506980
vt 0.552374 0.506980
vt 0.551345 0.509009
vt 0.554494 0.506980
vt 0.558733 0.506980
vt 0.557704 0.509009
vt 0.556613 0.506980
vt 0.551093 0.510401
vt 0.551981 0.511757
vt 0.551581 0.512390
vt 0.550870 0.511757
vt 0.552697 0.513385
vt 0.551891 0.513657
vt 0.550952 0.513385
vt 0.550159 0.509009
vt 0.550063 0.511038
vt 0.553430 0.515095
vt 0.552244 0.515095
vt 0.549871 0.515095
vt 0.549967 0.513067
vt 0.551057 0.515095
vt 0.529278 0.513385
vt 0.509579 0.513657
vt 0.517299 0.512390
vt 0.532648 0.511757
vt 0.493198 0.513385
vt 0.509669 0.511757
vt 0.529419 0.510401
vt 0.525346 0.515095
vt 0.500821 0.515095
vt 0.451770 0.515095
vt 0.476391 0.513067
vt 0.476295 0.515095
vt 0.501012 0.511038
vt 0.525633 0.509009
vt 0.470802 0.508690
vt 0.491063 0.508418
vt 0.483606 0.509685
vt 0.467994 0.510319
vt 0.508118 0.508691
vt 0.491760 0.510319
vt 0.471897 0.511675
vt 0.448793 0.506980
vt 0.474158 0.506980
vt 0.449537 0.509009
vt 0.499524 0.506980
vt 0.450281 0.511038
vt 0.524889 0.506980
vt 0.451026 0.513067
vt 0.447674 0.513385
vt 0.448078 0.511757
vt 0.448779 0.512390
vt 0.448776 0.513657
vt 0.448784 0.510401
vt 0.449483 0.511757
vt 0.449879 0.513385
vt 0.445775 0.515095
vt 0.446529 0.513067
vt 0.447273 0.515095
vt 0.447284 0.511038
vt 0.448772 0.515095
vt 0.448038 0.509009
vt 0.450271 0.515095
vt 0.599543 0.528912
vt 0.593631 0.529497
vt 0.590869 0.528982
vt 0.593631 0.528423
vt 0.586533 0.529860
vt 0.585346 0.529027
vt 0.586533 0.528174
vt 0.614451 0.528792
vt 0.605608 0.529437
vt 0.605608 0.528290
vt 0.596765 0.530081
vt 0.596765 0.527788
vt 0.579078 0.531370
vt 0.579078 0.530224
vt 0.587922 0.530726
vt 0.579078 0.529077
vt 0.579078 0.526784
vt 0.587922 0.527286
vt 0.579078 0.527931
vt 0.586533 0.514018
vt 0.593631 0.514381
vt 0.590869 0.514896
vt 0.585346 0.514852
vt 0.599543 0.514966
vt 0.593631 0.515456
vt 0.586533 0.515705
vt 0.579078 0.512508
vt 0.587922 0.513153
vt 0.579078 0.513655
vt 0.596765 0.513797
vt 0.579078 0.514801
vt 0.614451 0.515086
vt 0.605608 0.515588
vt 0.605608 0.514442
vt 0.596765 0.516090
vt 0.579078 0.517094
vt 0.579078 0.515948
vt 0.587922 0.516592
vt 0.592521 0.514496
vt 0.589110 0.516388
vt 0.587909 0.515652
vt 0.589645 0.514179
vt 0.585183 0.517964
vt 0.584972 0.516388
vt 0.586023 0.514496
vt 0.600448 0.512508
vt 0.595460 0.514866
vt 0.596031 0.512508
vt 0.590472 0.517224
vt 0.591615 0.512508
vt 0.580497 0.521939
vt 0.581068 0.519581
vt 0.585485 0.519581
vt 0.581639 0.517224
vt 0.582782 0.512508
vt 0.587198 0.512508
vt 0.582211 0.514866
vt 0.585183 0.525914
vt 0.589110 0.527490
vt 0.587909 0.528226
vt 0.584972 0.527490
vt 0.592521 0.529383
vt 0.589645 0.529699
vt 0.586023 0.529383
vt 0.585485 0.524297
vt 0.581068 0.524297
vt 0.590472 0.526655
vt 0.581639 0.526655
vt 0.600448 0.531370
vt 0.596031 0.531370
vt 0.595460 0.529012
vt 0.591615 0.531370
vt 0.582782 0.531370
vt 0.582211 0.529012
vt 0.587198 0.531370
vt 0.449243 0.517980
vt 0.448241 0.520727
vt 0.447773 0.519658
vt 0.448241 0.517520
vt 0.447038 0.523014
vt 0.446837 0.520727
vt 0.447038 0.517980
vt 0.450271 0.518517
vt 0.448772 0.521939
vt 0.445775 0.525361
vt 0.447273 0.525361
vt 0.445775 0.521939
vt 0.445775 0.518517
vt 0.551871 0.525899
vt 0.552664 0.523152
vt 0.553035 0.524221
vt 0.552664 0.526358
vt 0.553616 0.520864
vt 0.553776 0.523152
vt 0.553616 0.525899
vt 0.551057 0.525361
vt 0.552244 0.521939
vt 0.554616 0.518517
vt 0.553430 0.518517
vt 0.554616 0.521939
vt 0.554616 0.525361
vt 0.448301 0.525899
vt 0.449303 0.523152
vt 0.449771 0.524221
vt 0.449303 0.526358
vt 0.450506 0.520864
vt 0.450708 0.523152
vt 0.450506 0.525899
vt 0.451770 0.518517
vt 0.451770 0.521939
vt 0.451770 0.525361
vt 0.552616 0.517980
vt 0.551823 0.520727
vt 0.551453 0.519658
vt 0.551823 0.517520
vt 0.550871 0.523014
vt 0.550712 0.520727
vt 0.550871 0.517980
vt 0.549871 0.525361
vt 0.549871 0.521939
vt 0.549871 0.518517
vt 0.472444 0.517980
vt 0.492130 0.517520
vt 0.484470 0.519658
vt 0.469151 0.520727
vt 0.508524 0.517980
vt 0.492130 0.520727
vt 0.472444 0.523014
vt 0.525346 0.518517
vt 0.500821 0.521939
vt 0.476295 0.525361
vt 0.529198 0.525899
vt 0.509511 0.526358
vt 0.517171 0.524221
vt 0.532490 0.523152
vt 0.493117 0.525899
vt 0.509511 0.523152
vt 0.529198 0.520864
vt 0.645624 0.517974
vt 0.657984 0.517515
vt 0.663759 0.519655
vt 0.657984 0.520725
vt 0.672826 0.517974
vt 0.675308 0.520725
vt 0.672826 0.523015
vt 0.632942 0.515086
vt 0.632942 0.518513
vt 0.651432 0.515086
vt 0.651432 0.521939
vt 0.688413 0.515086
vt 0.688413 0.518513
vt 0.669922 0.515086
vt 0.688413 0.521939
vt 0.688413 0.528792
vt 0.669922 0.525366
vt 0.688413 0.525366
vt 0.630038 0.520863
vt 0.644880 0.523153
vt 0.639105 0.524224
vt 0.627556 0.523153
vt 0.657240 0.525904
vt 0.644880 0.526364
vt 0.630038 0.525904
vt 0.614452 0.518513
vt 0.614451 0.521939
vt 0.669922 0.528792
vt 0.651432 0.528792
vt 0.614452 0.525366
vt 0.632942 0.528792
vt 0.593987 0.517974
vt 0.599899 0.517515
vt 0.602660 0.519655
vt 0.599899 0.520725
vt 0.606997 0.517974
vt 0.608184 0.520725
vt 0.606997 0.523015
vt 0.579078 0.515086
vt 0.587922 0.515086
vt 0.587922 0.518513
vt 0.596765 0.515086
vt 0.596765 0.521939
vt 0.605608 0.515086
vt 0.605608 0.525366
vt 0.586533 0.520863
vt 0.593631 0.523153
vt 0.590869 0.524224
vt 0.585346 0.523153
vt 0.599543 0.525904
vt 0.593631 0.526364
vt 0.586533 0.525904
vt 0.579078 0.518513
vt 0.579078 0.521939
vt 0.605608 0.528792
vt 0.596765 0.528792
vt 0.579078 0.528792
vt 0.579078 0.525366
vt 0.587922 0.528792
vt 0.358887 0.518045
vt 0.364669 0.517594
vt 0.367371 0.519696
vt 0.364669 0.520747
vt 0.371613 0.518045
vt 0.372774 0.520747
vt 0.371613 0.522996
vt 0.344303 0.515209
vt 0.352954 0.515209
vt 0.352954 0.518574
vt 0.361604 0.515209
vt 0.361604 0.521939
vt 0.378905 0.515209
vt 0.378905 0.518574
vt 0.370254 0.515209
vt 0.378905 0.521939
vt 0.378905 0.528670
vt 0.370254 0.525304
vt 0.378905 0.525304
vt 0.308768 0.520882
vt 0.317803 0.523132
vt 0.314287 0.524183
vt 0.307257 0.523132
vt 0.325327 0.525833
vt 0.317803 0.526285
vt 0.308768 0.525833
vt 0.299279 0.515209
vt 0.310535 0.518574
vt 0.299279 0.518574
vt 0.321791 0.521939
vt 0.299279 0.521939
vt 0.344303 0.528670
vt 0.333047 0.528670
vt 0.333047 0.525304
vt 0.321791 0.528670
vt 0.299279 0.528670
vt 0.299279 0.525304
vt 0.310535 0.528670
vt 0.351595 0.520882
vt 0.358539 0.523132
vt 0.355837 0.524183
vt 0.350434 0.523132
vt 0.364321 0.525833
vt 0.358539 0.526285
vt 0.351595 0.525833
vt 0.344303 0.518574
vt 0.344303 0.521939
vt 0.370254 0.528670
vt 0.361604 0.528670
vt 0.344303 0.525304
vt 0.352954 0.528670
vt 0.334815 0.522996
vt 0.325780 0.520747
vt 0.329295 0.519696
vt 0.336326 0.520747
vt 0.318256 0.518045
vt 0.325780 0.517594
vt 0.334815 0.518045
vt 0.310535 0.515209
vt 0.321791 0.515209
vt 0.333047 0.515209
vt 0.298318 0.525896
vt 0.293737 0.511393
vt 0.296432 0.516510
vt 0.300327 0.527604
vt 0.290315 0.499090
vt 0.295230 0.510532
vt 0.300662 0.524543
vt 0.301560 0.542031
vt 0.296120 0.523810
vt 0.303154 0.541111
vt 0.290680 0.505588
vt 0.304747 0.540192
vt 0.279800 0.469145
vt 0.286834 0.486447
vt 0.285240 0.487367
vt 0.293867 0.503749
vt 0.307934 0.538353
vt 0.306341 0.539272
vt 0.300901 0.521051
vt 0.282853 0.484815
vt 0.287464 0.499392
vt 0.284629 0.493930
vt 0.280663 0.482663
vt 0.290856 0.511621
vt 0.285760 0.499735
vt 0.280178 0.485355
vt 0.277982 0.469512
vt 0.276164 0.469880
vt 0.294302 0.524177
vt 0.287044 0.506322
vt 0.272527 0.470614
vt 0.274346 0.470247
vt 0.279786 0.488468
vt 0.275499 0.462301
vt 0.276624 0.454730
vt 0.277227 0.457466
vt 0.276729 0.463281
vt 0.278009 0.448334
vt 0.278328 0.454386
vt 0.278173 0.461761
vt 0.274234 0.461120
vt 0.275940 0.451626
vt 0.279353 0.432638
vt 0.279465 0.441765
vt 0.277647 0.442132
vt 0.279577 0.450892
vt 0.279689 0.460019
vt 0.273569 0.446038
vt 0.272962 0.431532
vt 0.274175 0.431742
vt 0.275002 0.441057
vt 0.272876 0.417115
vt 0.274561 0.422636
vt 0.276079 0.432071
vt 0.272056 0.450954
vt 0.271586 0.431293
vt 0.270644 0.391973
vt 0.272821 0.402139
vt 0.271115 0.411633
vt 0.274999 0.412306
vt 0.277176 0.422472
vt 0.320549 0.563944
vt 0.328635 0.571958
vt 0.331596 0.576692
vt 0.327522 0.573307
vt 0.337994 0.582007
vt 0.338632 0.584811
vt 0.336246 0.584126
vt 0.313418 0.554309
vt 0.312229 0.555749
vt 0.325276 0.566586
vt 0.322899 0.569467
vt 0.348992 0.591142
vt 0.347803 0.592582
vt 0.337134 0.578864
vt 0.346615 0.594023
vt 0.344238 0.596903
vt 0.333568 0.583185
vt 0.345426 0.595463
vt 0.330344 0.569668
vt 0.322203 0.561584
vt 0.319495 0.557175
vt 0.323696 0.560722
vt 0.312899 0.551605
vt 0.312586 0.549219
vt 0.315243 0.550252
vt 0.338727 0.577945
vt 0.328463 0.564747
vt 0.318199 0.551550
vt 0.365458 0.605965
vt 0.373881 0.608605
vt 0.377803 0.611237
vt 0.373862 0.610511
vt 0.383990 0.612376
vt 0.385665 0.614594
vt 0.383960 0.615368
vt 0.356835 0.601261
vt 0.356814 0.603295
vt 0.369432 0.605620
vt 0.369391 0.609687
vt 0.394626 0.614336
vt 0.394605 0.616370
vt 0.382029 0.609978
vt 0.394585 0.618403
vt 0.394544 0.622471
vt 0.381968 0.616079
vt 0.394565 0.620437
vt 0.374390 0.605774
vt 0.365810 0.603054
vt 0.362618 0.600794
vt 0.366924 0.601705
vt 0.355858 0.599363
vt 0.355121 0.597622
vt 0.357607 0.597244
vt 0.383217 0.608537
vt 0.371809 0.602739
vt 0.360400 0.596940
vt 0.446139 0.629970
vt 0.461946 0.634271
vt 0.469352 0.637617
vt 0.461975 0.636094
vt 0.480935 0.640010
vt 0.484135 0.642488
vt 0.480981 0.642872
vt 0.406238 0.616825
vt 0.429890 0.623649
vt 0.429921 0.625595
vt 0.453542 0.630473
vt 0.453605 0.634365
vt 0.500847 0.644122
vt 0.500878 0.646068
vt 0.477194 0.637298
vt 0.500909 0.648013
vt 0.500971 0.651905
vt 0.477288 0.643135
vt 0.500940 0.649959
vt 0.460882 0.630954
vt 0.445086 0.626657
vt 0.437633 0.623294
vt 0.444986 0.624809
vt 0.426086 0.620915
vt 0.422826 0.618415
vt 0.425930 0.618013
vt 0.477088 0.635325
vt 0.453330 0.626528
vt 0.406132 0.614852
vt 0.406025 0.612880
vt 0.405813 0.608935
vt 0.429572 0.617732
vt 0.405919 0.610907
vt 0.515852 0.646183
vt 0.511550 0.647624
vt 0.509519 0.646959
vt 0.511521 0.645800
vt 0.506375 0.648778
vt 0.505486 0.647453
vt 0.506329 0.645916
vt 0.526739 0.644850
vt 0.520297 0.646614
vt 0.520266 0.644668
vt 0.513855 0.648378
vt 0.513793 0.644486
vt 0.507413 0.650141
vt 0.507320 0.644304
vt 0.521282 0.643240
vt 0.516086 0.643326
vt 0.518108 0.642303
vt 0.522151 0.641877
vt 0.511760 0.642972
vt 0.516086 0.641707
vt 0.521282 0.640698
vt 0.526739 0.643122
vt 0.526739 0.641394
vt 0.507320 0.642576
vt 0.513793 0.641030
vt 0.526739 0.637938
vt 0.526739 0.639666
vt 0.520266 0.639484
vt 0.479451 0.542598
vt 0.469099 0.545578
vt 0.464373 0.544157
vt 0.469249 0.541742
vt 0.456715 0.547948
vt 0.454769 0.545149
vt 0.456951 0.541924
vt 0.505372 0.539918
vt 0.489917 0.543555
vt 0.490077 0.539461
vt 0.474462 0.547191
vt 0.474782 0.539003
vt 0.443553 0.554464
vt 0.443713 0.550370
vt 0.459008 0.550828
vt 0.443873 0.546276
vt 0.444193 0.538087
vt 0.459488 0.538545
vt 0.444033 0.542181
vt 0.492747 0.536072
vt 0.480428 0.536256
vt 0.485403 0.533835
vt 0.495056 0.532838
vt 0.470246 0.535399
vt 0.480726 0.532409
vt 0.493215 0.530033
vt 0.505690 0.535813
vt 0.506008 0.531708
vt 0.459806 0.534440
vt 0.475419 0.530793
vt 0.506645 0.523498
vt 0.506326 0.527603
vt 0.491032 0.527145
vt 0.534610 0.569382
vt 0.529795 0.570669
vt 0.531322 0.568734
vt 0.534943 0.567211
vt 0.525637 0.571125
vt 0.529229 0.568321
vt 0.533720 0.565695
vt 0.540261 0.570496
vt 0.534162 0.571681
vt 0.539656 0.567990
vt 0.528063 0.572865
vt 0.539051 0.565484
vt 0.515864 0.575234
vt 0.521359 0.571544
vt 0.521964 0.574050
vt 0.526853 0.567853
vt 0.537842 0.560471
vt 0.538447 0.562977
vt 0.532348 0.564162
vt 0.530127 0.561472
vt 0.526207 0.564771
vt 0.525638 0.562054
vt 0.527927 0.558967
vt 0.522043 0.566902
vt 0.522779 0.562425
vt 0.524744 0.557789
vt 0.534184 0.557967
vt 0.530525 0.555464
vt 0.517700 0.569040
vt 0.519536 0.562846
vt 0.523208 0.550457
vt 0.526866 0.552960
vt 0.521372 0.556651
vt 0.566539 0.566628
vt 0.558882 0.567472
vt 0.554889 0.566143
vt 0.558316 0.565123
vt 0.549509 0.567744
vt 0.547470 0.565834
vt 0.548620 0.564057
vt 0.586565 0.567462
vt 0.574989 0.568221
vt 0.574384 0.565714
vt 0.563413 0.568979
vt 0.562203 0.563967
vt 0.551837 0.569738
vt 0.550023 0.562219
vt 0.524494 0.575539
vt 0.528834 0.574381
vt 0.529515 0.575716
vt 0.526997 0.576939
vt 0.533467 0.573796
vt 0.532712 0.575829
vt 0.530583 0.577813
vt 0.520003 0.576780
vt 0.524141 0.578326
vt 0.538300 0.573227
vt 0.536340 0.575957
vt 0.532418 0.581418
vt 0.528280 0.579872
vt 0.534379 0.578688
vt 0.559873 0.571064
vt 0.567595 0.570263
vt 0.571281 0.571395
vt 0.567702 0.572316
vt 0.576902 0.569949
vt 0.578547 0.571605
vt 0.577069 0.573172
vt 0.551950 0.571929
vt 0.563640 0.573361
vt 0.586678 0.569653
vt 0.586792 0.571844
vt 0.587019 0.576226
vt 0.575329 0.574794
vt 0.586905 0.574035
vt 0.528172 0.603168
vt 0.525069 0.595268
vt 0.526464 0.592640
vt 0.528947 0.596717
vt 0.522566 0.586238
vt 0.525376 0.585934
vt 0.528654 0.588513
vt 0.531109 0.621266
vt 0.527298 0.609758
vt 0.531437 0.611304
vt 0.523487 0.598250
vt 0.531764 0.601342
vt 0.519676 0.586742
vt 0.532091 0.591380
vt 0.598166 0.567130
vt 0.609107 0.564760
vt 0.604915 0.566936
vt 0.596425 0.569235
vt 0.618247 0.563325
vt 0.609214 0.566813
vt 0.598333 0.570353
vt 0.600214 0.564877
vt 0.613864 0.562291
vt 0.641163 0.557119
vt 0.627627 0.561896
vt 0.627513 0.559705
vt 0.614091 0.566673
vt 0.600555 0.571449
vt 0.630074 0.557268
vt 0.619051 0.559667
vt 0.623624 0.557355
vt 0.632304 0.554988
vt 0.609994 0.561072
vt 0.619515 0.557410
vt 0.630803 0.553725
vt 0.641658 0.554710
vt 0.642153 0.552302
vt 0.600709 0.562468
vt 0.614854 0.557473
vt 0.643144 0.547484
vt 0.642648 0.549893
vt 0.628999 0.552479
vt 0.535233 0.597849
vt 0.538220 0.604162
vt 0.536871 0.607408
vt 0.534478 0.604566
vt 0.540627 0.611870
vt 0.537914 0.613495
vt 0.534752 0.612505
vt 0.536085 0.590948
vt 0.539752 0.600479
vt 0.547085 0.619539
vt 0.543091 0.619971
vt 0.543418 0.610009
vt 0.539097 0.620403
vt 0.535103 0.620834
vt 0.644966 0.552313
vt 0.647166 0.554654
vt 0.646026 0.555122
vt 0.644212 0.553801
vt 0.648875 0.557197
vt 0.646702 0.556911
vt 0.644237 0.555857
vt 0.645801 0.550804
vt 0.648458 0.554124
vt 0.653773 0.560764
vt 0.650620 0.559852
vt 0.651115 0.557444
vt 0.647468 0.558941
vt 0.644315 0.558030
vt 0.531502 0.631716
vt 0.531825 0.628650
vt 0.534721 0.626921
vt 0.535567 0.628245
vt 0.533393 0.624841
vt 0.536771 0.623867
vt 0.539268 0.624206
vt 0.525969 0.639958
vt 0.527254 0.635285
vt 0.531248 0.634853
vt 0.528539 0.630612
vt 0.536527 0.629748
vt 0.529824 0.625939
vt 0.541806 0.624644
vt 0.527616 0.628094
vt 0.526968 0.631385
vt 0.525584 0.632066
vt 0.525493 0.630218
vt 0.525725 0.634968
vt 0.524289 0.634596
vt 0.523409 0.633136
vt 0.528250 0.624693
vt 0.525391 0.628120
vt 0.524395 0.638712
vt 0.522821 0.637466
vt 0.519672 0.634974
vt 0.522532 0.631547
vt 0.521247 0.636220
vt 0.547539 0.625528
vt 0.541885 0.629138
vt 0.542872 0.627317
vt 0.546831 0.624356
vt 0.536655 0.631966
vt 0.539900 0.628456
vt 0.544421 0.624456
vt 0.555562 0.622453
vt 0.548164 0.626829
vt 0.553443 0.621724
vt 0.540766 0.631205
vt 0.551324 0.620996
vt 0.533368 0.635581
vt 0.549204 0.620268
vt 0.627432 0.619105
vt 0.598931 0.624650
vt 0.590701 0.624233
vt 0.605863 0.620550
vt 0.566894 0.630017
vt 0.567308 0.627499
vt 0.577777 0.623579
vt 0.690571 0.610290
vt 0.649420 0.617707
vt 0.656819 0.613330
vt 0.608270 0.625124
vt 0.623067 0.616371
vt 0.567120 0.632541
vt 0.589314 0.619412
vt 0.655050 0.610973
vt 0.629083 0.613713
vt 0.634386 0.611370
vt 0.652849 0.608774
vt 0.605396 0.615446
vt 0.621225 0.611623
vt 0.642712 0.607691
vt 0.682184 0.608059
vt 0.673798 0.605828
vt 0.580928 0.617181
vt 0.606293 0.611910
vt 0.657025 0.601367
vt 0.665411 0.603598
vt 0.631659 0.606638
vt 0.678332 0.604520
vt 0.672423 0.603349
vt 0.671212 0.601164
vt 0.674535 0.601116
vt 0.665994 0.601238
vt 0.666677 0.599026
vt 0.669310 0.597732
vt 0.684438 0.605676
vt 0.678306 0.601062
vt 0.659279 0.598984
vt 0.661532 0.596600
vt 0.666040 0.591834
vt 0.672173 0.596448
vt 0.663786 0.594217
vt 0.659060 0.551888
vt 0.657243 0.554089
vt 0.654567 0.552836
vt 0.654753 0.550979
vt 0.654275 0.555751
vt 0.651705 0.553439
vt 0.650366 0.550867
vt 0.666785 0.550259
vt 0.663532 0.552885
vt 0.660874 0.549565
vt 0.660279 0.555511
vt 0.654964 0.548872
vt 0.657026 0.558138
vt 0.649054 0.548178
vt 0.673387 0.524625
vt 0.670834 0.531954
vt 0.665579 0.534901
vt 0.665296 0.531304
vt 0.666022 0.540550
vt 0.660606 0.541446
vt 0.657327 0.539529
vt 0.686808 0.506960
vt 0.681802 0.517785
vt 0.675892 0.517091
vt 0.676796 0.528610
vt 0.664976 0.527222
vt 0.671791 0.539434
vt 0.654060 0.537353
vt 0.659552 0.558595
vt 0.661680 0.556480
vt 0.662914 0.557334
vt 0.662007 0.558991
vt 0.664338 0.554732
vt 0.665055 0.556531
vt 0.664852 0.558675
vt 0.657376 0.560817
vt 0.660979 0.560871
vt 0.667135 0.552939
vt 0.667485 0.555619
vt 0.668185 0.560979
vt 0.664582 0.560925
vt 0.667835 0.558299
vt 0.664696 0.567436
vt 0.664749 0.573635
vt 0.662666 0.571192
vt 0.661875 0.566357
vt 0.663907 0.578784
vt 0.661373 0.573584
vt 0.659395 0.567357
vt 0.667649 0.568693
vt 0.667112 0.576407
vt 0.662973 0.584066
vt 0.666576 0.584120
vt 0.659907 0.576299
vt 0.656840 0.568531
vt 0.678987 0.534591
vt 0.681734 0.526945
vt 0.686085 0.525477
vt 0.685916 0.529814
vt 0.686351 0.518667
vt 0.690606 0.519672
vt 0.692918 0.523173
vt 0.676254 0.542497
vt 0.685724 0.534735
vt 0.691272 0.510023
vt 0.695736 0.513086
vt 0.704663 0.519212
vt 0.695193 0.526973
vt 0.700199 0.516149
vt 0.670225 0.583367
vt 0.670061 0.577488
vt 0.672660 0.578441
vt 0.673708 0.582531
vt 0.671014 0.572019
vt 0.674210 0.575304
vt 0.676740 0.579937
vt 0.670469 0.589503
vt 0.674897 0.587172
vt 0.672077 0.566362
vt 0.675969 0.571744
vt 0.683754 0.582510
vt 0.679326 0.584841
vt 0.679862 0.577127
vt 0.681458 0.590329
vt 0.683420 0.595591
vt 0.680122 0.594878
vt 0.677674 0.591268
vt 0.683965 0.600546
vt 0.679271 0.597775
vt 0.674943 0.593758
vt 0.685458 0.589455
vt 0.687162 0.596400
vt 0.688867 0.603345
vt 0.687843 0.588609
vt 0.690139 0.587911
vt 0.690221 0.592158
vt 0.688788 0.594145
vt 0.692471 0.589037
vt 0.691736 0.594418
vt 0.690350 0.598826
vt 0.686900 0.582801
vt 0.690046 0.583092
vt 0.696339 0.583674
vt 0.694897 0.590328
vt 0.693193 0.583383
vt 0.693455 0.596982
vt 0.692013 0.603636
vt 0.708085 0.507791
vt 0.706609 0.510755
vt 0.702851 0.510035
vt 0.702427 0.507885
vt 0.703517 0.513410
vt 0.699518 0.511464
vt 0.696951 0.508904
vt 0.717082 0.503933
vt 0.713977 0.507752
vt 0.709514 0.504690
vt 0.710872 0.511572
vt 0.701945 0.505446
vt 0.707768 0.515392
vt 0.694377 0.506203
vt 0.723731 0.583594
vt 0.714310 0.590579
vt 0.710899 0.589268
vt 0.715661 0.584344
vt 0.703423 0.597000
vt 0.702727 0.592882
vt 0.705544 0.587211
vt 0.745788 0.573841
vt 0.731984 0.582953
vt 0.733426 0.576299
vt 0.718179 0.592065
vt 0.721063 0.578758
vt 0.704375 0.601178
vt 0.708701 0.581216
vt 0.709441 0.515942
vt 0.711589 0.512884
vt 0.712221 0.514041
vt 0.711082 0.516408
vt 0.714009 0.510323
vt 0.713991 0.512830
vt 0.713212 0.515857
vt 0.707226 0.519153
vt 0.709790 0.519095
vt 0.716541 0.507694
vt 0.716000 0.511455
vt 0.714917 0.518978
vt 0.712354 0.519036
vt 0.715459 0.515217
vt 0.715065 0.575491
vt 0.721314 0.570002
vt 0.725959 0.570731
vt 0.723665 0.574491
vt 0.729559 0.564827
vt 0.732897 0.567699
vt 0.733252 0.571875
vt 0.706191 0.576425
vt 0.716044 0.569176
vt 0.735749 0.554677
vt 0.738259 0.559468
vt 0.725896 0.561926
vt 0.740768 0.564259
vt 0.743278 0.569050
vt 0.720805 0.515489
vt 0.724857 0.522969
vt 0.722971 0.522212
vt 0.719705 0.517173
vt 0.728099 0.530123
vt 0.724350 0.526493
vt 0.720009 0.521022
vt 0.722040 0.513881
vt 0.726998 0.523828
vt 0.736913 0.543724
vt 0.731414 0.537537
vt 0.731955 0.533776
vt 0.725915 0.531351
vt 0.720416 0.525164
vt 0.741376 0.556821
vt 0.744383 0.554374
vt 0.744650 0.558069
vt 0.742831 0.560969
vt 0.747504 0.553515
vt 0.746734 0.558863
vt 0.745068 0.563870
vt 0.739915 0.552430
vt 0.744080 0.550182
vt 0.752412 0.545687
vt 0.750756 0.552725
vt 0.748246 0.547934
vt 0.749100 0.559764
vt 0.747444 0.566803
vt 0.736000 0.535752
vt 0.731501 0.527701
vt 0.735469 0.531115
vt 0.739776 0.537481
vt 0.728707 0.521117
vt 0.735131 0.528161
vt 0.741700 0.536474
vt 0.740788 0.544215
vt 0.744662 0.544705
vt 0.725915 0.514371
vt 0.734747 0.524810
vt 0.748537 0.545196
vt 0.743580 0.535248
vt 0.745634 0.547168
vt 0.742810 0.549038
vt 0.741691 0.548029
vt 0.743083 0.546472
vt 0.739506 0.550474
vt 0.739180 0.548578
vt 0.739934 0.546446
vt 0.736040 0.551939
vt 0.736331 0.549201
vt 0.736622 0.546462
vt 0.518518 0.561010
vt 0.517545 0.565134
vt 0.515790 0.567150
vt 0.515773 0.565256
vt 0.515818 0.570123
vt 0.514053 0.571060
vt 0.513035 0.570316
vt 0.519481 0.556782
vt 0.515753 0.563108
vt 0.513973 0.575366
vt 0.512082 0.575497
vt 0.508299 0.575759
vt 0.512026 0.569433
vt 0.510190 0.575628
vt 0.515755 0.584789
vt 0.517423 0.593765
vt 0.515691 0.590348
vt 0.514000 0.583390
vt 0.518346 0.601272
vt 0.515651 0.593888
vt 0.512972 0.584982
vt 0.517626 0.586438
vt 0.519387 0.597642
vt 0.522910 0.620050
vt 0.519258 0.608977
vt 0.521149 0.608846
vt 0.515605 0.597904
vt 0.511952 0.586831
vt 0.523153 0.610862
vt 0.521464 0.601828
vt 0.523295 0.605517
vt 0.525035 0.612610
vt 0.520562 0.594379
vt 0.523385 0.602113
vt 0.526169 0.611309
vt 0.524960 0.620354
vt 0.527010 0.620658
vt 0.529060 0.620962
vt 0.522765 0.628940
vt 0.523031 0.626405
vt 0.524564 0.625430
vt 0.524951 0.626690
vt 0.523956 0.623451
vt 0.525710 0.623194
vt 0.526971 0.623899
vt 0.520482 0.631243
vt 0.521291 0.627512
vt 0.522101 0.623781
vt 0.519303 0.626812
vt 0.519119 0.629231
vt 0.517204 0.630747
vt 0.516626 0.629757
vt 0.518112 0.632302
vt 0.515867 0.633253
vt 0.514198 0.633126
vt 0.519440 0.624341
vt 0.515970 0.628633
vt 0.517012 0.635535
vt 0.514351 0.636095
vt 0.509029 0.637216
vt 0.512500 0.632925
vt 0.511690 0.636656
vt 0.517966 0.638241
vt 0.518835 0.640826
vt 0.516974 0.640141
vt 0.515745 0.638246
vt 0.518904 0.643116
vt 0.516342 0.641351
vt 0.514052 0.639065
vt 0.520309 0.638289
vt 0.520946 0.641603
vt 0.522220 0.648231
vt 0.518923 0.645478
vt 0.521583 0.644917
vt 0.515625 0.642724
vt 0.512327 0.639970
vt 0.521536 0.638818
vt 0.522714 0.639373
vt 0.522621 0.641054
vt 0.521836 0.641311
vt 0.523852 0.640651
vt 0.523311 0.642479
vt 0.522474 0.643694
vt 0.525032 0.642026
vt 0.524095 0.644094
vt 0.523158 0.646163
vt 0.621975 0.628555
vt 0.593262 0.634013
vt 0.580491 0.635141
vt 0.594141 0.632075
vt 0.559060 0.639955
vt 0.554071 0.639335
vt 0.560439 0.636912
vt 0.693285 0.617233
vt 0.650519 0.624983
vt 0.651456 0.622915
vt 0.607753 0.632732
vt 0.609627 0.628596
vt 0.564987 0.640482
vt 0.567798 0.634277
vt 0.657453 0.620559
vt 0.623968 0.625352
vt 0.636608 0.622494
vt 0.662524 0.618403
vt 0.595917 0.628917
vt 0.623333 0.623726
vt 0.656455 0.618005
vt 0.692606 0.615498
vt 0.691928 0.613762
vt 0.691249 0.612026
vt 0.723087 0.590667
vt 0.714404 0.598151
vt 0.709881 0.600455
vt 0.713769 0.596525
vt 0.703777 0.606626
vt 0.701470 0.606689
vt 0.702779 0.604072
vt 0.732662 0.584689
vt 0.719536 0.595537
vt 0.706410 0.606385
vt 0.716769 0.599891
vt 0.725327 0.592489
vt 0.730431 0.589801
vt 0.726834 0.593540
vt 0.736079 0.583931
vt 0.739132 0.583376
vt 0.738445 0.585582
vt 0.708019 0.607508
vt 0.722753 0.597782
vt 0.747396 0.574963
vt 0.749005 0.576085
vt 0.752221 0.578330
vt 0.737487 0.588056
vt 0.750613 0.577208
vt 0.750976 0.558499
vt 0.751160 0.564105
vt 0.750140 0.565953
vt 0.749653 0.563053
vt 0.750906 0.570505
vt 0.749608 0.570700
vt 0.748540 0.568854
vt 0.752364 0.553848
vt 0.752317 0.562008
vt 0.752269 0.570169
vt 0.753974 0.564170
vt 0.753740 0.558779
vt 0.754994 0.555932
vt 0.755599 0.558332
vt 0.754045 0.552164
vt 0.755644 0.550686
vt 0.756964 0.551463
vt 0.754253 0.569692
vt 0.756286 0.561055
vt 0.754396 0.545210
vt 0.756381 0.544734
vt 0.760350 0.543781
vt 0.758318 0.552418
vt 0.758365 0.544257
vt 0.733646 0.521129
vt 0.741143 0.527725
vt 0.743281 0.531133
vt 0.739283 0.528171
vt 0.749559 0.535785
vt 0.749418 0.537505
vt 0.746639 0.536486
vt 0.727899 0.513895
vt 0.738716 0.523857
vt 0.749533 0.533819
vt 0.742764 0.525377
vt 0.735430 0.518974
vt 0.732534 0.514671
vt 0.736154 0.517186
vt 0.726851 0.510722
vt 0.726019 0.507852
vt 0.727987 0.507914
vt 0.750305 0.531910
vt 0.740260 0.520040
vt 0.717854 0.502024
vt 0.718626 0.500116
vt 0.720171 0.496299
vt 0.730215 0.508169
vt 0.719398 0.498208
vt 0.710687 0.501485
vt 0.703873 0.500942
vt 0.706966 0.500061
vt 0.712429 0.500087
vt 0.698389 0.500020
vt 0.704596 0.499154
vt 0.711823 0.498677
vt 0.708723 0.502937
vt 0.700364 0.501942
vt 0.683645 0.499950
vt 0.692776 0.499038
vt 0.692004 0.500946
vt 0.701908 0.498125
vt 0.711039 0.497212
vt 0.703656 0.503731
vt 0.698703 0.504473
vt 0.695845 0.503614
vt 0.697962 0.502831
vt 0.692522 0.504845
vt 0.690871 0.503540
vt 0.691358 0.502267
vt 0.686018 0.505208
vt 0.685227 0.503455
vt 0.684436 0.501703
vt 0.658651 0.525242
vt 0.665958 0.518128
vt 0.669915 0.516008
vt 0.666699 0.519770
vt 0.674964 0.510102
vt 0.677088 0.510127
vt 0.676128 0.512680
vt 0.639290 0.541114
vt 0.650379 0.530823
vt 0.651170 0.532576
vt 0.661468 0.520532
vt 0.663049 0.524037
vt 0.672556 0.510241
vt 0.674929 0.515499
vt 0.667593 0.522698
vt 0.660425 0.529683
vt 0.656414 0.531853
vt 0.659523 0.528191
vt 0.651533 0.537602
vt 0.649295 0.537683
vt 0.650116 0.535259
vt 0.642180 0.545892
vt 0.641217 0.544299
vt 0.640254 0.542707
vt 0.609599 0.557700
vt 0.618281 0.553083
vt 0.623000 0.552020
vt 0.619184 0.554575
vt 0.628991 0.548009
vt 0.631534 0.548403
vt 0.630408 0.550352
vt 0.599746 0.560875
vt 0.612928 0.554288
vt 0.626109 0.547701
vt 0.616849 0.550668
vt 0.608073 0.555318
vt 0.603794 0.556225
vt 0.607830 0.553593
vt 0.597458 0.560358
vt 0.595480 0.559765
vt 0.597076 0.557650
vt 0.625850 0.545860
vt 0.612409 0.550606
vt 0.586305 0.565621
vt 0.586046 0.563781
vt 0.585528 0.560099
vt 0.598968 0.555353
vt 0.585787 0.561940
vt 0.576975 0.562952
vt 0.568085 0.560382
vt 0.571396 0.560328
vt 0.578259 0.561945
vt 0.560619 0.557788
vt 0.567842 0.558657
vt 0.576593 0.560244
vt 0.575447 0.563952
vt 0.564330 0.560442
vt 0.542094 0.553423
vt 0.552953 0.555092
vt 0.553212 0.556933
vt 0.563811 0.556761
vt 0.574669 0.558430
vt 0.550570 0.557867
vt 0.559637 0.560447
vt 0.555500 0.560452
vt 0.548224 0.558810
vt 0.566925 0.563030
vt 0.558641 0.562098
vt 0.549006 0.560459
vt 0.541031 0.555185
vt 0.539968 0.556947
vt 0.538905 0.558709
vt 0.530272 0.553192
vt 0.533571 0.553451
vt 0.534381 0.554783
vt 0.532575 0.555102
vt 0.537218 0.554283
vt 0.536999 0.555797
vt 0.535654 0.556875
vt 0.527929 0.551198
vt 0.532651 0.551940
vt 0.537373 0.552681
vt 0.533411 0.548134
vt 0.530370 0.548282
vt 0.528360 0.545057
vt 0.529566 0.543793
vt 0.526465 0.547043
vt 0.525142 0.543098
vt 0.525203 0.539995
vt 0.536515 0.547890
vt 0.530936 0.542358
vt 0.522350 0.545666
vt 0.521492 0.540875
vt 0.519777 0.531293
vt 0.525356 0.536825
vt 0.520634 0.536084
vt 0.816901 0.500644
vt 0.819983 0.494462
vt 0.820629 0.497743
vt 0.818901 0.502872
vt 0.823342 0.489690
vt 0.823003 0.495896
vt 0.821643 0.502896
vt 0.810493 0.505630
vt 0.814872 0.498184
vt 0.813716 0.507161
vt 0.819250 0.490738
vt 0.816940 0.508691
vt 0.828007 0.475846
vt 0.826852 0.484823
vt 0.823629 0.483292
vt 0.825697 0.493800
vt 0.823387 0.511753
vt 0.820163 0.510222
vt 0.824542 0.502776
vt 0.821439 0.482426
vt 0.818382 0.488355
vt 0.817618 0.486254
vt 0.819287 0.481715
vt 0.814997 0.493380
vt 0.815184 0.488692
vt 0.816417 0.482955
vt 0.824593 0.476206
vt 0.821180 0.476566
vt 0.811458 0.498544
vt 0.812423 0.491458
vt 0.814353 0.477285
vt 0.817767 0.476925
vt 0.813388 0.484371
vt 0.813409 0.512636
vt 0.806928 0.514912
vt 0.807604 0.513150
vt 0.811978 0.511061
vt 0.800737 0.516430
vt 0.803907 0.513478
vt 0.808667 0.510385
vt 0.814773 0.514332
vt 0.806160 0.516911
vt 0.788933 0.522069
vt 0.794323 0.517959
vt 0.797547 0.519490
vt 0.799713 0.513849
vt 0.805103 0.509740
vt 0.814802 0.469009
vt 0.812031 0.461465
vt 0.815063 0.464195
vt 0.817929 0.469990
vt 0.810564 0.455095
vt 0.815230 0.461128
vt 0.819824 0.468480
vt 0.811472 0.467827
vt 0.808591 0.458369
vt 0.802830 0.439452
vt 0.809124 0.448551
vt 0.805711 0.448911
vt 0.815418 0.457649
vt 0.821713 0.466748
vt 0.796454 0.522584
vt 0.803327 0.520085
vt 0.800830 0.522883
vt 0.795546 0.525490
vt 0.809126 0.518790
vt 0.803616 0.523074
vt 0.796909 0.527277
vt 0.789242 0.525259
vt 0.789551 0.528449
vt 0.815083 0.517522
vt 0.806778 0.523291
vt 0.790170 0.534828
vt 0.789861 0.531639
vt 0.798474 0.529060
vt 0.803639 0.450388
vt 0.806210 0.457508
vt 0.804110 0.456749
vt 0.801711 0.451939
vt 0.807878 0.464302
vt 0.804410 0.460801
vt 0.800814 0.455558
vt 0.800910 0.442967
vt 0.798989 0.446481
vt 0.809552 0.471341
vt 0.804751 0.465398
vt 0.795148 0.453510
vt 0.797069 0.449996
vt 0.799950 0.459454
vt 0.784550 0.529337
vt 0.779488 0.527097
vt 0.781280 0.526143
vt 0.785155 0.527223
vt 0.775196 0.524446
vt 0.779198 0.524108
vt 0.784095 0.524644
vt 0.783812 0.531504
vt 0.777454 0.528180
vt 0.764738 0.521531
vt 0.770787 0.521665
vt 0.771096 0.524855
vt 0.776836 0.521800
vt 0.782884 0.521934
vt 0.782178 0.449173
vt 0.787934 0.446749
vt 0.789303 0.448032
vt 0.786135 0.450042
vt 0.794278 0.444877
vt 0.793841 0.447306
vt 0.791453 0.450047
vt 0.769930 0.451134
vt 0.778155 0.448214
vt 0.776235 0.451728
vt 0.786380 0.445293
vt 0.782539 0.452322
vt 0.794605 0.442373
vt 0.788844 0.452916
vt 0.769511 0.527477
vt 0.774708 0.529645
vt 0.772287 0.530937
vt 0.768099 0.530025
vt 0.778864 0.532368
vt 0.774056 0.533140
vt 0.768487 0.532965
vt 0.764042 0.525261
vt 0.763346 0.528991
vt 0.783116 0.535234
vt 0.776062 0.535640
vt 0.761954 0.536451
vt 0.762650 0.532721
vt 0.769008 0.536045
vt 0.787639 0.441580
vt 0.782352 0.443977
vt 0.778802 0.442817
vt 0.780880 0.440869
vt 0.775539 0.445876
vt 0.773173 0.443605
vt 0.773227 0.440995
vt 0.793034 0.439055
vt 0.783237 0.438658
vt 0.768359 0.447817
vt 0.766788 0.444499
vt 0.763645 0.437864
vt 0.773441 0.438261
vt 0.765216 0.441182
vt 0.758699 0.524942
vt 0.754947 0.517478
vt 0.756805 0.518247
vt 0.759869 0.523280
vt 0.751994 0.510344
vt 0.755599 0.513983
vt 0.759723 0.519455
vt 0.757396 0.526528
vt 0.752839 0.516605
vt 0.743723 0.496760
vt 0.748977 0.502953
vt 0.748281 0.506683
vt 0.754231 0.509145
vt 0.759485 0.515338
vt 0.755787 0.458360
vt 0.758229 0.452802
vt 0.760450 0.452485
vt 0.759701 0.455910
vt 0.761625 0.447108
vt 0.763419 0.448744
vt 0.763937 0.451989
vt 0.747774 0.468458
vt 0.751741 0.460809
vt 0.753313 0.464127
vt 0.755709 0.453161
vt 0.758852 0.459796
vt 0.759677 0.445512
vt 0.764391 0.455465
vt 0.744193 0.505009
vt 0.748388 0.512992
vt 0.744466 0.509807
vt 0.740369 0.503566
vt 0.750898 0.519606
vt 0.744640 0.512863
vt 0.738307 0.504807
vt 0.739722 0.496622
vt 0.735722 0.496485
vt 0.753396 0.526391
vt 0.744837 0.516331
vt 0.727720 0.496211
vt 0.731721 0.496348
vt 0.736279 0.506271
vt 0.735319 0.490478
vt 0.738806 0.484890
vt 0.739739 0.487143
vt 0.737857 0.491519
vt 0.742694 0.480271
vt 0.742554 0.485019
vt 0.741204 0.490680
vt 0.732734 0.489272
vt 0.737747 0.482334
vt 0.746761 0.475533
vt 0.742760 0.475396
vt 0.745748 0.482609
vt 0.744736 0.489684
vt 0.753901 0.449006
vt 0.751736 0.454398
vt 0.748234 0.455488
vt 0.748341 0.452451
vt 0.748064 0.460258
vt 0.744624 0.459617
vt 0.742735 0.457200
vt 0.756054 0.443434
vt 0.748464 0.449004
vt 0.744151 0.466379
vt 0.740528 0.464301
vt 0.733282 0.460143
vt 0.740873 0.454574
vt 0.736905 0.462222
vt 0.733118 0.482761
vt 0.733562 0.476455
vt 0.736259 0.474937
vt 0.736956 0.478403
vt 0.735164 0.469496
vt 0.738259 0.469954
vt 0.740494 0.472554
vt 0.729111 0.487194
vt 0.730501 0.478177
vt 0.731892 0.469160
vt 0.723337 0.488989
vt 0.724392 0.480631
vt 0.725024 0.483588
vt 0.724581 0.489984
vt 0.725719 0.473544
vt 0.726098 0.480148
vt 0.726016 0.488230
vt 0.720436 0.498273
vt 0.722056 0.487775
vt 0.722257 0.497758
vt 0.723675 0.477276
vt 0.724078 0.497242
vt 0.726915 0.456279
vt 0.727116 0.466262
vt 0.725295 0.466778
vt 0.727318 0.476245
vt 0.725899 0.496726
vt 0.727519 0.486228
vt 0.728723 0.480195
vt 0.728374 0.473392
vt 0.729306 0.470878
vt 0.729866 0.474297
vt 0.728427 0.465508
vt 0.729677 0.464944
vt 0.730768 0.466930
vt 0.728507 0.457245
vt 0.730099 0.458211
vt 0.731690 0.459177
vt 0.745990 0.519925
vt 0.738808 0.513615
vt 0.736704 0.510312
vt 0.740514 0.513131
vt 0.730721 0.505884
vt 0.730789 0.504189
vt 0.733400 0.505125
vt 0.751575 0.526907
vt 0.741195 0.517362
vt 0.730816 0.507818
vt 0.748273 0.442404
vt 0.743769 0.447423
vt 0.740570 0.449104
vt 0.742277 0.446518
vt 0.737890 0.453164
vt 0.735665 0.453370
vt 0.735548 0.451743
vt 0.761514 0.430888
vt 0.754456 0.438202
vt 0.752864 0.437236
vt 0.747398 0.445516
vt 0.744214 0.443584
vt 0.740340 0.452830
vt 0.735565 0.449931
vt 0.737298 0.515854
vt 0.744338 0.521997
vt 0.747107 0.526082
vt 0.743630 0.523653
vt 0.752568 0.529896
vt 0.753355 0.532596
vt 0.751456 0.532496
vt 0.730060 0.509585
vt 0.739684 0.520898
vt 0.761198 0.538219
vt 0.760443 0.539986
vt 0.758931 0.543522
vt 0.749308 0.532210
vt 0.759687 0.541754
vt 0.756797 0.441089
vt 0.750776 0.445794
vt 0.752814 0.442965
vt 0.757389 0.438942
vt 0.745630 0.449283
vt 0.750277 0.444160
vt 0.756013 0.438524
vt 0.763112 0.436120
vt 0.762579 0.434376
vt 0.762047 0.432632
vt 0.767755 0.539024
vt 0.773987 0.539817
vt 0.771129 0.540520
vt 0.766123 0.540270
vt 0.778990 0.540913
vt 0.773278 0.541474
vt 0.766643 0.541624
vt 0.769591 0.537735
vt 0.777228 0.539020
vt 0.792503 0.541588
vt 0.784110 0.542072
vt 0.784865 0.540304
vt 0.775717 0.542555
vt 0.767324 0.543039
vt 0.770670 0.434163
vt 0.778889 0.435648
vt 0.775996 0.436068
vt 0.769711 0.435276
vt 0.785865 0.437313
vt 0.779388 0.437282
vt 0.771453 0.436729
vt 0.771843 0.433029
vt 0.782172 0.435170
vt 0.792501 0.437311
vt 0.785573 0.539081
vt 0.779521 0.538277
vt 0.781542 0.537623
vt 0.786130 0.537897
vt 0.774338 0.537192
vt 0.778975 0.536694
vt 0.784715 0.536595
vt 0.791919 0.539899
vt 0.791336 0.538208
vt 0.790753 0.536519
vt 0.794905 0.436227
vt 0.786489 0.434735
vt 0.790295 0.434351
vt 0.797036 0.435162
vt 0.779710 0.433078
vt 0.787358 0.433156
vt 0.796269 0.433749
vt 0.803757 0.437768
vt 0.804685 0.436083
vt 0.772770 0.431345
vt 0.784027 0.431801
vt 0.806540 0.432713
vt 0.805613 0.434398
vt 0.795283 0.432257
vt 0.809878 0.522903
vt 0.804795 0.528116
vt 0.802020 0.529390
vt 0.804249 0.526533
vt 0.798519 0.533876
vt 0.797015 0.533521
vt 0.797661 0.531390
vt 0.815666 0.519212
vt 0.807945 0.526671
vt 0.800224 0.534130
vt 0.822323 0.458079
vt 0.816794 0.452514
vt 0.814848 0.448756
vt 0.817663 0.450936
vt 0.810428 0.445334
vt 0.810087 0.442819
vt 0.811792 0.442856
vt 0.835173 0.474104
vt 0.827087 0.465441
vt 0.828015 0.463756
vt 0.819002 0.456778
vt 0.820857 0.453408
vt 0.810916 0.448115
vt 0.813698 0.443061
vt 0.820601 0.520302
vt 0.813328 0.525636
vt 0.815237 0.523001
vt 0.820562 0.518647
vt 0.806876 0.529837
vt 0.811821 0.524720
vt 0.818235 0.518864
vt 0.829822 0.515662
vt 0.820493 0.522144
vt 0.828214 0.514685
vt 0.811162 0.528625
vt 0.826605 0.513708
vt 0.801832 0.535107
vt 0.824996 0.512730
vt 0.827227 0.504642
vt 0.829376 0.496956
vt 0.829461 0.500506
vt 0.828123 0.506691
vt 0.831562 0.490796
vt 0.830884 0.497872
vt 0.829594 0.506081
vt 0.826333 0.502340
vt 0.829280 0.492928
vt 0.833836 0.484493
vt 0.832227 0.483516
vt 0.832498 0.494883
vt 0.831160 0.505273
vt 0.814952 0.454424
vt 0.820597 0.460157
vt 0.822003 0.463134
vt 0.818918 0.460565
vt 0.826847 0.467169
vt 0.826495 0.468681
vt 0.824211 0.467810
vt 0.833382 0.474539
vt 0.831590 0.474975
vt 0.829799 0.475411
vt 0.831179 0.482405
vt 0.829054 0.489902
vt 0.828856 0.487234
vt 0.830137 0.481491
vt 0.826844 0.496252
vt 0.827376 0.490310
vt 0.828544 0.483046
vt 0.779414 0.520419
vt 0.775262 0.520555
vt 0.773876 0.519459
vt 0.776016 0.518974
vt 0.770515 0.520221
vt 0.770349 0.518848
vt 0.771699 0.517737
vt 0.783689 0.520246
vt 0.778445 0.518423
vt 0.765543 0.519843
vt 0.766347 0.518154
vt 0.767956 0.514777
vt 0.773200 0.516600
vt 0.767152 0.516466
vt 0.784025 0.519033
vt 0.779893 0.517808
vt 0.781169 0.517267
vt 0.784264 0.517850
vt 0.776310 0.516351
vt 0.779351 0.516142
vt 0.783173 0.516416
vt 0.788354 0.520290
vt 0.787776 0.518512
vt 0.772622 0.514822
vt 0.777287 0.514866
vt 0.786618 0.514955
vt 0.787197 0.516733
vt 0.781953 0.514910
vt 0.762502 0.514451
vt 0.759619 0.509291
vt 0.761201 0.510332
vt 0.763612 0.513996
vt 0.757416 0.504578
vt 0.760373 0.507709
vt 0.763686 0.511967
vt 0.761281 0.514820
vt 0.757824 0.508109
vt 0.750910 0.494688
vt 0.755171 0.499710
vt 0.754367 0.501399
vt 0.759433 0.504733
vt 0.763695 0.509755
vt 0.797178 0.508881
vt 0.794733 0.512496
vt 0.793193 0.512963
vt 0.794191 0.510830
vt 0.791626 0.516312
vt 0.790655 0.515562
vt 0.790775 0.513695
vt 0.804028 0.501866
vt 0.800254 0.506916
vt 0.799676 0.505138
vt 0.796481 0.511967
vt 0.795323 0.508410
vt 0.792707 0.517018
vt 0.790971 0.511682
vt 0.752309 0.500781
vt 0.755326 0.506098
vt 0.753124 0.504326
vt 0.750403 0.500296
vt 0.757396 0.510654
vt 0.753642 0.506584
vt 0.749666 0.501543
vt 0.749113 0.495206
vt 0.747316 0.495724
vt 0.745520 0.496242
vt 0.796658 0.514347
vt 0.798963 0.510844
vt 0.801151 0.509855
vt 0.800478 0.511726
vt 0.802209 0.506916
vt 0.804013 0.506994
vt 0.804587 0.508301
vt 0.805644 0.502807
vt 0.807261 0.503748
vt 0.808877 0.504689
vt 0.746091 0.490359
vt 0.746663 0.484749
vt 0.747469 0.486635
vt 0.747397 0.490893
vt 0.747581 0.479950
vt 0.748346 0.484264
vt 0.748734 0.489597
vt 0.748558 0.475015
vt 0.749342 0.481573
vt 0.750126 0.488130
vt 0.807194 0.489602
vt 0.807970 0.494129
vt 0.807222 0.495597
vt 0.806456 0.493247
vt 0.808425 0.499287
vt 0.807240 0.499416
vt 0.806047 0.497903
vt 0.807146 0.479296
vt 0.807983 0.485879
vt 0.806366 0.484938
vt 0.808819 0.492463
vt 0.805587 0.490581
vt 0.809656 0.499047
vt 0.804807 0.496223
vt 0.749799 0.474775
vt 0.750993 0.474647
vt 0.750977 0.478450
vt 0.750211 0.479913
vt 0.752180 0.476153
vt 0.751727 0.480791
vt 0.750952 0.484422
vt 0.749392 0.469395
vt 0.751011 0.470331
vt 0.754248 0.472204
vt 0.753413 0.477825
vt 0.752629 0.471268
vt 0.752579 0.483446
vt 0.751744 0.489067
vt 0.810601 0.494107
vt 0.809800 0.489774
vt 0.810664 0.487404
vt 0.811488 0.489303
vt 0.809370 0.484422
vt 0.810704 0.483134
vt 0.812021 0.483682
vt 0.808948 0.478793
vt 0.810749 0.478290
vt 0.812551 0.477788
vt 0.753807 0.465597
vt 0.758036 0.461995
vt 0.757317 0.463932
vt 0.754363 0.466930
vt 0.761956 0.459225
vt 0.759553 0.462872
vt 0.756188 0.466975
vt 0.766010 0.456402
vt 0.762089 0.461669
vt 0.758169 0.466937
vt 0.806136 0.473438
vt 0.803487 0.468331
vt 0.805549 0.470030
vt 0.807985 0.473900
vt 0.801724 0.463955
vt 0.805175 0.467860
vt 0.808787 0.472699
vt 0.804147 0.472849
vt 0.801147 0.466403
vt 0.798148 0.459957
vt 0.761300 0.464836
vt 0.763851 0.461075
vt 0.765403 0.460550
vt 0.764343 0.462756
vt 0.767068 0.457087
vt 0.768016 0.457821
vt 0.767841 0.459727
vt 0.758694 0.468731
vt 0.763140 0.465258
vt 0.770456 0.452929
vt 0.770981 0.454723
vt 0.772032 0.458312
vt 0.767586 0.461785
vt 0.771507 0.456518
vt 0.796931 0.460334
vt 0.799458 0.465287
vt 0.797968 0.464303
vt 0.795819 0.460791
vt 0.801344 0.469817
vt 0.798629 0.466831
vt 0.795630 0.462758
vt 0.794264 0.455158
vt 0.793380 0.456806
vt 0.803262 0.474497
vt 0.799378 0.469699
vt 0.791611 0.460102
vt 0.792495 0.458454
vt 0.795495 0.464901
vt 0.774942 0.454537
vt 0.779222 0.456096
vt 0.777858 0.456516
vt 0.774636 0.455676
vt 0.782916 0.457835
vt 0.779715 0.457777
vt 0.775715 0.457177
vt 0.775351 0.453376
vt 0.780771 0.455618
vt 0.786716 0.459655
vt 0.786191 0.457860
vt 0.781821 0.459207
vt 0.776927 0.458760
vt 0.787787 0.456823
vt 0.783318 0.455245
vt 0.785563 0.454916
vt 0.789225 0.455802
vt 0.779814 0.453525
vt 0.784147 0.453701
vt 0.789089 0.454399
vt 0.394348 0.600432
vt 0.393182 0.603814
vt 0.384796 0.601409
vt 0.382493 0.598382
vt 0.388411 0.606164
vt 0.378712 0.602032
vt 0.371627 0.597633
vt 0.410769 0.598751
vt 0.406733 0.602647
vt 0.395325 0.596848
vt 0.402698 0.606543
vt 0.379880 0.594946
vt 0.398662 0.610439
vt 0.364436 0.593044
vt 0.400386 0.609913
vt 0.403250 0.606967
vt 0.403736 0.607340
vt 0.402089 0.609352
vt 0.406323 0.604181
vt 0.405870 0.605702
vt 0.404500 0.607927
vt 0.397423 0.612986
vt 0.400220 0.611635
vt 0.409530 0.601297
vt 0.408291 0.603843
vt 0.403016 0.610285
vt 0.407052 0.606389
vt 0.455584 0.617215
vt 0.441342 0.614545
vt 0.435540 0.611548
vt 0.442503 0.612160
vt 0.424607 0.610587
vt 0.422775 0.607938
vt 0.426430 0.606841
vt 0.490038 0.626957
vt 0.468982 0.622452
vt 0.470221 0.619906
vt 0.447926 0.617946
vt 0.450404 0.612854
vt 0.426870 0.613441
vt 0.430587 0.605802
vt 0.443590 0.620148
vt 0.457302 0.622584
vt 0.465566 0.626671
vt 0.459834 0.626604
vt 0.474567 0.626776
vt 0.479562 0.630826
vt 0.478542 0.633089
vt 0.492740 0.631248
vt 0.495442 0.635539
vt 0.498145 0.639831
vt 0.500050 0.629671
vt 0.507052 0.628235
vt 0.505875 0.631250
vt 0.500987 0.633259
vt 0.513548 0.628094
vt 0.509584 0.632255
vt 0.504025 0.635984
vt 0.499213 0.625885
vt 0.508388 0.624814
vt 0.526739 0.622671
vt 0.520266 0.628033
vt 0.517564 0.623742
vt 0.513793 0.633396
vt 0.507320 0.638759
vt 0.511760 0.637213
vt 0.516086 0.633288
vt 0.518108 0.633193
vt 0.516086 0.635658
vt 0.521282 0.629323
vt 0.522151 0.630633
vt 0.521282 0.633044
vt 0.507320 0.641288
vt 0.513793 0.638454
vt 0.526739 0.625200
vt 0.526739 0.627729
vt 0.526739 0.632787
vt 0.520266 0.635621
vt 0.526739 0.630258
vt 0.511760 0.640430
vt 0.516086 0.638363
vt 0.518108 0.638282
vt 0.516086 0.639569
vt 0.521282 0.636261
vt 0.522151 0.636914
vt 0.521282 0.638156
vt 0.526739 0.634075
vt 0.526739 0.635362
vt 0.526739 0.636650
vt 0.366696 0.561586
vt 0.377740 0.572113
vt 0.372284 0.575725
vt 0.363269 0.570331
vt 0.386438 0.584193
vt 0.375843 0.584729
vt 0.363717 0.581395
vt 0.357090 0.537282
vt 0.370510 0.552649
vt 0.355066 0.550747
vt 0.383930 0.568016
vt 0.353041 0.564212
vt 0.397350 0.583383
vt 0.351016 0.577677
vt 0.326946 0.549252
vt 0.335432 0.547265
vt 0.338005 0.555592
vt 0.333535 0.559881
vt 0.345025 0.548858
vt 0.345049 0.559630
vt 0.342046 0.568667
vt 0.320223 0.538085
vt 0.332512 0.537817
vt 0.344801 0.537549
vt 0.337825 0.530532
vt 0.329379 0.531858
vt 0.326618 0.526605
vt 0.330994 0.523854
vt 0.319746 0.530926
vt 0.319480 0.524105
vt 0.322282 0.518359
vt 0.346525 0.529007
vt 0.335959 0.520732
vt 0.309658 0.529810
vt 0.311381 0.521268
vt 0.314828 0.504182
vt 0.325394 0.512457
vt 0.313105 0.512725
vt 0.303458 0.516567
vt 0.297581 0.503826
vt 0.300854 0.503893
vt 0.305786 0.512033
vt 0.293111 0.491114
vt 0.299196 0.495822
vt 0.305994 0.504000
vt 0.288557 0.477905
vt 0.297314 0.486664
vt 0.306071 0.495423
vt 0.286923 0.455409
vt 0.294027 0.468540
vt 0.291327 0.468655
vt 0.285823 0.460334
vt 0.299971 0.481722
vt 0.294132 0.477092
vt 0.287088 0.468835
vt 0.288222 0.450524
vt 0.297091 0.468410
vt 0.305959 0.486296
vt 0.333595 0.513590
vt 0.341567 0.514795
vt 0.344513 0.519063
vt 0.340506 0.519845
vt 0.350805 0.517835
vt 0.351466 0.522548
vt 0.349139 0.525763
vt 0.326526 0.507068
vt 0.338224 0.509953
vt 0.361620 0.515724
vt 0.360488 0.521113
vt 0.349922 0.512838
vt 0.359355 0.526503
vt 0.358223 0.531892
vt 0.369312 0.530298
vt 0.365905 0.531726
vt 0.365092 0.528689
vt 0.366966 0.526677
vt 0.362149 0.531850
vt 0.362404 0.527665
vt 0.363815 0.523921
vt 0.376565 0.533063
vt 0.371696 0.534118
vt 0.372829 0.528728
vt 0.366828 0.535172
vt 0.369092 0.524393
vt 0.361959 0.536227
vt 0.365356 0.520059
vt 0.410429 0.554325
vt 0.395553 0.549287
vt 0.391950 0.546208
vt 0.400115 0.548299
vt 0.379129 0.542925
vt 0.380181 0.541038
vt 0.386291 0.541373
vt 0.442194 0.568279
vt 0.420918 0.560530
vt 0.425787 0.559475
vt 0.399642 0.552780
vt 0.409379 0.550671
vt 0.378366 0.545031
vt 0.392972 0.541867
vt 0.428650 0.557946
vt 0.415434 0.551343
vt 0.420771 0.551935
vt 0.431125 0.556356
vt 0.404512 0.544994
vt 0.415753 0.548107
vt 0.429150 0.552866
vt 0.442533 0.564826
vt 0.442873 0.561372
vt 0.393312 0.538413
vt 0.410059 0.543764
vt 0.443213 0.557918
vt 0.426806 0.549114
vt 0.474803 0.559409
vt 0.465420 0.561594
vt 0.461270 0.560241
vt 0.465739 0.558358
vt 0.454254 0.563197
vt 0.452652 0.560771
vt 0.454754 0.558116
vt 0.498065 0.557979
vt 0.484097 0.560554
vt 0.484437 0.557100
vt 0.470129 0.563129
vt 0.470809 0.556222
vt 0.456161 0.565704
vt 0.457181 0.555343
vt 0.468068 0.552140
vt 0.478644 0.549103
vt 0.482330 0.550787
vt 0.476933 0.553333
vt 0.490804 0.546790
vt 0.491413 0.549926
vt 0.488117 0.553432
vt 0.503545 0.544434
vt 0.501718 0.548949
vt 0.499891 0.553464
vt 0.512579 0.551284
vt 0.508586 0.552724
vt 0.507976 0.550294
vt 0.510297 0.548494
vt 0.504331 0.553121
vt 0.505044 0.549664
vt 0.507018 0.546478
vt 0.520491 0.552985
vt 0.514885 0.554233
vt 0.516711 0.549718
vt 0.509278 0.555482
vt 0.512931 0.546452
vt 0.503671 0.556731
vt 0.509151 0.543185
vt 0.506979 0.557654
vt 0.510812 0.556536
vt 0.512165 0.557465
vt 0.510214 0.558514
vt 0.515227 0.555817
vt 0.515468 0.557344
vt 0.514288 0.558923
vt 0.503033 0.558842
vt 0.508002 0.559705
vt 0.519853 0.555096
vt 0.519215 0.557208
vt 0.517938 0.561431
vt 0.512970 0.560568
vt 0.518577 0.559319
vt 0.512281 0.543650
vt 0.515318 0.544143
vt 0.516300 0.545821
vt 0.514722 0.546116
vt 0.518778 0.545357
vt 0.518860 0.547203
vt 0.517842 0.548455
vt 0.509788 0.541079
vt 0.514205 0.542239
vt 0.523037 0.544559
vt 0.522401 0.546665
vt 0.518621 0.543399
vt 0.521764 0.548772
vt 0.521128 0.550878
vt 0.453683 0.571105
vt 0.464884 0.571009
vt 0.460366 0.572749
vt 0.451593 0.573442
vt 0.474143 0.571660
vt 0.464623 0.573796
vt 0.453274 0.575482
vt 0.456101 0.568657
vt 0.441916 0.571254
vt 0.470009 0.569034
vt 0.441638 0.574229
vt 0.497824 0.569788
vt 0.483638 0.572386
vt 0.483916 0.569411
vt 0.469453 0.574984
vt 0.441082 0.580179
vt 0.441360 0.577204
vt 0.455267 0.577581
vt 0.430051 0.572956
vt 0.419286 0.568866
vt 0.423634 0.568754
vt 0.432068 0.571319
vt 0.410390 0.564727
vt 0.419547 0.566078
vt 0.430460 0.568580
vt 0.427718 0.574585
vt 0.414353 0.568992
vt 0.387625 0.557804
vt 0.401267 0.560423
vt 0.400989 0.563398
vt 0.414909 0.563042
vt 0.428552 0.565661
vt 0.381460 0.548139
vt 0.397513 0.553671
vt 0.395636 0.554455
vt 0.384731 0.551217
vt 0.412760 0.559539
vt 0.404665 0.558478
vt 0.392690 0.555687
vt 0.364724 0.542412
vt 0.372358 0.547543
vt 0.379992 0.552674
vt 0.386068 0.562108
vt 0.391737 0.571014
vt 0.385162 0.564612
vt 0.379164 0.556616
vt 0.394580 0.577168
vt 0.384585 0.566207
vt 0.374837 0.554560
vt 0.393411 0.568041
vt 0.399197 0.578278
vt 0.404983 0.588514
vt 0.407291 0.588041
vt 0.402424 0.580156
vt 0.405267 0.581811
vt 0.409399 0.587434
vt 0.398779 0.572982
vt 0.403978 0.577843
vt 0.409732 0.584410
vt 0.412429 0.596282
vt 0.414088 0.593814
vt 0.395071 0.565573
vt 0.402516 0.573341
vt 0.417407 0.588877
vt 0.415747 0.591346
vt 0.409961 0.581109
vt 0.431314 0.598983
vt 0.446112 0.606293
vt 0.439405 0.604862
vt 0.427545 0.599686
vt 0.458027 0.612988
vt 0.444557 0.608606
vt 0.428873 0.602614
vt 0.435565 0.598397
vt 0.453723 0.607917
vt 0.471880 0.617437
vt 0.475012 0.616451
vt 0.460392 0.609205
vt 0.466271 0.610340
vt 0.477717 0.615367
vt 0.448299 0.602446
vt 0.460704 0.606447
vt 0.475501 0.612121
vt 0.490371 0.624014
vt 0.490703 0.621071
vt 0.435897 0.595454
vt 0.454387 0.602031
vt 0.491368 0.615184
vt 0.491036 0.618128
vt 0.472878 0.608608
vt 0.498542 0.619243
vt 0.505684 0.620350
vt 0.502715 0.621604
vt 0.497088 0.621354
vt 0.511551 0.621996
vt 0.505373 0.623108
vt 0.498053 0.623573
vt 0.500211 0.617056
vt 0.509053 0.618927
vt 0.517896 0.620799
vt 0.519285 0.617940
vt 0.512187 0.617047
vt 0.514948 0.616026
vt 0.520472 0.616223
vt 0.506276 0.615716
vt 0.512187 0.614807
vt 0.519285 0.614421
vt 0.526739 0.621230
vt 0.517896 0.619718
vt 0.526739 0.618838
vt 0.509053 0.618207
vt 0.526739 0.616446
vt 0.500211 0.614304
vt 0.500211 0.616696
vt 0.509053 0.613423
vt 0.526739 0.611663
vt 0.526739 0.614054
vt 0.517896 0.612543
vt 0.486151 0.566982
vt 0.474980 0.567075
vt 0.479361 0.565349
vt 0.488067 0.564663
vt 0.465691 0.566427
vt 0.475036 0.564309
vt 0.486240 0.562639
vt 0.497884 0.566836
vt 0.497944 0.563884
vt 0.498004 0.560932
vt 0.509203 0.563486
vt 0.505923 0.564984
vt 0.504431 0.563655
vt 0.505979 0.562218
vt 0.502001 0.565910
vt 0.501392 0.563762
vt 0.502090 0.561567
vt 0.517405 0.563196
vt 0.512510 0.564844
vt 0.512570 0.561892
vt 0.507615 0.566492
vt 0.507735 0.560588
vt 0.502719 0.568140
vt 0.502900 0.559283
vt 0.505266 0.569695
vt 0.508667 0.568166
vt 0.509595 0.569642
vt 0.507766 0.571151
vt 0.512468 0.567271
vt 0.512353 0.569607
vt 0.511052 0.571958
vt 0.501757 0.571326
vt 0.505690 0.572864
vt 0.516443 0.566382
vt 0.515481 0.569568
vt 0.513557 0.575940
vt 0.509623 0.574402
vt 0.514519 0.572754
vt 0.355723 0.507503
vt 0.348090 0.502965
vt 0.352293 0.502721
vt 0.358680 0.505523
vt 0.342264 0.498322
vt 0.350108 0.499675
vt 0.358891 0.502338
vt 0.352471 0.509483
vt 0.363773 0.512213
vt 0.343322 0.503242
vt 0.365927 0.508702
vt 0.325024 0.490760
vt 0.336326 0.493490
vt 0.334173 0.497001
vt 0.347629 0.496220
vt 0.370234 0.501679
vt 0.368080 0.505191
vt 0.358931 0.498950
vt 0.330587 0.498849
vt 0.338274 0.503408
vt 0.333824 0.503555
vt 0.327313 0.500705
vt 0.344047 0.508031
vt 0.335885 0.506553
vt 0.326838 0.503786
vt 0.322475 0.494116
vt 0.319926 0.497471
vt 0.317377 0.500827
vt 0.403701 0.614638
vt 0.401385 0.614403
vt 0.402226 0.613365
vt 0.404006 0.613138
vt 0.399431 0.613722
vt 0.401286 0.612555
vt 0.403545 0.611736
vt 0.403335 0.616203
vt 0.400432 0.615580
vt 0.397529 0.614958
vt 0.401326 0.617490
vt 0.399369 0.618707
vt 0.398469 0.617877
vt 0.399389 0.616801
vt 0.397026 0.619567
vt 0.396650 0.618124
vt 0.397056 0.616575
vt 0.403314 0.618237
vt 0.400391 0.619648
vt 0.397468 0.621059
vt 0.517181 0.535213
vt 0.513804 0.536124
vt 0.512446 0.533728
vt 0.514102 0.532278
vt 0.509844 0.536005
vt 0.509430 0.532782
vt 0.510312 0.529966
vt 0.525320 0.537767
vt 0.520333 0.538305
vt 0.520651 0.534200
vt 0.515346 0.538843
vt 0.515982 0.530633
vt 0.510359 0.539381
vt 0.511314 0.527065
vt 0.395915 0.529658
vt 0.407846 0.536239
vt 0.401909 0.535636
vt 0.392155 0.531226
vt 0.417225 0.542561
vt 0.405727 0.539444
vt 0.392588 0.534690
vt 0.385610 0.519382
vt 0.400096 0.528152
vt 0.383349 0.522802
vt 0.414582 0.536923
vt 0.381088 0.526222
vt 0.429067 0.545694
vt 0.378826 0.529643
vt 0.431477 0.543620
vt 0.419828 0.537129
vt 0.424452 0.537311
vt 0.433550 0.541511
vt 0.410167 0.530717
vt 0.419978 0.533293
vt 0.431712 0.537596
vt 0.400256 0.524058
vt 0.414902 0.528734
vt 0.429547 0.533411
vt 0.377314 0.514880
vt 0.373016 0.514740
vt 0.372488 0.512262
vt 0.375034 0.511451
vt 0.368491 0.513535
vt 0.369414 0.510594
vt 0.371659 0.508370
vt 0.379613 0.518467
vt 0.381766 0.514956
vt 0.373615 0.517553
vt 0.377922 0.510531
vt 0.367618 0.516638
vt 0.374078 0.506105
vt 0.369825 0.520149
vt 0.374138 0.520301
vt 0.374598 0.522723
vt 0.372019 0.523505
vt 0.378648 0.521494
vt 0.377638 0.524362
vt 0.375322 0.526526
vt 0.283939 0.421361
vt 0.294560 0.439820
vt 0.291674 0.438457
vt 0.283862 0.426206
vt 0.303939 0.457693
vt 0.296600 0.449345
vt 0.287142 0.436317
vt 0.284239 0.416670
vt 0.297834 0.441367
vt 0.313606 0.476229
vt 0.311429 0.466063
vt 0.302189 0.461699
vt 0.290771 0.447168
vt 0.309501 0.486277
vt 0.302040 0.472370
vt 0.306402 0.475860
vt 0.312737 0.485984
vt 0.296454 0.459964
vt 0.304428 0.469226
vt 0.313251 0.481340
s 1
usemtl Material.001
f 2765/1/1 2766/2/1 2764/3/1 2770/4/1
f 2767/5/1 2768/6/1 2764/3/1 2766/2/1
f 2769/7/1 2770/4/1 2764/3/1 2768/6/1
f 1/8/2 286/9/1 2765/1/1 283/10/3
f 286/9/1 287/11/1 2766/2/1 2765/1/1
f 283/10/3 2765/1/1 2770/4/1 284/12/3
f 2/13/1 289/14/1 2767/5/1 288/15/1
f 289/14/1 290/16/1 2768/6/1 2767/5/1
f 288/15/1 2767/5/1 2766/2/1 287/11/1
f 3/17/3 285/18/3 2769/7/1 291/19/1
f 285/18/3 284/12/3 2770/4/1 2769/7/1
f 291/19/1 2769/7/1 2768/6/1 290/16/1
f 2772/20/1 2773/21/1 2771/22/1 2777/23/1
f 2774/24/1 2775/25/1 2771/22/1 2773/21/1
f 2776/26/1 2777/23/1 2771/22/1 2775/25/1
f 2/13/1 292/27/1 2772/20/1 289/14/1
f 292/27/1 293/28/1 2773/21/1 2772/20/1
f 289/14/1 2772/20/1 2777/23/1 290/16/1
f 4/29/3 297/30/3 2774/24/1 294/31/1
f 297/30/3 296/32/3 2775/25/1 2774/24/1
f 294/31/1 2774/24/1 2773/21/1 293/28/1
f 3/17/3 291/19/1 2776/26/1 295/33/3
f 291/19/1 290/16/1 2777/23/1 2776/26/1
f 295/33/3 2776/26/1 2775/25/1 296/32/3
f 2779/34/1 2780/35/1 2778/36/1 2784/37/1
f 2781/38/1 2782/39/1 2778/36/1 2780/35/1
f 2783/40/1 2784/37/1 2778/36/1 2782/39/1
f 2/13/1 298/41/1 2779/34/1 292/27/1
f 298/41/1 299/42/1 2780/35/1 2779/34/1
f 292/27/1 2779/34/1 2784/37/1 293/28/1
f 5/43/2 303/44/3 2781/38/1 300/45/1
f 303/44/3 302/46/3 2782/39/1 2781/38/1
f 300/45/1 2781/38/1 2780/35/1 299/42/1
f 4/29/3 294/31/1 2783/40/1 301/47/3
f 294/31/1 293/28/1 2784/37/1 2783/40/1
f 301/47/3 2783/40/1 2782/39/1 302/46/3
f 2786/48/4 2787/49/5 2785/50/5 2791/51/5
f 2788/52/4 2789/53/4 2785/50/5 2787/49/5
f 2790/54/5 2791/51/5 2785/50/5 2789/53/4
f 9/55/6 307/56/5 2786/48/4 306/57/6
f 307/56/5 308/58/4 2787/49/5 2786/48/4
f 306/57/6 2786/48/4 2791/51/5 305/59/6
f 10/60/7 312/61/4 2788/52/4 309/62/4
f 312/61/4 311/63/5 2789/53/4 2788/52/4
f 309/62/4 2788/52/4 2787/49/5 308/58/4
f 8/64/6 304/65/6 2790/54/5 310/66/5
f 304/65/6 305/59/6 2791/51/5 2790/54/5
f 310/66/5 2790/54/5 2789/53/4 311/63/5
f 2793/67/5 2794/68/4 2792/69/4 2798/70/5
f 2795/71/5 2796/72/4 2792/69/4 2794/68/4
f 2797/73/4 2798/70/5 2792/69/4 2796/72/4
f 11/74/7 318/75/4 2793/67/5 315/76/7
f 318/75/4 317/77/4 2794/68/4 2793/67/5
f 315/76/7 2793/67/5 2798/70/5 314/78/7
f 8/64/6 310/66/5 2795/71/5 316/79/4
f 310/66/5 311/63/5 2796/72/4 2795/71/5
f 316/79/4 2795/71/5 2794/68/4 317/77/4
f 10/60/7 313/80/7 2797/73/4 312/61/4
f 313/80/7 314/78/7 2798/70/5 2797/73/4
f 312/61/4 2797/73/4 2796/72/4 311/63/5
f 2800/81/5 2801/82/4 2799/83/5 2805/84/4
f 2802/85/4 2803/86/5 2799/83/5 2801/82/4
f 2804/87/8 2805/84/4 2799/83/5 2803/86/5
f 8/64/6 316/79/4 2800/81/5 321/88/6
f 316/79/4 317/77/4 2801/82/4 2800/81/5
f 321/88/6 2800/81/5 2805/84/4 320/89/6
f 11/74/7 324/90/5 2802/85/4 318/75/4
f 324/90/5 323/91/4 2803/86/5 2802/85/4
f 318/75/4 2802/85/4 2801/82/4 317/77/4
f 7/92/6 319/93/6 2804/87/8 322/94/5
f 319/93/6 320/89/6 2805/84/4 2804/87/8
f 322/94/5 2804/87/8 2803/86/5 323/91/4
f 2807/95/9 2808/96/9 2806/97/9 2812/98/9
f 2809/99/9 2810/100/9 2806/97/9 2808/96/9
f 2811/101/9 2812/98/9 2806/97/9 2810/100/9
f 10/60/7 1312/102/10 2807/95/9 313/80/7
f 1312/102/10 1313/103/9 2808/96/9 2807/95/9
f 313/80/7 2807/95/9 2812/98/9 314/78/7
f 1/8/2 1317/104/9 2809/99/9 1314/105/9
f 1317/104/9 1316/106/9 2810/100/9 2809/99/9
f 1314/105/9 2809/99/9 2808/96/9 1313/103/9
f 11/74/7 315/76/7 2811/101/9 1315/107/9
f 315/76/7 314/78/7 2812/98/9 2811/101/9
f 1315/107/9 2811/101/9 2810/100/9 1316/106/9
f 2814/108/9 2815/109/9 2813/110/9 2819/111/9
f 2816/112/9 2817/113/9 2813/110/9 2815/109/9
f 2818/114/9 2819/111/9 2813/110/9 2817/113/9
f 3/17/3 1320/115/9 2814/108/9 285/18/3
f 1320/115/9 1319/116/9 2815/109/9 2814/108/9
f 285/18/3 2814/108/9 2819/111/9 284/12/3
f 11/74/7 1315/107/9 2816/112/9 1318/117/9
f 1315/107/9 1316/106/9 2817/113/9 2816/112/9
f 1318/117/9 2816/112/9 2815/109/9 1319/116/9
f 1/8/2 283/10/3 2818/114/9 1317/104/9
f 283/10/3 284/12/3 2819/111/9 2818/114/9
f 1317/104/9 2818/114/9 2817/113/9 1316/106/9
f 2821/118/4 2822/119/4 2820/120/11 2826/121/4
f 2823/122/4 2824/123/5 2820/120/11 2822/119/4
f 2825/124/11 2826/121/4 2820/120/11 2824/123/5
f 12/125/7 330/126/5 2821/118/4 327/127/7
f 330/126/5 329/128/4 2822/119/4 2821/118/4
f 327/127/7 2821/118/4 2826/121/4 326/129/7
f 7/92/6 322/94/5 2823/122/4 328/130/4
f 322/94/5 323/91/4 2824/123/5 2823/122/4
f 328/130/4 2823/122/4 2822/119/4 329/128/4
f 11/74/7 325/131/7 2825/124/11 324/90/5
f 325/131/7 326/129/7 2826/121/4 2825/124/11
f 324/90/5 2825/124/11 2824/123/5 323/91/4
f 2828/132/9 2829/133/9 2827/134/9 2833/135/9
f 2830/136/9 2831/137/9 2827/134/9 2829/133/9
f 2832/138/9 2833/135/9 2827/134/9 2831/137/9
f 11/74/7 1318/117/9 2828/132/9 325/131/7
f 1318/117/9 1319/116/9 2829/133/9 2828/132/9
f 325/131/7 2828/132/9 2833/135/9 326/129/7
f 3/17/3 1321/139/9 2830/136/9 1320/115/9
f 1321/139/9 1322/140/9 2831/137/9 2830/136/9
f 1320/115/9 2830/136/9 2829/133/9 1319/116/9
f 12/125/7 327/127/7 2832/138/9 1323/141/9
f 327/127/7 326/129/7 2833/135/9 2832/138/9
f 1323/141/9 2832/138/9 2831/137/9 1322/140/9
f 2835/142/5 2836/143/4 2834/144/5 2840/145/5
f 2837/146/4 2838/147/4 2834/144/5 2836/143/4
f 2839/148/8 2840/145/5 2834/144/5 2838/147/4
f 7/92/6 328/130/4 2835/142/5 333/149/6
f 328/130/4 329/128/4 2836/143/4 2835/142/5
f 333/149/6 2835/142/5 2840/145/5 332/150/6
f 12/125/7 336/151/5 2837/146/4 330/126/5
f 336/151/5 335/152/4 2838/147/4 2837/146/4
f 330/126/5 2837/146/4 2836/143/4 329/128/4
f 6/153/6 331/154/6 2839/148/8 334/155/4
f 331/154/6 332/150/6 2840/145/5 2839/148/8
f 334/155/4 2839/148/8 2838/147/4 335/152/4
f 2842/156/9 2843/157/9 2841/158/9 2847/159/9
f 2844/160/9 2845/161/9 2841/158/9 2843/157/9
f 2846/162/9 2847/159/9 2841/158/9 2845/161/9
f 4/29/3 1326/163/9 2842/156/9 297/30/3
f 1326/163/9 1325/164/9 2843/157/9 2842/156/9
f 297/30/3 2842/156/9 2847/159/9 296/32/3
f 12/125/7 1323/141/9 2844/160/9 1324/165/9
f 1323/141/9 1322/140/9 2845/161/9 2844/160/9
f 1324/165/9 2844/160/9 2843/157/9 1325/164/9
f 3/17/3 295/33/3 2846/162/9 1321/139/9
f 295/33/3 296/32/3 2847/159/9 2846/162/9
f 1321/139/9 2846/162/9 2845/161/9 1322/140/9
f 2849/166/4 2850/167/4 2848/168/11 2854/169/4
f 2851/170/5 2852/171/4 2848/168/11 2850/167/4
f 2853/172/11 2854/169/4 2848/168/11 2852/171/4
f 13/173/7 342/174/5 2849/166/4 339/175/7
f 342/174/5 341/176/5 2850/167/4 2849/166/4
f 339/175/7 2849/166/4 2854/169/4 338/177/7
f 6/153/6 334/155/4 2851/170/5 340/178/11
f 334/155/4 335/152/4 2852/171/4 2851/170/5
f 340/178/11 2851/170/5 2850/167/4 341/176/5
f 12/125/7 337/179/7 2853/172/11 336/151/5
f 337/179/7 338/177/7 2854/169/4 2853/172/11
f 336/151/5 2853/172/11 2852/171/4 335/152/4
f 2856/180/10 2857/181/9 2855/182/9 2861/183/9
f 2858/184/9 2859/185/9 2855/182/9 2857/181/9
f 2860/186/9 2861/183/9 2855/182/9 2859/185/9
f 12/125/7 1324/165/9 2856/180/10 337/179/7
f 1324/165/9 1325/164/9 2857/181/9 2856/180/10
f 337/179/7 2856/180/10 2861/183/9 338/177/7
f 4/29/3 1327/187/9 2858/184/9 1326/163/9
f 1327/187/9 1328/188/9 2859/185/9 2858/184/9
f 1326/163/9 2858/184/9 2857/181/9 1325/164/9
f 13/173/7 339/175/7 2860/186/9 1329/189/9
f 339/175/7 338/177/7 2861/183/9 2860/186/9
f 1329/189/9 2860/186/9 2859/185/9 1328/188/9
f 2863/190/9 2864/191/9 2862/192/9 2868/193/9
f 2865/194/9 2866/195/9 2862/192/9 2864/191/9
f 2867/196/9 2868/193/9 2862/192/9 2866/195/9
f 5/43/2 1332/197/10 2863/190/9 303/44/3
f 1332/197/10 1331/198/12 2864/191/9 2863/190/9
f 303/44/3 2863/190/9 2868/193/9 302/46/3
f 13/173/7 1329/189/9 2865/194/9 1330/199/9
f 1329/189/9 1328/188/9 2866/195/9 2865/194/9
f 1330/199/9 2865/194/9 2864/191/9 1331/198/12
f 4/29/3 301/47/3 2867/196/9 1327/187/9
f 301/47/3 302/46/3 2868/193/9 2867/196/9
f 1327/187/9 2867/196/9 2866/195/9 1328/188/9
f 2870/200/13 2871/201/13 2869/202/13 2875/203/13
f 2872/204/13 2873/205/13 2869/202/13 2871/201/13
f 2874/206/13 2875/203/13 2869/202/13 2873/205/13
f 14/207/14 346/208/13 2870/200/13 343/209/14
f 346/208/13 347/210/13 2871/201/13 2870/200/13
f 343/209/14 2870/200/13 2875/203/13 344/211/14
f 16/212/15 351/213/13 2872/204/13 348/214/13
f 351/213/13 350/215/13 2873/205/13 2872/204/13
f 348/214/13 2872/204/13 2871/201/13 347/210/13
f 15/216/14 345/217/14 2874/206/13 349/218/13
f 345/217/14 344/211/14 2875/203/13 2874/206/13
f 349/218/13 2874/206/13 2873/205/13 350/215/13
f 2877/219/13 2878/220/13 2876/221/13 2882/222/13
f 2879/223/13 2880/224/13 2876/221/13 2878/220/13
f 2881/225/13 2882/222/13 2876/221/13 2880/224/13
f 16/212/15 352/226/15 2877/219/13 351/213/13
f 352/226/15 353/227/15 2878/220/13 2877/219/13
f 351/213/13 2877/219/13 2882/222/13 350/215/13
f 18/228/15 357/229/13 2879/223/13 354/230/15
f 357/229/13 356/231/13 2880/224/13 2879/223/13
f 354/230/15 2879/223/13 2878/220/13 353/227/15
f 15/216/14 349/218/13 2881/225/13 355/232/13
f 349/218/13 350/215/13 2882/222/13 2881/225/13
f 355/232/13 2881/225/13 2880/224/13 356/231/13
f 2884/233/16 2885/234/16 2883/235/16 2889/236/16
f 2886/237/16 2887/238/16 2883/235/16 2885/234/16
f 2888/239/16 2889/236/16 2883/235/16 2887/238/16
f 16/212/15 358/240/16 2884/233/16 352/226/15
f 358/240/16 359/241/16 2885/234/16 2884/233/16
f 352/226/15 2884/233/16 2889/236/16 353/227/15
f 17/242/17 361/243/16 2886/237/16 360/244/16
f 361/243/16 362/245/16 2887/238/16 2886/237/16
f 360/244/16 2886/237/16 2885/234/16 359/241/16
f 18/228/15 354/230/15 2888/239/16 363/246/16
f 354/230/15 353/227/15 2889/236/16 2888/239/16
f 363/246/16 2888/239/16 2887/238/16 362/245/16
f 2891/247/16 2892/248/16 2890/249/16 2896/250/16
f 2893/251/16 2894/252/16 2890/249/16 2892/248/16
f 2895/253/16 2896/250/16 2890/249/16 2894/252/16
f 19/254/17 369/255/16 2891/247/16 366/256/17
f 369/255/16 368/257/16 2892/248/16 2891/247/16
f 366/256/17 2891/247/16 2896/250/16 365/258/17
f 18/228/15 363/246/16 2893/251/16 367/259/16
f 363/246/16 362/245/16 2894/252/16 2893/251/16
f 367/259/16 2893/251/16 2892/248/16 368/257/16
f 17/242/17 364/260/17 2895/253/16 361/243/16
f 364/260/17 365/258/17 2896/250/16 2895/253/16
f 361/243/16 2895/253/16 2894/252/16 362/245/16
f 2898/261/18 2899/262/18 2897/263/18 2903/264/18
f 2900/265/18 2901/266/18 2897/263/18 2899/262/18
f 2902/267/18 2903/264/18 2897/263/18 2901/266/18
f 20/268/19 373/269/18 2898/261/18 370/270/18
f 373/269/18 374/271/18 2899/262/18 2898/261/18
f 370/270/18 2898/261/18 2903/264/18 371/272/18
f 21/273/20 376/274/20 2900/265/18 375/275/18
f 376/274/20 377/276/20 2901/266/18 2900/265/18
f 375/275/18 2900/265/18 2899/262/18 374/271/18
f 22/277/20 372/278/18 2902/267/18 378/279/20
f 372/278/18 371/272/18 2903/264/18 2902/267/18
f 378/279/20 2902/267/18 2901/266/18 377/276/20
f 2905/280/21 2906/281/21 2904/282/21 2910/283/21
f 2907/284/21 2908/285/21 2904/282/21 2906/281/21
f 2909/286/21 2910/283/21 2904/282/21 2908/285/21
f 21/273/20 379/287/21 2905/280/21 376/274/20
f 379/287/21 380/288/21 2906/281/21 2905/280/21
f 376/274/20 2905/280/21 2910/283/21 377/276/20
f 23/289/22 384/290/21 2907/284/21 381/291/21
f 384/290/21 383/292/21 2908/285/21 2907/284/21
f 381/291/21 2907/284/21 2906/281/21 380/288/21
f 22/277/20 378/279/20 2909/286/21 382/293/21
f 378/279/20 377/276/20 2910/283/21 2909/286/21
f 382/293/21 2909/286/21 2908/285/21 383/292/21
f 2912/294/18 2913/295/18 2911/296/18 2917/297/18
f 2914/298/18 2915/299/18 2911/296/18 2913/295/18
f 2916/300/18 2917/297/18 2911/296/18 2915/299/18
f 20/268/19 370/270/18 2912/294/18 385/301/19
f 370/270/18 371/272/18 2913/295/18 2912/294/18
f 385/301/19 2912/294/18 2917/297/18 386/302/19
f 22/277/20 388/303/18 2914/298/18 372/278/18
f 388/303/18 389/304/18 2915/299/18 2914/298/18
f 372/278/18 2914/298/18 2913/295/18 371/272/18
f 24/305/19 387/306/19 2916/300/18 390/307/18
f 387/306/19 386/302/19 2917/297/18 2916/300/18
f 390/307/18 2916/300/18 2915/299/18 389/304/18
f 2919/308/21 2920/309/21 2918/310/21 2924/311/21
f 2921/312/21 2922/313/21 2918/310/21 2920/309/21
f 2923/314/21 2924/311/21 2918/310/21 2922/313/21
f 23/289/22 381/291/21 2919/308/21 391/315/22
f 381/291/21 380/288/21 2920/309/21 2919/308/21
f 391/315/22 2919/308/21 2924/311/21 392/316/22
f 21/273/20 394/317/21 2921/312/21 379/287/21
f 394/317/21 395/318/21 2922/313/21 2921/312/21
f 379/287/21 2921/312/21 2920/309/21 380/288/21
f 25/319/22 393/320/22 2923/314/21 396/321/21
f 393/320/22 392/316/22 2924/311/21 2923/314/21
f 396/321/21 2923/314/21 2922/313/21 395/318/21
f 2926/322/23 2927/323/23 2925/324/23 2931/325/23
f 2928/326/23 2929/327/23 2925/324/23 2927/323/23
f 2930/328/23 2931/325/23 2925/324/23 2929/327/23
f 27/329/24 402/330/24 2926/322/23 397/331/23
f 402/330/24 401/332/24 2927/323/23 2926/322/23
f 397/331/23 2926/322/23 2931/325/23 398/333/23
f 26/334/25 403/335/23 2928/326/23 400/336/24
f 403/335/23 404/337/23 2929/327/23 2928/326/23
f 400/336/24 2928/326/23 2927/323/23 401/332/24
f 28/338/26 399/339/23 2930/328/23 405/340/23
f 399/339/23 398/333/23 2931/325/23 2930/328/23
f 405/340/23 2930/328/23 2929/327/23 404/337/23
f 2933/341/23 2934/342/23 2932/343/23 2938/344/23
f 2935/345/23 2936/346/23 2932/343/23 2934/342/23
f 2937/347/23 2938/344/23 2932/343/23 2936/346/23
f 29/348/26 411/349/23 2933/341/23 408/350/26
f 411/349/23 410/351/23 2934/342/23 2933/341/23
f 408/350/26 2933/341/23 2938/344/23 407/352/26
f 27/329/24 397/331/23 2935/345/23 409/353/23
f 397/331/23 398/333/23 2936/346/23 2935/345/23
f 409/353/23 2935/345/23 2934/342/23 410/351/23
f 28/338/26 406/354/26 2937/347/23 399/339/23
f 406/354/26 407/352/26 2938/344/23 2937/347/23
f 399/339/23 2937/347/23 2936/346/23 398/333/23
f 2940/355/27 2941/356/28 2939/357/27 2945/358/27
f 2942/359/27 2943/360/28 2939/357/27 2941/356/28
f 2944/361/27 2945/358/27 2939/357/27 2943/360/28
f 28/338/26 412/362/27 2940/355/27 406/354/26
f 412/362/27 413/363/28 2941/356/28 2940/355/27
f 406/354/26 2940/355/27 2945/358/27 407/352/26
f 30/364/29 417/365/27 2942/359/27 414/366/27
f 417/365/27 416/367/27 2943/360/28 2942/359/27
f 414/366/27 2942/359/27 2941/356/28 413/363/28
f 29/348/26 408/350/26 2944/361/27 415/368/27
f 408/350/26 407/352/26 2945/358/27 2944/361/27
f 415/368/27 2944/361/27 2943/360/28 416/367/27
f 2947/369/27 2948/370/27 2946/371/27 2952/372/27
f 2949/373/27 2950/374/27 2946/371/27 2948/370/27
f 2951/375/28 2952/372/27 2946/371/27 2950/374/27
f 31/376/29 423/377/27 2947/369/27 420/378/30
f 423/377/27 422/379/27 2948/370/27 2947/369/27
f 420/378/30 2947/369/27 2952/372/27 419/380/30
f 29/348/26 415/368/27 2949/373/27 421/381/27
f 415/368/27 416/367/27 2950/374/27 2949/373/27
f 421/381/27 2949/373/27 2948/370/27 422/379/27
f 30/364/29 418/382/30 2951/375/28 417/365/27
f 418/382/30 419/380/30 2952/372/27 2951/375/28
f 417/365/27 2951/375/28 2950/374/27 416/367/27
f 2954/383/31 2955/384/31 2953/385/31 2959/386/31
f 2956/387/31 2957/388/31 2953/385/31 2955/384/31
f 2958/389/31 2959/386/31 2953/385/31 2957/388/31
f 32/390/31 429/391/31 2954/383/31 426/392/31
f 429/391/31 428/393/31 2955/384/31 2954/383/31
f 426/392/31 2954/383/31 2959/386/31 425/394/31
f 31/376/29 420/378/30 2956/387/31 427/395/31
f 420/378/30 419/380/30 2957/388/31 2956/387/31
f 427/395/31 2956/387/31 2955/384/31 428/393/31
f 30/364/29 424/396/31 2958/389/31 418/382/30
f 424/396/31 425/394/31 2959/386/31 2958/389/31
f 418/382/30 2958/389/31 2957/388/31 419/380/30
f 2961/397/32 2962/398/32 2960/399/32 2966/400/32
f 2963/401/32 2964/402/32 2960/399/32 2962/398/32
f 2965/403/32 2966/400/32 2960/399/32 2964/402/32
f 23/289/33 1333/404/34 2961/397/32 384/290/32
f 1333/404/34 1334/405/34 2962/398/32 2961/397/32
f 384/290/32 2961/397/32 2966/400/32 383/292/32
f 33/406/35 1336/407/36 2963/401/32 1335/408/34
f 1336/407/36 1337/409/36 2964/402/32 2963/401/32
f 1335/408/34 2963/401/32 2962/398/32 1334/405/34
f 22/277/37 382/293/32 2965/403/32 1338/410/36
f 382/293/32 383/292/32 2966/400/32 2965/403/32
f 1338/410/36 2965/403/32 2964/402/32 1337/409/36
f 2968/411/38 2969/412/38 2967/413/38 2973/414/38
f 2970/415/38 2971/416/38 2967/413/38 2969/412/38
f 2972/417/38 2973/414/38 2967/413/38 2971/416/38
f 24/305/39 390/307/38 2968/411/38 1341/418/40
f 390/307/38 389/304/38 2969/412/38 2968/411/38
f 1341/418/40 2968/411/38 2973/414/38 1340/419/40
f 22/277/37 1338/410/36 2970/415/38 388/303/38
f 1338/410/36 1337/409/36 2971/416/38 2970/415/38
f 388/303/38 2970/415/38 2969/412/38 389/304/38
f 33/406/35 1339/420/40 2972/417/38 1336/407/36
f 1339/420/40 1340/419/40 2973/414/38 2972/417/38
f 1336/407/36 2972/417/38 2971/416/38 1337/409/36
f 2975/421/41 2976/422/41 2974/423/41 2980/424/41
f 2977/425/41 2978/426/41 2974/423/41 2976/422/41
f 2979/427/41 2980/424/41 2974/423/41 2978/426/41
f 33/406/35 1335/408/34 2975/421/41 430/428/41
f 1335/408/34 1334/405/34 2976/422/41 2975/421/41
f 430/428/41 2975/421/41 2980/424/41 431/429/41
f 23/289/33 1342/430/42 2977/425/41 1333/404/34
f 1342/430/42 1343/431/42 2978/426/41 2977/425/41
f 1333/404/34 2977/425/41 2976/422/41 1334/405/34
f 34/432/43 432/433/41 2979/427/41 1344/434/42
f 432/433/41 431/429/41 2980/424/41 2979/427/41
f 1344/434/42 2979/427/41 2978/426/41 1343/431/42
f 2982/435/44 2983/436/44 2981/437/44 2987/438/44
f 2984/439/44 2985/440/44 2981/437/44 2983/436/44
f 2986/441/44 2987/438/44 2981/437/44 2985/440/44
f 33/406/35 433/442/44 2982/435/44 1339/420/40
f 433/442/44 434/443/44 2983/436/44 2982/435/44
f 1339/420/40 2982/435/44 2987/438/44 1340/419/40
f 35/444/45 1347/445/46 2984/439/44 435/446/44
f 1347/445/46 1346/447/46 2985/440/44 2984/439/44
f 435/446/44 2984/439/44 2983/436/44 434/443/44
f 24/305/39 1341/418/40 2986/441/44 1345/448/46
f 1341/418/40 1340/419/40 2987/438/44 2986/441/44
f 1345/448/46 2986/441/44 2985/440/44 1346/447/46
f 2989/449/47 2990/450/47 2988/451/47 2994/452/47
f 2991/453/47 2992/454/47 2988/451/47 2990/450/47
f 2993/455/47 2994/452/47 2988/451/47 2992/454/47
f 25/319/48 1351/456/49 2989/449/47 1348/457/50
f 1351/456/49 1352/458/49 2990/450/47 2989/449/47
f 1348/457/50 2989/449/47 2994/452/47 1349/459/50
f 37/460/51 438/461/47 2991/453/47 1353/462/49
f 438/461/47 437/463/47 2992/454/47 2991/453/47
f 1353/462/49 2991/453/47 2990/450/47 1352/458/49
f 36/464/52 1350/465/50 2993/455/47 436/466/47
f 1350/465/50 1349/459/50 2994/452/47 2993/455/47
f 436/466/47 2993/455/47 2992/454/47 437/463/47
f 2996/467/53 2997/468/53 2995/469/53 3001/470/53
f 2998/471/53 2999/472/53 2995/469/53 2997/468/53
f 3000/473/53 3001/470/53 2995/469/53 2999/472/53
f 37/460/51 1353/462/49 2996/467/53 1354/474/54
f 1353/462/49 1352/458/49 2997/468/53 2996/467/53
f 1354/474/54 2996/467/53 3001/470/53 1355/475/54
f 25/319/48 396/321/53 2998/471/53 1351/456/49
f 396/321/53 395/318/53 2999/472/53 2998/471/53
f 1351/456/49 2998/471/53 2997/468/53 1352/458/49
f 21/273/55 1356/476/54 3000/473/53 394/317/53
f 1356/476/54 1355/475/54 3001/470/53 3000/473/53
f 394/317/53 3000/473/53 2999/472/53 395/318/53
f 3003/477/56 3004/478/56 3002/479/56 3008/480/56
f 3005/481/56 3006/482/56 3002/479/56 3004/478/56
f 3007/483/56 3008/480/56 3002/479/56 3006/482/56
f 20/268/57 1359/484/58 3003/477/56 373/269/56
f 1359/484/58 1358/485/58 3004/478/56 3003/477/56
f 373/269/56 3003/477/56 3008/480/56 374/271/56
f 37/460/51 1354/474/54 3005/481/56 1357/486/58
f 1354/474/54 1355/475/54 3006/482/56 3005/481/56
f 1357/486/58 3005/481/56 3004/478/56 1358/485/58
f 21/273/55 375/275/56 3007/483/56 1356/476/54
f 375/275/56 374/271/56 3008/480/56 3007/483/56
f 1356/476/54 3007/483/56 3006/482/56 1355/475/54
f 3010/487/59 3011/488/60 3009/489/60 3015/490/60
f 3012/491/59 3013/492/60 3009/489/60 3011/488/60
f 3014/493/60 3015/490/60 3009/489/60 3013/492/60
f 37/460/51 1357/486/58 3010/487/59 439/494/60
f 1357/486/58 1358/485/58 3011/488/60 3010/487/59
f 439/494/60 3010/487/59 3015/490/60 440/495/59
f 20/268/57 1360/496/61 3012/491/59 1359/484/58
f 1360/496/61 1361/497/61 3013/492/60 3012/491/59
f 1359/484/58 3012/491/59 3011/488/60 1358/485/58
f 38/498/62 441/499/59 3014/493/60 1362/500/61
f 441/499/59 440/495/59 3015/490/60 3014/493/60
f 1362/500/61 3014/493/60 3013/492/60 1361/497/61
f 3017/501/63 3018/502/63 3016/503/63 3022/504/63
f 3019/505/63 3020/506/63 3016/503/63 3018/502/63
f 3021/507/63 3022/504/63 3016/503/63 3020/506/63
f 41/508/64 447/509/65 3017/501/63 442/510/66
f 447/509/65 446/511/65 3018/502/63 3017/501/63
f 442/510/66 3017/501/63 3022/504/63 443/512/66
f 39/513/67 448/514/63 3019/505/63 445/515/65
f 448/514/63 449/516/63 3020/506/63 3019/505/63
f 445/515/65 3019/505/63 3018/502/63 446/511/65
f 43/517/68 444/518/66 3021/507/63 450/519/63
f 444/518/66 443/512/66 3022/504/63 3021/507/63
f 450/519/63 3021/507/63 3020/506/63 449/516/63
f 3024/520/69 3025/521/69 3023/522/69 3029/523/69
f 3026/524/69 3027/525/69 3023/522/69 3025/521/69
f 3028/526/69 3029/523/69 3023/522/69 3027/525/69
f 40/527/70 454/528/71 3024/520/69 451/529/72
f 454/528/71 455/530/71 3025/521/69 3024/520/69
f 451/529/72 3024/520/69 3029/523/69 452/531/72
f 43/517/68 459/532/69 3026/524/69 456/533/71
f 459/532/69 458/534/69 3027/525/69 3026/524/69
f 456/533/71 3026/524/69 3025/521/69 455/530/71
f 42/535/73 453/536/72 3028/526/69 457/537/69
f 453/536/72 452/531/72 3029/523/69 3028/526/69
f 457/537/69 3028/526/69 3027/525/69 458/534/69
f 3031/538/74 3032/539/74 3030/540/74 3036/541/74
f 3033/542/74 3034/543/74 3030/540/74 3032/539/74
f 3035/544/74 3036/541/74 3030/540/74 3034/543/74
f 43/517/68 456/533/71 3031/538/74 444/518/66
f 456/533/71 455/530/71 3032/539/74 3031/538/74
f 444/518/66 3031/538/74 3036/541/74 443/512/66
f 40/527/70 460/545/74 3033/542/74 454/528/71
f 460/545/74 461/546/74 3034/543/74 3033/542/74
f 454/528/71 3033/542/74 3032/539/74 455/530/71
f 41/508/64 442/510/66 3035/544/74 462/547/74
f 442/510/66 443/512/66 3036/541/74 3035/544/74
f 462/547/74 3035/544/74 3034/543/74 461/546/74
f 3038/548/75 3039/549/75 3037/550/75 3043/551/75
f 3040/552/75 3041/553/75 3037/550/75 3039/549/75
f 3042/554/75 3043/551/75 3037/550/75 3041/553/75
f 46/555/76 468/556/75 3038/548/75 465/557/77
f 468/556/75 467/558/75 3039/549/75 3038/548/75
f 465/557/77 3038/548/75 3043/551/75 464/559/77
f 44/560/78 469/561/79 3040/552/75 466/562/75
f 469/561/79 470/563/79 3041/553/75 3040/552/75
f 466/562/75 3040/552/75 3039/549/75 467/558/75
f 45/564/80 463/565/77 3042/554/75 471/566/79
f 463/565/77 464/559/77 3043/551/75 3042/554/75
f 471/566/79 3042/554/75 3041/553/75 470/563/79
f 3045/567/81 3046/568/81 3044/569/81 3050/570/81
f 3047/571/81 3048/572/81 3044/569/81 3046/568/81
f 3049/573/81 3050/570/81 3044/569/81 3048/572/81
f 47/574/82 477/575/83 3045/567/81 474/576/81
f 477/575/83 476/577/83 3046/568/81 3045/567/81
f 474/576/81 3045/567/81 3050/570/81 473/578/81
f 46/555/76 465/557/77 3047/571/81 475/579/83
f 465/557/77 464/559/77 3048/572/81 3047/571/81
f 475/579/83 3047/571/81 3046/568/81 476/577/83
f 45/564/80 472/580/81 3049/573/81 463/565/77
f 472/580/81 473/578/81 3050/570/81 3049/573/81
f 463/565/77 3049/573/81 3048/572/81 464/559/77
f 3052/581/84 3053/582/84 3051/583/84 3057/584/84
f 3054/585/84 3055/586/84 3051/583/84 3053/582/84
f 3056/587/84 3057/584/84 3051/583/84 3055/586/84
f 48/588/85 483/589/84 3052/581/84 480/590/86
f 483/589/84 482/591/84 3053/582/84 3052/581/84
f 480/590/86 3052/581/84 3057/584/84 479/592/86
f 46/555/76 475/579/83 3054/585/84 481/593/84
f 475/579/83 476/577/83 3055/586/84 3054/585/84
f 481/593/84 3054/585/84 3053/582/84 482/591/84
f 47/574/82 478/594/86 3056/587/84 477/575/83
f 478/594/86 479/592/86 3057/584/84 3056/587/84
f 477/575/83 3056/587/84 3055/586/84 476/577/83
f 3059/595/87 3060/596/87 3058/597/87 3064/598/87
f 3061/599/87 3062/600/87 3058/597/87 3060/596/87
f 3063/601/87 3064/598/87 3058/597/87 3062/600/87
f 49/602/88 1366/603/89 3059/595/87 1363/604/87
f 1366/603/89 1367/605/89 3060/596/87 3059/595/87
f 1363/604/87 3059/595/87 3064/598/87 1364/606/87
f 31/376/90 427/395/87 3061/599/87 1368/607/89
f 427/395/87 428/393/87 3062/600/87 3061/599/87
f 1368/607/89 3061/599/87 3060/596/87 1367/605/89
f 32/390/87 1365/608/87 3063/601/87 429/391/87
f 1365/608/87 1364/606/87 3064/598/87 3063/601/87
f 429/391/87 3063/601/87 3062/600/87 428/393/87
f 3066/609/91 3067/610/91 3065/611/91 3071/612/91
f 3068/613/91 3069/614/91 3065/611/91 3067/610/91
f 3070/615/91 3071/612/91 3065/611/91 3069/614/91
f 30/364/92 1371/616/93 3066/609/91 424/396/91
f 1371/616/93 1370/617/93 3067/610/91 3066/609/91
f 424/396/91 3066/609/91 3071/612/91 425/394/91
f 50/618/94 1372/619/95 3068/613/91 1369/620/93
f 1372/619/95 1373/621/95 3069/614/91 3068/613/91
f 1369/620/93 3068/613/91 3067/610/91 1370/617/93
f 32/390/96 426/392/91 3070/615/91 1374/622/95
f 426/392/91 425/394/91 3071/612/91 3070/615/91
f 1374/622/95 3070/615/91 3069/614/91 1373/621/95
f 3073/623/97 3074/624/97 3072/625/97 3078/626/97
f 3075/627/97 3076/628/97 3072/625/97 3074/624/97
f 3077/629/97 3078/626/97 3072/625/97 3076/628/97
f 45/564/98 1377/630/97 3073/623/97 472/580/97
f 1377/630/97 1376/631/97 3074/624/97 3073/623/97
f 472/580/97 3073/623/97 3078/626/97 473/578/97
f 40/527/99 1380/632/100 3075/627/97 1375/633/97
f 1380/632/100 1379/634/100 3076/628/97 3075/627/97
f 1375/633/97 3075/627/97 3074/624/97 1376/631/97
f 47/574/100 474/576/97 3077/629/97 1378/635/100
f 474/576/97 473/578/97 3078/626/97 3077/629/97
f 1378/635/100 3077/629/97 3076/628/97 1379/634/100
f 3080/636/97 3081/637/97 3079/638/97 3085/639/97
f 3082/640/97 3083/641/97 3079/638/97 3081/637/97
f 3084/642/97 3085/639/97 3079/638/97 3083/641/97
f 40/527/99 1375/633/97 3080/636/97 460/545/97
f 1375/633/97 1376/631/97 3081/637/97 3080/636/97
f 460/545/97 3080/636/97 3085/639/97 461/546/97
f 45/564/98 1381/643/98 3082/640/97 1377/630/97
f 1381/643/98 1382/644/98 3083/641/97 3082/640/97
f 1377/630/97 3082/640/97 3081/637/97 1376/631/97
f 41/508/98 462/547/97 3084/642/97 1383/645/98
f 462/547/97 461/546/97 3085/639/97 3084/642/97
f 1383/645/98 3084/642/97 3083/641/97 1382/644/98
f 3087/646/101 3088/647/101 3086/648/101 3092/649/101
f 3089/650/101 3090/651/101 3086/648/101 3088/647/101
f 3091/652/101 3092/649/101 3086/648/101 3090/651/101
f 53/653/102 489/654/101 3087/646/101 486/655/101
f 489/654/101 488/656/101 3088/647/101 3087/646/101
f 486/655/101 3087/646/101 3092/649/101 485/657/101
f 51/658/103 490/659/103 3089/650/101 487/660/101
f 490/659/103 491/661/103 3090/651/101 3089/650/101
f 487/660/101 3089/650/101 3088/647/101 488/656/101
f 52/662/103 484/663/101 3091/652/101 492/664/103
f 484/663/101 485/657/101 3092/649/101 3091/652/101
f 492/664/103 3091/652/101 3090/651/101 491/661/103
f 3094/665/101 3095/666/101 3093/667/101 3099/668/101
f 3096/669/101 3097/670/101 3093/667/101 3095/666/101
f 3098/671/101 3099/668/101 3093/667/101 3097/670/101
f 53/653/102 486/655/101 3094/665/101 493/672/102
f 486/655/101 485/657/101 3095/666/101 3094/665/101
f 493/672/102 3094/665/101 3099/668/101 494/673/102
f 52/662/103 496/674/101 3096/669/101 484/663/101
f 496/674/101 497/675/101 3097/670/101 3096/669/101
f 484/663/101 3096/669/101 3095/666/101 485/657/101
f 54/676/102 495/677/102 3098/671/101 498/678/101
f 495/677/102 494/673/102 3099/668/101 3098/671/101
f 498/678/101 3098/671/101 3097/670/101 497/675/101
f 3101/679/104 3102/680/104 3100/681/104 3106/682/104
f 3103/683/104 3104/684/104 3100/681/104 3102/680/104
f 3105/685/104 3106/682/104 3100/681/104 3104/684/104
f 55/686/105 504/687/104 3101/679/104 501/688/104
f 504/687/104 503/689/104 3102/680/104 3101/679/104
f 501/688/104 3101/679/104 3106/682/104 500/690/104
f 53/653/102 493/672/102 3103/683/104 502/691/104
f 493/672/102 494/673/102 3104/684/104 3103/683/104
f 502/691/104 3103/683/104 3102/680/104 503/689/104
f 54/676/102 499/692/104 3105/685/104 495/677/102
f 499/692/104 500/690/104 3106/682/104 3105/685/104
f 495/677/102 3105/685/104 3104/684/104 494/673/102
f 3108/693/104 3109/694/104 3107/695/104 3113/696/104
f 3110/697/104 3111/698/104 3107/695/104 3109/694/104
f 3112/699/104 3113/696/104 3107/695/104 3111/698/104
f 55/686/105 501/688/104 3108/693/104 505/700/105
f 501/688/104 500/690/104 3109/694/104 3108/693/104
f 505/700/105 3108/693/104 3113/696/104 506/701/105
f 54/676/102 508/702/104 3110/697/104 499/692/104
f 508/702/104 509/703/104 3111/698/104 3110/697/104
f 499/692/104 3110/697/104 3109/694/104 500/690/104
f 56/704/105 507/705/105 3112/699/104 510/706/104
f 507/705/105 506/701/105 3113/696/104 3112/699/104
f 510/706/104 3112/699/104 3111/698/104 509/703/104
f 3115/707/106 3116/708/106 3114/709/106 3120/710/106
f 3117/711/106 3118/712/106 3114/709/106 3116/708/106
f 3119/713/106 3120/710/106 3114/709/106 3118/712/106
f 57/714/106 514/715/106 3115/707/106 511/716/106
f 514/715/106 515/717/106 3116/708/106 3115/707/106
f 511/716/106 3115/707/106 3120/710/106 512/718/106
f 58/719/107 517/720/107 3117/711/106 516/721/106
f 517/720/107 518/722/107 3118/712/106 3117/711/106
f 516/721/106 3117/711/106 3116/708/106 515/717/106
f 59/723/107 513/724/106 3119/713/106 519/725/107
f 513/724/106 512/718/106 3120/710/106 3119/713/106
f 519/725/107 3119/713/106 3118/712/106 518/722/107
f 3122/726/106 3123/727/106 3121/728/106 3127/729/106
f 3124/730/106 3125/731/106 3121/728/106 3123/727/106
f 3126/732/106 3127/729/106 3121/728/106 3125/731/106
f 58/719/107 516/721/106 3122/726/106 520/733/106
f 516/721/106 515/717/106 3123/727/106 3122/726/106
f 520/733/106 3122/726/106 3127/729/106 521/734/106
f 57/714/106 523/735/106 3124/730/106 514/715/106
f 523/735/106 524/736/106 3125/731/106 3124/730/106
f 514/715/106 3124/730/106 3123/727/106 515/717/106
f 60/737/106 522/738/106 3126/732/106 525/739/106
f 522/738/106 521/734/106 3127/729/106 3126/732/106
f 525/739/106 3126/732/106 3125/731/106 524/736/106
f 3129/740/108 3130/741/108 3128/742/108 3134/743/108
f 3131/744/108 3132/745/108 3128/742/108 3130/741/108
f 3133/746/108 3134/743/108 3128/742/108 3132/745/108
f 61/747/109 531/748/108 3129/740/108 528/749/108
f 531/748/108 530/750/108 3130/741/108 3129/740/108
f 528/749/108 3129/740/108 3134/743/108 527/751/108
f 59/723/107 519/725/107 3131/744/108 529/752/108
f 519/725/107 518/722/107 3132/745/108 3131/744/108
f 529/752/108 3131/744/108 3130/741/108 530/750/108
f 58/719/107 526/753/108 3133/746/108 517/720/107
f 526/753/108 527/751/108 3134/743/108 3133/746/108
f 517/720/107 3133/746/108 3132/745/108 518/722/107
f 3136/754/108 3137/755/108 3135/756/108 3141/757/108
f 3138/758/108 3139/759/108 3135/756/108 3137/755/108
f 3140/760/108 3141/757/108 3135/756/108 3139/759/108
f 59/723/107 529/752/108 3136/754/108 532/761/108
f 529/752/108 530/750/108 3137/755/108 3136/754/108
f 532/761/108 3136/754/108 3141/757/108 533/762/108
f 61/747/109 535/763/109 3138/758/108 531/748/108
f 535/763/109 536/764/109 3139/759/108 3138/758/108
f 531/748/108 3138/758/108 3137/755/108 530/750/108
f 62/765/109 534/766/108 3140/760/108 537/767/109
f 534/766/108 533/762/108 3141/757/108 3140/760/108
f 537/767/109 3140/760/108 3139/759/108 536/764/109
f 3143/768/106 3144/769/106 3142/770/106 3148/771/106
f 3145/772/106 3146/773/106 3142/770/106 3144/769/106
f 3147/774/106 3148/771/106 3142/770/106 3146/773/106
f 60/737/106 538/775/106 3143/768/106 522/738/106
f 538/775/106 539/776/106 3144/769/106 3143/768/106
f 522/738/106 3143/768/106 3148/771/106 521/734/106
f 63/777/107 543/778/107 3145/772/106 540/779/106
f 543/778/107 542/780/107 3146/773/106 3145/772/106
f 540/779/106 3145/772/106 3144/769/106 539/776/106
f 58/719/107 520/733/106 3147/774/106 541/781/107
f 520/733/106 521/734/106 3148/771/106 3147/774/106
f 541/781/107 3147/774/106 3146/773/106 542/780/107
f 3150/782/106 3151/783/106 3149/784/106 3155/785/106
f 3152/786/106 3153/787/106 3149/784/106 3151/783/106
f 3154/788/106 3155/785/106 3149/784/106 3153/787/106
f 63/777/107 540/779/106 3150/782/106 544/789/106
f 540/779/106 539/776/106 3151/783/106 3150/782/106
f 544/789/106 3150/782/106 3155/785/106 545/790/106
f 60/737/106 547/791/106 3152/786/106 538/775/106
f 547/791/106 548/792/106 3153/787/106 3152/786/106
f 538/775/106 3152/786/106 3151/783/106 539/776/106
f 64/793/106 546/794/106 3154/788/106 549/795/106
f 546/794/106 545/790/106 3155/785/106 3154/788/106
f 549/795/106 3154/788/106 3153/787/106 548/792/106
f 3157/796/106 3158/797/106 3156/798/106 3162/799/106
f 3159/800/106 3160/801/106 3156/798/106 3158/797/106
f 3161/802/106 3162/799/106 3156/798/106 3160/801/106
f 64/793/106 550/803/106 3157/796/106 546/794/106
f 550/803/106 551/804/106 3158/797/106 3157/796/106
f 546/794/106 3157/796/106 3162/799/106 545/790/106
f 65/805/107 555/806/107 3159/800/106 552/807/106
f 555/806/107 554/808/107 3160/801/106 3159/800/106
f 552/807/106 3159/800/106 3158/797/106 551/804/106
f 63/777/107 544/789/106 3161/802/106 553/809/107
f 544/789/106 545/790/106 3162/799/106 3161/802/106
f 553/809/107 3161/802/106 3160/801/106 554/808/107
f 3164/810/106 3165/811/106 3163/812/106 3169/813/106
f 3166/814/106 3167/815/106 3163/812/106 3165/811/106
f 3168/816/106 3169/813/106 3163/812/106 3167/815/106
f 65/805/107 552/807/106 3164/810/106 556/817/106
f 552/807/106 551/804/106 3165/811/106 3164/810/106
f 556/817/106 3164/810/106 3169/813/106 557/818/106
f 64/793/106 559/819/106 3166/814/106 550/803/106
f 559/819/106 560/820/106 3167/815/106 3166/814/106
f 550/803/106 3166/814/106 3165/811/106 551/804/106
f 66/821/106 558/822/106 3168/816/106 561/823/106
f 558/822/106 557/818/106 3169/813/106 3168/816/106
f 561/823/106 3168/816/106 3167/815/106 560/820/106
f 3171/824/108 3172/825/108 3170/826/108 3176/827/108
f 3173/828/108 3174/829/108 3170/826/108 3172/825/108
f 3175/830/108 3176/827/108 3170/826/108 3174/829/108
f 67/831/109 567/832/108 3171/824/108 564/833/108
f 567/832/108 566/834/108 3172/825/108 3171/824/108
f 564/833/108 3171/824/108 3176/827/108 563/835/108
f 63/777/107 553/809/107 3173/828/108 565/836/108
f 553/809/107 554/808/107 3174/829/108 3173/828/108
f 565/836/108 3173/828/108 3172/825/108 566/834/108
f 65/805/107 562/837/108 3175/830/108 555/806/107
f 562/837/108 563/835/108 3176/827/108 3175/830/108
f 555/806/107 3175/830/108 3174/829/108 554/808/107
f 3178/838/108 3179/839/108 3177/840/108 3183/841/108
f 3180/842/108 3181/843/108 3177/840/108 3179/839/108
f 3182/844/108 3183/841/108 3177/840/108 3181/843/108
f 68/845/109 573/846/108 3178/838/108 570/847/108
f 573/846/108 572/848/108 3179/839/108 3178/838/108
f 570/847/108 3178/838/108 3183/841/108 569/849/108
f 58/719/107 541/781/107 3180/842/108 571/850/108
f 541/781/107 542/780/107 3181/843/108 3180/842/108
f 571/850/108 3180/842/108 3179/839/108 572/848/108
f 63/777/107 568/851/108 3182/844/108 543/778/107
f 568/851/108 569/849/108 3183/841/108 3182/844/108
f 543/778/107 3182/844/108 3181/843/108 542/780/107
f 3185/852/108 3186/853/108 3184/854/108 3190/855/108
f 3187/856/108 3188/857/108 3184/854/108 3186/853/108
f 3189/858/108 3190/855/108 3184/854/108 3188/857/108
f 63/777/107 565/836/108 3185/852/108 568/851/108
f 565/836/108 566/834/108 3186/853/108 3185/852/108
f 568/851/108 3185/852/108 3190/855/108 569/849/108
f 67/831/109 574/859/109 3187/856/108 567/832/108
f 574/859/109 575/860/109 3188/857/108 3187/856/108
f 567/832/108 3187/856/108 3186/853/108 566/834/108
f 68/845/109 570/847/108 3189/858/108 576/861/109
f 570/847/108 569/849/108 3190/855/108 3189/858/108
f 576/861/109 3189/858/108 3188/857/108 575/860/109
f 3192/862/108 3193/863/108 3191/864/108 3197/865/108
f 3194/866/108 3195/867/108 3191/864/108 3193/863/108
f 3196/868/108 3197/865/108 3191/864/108 3195/867/108
f 58/719/107 571/850/108 3192/862/108 526/753/108
f 571/850/108 572/848/108 3193/863/108 3192/862/108
f 526/753/108 3192/862/108 3197/865/108 527/751/108
f 68/845/109 579/869/109 3194/866/108 573/846/108
f 579/869/109 578/870/109 3195/867/108 3194/866/108
f 573/846/108 3194/866/108 3193/863/108 572/848/108
f 61/747/109 528/749/108 3196/868/108 577/871/109
f 528/749/108 527/751/108 3197/865/108 3196/868/108
f 577/871/109 3196/868/108 3195/867/108 578/870/109
f 3199/872/110 3200/873/110 3198/874/110 3204/875/110
f 3201/876/110 3202/877/110 3198/874/110 3200/873/110
f 3203/878/110 3204/875/110 3198/874/110 3202/877/110
f 69/879/111 585/880/110 3199/872/110 582/881/110
f 585/880/110 584/882/110 3200/873/110 3199/872/110
f 582/881/110 3199/872/110 3204/875/110 581/883/110
f 68/845/109 576/861/109 3201/876/110 583/884/110
f 576/861/109 575/860/109 3202/877/110 3201/876/110
f 583/884/110 3201/876/110 3200/873/110 584/882/110
f 67/831/109 580/885/110 3203/878/110 574/859/109
f 580/885/110 581/883/110 3204/875/110 3203/878/110
f 574/859/109 3203/878/110 3202/877/110 575/860/109
f 3206/886/110 3207/887/110 3205/888/110 3211/889/110
f 3208/890/110 3209/891/110 3205/888/110 3207/887/110
f 3210/892/110 3211/889/110 3205/888/110 3209/891/110
f 70/893/111 591/894/110 3206/886/110 588/895/110
f 591/894/110 590/896/110 3207/887/110 3206/886/110
f 588/895/110 3206/886/110 3211/889/110 587/897/110
f 61/747/109 577/871/109 3208/890/110 589/898/110
f 577/871/109 578/870/109 3209/891/110 3208/890/110
f 589/898/110 3208/890/110 3207/887/110 590/896/110
f 68/845/109 586/899/110 3210/892/110 579/869/109
f 586/899/110 587/897/110 3211/889/110 3210/892/110
f 579/869/109 3210/892/110 3209/891/110 578/870/109
f 3213/900/110 3214/901/110 3212/902/110 3218/903/110
f 3215/904/110 3216/905/110 3212/902/110 3214/901/110
f 3217/906/110 3218/903/110 3212/902/110 3216/905/110
f 68/845/109 583/884/110 3213/900/110 586/899/110
f 583/884/110 584/882/110 3214/901/110 3213/900/110
f 586/899/110 3213/900/110 3218/903/110 587/897/110
f 69/879/111 592/907/111 3215/904/110 585/880/110
f 592/907/111 593/908/111 3216/905/110 3215/904/110
f 585/880/110 3215/904/110 3214/901/110 584/882/110
f 70/893/111 588/895/110 3217/906/110 594/909/111
f 588/895/110 587/897/110 3218/903/110 3217/906/110
f 594/909/111 3217/906/110 3216/905/110 593/908/111
f 3220/910/110 3221/911/110 3219/912/110 3225/913/110
f 3222/914/110 3223/915/110 3219/912/110 3221/911/110
f 3224/916/110 3225/913/110 3219/912/110 3223/915/110
f 71/917/111 600/918/110 3220/910/110 597/919/110
f 600/918/110 599/920/110 3221/911/110 3220/910/110
f 597/919/110 3220/910/110 3225/913/110 596/921/110
f 62/765/109 537/767/109 3222/914/110 598/922/110
f 537/767/109 536/764/109 3223/915/110 3222/914/110
f 598/922/110 3222/914/110 3221/911/110 599/920/110
f 61/747/109 595/923/110 3224/916/110 535/763/109
f 595/923/110 596/921/110 3225/913/110 3224/916/110
f 535/763/109 3224/916/110 3223/915/110 536/764/109
f 3227/924/110 3228/925/110 3226/926/110 3232/927/110
f 3229/928/110 3230/929/110 3226/926/110 3228/925/110
f 3231/930/110 3232/927/110 3226/926/110 3230/929/110
f 61/747/109 589/898/110 3227/924/110 595/923/110
f 589/898/110 590/896/110 3228/925/110 3227/924/110
f 595/923/110 3227/924/110 3232/927/110 596/921/110
f 70/893/111 601/931/111 3229/928/110 591/894/110
f 601/931/111 602/932/111 3230/929/110 3229/928/110
f 591/894/110 3229/928/110 3228/925/110 590/896/110
f 71/917/111 597/919/110 3231/930/110 603/933/111
f 597/919/110 596/921/110 3232/927/110 3231/930/110
f 603/933/111 3231/930/110 3230/929/110 602/932/111
f 3234/934/110 3235/935/110 3233/936/110 3239/937/110
f 3236/938/110 3237/939/110 3233/936/110 3235/935/110
f 3238/940/110 3239/937/110 3233/936/110 3237/939/110
f 62/765/109 598/922/110 3234/934/110 604/941/110
f 598/922/110 599/920/110 3235/935/110 3234/934/110
f 604/941/110 3234/934/110 3239/937/110 605/942/110
f 71/917/111 607/943/111 3236/938/110 600/918/110
f 607/943/111 608/944/111 3237/939/110 3236/938/110
f 600/918/110 3236/938/110 3235/935/110 599/920/110
f 72/945/111 606/946/110 3238/940/110 609/947/111
f 606/946/110 605/942/110 3239/937/110 3238/940/110
f 609/947/111 3238/940/110 3237/939/110 608/944/111
f 3241/948/112 3242/949/112 3240/950/112 3246/951/112
f 3243/952/112 3244/953/112 3240/950/112 3242/949/112
f 3245/954/112 3246/951/112 3240/950/112 3244/953/112
f 71/917/111 1384/955/112 3241/948/112 607/943/111
f 1384/955/112 1385/956/112 3242/949/112 3241/948/112
f 607/943/111 3241/948/112 3246/951/112 608/944/111
f 6/957/6 1389/958/112 3243/952/112 1386/959/112
f 1389/958/112 1388/960/112 3244/953/112 3243/952/112
f 1386/959/112 3243/952/112 3242/949/112 1385/956/112
f 72/945/111 609/947/111 3245/954/112 1387/961/112
f 609/947/111 608/944/111 3246/951/112 3245/954/112
f 1387/961/112 3245/954/112 3244/953/112 1388/960/112
f 3248/962/112 3249/963/112 3247/964/112 3253/965/112
f 3250/966/112 3251/967/112 3247/964/112 3249/963/112
f 3252/968/112 3253/965/112 3247/964/112 3251/967/112
f 70/893/111 1390/969/112 3248/962/112 601/931/111
f 1390/969/112 1391/970/112 3249/963/112 3248/962/112
f 601/931/111 3248/962/112 3253/965/112 602/932/111
f 7/971/6 1395/972/112 3250/966/112 1392/973/112
f 1395/972/112 1394/974/112 3251/967/112 3250/966/112
f 1392/973/112 3250/966/112 3249/963/112 1391/970/112
f 71/917/111 603/933/111 3252/968/112 1393/975/112
f 603/933/111 602/932/111 3253/965/112 3252/968/112
f 1393/975/112 3252/968/112 3251/967/112 1394/974/112
f 3255/976/112 3256/977/112 3254/978/112 3260/979/112
f 3257/980/112 3258/981/112 3254/978/112 3256/977/112
f 3259/982/112 3260/979/112 3254/978/112 3258/981/112
f 6/957/6 1386/959/112 3255/976/112 331/983/6
f 1386/959/112 1385/956/112 3256/977/112 3255/976/112
f 331/983/6 3255/976/112 3260/979/112 332/984/6
f 71/917/111 1393/975/112 3257/980/112 1384/955/112
f 1393/975/112 1394/974/112 3258/981/112 3257/980/112
f 1384/955/112 3257/980/112 3256/977/112 1385/956/112
f 7/971/6 333/985/6 3259/982/112 1395/972/112
f 333/985/6 332/984/6 3260/979/112 3259/982/112
f 1395/972/112 3259/982/112 3258/981/112 1394/974/112
f 3262/986/112 3263/987/112 3261/988/112 3267/989/112
f 3264/990/112 3265/991/112 3261/988/112 3263/987/112
f 3266/992/112 3267/989/112 3261/988/112 3265/991/112
f 69/879/111 1396/993/112 3262/986/112 592/907/111
f 1396/993/112 1397/994/112 3263/987/112 3262/986/112
f 592/907/111 3262/986/112 3267/989/112 593/908/111
f 8/995/6 1401/996/112 3264/990/112 1398/997/112
f 1401/996/112 1400/998/112 3265/991/112 3264/990/112
f 1398/997/112 3264/990/112 3263/987/112 1397/994/112
f 70/893/111 594/909/111 3266/992/112 1399/999/112
f 594/909/111 593/908/111 3267/989/112 3266/992/112
f 1399/999/112 3266/992/112 3265/991/112 1400/998/112
f 3269/1000/112 3270/1001/112 3268/1002/112 3274/1003/112
f 3271/1004/112 3272/1005/112 3268/1002/112 3270/1001/112
f 3273/1006/112 3274/1003/112 3268/1002/112 3272/1005/112
f 7/971/6 1392/973/112 3269/1000/112 319/1007/6
f 1392/973/112 1391/970/112 3270/1001/112 3269/1000/112
f 319/1007/6 3269/1000/112 3274/1003/112 320/1008/6
f 70/893/111 1399/999/112 3271/1004/112 1390/969/112
f 1399/999/112 1400/998/112 3272/1005/112 3271/1004/112
f 1390/969/112 3271/1004/112 3270/1001/112 1391/970/112
f 8/995/6 321/1009/6 3273/1006/112 1401/996/112
f 321/1009/6 320/1008/6 3274/1003/112 3273/1006/112
f 1401/996/112 3273/1006/112 3272/1005/112 1400/998/112
f 3276/1010/112 3277/1011/112 3275/1012/112 3281/1013/112
f 3278/1014/112 3279/1015/112 3275/1012/112 3277/1011/112
f 3280/1016/112 3281/1013/112 3275/1012/112 3279/1015/112
f 8/995/6 1398/997/112 3276/1010/112 304/1017/6
f 1398/997/112 1397/994/112 3277/1011/112 3276/1010/112
f 304/1017/6 3276/1010/112 3281/1013/112 305/1018/6
f 69/879/111 1402/1019/112 3278/1014/112 1396/993/112
f 1402/1019/112 1403/1020/112 3279/1015/112 3278/1014/112
f 1396/993/112 3278/1014/112 3277/1011/112 1397/994/112
f 9/1021/6 306/1022/6 3280/1016/112 1404/1023/112
f 306/1022/6 305/1018/6 3281/1013/112 3280/1016/112
f 1404/1023/112 3280/1016/112 3279/1015/112 1403/1020/112
f 3283/1024/113 3284/1025/113 3282/1026/113 3288/1027/113
f 3285/1028/113 3286/1029/113 3282/1026/113 3284/1025/113
f 3287/1030/113 3288/1027/113 3282/1026/113 3286/1029/113
f 74/1031/114 613/1032/113 3283/1024/113 612/1033/114
f 613/1032/113 614/1034/113 3284/1025/113 3283/1024/113
f 612/1033/114 3283/1024/113 3288/1027/113 611/1035/114
f 75/1036/115 618/1037/113 3285/1028/113 615/1038/113
f 618/1037/113 617/1039/113 3286/1029/113 3285/1028/113
f 615/1038/113 3285/1028/113 3284/1025/113 614/1034/113
f 73/1040/116 610/1041/114 3287/1030/113 616/1042/113
f 610/1041/114 611/1035/114 3288/1027/113 3287/1030/113
f 616/1042/113 3287/1030/113 3286/1029/113 617/1039/113
f 3290/1043/113 3291/1044/113 3289/1045/113 3295/1046/113
f 3292/1047/113 3293/1048/113 3289/1045/113 3291/1044/113
f 3294/1049/113 3295/1046/113 3289/1045/113 3293/1048/113
f 75/1036/115 619/1050/115 3290/1043/113 618/1037/113
f 619/1050/115 620/1051/115 3291/1044/113 3290/1043/113
f 618/1037/113 3290/1043/113 3295/1046/113 617/1039/113
f 76/1052/115 624/1053/113 3292/1047/113 621/1054/115
f 624/1053/113 623/1055/113 3293/1048/113 3292/1047/113
f 621/1054/115 3292/1047/113 3291/1044/113 620/1051/115
f 73/1040/116 616/1042/113 3294/1049/113 622/1056/113
f 616/1042/113 617/1039/113 3295/1046/113 3294/1049/113
f 622/1056/113 3294/1049/113 3293/1048/113 623/1055/113
f 3297/1057/117 3298/1058/117 3296/1059/117 3302/1060/117
f 3299/1061/117 3300/1062/117 3296/1059/117 3298/1058/117
f 3301/1063/117 3302/1060/117 3296/1059/117 3300/1062/117
f 75/1036/115 1405/1064/117 3297/1057/117 619/1050/115
f 1405/1064/117 1406/1065/117 3298/1058/117 3297/1057/117
f 619/1050/115 3297/1057/117 3302/1060/117 620/1051/115
f 14/1066/14 1410/1067/117 3299/1061/117 1407/1068/117
f 1410/1067/117 1409/1069/117 3300/1062/117 3299/1061/117
f 1407/1068/117 3299/1061/117 3298/1058/117 1406/1065/117
f 76/1052/115 621/1054/115 3301/1063/117 1408/1070/117
f 621/1054/115 620/1051/115 3302/1060/117 3301/1063/117
f 1408/1070/117 3301/1063/117 3300/1062/117 1409/1069/117
f 3304/1071/117 3305/1072/117 3303/1073/117 3309/1074/117
f 3306/1075/117 3307/1076/117 3303/1073/117 3305/1072/117
f 3308/1077/117 3309/1074/117 3303/1073/117 3307/1076/117
f 14/1066/14 343/1078/14 3304/1071/117 1410/1067/117
f 343/1078/14 344/1079/14 3305/1072/117 3304/1071/117
f 1410/1067/117 3304/1071/117 3309/1074/117 1409/1069/117
f 15/1080/14 1413/1081/117 3306/1075/117 345/1082/14
f 1413/1081/117 1412/1083/117 3307/1076/117 3306/1075/117
f 345/1082/14 3306/1075/117 3305/1072/117 344/1079/14
f 76/1052/115 1408/1070/117 3308/1077/117 1411/1084/117
f 1408/1070/117 1409/1069/117 3309/1074/117 3308/1077/117
f 1411/1084/117 3308/1077/117 3307/1076/117 1412/1083/117
f 3311/1085/118 3312/1086/118 3310/1087/118 3316/1088/118
f 3313/1089/118 3314/1090/118 3310/1087/118 3312/1086/118
f 3315/1091/118 3316/1088/118 3310/1087/118 3314/1090/118
f 24/1092/19 1414/1093/118 3311/1085/118 387/1094/19
f 1414/1093/118 1415/1095/118 3312/1086/118 3311/1085/118
f 387/1094/19 3311/1085/118 3316/1088/118 386/1096/19
f 77/1097/119 1419/1098/118 3313/1089/118 1416/1099/118
f 1419/1098/118 1418/1100/118 3314/1090/118 3313/1089/118
f 1416/1099/118 3313/1089/118 3312/1086/118 1415/1095/118
f 20/1101/19 385/1102/19 3315/1091/118 1417/1103/118
f 385/1102/19 386/1096/19 3316/1088/118 3315/1091/118
f 1417/1103/118 3315/1091/118 3314/1090/118 1418/1100/118
f 3318/1104/118 3319/1105/118 3317/1106/118 3323/1107/118
f 3320/1108/118 3321/1109/118 3317/1106/118 3319/1105/118
f 3322/1110/118 3323/1107/118 3317/1106/118 3321/1109/118
f 77/1097/119 1416/1099/118 3318/1104/118 625/1111/119
f 1416/1099/118 1415/1095/118 3319/1105/118 3318/1104/118
f 625/1111/119 3318/1104/118 3323/1107/118 626/1112/119
f 24/1092/19 1420/1113/118 3320/1108/118 1414/1093/118
f 1420/1113/118 1421/1114/118 3321/1109/118 3320/1108/118
f 1414/1093/118 3320/1108/118 3319/1105/118 1415/1095/118
f 78/1115/119 627/1116/119 3322/1110/118 1422/1117/118
f 627/1116/119 626/1112/119 3323/1107/118 3322/1110/118
f 1422/1117/118 3322/1110/118 3321/1109/118 1421/1114/118
f 3325/1118/120 3326/1119/120 3324/1120/120 3330/1121/120
f 3327/1122/120 3328/1123/120 3324/1120/120 3326/1119/120
f 3329/1124/120 3330/1121/120 3324/1120/120 3328/1123/120
f 79/1125/121 633/1126/120 3325/1118/120 630/1127/120
f 633/1126/120 632/1128/120 3326/1119/120 3325/1118/120
f 630/1127/120 3325/1118/120 3330/1121/120 629/1129/120
f 77/1097/119 625/1111/119 3327/1122/120 631/1130/120
f 625/1111/119 626/1112/119 3328/1123/120 3327/1122/120
f 631/1130/120 3327/1122/120 3326/1119/120 632/1128/120
f 78/1115/119 628/1131/120 3329/1124/120 627/1116/119
f 628/1131/120 629/1129/120 3330/1121/120 3329/1124/120
f 627/1116/119 3329/1124/120 3328/1123/120 626/1112/119
f 3332/1132/120 3333/1133/120 3331/1134/120 3337/1135/120
f 3334/1136/120 3335/1137/120 3331/1134/120 3333/1133/120
f 3336/1138/120 3337/1135/120 3331/1134/120 3335/1137/120
f 79/1125/121 630/1127/120 3332/1132/120 634/1139/121
f 630/1127/120 629/1129/120 3333/1133/120 3332/1132/120
f 634/1139/121 3332/1132/120 3337/1135/120 635/1140/121
f 78/1115/119 637/1141/120 3334/1136/120 628/1131/120
f 637/1141/120 638/1142/120 3335/1137/120 3334/1136/120
f 628/1131/120 3334/1136/120 3333/1133/120 629/1129/120
f 80/1143/121 636/1144/121 3336/1138/120 639/1145/120
f 636/1144/121 635/1140/121 3337/1135/120 3336/1138/120
f 639/1145/120 3336/1138/120 3335/1137/120 638/1142/120
f 3339/1146/122 3340/1147/122 3338/1148/122 3344/1149/122
f 3341/1150/122 3342/1151/122 3338/1148/122 3340/1147/122
f 3343/1152/122 3344/1149/122 3338/1148/122 3342/1151/122
f 81/1153/123 643/1154/122 3339/1146/122 640/1155/122
f 643/1154/122 644/1156/122 3340/1147/122 3339/1146/122
f 640/1155/122 3339/1146/122 3344/1149/122 641/1157/122
f 82/1158/122 646/1159/122 3341/1150/122 645/1160/122
f 646/1159/122 647/1161/122 3342/1151/122 3341/1150/122
f 645/1160/122 3341/1150/122 3340/1147/122 644/1156/122
f 83/1162/122 642/1163/122 3343/1152/122 648/1164/122
f 642/1163/122 641/1157/122 3344/1149/122 3343/1152/122
f 648/1164/122 3343/1152/122 3342/1151/122 647/1161/122
f 3346/1165/122 3347/1166/122 3345/1167/122 3351/1168/122
f 3348/1169/122 3349/1170/122 3345/1167/122 3347/1166/122
f 3350/1171/122 3351/1168/122 3345/1167/122 3349/1170/122
f 82/1158/122 645/1160/122 3346/1165/122 649/1172/122
f 645/1160/122 644/1156/122 3347/1166/122 3346/1165/122
f 649/1172/122 3346/1165/122 3351/1168/122 650/1173/122
f 81/1153/123 652/1174/123 3348/1169/122 643/1154/122
f 652/1174/123 653/1175/123 3349/1170/122 3348/1169/122
f 643/1154/122 3348/1169/122 3347/1166/122 644/1156/122
f 84/1176/123 651/1177/122 3350/1171/122 654/1178/123
f 651/1177/122 650/1173/122 3351/1168/122 3350/1171/122
f 654/1178/123 3350/1171/122 3349/1170/122 653/1175/123
f 3353/1179/124 3354/1180/124 3352/1181/124 3358/1182/124
f 3355/1183/124 3356/1184/124 3352/1181/124 3354/1180/124
f 3357/1185/124 3358/1182/124 3352/1181/124 3356/1184/124
f 81/1153/123 655/1186/124 3353/1179/124 652/1174/123
f 655/1186/124 656/1187/124 3354/1180/124 3353/1179/124
f 652/1174/123 3353/1179/124 3358/1182/124 653/1175/123
f 85/1188/125 660/1189/124 3355/1183/124 657/1190/124
f 660/1189/124 659/1191/124 3356/1184/124 3355/1183/124
f 657/1190/124 3355/1183/124 3354/1180/124 656/1187/124
f 84/1176/123 654/1178/123 3357/1185/124 658/1192/124
f 654/1178/123 653/1175/123 3358/1182/124 3357/1185/124
f 658/1192/124 3357/1185/124 3356/1184/124 659/1191/124
f 3360/1193/124 3361/1194/124 3359/1195/124 3365/1196/124
f 3362/1197/124 3363/1198/124 3359/1195/124 3361/1194/124
f 3364/1199/124 3365/1196/124 3359/1195/124 3363/1198/124
f 85/1188/125 657/1190/124 3360/1193/124 661/1200/125
f 657/1190/124 656/1187/124 3361/1194/124 3360/1193/124
f 661/1200/125 3360/1193/124 3365/1196/124 662/1201/125
f 81/1153/123 664/1202/124 3362/1197/124 655/1186/124
f 664/1202/124 665/1203/124 3363/1198/124 3362/1197/124
f 655/1186/124 3362/1197/124 3361/1194/124 656/1187/124
f 86/1204/126 663/1205/125 3364/1199/124 666/1206/124
f 663/1205/125 662/1201/125 3365/1196/124 3364/1199/124
f 666/1206/124 3364/1199/124 3363/1198/124 665/1203/124
f 3367/1207/127 3368/1208/127 3366/1209/127 3372/1210/127
f 3369/1211/127 3370/1212/127 3366/1209/127 3368/1208/127
f 3371/1213/127 3372/1210/127 3366/1209/127 3370/1212/127
f 86/1204/126 667/1214/127 3367/1207/127 663/1205/125
f 667/1214/127 668/1215/128 3368/1208/127 3367/1207/127
f 663/1205/125 3367/1207/127 3372/1210/127 662/1201/125
f 87/1216/128 672/1217/127 3369/1211/127 669/1218/128
f 672/1217/127 671/1219/127 3370/1212/127 3369/1211/127
f 669/1218/128 3369/1211/127 3368/1208/127 668/1215/128
f 85/1188/125 661/1200/125 3371/1213/127 670/1220/127
f 661/1200/125 662/1201/125 3372/1210/127 3371/1213/127
f 670/1220/127 3371/1213/127 3370/1212/127 671/1219/127
f 3374/1221/127 3375/1222/127 3373/1223/127 3379/1224/127
f 3376/1225/127 3377/1226/127 3373/1223/127 3375/1222/127
f 3378/1227/127 3379/1224/127 3373/1223/127 3377/1226/127
f 87/1216/127 669/1218/127 3374/1221/127 673/1228/127
f 669/1218/127 668/1215/127 3375/1222/127 3374/1221/127
f 673/1228/127 3374/1221/127 3379/1224/127 674/1229/127
f 86/1204/127 676/1230/127 3376/1225/127 667/1214/127
f 676/1230/127 677/1231/127 3377/1226/127 3376/1225/127
f 667/1214/127 3376/1225/127 3375/1222/127 668/1215/127
f 88/1232/127 675/1233/127 3378/1227/127 678/1234/127
f 675/1233/127 674/1229/127 3379/1224/127 3378/1227/127
f 678/1234/127 3378/1227/127 3377/1226/127 677/1231/127
f 3381/1235/129 3382/1236/129 3380/1237/129 3386/1238/129
f 3383/1239/129 3384/1240/129 3380/1237/129 3382/1236/129
f 3385/1241/129 3386/1238/129 3380/1237/129 3384/1240/129
f 89/1242/130 682/1243/129 3381/1235/129 679/1244/130
f 682/1243/129 683/1245/129 3382/1236/129 3381/1235/129
f 679/1244/130 3381/1235/129 3386/1238/129 680/1246/130
f 91/1247/131 687/1248/129 3383/1239/129 684/1249/129
f 687/1248/129 686/1250/129 3384/1240/129 3383/1239/129
f 684/1249/129 3383/1239/129 3382/1236/129 683/1245/129
f 90/1251/130 681/1252/130 3385/1241/129 685/1253/129
f 681/1252/130 680/1246/130 3386/1238/129 3385/1241/129
f 685/1253/129 3385/1241/129 3384/1240/129 686/1250/129
f 3388/1254/129 3389/1255/129 3387/1256/129 3393/1257/129
f 3390/1258/129 3391/1259/129 3387/1256/129 3389/1255/129
f 3392/1260/129 3393/1257/129 3387/1256/129 3391/1259/129
f 92/1261/131 693/1262/129 3388/1254/129 690/1263/131
f 693/1262/129 692/1264/129 3389/1255/129 3388/1254/129
f 690/1263/131 3388/1254/129 3393/1257/129 689/1265/131
f 90/1251/130 685/1253/129 3390/1258/129 691/1266/129
f 685/1253/129 686/1250/129 3391/1259/129 3390/1258/129
f 691/1266/129 3390/1258/129 3389/1255/129 692/1264/129
f 91/1247/131 688/1267/131 3392/1260/129 687/1248/129
f 688/1267/131 689/1265/131 3393/1257/129 3392/1260/129
f 687/1248/129 3392/1260/129 3391/1259/129 686/1250/129
f 3395/1268/132 3396/1269/132 3394/1270/132 3400/1271/132
f 3397/1272/132 3398/1273/132 3394/1270/132 3396/1269/132
f 3399/1274/132 3400/1271/132 3394/1270/132 3398/1273/132
f 91/1247/131 694/1275/132 3395/1268/132 688/1267/131
f 694/1275/132 695/1276/132 3396/1269/132 3395/1268/132
f 688/1267/131 3395/1268/132 3400/1271/132 689/1265/131
f 93/1277/133 699/1278/132 3397/1272/132 696/1279/132
f 699/1278/132 698/1280/132 3398/1273/132 3397/1272/132
f 696/1279/132 3397/1272/132 3396/1269/132 695/1276/132
f 92/1261/131 690/1263/131 3399/1274/132 697/1281/132
f 690/1263/131 689/1265/131 3400/1271/132 3399/1274/132
f 697/1281/132 3399/1274/132 3398/1273/132 698/1280/132
f 3402/1282/132 3403/1283/132 3401/1284/132 3407/1285/132
f 3404/1286/132 3405/1287/132 3401/1284/132 3403/1283/132
f 3406/1288/132 3407/1285/132 3401/1284/132 3405/1287/132
f 94/1289/134 705/1290/132 3402/1282/132 702/1291/133
f 705/1290/132 704/1292/132 3403/1283/132 3402/1282/132
f 702/1291/133 3402/1282/132 3407/1285/132 701/1293/133
f 92/1261/131 697/1281/132 3404/1286/132 703/1294/132
f 697/1281/132 698/1280/132 3405/1287/132 3404/1286/132
f 703/1294/132 3404/1286/132 3403/1283/132 704/1292/132
f 93/1277/133 700/1295/133 3406/1288/132 699/1278/132
f 700/1295/133 701/1293/133 3407/1285/132 3406/1288/132
f 699/1278/132 3406/1288/132 3405/1287/132 698/1280/132
f 3409/1296/135 3410/1297/135 3408/1298/135 3414/1299/135
f 3411/1300/135 3412/1301/135 3408/1298/135 3410/1297/135
f 3413/1302/135 3414/1299/135 3408/1298/135 3412/1301/135
f 94/1289/134 702/1291/133 3409/1296/135 1423/1303/135
f 702/1291/133 701/1293/133 3410/1297/135 3409/1296/135
f 1423/1303/135 3409/1296/135 3414/1299/135 1424/1304/135
f 93/1277/133 1426/1305/135 3411/1300/135 700/1295/133
f 1426/1305/135 1427/1306/135 3412/1301/135 3411/1300/135
f 700/1295/133 3411/1300/135 3410/1297/135 701/1293/133
f 26/1307/25 1425/1308/135 3413/1302/135 1428/1309/135
f 1425/1308/135 1424/1304/135 3414/1299/135 3413/1302/135
f 1428/1309/135 3413/1302/135 3412/1301/135 1427/1306/135
f 3416/1310/135 3417/1311/135 3415/1312/135 3421/1313/135
f 3418/1314/135 3419/1315/135 3415/1312/135 3417/1311/135
f 3420/1316/135 3421/1313/135 3415/1312/135 3419/1315/135
f 27/1317/24 1431/1318/135 3416/1310/135 402/1319/24
f 1431/1318/135 1430/1320/135 3417/1311/135 3416/1310/135
f 402/1319/24 3416/1310/135 3421/1313/135 401/1321/24
f 94/1289/134 1423/1303/135 3418/1314/135 1429/1322/135
f 1423/1303/135 1424/1304/135 3419/1315/135 3418/1314/135
f 1429/1322/135 3418/1314/135 3417/1311/135 1430/1320/135
f 26/1307/25 400/1323/24 3420/1316/135 1425/1308/135
f 400/1323/24 401/1321/24 3421/1313/135 3420/1316/135
f 1425/1308/135 3420/1316/135 3419/1315/135 1424/1304/135
f 3423/1324/136 3424/1325/136 3422/1326/136 3428/1327/136
f 3425/1328/136 3426/1329/136 3422/1326/136 3424/1325/136
f 3427/1330/136 3428/1327/136 3422/1326/136 3426/1329/136
f 95/1331/137 1437/1332/138 3423/1324/136 1434/1333/136
f 1437/1332/138 1436/1334/138 3424/1325/136 3423/1324/136
f 1434/1333/136 3423/1324/136 3428/1327/136 1433/1335/136
f 24/1092/39 1345/1336/46 3425/1328/136 1435/1337/138
f 1345/1336/46 1346/1338/46 3426/1329/136 3425/1328/136
f 1435/1337/138 3425/1328/136 3424/1325/136 1436/1334/138
f 35/1339/45 1432/1340/136 3427/1330/136 1347/1341/46
f 1432/1340/136 1433/1335/136 3428/1327/136 3427/1330/136
f 1347/1341/46 3427/1330/136 3426/1329/136 1346/1338/46
f 3430/1342/139 3431/1343/139 3429/1344/139 3435/1345/139
f 3432/1346/139 3433/1347/139 3429/1344/139 3431/1343/139
f 3434/1348/139 3435/1345/139 3429/1344/139 3433/1347/139
f 24/1092/39 1435/1337/138 3430/1342/139 1420/1113/139
f 1435/1337/138 1436/1334/138 3431/1343/139 3430/1342/139
f 1420/1113/139 3430/1342/139 3435/1345/139 1421/1114/139
f 95/1331/137 1438/1349/140 3432/1346/139 1437/1332/138
f 1438/1349/140 1439/1350/140 3433/1347/139 3432/1346/139
f 1437/1332/138 3432/1346/139 3431/1343/139 1436/1334/138
f 78/1115/141 1422/1117/139 3434/1348/139 1440/1351/140
f 1422/1117/139 1421/1114/139 3435/1345/139 3434/1348/139
f 1440/1351/140 3434/1348/139 3433/1347/139 1439/1350/140
f 3437/1352/142 3438/1353/142 3436/1354/142 3442/1355/142
f 3439/1356/142 3440/1357/142 3436/1354/142 3438/1353/142
f 3441/1358/142 3442/1355/142 3436/1354/142 3440/1357/142
f 80/1143/143 639/1145/142 3437/1352/142 1443/1359/144
f 639/1145/142 638/1142/142 3438/1353/142 3437/1352/142
f 1443/1359/144 3437/1352/142 3442/1355/142 1442/1360/144
f 78/1115/141 1440/1351/140 3439/1356/142 637/1141/142
f 1440/1351/140 1439/1350/140 3440/1357/142 3439/1356/142
f 637/1141/142 3439/1356/142 3438/1353/142 638/1142/142
f 95/1331/137 1441/1361/144 3441/1358/142 1438/1349/140
f 1441/1361/144 1442/1360/144 3442/1355/142 3441/1358/142
f 1438/1349/140 3441/1358/142 3440/1357/142 1439/1350/140
f 3444/1362/145 3445/1363/145 3443/1364/145 3449/1365/145
f 3446/1366/145 3447/1367/145 3443/1364/145 3445/1363/145
f 3448/1368/145 3449/1365/145 3443/1364/145 3447/1367/145
f 95/1331/137 706/1369/145 3444/1362/145 1441/1361/144
f 706/1369/145 707/1370/145 3445/1363/145 3444/1362/145
f 1441/1361/144 3444/1362/145 3449/1365/145 1442/1360/144
f 96/1371/146 1446/1372/147 3446/1366/145 708/1373/145
f 1446/1372/147 1445/1374/147 3447/1367/145 3446/1366/145
f 708/1373/145 3446/1366/145 3445/1363/145 707/1370/145
f 80/1143/143 1443/1359/144 3448/1368/145 1444/1375/147
f 1443/1359/144 1442/1360/144 3449/1365/145 3448/1368/145
f 1444/1375/147 3448/1368/145 3447/1367/145 1445/1374/147
f 3451/1376/148 3452/1377/148 3450/1378/148 3456/1379/148
f 3453/1380/148 3454/1381/148 3450/1378/148 3452/1377/148
f 3455/1382/148 3456/1379/148 3450/1378/148 3454/1381/148
f 98/1383/149 1449/1384/150 3451/1376/148 711/1385/148
f 1449/1384/150 1448/1386/150 3452/1377/148 3451/1376/148
f 711/1385/148 3451/1376/148 3456/1379/148 710/1387/151
f 79/1125/152 1452/1388/153 3453/1380/148 1447/1389/150
f 1452/1388/153 1451/1390/153 3454/1381/148 3453/1380/148
f 1447/1389/150 3453/1380/148 3452/1377/148 1448/1386/150
f 97/1391/154 709/1392/148 3455/1382/148 1450/1393/153
f 709/1392/148 710/1387/151 3456/1379/148 3455/1382/148
f 1450/1393/153 3455/1382/148 3454/1381/148 1451/1390/153
f 3458/1394/155 3459/1395/155 3457/1396/155 3463/1397/155
f 3460/1398/155 3461/1399/155 3457/1396/155 3459/1395/155
f 3462/1400/155 3463/1397/155 3457/1396/155 3461/1399/155
f 20/1101/57 1453/1401/156 3458/1394/155 1360/1402/61
f 1453/1401/156 1454/1403/156 3459/1395/155 3458/1394/155
f 1360/1402/61 3458/1394/155 3463/1397/155 1361/1404/61
f 98/1383/149 1458/1405/155 3460/1398/155 1455/1406/156
f 1458/1405/155 1457/1407/155 3461/1399/155 3460/1398/155
f 1455/1406/156 3460/1398/155 3459/1395/155 1454/1403/156
f 38/1408/62 1362/1409/61 3462/1400/155 1456/1410/155
f 1362/1409/61 1361/1404/61 3463/1397/155 3462/1400/155
f 1456/1410/155 3462/1400/155 3461/1399/155 1457/1407/155
f 3465/1411/157 3466/1412/157 3464/1413/158 3470/1414/157
f 3467/1415/157 3468/1416/158 3464/1413/158 3466/1412/157
f 3469/1417/158 3470/1414/157 3464/1413/158 3468/1416/158
f 79/1125/152 1447/1389/150 3465/1411/157 633/1126/157
f 1447/1389/150 1448/1386/150 3466/1412/157 3465/1411/157
f 633/1126/157 3465/1411/157 3470/1414/157 632/1128/157
f 98/1383/149 1459/1418/159 3467/1415/157 1449/1384/150
f 1459/1418/159 1460/1419/159 3468/1416/158 3467/1415/157
f 1449/1384/150 3467/1415/157 3466/1412/157 1448/1386/150
f 77/1097/160 631/1130/157 3469/1417/158 1461/1420/159
f 631/1130/157 632/1128/157 3470/1414/157 3469/1417/158
f 1461/1420/159 3469/1417/158 3468/1416/158 1460/1419/159
f 3472/1421/161 3473/1422/161 3471/1423/161 3477/1424/161
f 3474/1425/161 3475/1426/161 3471/1423/161 3473/1422/161
f 3476/1427/161 3477/1424/161 3471/1423/161 3475/1426/161
f 98/1383/149 1455/1406/156 3472/1421/161 1459/1418/159
f 1455/1406/156 1454/1403/156 3473/1422/161 3472/1421/161
f 1459/1418/159 3472/1421/161 3477/1424/161 1460/1419/159
f 20/1101/57 1417/1103/161 3474/1425/161 1453/1401/156
f 1417/1103/161 1418/1100/161 3475/1426/161 3474/1425/161
f 1453/1401/156 3474/1425/161 3473/1422/161 1454/1403/156
f 77/1097/160 1461/1420/159 3476/1427/161 1419/1098/161
f 1461/1420/159 1460/1419/159 3477/1424/161 3476/1427/161
f 1419/1098/161 3476/1427/161 3475/1426/161 1418/1100/161
f 3479/1428/162 3480/1429/162 3478/1430/162 3484/1431/162
f 3481/1432/162 3482/1433/162 3478/1430/162 3480/1429/162
f 3483/1434/162 3484/1431/162 3478/1430/162 3482/1433/162
f 99/1435/163 715/1436/164 3479/1428/162 712/1437/165
f 715/1436/164 716/1438/164 3480/1429/162 3479/1428/162
f 712/1437/165 3479/1428/162 3484/1431/162 713/1439/165
f 101/1440/166 720/1441/162 3481/1432/162 717/1442/164
f 720/1441/162 719/1443/162 3482/1433/162 3481/1432/162
f 717/1442/164 3481/1432/162 3480/1429/162 716/1438/164
f 100/1444/167 714/1445/165 3483/1434/162 718/1446/162
f 714/1445/165 713/1439/165 3484/1431/162 3483/1434/162
f 718/1446/162 3483/1434/162 3482/1433/162 719/1443/162
f 3486/1447/168 3487/1448/168 3485/1449/168 3491/1450/168
f 3488/1451/168 3489/1452/168 3485/1449/168 3487/1448/168
f 3490/1453/168 3491/1450/168 3485/1449/168 3489/1452/168
f 101/1440/166 717/1442/164 3486/1447/168 721/1454/169
f 717/1442/164 716/1438/164 3487/1448/168 3486/1447/168
f 721/1454/169 3486/1447/168 3491/1450/168 722/1455/169
f 99/1435/163 724/1456/168 3488/1451/168 715/1436/164
f 724/1456/168 725/1457/168 3489/1452/168 3488/1451/168
f 715/1436/164 3488/1451/168 3487/1448/168 716/1438/164
f 102/1458/170 723/1459/169 3490/1453/168 726/1460/168
f 723/1459/169 722/1455/169 3491/1450/168 3490/1453/168
f 726/1460/168 3490/1453/168 3489/1452/168 725/1457/168
f 3493/1461/171 3494/1462/171 3492/1463/172 3498/1464/172
f 3495/1465/172 3496/1466/171 3492/1463/172 3494/1462/171
f 3497/1467/172 3498/1464/172 3492/1463/172 3496/1466/171
f 102/1458/170 727/1468/173 3493/1461/171 723/1459/169
f 727/1468/173 728/1469/173 3494/1462/171 3493/1461/171
f 723/1459/169 3493/1461/171 3498/1464/172 722/1455/169
f 103/1470/174 732/1471/171 3495/1465/172 729/1472/173
f 732/1471/171 731/1473/172 3496/1466/171 3495/1465/172
f 729/1472/173 3495/1465/172 3494/1462/171 728/1469/173
f 101/1440/166 721/1454/169 3497/1467/172 730/1474/171
f 721/1454/169 722/1455/169 3498/1464/172 3497/1467/172
f 730/1474/171 3497/1467/172 3496/1466/171 731/1473/172
f 3500/1475/175 3501/1476/175 3499/1477/175 3505/1478/175
f 3502/1479/175 3503/1480/175 3499/1477/175 3501/1476/175
f 3504/1481/175 3505/1478/175 3499/1477/175 3503/1480/175
f 103/1470/174 729/1472/173 3500/1475/175 733/1482/176
f 729/1472/173 728/1469/173 3501/1476/175 3500/1475/175
f 733/1482/176 3500/1475/175 3505/1478/175 734/1483/176
f 102/1458/170 736/1484/175 3502/1479/175 727/1468/173
f 736/1484/175 737/1485/175 3503/1480/175 3502/1479/175
f 727/1468/173 3502/1479/175 3501/1476/175 728/1469/173
f 104/1486/177 735/1487/176 3504/1481/175 738/1488/175
f 735/1487/176 734/1483/176 3505/1478/175 3504/1481/175
f 738/1488/175 3504/1481/175 3503/1480/175 737/1485/175
f 3507/1489/178 3508/1490/178 3506/1491/178 3512/1492/178
f 3509/1493/178 3510/1494/178 3506/1491/178 3508/1490/178
f 3511/1495/178 3512/1492/178 3506/1491/178 3510/1494/178
f 40/1496/70 1467/1497/179 3507/1489/178 1464/1498/178
f 1467/1497/179 1466/1499/179 3508/1490/178 3507/1489/178
f 1464/1498/178 3507/1489/178 3512/1492/178 1463/1500/178
f 103/1470/174 733/1482/176 3509/1493/178 1465/1501/179
f 733/1482/176 734/1483/176 3510/1494/178 3509/1493/178
f 1465/1501/179 3509/1493/178 3508/1490/178 1466/1499/179
f 104/1486/177 1462/1502/178 3511/1495/178 735/1487/176
f 1462/1502/178 1463/1500/178 3512/1492/178 3511/1495/178
f 735/1487/176 3511/1495/178 3510/1494/178 734/1483/176
f 3514/1503/180 3515/1504/180 3513/1505/180 3519/1506/180
f 3516/1507/180 3517/1508/180 3513/1505/180 3515/1504/180
f 3518/1509/180 3519/1506/180 3513/1505/180 3517/1508/180
f 103/1470/174 1465/1501/179 3514/1503/180 1468/1510/180
f 1465/1501/179 1466/1499/179 3515/1504/180 3514/1503/180
f 1468/1510/180 3514/1503/180 3519/1506/180 1469/1511/180
f 40/1496/70 451/1512/72 3516/1507/180 1467/1497/179
f 451/1512/72 452/1513/72 3517/1508/180 3516/1507/180
f 1467/1497/179 3516/1507/180 3515/1504/180 1466/1499/179
f 42/1514/73 1470/1515/180 3518/1509/180 453/1516/72
f 1470/1515/180 1469/1511/180 3519/1506/180 3518/1509/180
f 453/1516/72 3518/1509/180 3517/1508/180 452/1513/72
f 3521/1517/181 3522/1518/181 3520/1519/181 3526/1520/181
f 3523/1521/181 3524/1522/181 3520/1519/181 3522/1518/181
f 3525/1523/181 3526/1520/181 3520/1519/181 3524/1522/181
f 106/1524/182 742/1525/181 3521/1517/181 741/1526/183
f 742/1525/181 743/1527/181 3522/1518/181 3521/1517/181
f 741/1526/183 3521/1517/181 3526/1520/181 740/1528/183
f 107/1529/184 747/1530/185 3523/1521/181 744/1531/181
f 747/1530/185 746/1532/185 3524/1522/181 3523/1521/181
f 744/1531/181 3523/1521/181 3522/1518/181 743/1527/181
f 105/1533/186 739/1534/183 3525/1523/181 745/1535/185
f 739/1534/183 740/1528/183 3526/1520/181 3525/1523/181
f 745/1535/185 3525/1523/181 3524/1522/181 746/1532/185
f 3528/1536/187 3529/1537/187 3527/1538/187 3533/1539/187
f 3530/1540/187 3531/1541/187 3527/1538/187 3529/1537/187
f 3532/1542/187 3533/1539/187 3527/1538/187 3531/1541/187
f 108/1543/188 753/1544/187 3528/1536/187 750/1545/189
f 753/1544/187 752/1546/187 3529/1537/187 3528/1536/187
f 750/1545/189 3528/1536/187 3533/1539/187 749/1547/189
f 105/1533/186 745/1535/185 3530/1540/187 751/1548/187
f 745/1535/185 746/1532/185 3531/1541/187 3530/1540/187
f 751/1548/187 3530/1540/187 3529/1537/187 752/1546/187
f 107/1529/184 748/1549/189 3532/1542/187 747/1530/185
f 748/1549/189 749/1547/189 3533/1539/187 3532/1542/187
f 747/1530/185 3532/1542/187 3531/1541/187 746/1532/185
f 3535/1550/190 3536/1551/191 3534/1552/191 3540/1553/191
f 3537/1554/191 3538/1555/191 3534/1552/191 3536/1551/191
f 3539/1556/191 3540/1553/191 3534/1552/191 3538/1555/191
f 109/1557/192 759/1558/193 3535/1550/190 756/1559/191
f 759/1558/193 758/1560/193 3536/1551/191 3535/1550/190
f 756/1559/191 3535/1550/190 3540/1553/191 755/1561/190
f 108/1543/188 750/1545/189 3537/1554/191 757/1562/193
f 750/1545/189 749/1547/189 3538/1555/191 3537/1554/191
f 757/1562/193 3537/1554/191 3536/1551/191 758/1560/193
f 107/1529/184 754/1563/190 3539/1556/191 748/1549/189
f 754/1563/190 755/1561/190 3540/1553/191 3539/1556/191
f 748/1549/189 3539/1556/191 3538/1555/191 749/1547/189
f 3542/1564/194 3543/1565/194 3541/1566/194 3547/1567/194
f 3544/1568/194 3545/1569/194 3541/1566/194 3543/1565/194
f 3546/1570/194 3547/1567/194 3541/1566/194 3545/1569/194
f 108/1543/188 757/1562/193 3542/1564/194 760/1571/194
f 757/1562/193 758/1560/193 3543/1565/194 3542/1564/194
f 760/1571/194 3542/1564/194 3547/1567/194 761/1572/194
f 109/1557/192 763/1573/195 3544/1568/194 759/1558/193
f 763/1573/195 764/1574/195 3545/1569/194 3544/1568/194
f 759/1558/193 3544/1568/194 3543/1565/194 758/1560/193
f 110/1575/196 762/1576/194 3546/1570/194 765/1577/195
f 762/1576/194 761/1572/194 3547/1567/194 3546/1570/194
f 765/1577/195 3546/1570/194 3545/1569/194 764/1574/195
f 3549/1578/197 3550/1579/197 3548/1580/197 3554/1581/197
f 3551/1582/197 3552/1583/197 3548/1580/197 3550/1579/197
f 3553/1584/197 3554/1581/197 3548/1580/197 3552/1583/197
f 109/1557/192 1471/1585/198 3549/1578/197 763/1573/195
f 1471/1585/198 1472/1586/198 3550/1579/197 3549/1578/197
f 763/1573/195 3549/1578/197 3554/1581/197 764/1574/195
f 47/1587/82 1474/1588/197 3551/1582/197 1473/1589/198
f 1474/1588/197 1475/1590/197 3552/1583/197 3551/1582/197
f 1473/1589/198 3551/1582/197 3550/1579/197 1472/1586/198
f 110/1575/196 765/1577/195 3553/1584/197 1476/1591/197
f 765/1577/195 764/1574/195 3554/1581/197 3553/1584/197
f 1476/1591/197 3553/1584/197 3552/1583/197 1475/1590/197
f 3556/1592/199 3557/1593/199 3555/1594/199 3561/1595/199
f 3558/1596/199 3559/1597/199 3555/1594/199 3557/1593/199
f 3560/1598/199 3561/1595/199 3555/1594/199 3559/1597/199
f 47/1587/82 1473/1589/198 3556/1592/199 478/1599/86
f 1473/1589/198 1472/1586/198 3557/1593/199 3556/1592/199
f 478/1599/86 3556/1592/199 3561/1595/199 479/1600/86
f 109/1557/192 1477/1601/199 3558/1596/199 1471/1585/198
f 1477/1601/199 1478/1602/199 3559/1597/199 3558/1596/199
f 1471/1585/198 3558/1596/199 3557/1593/199 1472/1586/198
f 48/1603/85 480/1604/86 3560/1598/199 1479/1605/199
f 480/1604/86 479/1600/86 3561/1595/199 3560/1598/199
f 1479/1605/199 3560/1598/199 3559/1597/199 1478/1602/199
f 3563/1606/200 3564/1607/200 3562/1608/200 3568/1609/200
f 3565/1610/200 3566/1611/200 3562/1608/200 3564/1607/200
f 3567/1612/200 3568/1609/200 3562/1608/200 3566/1611/200
f 111/1613/201 769/1614/202 3563/1606/200 766/1615/200
f 769/1614/202 770/1616/202 3564/1607/200 3563/1606/200
f 766/1615/200 3563/1606/200 3568/1609/200 767/1617/200
f 112/1618/203 772/1619/200 3565/1610/200 771/1620/202
f 772/1619/200 773/1621/200 3566/1611/200 3565/1610/200
f 771/1620/202 3565/1610/200 3564/1607/200 770/1616/202
f 113/1622/200 768/1623/200 3567/1612/200 774/1624/200
f 768/1623/200 767/1617/200 3568/1609/200 3567/1612/200
f 774/1624/200 3567/1612/200 3566/1611/200 773/1621/200
f 3570/1625/204 3571/1626/204 3569/1627/204 3575/1628/204
f 3572/1629/204 3573/1630/204 3569/1627/204 3571/1626/204
f 3574/1631/204 3575/1628/204 3569/1627/204 3573/1630/204
f 115/1632/205 780/1633/206 3570/1625/204 775/1634/204
f 780/1633/206 779/1635/206 3571/1626/204 3570/1625/204
f 775/1634/204 3570/1625/204 3575/1628/204 776/1636/204
f 114/1637/207 781/1638/204 3572/1629/204 778/1639/206
f 781/1638/204 782/1640/204 3573/1630/204 3572/1629/204
f 778/1639/206 3572/1629/204 3571/1626/204 779/1635/206
f 116/1641/204 777/1642/204 3574/1631/204 783/1643/204
f 777/1642/204 776/1636/204 3575/1628/204 3574/1631/204
f 783/1643/204 3574/1631/204 3573/1630/204 782/1640/204
f 3577/1644/208 3578/1645/208 3576/1646/208 3582/1647/208
f 3579/1648/208 3580/1649/208 3576/1646/208 3578/1645/208
f 3581/1650/208 3582/1647/208 3576/1646/208 3580/1649/208
f 110/1575/209 1480/1651/208 3577/1644/208 762/1576/208
f 1480/1651/208 1481/1652/208 3578/1645/208 3577/1644/208
f 762/1576/208 3577/1644/208 3582/1647/208 761/1572/208
f 102/1458/210 1483/1653/210 3579/1648/208 1482/1654/208
f 1483/1653/210 1484/1655/210 3580/1649/208 3579/1648/208
f 1482/1654/208 3579/1648/208 3578/1645/208 1481/1652/208
f 108/1543/210 760/1571/208 3581/1650/208 1485/1656/210
f 760/1571/208 761/1572/208 3582/1647/208 3581/1650/208
f 1485/1656/210 3581/1650/208 3580/1649/208 1484/1655/210
f 3584/1657/211 3585/1658/211 3583/1659/211 3589/1660/211
f 3586/1661/211 3587/1662/211 3583/1659/211 3585/1658/211
f 3588/1663/211 3589/1660/211 3583/1659/211 3587/1662/211
f 102/1458/210 726/1460/211 3584/1657/211 1483/1653/210
f 726/1460/211 725/1457/211 3585/1658/211 3584/1657/211
f 1483/1653/210 3584/1657/211 3589/1660/211 1484/1655/210
f 99/1435/212 1488/1664/211 3586/1661/211 724/1456/211
f 1488/1664/211 1487/1665/211 3587/1662/211 3586/1661/211
f 724/1456/211 3586/1661/211 3585/1658/211 725/1457/211
f 108/1543/210 1485/1656/210 3588/1663/211 1486/1666/211
f 1485/1656/210 1484/1655/210 3589/1660/211 3588/1663/211
f 1486/1666/211 3588/1663/211 3587/1662/211 1487/1665/211
f 3591/1667/208 3592/1668/208 3590/1669/208 3596/1670/208
f 3593/1671/208 3594/1672/208 3590/1669/208 3592/1668/208
f 3595/1673/208 3596/1670/208 3590/1669/208 3594/1672/208
f 102/1458/210 1482/1654/208 3591/1667/208 736/1484/208
f 1482/1654/208 1481/1652/208 3592/1668/208 3591/1667/208
f 736/1484/208 3591/1667/208 3596/1670/208 737/1485/208
f 110/1575/209 1489/1674/209 3593/1671/208 1480/1651/208
f 1489/1674/209 1490/1675/209 3594/1672/208 3593/1671/208
f 1480/1651/208 3593/1671/208 3592/1668/208 1481/1652/208
f 104/1486/209 738/1488/208 3595/1673/208 1491/1676/209
f 738/1488/208 737/1485/208 3596/1670/208 3595/1673/208
f 1491/1676/209 3595/1673/208 3594/1672/208 1490/1675/209
f 3598/1677/211 3599/1678/211 3597/1679/211 3603/1680/211
f 3600/1681/211 3601/1682/211 3597/1679/211 3599/1678/211
f 3602/1683/211 3603/1680/211 3597/1679/211 3601/1682/211
f 105/1533/213 751/1548/211 3598/1677/211 1494/1684/212
f 751/1548/211 752/1546/211 3599/1678/211 3598/1677/211
f 1494/1684/212 3598/1677/211 3603/1680/211 1493/1685/213
f 108/1543/210 1486/1666/211 3600/1681/211 753/1544/211
f 1486/1666/211 1487/1665/211 3601/1682/211 3600/1681/211
f 753/1544/211 3600/1681/211 3599/1678/211 752/1546/211
f 99/1435/212 1492/1686/213 3602/1683/211 1488/1664/211
f 1492/1686/213 1493/1685/213 3603/1680/211 3602/1683/211
f 1488/1664/211 3602/1683/211 3601/1682/211 1487/1665/211
f 3605/1687/214 3606/1688/214 3604/1689/214 3610/1690/214
f 3607/1691/214 3608/1692/214 3604/1689/214 3606/1688/214
f 3609/1693/214 3610/1690/214 3604/1689/214 3608/1692/214
f 47/1587/100 1497/1694/214 3605/1687/214 1474/1588/214
f 1497/1694/214 1496/1695/214 3606/1688/214 3605/1687/214
f 1474/1588/214 3605/1687/214 3610/1690/214 1475/1590/214
f 104/1486/209 1491/1676/209 3607/1691/214 1495/1696/214
f 1491/1676/209 1490/1675/209 3608/1692/214 3607/1691/214
f 1495/1696/214 3607/1691/214 3606/1688/214 1496/1695/214
f 110/1575/209 1476/1591/214 3609/1693/214 1489/1674/209
f 1476/1591/214 1475/1590/214 3610/1690/214 3609/1693/214
f 1489/1674/209 3609/1693/214 3608/1692/214 1490/1675/209
f 3612/1697/214 3613/1698/214 3611/1699/214 3617/1700/214
f 3614/1701/214 3615/1702/214 3611/1699/214 3613/1698/214
f 3616/1703/214 3617/1700/214 3611/1699/214 3615/1702/214
f 104/1486/209 1495/1696/214 3612/1697/214 1462/1502/214
f 1495/1696/214 1496/1695/214 3613/1698/214 3612/1697/214
f 1462/1502/214 3612/1697/214 3617/1700/214 1463/1500/214
f 47/1587/100 1378/1704/100 3614/1701/214 1497/1694/214
f 1378/1704/100 1379/1705/100 3615/1702/214 3614/1701/214
f 1497/1694/214 3614/1701/214 3613/1698/214 1496/1695/214
f 40/1496/99 1464/1498/214 3616/1703/214 1380/1706/100
f 1464/1498/214 1463/1500/214 3617/1700/214 3616/1703/214
f 1380/1706/100 3616/1703/214 3615/1702/214 1379/1705/100
f 3619/1707/215 3620/1708/215 3618/1709/215 3624/1710/215
f 3621/1711/215 3622/1712/215 3618/1709/215 3620/1708/215
f 3623/1713/215 3624/1710/215 3618/1709/215 3622/1712/215
f 117/1714/216 1498/1715/215 3619/1707/215 784/1716/216
f 1498/1715/215 1499/1717/215 3620/1708/215 3619/1707/215
f 784/1716/216 3619/1707/215 3624/1710/215 785/1718/216
f 51/1719/103 1501/1720/215 3621/1711/215 1500/1721/215
f 1501/1720/215 1502/1722/215 3622/1712/215 3621/1711/215
f 1500/1721/215 3621/1711/215 3620/1708/215 1499/1717/215
f 118/1723/216 786/1724/216 3623/1713/215 1503/1725/215
f 786/1724/216 785/1718/216 3624/1710/215 3623/1713/215
f 1503/1725/215 3623/1713/215 3622/1712/215 1502/1722/215
f 3626/1726/217 3627/1727/217 3625/1728/217 3631/1729/217
f 3628/1730/217 3629/1731/217 3625/1728/217 3627/1727/217
f 3630/1732/217 3631/1729/217 3625/1728/217 3629/1731/217
f 119/1733/218 792/1734/217 3626/1726/217 789/1735/217
f 792/1734/217 791/1736/217 3627/1727/217 3626/1726/217
f 789/1735/217 3626/1726/217 3631/1729/217 788/1737/217
f 117/1714/216 784/1716/216 3628/1730/217 790/1738/217
f 784/1716/216 785/1718/216 3629/1731/217 3628/1730/217
f 790/1738/217 3628/1730/217 3627/1727/217 791/1736/217
f 118/1723/216 787/1739/217 3630/1732/217 786/1724/216
f 787/1739/217 788/1737/217 3631/1729/217 3630/1732/217
f 786/1724/216 3630/1732/217 3629/1731/217 785/1718/216
f 3633/1740/215 3634/1741/215 3632/1742/215 3638/1743/215
f 3635/1744/215 3636/1745/215 3632/1742/215 3634/1741/215
f 3637/1746/215 3638/1743/215 3632/1742/215 3636/1745/215
f 51/1719/103 1500/1721/215 3633/1740/215 490/1747/103
f 1500/1721/215 1499/1717/215 3634/1741/215 3633/1740/215
f 490/1747/103 3633/1740/215 3638/1743/215 491/1748/103
f 117/1714/216 1504/1749/215 3635/1744/215 1498/1715/215
f 1504/1749/215 1505/1750/215 3636/1745/215 3635/1744/215
f 1498/1715/215 3635/1744/215 3634/1741/215 1499/1717/215
f 52/1751/103 492/1752/103 3637/1746/215 1506/1753/215
f 492/1752/103 491/1748/103 3638/1743/215 3637/1746/215
f 1506/1753/215 3637/1746/215 3636/1745/215 1505/1750/215
f 3640/1754/217 3641/1755/217 3639/1756/217 3645/1757/217
f 3642/1758/217 3643/1759/217 3639/1756/217 3641/1755/217
f 3644/1760/217 3645/1757/217 3639/1756/217 3643/1759/217
f 117/1714/216 790/1738/217 3640/1754/217 793/1761/217
f 790/1738/217 791/1736/217 3641/1755/217 3640/1754/217
f 793/1761/217 3640/1754/217 3645/1757/217 794/1762/217
f 119/1733/218 796/1763/218 3642/1758/217 792/1734/217
f 796/1763/218 797/1764/218 3643/1759/217 3642/1758/217
f 792/1734/217 3642/1758/217 3641/1755/217 791/1736/217
f 120/1765/218 795/1766/217 3644/1760/217 798/1767/218
f 795/1766/217 794/1762/217 3645/1757/217 3644/1760/217
f 798/1767/218 3644/1760/217 3643/1759/217 797/1764/218
f 3647/1768/219 3648/1769/219 3646/1770/219 3652/1771/219
f 3649/1772/219 3650/1773/219 3646/1770/219 3648/1769/219
f 3651/1774/219 3652/1771/219 3646/1770/219 3650/1773/219
f 10/1775/220 1507/1776/221 3647/1768/219 1312/1777/219
f 1507/1776/221 1508/1778/221 3648/1769/219 3647/1768/219
f 1312/1777/219 3647/1768/219 3652/1771/219 1313/1779/219
f 121/1780/222 1510/1781/223 3649/1772/219 1509/1782/221
f 1510/1781/223 1511/1783/223 3650/1773/219 3649/1772/219
f 1509/1782/221 3649/1772/219 3648/1769/219 1508/1778/221
f 1/1784/224 1314/1785/219 3651/1774/219 1512/1786/223
f 1314/1785/219 1313/1779/219 3652/1771/219 3651/1774/219
f 1512/1786/223 3651/1774/219 3650/1773/219 1511/1783/223
f 3654/1787/225 3655/1788/225 3653/1789/225 3659/1790/225
f 3656/1791/225 3657/1792/225 3653/1789/225 3655/1788/225
f 3658/1793/225 3659/1790/225 3653/1789/225 3657/1792/225
f 121/1780/222 1509/1782/221 3654/1787/225 1513/1794/225
f 1509/1782/221 1508/1778/221 3655/1788/225 3654/1787/225
f 1513/1794/225 3654/1787/225 3659/1790/225 1514/1795/225
f 10/1775/220 1516/1796/226 3656/1791/225 1507/1776/221
f 1516/1796/226 1517/1797/226 3657/1792/225 3656/1791/225
f 1507/1776/221 3656/1791/225 3655/1788/225 1508/1778/221
f 122/1798/227 1515/1799/225 3658/1793/225 1518/1800/226
f 1515/1799/225 1514/1795/225 3659/1790/225 3658/1793/225
f 1518/1800/226 3658/1793/225 3657/1792/225 1517/1797/226
f 3661/1801/228 3662/1802/228 3660/1803/228 3666/1804/228
f 3663/1805/228 3664/1806/228 3660/1803/228 3662/1802/228
f 3665/1807/228 3666/1804/228 3660/1803/228 3664/1806/228
f 2/1808/229 288/1809/228 3661/1801/228 1519/1810/230
f 288/1809/228 287/1811/228 3662/1802/228 3661/1801/228
f 1519/1810/230 3661/1801/228 3666/1804/228 1520/1812/230
f 1/1784/224 1522/1813/231 3663/1805/228 286/1814/228
f 1522/1813/231 1523/1815/231 3664/1806/228 3663/1805/228
f 286/1814/228 3663/1805/228 3662/1802/228 287/1811/228
f 123/1816/232 1521/1817/230 3665/1807/228 1524/1818/231
f 1521/1817/230 1520/1812/230 3666/1804/228 3665/1807/228
f 1524/1818/231 3665/1807/228 3664/1806/228 1523/1815/231
f 3668/1819/233 3669/1820/233 3667/1821/233 3673/1822/233
f 3670/1823/233 3671/1824/233 3667/1821/233 3669/1820/233
f 3672/1825/233 3673/1822/233 3667/1821/233 3671/1824/233
f 123/1816/232 1524/1818/231 3668/1819/233 1525/1826/233
f 1524/1818/231 1523/1815/231 3669/1820/233 3668/1819/233
f 1525/1826/233 3668/1819/233 3673/1822/233 1526/1827/233
f 1/1784/224 1512/1786/223 3670/1823/233 1522/1813/231
f 1512/1786/223 1511/1783/223 3671/1824/233 3670/1823/233
f 1522/1813/231 3670/1823/233 3669/1820/233 1523/1815/231
f 121/1780/222 1527/1828/233 3672/1825/233 1510/1781/223
f 1527/1828/233 1526/1827/233 3673/1822/233 3672/1825/233
f 1510/1781/223 3672/1825/233 3671/1824/233 1511/1783/223
f 3675/1829/234 3676/1830/234 3674/1831/235 3680/1832/234
f 3677/1833/234 3678/1834/234 3674/1831/235 3676/1830/234
f 3679/1835/234 3680/1832/234 3674/1831/235 3678/1834/234
f 10/1775/220 309/1836/234 3675/1829/234 1528/1837/236
f 309/1836/234 308/1838/234 3676/1830/234 3675/1829/234
f 1528/1837/236 3675/1829/234 3680/1832/234 1529/1839/236
f 9/1840/237 1531/1841/238 3677/1833/234 307/1842/234
f 1531/1841/238 1532/1843/239 3678/1834/234 3677/1833/234
f 307/1842/234 3677/1833/234 3676/1830/234 308/1838/234
f 124/1844/240 1530/1845/236 3679/1835/234 1533/1846/238
f 1530/1845/236 1529/1839/236 3680/1832/234 3679/1835/234
f 1533/1846/238 3679/1835/234 3678/1834/234 1532/1843/239
f 3682/1847/241 3683/1848/241 3681/1849/241 3687/1850/241
f 3684/1851/241 3685/1852/241 3681/1849/241 3683/1848/241
f 3686/1853/241 3687/1850/241 3681/1849/241 3685/1852/241
f 10/1775/220 1528/1837/236 3682/1847/241 1516/1796/226
f 1528/1837/236 1529/1839/236 3683/1848/241 3682/1847/241
f 1516/1796/226 3682/1847/241 3687/1850/241 1517/1797/226
f 124/1844/240 1534/1854/241 3684/1851/241 1530/1845/236
f 1534/1854/241 1535/1855/241 3685/1852/241 3684/1851/241
f 1530/1845/236 3684/1851/241 3683/1848/241 1529/1839/236
f 122/1798/227 1518/1800/226 3686/1853/241 1536/1856/241
f 1518/1800/226 1517/1797/226 3687/1850/241 3686/1853/241
f 1536/1856/241 3686/1853/241 3685/1852/241 1535/1855/241
f 3689/1857/242 3690/1858/242 3688/1859/242 3694/1860/242
f 3691/1861/242 3692/1862/242 3688/1859/242 3690/1858/242
f 3693/1863/242 3694/1860/242 3688/1859/242 3692/1862/242
f 9/1840/237 1404/1864/242 3689/1857/242 1537/1865/243
f 1404/1864/242 1403/1866/242 3690/1858/242 3689/1857/242
f 1537/1865/243 3689/1857/242 3694/1860/242 1538/1867/243
f 69/1868/244 1540/1869/245 3691/1861/242 1402/1870/242
f 1540/1869/245 1541/1871/245 3692/1862/242 3691/1861/242
f 1402/1870/242 3691/1861/242 3690/1858/242 1403/1866/242
f 125/1872/246 1539/1873/243 3693/1863/242 1542/1874/245
f 1539/1873/243 1538/1867/243 3694/1860/242 3693/1863/242
f 1542/1874/245 3693/1863/242 3692/1862/242 1541/1871/245
f 3696/1875/247 3697/1876/247 3695/1877/247 3701/1878/247
f 3698/1879/247 3699/1880/247 3695/1877/247 3697/1876/247
f 3700/1881/247 3701/1878/247 3695/1877/247 3699/1880/247
f 125/1872/246 1543/1882/247 3696/1875/247 1539/1873/243
f 1543/1882/247 1544/1883/247 3697/1876/247 3696/1875/247
f 1539/1873/243 3696/1875/247 3701/1878/247 1538/1867/243
f 124/1844/240 1533/1846/238 3698/1879/247 1545/1884/247
f 1533/1846/238 1532/1843/239 3699/1880/247 3698/1879/247
f 1545/1884/247 3698/1879/247 3697/1876/247 1544/1883/247
f 9/1840/237 1537/1865/243 3700/1881/247 1531/1841/238
f 1537/1865/243 1538/1867/243 3701/1878/247 3700/1881/247
f 1531/1841/238 3700/1881/247 3699/1880/247 1532/1843/239
f 3703/1885/248 3704/1886/248 3702/1887/248 3708/1888/248
f 3705/1889/248 3706/1890/248 3702/1887/248 3704/1886/248
f 3707/1891/248 3708/1888/248 3702/1887/248 3706/1890/248
f 67/1892/249 564/1893/248 3703/1885/248 1546/1894/248
f 564/1893/248 563/1895/248 3704/1886/248 3703/1885/248
f 1546/1894/248 3703/1885/248 3708/1888/248 1547/1896/248
f 65/1897/250 1549/1898/251 3705/1889/248 562/1899/248
f 1549/1898/251 1550/1900/251 3706/1890/248 3705/1889/248
f 562/1899/248 3705/1889/248 3704/1886/248 563/1895/248
f 126/1901/252 1548/1902/248 3707/1891/248 1551/1903/251
f 1548/1902/248 1547/1896/248 3708/1888/248 3707/1891/248
f 1551/1903/251 3707/1891/248 3706/1890/248 1550/1900/251
f 3710/1904/253 3711/1905/253 3709/1906/253 3715/1907/253
f 3712/1908/253 3713/1909/253 3709/1906/253 3711/1905/253
f 3714/1910/253 3715/1907/253 3709/1906/253 3713/1909/253
f 126/1901/252 1552/1911/253 3710/1904/253 1548/1902/248
f 1552/1911/253 1553/1912/253 3711/1905/253 3710/1904/253
f 1548/1902/248 3710/1904/253 3715/1907/253 1547/1896/248
f 127/1913/254 1555/1914/255 3712/1908/253 1554/1915/253
f 1555/1914/255 1556/1916/255 3713/1909/253 3712/1908/253
f 1554/1915/253 3712/1908/253 3711/1905/253 1553/1912/253
f 67/1892/249 1546/1894/248 3714/1910/253 1557/1917/255
f 1546/1894/248 1547/1896/248 3715/1907/253 3714/1910/253
f 1557/1917/255 3714/1910/253 3713/1909/253 1556/1916/255
f 3717/1918/256 3718/1919/256 3716/1920/256 3722/1921/256
f 3719/1922/256 3720/1923/256 3716/1920/256 3718/1919/256
f 3721/1924/256 3722/1921/256 3716/1920/256 3720/1923/256
f 126/1901/252 1561/1925/257 3717/1918/256 1558/1926/256
f 1561/1925/257 1562/1927/257 3718/1919/256 3717/1918/256
f 1558/1926/256 3717/1918/256 3722/1921/256 1559/1928/256
f 66/1929/258 1564/1930/256 3719/1922/256 1563/1931/257
f 1564/1930/256 1565/1932/256 3720/1923/256 3719/1922/256
f 1563/1931/257 3719/1922/256 3718/1919/256 1562/1927/257
f 128/1933/256 1560/1934/256 3721/1924/256 1566/1935/256
f 1560/1934/256 1559/1928/256 3722/1921/256 3721/1924/256
f 1566/1935/256 3721/1924/256 3720/1923/256 1565/1932/256
f 3724/1936/259 3725/1937/259 3723/1938/259 3729/1939/259
f 3726/1940/259 3727/1941/259 3723/1938/259 3725/1937/259
f 3728/1942/259 3729/1939/259 3723/1938/259 3727/1941/259
f 66/1929/258 1563/1931/257 3724/1936/259 558/1943/259
f 1563/1931/257 1562/1927/257 3725/1937/259 3724/1936/259
f 558/1943/259 3724/1936/259 3729/1939/259 557/1944/259
f 126/1901/252 1551/1903/251 3726/1940/259 1561/1925/257
f 1551/1903/251 1550/1900/251 3727/1941/259 3726/1940/259
f 1561/1925/257 3726/1940/259 3725/1937/259 1562/1927/257
f 65/1897/250 556/1945/259 3728/1942/259 1549/1898/251
f 556/1945/259 557/1944/259 3729/1939/259 3728/1942/259
f 1549/1898/251 3728/1942/259 3727/1941/259 1550/1900/251
f 3731/1946/260 3732/1947/260 3730/1948/260 3736/1949/260
f 3733/1950/260 3734/1951/260 3730/1948/260 3732/1947/260
f 3735/1952/260 3736/1949/260 3730/1948/260 3734/1951/260
f 129/1953/261 802/1954/262 3731/1946/260 799/1955/260
f 802/1954/262 803/1956/262 3732/1947/260 3731/1946/260
f 799/1955/260 3731/1946/260 3736/1949/260 800/1957/260
f 130/1958/263 805/1959/264 3733/1950/260 804/1960/262
f 805/1959/264 806/1961/264 3734/1951/260 3733/1950/260
f 804/1960/262 3733/1950/260 3732/1947/260 803/1956/262
f 131/1962/265 801/1963/260 3735/1952/260 807/1964/264
f 801/1963/260 800/1957/260 3736/1949/260 3735/1952/260
f 807/1964/264 3735/1952/260 3734/1951/260 806/1961/264
f 3738/1965/266 3739/1966/266 3737/1967/266 3743/1968/266
f 3740/1969/266 3741/1970/266 3737/1967/266 3739/1966/266
f 3742/1971/266 3743/1968/266 3737/1967/266 3741/1970/266
f 130/1958/263 804/1960/262 3738/1965/266 808/1972/266
f 804/1960/262 803/1956/262 3739/1966/266 3738/1965/266
f 808/1972/266 3738/1965/266 3743/1968/266 809/1973/266
f 129/1953/261 811/1974/267 3740/1969/266 802/1954/262
f 811/1974/267 812/1975/267 3741/1970/266 3740/1969/266
f 802/1954/262 3740/1969/266 3739/1966/266 803/1956/262
f 132/1976/268 810/1977/266 3742/1971/266 813/1978/267
f 810/1977/266 809/1973/266 3743/1968/266 3742/1971/266
f 813/1978/267 3742/1971/266 3741/1970/266 812/1975/267
f 3745/1979/269 3746/1980/269 3744/1981/269 3750/1982/269
f 3747/1983/269 3748/1984/269 3744/1981/269 3746/1980/269
f 3749/1985/269 3750/1982/269 3744/1981/269 3748/1984/269
f 133/1986/269 1570/1987/269 3745/1979/269 1567/1988/269
f 1570/1987/269 1571/1989/269 3746/1980/269 3745/1979/269
f 1567/1988/269 3745/1979/269 3750/1982/269 1568/1990/269
f 42/1991/269 1573/1992/269 3747/1983/269 1572/1993/269
f 1573/1992/269 1574/1994/269 3748/1984/269 3747/1983/269
f 1572/1993/269 3747/1983/269 3746/1980/269 1571/1989/269
f 96/1995/269 1569/1996/269 3749/1985/269 1575/1997/269
f 1569/1996/269 1568/1990/269 3750/1982/269 3749/1985/269
f 1575/1997/269 3749/1985/269 3748/1984/269 1574/1994/269
f 3752/1998/269 3753/1999/269 3751/2000/269 3757/2001/269
f 3754/2002/269 3755/2003/269 3751/2000/269 3753/1999/269
f 3756/2004/269 3757/2001/269 3751/2000/269 3755/2003/269
f 96/1995/269 1575/1997/269 3752/1998/269 1576/2005/269
f 1575/1997/269 1574/1994/269 3753/1999/269 3752/1998/269
f 1576/2005/269 3752/1998/269 3757/2001/269 1577/2006/269
f 42/1991/269 1579/2007/269 3754/2002/269 1573/1992/269
f 1579/2007/269 1580/2008/269 3755/2003/269 3754/2002/269
f 1573/1992/269 3754/2002/269 3753/1999/269 1574/1994/269
f 134/2009/269 1578/2010/269 3756/2004/269 1581/2011/269
f 1578/2010/269 1577/2006/269 3757/2001/269 3756/2004/269
f 1581/2011/269 3756/2004/269 3755/2003/269 1580/2008/269
f 3759/2012/269 3760/2013/269 3758/2014/269 3764/2015/269
f 3761/2016/269 3762/2017/269 3758/2014/269 3760/2013/269
f 3763/2018/269 3764/2015/269 3758/2014/269 3762/2017/269
f 42/1991/269 457/2019/269 3759/2012/269 1579/2007/269
f 457/2019/269 458/2020/269 3760/2013/269 3759/2012/269
f 1579/2007/269 3759/2012/269 3764/2015/269 1580/2008/269
f 43/2021/269 1584/2022/269 3761/2016/269 459/2023/269
f 1584/2022/269 1583/2024/269 3762/2017/269 3761/2016/269
f 459/2023/269 3761/2016/269 3760/2013/269 458/2020/269
f 134/2009/269 1581/2011/269 3763/2018/269 1582/2025/269
f 1581/2011/269 1580/2008/269 3764/2015/269 3763/2018/269
f 1582/2025/269 3763/2018/269 3762/2017/269 1583/2024/269
f 3766/2026/269 3767/2027/269 3765/2028/269 3771/2029/269
f 3768/2030/269 3769/2031/269 3765/2028/269 3767/2027/269
f 3770/2032/269 3771/2029/269 3765/2028/269 3769/2031/269
f 42/1991/269 1572/1993/269 3766/2026/269 1470/2033/269
f 1572/1993/269 1571/1989/269 3767/2027/269 3766/2026/269
f 1470/2033/269 3766/2026/269 3771/2029/269 1469/2034/269
f 133/1986/269 1585/2035/269 3768/2030/269 1570/1987/269
f 1585/2035/269 1586/2036/269 3769/2031/269 3768/2030/269
f 1570/1987/269 3768/2030/269 3767/2027/269 1571/1989/269
f 103/2037/269 1468/2038/269 3770/2032/269 1587/2039/269
f 1468/2038/269 1469/2034/269 3771/2029/269 3770/2032/269
f 1587/2039/269 3770/2032/269 3769/2031/269 1586/2036/269
f 3773/2040/269 3774/2041/269 3772/2042/269 3778/2043/269
f 3775/2044/269 3776/2045/269 3772/2042/269 3774/2041/269
f 3777/2046/269 3778/2043/269 3772/2042/269 3776/2045/269
f 134/2009/269 1582/2025/269 3773/2040/269 814/2047/269
f 1582/2025/269 1583/2024/269 3774/2041/269 3773/2040/269
f 814/2047/269 3773/2040/269 3778/2043/269 815/2048/269
f 43/2021/269 1588/2049/269 3775/2044/269 1584/2022/269
f 1588/2049/269 1589/2050/269 3776/2045/269 3775/2044/269
f 1584/2022/269 3775/2044/269 3774/2041/269 1583/2024/269
f 135/2051/269 816/2052/269 3777/2046/269 1590/2053/269
f 816/2052/269 815/2048/269 3778/2043/269 3777/2046/269
f 1590/2053/269 3777/2046/269 3776/2045/269 1589/2050/269
f 3780/2054/269 3781/2055/269 3779/2056/269 3785/2057/269
f 3782/2058/269 3783/2059/269 3779/2056/269 3781/2055/269
f 3784/2060/269 3785/2057/269 3779/2056/269 3783/2059/269
f 96/1995/269 1591/2061/269 3780/2054/269 1569/1996/269
f 1591/2061/269 1592/2062/269 3781/2055/269 3780/2054/269
f 1569/1996/269 3780/2054/269 3785/2057/269 1568/1990/269
f 136/2063/269 819/2064/269 3782/2058/269 1593/2065/269
f 819/2064/269 818/2066/269 3783/2059/269 3782/2058/269
f 1593/2065/269 3782/2058/269 3781/2055/269 1592/2062/269
f 133/1986/269 1567/1988/269 3784/2060/269 817/2067/269
f 1567/1988/269 1568/1990/269 3785/2057/269 3784/2060/269
f 817/2067/269 3784/2060/269 3783/2059/269 818/2066/269
f 3787/2068/269 3788/2069/269 3786/2070/269 3792/2071/269
f 3789/2072/269 3790/2073/269 3786/2070/269 3788/2069/269
f 3791/2074/269 3792/2071/269 3786/2070/269 3790/2073/269
f 137/2075/269 1596/2076/269 3787/2068/269 822/2077/269
f 1596/2076/269 1595/2078/269 3788/2069/269 3787/2068/269
f 822/2077/269 3787/2068/269 3792/2071/269 821/2079/269
f 103/2037/269 1587/2039/269 3789/2072/269 1594/2080/269
f 1587/2039/269 1586/2036/269 3790/2073/269 3789/2072/269
f 1594/2080/269 3789/2072/269 3788/2069/269 1595/2078/269
f 133/1986/269 820/2081/269 3791/2074/269 1585/2035/269
f 820/2081/269 821/2079/269 3792/2071/269 3791/2074/269
f 1585/2035/269 3791/2074/269 3790/2073/269 1586/2036/269
f 3794/2082/269 3795/2083/269 3793/2084/269 3799/2085/269
f 3796/2086/269 3797/2087/269 3793/2084/269 3795/2083/269
f 3798/2088/269 3799/2085/269 3793/2084/269 3797/2087/269
f 136/2063/269 1593/2065/269 3794/2082/269 1597/2089/269
f 1593/2065/269 1592/2062/269 3795/2083/269 3794/2082/269
f 1597/2089/269 3794/2082/269 3799/2085/269 1598/2090/269
f 96/1995/269 708/2091/269 3796/2086/269 1591/2061/269
f 708/2091/269 707/2092/269 3797/2087/269 3796/2086/269
f 1591/2061/269 3796/2086/269 3795/2083/269 1592/2062/269
f 95/2093/269 1599/2094/269 3798/2088/269 706/2095/269
f 1599/2094/269 1598/2090/269 3799/2085/269 3798/2088/269
f 706/2095/269 3798/2088/269 3797/2087/269 707/2092/269
f 3801/2096/269 3802/2097/269 3800/2098/269 3806/2099/269
f 3803/2100/269 3804/2101/269 3800/2098/269 3802/2097/269
f 3805/2102/269 3806/2099/269 3800/2098/269 3804/2101/269
f 103/2037/269 1594/2080/269 3801/2096/269 732/2103/269
f 1594/2080/269 1595/2078/269 3802/2097/269 3801/2096/269
f 732/2103/269 3801/2096/269 3806/2099/269 731/2104/269
f 137/2075/269 1600/2105/269 3803/2100/269 1596/2076/269
f 1600/2105/269 1601/2106/269 3804/2101/269 3803/2100/269
f 1596/2076/269 3803/2100/269 3802/2097/269 1595/2078/269
f 101/2107/269 730/2108/269 3805/2102/269 1602/2109/269
f 730/2108/269 731/2104/269 3806/2099/269 3805/2102/269
f 1602/2109/269 3805/2102/269 3804/2101/269 1601/2106/269
f 3808/2110/269 3809/2111/269 3807/2112/269 3813/2113/269
f 3810/2114/269 3811/2115/269 3807/2112/269 3809/2111/269
f 3812/2116/269 3813/2113/269 3807/2112/269 3811/2115/269
f 136/2063/269 1597/2089/269 3808/2110/269 823/2117/269
f 1597/2089/269 1598/2090/269 3809/2111/269 3808/2110/269
f 823/2117/269 3808/2110/269 3813/2113/269 824/2118/269
f 95/2093/269 1603/2119/269 3810/2114/269 1599/2094/269
f 1603/2119/269 1604/2120/269 3811/2115/269 3810/2114/269
f 1599/2094/269 3810/2114/269 3809/2111/269 1598/2090/269
f 138/2121/269 825/2122/269 3812/2116/269 1605/2123/269
f 825/2122/269 824/2118/269 3813/2113/269 3812/2116/269
f 1605/2123/269 3812/2116/269 3811/2115/269 1604/2120/269
f 3815/2124/269 3816/2125/269 3814/2126/269 3820/2127/269
f 3817/2128/269 3818/2129/269 3814/2126/269 3816/2125/269
f 3819/2130/269 3820/2127/269 3814/2126/269 3818/2129/269
f 137/2075/269 1606/2131/269 3815/2124/269 1600/2105/269
f 1606/2131/269 1607/2132/269 3816/2125/269 3815/2124/269
f 1600/2105/269 3815/2124/269 3820/2127/269 1601/2106/269
f 100/2133/269 718/2134/269 3817/2128/269 1608/2135/269
f 718/2134/269 719/2136/269 3818/2129/269 3817/2128/269
f 1608/2135/269 3817/2128/269 3816/2125/269 1607/2132/269
f 101/2107/269 1602/2109/269 3819/2130/269 720/2137/269
f 1602/2109/269 1601/2106/269 3820/2127/269 3819/2130/269
f 720/2137/269 3819/2130/269 3818/2129/269 719/2136/269
f 3822/2138/269 3823/2139/269 3821/2140/269 3827/2141/269
f 3824/2142/269 3825/2143/269 3821/2140/269 3823/2139/269
f 3826/2144/269 3827/2141/269 3821/2140/269 3825/2143/269
f 138/2121/269 1605/2123/269 3822/2138/269 1609/2145/269
f 1605/2123/269 1604/2120/269 3823/2139/269 3822/2138/269
f 1609/2145/269 3822/2138/269 3827/2141/269 1610/2146/269
f 95/2093/269 1434/2147/269 3824/2142/269 1603/2119/269
f 1434/2147/269 1433/2148/269 3825/2143/269 3824/2142/269
f 1603/2119/269 3824/2142/269 3823/2139/269 1604/2120/269
f 35/2149/269 1611/2150/269 3826/2144/269 1432/2151/269
f 1611/2150/269 1610/2146/269 3827/2141/269 3826/2144/269
f 1432/2151/269 3826/2144/269 3825/2143/269 1433/2148/269
f 3829/2152/269 3830/2153/269 3828/2154/269 3834/2155/269
f 3831/2156/269 3832/2157/269 3828/2154/269 3830/2153/269
f 3833/2158/269 3834/2155/269 3828/2154/269 3832/2157/269
f 33/2159/269 1614/2160/269 3829/2152/269 433/2161/269
f 1614/2160/269 1613/2162/269 3830/2153/269 3829/2152/269
f 433/2161/269 3829/2152/269 3834/2155/269 434/2163/269
f 138/2121/269 1609/2145/269 3831/2156/269 1612/2164/269
f 1609/2145/269 1610/2146/269 3832/2157/269 3831/2156/269
f 1612/2164/269 3831/2156/269 3830/2153/269 1613/2162/269
f 35/2149/269 435/2165/269 3833/2158/269 1611/2150/269
f 435/2165/269 434/2163/269 3834/2155/269 3833/2158/269
f 1611/2150/269 3833/2158/269 3832/2157/269 1610/2146/269
f 3836/2166/269 3837/2167/269 3835/2168/269 3841/2169/269
f 3838/2170/269 3839/2171/269 3835/2168/269 3837/2167/269
f 3840/2172/269 3841/2169/269 3835/2168/269 3839/2171/269
f 138/2121/269 1612/2164/269 3836/2166/269 826/2173/269
f 1612/2164/269 1613/2162/269 3837/2167/269 3836/2166/269
f 826/2173/269 3836/2166/269 3841/2169/269 827/2174/269
f 33/2159/269 1615/2175/269 3838/2170/269 1614/2160/269
f 1615/2175/269 1616/2176/269 3839/2171/269 3838/2170/269
f 1614/2160/269 3838/2170/269 3837/2167/269 1613/2162/269
f 139/2177/269 828/2178/269 3840/2172/269 1617/2179/269
f 828/2178/269 827/2174/269 3841/2169/269 3840/2172/269
f 1617/2179/269 3840/2172/269 3839/2171/269 1616/2176/269
f 3843/2180/269 3844/2181/269 3842/2182/269 3848/2183/269
f 3845/2184/269 3846/2185/269 3842/2182/269 3844/2181/269
f 3847/2186/269 3848/2183/269 3842/2182/269 3846/2185/269
f 34/2187/269 1620/2188/269 3843/2180/269 432/2189/269
f 1620/2188/269 1619/2190/269 3844/2181/269 3843/2180/269
f 432/2189/269 3843/2180/269 3848/2183/269 431/2191/269
f 139/2177/269 1617/2179/269 3845/2184/269 1618/2192/269
f 1617/2179/269 1616/2176/269 3846/2185/269 3845/2184/269
f 1618/2192/269 3845/2184/269 3844/2181/269 1619/2190/269
f 33/2159/269 430/2193/269 3847/2186/269 1615/2175/269
f 430/2193/269 431/2191/269 3848/2183/269 3847/2186/269
f 1615/2175/269 3847/2186/269 3846/2185/269 1616/2176/269
f 3850/2194/269 3851/2195/269 3849/2196/269 3855/2197/269
f 3852/2198/269 3853/2199/269 3849/2196/269 3851/2195/269
f 3854/2200/269 3855/2197/269 3849/2196/269 3853/2199/269
f 139/2177/269 1618/2192/269 3850/2194/269 829/2201/269
f 1618/2192/269 1619/2190/269 3851/2195/269 3850/2194/269
f 829/2201/269 3850/2194/269 3855/2197/269 830/2202/269
f 34/2187/269 1621/2203/269 3852/2198/269 1620/2188/269
f 1621/2203/269 1622/2204/269 3853/2199/269 3852/2198/269
f 1620/2188/269 3852/2198/269 3851/2195/269 1619/2190/269
f 140/2205/269 831/2206/269 3854/2200/269 1623/2207/269
f 831/2206/269 830/2202/269 3855/2197/269 3854/2200/269
f 1623/2207/269 3854/2200/269 3853/2199/269 1622/2204/269
f 3857/2208/269 3858/2209/269 3856/2210/269 3862/2211/269
f 3859/2212/269 3860/2213/269 3856/2210/269 3858/2209/269
f 3861/2214/269 3862/2211/269 3856/2210/269 3860/2213/269
f 141/2215/269 834/2216/269 3857/2208/269 1626/2217/269
f 834/2216/269 833/2218/269 3858/2209/269 3857/2208/269
f 1626/2217/269 3857/2208/269 3862/2211/269 1625/2219/269
f 140/2205/269 1623/2207/269 3859/2212/269 832/2220/269
f 1623/2207/269 1622/2204/269 3860/2213/269 3859/2212/269
f 832/2220/269 3859/2212/269 3858/2209/269 833/2218/269
f 34/2187/269 1624/2221/269 3861/2214/269 1621/2203/269
f 1624/2221/269 1625/2219/269 3862/2211/269 3861/2214/269
f 1621/2203/269 3861/2214/269 3860/2213/269 1622/2204/269
f 3864/2222/269 3865/2223/269 3863/2224/269 3869/2225/269
f 3866/2226/269 3867/2227/269 3863/2224/269 3865/2223/269
f 3868/2228/269 3869/2225/269 3863/2224/269 3867/2227/269
f 100/2133/269 1608/2135/269 3864/2222/269 1627/2229/269
f 1608/2135/269 1607/2132/269 3865/2223/269 3864/2222/269
f 1627/2229/269 3864/2222/269 3869/2225/269 1628/2230/269
f 137/2075/269 835/2231/269 3866/2226/269 1606/2131/269
f 835/2231/269 836/2232/269 3867/2227/269 3866/2226/269
f 1606/2131/269 3866/2226/269 3865/2223/269 1607/2132/269
f 142/2233/269 1629/2234/269 3868/2228/269 837/2235/269
f 1629/2234/269 1628/2230/269 3869/2225/269 3868/2228/269
f 837/2235/269 3868/2228/269 3867/2227/269 836/2232/269
f 3871/2236/269 3872/2237/269 3870/2238/269 3876/2239/269
f 3873/2240/269 3874/2241/269 3870/2238/269 3872/2237/269
f 3875/2242/269 3876/2239/269 3870/2238/269 3874/2241/269
f 140/2205/269 832/2220/269 3871/2236/269 838/2243/269
f 832/2220/269 833/2218/269 3872/2237/269 3871/2236/269
f 838/2243/269 3871/2236/269 3876/2239/269 839/2244/269
f 141/2215/269 841/2245/269 3873/2240/269 834/2216/269
f 841/2245/269 842/2246/269 3874/2241/269 3873/2240/269
f 834/2216/269 3873/2240/269 3872/2237/269 833/2218/269
f 143/2247/269 840/2248/269 3875/2242/269 843/2249/269
f 840/2248/269 839/2244/269 3876/2239/269 3875/2242/269
f 843/2249/269 3875/2242/269 3874/2241/269 842/2246/269
f 3878/2250/269 3879/2251/269 3877/2252/269 3883/2253/269
f 3880/2254/269 3881/2255/269 3877/2252/269 3879/2251/269
f 3882/2256/269 3883/2253/269 3877/2252/269 3881/2255/269
f 142/2233/269 844/2257/269 3878/2250/269 1629/2234/269
f 844/2257/269 845/2258/269 3879/2251/269 3878/2250/269
f 1629/2234/269 3878/2250/269 3883/2253/269 1628/2230/269
f 144/2259/269 1632/2260/269 3880/2254/269 846/2261/269
f 1632/2260/269 1631/2262/269 3881/2255/269 3880/2254/269
f 846/2261/269 3880/2254/269 3879/2251/269 845/2258/269
f 100/2133/269 1627/2229/269 3882/2256/269 1630/2263/269
f 1627/2229/269 1628/2230/269 3883/2253/269 3882/2256/269
f 1630/2263/269 3882/2256/269 3881/2255/269 1631/2262/269
f 3885/2264/269 3886/2265/269 3884/2266/269 3890/2267/269
f 3887/2268/269 3888/2269/269 3884/2266/269 3886/2265/269
f 3889/2270/269 3890/2267/269 3884/2266/269 3888/2269/269
f 144/2259/269 846/2261/269 3885/2264/269 1633/2271/269
f 846/2261/269 845/2258/269 3886/2265/269 3885/2264/269
f 1633/2271/269 3885/2264/269 3890/2267/269 1634/2272/269
f 142/2233/269 1636/2273/269 3887/2268/269 844/2257/269
f 1636/2273/269 1637/2274/269 3888/2269/269 3887/2268/269
f 844/2257/269 3887/2268/269 3886/2265/269 845/2258/269
f 50/2275/269 1635/2276/269 3889/2270/269 1638/2277/269
f 1635/2276/269 1634/2272/269 3890/2267/269 3889/2270/269
f 1638/2277/269 3889/2270/269 3888/2269/269 1637/2274/269
f 3892/2278/269 3893/2279/269 3891/2280/269 3897/2281/269
f 3894/2282/269 3895/2283/269 3891/2280/269 3893/2279/269
f 3896/2284/269 3897/2281/269 3891/2280/269 3895/2283/269
f 100/2133/269 1630/2263/269 3892/2278/269 1639/2285/269
f 1630/2263/269 1631/2262/269 3893/2279/269 3892/2278/269
f 1639/2285/269 3892/2278/269 3897/2281/269 1640/2286/269
f 144/2259/269 847/2287/269 3894/2282/269 1632/2260/269
f 847/2287/269 848/2288/269 3895/2283/269 3894/2282/269
f 1632/2260/269 3894/2282/269 3893/2279/269 1631/2262/269
f 145/2289/269 1641/2290/269 3896/2284/269 849/2291/269
f 1641/2290/269 1640/2286/269 3897/2281/269 3896/2284/269
f 849/2291/269 3896/2284/269 3895/2283/269 848/2288/269
f 3899/2292/269 3900/2293/269 3898/2294/269 3904/2295/269
f 3901/2296/269 3902/2297/269 3898/2294/269 3900/2293/269
f 3903/2298/269 3904/2295/269 3898/2294/269 3902/2297/269
f 146/2299/269 855/2300/269 3899/2292/269 852/2301/269
f 855/2300/269 854/2302/269 3900/2293/269 3899/2292/269
f 852/2301/269 3899/2292/269 3904/2295/269 851/2303/269
f 145/2289/269 849/2291/269 3901/2296/269 853/2304/269
f 849/2291/269 848/2288/269 3902/2297/269 3901/2296/269
f 853/2304/269 3901/2296/269 3900/2293/269 854/2302/269
f 144/2259/269 850/2305/269 3903/2298/269 847/2287/269
f 850/2305/269 851/2303/269 3904/2295/269 3903/2298/269
f 847/2287/269 3903/2298/269 3902/2297/269 848/2288/269
f 3906/2306/269 3907/2307/269 3905/2308/269 3911/2309/269
f 3908/2310/269 3909/2311/269 3905/2308/269 3907/2307/269
f 3910/2312/269 3911/2309/269 3905/2308/269 3909/2311/269
f 135/2051/269 859/2313/269 3906/2306/269 856/2314/269
f 859/2313/269 860/2315/269 3907/2307/269 3906/2306/269
f 856/2314/269 3906/2306/269 3911/2309/269 857/2316/269
f 143/2247/269 843/2249/269 3908/2310/269 861/2317/269
f 843/2249/269 842/2246/269 3909/2311/269 3908/2310/269
f 861/2317/269 3908/2310/269 3907/2307/269 860/2315/269
f 141/2215/269 858/2318/269 3910/2312/269 841/2245/269
f 858/2318/269 857/2316/269 3911/2309/269 3910/2312/269
f 841/2245/269 3910/2312/269 3909/2311/269 842/2246/269
f 3913/2319/269 3914/2320/269 3912/2321/269 3918/2322/269
f 3915/2323/269 3916/2324/269 3912/2321/269 3914/2320/269
f 3917/2325/269 3918/2322/269 3912/2321/269 3916/2324/269
f 145/2289/269 853/2304/269 3913/2319/269 862/2326/269
f 853/2304/269 854/2302/269 3914/2320/269 3913/2319/269
f 862/2326/269 3913/2319/269 3918/2322/269 863/2327/269
f 146/2299/269 865/2328/269 3915/2323/269 855/2300/269
f 865/2328/269 866/2329/269 3916/2324/269 3915/2323/269
f 855/2300/269 3915/2323/269 3914/2320/269 854/2302/269
f 147/2330/269 864/2331/269 3917/2325/269 867/2332/269
f 864/2331/269 863/2327/269 3918/2322/269 3917/2325/269
f 867/2332/269 3917/2325/269 3916/2324/269 866/2329/269
f 3920/2333/269 3921/2334/269 3919/2335/269 3925/2336/269
f 3922/2337/269 3923/2338/269 3919/2335/269 3921/2334/269
f 3924/2339/269 3925/2336/269 3919/2335/269 3923/2338/269
f 143/2247/269 861/2317/269 3920/2333/269 1644/2340/269
f 861/2317/269 860/2315/269 3921/2334/269 3920/2333/269
f 1644/2340/269 3920/2333/269 3925/2336/269 1643/2341/269
f 135/2051/269 1590/2053/269 3922/2337/269 859/2313/269
f 1590/2053/269 1589/2050/269 3923/2338/269 3922/2337/269
f 859/2313/269 3922/2337/269 3921/2334/269 860/2315/269
f 43/2021/269 1642/2342/269 3924/2339/269 1588/2049/269
f 1642/2342/269 1643/2341/269 3925/2336/269 3924/2339/269
f 1588/2049/269 3924/2339/269 3923/2338/269 1589/2050/269
f 3927/2343/269 3928/2344/269 3926/2345/269 3932/2346/269
f 3929/2347/269 3930/2348/269 3926/2345/269 3928/2344/269
f 3931/2349/269 3932/2346/269 3926/2345/269 3930/2348/269
f 143/2247/269 1644/2340/269 3927/2343/269 1645/2350/269
f 1644/2340/269 1643/2341/269 3928/2344/269 3927/2343/269
f 1645/2350/269 3927/2343/269 3932/2346/269 1646/2351/269
f 43/2021/269 450/2352/269 3929/2347/269 1642/2342/269
f 450/2352/269 449/2353/269 3930/2348/269 3929/2347/269
f 1642/2342/269 3929/2347/269 3928/2344/269 1643/2341/269
f 39/2354/269 1647/2355/269 3931/2349/269 448/2356/269
f 1647/2355/269 1646/2351/269 3932/2346/269 3931/2349/269
f 448/2356/269 3931/2349/269 3930/2348/269 449/2353/269
f 3934/2357/269 3935/2358/269 3933/2359/269 3939/2360/269
f 3936/2361/269 3937/2362/269 3933/2359/269 3935/2358/269
f 3938/2363/269 3939/2360/269 3933/2359/269 3937/2362/269
f 148/2364/269 870/2365/269 3934/2357/269 1650/2366/269
f 870/2365/269 869/2367/269 3935/2358/269 3934/2357/269
f 1650/2366/269 3934/2357/269 3939/2360/269 1649/2368/269
f 143/2247/269 1645/2350/269 3936/2361/269 868/2369/269
f 1645/2350/269 1646/2351/269 3937/2362/269 3936/2361/269
f 868/2369/269 3936/2361/269 3935/2358/269 869/2367/269
f 39/2354/269 1648/2370/269 3938/2363/269 1647/2355/269
f 1648/2370/269 1649/2368/269 3939/2360/269 3938/2363/269
f 1647/2355/269 3938/2363/269 3937/2362/269 1646/2351/269
f 3941/2371/269 3942/2372/269 3940/2373/269 3946/2374/269
f 3943/2375/269 3944/2376/269 3940/2373/269 3942/2372/269
f 3945/2377/269 3946/2374/269 3940/2373/269 3944/2376/269
f 149/2378/269 876/2379/269 3941/2371/269 873/2380/269
f 876/2379/269 875/2381/269 3942/2372/269 3941/2371/269
f 873/2380/269 3941/2371/269 3946/2374/269 872/2382/269
f 143/2247/269 868/2369/269 3943/2375/269 874/2383/269
f 868/2369/269 869/2367/269 3944/2376/269 3943/2375/269
f 874/2383/269 3943/2375/269 3942/2372/269 875/2381/269
f 148/2364/269 871/2384/269 3945/2377/269 870/2365/269
f 871/2384/269 872/2382/269 3946/2374/269 3945/2377/269
f 870/2365/269 3945/2377/269 3944/2376/269 869/2367/269
f 3948/2385/269 3949/2386/269 3947/2387/269 3953/2388/269
f 3950/2389/269 3951/2390/269 3947/2387/269 3949/2386/269
f 3952/2391/269 3953/2388/269 3947/2387/269 3951/2390/269
f 147/2330/269 880/2392/269 3948/2385/269 877/2393/269
f 880/2392/269 881/2394/269 3949/2386/269 3948/2385/269
f 877/2393/269 3948/2385/269 3953/2388/269 878/2395/269
f 149/2378/269 873/2380/269 3950/2389/269 882/2396/269
f 873/2380/269 872/2382/269 3951/2390/269 3950/2389/269
f 882/2396/269 3950/2389/269 3949/2386/269 881/2394/269
f 148/2364/269 879/2397/269 3952/2391/269 871/2384/269
f 879/2397/269 878/2395/269 3953/2388/269 3952/2391/269
f 871/2384/269 3952/2391/269 3951/2390/269 872/2382/269
f 3955/2398/269 3956/2399/269 3954/2400/269 3960/2401/269
f 3957/2402/269 3958/2403/269 3954/2400/269 3956/2399/269
f 3959/2404/269 3960/2401/269 3954/2400/269 3958/2403/269
f 146/2299/269 883/2405/269 3955/2398/269 865/2328/269
f 883/2405/269 884/2406/269 3956/2399/269 3955/2398/269
f 865/2328/269 3955/2398/269 3960/2401/269 866/2329/269
f 149/2378/269 882/2396/269 3957/2402/269 885/2407/269
f 882/2396/269 881/2394/269 3958/2403/269 3957/2402/269
f 885/2407/269 3957/2402/269 3956/2399/269 884/2406/269
f 147/2330/269 867/2332/269 3959/2404/269 880/2392/269
f 867/2332/269 866/2329/269 3960/2401/269 3959/2404/269
f 880/2392/269 3959/2404/269 3958/2403/269 881/2394/269
f 3962/2408/269 3963/2409/269 3961/2410/269 3967/2411/269
f 3964/2412/269 3965/2413/269 3961/2410/269 3963/2409/269
f 3966/2414/269 3967/2411/269 3961/2410/269 3965/2413/269
f 149/2378/269 885/2407/269 3962/2408/269 886/2415/269
f 885/2407/269 884/2406/269 3963/2409/269 3962/2408/269
f 886/2415/269 3962/2408/269 3967/2411/269 887/2416/269
f 146/2299/269 889/2417/269 3964/2412/269 883/2405/269
f 889/2417/269 890/2418/269 3965/2413/269 3964/2412/269
f 883/2405/269 3964/2412/269 3963/2409/269 884/2406/269
f 150/2419/269 888/2420/269 3966/2414/269 891/2421/269
f 888/2420/269 887/2416/269 3967/2411/269 3966/2414/269
f 891/2421/269 3966/2414/269 3965/2413/269 890/2418/269
f 3969/2422/270 3970/2423/270 3968/2424/270 3974/2425/270
f 3971/2426/270 3972/2427/270 3968/2424/270 3970/2423/270
f 3973/2428/270 3974/2425/270 3968/2424/270 3972/2427/270
f 151/2429/271 1651/2430/272 3969/2422/270 892/2431/270
f 1651/2430/272 1652/2432/272 3970/2423/270 3969/2422/270
f 892/2431/270 3969/2422/270 3974/2425/270 893/2433/270
f 137/2075/273 1654/2434/274 3971/2426/270 1653/2435/272
f 1654/2434/274 1655/2436/274 3972/2427/270 3971/2426/270
f 1653/2435/272 3971/2426/270 3970/2423/270 1652/2432/272
f 152/2437/275 894/2438/270 3973/2428/270 1656/2439/274
f 894/2438/270 893/2433/270 3974/2425/270 3973/2428/270
f 1656/2439/274 3973/2428/270 3972/2427/270 1655/2436/274
f 3976/2440/276 3977/2441/276 3975/2442/276 3981/2443/276
f 3978/2444/276 3979/2445/276 3975/2442/276 3977/2441/276
f 3980/2446/276 3981/2443/276 3975/2442/276 3979/2445/276
f 153/2447/277 897/2448/276 3976/2440/276 1659/2449/278
f 897/2448/276 896/2450/276 3977/2441/276 3976/2440/276
f 1659/2449/278 3976/2440/276 3981/2443/276 1658/2451/278
f 152/2437/275 1656/2439/274 3978/2444/276 895/2452/276
f 1656/2439/274 1655/2436/274 3979/2445/276 3978/2444/276
f 895/2452/276 3978/2444/276 3977/2441/276 896/2450/276
f 137/2075/273 1657/2453/278 3980/2446/276 1654/2434/274
f 1657/2453/278 1658/2451/278 3981/2443/276 3980/2446/276
f 1654/2434/274 3980/2446/276 3979/2445/276 1655/2436/274
f 3983/2454/279 3984/2455/279 3982/2456/279 3988/2457/279
f 3985/2458/279 3986/2459/279 3982/2456/279 3984/2455/279
f 3987/2460/279 3988/2457/279 3982/2456/279 3986/2459/279
f 137/2075/273 1653/2435/272 3983/2454/279 835/2231/279
f 1653/2435/272 1652/2432/272 3984/2455/279 3983/2454/279
f 835/2231/279 3983/2454/279 3988/2457/279 836/2232/279
f 151/2429/271 1660/2461/280 3985/2458/279 1651/2430/272
f 1660/2461/280 1661/2462/280 3986/2459/279 3985/2458/279
f 1651/2430/272 3985/2458/279 3984/2455/279 1652/2432/272
f 142/2233/281 837/2235/279 3987/2460/279 1662/2463/280
f 837/2235/279 836/2232/279 3988/2457/279 3987/2460/279
f 1662/2463/280 3987/2460/279 3986/2459/279 1661/2462/280
f 3990/2464/282 3991/2465/282 3989/2466/282 3995/2467/282
f 3992/2468/282 3993/2469/282 3989/2466/282 3991/2465/282
f 3994/2470/282 3995/2467/282 3989/2466/282 3993/2469/282
f 137/2075/273 822/2077/282 3990/2464/282 1657/2453/278
f 822/2077/282 821/2079/282 3991/2465/282 3990/2464/282
f 1657/2453/278 3990/2464/282 3995/2467/282 1658/2451/278
f 133/1986/283 1665/2471/284 3992/2468/282 820/2081/282
f 1665/2471/284 1664/2472/284 3993/2469/282 3992/2468/282
f 820/2081/282 3992/2468/282 3991/2465/282 821/2079/282
f 153/2447/277 1659/2449/278 3994/2470/282 1663/2473/284
f 1659/2449/278 1658/2451/278 3995/2467/282 3994/2470/282
f 1663/2473/284 3994/2470/282 3993/2469/282 1664/2472/284
f 3997/2474/285 3998/2475/285 3996/2476/285 4002/2477/285
f 3999/2478/285 4000/2479/285 3996/2476/285 3998/2475/285
f 4001/2480/285 4002/2477/285 3996/2476/285 4000/2479/285
f 151/2429/271 1666/2481/286 3997/2474/285 1660/2461/280
f 1666/2481/286 1667/2482/286 3998/2475/285 3997/2474/285
f 1660/2461/280 3997/2474/285 4002/2477/285 1661/2462/280
f 50/2275/94 1638/2277/285 3999/2478/285 1668/2483/286
f 1638/2277/285 1637/2274/285 4000/2479/285 3999/2478/285
f 1668/2483/286 3999/2478/285 3998/2475/285 1667/2482/286
f 142/2233/281 1662/2463/280 4001/2480/285 1636/2273/285
f 1662/2463/280 1661/2462/280 4002/2477/285 4001/2480/285
f 1636/2273/285 4001/2480/285 4000/2479/285 1637/2274/285
f 4004/2484/287 4005/2485/287 4003/2486/287 4009/2487/287
f 4006/2488/287 4007/2489/287 4003/2486/287 4005/2485/287
f 4008/2490/287 4009/2487/287 4003/2486/287 4007/2489/287
f 136/2063/288 1671/2491/289 4004/2484/287 819/2064/287
f 1671/2491/289 1670/2492/289 4005/2485/287 4004/2484/287
f 819/2064/287 4004/2484/287 4009/2487/287 818/2066/287
f 153/2447/277 1663/2473/284 4006/2488/287 1669/2493/289
f 1663/2473/284 1664/2472/284 4007/2489/287 4006/2488/287
f 1669/2493/289 4006/2488/287 4005/2485/287 1670/2492/289
f 133/1986/283 817/2067/287 4008/2490/287 1665/2471/284
f 817/2067/287 818/2066/287 4009/2487/287 4008/2490/287
f 1665/2471/284 4008/2490/287 4007/2489/287 1664/2472/284
f 4011/2494/290 4012/2495/290 4010/2496/290 4016/2497/290
f 4013/2498/290 4014/2499/290 4010/2496/290 4012/2495/290
f 4015/2500/290 4016/2497/290 4010/2496/290 4014/2499/290
f 151/2429/271 1672/2501/290 4011/2494/290 1666/2481/286
f 1672/2501/290 1673/2502/290 4012/2495/290 4011/2494/290
f 1666/2481/286 4011/2494/290 4016/2497/290 1667/2482/286
f 32/2503/96 1374/2504/95 4013/2498/290 1674/2505/290
f 1374/2504/95 1373/2506/95 4014/2499/290 4013/2498/290
f 1674/2505/290 4013/2498/290 4012/2495/290 1673/2502/290
f 50/2275/94 1668/2483/286 4015/2500/290 1372/2507/95
f 1668/2483/286 1667/2482/286 4016/2497/290 4015/2500/290
f 1372/2507/95 4015/2500/290 4014/2499/290 1373/2506/95
f 4018/2508/291 4019/2509/291 4017/2510/291 4023/2511/291
f 4020/2512/291 4021/2513/291 4017/2510/291 4019/2509/291
f 4022/2514/291 4023/2511/291 4017/2510/291 4021/2513/291
f 153/2447/277 1669/2493/289 4018/2508/291 898/2515/291
f 1669/2493/289 1670/2492/289 4019/2509/291 4018/2508/291
f 898/2515/291 4018/2508/291 4023/2511/291 899/2516/292
f 136/2063/288 1675/2517/293 4020/2512/291 1671/2491/289
f 1675/2517/293 1676/2518/293 4021/2513/291 4020/2512/291
f 1671/2491/289 4020/2512/291 4019/2509/291 1670/2492/289
f 154/2519/294 900/2520/291 4022/2514/291 1677/2521/293
f 900/2520/291 899/2516/292 4023/2511/291 4022/2514/291
f 1677/2521/293 4022/2514/291 4021/2513/291 1676/2518/293
f 4025/2522/295 4026/2523/295 4024/2524/295 4030/2525/295
f 4027/2526/295 4028/2527/295 4024/2524/295 4026/2523/295
f 4029/2528/295 4030/2525/295 4024/2524/295 4028/2527/295
f 138/2121/296 1680/2529/297 4025/2522/295 825/2122/295
f 1680/2529/297 1679/2530/297 4026/2523/295 4025/2522/295
f 825/2122/295 4025/2522/295 4030/2525/295 824/2118/295
f 154/2519/294 1677/2521/293 4027/2526/295 1678/2531/297
f 1677/2521/293 1676/2518/293 4028/2527/295 4027/2526/295
f 1678/2531/297 4027/2526/295 4026/2523/295 1679/2530/297
f 136/2063/288 823/2117/295 4029/2528/295 1675/2517/293
f 823/2117/295 824/2118/295 4030/2525/295 4029/2528/295
f 1675/2517/293 4029/2528/295 4028/2527/295 1676/2518/293
f 4032/2532/298 4033/2533/298 4031/2534/298 4037/2535/298
f 4034/2536/298 4035/2537/298 4031/2534/298 4033/2533/298
f 4036/2538/298 4037/2535/298 4031/2534/298 4035/2537/298
f 50/2275/94 1369/2539/93 4032/2532/298 1635/2276/298
f 1369/2539/93 1370/2540/93 4033/2533/298 4032/2532/298
f 1635/2276/298 4032/2532/298 4037/2535/298 1634/2272/298
f 30/2541/92 1681/2542/299 4034/2536/298 1371/2543/93
f 1681/2542/299 1682/2544/299 4035/2537/298 4034/2536/298
f 1371/2543/93 4034/2536/298 4033/2533/298 1370/2540/93
f 144/2259/300 1633/2271/298 4036/2538/298 1683/2545/299
f 1633/2271/298 1634/2272/298 4037/2535/298 4036/2538/298
f 1683/2545/299 4036/2538/298 4035/2537/298 1682/2544/299
f 4039/2546/297 4040/2547/297 4038/2548/297 4044/2549/297
f 4041/2550/297 4042/2551/297 4038/2548/297 4040/2547/297
f 4043/2552/297 4044/2549/297 4038/2548/297 4042/2551/297
f 154/2519/294 1678/2531/297 4039/2546/297 901/2553/297
f 1678/2531/297 1679/2530/297 4040/2547/297 4039/2546/297
f 901/2553/297 4039/2546/297 4044/2549/297 902/2554/297
f 138/2121/296 1684/2555/301 4041/2550/297 1680/2529/297
f 1684/2555/301 1685/2556/301 4042/2551/297 4041/2550/297
f 1680/2529/297 4041/2550/297 4040/2547/297 1679/2530/297
f 155/2557/302 903/2558/297 4043/2552/297 1686/2559/301
f 903/2558/297 902/2554/297 4044/2549/297 4043/2552/297
f 1686/2559/301 4043/2552/297 4042/2551/297 1685/2556/301
f 4046/2560/303 4047/2561/303 4045/2562/303 4051/2563/303
f 4048/2564/303 4049/2565/303 4045/2562/303 4047/2561/303
f 4050/2566/303 4051/2563/303 4045/2562/303 4049/2565/303
f 28/2567/304 1689/2568/305 4046/2560/303 412/2569/303
f 1689/2568/305 1688/2570/305 4047/2561/303 4046/2560/303
f 412/2569/303 4046/2560/303 4051/2563/303 413/2571/303
f 144/2259/300 1683/2545/299 4048/2564/303 1687/2572/305
f 1683/2545/299 1682/2544/299 4049/2565/303 4048/2564/303
f 1687/2572/305 4048/2564/303 4047/2561/303 1688/2570/305
f 30/2541/92 414/2573/303 4050/2566/303 1681/2542/299
f 414/2573/303 413/2571/303 4051/2563/303 4050/2566/303
f 1681/2542/299 4050/2566/303 4049/2565/303 1682/2544/299
f 4053/2574/306 4054/2575/306 4052/2576/306 4058/2577/306
f 4055/2578/306 4056/2579/306 4052/2576/306 4054/2575/306
f 4057/2580/306 4058/2577/306 4052/2576/306 4056/2579/306
f 138/2121/296 1690/2581/307 4053/2574/306 1684/2555/301
f 1690/2581/307 1691/2582/307 4054/2575/306 4053/2574/306
f 1684/2555/301 4053/2574/306 4058/2577/306 1685/2556/301
f 156/2583/308 906/2584/306 4055/2578/306 1692/2585/307
f 906/2584/306 905/2586/306 4056/2579/306 4055/2578/306
f 1692/2585/307 4055/2578/306 4054/2575/306 1691/2582/307
f 155/2557/302 1686/2559/301 4057/2580/306 904/2587/306
f 1686/2559/301 1685/2556/301 4058/2577/306 4057/2580/306
f 904/2587/306 4057/2580/306 4056/2579/306 905/2586/306
f 4060/2588/309 4061/2589/309 4059/2590/309 4065/2591/309
f 4062/2592/309 4063/2593/309 4059/2590/309 4061/2589/309
f 4064/2594/309 4065/2591/309 4059/2590/309 4063/2593/309
f 144/2259/300 1687/2572/305 4060/2588/309 850/2305/310
f 1687/2572/305 1688/2570/305 4061/2589/309 4060/2588/309
f 850/2305/310 4060/2588/309 4065/2591/309 851/2303/309
f 28/2567/304 1693/2595/311 4062/2592/309 1689/2568/305
f 1693/2595/311 1694/2596/311 4063/2593/309 4062/2592/309
f 1689/2568/305 4062/2592/309 4061/2589/309 1688/2570/305
f 146/2299/312 852/2301/309 4064/2594/309 1695/2597/311
f 852/2301/309 851/2303/309 4065/2591/309 4064/2594/309
f 1695/2597/311 4064/2594/309 4063/2593/309 1694/2596/311
f 4067/2598/313 4068/2599/313 4066/2600/313 4072/2601/313
f 4069/2602/313 4070/2603/313 4066/2600/313 4068/2599/313
f 4071/2604/313 4072/2601/313 4066/2600/313 4070/2603/313
f 156/2583/308 1692/2585/307 4067/2598/313 1696/2605/314
f 1692/2585/307 1691/2582/307 4068/2599/313 4067/2598/313
f 1696/2605/314 4067/2598/313 4072/2601/313 1697/2606/314
f 138/2121/296 826/2173/313 4069/2602/313 1690/2581/307
f 826/2173/313 827/2174/313 4070/2603/313 4069/2602/313
f 1690/2581/307 4069/2602/313 4068/2599/313 1691/2582/307
f 139/2177/315 1698/2607/314 4071/2604/313 828/2178/313
f 1698/2607/314 1697/2606/314 4072/2601/313 4071/2604/313
f 828/2178/313 4071/2604/313 4070/2603/313 827/2174/313
f 4074/2608/316 4075/2609/316 4073/2610/316 4079/2611/316
f 4076/2612/316 4077/2613/316 4073/2610/316 4075/2609/316
f 4078/2614/316 4079/2611/316 4073/2610/316 4077/2613/316
f 150/2419/317 891/2421/316 4074/2608/316 1701/2615/318
f 891/2421/316 890/2418/316 4075/2609/316 4074/2608/316
f 1701/2615/318 4074/2608/316 4079/2611/316 1700/2616/318
f 146/2299/312 1695/2597/311 4076/2612/316 889/2417/316
f 1695/2597/311 1694/2596/311 4077/2613/316 4076/2612/316
f 889/2417/316 4076/2612/316 4075/2609/316 890/2418/316
f 28/2567/304 1699/2617/318 4078/2614/316 1693/2595/311
f 1699/2617/318 1700/2616/318 4079/2611/316 4078/2614/316
f 1693/2595/311 4078/2614/316 4077/2613/316 1694/2596/311
f 4081/2618/319 4082/2619/319 4080/2620/319 4086/2621/319
f 4083/2622/319 4084/2623/319 4080/2620/319 4082/2619/319
f 4085/2624/319 4086/2621/319 4080/2620/319 4084/2623/319
f 89/2625/320 1707/2626/319 4081/2618/319 1704/2627/321
f 1707/2626/319 1706/2628/319 4082/2619/319 4081/2618/319
f 1704/2627/321 4081/2618/319 4086/2621/319 1703/2629/321
f 156/2583/308 1696/2605/314 4083/2622/319 1705/2630/319
f 1696/2605/314 1697/2606/314 4084/2623/319 4083/2622/319
f 1705/2630/319 4083/2622/319 4082/2619/319 1706/2628/319
f 139/2177/315 1702/2631/321 4085/2624/319 1698/2607/314
f 1702/2631/321 1703/2629/321 4086/2621/319 4085/2624/319
f 1698/2607/314 4085/2624/319 4084/2623/319 1697/2606/314
f 4088/2632/322 4089/2633/322 4087/2634/322 4093/2635/322
f 4090/2636/322 4091/2637/322 4087/2634/322 4089/2633/322
f 4092/2638/322 4093/2635/322 4087/2634/322 4091/2637/322
f 150/2419/317 1701/2615/318 4088/2632/322 1708/2639/323
f 1701/2615/318 1700/2616/318 4089/2633/322 4088/2632/322
f 1708/2639/323 4088/2632/322 4093/2635/322 1709/2640/323
f 28/2567/304 405/2641/322 4090/2636/322 1699/2617/318
f 405/2641/322 404/2642/322 4091/2637/322 4090/2636/322
f 1699/2617/318 4090/2636/322 4089/2633/322 1700/2616/318
f 26/2643/324 1710/2644/323 4092/2638/322 403/2645/322
f 1710/2644/323 1709/2640/323 4093/2635/322 4092/2638/322
f 403/2645/322 4092/2638/322 4091/2637/322 404/2642/322
f 4095/2646/325 4096/2647/325 4094/2648/325 4100/2649/325
f 4097/2650/325 4098/2651/325 4094/2648/325 4096/2647/325
f 4099/2652/325 4100/2649/325 4094/2648/325 4098/2651/325
f 89/2625/320 1704/2627/321 4095/2646/325 1711/2653/326
f 1704/2627/321 1703/2629/321 4096/2647/325 4095/2646/325
f 1711/2653/326 4095/2646/325 4100/2649/325 1712/2654/326
f 139/2177/315 829/2201/325 4097/2650/325 1702/2631/321
f 829/2201/325 830/2202/325 4098/2651/325 4097/2650/325
f 1702/2631/321 4097/2650/325 4096/2647/325 1703/2629/321
f 140/2205/327 1713/2655/326 4099/2652/325 831/2206/325
f 1713/2655/326 1712/2654/326 4100/2649/325 4099/2652/325
f 831/2206/325 4099/2652/325 4098/2651/325 830/2202/325
f 4102/2656/328 4103/2657/328 4101/2658/328 4107/2659/328
f 4104/2660/328 4105/2661/328 4101/2658/328 4103/2657/328
f 4106/2662/328 4107/2659/328 4101/2658/328 4105/2661/328
f 93/2663/329 1716/2664/330 4102/2656/328 1426/2665/328
f 1716/2664/330 1715/2666/330 4103/2657/328 4102/2656/328
f 1426/2665/328 4102/2656/328 4107/2659/328 1427/2667/328
f 150/2419/317 1708/2639/323 4104/2660/328 1714/2668/330
f 1708/2639/323 1709/2640/323 4105/2661/328 4104/2660/328
f 1714/2668/330 4104/2660/328 4103/2657/328 1715/2666/330
f 26/2643/324 1428/2669/328 4106/2662/328 1710/2644/323
f 1428/2669/328 1427/2667/328 4107/2659/328 4106/2662/328
f 1710/2644/323 4106/2662/328 4105/2661/328 1709/2640/323
f 4109/2670/331 4110/2671/331 4108/2672/331 4114/2673/331
f 4111/2674/331 4112/2675/331 4108/2672/331 4110/2671/331
f 4113/2676/331 4114/2673/331 4108/2672/331 4112/2675/331
f 91/2677/332 684/2678/333 4109/2670/331 1719/2679/334
f 684/2678/333 683/2680/331 4110/2671/331 4109/2670/331
f 1719/2679/334 4109/2670/331 4114/2673/331 1718/2681/334
f 89/2625/320 1711/2653/326 4111/2674/331 682/2682/331
f 1711/2653/326 1712/2654/326 4112/2675/331 4111/2674/331
f 682/2682/331 4111/2674/331 4110/2671/331 683/2680/331
f 140/2205/327 1717/2683/334 4113/2676/331 1713/2655/326
f 1717/2683/334 1718/2681/334 4114/2673/331 4113/2676/331
f 1713/2655/326 4113/2676/331 4112/2675/331 1712/2654/326
f 4116/2684/335 4117/2685/335 4115/2686/335 4121/2687/335
f 4118/2688/335 4119/2689/335 4115/2686/335 4117/2685/335
f 4120/2690/335 4121/2687/335 4115/2686/335 4119/2689/335
f 150/2419/317 1714/2668/330 4116/2684/335 888/2420/335
f 1714/2668/330 1715/2666/330 4117/2685/335 4116/2684/335
f 888/2420/335 4116/2684/335 4121/2687/335 887/2416/335
f 93/2663/329 1720/2691/336 4118/2688/335 1716/2664/330
f 1720/2691/336 1721/2692/336 4119/2689/335 4118/2688/335
f 1716/2664/330 4118/2688/335 4117/2685/335 1715/2666/330
f 149/2378/337 886/2415/335 4120/2690/335 1722/2693/336
f 886/2415/335 887/2416/335 4121/2687/335 4120/2690/335
f 1722/2693/336 4120/2690/335 4119/2689/335 1721/2692/336
f 4123/2694/338 4124/2695/338 4122/2696/338 4128/2697/338
f 4125/2698/338 4126/2699/338 4122/2696/338 4124/2695/338
f 4127/2700/338 4128/2697/338 4122/2696/338 4126/2699/338
f 91/2677/332 1723/2701/339 4123/2694/338 694/2702/338
f 1723/2701/339 1724/2703/339 4124/2695/338 4123/2694/338
f 694/2702/338 4123/2694/338 4128/2697/338 695/2704/338
f 149/2378/337 1722/2693/336 4125/2698/338 1725/2705/339
f 1722/2693/336 1721/2692/336 4126/2699/338 4125/2698/338
f 1725/2705/339 4125/2698/338 4124/2695/338 1724/2703/339
f 93/2663/329 696/2706/338 4127/2700/338 1720/2691/336
f 696/2706/338 695/2704/338 4128/2697/338 4127/2700/338
f 1720/2691/336 4127/2700/338 4126/2699/338 1721/2692/336
f 4130/2707/340 4131/2708/340 4129/2709/340 4135/2710/340
f 4132/2711/340 4133/2712/340 4129/2709/340 4131/2708/340
f 4134/2713/340 4135/2710/340 4129/2709/340 4133/2712/340
f 149/2378/337 1725/2705/339 4130/2707/340 876/2379/340
f 1725/2705/339 1724/2703/339 4131/2708/340 4130/2707/340
f 876/2379/340 4130/2707/340 4135/2710/340 875/2381/340
f 91/2677/332 1726/2714/341 4132/2711/340 1723/2701/339
f 1726/2714/341 1727/2715/341 4133/2712/340 4132/2711/340
f 1723/2701/339 4132/2711/340 4131/2708/340 1724/2703/339
f 143/2247/342 874/2383/340 4134/2713/340 1728/2716/341
f 874/2383/340 875/2381/340 4135/2710/340 4134/2713/340
f 1728/2716/341 4134/2713/340 4133/2712/340 1727/2715/341
f 4137/2717/343 4138/2718/343 4136/2719/343 4142/2720/343
f 4139/2721/343 4140/2722/343 4136/2719/343 4138/2718/343
f 4141/2723/343 4142/2720/343 4136/2719/343 4140/2722/343
f 91/2677/332 1719/2679/334 4137/2717/343 1726/2714/341
f 1719/2679/334 1718/2681/334 4138/2718/343 4137/2717/343
f 1726/2714/341 4137/2717/343 4142/2720/343 1727/2715/341
f 140/2205/327 838/2243/343 4139/2721/343 1717/2683/334
f 838/2243/343 839/2244/343 4140/2722/343 4139/2721/343
f 1717/2683/334 4139/2721/343 4138/2718/343 1718/2681/334
f 143/2247/342 1728/2716/341 4141/2723/343 840/2248/343
f 1728/2716/341 1727/2715/341 4142/2720/343 4141/2723/343
f 840/2248/343 4141/2723/343 4140/2722/343 839/2244/343
f 4144/2724/269 4145/2725/269 4143/2726/269 4149/2727/269
f 4146/2728/269 4147/2729/269 4143/2726/269 4145/2725/269
f 4148/2730/269 4149/2727/269 4143/2726/269 4147/2729/269
f 157/2731/269 910/2732/269 4144/2724/269 907/2733/269
f 910/2732/269 911/2734/269 4145/2725/269 4144/2724/269
f 907/2733/269 4144/2724/269 4149/2727/269 908/2735/269
f 158/2736/269 913/2737/269 4146/2728/269 912/2738/269
f 913/2737/269 914/2739/269 4147/2729/269 4146/2728/269
f 912/2738/269 4146/2728/269 4145/2725/269 911/2734/269
f 159/2740/269 909/2741/269 4148/2730/269 915/2742/269
f 909/2741/269 908/2735/269 4149/2727/269 4148/2730/269
f 915/2742/269 4148/2730/269 4147/2729/269 914/2739/269
f 4151/2743/269 4152/2744/269 4150/2745/269 4156/2746/269
f 4153/2747/269 4154/2748/269 4150/2745/269 4152/2744/269
f 4155/2749/269 4156/2746/269 4150/2745/269 4154/2748/269
f 160/2750/269 921/2751/269 4151/2743/269 918/2752/269
f 921/2751/269 920/2753/269 4152/2744/269 4151/2743/269
f 918/2752/269 4151/2743/269 4156/2746/269 917/2754/269
f 159/2740/269 915/2742/269 4153/2747/269 919/2755/269
f 915/2742/269 914/2739/269 4154/2748/269 4153/2747/269
f 919/2755/269 4153/2747/269 4152/2744/269 920/2753/269
f 158/2736/269 916/2756/269 4155/2749/269 913/2737/269
f 916/2756/269 917/2754/269 4156/2746/269 4155/2749/269
f 913/2737/269 4155/2749/269 4154/2748/269 914/2739/269
f 4158/2757/269 4159/2758/269 4157/2759/269 4163/2760/269
f 4160/2761/269 4161/2762/269 4157/2759/269 4159/2758/269
f 4162/2763/269 4163/2760/269 4157/2759/269 4161/2762/269
f 158/2736/269 912/2738/269 4158/2757/269 922/2764/269
f 912/2738/269 911/2734/269 4159/2758/269 4158/2757/269
f 922/2764/269 4158/2757/269 4163/2760/269 923/2765/269
f 157/2731/269 925/2766/269 4160/2761/269 910/2732/269
f 925/2766/269 926/2767/269 4161/2762/269 4160/2761/269
f 910/2732/269 4160/2761/269 4159/2758/269 911/2734/269
f 161/2768/269 924/2769/269 4162/2763/269 927/2770/269
f 924/2769/269 923/2765/269 4163/2760/269 4162/2763/269
f 927/2770/269 4162/2763/269 4161/2762/269 926/2767/269
f 4165/2771/269 4166/2772/269 4164/2773/269 4170/2774/269
f 4167/2775/269 4168/2776/269 4164/2773/269 4166/2772/269
f 4169/2777/269 4170/2774/269 4164/2773/269 4168/2776/269
f 159/2740/269 919/2755/269 4165/2771/269 928/2778/269
f 919/2755/269 920/2753/269 4166/2772/269 4165/2771/269
f 928/2778/269 4165/2771/269 4170/2774/269 929/2779/269
f 160/2750/269 931/2780/269 4167/2775/269 921/2751/269
f 931/2780/269 932/2781/269 4168/2776/269 4167/2775/269
f 921/2751/269 4167/2775/269 4166/2772/269 920/2753/269
f 162/2782/269 930/2783/269 4169/2777/269 933/2784/269
f 930/2783/269 929/2779/269 4170/2774/269 4169/2777/269
f 933/2784/269 4169/2777/269 4168/2776/269 932/2781/269
f 4172/2785/269 4173/2786/269 4171/2787/269 4177/2788/269
f 4174/2789/269 4175/2790/269 4171/2787/269 4173/2786/269
f 4176/2791/269 4177/2788/269 4171/2787/269 4175/2790/269
f 163/2792/269 939/2793/269 4172/2785/269 936/2794/269
f 939/2793/269 938/2795/269 4173/2786/269 4172/2785/269
f 936/2794/269 4172/2785/269 4177/2788/269 935/2796/269
f 161/2768/269 927/2770/269 4174/2789/269 937/2797/269
f 927/2770/269 926/2767/269 4175/2790/269 4174/2789/269
f 937/2797/269 4174/2789/269 4173/2786/269 938/2795/269
f 157/2731/269 934/2798/269 4176/2791/269 925/2766/269
f 934/2798/269 935/2796/269 4177/2788/269 4176/2791/269
f 925/2766/269 4176/2791/269 4175/2790/269 926/2767/269
f 4179/2799/269 4180/2800/269 4178/2801/269 4184/2802/269
f 4181/2803/269 4182/2804/269 4178/2801/269 4180/2800/269
f 4183/2805/269 4184/2802/269 4178/2801/269 4182/2804/269
f 164/2806/269 945/2807/269 4179/2799/269 942/2808/269
f 945/2807/269 944/2809/269 4180/2800/269 4179/2799/269
f 942/2808/269 4179/2799/269 4184/2802/269 941/2810/269
f 162/2782/269 933/2784/269 4181/2803/269 943/2811/269
f 933/2784/269 932/2781/269 4182/2804/269 4181/2803/269
f 943/2811/269 4181/2803/269 4180/2800/269 944/2809/269
f 160/2750/269 940/2812/269 4183/2805/269 931/2780/269
f 940/2812/269 941/2810/269 4184/2802/269 4183/2805/269
f 931/2780/269 4183/2805/269 4182/2804/269 932/2781/269
f 4186/2813/269 4187/2814/269 4185/2815/269 4191/2816/269
f 4188/2817/269 4189/2818/269 4185/2815/269 4187/2814/269
f 4190/2819/269 4191/2816/269 4185/2815/269 4189/2818/269
f 161/2768/269 937/2797/269 4186/2813/269 946/2820/269
f 937/2797/269 938/2795/269 4187/2814/269 4186/2813/269
f 946/2820/269 4186/2813/269 4191/2816/269 947/2821/269
f 163/2792/269 949/2822/269 4188/2817/269 939/2793/269
f 949/2822/269 950/2823/269 4189/2818/269 4188/2817/269
f 939/2793/269 4188/2817/269 4187/2814/269 938/2795/269
f 165/2824/269 948/2825/269 4190/2819/269 951/2826/269
f 948/2825/269 947/2821/269 4191/2816/269 4190/2819/269
f 951/2826/269 4190/2819/269 4189/2818/269 950/2823/269
f 4193/2827/269 4194/2828/269 4192/2829/269 4198/2830/269
f 4195/2831/269 4196/2832/269 4192/2829/269 4194/2828/269
f 4197/2833/269 4198/2830/269 4192/2829/269 4196/2832/269
f 162/2782/269 943/2811/269 4193/2827/269 952/2834/269
f 943/2811/269 944/2809/269 4194/2828/269 4193/2827/269
f 952/2834/269 4193/2827/269 4198/2830/269 953/2835/269
f 164/2806/269 955/2836/269 4195/2831/269 945/2807/269
f 955/2836/269 956/2837/269 4196/2832/269 4195/2831/269
f 945/2807/269 4195/2831/269 4194/2828/269 944/2809/269
f 166/2838/269 954/2839/269 4197/2833/269 957/2840/269
f 954/2839/269 953/2835/269 4198/2830/269 4197/2833/269
f 957/2840/269 4197/2833/269 4196/2832/269 956/2837/269
f 4200/2841/269 4201/2842/269 4199/2843/269 4205/2844/269
f 4202/2845/269 4203/2846/269 4199/2843/269 4201/2842/269
f 4204/2847/269 4205/2844/269 4199/2843/269 4203/2846/269
f 167/2848/269 963/2849/269 4200/2841/269 960/2850/269
f 963/2849/269 962/2851/269 4201/2842/269 4200/2841/269
f 960/2850/269 4200/2841/269 4205/2844/269 959/2852/269
f 165/2824/269 951/2826/269 4202/2845/269 961/2853/269
f 951/2826/269 950/2823/269 4203/2846/269 4202/2845/269
f 961/2853/269 4202/2845/269 4201/2842/269 962/2851/269
f 163/2792/269 958/2854/269 4204/2847/269 949/2822/269
f 958/2854/269 959/2852/269 4205/2844/269 4204/2847/269
f 949/2822/269 4204/2847/269 4203/2846/269 950/2823/269
f 4207/2855/269 4208/2856/269 4206/2857/269 4212/2858/269
f 4209/2859/269 4210/2860/269 4206/2857/269 4208/2856/269
f 4211/2861/269 4212/2858/269 4206/2857/269 4210/2860/269
f 168/2862/269 969/2863/269 4207/2855/269 966/2864/269
f 969/2863/269 968/2865/269 4208/2856/269 4207/2855/269
f 966/2864/269 4207/2855/269 4212/2858/269 965/2866/269
f 166/2838/269 957/2840/269 4209/2859/269 967/2867/269
f 957/2840/269 956/2837/269 4210/2860/269 4209/2859/269
f 967/2867/269 4209/2859/269 4208/2856/269 968/2865/269
f 164/2806/269 964/2868/269 4211/2861/269 955/2836/269
f 964/2868/269 965/2866/269 4212/2858/269 4211/2861/269
f 955/2836/269 4211/2861/269 4210/2860/269 956/2837/269
f 4214/2869/269 4215/2870/269 4213/2871/269 4219/2872/269
f 4216/2873/269 4217/2874/269 4213/2871/269 4215/2870/269
f 4218/2875/269 4219/2872/269 4213/2871/269 4217/2874/269
f 169/2876/269 975/2877/269 4214/2869/269 972/2878/269
f 975/2877/269 974/2879/269 4215/2870/269 4214/2869/269
f 972/2878/269 4214/2869/269 4219/2872/269 971/2880/269
f 165/2824/269 961/2853/269 4216/2873/269 973/2881/269
f 961/2853/269 962/2851/269 4217/2874/269 4216/2873/269
f 973/2881/269 4216/2873/269 4215/2870/269 974/2879/269
f 167/2848/269 970/2882/269 4218/2875/269 963/2849/269
f 970/2882/269 971/2880/269 4219/2872/269 4218/2875/269
f 963/2849/269 4218/2875/269 4217/2874/269 962/2851/269
f 4221/2883/269 4222/2884/269 4220/2885/269 4226/2886/269
f 4223/2887/269 4224/2888/269 4220/2885/269 4222/2884/269
f 4225/2889/269 4226/2886/269 4220/2885/269 4224/2888/269
f 168/2862/269 966/2864/269 4221/2883/269 976/2890/269
f 966/2864/269 965/2866/269 4222/2884/269 4221/2883/269
f 976/2890/269 4221/2883/269 4226/2886/269 977/2891/269
f 164/2806/269 979/2892/269 4223/2887/269 964/2868/269
f 979/2892/269 980/2893/269 4224/2888/269 4223/2887/269
f 964/2868/269 4223/2887/269 4222/2884/269 965/2866/269
f 170/2894/269 978/2895/269 4225/2889/269 981/2896/269
f 978/2895/269 977/2891/269 4226/2886/269 4225/2889/269
f 981/2896/269 4225/2889/269 4224/2888/269 980/2893/269
f 4228/2897/269 4229/2898/269 4227/2899/269 4233/2900/269
f 4230/2901/269 4231/2902/269 4227/2899/269 4229/2898/269
f 4232/2903/269 4233/2900/269 4227/2899/269 4231/2902/269
f 171/2904/269 987/2905/269 4228/2897/269 984/2906/269
f 987/2905/269 986/2907/269 4229/2898/269 4228/2897/269
f 984/2906/269 4228/2897/269 4233/2900/269 983/2908/269
f 169/2876/269 972/2878/269 4230/2901/269 985/2909/269
f 972/2878/269 971/2880/269 4231/2902/269 4230/2901/269
f 985/2909/269 4230/2901/269 4229/2898/269 986/2907/269
f 167/2848/269 982/2910/269 4232/2903/269 970/2882/269
f 982/2910/269 983/2908/269 4233/2900/269 4232/2903/269
f 970/2882/269 4232/2903/269 4231/2902/269 971/2880/269
f 4235/2911/269 4236/2912/269 4234/2913/269 4240/2914/269
f 4237/2915/269 4238/2916/269 4234/2913/269 4236/2912/269
f 4239/2917/269 4240/2914/269 4234/2913/269 4238/2916/269
f 171/2904/269 993/2918/269 4235/2911/269 990/2919/269
f 993/2918/269 992/2920/269 4236/2912/269 4235/2911/269
f 990/2919/269 4235/2911/269 4240/2914/269 989/2921/269
f 168/2862/269 976/2890/269 4237/2915/269 991/2922/269
f 976/2890/269 977/2891/269 4238/2916/269 4237/2915/269
f 991/2922/269 4237/2915/269 4236/2912/269 992/2920/269
f 170/2894/269 988/2923/269 4239/2917/269 978/2895/269
f 988/2923/269 989/2921/269 4240/2914/269 4239/2917/269
f 978/2895/269 4239/2917/269 4238/2916/269 977/2891/269
f 4242/2924/269 4243/2925/269 4241/2926/269 4247/2927/269
f 4244/2928/269 4245/2929/269 4241/2926/269 4243/2925/269
f 4246/2930/269 4247/2927/269 4241/2926/269 4245/2929/269
f 169/2876/269 985/2909/269 4242/2924/269 994/2931/269
f 985/2909/269 986/2907/269 4243/2925/269 4242/2924/269
f 994/2931/269 4242/2924/269 4247/2927/269 995/2932/269
f 171/2904/269 997/2933/269 4244/2928/269 987/2905/269
f 997/2933/269 998/2934/269 4245/2929/269 4244/2928/269
f 987/2905/269 4244/2928/269 4243/2925/269 986/2907/269
f 172/2935/269 996/2936/269 4246/2930/269 999/2937/269
f 996/2936/269 995/2932/269 4247/2927/269 4246/2930/269
f 999/2937/269 4246/2930/269 4245/2929/269 998/2934/269
f 4249/2938/269 4250/2939/269 4248/2940/269 4254/2941/269
f 4251/2942/269 4252/2943/269 4248/2940/269 4250/2939/269
f 4253/2944/269 4254/2941/269 4248/2940/269 4252/2943/269
f 171/2904/269 990/2919/269 4249/2938/269 997/2933/269
f 990/2919/269 989/2921/269 4250/2939/269 4249/2938/269
f 997/2933/269 4249/2938/269 4254/2941/269 998/2934/269
f 170/2894/269 1000/2945/269 4251/2942/269 988/2923/269
f 1000/2945/269 1001/2946/269 4252/2943/269 4251/2942/269
f 988/2923/269 4251/2942/269 4250/2939/269 989/2921/269
f 172/2935/269 999/2937/269 4253/2944/269 1002/2947/269
f 999/2937/269 998/2934/269 4254/2941/269 4253/2944/269
f 1002/2947/269 4253/2944/269 4252/2943/269 1001/2946/269
f 4256/2948/344 4257/2949/344 4255/2950/344 4261/2951/344
f 4258/2952/344 4259/2953/344 4255/2950/344 4257/2949/344
f 4260/2954/344 4261/2951/344 4255/2950/344 4259/2953/344
f 56/2955/345 1732/2956/346 4256/2948/344 1729/2957/347
f 1732/2956/346 1733/2958/346 4257/2949/344 4256/2948/344
f 1729/2957/347 4256/2948/344 4261/2951/344 1730/2959/347
f 162/2782/348 952/2834/344 4258/2952/344 1734/2960/346
f 952/2834/344 953/2835/344 4259/2953/344 4258/2952/344
f 1734/2960/346 4258/2952/344 4257/2949/344 1733/2958/346
f 166/2838/349 1731/2961/347 4260/2954/344 954/2839/344
f 1731/2961/347 1730/2959/347 4261/2951/344 4260/2954/344
f 954/2839/344 4260/2954/344 4259/2953/344 953/2835/344
f 4263/2962/350 4264/2963/350 4262/2964/350 4268/2965/350
f 4265/2966/350 4266/2967/350 4262/2964/350 4264/2963/350
f 4267/2968/350 4268/2965/350 4262/2964/350 4266/2967/350
f 162/2782/348 1734/2960/346 4263/2962/350 1735/2969/351
f 1734/2960/346 1733/2958/346 4264/2963/350 4263/2962/350
f 1735/2969/351 4263/2962/350 4268/2965/350 1736/2970/351
f 56/2955/345 510/2971/350 4265/2966/350 1732/2956/346
f 510/2971/350 509/2972/350 4266/2967/350 4265/2966/350
f 1732/2956/346 4265/2966/350 4264/2963/350 1733/2958/346
f 54/2973/352 1737/2974/351 4267/2968/350 508/2975/350
f 1737/2974/351 1736/2970/351 4268/2965/350 4267/2968/350
f 508/2975/350 4267/2968/350 4266/2967/350 509/2972/350
f 4270/2976/353 4271/2977/353 4269/2978/353 4275/2979/353
f 4272/2980/353 4273/2981/353 4269/2978/353 4271/2977/353
f 4274/2982/353 4275/2979/353 4269/2978/353 4273/2981/353
f 166/2838/349 1738/2983/354 4270/2976/353 1731/2961/347
f 1738/2983/354 1739/2984/354 4271/2977/353 4270/2976/353
f 1731/2961/347 4270/2976/353 4275/2979/353 1730/2959/347
f 173/2985/355 1743/2986/353 4272/2980/353 1740/2987/354
f 1743/2986/353 1742/2988/353 4273/2981/353 4272/2980/353
f 1740/2987/354 4272/2980/353 4271/2977/353 1739/2984/354
f 56/2955/345 1729/2957/347 4274/2982/353 1741/2989/353
f 1729/2957/347 1730/2959/347 4275/2979/353 4274/2982/353
f 1741/2989/353 4274/2982/353 4273/2981/353 1742/2988/353
f 4277/2990/356 4278/2991/356 4276/2992/356 4282/2993/356
f 4279/2994/356 4280/2995/356 4276/2992/356 4278/2991/356
f 4281/2996/356 4282/2993/356 4276/2992/356 4280/2995/356
f 54/2973/352 1744/2997/356 4277/2990/356 1737/2974/351
f 1744/2997/356 1745/2998/356 4278/2991/356 4277/2990/356
f 1737/2974/351 4277/2990/356 4282/2993/356 1736/2970/351
f 159/2740/357 928/2778/356 4279/2994/356 1746/2999/356
f 928/2778/356 929/2779/356 4280/2995/356 4279/2994/356
f 1746/2999/356 4279/2994/356 4278/2991/356 1745/2998/356
f 162/2782/348 1735/2969/351 4281/2996/356 930/2783/356
f 1735/2969/351 1736/2970/351 4282/2993/356 4281/2996/356
f 930/2783/356 4281/2996/356 4280/2995/356 929/2779/356
f 4284/3000/358 4285/3001/358 4283/3002/358 4289/3003/358
f 4286/3004/358 4287/3005/358 4283/3002/358 4285/3001/358
f 4288/3006/358 4289/3003/358 4283/3002/358 4287/3005/358
f 173/2985/355 1740/2987/354 4284/3000/358 1747/3007/359
f 1740/2987/354 1739/2984/354 4285/3001/358 4284/3000/358
f 1747/3007/359 4284/3000/358 4289/3003/358 1748/3008/359
f 166/2838/349 967/2867/358 4286/3004/358 1738/2983/354
f 967/2867/358 968/2865/358 4287/3005/358 4286/3004/358
f 1738/2983/354 4286/3004/358 4285/3001/358 1739/2984/354
f 168/2862/360 1749/3009/359 4288/3006/358 969/2863/358
f 1749/3009/359 1748/3008/359 4289/3003/358 4288/3006/358
f 969/2863/358 4288/3006/358 4287/3005/358 968/2865/358
f 4291/3010/361 4292/3011/361 4290/3012/361 4296/3013/361
f 4293/3014/361 4294/3015/361 4290/3012/361 4292/3011/361
f 4295/3016/361 4296/3013/361 4290/3012/361 4294/3015/361
f 159/2740/357 1746/2999/356 4291/3010/361 1750/3017/362
f 1746/2999/356 1745/2998/356 4292/3011/361 4291/3010/361
f 1750/3017/362 4291/3010/361 4296/3013/361 1751/3018/362
f 54/2973/352 498/3019/361 4293/3014/361 1744/2997/356
f 498/3019/361 497/3020/361 4294/3015/361 4293/3014/361
f 1744/2997/356 4293/3014/361 4292/3011/361 1745/2998/356
f 52/3021/363 1752/3022/362 4295/3016/361 496/3023/361
f 1752/3022/362 1751/3018/362 4296/3013/361 4295/3016/361
f 496/3023/361 4295/3016/361 4294/3015/361 497/3020/361
f 4298/3024/364 4299/3025/364 4297/3026/364 4303/3027/364
f 4300/3028/364 4301/3029/364 4297/3026/364 4299/3025/364
f 4302/3030/364 4303/3027/364 4297/3026/364 4301/3029/364
f 171/2904/365 1755/3031/366 4298/3024/364 993/2918/364
f 1755/3031/366 1754/3032/366 4299/3025/364 4298/3024/364
f 993/2918/364 4298/3024/364 4303/3027/364 992/2920/364
f 173/2985/355 1747/3007/359 4300/3028/364 1753/3033/366
f 1747/3007/359 1748/3008/359 4301/3029/364 4300/3028/364
f 1753/3033/366 4300/3028/364 4299/3025/364 1754/3032/366
f 168/2862/360 991/2922/364 4302/3030/364 1749/3009/359
f 991/2922/364 992/2920/364 4303/3027/364 4302/3030/364
f 1749/3009/359 4302/3030/364 4301/3029/364 1748/3008/359
f 4305/3034/367 4306/3035/367 4304/3036/367 4310/3037/367
f 4307/3038/367 4308/3039/367 4304/3036/367 4306/3035/367
f 4309/3040/367 4310/3037/367 4304/3036/367 4308/3039/367
f 52/3021/363 1506/3041/367 4305/3034/367 1752/3022/362
f 1506/3041/367 1505/3042/367 4306/3035/367 4305/3034/367
f 1752/3022/362 4305/3034/367 4310/3037/367 1751/3018/362
f 117/3043/368 1758/3044/369 4307/3038/367 1504/3045/367
f 1758/3044/369 1757/3046/369 4308/3039/367 4307/3038/367
f 1504/3045/367 4307/3038/367 4306/3035/367 1505/3042/367
f 159/2740/357 1750/3017/362 4309/3040/367 1756/3047/369
f 1750/3017/362 1751/3018/362 4310/3037/367 4309/3040/367
f 1756/3047/369 4309/3040/367 4308/3039/367 1757/3046/369
f 4312/3048/370 4313/3049/370 4311/3050/370 4317/3051/370
f 4314/3052/370 4315/3053/370 4311/3050/370 4313/3049/370
f 4316/3054/370 4317/3051/370 4311/3050/370 4315/3053/370
f 174/3055/371 1005/3056/370 4312/3048/370 1761/3057/372
f 1005/3056/370 1004/3058/370 4313/3049/370 4312/3048/370
f 1761/3057/372 4312/3048/370 4317/3051/370 1760/3059/372
f 173/2985/355 1753/3033/366 4314/3052/370 1003/3060/370
f 1753/3033/366 1754/3032/366 4315/3053/370 4314/3052/370
f 1003/3060/370 4314/3052/370 4313/3049/370 1004/3058/370
f 171/2904/365 1759/3061/372 4316/3054/370 1755/3031/366
f 1759/3061/372 1760/3059/372 4317/3051/370 4316/3054/370
f 1755/3031/366 4316/3054/370 4315/3053/370 1754/3032/366
f 4319/3062/373 4320/3063/373 4318/3064/373 4324/3065/373
f 4321/3066/373 4322/3067/373 4318/3064/373 4320/3063/373
f 4323/3068/373 4324/3065/373 4318/3064/373 4322/3067/373
f 159/2740/357 1756/3047/369 4319/3062/373 909/2741/373
f 1756/3047/369 1757/3046/369 4320/3063/373 4319/3062/373
f 909/2741/373 4319/3062/373 4324/3065/373 908/2735/373
f 117/3043/368 1762/3069/374 4321/3066/373 1758/3044/369
f 1762/3069/374 1763/3070/374 4322/3067/373 4321/3066/373
f 1758/3044/369 4321/3066/373 4320/3063/373 1757/3046/369
f 157/2731/375 907/2733/373 4323/3068/373 1764/3071/374
f 907/2733/373 908/2735/373 4324/3065/373 4323/3068/373
f 1764/3071/374 4323/3068/373 4322/3067/373 1763/3070/374
f 4326/3072/376 4327/3073/376 4325/3074/376 4331/3075/376
f 4328/3076/376 4329/3077/376 4325/3074/376 4327/3073/376
f 4330/3078/376 4331/3075/376 4325/3074/376 4329/3077/376
f 171/2904/365 1765/3079/377 4326/3072/376 1759/3061/372
f 1765/3079/377 1766/3080/377 4327/3073/376 4326/3072/376
f 1759/3061/372 4326/3072/376 4331/3075/376 1760/3059/372
f 175/3081/378 1008/3082/376 4328/3076/376 1767/3083/377
f 1008/3082/376 1007/3084/376 4329/3077/376 4328/3076/376
f 1767/3083/377 4328/3076/376 4327/3073/376 1766/3080/377
f 174/3055/371 1761/3057/372 4330/3078/376 1006/3085/376
f 1761/3057/372 1760/3059/372 4331/3075/376 4330/3078/376
f 1006/3085/376 4330/3078/376 4329/3077/376 1007/3084/376
f 4333/3086/379 4334/3087/379 4332/3088/379 4338/3089/379
f 4335/3090/379 4336/3091/379 4332/3088/379 4334/3087/379
f 4337/3092/379 4338/3089/379 4332/3088/379 4336/3091/379
f 117/3043/368 1768/3093/380 4333/3086/379 1762/3069/374
f 1768/3093/380 1769/3094/380 4334/3087/379 4333/3086/379
f 1762/3069/374 4333/3086/379 4338/3089/379 1763/3070/374
f 163/2792/381 936/2794/379 4335/3090/379 1770/3095/380
f 936/2794/379 935/2796/379 4336/3091/379 4335/3090/379
f 1770/3095/380 4335/3090/379 4334/3087/379 1769/3094/380
f 157/2731/375 1764/3071/374 4337/3092/379 934/2798/379
f 1764/3071/374 1763/3070/374 4338/3089/379 4337/3092/379
f 934/2798/379 4337/3092/379 4336/3091/379 935/2796/379
f 4340/3096/382 4341/3097/382 4339/3098/382 4345/3099/382
f 4342/3100/382 4343/3101/382 4339/3098/382 4341/3097/382
f 4344/3102/382 4345/3099/382 4339/3098/382 4343/3101/382
f 175/3081/378 1767/3083/377 4340/3096/382 1771/3103/383
f 1767/3083/377 1766/3080/377 4341/3097/382 4340/3096/382
f 1771/3103/383 4340/3096/382 4345/3099/382 1772/3104/383
f 171/2904/365 984/2906/382 4342/3100/382 1765/3079/377
f 984/2906/382 983/2908/382 4343/3101/382 4342/3100/382
f 1765/3079/377 4342/3100/382 4341/3097/382 1766/3080/377
f 167/2848/383 1773/3105/383 4344/3102/382 982/2910/382
f 1773/3105/383 1772/3104/383 4345/3099/382 4344/3102/382
f 982/2910/382 4344/3102/382 4343/3101/382 983/2908/382
f 4347/3106/384 4348/3107/384 4346/3108/384 4352/3109/384
f 4349/3110/384 4350/3111/384 4346/3108/384 4348/3107/384
f 4351/3112/384 4352/3109/384 4346/3108/384 4350/3111/384
f 167/2848/383 960/2850/384 4347/3106/384 1773/3105/383
f 960/2850/384 959/2852/384 4348/3107/384 4347/3106/384
f 1773/3105/383 4347/3106/384 4352/3109/384 1772/3104/383
f 163/2792/381 1776/3113/385 4349/3110/384 958/2854/384
f 1776/3113/385 1775/3114/385 4350/3111/384 4349/3110/384
f 958/2854/384 4349/3110/384 4348/3107/384 959/2852/384
f 175/3081/378 1771/3103/383 4351/3112/384 1774/3115/385
f 1771/3103/383 1772/3104/383 4352/3109/384 4351/3112/384
f 1774/3115/385 4351/3112/384 4350/3111/384 1775/3114/385
f 4354/3116/386 4355/3117/386 4353/3118/386 4359/3119/386
f 4356/3120/386 4357/3121/386 4353/3118/386 4355/3117/386
f 4358/3122/386 4359/3119/386 4353/3118/386 4357/3121/386
f 163/2792/381 1770/3095/380 4354/3116/386 1777/3123/387
f 1770/3095/380 1769/3094/380 4355/3117/386 4354/3116/386
f 1777/3123/387 4354/3116/386 4359/3119/386 1778/3124/387
f 117/3043/368 793/3125/386 4356/3120/386 1768/3093/380
f 793/3125/386 794/3126/386 4357/3121/386 4356/3120/386
f 1768/3093/380 4356/3120/386 4355/3117/386 1769/3094/380
f 120/3127/388 1779/3128/387 4358/3122/386 795/3129/386
f 1779/3128/387 1778/3124/387 4359/3119/386 4358/3122/386
f 795/3129/386 4358/3122/386 4357/3121/386 794/3126/386
f 4361/3130/389 4362/3131/389 4360/3132/389 4366/3133/389
f 4363/3134/389 4364/3135/389 4360/3132/389 4362/3131/389
f 4365/3136/389 4366/3133/389 4360/3132/389 4364/3135/389
f 175/3081/378 1774/3115/385 4361/3130/389 1780/3137/389
f 1774/3115/385 1775/3114/385 4362/3131/389 4361/3130/389
f 1780/3137/389 4361/3130/389 4366/3133/389 1781/3138/389
f 163/2792/381 1777/3123/387 4363/3134/389 1776/3113/385
f 1777/3123/387 1778/3124/387 4364/3135/389 4363/3134/389
f 1776/3113/385 4363/3134/389 4362/3131/389 1775/3114/385
f 120/3127/388 1782/3139/389 4365/3136/389 1779/3128/387
f 1782/3139/389 1781/3138/389 4366/3133/389 4365/3136/389
f 1779/3128/387 4365/3136/389 4364/3135/389 1778/3124/387
f 4368/3140/390 4369/3141/390 4367/3142/390 4373/3143/390
f 4370/3144/390 4371/3145/390 4367/3142/390 4369/3141/390
f 4372/3146/390 4373/3143/390 4367/3142/390 4371/3145/390
f 158/2736/391 1783/3147/392 4368/3140/390 916/2756/390
f 1783/3147/392 1784/3148/392 4369/3141/390 4368/3140/390
f 916/2756/390 4368/3140/390 4373/3143/390 917/2754/390
f 176/3149/393 1786/3150/394 4370/3144/390 1785/3151/392
f 1786/3150/394 1787/3152/394 4371/3145/390 4370/3144/390
f 1785/3151/392 4370/3144/390 4369/3141/390 1784/3148/392
f 160/2750/395 918/2752/390 4372/3146/390 1788/3153/394
f 918/2752/390 917/2754/390 4373/3143/390 4372/3146/390
f 1788/3153/394 4372/3146/390 4371/3145/390 1787/3152/394
f 4375/3154/396 4376/3155/396 4374/3156/396 4380/3157/396
f 4377/3158/396 4378/3159/396 4374/3156/396 4376/3155/396
f 4379/3160/396 4380/3157/396 4374/3156/396 4378/3159/396
f 176/3149/393 1789/3161/397 4375/3154/396 1786/3150/394
f 1789/3161/397 1790/3162/397 4376/3155/396 4375/3154/396
f 1786/3150/394 4375/3154/396 4380/3157/396 1787/3152/394
f 164/2806/398 942/2808/396 4377/3158/396 1791/3163/397
f 942/2808/396 941/2810/396 4378/3159/396 4377/3158/396
f 1791/3163/397 4377/3158/396 4376/3155/396 1790/3162/397
f 160/2750/395 1788/3153/394 4379/3160/396 940/2812/396
f 1788/3153/394 1787/3152/394 4380/3157/396 4379/3160/396
f 940/2812/396 4379/3160/396 4378/3159/396 941/2810/396
f 4382/3164/399 4383/3165/399 4381/3166/399 4387/3167/399
f 4384/3168/399 4385/3169/399 4381/3166/399 4383/3165/399
f 4386/3170/399 4387/3167/399 4381/3166/399 4385/3169/399
f 176/3149/393 1785/3151/392 4382/3164/399 1009/3171/399
f 1785/3151/392 1784/3148/392 4383/3165/399 4382/3164/399
f 1009/3171/399 4382/3164/399 4387/3167/399 1010/3172/399
f 158/2736/391 1792/3173/400 4384/3168/399 1783/3147/392
f 1792/3173/400 1793/3174/400 4385/3169/399 4384/3168/399
f 1783/3147/392 4384/3168/399 4383/3165/399 1784/3148/392
f 177/3175/401 1011/3176/399 4386/3170/399 1794/3177/400
f 1011/3176/399 1010/3172/399 4387/3167/399 4386/3170/399
f 1794/3177/400 4386/3170/399 4385/3169/399 1793/3174/400
f 4389/3178/402 4390/3179/402 4388/3180/402 4394/3181/402
f 4391/3182/402 4392/3183/402 4388/3180/402 4390/3179/402
f 4393/3184/402 4394/3181/402 4388/3180/402 4392/3183/402
f 164/2806/398 1791/3163/397 4389/3178/402 1795/3185/403
f 1791/3163/397 1790/3162/397 4390/3179/402 4389/3178/402
f 1795/3185/403 4389/3178/402 4394/3181/402 1796/3186/403
f 176/3149/393 1798/3187/402 4391/3182/402 1789/3161/397
f 1798/3187/402 1799/3188/402 4392/3183/402 4391/3182/402
f 1789/3161/397 4391/3182/402 4390/3179/402 1790/3162/397
f 73/3189/404 1797/3190/403 4393/3184/402 1800/3191/402
f 1797/3190/403 1796/3186/403 4394/3181/402 4393/3184/402
f 1800/3191/402 4393/3184/402 4392/3183/402 1799/3188/402
f 4396/3192/405 4397/3193/405 4395/3194/405 4401/3195/405
f 4398/3196/405 4399/3197/405 4395/3194/405 4397/3193/405
f 4400/3198/405 4401/3195/405 4395/3194/405 4399/3197/405
f 161/2768/406 1803/3199/407 4396/3192/405 924/2769/405
f 1803/3199/407 1802/3200/407 4397/3193/405 4396/3192/405
f 924/2769/405 4396/3192/405 4401/3195/405 923/2765/405
f 177/3175/401 1794/3177/400 4398/3196/405 1801/3201/407
f 1794/3177/400 1793/3174/400 4399/3197/405 4398/3196/405
f 1801/3201/407 4398/3196/405 4397/3193/405 1802/3200/407
f 158/2736/391 922/2764/405 4400/3198/405 1792/3173/400
f 922/2764/405 923/2765/405 4401/3195/405 4400/3198/405
f 1792/3173/400 4400/3198/405 4399/3197/405 1793/3174/400
f 4403/3202/408 4404/3203/408 4402/3204/408 4408/3205/408
f 4405/3206/408 4406/3207/408 4402/3204/408 4404/3203/408
f 4407/3208/408 4408/3205/408 4402/3204/408 4406/3207/408
f 73/3189/404 1804/3209/409 4403/3202/408 1797/3190/403
f 1804/3209/409 1805/3210/409 4404/3203/408 4403/3202/408
f 1797/3190/403 4403/3202/408 4408/3205/408 1796/3186/403
f 170/2894/410 981/2896/408 4405/3206/408 1806/3211/409
f 981/2896/408 980/2893/408 4406/3207/408 4405/3206/408
f 1806/3211/409 4405/3206/408 4404/3203/408 1805/3210/409
f 164/2806/398 1795/3185/403 4407/3208/408 979/2892/408
f 1795/3185/403 1796/3186/403 4408/3205/408 4407/3208/408
f 979/2892/408 4407/3208/408 4406/3207/408 980/2893/408
f 4410/3212/411 4411/3213/411 4409/3214/411 4415/3215/411
f 4412/3216/411 4413/3217/411 4409/3214/411 4411/3213/411
f 4414/3218/411 4415/3215/411 4409/3214/411 4413/3217/411
f 177/3175/401 1801/3201/407 4410/3212/411 1012/3219/411
f 1801/3201/407 1802/3200/407 4411/3213/411 4410/3212/411
f 1012/3219/411 4410/3212/411 4415/3215/411 1013/3220/411
f 161/2768/406 1807/3221/412 4412/3216/411 1803/3199/407
f 1807/3221/412 1808/3222/412 4413/3217/411 4412/3216/411
f 1803/3199/407 4412/3216/411 4411/3213/411 1802/3200/407
f 178/3223/413 1014/3224/411 4414/3218/411 1809/3225/412
f 1014/3224/411 1013/3220/411 4415/3215/411 4414/3218/411
f 1809/3225/412 4414/3218/411 4413/3217/411 1808/3222/412
f 4417/3226/414 4418/3227/414 4416/3228/414 4422/3229/414
f 4419/3230/414 4420/3231/414 4416/3228/414 4418/3227/414
f 4421/3232/414 4422/3229/414 4416/3228/414 4420/3231/414
f 170/2894/410 1806/3211/409 4417/3226/414 1810/3233/415
f 1806/3211/409 1805/3210/409 4418/3227/414 4417/3226/414
f 1810/3233/415 4417/3226/414 4422/3229/414 1811/3234/415
f 73/3189/404 622/3235/414 4419/3230/414 1804/3209/409
f 622/3235/414 623/3236/414 4420/3231/414 4419/3230/414
f 1804/3209/409 4419/3230/414 4418/3227/414 1805/3210/409
f 76/3237/416 1812/3238/415 4421/3232/414 624/3239/414
f 1812/3238/415 1811/3234/415 4422/3229/414 4421/3232/414
f 624/3239/414 4421/3232/414 4420/3231/414 623/3236/414
f 4424/3240/417 4425/3241/417 4423/3242/417 4429/3243/417
f 4426/3244/417 4427/3245/417 4423/3242/417 4425/3241/417
f 4428/3246/417 4429/3243/417 4423/3242/417 4427/3245/417
f 19/3247/418 1818/3248/417 4424/3240/417 1815/3249/419
f 1818/3248/417 1817/3250/417 4425/3241/417 4424/3240/417
f 1815/3249/419 4424/3240/417 4429/3243/417 1814/3251/419
f 178/3223/413 1809/3225/412 4426/3244/417 1816/3252/417
f 1809/3225/412 1808/3222/412 4427/3245/417 4426/3244/417
f 1816/3252/417 4426/3244/417 4425/3241/417 1817/3250/417
f 161/2768/406 1813/3253/419 4428/3246/417 1807/3221/412
f 1813/3253/419 1814/3251/419 4429/3243/417 4428/3246/417
f 1807/3221/412 4428/3246/417 4427/3245/417 1808/3222/412
f 4431/3254/420 4432/3255/420 4430/3256/420 4436/3257/420
f 4433/3258/420 4434/3259/420 4430/3256/420 4432/3255/420
f 4435/3260/420 4436/3257/420 4430/3256/420 4434/3259/420
f 15/3261/421 1821/3262/422 4431/3254/420 1413/3263/420
f 1821/3262/422 1820/3264/422 4432/3255/420 4431/3254/420
f 1413/3263/420 4431/3254/420 4436/3257/420 1412/3265/420
f 170/2894/410 1810/3233/415 4433/3258/420 1819/3266/422
f 1810/3233/415 1811/3234/415 4434/3259/420 4433/3258/420
f 1819/3266/422 4433/3258/420 4432/3255/420 1820/3264/422
f 76/3237/416 1411/3267/420 4435/3260/420 1812/3238/415
f 1411/3267/420 1412/3265/420 4436/3257/420 4435/3260/420
f 1812/3238/415 4435/3260/420 4434/3259/420 1811/3234/415
f 4438/3268/423 4439/3269/423 4437/3270/423 4443/3271/423
f 4440/3272/423 4441/3273/423 4437/3270/423 4439/3269/423
f 4442/3274/423 4443/3271/423 4437/3270/423 4441/3273/423
f 161/2768/406 946/2820/423 4438/3268/423 1813/3253/419
f 946/2820/423 947/2821/423 4439/3269/423 4438/3268/423
f 1813/3253/419 4438/3268/423 4443/3271/423 1814/3251/419
f 165/2824/424 1824/3275/425 4440/3272/423 948/2825/423
f 1824/3275/425 1823/3276/425 4441/3273/423 4440/3272/423
f 948/2825/423 4440/3272/423 4439/3269/423 947/2821/423
f 19/3247/418 1815/3249/419 4442/3274/423 1822/3277/425
f 1815/3249/419 1814/3251/419 4443/3271/423 4442/3274/423
f 1822/3277/425 4442/3274/423 4441/3273/423 1823/3276/425
f 4445/3278/426 4446/3279/426 4444/3280/426 4450/3281/426
f 4447/3282/426 4448/3283/426 4444/3280/426 4446/3279/426
f 4449/3284/426 4450/3281/426 4444/3280/426 4448/3283/426
f 172/2935/427 1002/2947/426 4445/3278/426 1827/3285/428
f 1002/2947/426 1001/2946/426 4446/3279/426 4445/3278/426
f 1827/3285/428 4445/3278/426 4450/3281/426 1826/3286/428
f 170/2894/410 1819/3266/422 4447/3282/426 1000/2945/426
f 1819/3266/422 1820/3264/422 4448/3283/426 4447/3282/426
f 1000/2945/426 4447/3282/426 4446/3279/426 1001/2946/426
f 15/3261/421 1825/3287/428 4449/3284/426 1821/3262/422
f 1825/3287/428 1826/3286/428 4450/3281/426 4449/3284/426
f 1821/3262/422 4449/3284/426 4448/3283/426 1820/3264/422
f 4452/3288/429 4453/3289/429 4451/3290/429 4457/3291/429
f 4454/3292/429 4455/3293/429 4451/3290/429 4453/3289/429
f 4456/3294/429 4457/3291/429 4451/3290/429 4455/3293/429
f 165/2824/424 1828/3295/430 4452/3288/429 1824/3275/425
f 1828/3295/430 1829/3296/430 4453/3289/429 4452/3288/429
f 1824/3275/425 4452/3288/429 4457/3291/429 1823/3276/425
f 18/3297/431 367/3298/429 4454/3292/429 1830/3299/430
f 367/3298/429 368/3300/429 4455/3293/429 4454/3292/429
f 1830/3299/430 4454/3292/429 4453/3289/429 1829/3296/430
f 19/3247/418 1822/3277/425 4456/3294/429 369/3301/429
f 1822/3277/425 1823/3276/425 4457/3291/429 4456/3294/429
f 369/3301/429 4456/3294/429 4455/3293/429 368/3300/429
f 4459/3302/432 4460/3303/432 4458/3304/432 4464/3305/432
f 4461/3306/432 4462/3307/432 4458/3304/432 4460/3303/432
f 4463/3308/432 4464/3305/432 4458/3304/432 4462/3307/432
f 18/3297/431 1833/3309/433 4459/3302/432 357/3310/432
f 1833/3309/433 1832/3311/433 4460/3303/432 4459/3302/432
f 357/3310/432 4459/3302/432 4464/3305/432 356/3312/432
f 172/2935/427 1827/3285/428 4461/3306/432 1831/3313/433
f 1827/3285/428 1826/3286/428 4462/3307/432 4461/3306/432
f 1831/3313/433 4461/3306/432 4460/3303/432 1832/3311/433
f 15/3261/421 355/3314/432 4463/3308/432 1825/3287/428
f 355/3314/432 356/3312/432 4464/3305/432 4463/3308/432
f 1825/3287/428 4463/3308/432 4462/3307/432 1826/3286/428
f 4466/3315/434 4467/3316/434 4465/3317/434 4471/3318/434
f 4468/3319/434 4469/3320/434 4465/3317/434 4467/3316/434
f 4470/3321/434 4471/3318/434 4465/3317/434 4469/3320/434
f 18/3297/431 1830/3299/430 4466/3315/434 1834/3322/435
f 1830/3299/430 1829/3296/430 4467/3316/434 4466/3315/434
f 1834/3322/435 4466/3315/434 4471/3318/434 1835/3323/435
f 165/2824/424 973/2881/434 4468/3319/434 1828/3295/430
f 973/2881/434 974/2879/434 4469/3320/434 4468/3319/434
f 1828/3295/430 4468/3319/434 4467/3316/434 1829/3296/430
f 169/2876/436 1836/3324/435 4470/3321/434 975/2877/434
f 1836/3324/435 1835/3323/435 4471/3318/434 4470/3321/434
f 975/2877/434 4470/3321/434 4469/3320/434 974/2879/434
f 4473/3325/437 4474/3326/437 4472/3327/437 4478/3328/437
f 4475/3329/437 4476/3330/437 4472/3327/437 4474/3326/437
f 4477/3331/437 4478/3328/437 4472/3327/437 4476/3330/437
f 169/2876/436 994/2931/437 4473/3325/437 1836/3324/435
f 994/2931/437 995/2932/437 4474/3326/437 4473/3325/437
f 1836/3324/435 4473/3325/437 4478/3328/437 1835/3323/435
f 172/2935/427 1831/3313/433 4475/3329/437 996/2936/437
f 1831/3313/433 1832/3311/433 4476/3330/437 4475/3329/437
f 996/2936/437 4475/3329/437 4474/3326/437 995/2932/437
f 18/3297/431 1834/3322/435 4477/3331/437 1833/3309/433
f 1834/3322/435 1835/3323/435 4478/3328/437 4477/3331/437
f 1833/3309/433 4477/3331/437 4476/3330/437 1832/3311/433
f 4480/3332/269 4481/3333/269 4479/3334/269 4485/3335/269
f 4482/3336/269 4483/3337/269 4479/3334/269 4481/3333/269
f 4484/3338/269 4485/3335/269 4479/3334/269 4483/3337/269
f 130/1958/269 1840/3339/269 4480/3332/269 1837/3340/269
f 1840/3339/269 1841/3341/269 4481/3333/269 4480/3332/269
f 1837/3340/269 4480/3332/269 4485/3335/269 1838/3342/269
f 179/3343/269 1015/3344/269 4482/3336/269 1842/3345/269
f 1015/3344/269 1016/3346/269 4483/3337/269 4482/3336/269
f 1842/3345/269 4482/3336/269 4481/3333/269 1841/3341/269
f 180/3347/269 1839/3348/269 4484/3338/269 1017/3349/269
f 1839/3348/269 1838/3342/269 4485/3335/269 4484/3338/269
f 1017/3349/269 4484/3338/269 4483/3337/269 1016/3346/269
f 4487/3350/269 4488/3351/269 4486/3352/269 4492/3353/269
f 4489/3354/269 4490/3355/269 4486/3352/269 4488/3351/269
f 4491/3356/269 4492/3353/269 4486/3352/269 4490/3355/269
f 130/1958/269 1843/3357/269 4487/3350/269 1840/3339/269
f 1843/3357/269 1844/3358/269 4488/3351/269 4487/3350/269
f 1840/3339/269 4487/3350/269 4492/3353/269 1841/3341/269
f 111/3359/269 1848/3360/269 4489/3354/269 1845/3361/269
f 1848/3360/269 1847/3362/269 4490/3355/269 4489/3354/269
f 1845/3361/269 4489/3354/269 4488/3351/269 1844/3358/269
f 179/3343/269 1842/3345/269 4491/3356/269 1846/3363/269
f 1842/3345/269 1841/3341/269 4492/3353/269 4491/3356/269
f 1846/3363/269 4491/3356/269 4490/3355/269 1847/3362/269
f 4494/3364/269 4495/3365/269 4493/3366/269 4499/3367/269
f 4496/3368/269 4497/3369/269 4493/3366/269 4495/3365/269
f 4498/3370/269 4499/3367/269 4493/3366/269 4497/3369/269
f 179/3343/269 1846/3363/269 4494/3364/269 1849/3371/269
f 1846/3363/269 1847/3362/269 4495/3365/269 4494/3364/269
f 1849/3371/269 4494/3364/269 4499/3367/269 1850/3372/269
f 111/3359/269 766/3373/269 4496/3368/269 1848/3360/269
f 766/3373/269 767/3374/269 4497/3369/269 4496/3368/269
f 1848/3360/269 4496/3368/269 4495/3365/269 1847/3362/269
f 113/3375/269 1851/3376/269 4498/3370/269 768/3377/269
f 1851/3376/269 1850/3372/269 4499/3367/269 4498/3370/269
f 768/3377/269 4498/3370/269 4497/3369/269 767/3374/269
f 4501/3378/269 4502/3379/269 4500/3380/269 4506/3381/269
f 4503/3382/269 4504/3383/269 4500/3380/269 4502/3379/269
f 4505/3384/269 4506/3381/269 4500/3380/269 4504/3383/269
f 132/1976/269 1854/3385/269 4501/3378/269 810/1977/269
f 1854/3385/269 1853/3386/269 4502/3379/269 4501/3378/269
f 810/1977/269 4501/3378/269 4506/3381/269 809/1973/269
f 111/3359/269 1845/3361/269 4503/3382/269 1852/3387/269
f 1845/3361/269 1844/3358/269 4504/3383/269 4503/3382/269
f 1852/3387/269 4503/3382/269 4502/3379/269 1853/3386/269
f 130/1958/269 808/1972/269 4505/3384/269 1843/3357/269
f 808/1972/269 809/1973/269 4506/3381/269 4505/3384/269
f 1843/3357/269 4505/3384/269 4504/3383/269 1844/3358/269
f 4508/3388/269 4509/3389/269 4507/3390/269 4513/3391/269
f 4510/3392/269 4511/3393/269 4507/3390/269 4509/3389/269
f 4512/3394/269 4513/3391/269 4507/3390/269 4511/3393/269
f 111/3359/269 1852/3387/269 4508/3388/269 1855/3395/269
f 1852/3387/269 1853/3386/269 4509/3389/269 4508/3388/269
f 1855/3395/269 4508/3388/269 4513/3391/269 1856/3396/269
f 132/1976/269 1858/3397/269 4510/3392/269 1854/3385/269
f 1858/3397/269 1859/3398/269 4511/3393/269 4510/3392/269
f 1854/3385/269 4510/3392/269 4509/3389/269 1853/3386/269
f 181/3399/269 1857/3400/269 4512/3394/269 1860/3401/269
f 1857/3400/269 1856/3396/269 4513/3391/269 4512/3394/269
f 1860/3401/269 4512/3394/269 4511/3393/269 1859/3398/269
f 4515/3402/269 4516/3403/269 4514/3404/269 4520/3405/269
f 4517/3406/269 4518/3407/269 4514/3404/269 4516/3403/269
f 4519/3408/269 4520/3405/269 4514/3404/269 4518/3407/269
f 132/1976/269 1861/3409/269 4515/3402/269 1858/3397/269
f 1861/3409/269 1862/3410/269 4516/3403/269 4515/3402/269
f 1858/3397/269 4515/3402/269 4520/3405/269 1859/3398/269
f 182/3411/269 1020/3412/269 4517/3406/269 1863/3413/269
f 1020/3412/269 1019/3414/269 4518/3407/269 4517/3406/269
f 1863/3413/269 4517/3406/269 4516/3403/269 1862/3410/269
f 181/3399/269 1860/3401/269 4519/3408/269 1018/3415/269
f 1860/3401/269 1859/3398/269 4520/3405/269 4519/3408/269
f 1018/3415/269 4519/3408/269 4518/3407/269 1019/3414/269
f 4522/3416/269 4523/3417/269 4521/3418/269 4527/3419/269
f 4524/3420/269 4525/3421/269 4521/3418/269 4523/3417/269
f 4526/3422/269 4527/3419/269 4521/3418/269 4525/3421/269
f 183/3423/269 1026/3424/269 4522/3416/269 1023/3425/269
f 1026/3424/269 1025/3426/269 4523/3417/269 4522/3416/269
f 1023/3425/269 4522/3416/269 4527/3419/269 1022/3427/269
f 181/3399/269 1018/3415/269 4524/3420/269 1024/3428/269
f 1018/3415/269 1019/3414/269 4525/3421/269 4524/3420/269
f 1024/3428/269 4524/3420/269 4523/3417/269 1025/3426/269
f 182/3411/269 1021/3429/269 4526/3422/269 1020/3412/269
f 1021/3429/269 1022/3427/269 4527/3419/269 4526/3422/269
f 1020/3412/269 4526/3422/269 4525/3421/269 1019/3414/269
f 4529/3430/269 4530/3431/269 4528/3432/269 4534/3433/269
f 4531/3434/269 4532/3435/269 4528/3432/269 4530/3431/269
f 4533/3436/269 4534/3433/269 4528/3432/269 4532/3435/269
f 184/3437/269 1032/3438/269 4529/3430/269 1029/3439/269
f 1032/3438/269 1031/3440/269 4530/3431/269 4529/3430/269
f 1029/3439/269 4529/3430/269 4534/3433/269 1028/3441/269
f 183/3423/269 1023/3425/269 4531/3434/269 1030/3442/269
f 1023/3425/269 1022/3427/269 4532/3435/269 4531/3434/269
f 1030/3442/269 4531/3434/269 4530/3431/269 1031/3440/269
f 182/3411/269 1027/3443/269 4533/3436/269 1021/3429/269
f 1027/3443/269 1028/3441/269 4534/3433/269 4533/3436/269
f 1021/3429/269 4533/3436/269 4532/3435/269 1022/3427/269
f 4536/3444/269 4537/3445/269 4535/3446/269 4541/3447/269
f 4538/3448/269 4539/3449/269 4535/3446/269 4537/3445/269
f 4540/3450/269 4541/3447/269 4535/3446/269 4539/3449/269
f 185/3451/438 1038/3452/269 4536/3444/269 1035/3453/269
f 1038/3452/269 1037/3454/269 4537/3445/269 4536/3444/269
f 1035/3453/269 4536/3444/269 4541/3447/269 1034/3455/269
f 183/3423/269 1030/3442/269 4538/3448/269 1036/3456/269
f 1030/3442/269 1031/3440/269 4539/3449/269 4538/3448/269
f 1036/3456/269 4538/3448/269 4537/3445/269 1037/3454/269
f 184/3437/269 1033/3457/269 4540/3450/269 1032/3438/269
f 1033/3457/269 1034/3455/269 4541/3447/269 4540/3450/269
f 1032/3438/269 4540/3450/269 4539/3449/269 1031/3440/269
f 4543/3458/439 4544/3459/439 4542/3460/439 4548/3461/439
f 4545/3462/439 4546/3463/439 4542/3460/439 4544/3459/439
f 4547/3464/439 4548/3461/439 4542/3460/439 4546/3463/439
f 185/3451/438 1867/3465/439 4543/3458/439 1864/3466/440
f 1867/3465/439 1868/3467/439 4544/3459/439 4543/3458/439
f 1864/3466/440 4543/3458/439 4548/3461/439 1865/3468/440
f 123/1816/439 1525/1826/439 4545/3462/439 1869/3469/439
f 1525/1826/439 1526/1827/439 4546/3463/439 4545/3462/439
f 1869/3469/439 4545/3462/439 4544/3459/439 1868/3467/439
f 121/1780/441 1866/3470/440 4547/3464/439 1527/1828/439
f 1866/3470/440 1865/3468/440 4548/3461/439 4547/3464/439
f 1527/1828/439 4547/3464/439 4546/3463/439 1526/1827/439
f 4550/3471/269 4551/3472/269 4549/3473/269 4555/3474/269
f 4552/3475/269 4553/3476/269 4549/3473/269 4551/3472/269
f 4554/3477/269 4555/3474/269 4549/3473/269 4553/3476/269
f 122/1798/269 1872/3478/269 4550/3471/269 1515/1799/269
f 1872/3478/269 1871/3479/269 4551/3472/269 4550/3471/269
f 1515/1799/269 4550/3471/269 4555/3474/269 1514/1795/269
f 185/3451/438 1864/3466/440 4552/3475/269 1870/3480/269
f 1864/3466/440 1865/3468/440 4553/3476/269 4552/3475/269
f 1870/3480/269 4552/3475/269 4551/3472/269 1871/3479/269
f 121/1780/441 1513/1794/269 4554/3477/269 1866/3470/440
f 1513/1794/269 1514/1795/269 4555/3474/269 4554/3477/269
f 1866/3470/440 4554/3477/269 4553/3476/269 1865/3468/440
f 4557/3481/269 4558/3482/269 4556/3483/269 4562/3484/269
f 4559/3485/269 4560/3486/269 4556/3483/269 4558/3482/269
f 4561/3487/269 4562/3484/269 4556/3483/269 4560/3486/269
f 183/3423/269 1036/3456/269 4557/3481/269 1873/3488/269
f 1036/3456/269 1037/3454/269 4558/3482/269 4557/3481/269
f 1873/3488/269 4557/3481/269 4562/3484/269 1874/3489/269
f 185/3451/438 1870/3480/269 4559/3485/269 1038/3452/269
f 1870/3480/269 1871/3479/269 4560/3486/269 4559/3485/269
f 1038/3452/269 4559/3485/269 4558/3482/269 1037/3454/269
f 122/1798/269 1875/3490/269 4561/3487/269 1872/3478/269
f 1875/3490/269 1874/3489/269 4562/3484/269 4561/3487/269
f 1872/3478/269 4561/3487/269 4560/3486/269 1871/3479/269
f 4564/3491/269 4565/3492/269 4563/3493/269 4569/3494/269
f 4566/3495/269 4567/3496/269 4563/3493/269 4565/3492/269
f 4568/3497/269 4569/3494/269 4563/3493/269 4567/3496/269
f 122/1798/269 1536/1856/269 4564/3491/269 1875/3490/269
f 1536/1856/269 1535/1855/269 4565/3492/269 4564/3491/269
f 1875/3490/269 4564/3491/269 4569/3494/269 1874/3489/269
f 124/1844/269 1878/3498/269 4566/3495/269 1534/1854/269
f 1878/3498/269 1877/3499/269 4567/3496/269 4566/3495/269
f 1534/1854/269 4566/3495/269 4565/3492/269 1535/1855/269
f 183/3423/269 1873/3488/269 4568/3497/269 1876/3500/269
f 1873/3488/269 1874/3489/269 4569/3494/269 4568/3497/269
f 1876/3500/269 4568/3497/269 4567/3496/269 1877/3499/269
f 4571/3501/269 4572/3502/269 4570/3503/269 4576/3504/269
f 4573/3505/269 4574/3506/269 4570/3503/269 4572/3502/269
f 4575/3507/269 4576/3504/269 4570/3503/269 4574/3506/269
f 186/3508/269 1041/3509/269 4571/3501/269 1881/3510/269
f 1041/3509/269 1040/3511/269 4572/3502/269 4571/3501/269
f 1881/3510/269 4571/3501/269 4576/3504/269 1880/3512/269
f 183/3423/269 1876/3500/269 4573/3505/269 1039/3513/269
f 1876/3500/269 1877/3499/269 4574/3506/269 4573/3505/269
f 1039/3513/269 4573/3505/269 4572/3502/269 1040/3511/269
f 124/1844/269 1879/3514/269 4575/3507/269 1878/3498/269
f 1879/3514/269 1880/3512/269 4576/3504/269 4575/3507/269
f 1878/3498/269 4575/3507/269 4574/3506/269 1877/3499/269
f 4578/3515/269 4579/3516/269 4577/3517/269 4583/3518/269
f 4580/3519/269 4581/3520/269 4577/3517/269 4579/3516/269
f 4582/3521/269 4583/3518/269 4577/3517/269 4581/3520/269
f 125/1872/269 1884/3522/269 4578/3515/269 1543/1882/269
f 1884/3522/269 1883/3523/269 4579/3516/269 4578/3515/269
f 1543/1882/269 4578/3515/269 4583/3518/269 1544/1883/269
f 186/3508/269 1881/3510/269 4580/3519/269 1882/3524/269
f 1881/3510/269 1880/3512/269 4581/3520/269 4580/3519/269
f 1882/3524/269 4580/3519/269 4579/3516/269 1883/3523/269
f 124/1844/269 1545/1884/269 4582/3521/269 1879/3514/269
f 1545/1884/269 1544/1883/269 4583/3518/269 4582/3521/269
f 1879/3514/269 4582/3521/269 4581/3520/269 1880/3512/269
f 4585/3525/269 4586/3526/269 4584/3527/269 4590/3528/269
f 4587/3529/269 4588/3530/269 4584/3527/269 4586/3526/269
f 4589/3531/269 4590/3528/269 4584/3527/269 4588/3530/269
f 186/3508/269 1882/3524/269 4585/3525/269 1885/3532/269
f 1882/3524/269 1883/3523/269 4586/3526/269 4585/3525/269
f 1885/3532/269 4585/3525/269 4590/3528/269 1886/3533/269
f 125/1872/269 1888/3534/269 4587/3529/269 1884/3522/269
f 1888/3534/269 1889/3535/269 4588/3530/269 4587/3529/269
f 1884/3522/269 4587/3529/269 4586/3526/269 1883/3523/269
f 127/1913/269 1887/3536/269 4589/3531/269 1890/3537/269
f 1887/3536/269 1886/3533/269 4590/3528/269 4589/3531/269
f 1890/3537/269 4589/3531/269 4588/3530/269 1889/3535/269
f 4592/3538/269 4593/3539/269 4591/3540/269 4597/3541/269
f 4594/3542/269 4595/3543/269 4591/3540/269 4593/3539/269
f 4596/3544/269 4597/3541/269 4591/3540/269 4595/3543/269
f 187/3545/269 1044/3546/269 4592/3538/269 1893/3547/269
f 1044/3546/269 1043/3548/269 4593/3539/269 4592/3538/269
f 1893/3547/269 4592/3538/269 4597/3541/269 1892/3549/269
f 186/3508/269 1885/3532/269 4594/3542/269 1042/3550/269
f 1885/3532/269 1886/3533/269 4595/3543/269 4594/3542/269
f 1042/3550/269 4594/3542/269 4593/3539/269 1043/3548/269
f 127/1913/269 1891/3551/269 4596/3544/269 1887/3536/269
f 1891/3551/269 1892/3549/269 4597/3541/269 4596/3544/269
f 1887/3536/269 4596/3544/269 4595/3543/269 1886/3533/269
f 4599/3552/269 4600/3553/269 4598/3554/269 4604/3555/269
f 4601/3556/269 4602/3557/269 4598/3554/269 4600/3553/269
f 4603/3558/269 4604/3555/269 4598/3554/269 4602/3557/269
f 187/3545/269 1893/3547/269 4599/3552/269 1894/3559/269
f 1893/3547/269 1892/3549/269 4600/3553/269 4599/3552/269
f 1894/3559/269 4599/3552/269 4604/3555/269 1895/3560/269
f 127/1913/269 1554/1915/269 4601/3556/269 1891/3551/269
f 1554/1915/269 1553/1912/269 4602/3557/269 4601/3556/269
f 1891/3551/269 4601/3556/269 4600/3553/269 1892/3549/269
f 126/1901/269 1896/3561/269 4603/3558/269 1552/1911/269
f 1896/3561/269 1895/3560/269 4604/3555/269 4603/3558/269
f 1552/1911/269 4603/3558/269 4602/3557/269 1553/1912/269
f 4606/3562/269 4607/3563/269 4605/3564/269 4611/3565/269
f 4608/3566/269 4609/3567/269 4605/3564/269 4607/3563/269
f 4610/3568/269 4611/3565/269 4605/3564/269 4609/3567/269
f 126/1901/269 1897/3569/269 4606/3562/269 1896/3561/269
f 1897/3569/269 1898/3570/269 4607/3563/269 4606/3562/269
f 1896/3561/269 4606/3562/269 4611/3565/269 1895/3560/269
f 188/3571/269 1047/3572/269 4608/3566/269 1899/3573/269
f 1047/3572/269 1046/3574/269 4609/3567/269 4608/3566/269
f 1899/3573/269 4608/3566/269 4607/3563/269 1898/3570/269
f 187/3545/269 1894/3559/269 4610/3568/269 1045/3575/269
f 1894/3559/269 1895/3560/269 4611/3565/269 4610/3568/269
f 1045/3575/269 4610/3568/269 4609/3567/269 1046/3574/269
f 4613/3576/269 4614/3577/269 4612/3578/269 4618/3579/269
f 4615/3580/269 4616/3581/269 4612/3578/269 4614/3577/269
f 4617/3582/269 4618/3579/269 4612/3578/269 4616/3581/269
f 188/3571/269 1899/3573/269 4613/3576/269 1048/3583/269
f 1899/3573/269 1898/3570/269 4614/3577/269 4613/3576/269
f 1048/3583/269 4613/3576/269 4618/3579/269 1049/3584/269
f 126/1901/269 1900/3585/269 4615/3580/269 1897/3569/269
f 1900/3585/269 1901/3586/269 4616/3581/269 4615/3580/269
f 1897/3569/269 4615/3580/269 4614/3577/269 1898/3570/269
f 189/3587/269 1050/3588/269 4617/3582/269 1902/3589/269
f 1050/3588/269 1049/3584/269 4618/3579/269 4617/3582/269
f 1902/3589/269 4617/3582/269 4616/3581/269 1901/3586/269
f 4620/3590/269 4621/3591/269 4619/3592/269 4625/3593/269
f 4622/3594/269 4623/3595/269 4619/3592/269 4621/3591/269
f 4624/3596/269 4625/3593/269 4619/3592/269 4623/3595/269
f 189/3587/269 1902/3589/269 4620/3590/269 1903/3597/269
f 1902/3589/269 1901/3586/269 4621/3591/269 4620/3590/269
f 1903/3597/269 4620/3590/269 4625/3593/269 1904/3598/269
f 126/1901/269 1558/1926/269 4622/3594/269 1900/3585/269
f 1558/1926/269 1559/1928/269 4623/3595/269 4622/3594/269
f 1900/3585/269 4622/3594/269 4621/3591/269 1901/3586/269
f 128/1933/269 1905/3599/269 4624/3596/269 1560/1934/269
f 1905/3599/269 1904/3598/269 4625/3593/269 4624/3596/269
f 1560/1934/269 4624/3596/269 4623/3595/269 1559/1928/269
f 4627/3600/442 4628/3601/442 4626/3602/442 4632/3603/442
f 4629/3604/442 4630/3605/442 4626/3602/442 4628/3601/442
f 4631/3606/442 4632/3603/442 4626/3602/442 4630/3605/442
f 187/3545/443 1906/3607/444 4627/3600/442 1044/3546/442
f 1906/3607/444 1907/3608/444 4628/3601/442 4627/3600/442
f 1044/3546/442 4627/3600/442 4632/3603/442 1043/3548/442
f 190/3609/445 1909/3610/446 4629/3604/442 1908/3611/444
f 1909/3610/446 1910/3612/446 4630/3605/442 4629/3604/442
f 1908/3611/444 4629/3604/442 4628/3601/442 1907/3608/444
f 186/3508/447 1042/3550/442 4631/3606/442 1911/3613/446
f 1042/3550/442 1043/3548/442 4632/3603/442 4631/3606/442
f 1911/3613/446 4631/3606/442 4630/3605/442 1910/3612/446
f 4634/3614/448 4635/3615/448 4633/3616/448 4639/3617/448
f 4636/3618/448 4637/3619/448 4633/3616/448 4635/3615/448
f 4638/3620/448 4639/3617/448 4633/3616/448 4637/3619/448
f 190/3609/445 1912/3621/448 4634/3614/448 1909/3610/446
f 1912/3621/448 1913/3622/448 4635/3615/448 4634/3614/448
f 1909/3610/446 4634/3614/448 4639/3617/448 1910/3612/446
f 82/3623/449 1917/3624/450 4636/3618/448 1914/3625/448
f 1917/3624/450 1916/3626/450 4637/3619/448 4636/3618/448
f 1914/3625/448 4636/3618/448 4635/3615/448 1913/3622/448
f 186/3508/447 1911/3613/446 4638/3620/448 1915/3627/450
f 1911/3613/446 1910/3612/446 4639/3617/448 4638/3620/448
f 1915/3627/450 4638/3620/448 4637/3619/448 1916/3626/450
f 4641/3628/451 4642/3629/452 4640/3630/451 4646/3631/451
f 4643/3632/452 4644/3633/451 4640/3630/451 4642/3629/452
f 4645/3634/451 4646/3631/451 4640/3630/451 4644/3633/451
f 190/3609/445 1908/3611/444 4641/3628/451 1051/3635/452
f 1908/3611/444 1907/3608/444 4642/3629/452 4641/3628/451
f 1051/3635/452 4641/3628/451 4646/3631/451 1052/3636/451
f 187/3545/443 1918/3637/453 4643/3632/452 1906/3607/444
f 1918/3637/453 1919/3638/453 4644/3633/451 4643/3632/452
f 1906/3607/444 4643/3632/452 4642/3629/452 1907/3608/444
f 191/3639/454 1053/3640/451 4645/3634/451 1920/3641/453
f 1053/3640/451 1052/3636/451 4646/3631/451 4645/3634/451
f 1920/3641/453 4645/3634/451 4644/3633/451 1919/3638/453
f 4648/3642/455 4649/3643/455 4647/3644/455 4653/3645/455
f 4650/3646/455 4651/3647/455 4647/3644/455 4649/3643/455
f 4652/3648/455 4653/3645/455 4647/3644/455 4651/3647/455
f 183/3423/456 1039/3513/455 4648/3642/455 1923/3649/457
f 1039/3513/455 1040/3511/455 4649/3643/455 4648/3642/455
f 1923/3649/457 4648/3642/455 4653/3645/455 1922/3650/457
f 186/3508/447 1915/3627/450 4650/3646/455 1041/3509/455
f 1915/3627/450 1916/3626/450 4651/3647/455 4650/3646/455
f 1041/3509/455 4650/3646/455 4649/3643/455 1040/3511/455
f 82/3623/449 1921/3651/457 4652/3648/455 1917/3624/450
f 1921/3651/457 1922/3650/457 4653/3645/455 4652/3648/455
f 1917/3624/450 4652/3648/455 4651/3647/455 1916/3626/450
f 4655/3652/458 4656/3653/458 4654/3654/458 4660/3655/458
f 4657/3656/458 4658/3657/458 4654/3654/458 4656/3653/458
f 4659/3658/458 4660/3655/458 4654/3654/458 4658/3657/458
f 188/3571/459 1926/3659/460 4655/3652/458 1047/3572/458
f 1926/3659/460 1925/3660/460 4656/3653/458 4655/3652/458
f 1047/3572/458 4655/3652/458 4660/3655/458 1046/3574/458
f 191/3639/454 1920/3641/453 4657/3656/458 1924/3661/460
f 1920/3641/453 1919/3638/453 4658/3657/458 4657/3656/458
f 1924/3661/460 4657/3656/458 4656/3653/458 1925/3660/460
f 187/3545/443 1045/3575/458 4659/3658/458 1918/3637/453
f 1045/3575/458 1046/3574/458 4660/3655/458 4659/3658/458
f 1918/3637/453 4659/3658/458 4658/3657/458 1919/3638/453
f 4662/3662/461 4663/3663/461 4661/3664/461 4667/3665/461
f 4664/3666/461 4665/3667/461 4661/3664/461 4663/3663/461
f 4666/3668/461 4667/3665/461 4661/3664/461 4665/3667/461
f 193/3669/461 1059/3670/461 4662/3662/461 1056/3671/461
f 1059/3670/461 1058/3672/461 4663/3663/461 4662/3662/461
f 1056/3671/461 4662/3662/461 4667/3665/461 1055/3673/461
f 191/3639/454 1060/3674/462 4664/3666/461 1057/3675/461
f 1060/3674/462 1061/3676/463 4665/3667/461 4664/3666/461
f 1057/3675/461 4664/3666/461 4663/3663/461 1058/3672/461
f 192/3677/464 1054/3678/461 4666/3668/461 1062/3679/463
f 1054/3678/461 1055/3673/461 4667/3665/461 4666/3668/461
f 1062/3679/463 4666/3668/461 4665/3667/461 1061/3676/463
f 4669/3680/465 4670/3681/465 4668/3682/465 4674/3683/465
f 4671/3684/465 4672/3685/465 4668/3682/465 4670/3681/465
f 4673/3686/465 4674/3683/465 4668/3682/465 4672/3685/465
f 181/3399/466 1024/3428/465 4669/3680/465 1929/3687/467
f 1024/3428/465 1025/3426/465 4670/3681/465 4669/3680/465
f 1929/3687/467 4669/3680/465 4674/3683/465 1928/3688/467
f 183/3423/456 1923/3649/457 4671/3684/465 1026/3424/465
f 1923/3649/457 1922/3650/457 4672/3685/465 4671/3684/465
f 1026/3424/465 4671/3684/465 4670/3681/465 1025/3426/465
f 82/3623/449 1927/3689/467 4673/3686/465 1921/3651/457
f 1927/3689/467 1928/3688/467 4674/3683/465 4673/3686/465
f 1921/3651/457 4673/3686/465 4672/3685/465 1922/3650/457
f 4676/3690/468 4677/3691/468 4675/3692/468 4681/3693/468
f 4678/3694/468 4679/3695/468 4675/3692/468 4677/3691/468
f 4680/3696/468 4681/3693/468 4675/3692/468 4679/3695/468
f 181/3399/466 1929/3687/467 4676/3690/468 1930/3697/469
f 1929/3687/467 1928/3688/467 4677/3691/468 4676/3690/468
f 1930/3697/469 4676/3690/468 4681/3693/468 1931/3698/469
f 82/3623/449 649/3699/468 4678/3694/468 1927/3689/467
f 649/3699/468 650/3700/468 4679/3695/468 4678/3694/468
f 1927/3689/467 4678/3694/468 4677/3691/468 1928/3688/467
f 84/3701/470 1932/3702/469 4680/3696/468 651/3703/468
f 1932/3702/469 1931/3698/469 4681/3693/468 4680/3696/468
f 651/3703/468 4680/3696/468 4679/3695/468 650/3700/468
f 4683/3704/471 4684/3705/471 4682/3706/471 4688/3707/471
f 4685/3708/471 4686/3709/471 4682/3706/471 4684/3705/471
f 4687/3710/471 4688/3707/471 4682/3706/471 4686/3709/471
f 84/3701/470 658/3711/471 4683/3704/471 1932/3702/469
f 658/3711/471 659/3712/471 4684/3705/471 4683/3704/471
f 1932/3702/469 4683/3704/471 4688/3707/471 1931/3698/469
f 85/3713/472 1935/3714/473 4685/3708/471 660/3715/471
f 1935/3714/473 1934/3716/473 4686/3709/471 4685/3708/471
f 660/3715/471 4685/3708/471 4684/3705/471 659/3712/471
f 181/3399/466 1930/3697/469 4687/3710/471 1933/3717/473
f 1930/3697/469 1931/3698/469 4688/3707/471 4687/3710/471
f 1933/3717/473 4687/3710/471 4686/3709/471 1934/3716/473
f 4690/3718/474 4691/3719/474 4689/3720/474 4695/3721/474
f 4692/3722/474 4693/3723/474 4689/3720/474 4691/3719/474
f 4694/3724/474 4695/3721/474 4689/3720/474 4693/3723/474
f 111/3359/201 1855/3395/474 4690/3718/474 1938/3725/475
f 1855/3395/474 1856/3396/474 4691/3719/474 4690/3718/474
f 1938/3725/475 4690/3718/474 4695/3721/474 1937/3726/475
f 181/3399/466 1933/3717/473 4692/3722/474 1857/3400/474
f 1933/3717/473 1934/3716/473 4693/3723/474 4692/3722/474
f 1857/3400/474 4692/3722/474 4691/3719/474 1856/3396/474
f 85/3713/472 1936/3727/475 4694/3724/474 1935/3714/473
f 1936/3727/475 1937/3726/475 4695/3721/474 4694/3724/474
f 1935/3714/473 4694/3724/474 4693/3723/474 1934/3716/473
f 4697/3728/476 4698/3729/476 4696/3730/476 4702/3731/476
f 4699/3732/476 4700/3733/476 4696/3730/476 4698/3729/476
f 4701/3734/476 4702/3731/476 4696/3730/476 4700/3733/476
f 112/3735/203 771/3736/202 4697/3728/476 1941/3737/477
f 771/3736/202 770/3738/202 4698/3729/476 4697/3728/476
f 1941/3737/477 4697/3728/476 4702/3731/476 1940/3739/477
f 111/3359/201 1938/3725/475 4699/3732/476 769/3740/202
f 1938/3725/475 1937/3726/475 4700/3733/476 4699/3732/476
f 769/3740/202 4699/3732/476 4698/3729/476 770/3738/202
f 85/3713/472 1939/3741/477 4701/3734/476 1936/3727/475
f 1939/3741/477 1940/3739/477 4702/3731/476 4701/3734/476
f 1936/3727/475 4701/3734/476 4700/3733/476 1937/3726/475
f 4704/3742/478 4705/3743/478 4703/3744/478 4709/3745/478
f 4706/3746/478 4707/3747/478 4703/3744/478 4705/3743/478
f 4708/3748/478 4709/3745/478 4703/3744/478 4707/3747/478
f 112/3735/203 1941/3737/477 4704/3742/478 1942/3749/478
f 1941/3737/477 1940/3739/477 4705/3743/478 4704/3742/478
f 1942/3749/478 4704/3742/478 4709/3745/478 1943/3750/478
f 85/3713/472 670/3751/478 4706/3746/478 1939/3741/477
f 670/3751/478 671/3752/478 4707/3747/478 4706/3746/478
f 1939/3741/477 4706/3746/478 4705/3743/478 1940/3739/477
f 87/3753/478 1944/3754/478 4708/3748/478 672/3755/478
f 1944/3754/478 1943/3750/478 4709/3745/478 4708/3748/478
f 672/3755/478 4708/3748/478 4707/3747/478 671/3752/478
f 4711/3756/479 4712/3757/479 4710/3758/479 4716/3759/479
f 4713/3760/479 4714/3761/479 4710/3758/479 4712/3757/479
f 4715/3762/479 4716/3759/479 4710/3758/479 4714/3761/479
f 125/1872/246 1945/3763/480 4711/3756/479 1888/3534/479
f 1945/3763/480 1946/3764/480 4712/3757/479 4711/3756/479
f 1888/3534/479 4711/3756/479 4716/3759/479 1889/3535/479
f 67/1892/249 1557/1917/255 4713/3760/479 1947/3765/480
f 1557/1917/255 1556/1916/255 4714/3761/479 4713/3760/479
f 1947/3765/480 4713/3760/479 4712/3757/479 1946/3764/480
f 127/1913/254 1890/3537/479 4715/3762/479 1555/1914/255
f 1890/3537/479 1889/3535/479 4716/3759/479 4715/3762/479
f 1555/1914/255 4715/3762/479 4714/3761/479 1556/1916/255
f 4718/3766/481 4719/3767/481 4717/3768/481 4723/3769/481
f 4720/3770/481 4721/3771/481 4717/3768/481 4719/3767/481
f 4722/3772/481 4723/3769/481 4717/3768/481 4721/3771/481
f 67/1892/249 1947/3765/480 4718/3766/481 580/3773/481
f 1947/3765/480 1946/3764/480 4719/3767/481 4718/3766/481
f 580/3773/481 4718/3766/481 4723/3769/481 581/3774/481
f 125/1872/246 1542/1874/245 4720/3770/481 1945/3763/480
f 1542/1874/245 1541/1871/245 4721/3771/481 4720/3770/481
f 1945/3763/480 4720/3770/481 4719/3767/481 1946/3764/480
f 69/1868/244 582/3775/481 4722/3772/481 1540/1869/245
f 582/3775/481 581/3774/481 4723/3769/481 4722/3772/481
f 1540/1869/245 4722/3772/481 4721/3771/481 1541/1871/245
f 4725/3776/482 4726/3777/483 4724/3778/483 4730/3779/482
f 4727/3780/483 4728/3781/483 4724/3778/483 4726/3777/483
f 4729/3782/483 4730/3779/482 4724/3778/483 4728/3781/483
f 194/3783/483 1951/3784/483 4725/3776/482 1948/3785/483
f 1951/3784/483 1952/3786/483 4726/3777/483 4725/3776/482
f 1948/3785/483 4725/3776/482 4730/3779/482 1949/3787/482
f 131/1962/265 807/1964/264 4727/3780/483 1953/3788/483
f 807/1964/264 806/1961/264 4728/3781/483 4727/3780/483
f 1953/3788/483 4727/3780/483 4726/3777/483 1952/3786/483
f 130/1958/263 1950/3789/483 4729/3782/483 805/1959/264
f 1950/3789/483 1949/3787/482 4730/3779/482 4729/3782/483
f 805/1959/264 4729/3782/483 4728/3781/483 806/1961/264
f 4732/3790/484 4733/3791/484 4731/3792/484 4737/3793/484
f 4734/3794/484 4735/3795/484 4731/3792/484 4733/3791/484
f 4736/3796/484 4737/3793/484 4731/3792/484 4735/3795/484
f 195/3797/485 1957/3798/486 4732/3790/484 1954/3799/484
f 1957/3798/486 1958/3800/486 4733/3791/484 4732/3790/484
f 1954/3799/484 4732/3790/484 4737/3793/484 1955/3801/484
f 132/1976/268 813/1978/267 4734/3794/484 1959/3802/486
f 813/1978/267 812/1975/267 4735/3795/484 4734/3794/484
f 1959/3802/486 4734/3794/484 4733/3791/484 1958/3800/486
f 129/1953/261 1956/3803/484 4736/3796/484 811/1974/267
f 1956/3803/484 1955/3801/484 4737/3793/484 4736/3796/484
f 811/1974/267 4736/3796/484 4735/3795/484 812/1975/267
f 4739/3804/487 4740/3805/487 4738/3806/487 4744/3807/487
f 4741/3808/487 4742/3809/487 4738/3806/487 4740/3805/487
f 4743/3810/487 4744/3807/487 4738/3806/487 4742/3809/487
f 132/1976/268 1959/3802/486 4739/3804/487 1861/3409/487
f 1959/3802/486 1958/3800/486 4740/3805/487 4739/3804/487
f 1861/3409/487 4739/3804/487 4744/3807/487 1862/3410/487
f 195/3797/485 1960/3811/488 4741/3808/487 1957/3798/486
f 1960/3811/488 1961/3812/488 4742/3809/487 4741/3808/487
f 1957/3798/486 4741/3808/487 4740/3805/487 1958/3800/486
f 182/3411/489 1863/3413/487 4743/3810/487 1962/3813/488
f 1863/3413/487 1862/3410/487 4744/3807/487 4743/3810/487
f 1962/3813/488 4743/3810/487 4742/3809/487 1961/3812/488
f 4746/3814/490 4747/3815/490 4745/3816/490 4751/3817/490
f 4748/3818/490 4749/3819/490 4745/3816/490 4747/3815/490
f 4750/3820/490 4751/3817/490 4745/3816/490 4749/3819/490
f 184/3437/491 1966/3821/492 4746/3814/490 1963/3822/493
f 1966/3821/492 1967/3823/492 4747/3815/490 4746/3814/490
f 1963/3822/493 4746/3814/490 4751/3817/490 1964/3824/493
f 195/3797/485 1969/3825/490 4748/3818/490 1968/3826/492
f 1969/3825/490 1970/3827/490 4749/3819/490 4748/3818/490
f 1968/3826/492 4748/3818/490 4747/3815/490 1967/3823/492
f 196/3828/494 1965/3829/493 4750/3820/490 1971/3830/490
f 1965/3829/493 1964/3824/493 4751/3817/490 4750/3820/490
f 1971/3830/490 4750/3820/490 4749/3819/490 1970/3827/490
f 4753/3831/495 4754/3832/495 4752/3833/495 4758/3834/495
f 4755/3835/495 4756/3836/495 4752/3833/495 4754/3832/495
f 4757/3837/495 4758/3834/495 4752/3833/495 4756/3836/495
f 197/3838/496 1972/3839/497 4753/3831/495 1065/3840/495
f 1972/3839/497 1973/3841/497 4754/3832/495 4753/3831/495
f 1065/3840/495 4753/3831/495 4758/3834/495 1064/3842/495
f 184/3437/491 1963/3822/493 4755/3835/495 1974/3843/497
f 1963/3822/493 1964/3824/493 4756/3836/495 4755/3835/495
f 1974/3843/497 4755/3835/495 4754/3832/495 1973/3841/497
f 196/3828/494 1063/3844/495 4757/3837/495 1965/3829/493
f 1063/3844/495 1064/3842/495 4758/3834/495 4757/3837/495
f 1965/3829/493 4757/3837/495 4756/3836/495 1964/3824/493
f 4760/3845/498 4761/3846/498 4759/3847/498 4765/3848/498
f 4762/3849/498 4763/3850/498 4759/3847/498 4761/3846/498
f 4764/3851/498 4765/3848/498 4759/3847/498 4763/3850/498
f 184/3437/491 1974/3843/497 4760/3845/498 1033/3457/498
f 1974/3843/497 1973/3841/497 4761/3846/498 4760/3845/498
f 1033/3457/498 4760/3845/498 4765/3848/498 1034/3455/498
f 197/3838/496 1975/3852/499 4762/3849/498 1972/3839/497
f 1975/3852/499 1976/3853/499 4763/3850/498 4762/3849/498
f 1972/3839/497 4762/3849/498 4761/3846/498 1973/3841/497
f 185/3451/500 1035/3453/498 4764/3851/498 1977/3854/499
f 1035/3453/498 1034/3455/498 4765/3848/498 4764/3851/498
f 1977/3854/499 4764/3851/498 4763/3850/498 1976/3853/499
f 4767/3855/501 4768/3856/501 4766/3857/501 4772/3858/501
f 4769/3859/501 4770/3860/501 4766/3857/501 4768/3856/501
f 4771/3861/501 4772/3858/501 4766/3857/501 4770/3860/501
f 195/3797/485 1968/3826/492 4767/3855/501 1960/3811/488
f 1968/3826/492 1967/3823/492 4768/3856/501 4767/3855/501
f 1960/3811/488 4767/3855/501 4772/3858/501 1961/3812/488
f 184/3437/491 1029/3439/501 4769/3859/501 1966/3821/492
f 1029/3439/501 1028/3441/501 4770/3860/501 4769/3859/501
f 1966/3821/492 4769/3859/501 4768/3856/501 1967/3823/492
f 182/3411/489 1962/3813/488 4771/3861/501 1027/3443/501
f 1962/3813/488 1961/3812/488 4772/3858/501 4771/3861/501
f 1027/3443/501 4771/3861/501 4770/3860/501 1028/3441/501
f 4774/3862/502 4775/3863/502 4773/3864/502 4779/3865/502
f 4776/3866/502 4777/3867/502 4773/3864/502 4775/3863/502
f 4778/3868/502 4779/3865/502 4773/3864/502 4777/3867/502
f 197/3838/496 1981/3869/502 4774/3862/502 1978/3870/503
f 1981/3869/502 1982/3871/502 4775/3863/502 4774/3862/502
f 1978/3870/503 4774/3862/502 4779/3865/502 1979/3872/503
f 2/1808/229 1519/1810/230 4776/3866/502 1983/3873/502
f 1519/1810/230 1520/1812/230 4777/3867/502 4776/3866/502
f 1983/3873/502 4776/3866/502 4775/3863/502 1982/3871/502
f 123/1816/232 1980/3874/503 4778/3868/502 1521/1817/230
f 1980/3874/503 1979/3872/503 4779/3865/502 4778/3868/502
f 1521/1817/230 4778/3868/502 4777/3867/502 1520/1812/230
f 4781/3875/504 4782/3876/504 4780/3877/504 4786/3878/504
f 4783/3879/504 4784/3880/504 4780/3877/504 4782/3876/504
f 4785/3881/504 4786/3878/504 4780/3877/504 4784/3880/504
f 123/1816/232 1869/3469/504 4781/3875/504 1980/3874/503
f 1869/3469/504 1868/3467/504 4782/3876/504 4781/3875/504
f 1980/3874/503 4781/3875/504 4786/3878/504 1979/3872/503
f 185/3451/500 1977/3854/499 4783/3879/504 1867/3465/504
f 1977/3854/499 1976/3853/499 4784/3880/504 4783/3879/504
f 1867/3465/504 4783/3879/504 4782/3876/504 1868/3467/504
f 197/3838/496 1978/3870/503 4785/3881/504 1975/3852/499
f 1978/3870/503 1979/3872/503 4786/3878/504 4785/3881/504
f 1975/3852/499 4785/3881/504 4784/3880/504 1976/3853/499
f 4788/3882/505 4789/3883/505 4787/3884/505 4793/3885/505
f 4790/3886/505 4791/3887/505 4787/3884/505 4789/3883/505
f 4792/3888/505 4793/3885/505 4787/3884/505 4791/3887/505
f 73/3889/116 1800/3890/505 4788/3882/505 610/3891/114
f 1800/3890/505 1799/3892/505 4789/3883/505 4788/3882/505
f 610/3891/114 4788/3882/505 4793/3885/505 611/3893/114
f 176/3894/506 1984/3895/505 4790/3886/505 1798/3896/505
f 1984/3895/505 1985/3897/505 4791/3887/505 4790/3886/505
f 1798/3896/505 4790/3886/505 4789/3883/505 1799/3892/505
f 74/3898/114 612/3899/114 4792/3888/505 1986/3900/505
f 612/3899/114 611/3893/114 4793/3885/505 4792/3888/505
f 1986/3900/505 4792/3888/505 4791/3887/505 1985/3897/505
f 4795/3901/505 4796/3902/505 4794/3903/505 4800/3904/505
f 4797/3905/505 4798/3906/505 4794/3903/505 4796/3902/505
f 4799/3907/505 4800/3904/505 4794/3903/505 4798/3906/505
f 198/3908/506 1992/3909/505 4795/3901/505 1989/3910/506
f 1992/3909/505 1991/3911/505 4796/3902/505 4795/3901/505
f 1989/3910/506 4795/3901/505 4800/3904/505 1988/3912/506
f 74/3898/114 1986/3900/505 4797/3905/505 1990/3913/505
f 1986/3900/505 1985/3897/505 4798/3906/505 4797/3905/505
f 1990/3913/505 4797/3905/505 4796/3902/505 1991/3911/505
f 176/3894/506 1987/3914/506 4799/3907/505 1984/3895/505
f 1987/3914/506 1988/3912/506 4800/3904/505 4799/3907/505
f 1984/3895/505 4799/3907/505 4798/3906/505 1985/3897/505
f 4802/3915/507 4803/3916/507 4801/3917/507 4807/3918/508
f 4804/3919/507 4805/3920/508 4801/3917/507 4803/3916/507
f 4806/3921/507 4807/3918/508 4801/3917/507 4805/3920/508
f 198/3908/506 1989/3910/506 4802/3915/507 1993/3922/507
f 1989/3910/506 1988/3912/506 4803/3916/507 4802/3915/507
f 1993/3922/507 4802/3915/507 4807/3918/508 1994/3923/507
f 176/3894/506 1009/3924/507 4804/3919/507 1987/3914/506
f 1009/3924/507 1010/3925/507 4805/3920/508 4804/3919/507
f 1987/3914/506 4804/3919/507 4803/3916/507 1988/3912/506
f 177/3926/509 1995/3927/507 4806/3921/507 1011/3928/507
f 1995/3927/507 1994/3923/507 4807/3918/508 4806/3921/507
f 1011/3928/507 4806/3921/507 4805/3920/508 1010/3925/507
f 4809/3929/507 4810/3930/507 4808/3931/507 4814/3932/507
f 4811/3933/507 4812/3934/507 4808/3931/507 4810/3930/507
f 4813/3935/507 4814/3932/507 4808/3931/507 4812/3934/507
f 199/3936/509 1068/3937/507 4809/3929/507 1998/3938/509
f 1068/3937/507 1067/3939/507 4810/3930/507 4809/3929/507
f 1998/3938/509 4809/3929/507 4814/3932/507 1997/3940/509
f 198/3908/506 1993/3922/507 4811/3933/507 1066/3941/507
f 1993/3922/507 1994/3923/507 4812/3934/507 4811/3933/507
f 1066/3941/507 4811/3933/507 4810/3930/507 1067/3939/507
f 177/3926/509 1996/3942/509 4813/3935/507 1995/3927/507
f 1996/3942/509 1997/3940/509 4814/3932/507 4813/3935/507
f 1995/3927/507 4813/3935/507 4812/3934/507 1994/3923/507
f 4816/3943/510 4817/3944/510 4815/3945/510 4821/3946/510
f 4818/3947/510 4819/3948/510 4815/3945/510 4817/3944/510
f 4820/3949/510 4821/3946/510 4815/3945/510 4819/3948/510
f 79/3950/121 634/3951/121 4816/3943/510 1999/3952/510
f 634/3951/121 635/3953/121 4817/3944/510 4816/3943/510
f 1999/3952/510 4816/3943/510 4821/3946/510 2000/3954/510
f 80/3955/121 2002/3956/510 4818/3947/510 636/3957/121
f 2002/3956/510 2003/3958/510 4819/3948/510 4818/3947/510
f 636/3957/121 4818/3947/510 4817/3944/510 635/3953/121
f 202/3959/511 2001/3960/510 4820/3949/510 2004/3961/510
f 2001/3960/510 2000/3954/510 4821/3946/510 4820/3949/510
f 2004/3961/510 4820/3949/510 4819/3948/510 2003/3958/510
f 4823/3962/512 4824/3963/512 4822/3964/512 4828/3965/512
f 4825/3966/512 4826/3967/512 4822/3964/512 4824/3963/512
f 4827/3968/512 4828/3965/512 4822/3964/512 4826/3967/512
f 200/3969/513 1072/3970/512 4823/3962/512 1069/3971/513
f 1072/3970/512 1073/3972/512 4824/3963/512 4823/3962/512
f 1069/3971/513 4823/3962/512 4828/3965/512 1070/3973/513
f 203/3974/511 1077/3975/512 4825/3966/512 1074/3976/512
f 1077/3975/512 1076/3977/512 4826/3967/512 4825/3966/512
f 1074/3976/512 4825/3966/512 4824/3963/512 1073/3972/512
f 201/3978/513 1071/3979/513 4827/3968/512 1075/3980/512
f 1071/3979/513 1070/3973/513 4828/3965/512 4827/3968/512
f 1075/3980/512 4827/3968/512 4826/3967/512 1076/3977/512
f 4830/3981/510 4831/3982/510 4829/3983/510 4835/3984/510
f 4832/3985/510 4833/3986/510 4829/3983/510 4831/3982/510
f 4834/3987/510 4835/3984/510 4829/3983/510 4833/3986/510
f 202/3959/511 2004/3961/510 4830/3981/510 1078/3988/511
f 2004/3961/510 2003/3958/510 4831/3982/510 4830/3981/510
f 1078/3988/511 4830/3981/510 4835/3984/510 1079/3989/511
f 80/3955/121 2005/3990/510 4832/3985/510 2002/3956/510
f 2005/3990/510 2006/3991/510 4833/3986/510 4832/3985/510
f 2002/3956/510 4832/3985/510 4831/3982/510 2003/3958/510
f 203/3974/511 1080/3992/511 4834/3987/510 2007/3993/510
f 1080/3992/511 1079/3989/511 4835/3984/510 4834/3987/510
f 2007/3993/510 4834/3987/510 4833/3986/510 2006/3991/510
f 4837/3994/512 4838/3995/512 4836/3996/512 4842/3997/512
f 4839/3998/512 4840/3999/512 4836/3996/512 4838/3995/512
f 4841/4000/512 4842/3997/512 4836/3996/512 4840/3999/512
f 202/3959/511 1078/3988/511 4837/3994/512 1083/4001/512
f 1078/3988/511 1079/3989/511 4838/3995/512 4837/3994/512
f 1083/4001/512 4837/3994/512 4842/3997/512 1082/4002/512
f 203/3974/511 1074/3976/512 4839/3998/512 1080/3992/511
f 1074/3976/512 1073/3972/512 4840/3999/512 4839/3998/512
f 1080/3992/511 4839/3998/512 4838/3995/512 1079/3989/511
f 200/3969/513 1081/4003/512 4841/4000/512 1072/3970/512
f 1081/4003/512 1082/4002/512 4842/3997/512 4841/4000/512
f 1072/3970/512 4841/4000/512 4840/3999/512 1073/3972/512
f 4844/4004/514 4845/4005/514 4843/4006/514 4849/4007/514
f 4846/4008/514 4847/4009/514 4843/4006/514 4845/4005/514
f 4848/4010/514 4849/4007/514 4843/4006/514 4847/4009/514
f 155/4011/515 904/4012/514 4844/4004/514 2008/4013/515
f 904/4012/514 905/4014/514 4845/4005/514 4844/4004/514
f 2008/4013/515 4844/4004/514 4849/4007/514 2009/4015/515
f 156/4016/516 2013/4017/514 4846/4008/514 906/4018/514
f 2013/4017/514 2012/4019/514 4847/4009/514 4846/4008/514
f 906/4018/514 4846/4008/514 4845/4005/514 905/4014/514
f 204/4020/515 2010/4021/515 4848/4010/514 2011/4022/514
f 2010/4021/515 2009/4015/515 4849/4007/514 4848/4010/514
f 2011/4022/514 4848/4010/514 4847/4009/514 2012/4019/514
f 4851/4023/514 4852/4024/514 4850/4025/514 4856/4026/514
f 4853/4027/514 4854/4028/514 4850/4025/514 4852/4024/514
f 4855/4029/514 4856/4026/514 4850/4025/514 4854/4028/514
f 205/4030/516 1086/4031/514 4851/4023/514 2016/4032/516
f 1086/4031/514 1085/4033/514 4852/4024/514 4851/4023/514
f 2016/4032/516 4851/4023/514 4856/4026/514 2015/4034/516
f 204/4020/515 2011/4022/514 4853/4027/514 1084/4035/514
f 2011/4022/514 2012/4019/514 4854/4028/514 4853/4027/514
f 1084/4035/514 4853/4027/514 4852/4024/514 1085/4033/514
f 156/4016/516 2014/4036/516 4855/4029/514 2013/4017/514
f 2014/4036/516 2015/4034/516 4856/4026/514 4855/4029/514
f 2013/4017/514 4855/4029/514 4854/4028/514 2012/4019/514
f 4858/4037/517 4859/4038/517 4857/4039/517 4863/4040/517
f 4860/4041/517 4861/4042/517 4857/4039/517 4859/4038/517
f 4862/4043/517 4863/4040/517 4857/4039/517 4861/4042/517
f 156/4016/516 1705/4044/517 4858/4037/517 2014/4036/516
f 1705/4044/517 1706/4045/517 4859/4038/517 4858/4037/517
f 2014/4036/516 4858/4037/517 4863/4040/517 2015/4034/516
f 89/4046/130 2019/4047/517 4860/4041/517 1707/4048/517
f 2019/4047/517 2018/4049/517 4861/4042/517 4860/4041/517
f 1707/4048/517 4860/4041/517 4859/4038/517 1706/4045/517
f 205/4030/516 2016/4032/516 4862/4043/517 2017/4050/517
f 2016/4032/516 2015/4034/516 4863/4040/517 4862/4043/517
f 2017/4050/517 4862/4043/517 4861/4042/517 2018/4049/517
f 4865/4051/517 4866/4052/517 4864/4053/517 4870/4054/517
f 4867/4055/517 4868/4056/517 4864/4053/517 4866/4052/517
f 4869/4057/517 4870/4054/517 4864/4053/517 4868/4056/517
f 90/4058/130 2022/4059/517 4865/4051/517 681/4060/130
f 2022/4059/517 2021/4061/517 4866/4052/517 4865/4051/517
f 681/4060/130 4865/4051/517 4870/4054/517 680/4062/130
f 205/4030/516 2017/4050/517 4867/4055/517 2020/4063/517
f 2017/4050/517 2018/4049/517 4868/4056/517 4867/4055/517
f 2020/4063/517 4867/4055/517 4866/4052/517 2021/4061/517
f 89/4046/130 679/4064/130 4869/4057/517 2019/4047/517
f 679/4064/130 680/4062/130 4870/4054/517 4869/4057/517
f 2019/4047/517 4869/4057/517 4868/4056/517 2018/4049/517
f 4872/4065/518 4873/4066/518 4871/4067/518 4877/4068/518
f 4874/4069/518 4875/4070/518 4871/4067/518 4873/4066/518
f 4876/4071/518 4877/4068/518 4871/4067/518 4875/4070/518
f 201/3978/519 2026/4072/520 4872/4065/518 2023/4073/521
f 2026/4072/520 2027/4074/520 4873/4066/518 4872/4065/518
f 2023/4073/521 4872/4065/518 4877/4068/518 2024/4075/521
f 134/4076/522 814/4077/518 4874/4069/518 2028/4078/520
f 814/4077/518 815/4079/518 4875/4070/518 4874/4069/518
f 2028/4078/520 4874/4069/518 4873/4066/518 2027/4074/520
f 135/4080/523 2025/4081/521 4876/4071/518 816/4082/518
f 2025/4081/521 2024/4075/521 4877/4068/518 4876/4071/518
f 816/4082/518 4876/4071/518 4875/4070/518 815/4079/518
f 4879/4083/524 4880/4084/524 4878/4085/524 4884/4086/524
f 4881/4087/524 4882/4088/524 4878/4085/524 4880/4084/524
f 4883/4089/524 4884/4086/524 4878/4085/524 4882/4088/524
f 80/3955/143 1444/4090/147 4879/4083/524 2005/3990/524
f 1444/4090/147 1445/4091/147 4880/4084/524 4879/4083/524
f 2005/3990/524 4879/4083/524 4884/4086/524 2006/3991/524
f 96/4092/146 2029/4093/525 4881/4087/524 1446/4094/147
f 2029/4093/525 2030/4095/525 4882/4088/524 4881/4087/524
f 1446/4094/147 4881/4087/524 4880/4084/524 1445/4091/147
f 203/3974/526 2007/3993/524 4883/4089/524 2031/4096/525
f 2007/3993/524 2006/3991/524 4884/4086/524 4883/4089/524
f 2031/4096/525 4883/4089/524 4882/4088/524 2030/4095/525
f 4886/4097/527 4887/4098/527 4885/4099/527 4891/4100/527
f 4888/4101/527 4889/4102/527 4885/4099/527 4887/4098/527
f 4890/4103/527 4891/4100/527 4885/4099/527 4889/4102/527
f 201/3978/519 1075/3980/527 4886/4097/527 2026/4072/520
f 1075/3980/527 1076/3977/527 4887/4098/527 4886/4097/527
f 2026/4072/520 4886/4097/527 4891/4100/527 2027/4074/520
f 203/3974/526 2034/4104/528 4888/4101/527 1077/3975/527
f 2034/4104/528 2033/4105/528 4889/4102/527 4888/4101/527
f 1077/3975/527 4888/4101/527 4887/4098/527 1076/3977/527
f 134/4076/522 2028/4078/520 4890/4103/527 2032/4106/528
f 2028/4078/520 2027/4074/520 4891/4100/527 4890/4103/527
f 2032/4106/528 4890/4103/527 4889/4102/527 2033/4105/528
f 4893/4107/529 4894/4108/529 4892/4109/529 4898/4110/529
f 4895/4111/529 4896/4112/529 4892/4109/529 4894/4108/529
f 4897/4113/529 4898/4110/529 4892/4109/529 4896/4112/529
f 203/3974/526 2031/4096/525 4893/4107/529 2034/4104/528
f 2031/4096/525 2030/4095/525 4894/4108/529 4893/4107/529
f 2034/4104/528 4893/4107/529 4898/4110/529 2033/4105/528
f 96/4092/146 1576/4114/529 4895/4111/529 2029/4093/525
f 1576/4114/529 1577/4115/529 4896/4112/529 4895/4111/529
f 2029/4093/525 4895/4111/529 4894/4108/529 2030/4095/525
f 134/4076/522 2032/4106/528 4897/4113/529 1578/4116/529
f 2032/4106/528 2033/4105/528 4898/4110/529 4897/4113/529
f 1578/4116/529 4897/4113/529 4896/4112/529 1577/4115/529
f 4900/4117/530 4901/4118/530 4899/4119/530 4905/4120/530
f 4902/4121/530 4903/4122/530 4899/4119/530 4901/4118/530
f 4904/4123/530 4905/4120/530 4899/4119/530 4903/4122/530
f 207/4124/531 2037/4125/532 4900/4117/530 1089/4126/530
f 2037/4125/532 2036/4127/533 4901/4118/530 4900/4117/530
f 1089/4126/530 4900/4117/530 4905/4120/530 1088/4128/530
f 200/3969/534 2038/4129/535 4902/4121/530 2035/4130/533
f 2038/4129/535 2039/4131/535 4903/4122/530 4902/4121/530
f 2035/4130/533 4902/4121/530 4901/4118/530 2036/4127/533
f 206/4132/536 1087/4133/530 4904/4123/530 2040/4134/535
f 1087/4133/530 1088/4128/530 4905/4120/530 4904/4123/530
f 2040/4134/535 4904/4123/530 4903/4122/530 2039/4131/535
f 4907/4135/537 4908/4136/537 4906/4137/537 4912/4138/537
f 4909/4139/537 4910/4140/537 4906/4137/537 4908/4136/537
f 4911/4141/537 4912/4138/537 4906/4137/537 4910/4140/537
f 200/3969/534 2035/4130/533 4907/4135/537 1081/4003/537
f 2035/4130/533 2036/4127/533 4908/4136/537 4907/4135/537
f 1081/4003/537 4907/4135/537 4912/4138/537 1082/4002/537
f 207/4124/531 2041/4142/538 4909/4139/537 2037/4125/532
f 2041/4142/538 2042/4143/538 4910/4140/537 4909/4139/537
f 2037/4125/532 4909/4139/537 4908/4136/537 2036/4127/533
f 202/3959/539 1083/4001/537 4911/4141/537 2043/4144/538
f 1083/4001/537 1082/4002/537 4912/4138/537 4911/4141/537
f 2043/4144/538 4911/4141/537 4910/4140/537 2042/4143/538
f 4914/4145/540 4915/4146/540 4913/4147/540 4919/4148/540
f 4916/4149/540 4917/4150/540 4913/4147/540 4915/4146/540
f 4918/4151/540 4919/4148/540 4913/4147/540 4917/4150/540
f 97/4152/154 2049/4153/541 4914/4145/540 2046/4154/540
f 2049/4153/541 2048/4155/541 4915/4146/540 4914/4145/540
f 2046/4154/540 4914/4145/540 4919/4148/540 2045/4156/540
f 202/3959/539 2043/4144/538 4916/4149/540 2047/4157/541
f 2043/4144/538 2042/4143/538 4917/4150/540 4916/4149/540
f 2047/4157/541 4916/4149/540 4915/4146/540 2048/4155/541
f 207/4124/531 2044/4158/540 4918/4151/540 2041/4142/538
f 2044/4158/540 2045/4156/540 4919/4148/540 4918/4151/540
f 2041/4142/538 4918/4151/540 4917/4150/540 2042/4143/538
f 4921/4159/542 4922/4160/542 4920/4161/542 4926/4162/542
f 4923/4163/542 4924/4164/542 4920/4161/542 4922/4160/542
f 4925/4165/542 4926/4162/542 4920/4161/542 4924/4164/542
f 202/3959/539 2047/4157/541 4921/4159/542 2001/3960/542
f 2047/4157/541 2048/4155/541 4922/4160/542 4921/4159/542
f 2001/3960/542 4921/4159/542 4926/4162/542 2000/3954/542
f 97/4152/154 1450/4166/153 4923/4163/542 2049/4153/541
f 1450/4166/153 1451/4167/153 4924/4164/542 4923/4163/542
f 2049/4153/541 4923/4163/542 4922/4160/542 2048/4155/541
f 79/3950/152 1999/3952/542 4925/4165/542 1452/4168/153
f 1999/3952/542 2000/3954/542 4926/4162/542 4925/4165/542
f 1452/4168/153 4925/4165/542 4924/4164/542 1451/4167/153
f 4928/4169/543 4929/4170/543 4927/4171/543 4933/4172/543
f 4930/4173/543 4931/4174/543 4927/4171/543 4929/4170/543
f 4932/4175/543 4933/4172/543 4927/4171/543 4931/4174/543
f 208/4176/544 2053/4177/543 4928/4169/543 2050/4178/545
f 2053/4177/543 2054/4179/543 4929/4170/543 4928/4169/543
f 2050/4178/545 4928/4169/543 4933/4172/543 2051/4180/545
f 99/4181/163 2056/4182/546 4930/4173/543 2055/4183/543
f 2056/4182/546 2057/4184/546 4931/4174/543 4930/4173/543
f 2055/4183/543 4930/4173/543 4929/4170/543 2054/4179/543
f 145/4185/547 2052/4186/545 4932/4175/543 2058/4187/546
f 2052/4186/545 2051/4180/545 4933/4172/543 4932/4175/543
f 2058/4187/546 4932/4175/543 4931/4174/543 2057/4184/546
f 4935/4188/548 4936/4189/549 4934/4190/548 4940/4191/548
f 4937/4192/548 4938/4193/549 4934/4190/548 4936/4189/549
f 4939/4194/548 4940/4191/548 4934/4190/548 4938/4193/549
f 145/4185/547 2059/4195/548 4935/4188/548 2052/4186/545
f 2059/4195/548 2060/4196/548 4936/4189/549 4935/4188/548
f 2052/4186/545 4935/4188/548 4940/4191/548 2051/4180/545
f 209/4197/550 1092/4198/548 4937/4192/548 2061/4199/548
f 1092/4198/548 1091/4200/549 4938/4193/549 4937/4192/548
f 2061/4199/548 4937/4192/548 4936/4189/549 2060/4196/548
f 208/4176/544 2050/4178/545 4939/4194/548 1090/4201/549
f 2050/4178/545 2051/4180/545 4940/4191/548 4939/4194/548
f 1090/4201/549 4939/4194/548 4938/4193/549 1091/4200/549
f 4942/4202/551 4943/4203/551 4941/4204/551 4947/4205/551
f 4944/4206/551 4945/4207/551 4941/4204/551 4943/4203/551
f 4946/4208/551 4947/4205/551 4941/4204/551 4945/4207/551
f 99/4181/163 712/4209/165 4942/4202/551 2056/4182/546
f 712/4209/165 713/4210/165 4943/4203/551 4942/4202/551
f 2056/4182/546 4942/4202/551 4947/4205/551 2057/4184/546
f 100/4211/167 1639/4212/551 4944/4206/551 714/4213/165
f 1639/4212/551 1640/4214/551 4945/4207/551 4944/4206/551
f 714/4213/165 4944/4206/551 4943/4203/551 713/4210/165
f 145/4185/547 2058/4187/546 4946/4208/551 1641/4215/551
f 2058/4187/546 2057/4184/546 4947/4205/551 4946/4208/551
f 1641/4215/551 4946/4208/551 4945/4207/551 1640/4214/551
f 4949/4216/548 4950/4217/548 4948/4218/548 4954/4219/548
f 4951/4220/548 4952/4221/548 4948/4218/548 4950/4217/548
f 4953/4222/548 4954/4219/548 4948/4218/548 4952/4221/548
f 209/4197/550 2061/4199/548 4949/4216/548 2062/4223/552
f 2061/4199/548 2060/4196/548 4950/4217/548 4949/4216/548
f 2062/4223/552 4949/4216/548 4954/4219/548 2063/4224/552
f 145/4185/547 862/4225/548 4951/4220/548 2059/4195/548
f 862/4225/548 863/4226/548 4952/4221/548 4951/4220/548
f 2059/4195/548 4951/4220/548 4950/4217/548 2060/4196/548
f 147/4227/553 2064/4228/552 4953/4222/548 864/4229/548
f 2064/4228/552 2063/4224/552 4954/4219/548 4953/4222/548
f 864/4229/548 4953/4222/548 4952/4221/548 863/4226/548
f 4956/4230/554 4957/4231/554 4955/4232/554 4961/4233/554
f 4958/4234/554 4959/4235/554 4955/4232/554 4957/4231/554
f 4960/4236/554 4961/4233/554 4955/4232/554 4959/4235/554
f 210/4237/555 1096/4238/554 4956/4230/554 1093/4239/556
f 1096/4238/554 1097/4240/554 4957/4231/554 4956/4230/554
f 1093/4239/556 4956/4230/554 4961/4233/554 1094/4241/556
f 211/4242/557 1099/4243/554 4958/4234/554 1098/4244/554
f 1099/4243/554 1100/4245/554 4959/4235/554 4958/4234/554
f 1098/4244/554 4958/4234/554 4957/4231/554 1097/4240/554
f 212/4246/558 1095/4247/556 4960/4236/554 1101/4248/554
f 1095/4247/556 1094/4241/556 4961/4233/554 4960/4236/554
f 1101/4248/554 4960/4236/554 4959/4235/554 1100/4245/554
f 4963/4249/554 4964/4250/554 4962/4251/559 4968/4252/559
f 4965/4253/554 4966/4254/559 4962/4251/559 4964/4250/554
f 4967/4255/559 4968/4252/559 4962/4251/559 4966/4254/559
f 212/4246/558 1101/4248/554 4963/4249/554 1102/4256/559
f 1101/4248/554 1100/4245/554 4964/4250/554 4963/4249/554
f 1102/4256/559 4963/4249/554 4968/4252/559 1103/4257/554
f 211/4242/557 1105/4258/560 4965/4253/554 1099/4243/554
f 1105/4258/560 1106/4259/560 4966/4254/559 4965/4253/554
f 1099/4243/554 4965/4253/554 4964/4250/554 1100/4245/554
f 213/4260/561 1104/4261/554 4967/4255/559 1107/4262/560
f 1104/4261/554 1103/4257/554 4968/4252/559 4967/4255/559
f 1107/4262/560 4967/4255/559 4966/4254/559 1106/4259/560
f 4970/4263/562 4971/4264/562 4969/4265/562 4975/4266/562
f 4972/4267/562 4973/4268/562 4969/4265/562 4971/4264/562
f 4974/4269/562 4975/4266/562 4969/4265/562 4973/4268/562
f 211/4242/557 2065/4270/563 4970/4263/562 1105/4258/560
f 2065/4270/563 2066/4271/563 4971/4264/562 4970/4263/562
f 1105/4258/560 4970/4263/562 4975/4266/562 1106/4259/560
f 105/4272/186 2070/4273/562 4972/4267/562 2067/4274/563
f 2070/4273/562 2069/4275/562 4973/4268/562 4972/4267/562
f 2067/4274/563 4972/4267/562 4971/4264/562 2066/4271/563
f 213/4260/561 1107/4262/560 4974/4269/562 2068/4276/562
f 1107/4262/560 1106/4259/560 4975/4266/562 4974/4269/562
f 2068/4276/562 4974/4269/562 4973/4268/562 2069/4275/562
f 4977/4277/564 4978/4278/564 4976/4279/564 4982/4280/564
f 4979/4281/564 4980/4282/564 4976/4279/564 4978/4278/564
f 4981/4283/564 4982/4280/564 4976/4279/564 4980/4282/564
f 105/4272/186 2067/4274/563 4977/4277/564 739/4284/183
f 2067/4274/563 2066/4271/563 4978/4278/564 4977/4277/564
f 739/4284/183 4977/4277/564 4982/4280/564 740/4285/183
f 211/4242/557 2071/4286/564 4979/4281/564 2065/4270/563
f 2071/4286/564 2072/4287/564 4980/4282/564 4979/4281/564
f 2065/4270/563 4979/4281/564 4978/4278/564 2066/4271/563
f 106/4288/182 741/4289/183 4981/4283/564 2073/4290/564
f 741/4289/183 740/4285/183 4982/4280/564 4981/4283/564
f 2073/4290/564 4981/4283/564 4980/4282/564 2072/4287/564
f 4984/4291/565 4985/4292/565 4983/4293/565 4989/4294/565
f 4986/4295/565 4987/4296/565 4983/4293/565 4985/4292/565
f 4988/4297/565 4989/4294/565 4983/4293/565 4987/4296/565
f 105/4272/213 1494/4298/212 4984/4291/565 2074/4299/565
f 1494/4298/212 1493/4300/213 4985/4292/565 4984/4291/565
f 2074/4299/565 4984/4291/565 4989/4294/565 2075/4301/565
f 99/4181/212 2055/4183/565 4986/4295/565 1492/4302/213
f 2055/4183/565 2054/4179/565 4987/4296/565 4986/4295/565
f 1492/4302/213 4986/4295/565 4985/4292/565 1493/4300/213
f 208/4176/566 2076/4303/565 4988/4297/565 2053/4177/565
f 2076/4303/565 2075/4301/565 4989/4294/565 4988/4297/565
f 2053/4177/565 4988/4297/565 4987/4296/565 2054/4179/565
f 4991/4304/565 4992/4305/565 4990/4306/565 4996/4307/565
f 4993/4308/565 4994/4309/565 4990/4306/565 4992/4305/565
f 4995/4310/565 4996/4307/565 4990/4306/565 4994/4309/565
f 208/4176/566 2077/4311/566 4991/4304/565 2076/4303/565
f 2077/4311/566 2078/4312/566 4992/4305/565 4991/4304/565
f 2076/4303/565 4991/4304/565 4996/4307/565 2075/4301/565
f 213/4260/566 2068/4276/565 4993/4308/565 2079/4313/566
f 2068/4276/565 2069/4275/565 4994/4309/565 4993/4308/565
f 2079/4313/566 4993/4308/565 4992/4305/565 2078/4312/566
f 105/4272/213 2074/4299/565 4995/4310/565 2070/4273/565
f 2074/4299/565 2075/4301/565 4996/4307/565 4995/4310/565
f 2070/4273/565 4995/4310/565 4994/4309/565 2069/4275/565
f 4998/4314/567 4999/4315/567 4997/4316/567 5003/4317/567
f 5000/4318/567 5001/4319/567 4997/4316/567 4999/4315/567
f 5002/4320/567 5003/4317/567 4997/4316/567 5001/4319/567
f 209/4197/568 2082/4321/567 4998/4314/567 1092/4198/567
f 2082/4321/567 2081/4322/567 4999/4315/567 4998/4314/567
f 1092/4198/567 4998/4314/567 5003/4317/567 1091/4200/567
f 213/4260/566 2079/4313/566 5000/4318/567 2080/4323/567
f 2079/4313/566 2078/4312/566 5001/4319/567 5000/4318/567
f 2080/4323/567 5000/4318/567 4999/4315/567 2081/4322/567
f 208/4176/566 1090/4201/567 5002/4320/567 2077/4311/566
f 1090/4201/567 1091/4200/567 5003/4317/567 5002/4320/567
f 2077/4311/566 5002/4320/567 5001/4319/567 2078/4312/566
f 5005/4324/567 5006/4325/567 5004/4326/567 5010/4327/567
f 5007/4328/567 5008/4329/567 5004/4326/567 5006/4325/567
f 5009/4330/567 5010/4327/567 5004/4326/567 5008/4329/567
f 213/4260/566 2080/4323/567 5005/4324/567 1104/4261/567
f 2080/4323/567 2081/4322/567 5006/4325/567 5005/4324/567
f 1104/4261/567 5005/4324/567 5010/4327/567 1103/4257/567
f 209/4197/568 2083/4331/568 5007/4328/567 2082/4321/567
f 2083/4331/568 2084/4332/568 5008/4329/567 5007/4328/567
f 2082/4321/567 5007/4328/567 5006/4325/567 2081/4322/567
f 212/4246/568 1102/4256/567 5009/4330/567 2085/4333/568
f 1102/4256/567 1103/4257/567 5010/4327/567 5009/4330/567
f 2085/4333/568 5009/4330/567 5008/4329/567 2084/4332/568
f 5012/4334/569 5013/4335/569 5011/4336/569 5017/4337/569
f 5014/4338/569 5015/4339/569 5011/4336/569 5013/4335/569
f 5016/4340/569 5017/4337/569 5011/4336/569 5015/4339/569
f 83/4341/569 2089/4342/569 5012/4334/569 2086/4343/569
f 2089/4342/569 2090/4344/569 5013/4335/569 5012/4334/569
f 2086/4343/569 5012/4334/569 5017/4337/569 2087/4345/569
f 190/4346/570 2092/4347/570 5014/4338/569 2091/4348/569
f 2092/4347/570 2093/4349/570 5015/4339/569 5014/4338/569
f 2091/4348/569 5014/4338/569 5013/4335/569 2090/4344/569
f 214/4350/570 2088/4351/569 5016/4340/569 2094/4352/570
f 2088/4351/569 2087/4345/569 5017/4337/569 5016/4340/569
f 2094/4352/570 5016/4340/569 5015/4339/569 2093/4349/570
f 5019/4353/569 5020/4354/569 5018/4355/569 5024/4356/569
f 5021/4357/569 5022/4358/569 5018/4355/569 5020/4354/569
f 5023/4359/569 5024/4356/569 5018/4355/569 5022/4358/569
f 190/4346/570 2091/4348/569 5019/4353/569 1912/4360/569
f 2091/4348/569 2090/4344/569 5020/4354/569 5019/4353/569
f 1912/4360/569 5019/4353/569 5024/4356/569 1913/4361/569
f 83/4341/569 648/4362/569 5021/4357/569 2089/4342/569
f 648/4362/569 647/4363/569 5022/4358/569 5021/4357/569
f 2089/4342/569 5021/4357/569 5020/4354/569 2090/4344/569
f 82/4364/569 1914/4365/569 5023/4359/569 646/4366/569
f 1914/4365/569 1913/4361/569 5024/4356/569 5023/4359/569
f 646/4366/569 5023/4359/569 5022/4358/569 647/4363/569
f 5026/4367/571 5027/4368/571 5025/4369/571 5031/4370/571
f 5028/4371/571 5029/4372/571 5025/4369/571 5027/4368/571
f 5030/4373/571 5031/4370/571 5025/4369/571 5029/4372/571
f 119/4374/218 2095/4375/571 5026/4367/571 796/4376/218
f 2095/4375/571 2096/4377/571 5027/4368/571 5026/4367/571
f 796/4376/218 5026/4367/571 5031/4370/571 797/4378/218
f 175/4379/572 1780/4380/571 5028/4371/571 2097/4381/571
f 1780/4380/571 1781/4382/571 5029/4372/571 5028/4371/571
f 2097/4381/571 5028/4371/571 5027/4368/571 2096/4377/571
f 120/4383/218 798/4384/218 5030/4373/571 1782/4385/571
f 798/4384/218 797/4378/218 5031/4370/571 5030/4373/571
f 1782/4385/571 5030/4373/571 5029/4372/571 1781/4382/571
f 5033/4386/571 5034/4387/571 5032/4388/571 5038/4389/571
f 5035/4390/571 5036/4391/571 5032/4388/571 5034/4387/571
f 5037/4392/571 5038/4389/571 5032/4388/571 5036/4391/571
f 119/4374/218 2098/4393/571 5033/4386/571 2095/4375/571
f 2098/4393/571 2099/4394/571 5034/4387/571 5033/4386/571
f 2095/4375/571 5033/4386/571 5038/4389/571 2096/4377/571
f 215/4395/572 2103/4396/572 5035/4390/571 2100/4397/571
f 2103/4396/572 2102/4398/572 5036/4391/571 5035/4390/571
f 2100/4397/571 5035/4390/571 5034/4387/571 2099/4394/571
f 175/4379/572 2097/4381/571 5037/4392/571 2101/4399/572
f 2097/4381/571 2096/4377/571 5038/4389/571 5037/4392/571
f 2101/4399/572 5037/4392/571 5036/4391/571 2102/4398/572
f 5040/4400/573 5041/4401/573 5039/4402/573 5045/4403/573
f 5042/4404/573 5043/4405/573 5039/4402/573 5041/4401/573
f 5044/4406/573 5045/4403/573 5039/4402/573 5043/4405/573
f 215/4395/572 2104/4407/573 5040/4400/573 2103/4396/572
f 2104/4407/573 2105/4408/573 5041/4401/573 5040/4400/573
f 2103/4396/572 5040/4400/573 5045/4403/573 2102/4398/572
f 174/4409/574 1006/4410/573 5042/4404/573 2106/4411/573
f 1006/4410/573 1007/4412/573 5043/4405/573 5042/4404/573
f 2106/4411/573 5042/4404/573 5041/4401/573 2105/4408/573
f 175/4379/572 2101/4399/572 5044/4406/573 1008/4413/573
f 2101/4399/572 2102/4398/572 5045/4403/573 5044/4406/573
f 1008/4413/573 5044/4406/573 5043/4405/573 1007/4412/573
f 5047/4414/573 5048/4415/573 5046/4416/573 5052/4417/573
f 5049/4418/573 5050/4419/573 5046/4416/573 5048/4415/573
f 5051/4420/573 5052/4417/573 5046/4416/573 5050/4419/573
f 174/4409/574 2106/4411/573 5047/4414/573 2107/4421/574
f 2106/4411/573 2105/4408/573 5048/4415/573 5047/4414/573
f 2107/4421/574 5047/4414/573 5052/4417/573 2108/4422/574
f 215/4395/572 1108/4423/573 5049/4418/573 2104/4407/573
f 1108/4423/573 1109/4424/573 5050/4419/573 5049/4418/573
f 2104/4407/573 5049/4418/573 5048/4415/573 2105/4408/573
f 216/4425/574 2109/4426/574 5051/4420/573 1110/4427/573
f 2109/4426/574 2108/4422/574 5052/4417/573 5051/4420/573
f 1110/4427/573 5051/4420/573 5050/4419/573 1109/4424/573
f 5054/4428/575 5055/4429/575 5053/4430/575 5059/4431/575
f 5056/4432/575 5057/4433/575 5053/4430/575 5055/4429/575
f 5058/4434/575 5059/4431/575 5053/4430/575 5057/4433/575
f 217/4435/576 2115/4436/575 5054/4428/575 2112/4437/575
f 2115/4436/575 2114/4438/575 5055/4429/575 5054/4428/575
f 2112/4437/575 5054/4428/575 5059/4431/575 2111/4439/575
f 199/4440/509 1998/4441/509 5056/4432/575 2113/4442/575
f 1998/4441/509 1997/4443/509 5057/4433/575 5056/4432/575
f 2113/4442/575 5056/4432/575 5055/4429/575 2114/4438/575
f 177/4444/509 2110/4445/575 5058/4434/575 1996/4446/509
f 2110/4445/575 2111/4439/575 5059/4431/575 5058/4434/575
f 1996/4446/509 5058/4434/575 5057/4433/575 1997/4443/509
f 5061/4447/575 5062/4448/575 5060/4449/575 5066/4450/575
f 5063/4451/575 5064/4452/575 5060/4449/575 5062/4448/575
f 5065/4453/575 5066/4450/575 5060/4449/575 5064/4452/575
f 217/4435/576 2112/4437/575 5061/4447/575 2116/4454/576
f 2112/4437/575 2111/4439/575 5062/4448/575 5061/4447/575
f 2116/4454/576 5061/4447/575 5066/4450/575 2117/4455/576
f 177/4444/509 1012/4456/575 5063/4451/575 2110/4445/575
f 1012/4456/575 1013/4457/575 5064/4452/575 5063/4451/575
f 2110/4445/575 5063/4451/575 5062/4448/575 2111/4439/575
f 178/4458/576 2118/4459/576 5065/4453/575 1014/4460/575
f 2118/4459/576 2117/4455/576 5066/4450/575 5065/4453/575
f 1014/4460/575 5065/4453/575 5064/4452/575 1013/4457/575
f 5068/4461/577 5069/4462/577 5067/4463/577 5073/4464/577
f 5070/4465/577 5071/4466/577 5067/4463/577 5069/4462/577
f 5072/4467/577 5073/4464/577 5067/4463/577 5071/4466/577
f 17/4468/17 2124/4469/577 5068/4461/577 2121/4470/577
f 2124/4469/577 2123/4471/577 5069/4462/577 5068/4461/577
f 2121/4470/577 5068/4461/577 5073/4464/577 2120/4472/577
f 217/4435/576 2116/4454/576 5070/4465/577 2122/4473/577
f 2116/4454/576 2117/4455/576 5071/4466/577 5070/4465/577
f 2122/4473/577 5070/4465/577 5069/4462/577 2123/4471/577
f 178/4458/576 2119/4474/577 5072/4467/577 2118/4459/576
f 2119/4474/577 2120/4472/577 5073/4464/577 5072/4467/577
f 2118/4459/576 5072/4467/577 5071/4466/577 2117/4455/576
f 5075/4475/577 5076/4476/577 5074/4477/577 5080/4478/577
f 5077/4479/577 5078/4480/577 5074/4477/577 5076/4476/577
f 5079/4481/577 5080/4478/577 5074/4477/577 5078/4480/577
f 17/4468/17 2121/4470/577 5075/4475/577 364/4482/17
f 2121/4470/577 2120/4472/577 5076/4476/577 5075/4475/577
f 364/4482/17 5075/4475/577 5080/4478/577 365/4483/17
f 178/4458/576 1816/4484/577 5077/4479/577 2119/4474/577
f 1816/4484/577 1817/4485/577 5078/4480/577 5077/4479/577
f 2119/4474/577 5077/4479/577 5076/4476/577 2120/4472/577
f 19/4486/17 366/4487/17 5079/4481/577 1818/4488/577
f 366/4487/17 365/4483/17 5080/4478/577 5079/4481/577
f 1818/4488/577 5079/4481/577 5078/4480/577 1817/4485/577
f 5082/4489/578 5083/4490/578 5081/4491/578 5087/4492/578
f 5084/4493/578 5085/4494/578 5081/4491/578 5083/4490/578
f 5086/4495/578 5087/4492/578 5081/4491/578 5085/4494/578
f 25/4496/22 2125/4497/578 5082/4489/578 393/4498/22
f 2125/4497/578 2126/4499/578 5083/4490/578 5082/4489/578
f 393/4498/22 5082/4489/578 5087/4492/578 392/4500/22
f 218/4501/579 2130/4502/578 5084/4493/578 2127/4503/578
f 2130/4502/578 2129/4504/578 5085/4494/578 5084/4493/578
f 2127/4503/578 5084/4493/578 5083/4490/578 2126/4499/578
f 23/4505/22 391/4506/22 5086/4495/578 2128/4507/578
f 391/4506/22 392/4500/22 5087/4492/578 5086/4495/578
f 2128/4507/578 5086/4495/578 5085/4494/578 2129/4504/578
f 5089/4508/578 5090/4509/578 5088/4510/578 5094/4511/578
f 5091/4512/578 5092/4513/578 5088/4510/578 5090/4509/578
f 5093/4514/578 5094/4511/578 5088/4510/578 5092/4513/578
f 25/4496/22 2131/4515/578 5089/4508/578 2125/4497/578
f 2131/4515/578 2132/4516/578 5090/4509/578 5089/4508/578
f 2125/4497/578 5089/4508/578 5094/4511/578 2126/4499/578
f 219/4517/579 1113/4518/579 5091/4512/578 2133/4519/578
f 1113/4518/579 1112/4520/579 5092/4513/578 5091/4512/578
f 2133/4519/578 5091/4512/578 5090/4509/578 2132/4516/578
f 218/4501/579 2127/4503/578 5093/4514/578 1111/4521/579
f 2127/4503/578 2126/4499/578 5094/4511/578 5093/4514/578
f 1111/4521/579 5093/4514/578 5092/4513/578 1112/4520/579
f 5096/4522/580 5097/4523/580 5095/4524/580 5101/4525/580
f 5098/4526/580 5099/4527/580 5095/4524/580 5097/4523/580
f 5100/4528/580 5101/4525/580 5095/4524/580 5099/4527/580
f 200/4529/513 2139/4530/580 5096/4522/580 2136/4531/580
f 2139/4530/580 2138/4532/580 5097/4523/580 5096/4522/580
f 2136/4531/580 5096/4522/580 5101/4525/580 2135/4533/580
f 218/4501/579 1111/4521/579 5098/4526/580 2137/4534/580
f 1111/4521/579 1112/4520/579 5099/4527/580 5098/4526/580
f 2137/4534/580 5098/4526/580 5097/4523/580 2138/4532/580
f 219/4517/579 2134/4535/580 5100/4528/580 1113/4518/579
f 2134/4535/580 2135/4533/580 5101/4525/580 5100/4528/580
f 1113/4518/579 5100/4528/580 5099/4527/580 1112/4520/579
f 5103/4536/580 5104/4537/580 5102/4538/580 5108/4539/580
f 5105/4540/580 5106/4541/580 5102/4538/580 5104/4537/580
f 5107/4542/580 5108/4539/580 5102/4538/580 5106/4541/580
f 218/4501/579 2137/4534/580 5103/4536/580 2140/4543/580
f 2137/4534/580 2138/4532/580 5104/4537/580 5103/4536/580
f 2140/4543/580 5103/4536/580 5108/4539/580 2141/4544/580
f 200/4529/513 1069/4545/513 5105/4540/580 2139/4530/580
f 1069/4545/513 1070/4546/513 5106/4541/580 5105/4540/580
f 2139/4530/580 5105/4540/580 5104/4537/580 2138/4532/580
f 201/4547/513 2142/4548/580 5107/4542/580 1071/4549/513
f 2142/4548/580 2141/4544/580 5108/4539/580 5107/4542/580
f 1071/4549/513 5107/4542/580 5106/4541/580 1070/4546/513
f 5110/4550/581 5111/4551/581 5109/4552/581 5115/4553/581
f 5112/4554/581 5113/4555/581 5109/4552/581 5111/4551/581
f 5114/4556/581 5115/4553/581 5109/4552/581 5113/4555/581
f 32/4557/581 1674/4558/581 5110/4550/581 2143/4559/581
f 1674/4558/581 1673/4560/581 5111/4551/581 5110/4550/581
f 2143/4559/581 5110/4550/581 5115/4553/581 2144/4561/581
f 151/4562/582 2146/4563/583 5112/4554/581 1672/4564/581
f 2146/4563/583 2147/4565/583 5113/4555/581 5112/4554/581
f 1672/4564/581 5112/4554/581 5111/4551/581 1673/4560/581
f 220/4566/582 2145/4567/581 5114/4556/581 2148/4568/583
f 2145/4567/581 2144/4561/581 5115/4553/581 5114/4556/581
f 2148/4568/583 5114/4556/581 5113/4555/581 2147/4565/583
f 5117/4569/584 5118/4570/584 5116/4571/584 5122/4572/584
f 5119/4573/584 5120/4574/584 5116/4571/584 5118/4570/584
f 5121/4575/584 5122/4572/584 5116/4571/584 5120/4574/584
f 151/4562/582 892/4576/584 5117/4569/584 2146/4563/583
f 892/4576/584 893/4577/584 5118/4570/584 5117/4569/584
f 2146/4563/583 5117/4569/584 5122/4572/584 2147/4565/583
f 152/4578/585 2151/4579/584 5119/4573/584 894/4580/584
f 2151/4579/584 2150/4581/584 5120/4574/584 5119/4573/584
f 894/4580/584 5119/4573/584 5118/4570/584 893/4577/584
f 220/4566/582 2148/4568/583 5121/4575/584 2149/4582/584
f 2148/4568/583 2147/4565/583 5122/4572/584 5121/4575/584
f 2149/4582/584 5121/4575/584 5120/4574/584 2150/4581/584
f 5124/4583/584 5125/4584/584 5123/4585/584 5129/4586/584
f 5126/4587/584 5127/4588/584 5123/4585/584 5125/4584/584
f 5128/4589/584 5129/4586/584 5123/4585/584 5127/4588/584
f 221/4590/585 1116/4591/584 5124/4583/584 2154/4592/585
f 1116/4591/584 1115/4593/584 5125/4584/584 5124/4583/584
f 2154/4592/585 5124/4583/584 5129/4586/584 2153/4594/585
f 220/4566/582 2149/4582/584 5126/4587/584 1114/4595/584
f 2149/4582/584 2150/4581/584 5127/4588/584 5126/4587/584
f 1114/4595/584 5126/4587/584 5125/4584/584 1115/4593/584
f 152/4578/585 2152/4596/585 5128/4589/584 2151/4579/584
f 2152/4596/585 2153/4594/585 5129/4586/584 5128/4589/584
f 2151/4579/584 5128/4589/584 5127/4588/584 2150/4581/584
f 5131/4597/586 5132/4598/586 5130/4599/586 5136/4600/586
f 5133/4601/586 5134/4602/586 5130/4599/586 5132/4598/586
f 5135/4603/586 5136/4600/586 5130/4599/586 5134/4602/586
f 152/4578/585 895/4604/586 5131/4597/586 2152/4596/585
f 895/4604/586 896/4605/586 5132/4598/586 5131/4597/586
f 2152/4596/585 5131/4597/586 5136/4600/586 2153/4594/585
f 153/4606/587 2157/4607/586 5133/4601/586 897/4608/586
f 2157/4607/586 2156/4609/586 5134/4602/586 5133/4601/586
f 897/4608/586 5133/4601/586 5132/4598/586 896/4605/586
f 221/4590/585 2154/4592/585 5135/4603/586 2155/4610/586
f 2154/4592/585 2153/4594/585 5136/4600/586 5135/4603/586
f 2155/4610/586 5135/4603/586 5134/4602/586 2156/4609/586
f 5138/4611/586 5139/4612/586 5137/4613/586 5143/4614/586
f 5140/4615/586 5141/4616/586 5137/4613/586 5139/4612/586
f 5142/4617/586 5143/4614/586 5137/4613/586 5141/4616/586
f 222/4618/588 1119/4619/586 5138/4611/586 2160/4620/587
f 1119/4619/586 1118/4621/586 5139/4612/586 5138/4611/586
f 2160/4620/587 5138/4611/586 5143/4614/586 2159/4622/587
f 221/4590/585 2155/4610/586 5140/4615/586 1117/4623/586
f 2155/4610/586 2156/4609/586 5141/4616/586 5140/4615/586
f 1117/4623/586 5140/4615/586 5139/4612/586 1118/4621/586
f 153/4606/587 2158/4624/587 5142/4617/586 2157/4607/586
f 2158/4624/587 2159/4622/587 5143/4614/586 5142/4617/586
f 2157/4607/586 5142/4617/586 5141/4616/586 2156/4609/586
f 5145/4625/589 5146/4626/589 5144/4627/589 5150/4628/589
f 5147/4629/589 5148/4630/589 5144/4627/589 5146/4626/589
f 5149/4631/589 5150/4628/589 5144/4627/589 5148/4630/589
f 153/4606/587 898/4632/589 5145/4625/589 2158/4624/587
f 898/4632/589 899/4633/589 5146/4626/589 5145/4625/589
f 2158/4624/587 5145/4625/589 5150/4628/589 2159/4622/587
f 154/4634/590 2163/4635/589 5147/4629/589 900/4636/589
f 2163/4635/589 2162/4637/589 5148/4630/589 5147/4629/589
f 900/4636/589 5147/4629/589 5146/4626/589 899/4633/589
f 222/4618/588 2160/4620/587 5149/4631/589 2161/4638/589
f 2160/4620/587 2159/4622/587 5150/4628/589 5149/4631/589
f 2161/4638/589 5149/4631/589 5148/4630/589 2162/4637/589
f 5152/4639/589 5153/4640/589 5151/4641/589 5157/4642/589
f 5154/4643/589 5155/4644/589 5151/4641/589 5153/4640/589
f 5156/4645/589 5157/4642/589 5151/4641/589 5155/4644/589
f 223/4646/590 1122/4647/589 5152/4639/589 2166/4648/590
f 1122/4647/589 1121/4649/589 5153/4640/589 5152/4639/589
f 2166/4648/590 5152/4639/589 5157/4642/589 2165/4650/590
f 222/4618/588 2161/4638/589 5154/4643/589 1120/4651/589
f 2161/4638/589 2162/4637/589 5155/4644/589 5154/4643/589
f 1120/4651/589 5154/4643/589 5153/4640/589 1121/4649/589
f 154/4634/590 2164/4652/590 5156/4645/589 2163/4635/589
f 2164/4652/590 2165/4650/590 5157/4642/589 5156/4645/589
f 2163/4635/589 5156/4645/589 5155/4644/589 2162/4637/589
f 5159/4653/591 5160/4654/591 5158/4655/591 5164/4656/591
f 5161/4657/591 5162/4658/591 5158/4655/591 5160/4654/591
f 5163/4659/591 5164/4656/591 5158/4655/591 5162/4658/591
f 154/4634/590 901/4660/591 5159/4653/591 2164/4652/590
f 901/4660/591 902/4661/591 5160/4654/591 5159/4653/591
f 2164/4652/590 5159/4653/591 5164/4656/591 2165/4650/590
f 155/4662/515 2169/4663/591 5161/4657/591 903/4664/591
f 2169/4663/591 2168/4665/591 5162/4658/591 5161/4657/591
f 903/4664/591 5161/4657/591 5160/4654/591 902/4661/591
f 223/4646/590 2166/4648/590 5163/4659/591 2167/4666/591
f 2166/4648/590 2165/4650/590 5164/4656/591 5163/4659/591
f 2167/4666/591 5163/4659/591 5162/4658/591 2168/4665/591
f 5166/4667/591 5167/4668/591 5165/4669/591 5171/4670/591
f 5168/4671/591 5169/4672/591 5165/4669/591 5167/4668/591
f 5170/4673/591 5171/4670/591 5165/4669/591 5169/4672/591
f 204/4674/515 2172/4675/591 5166/4667/591 2010/4676/515
f 2172/4675/591 2171/4677/591 5167/4668/591 5166/4667/591
f 2010/4676/515 5166/4667/591 5171/4670/591 2009/4678/515
f 223/4646/590 2167/4666/591 5168/4671/591 2170/4679/591
f 2167/4666/591 2168/4665/591 5169/4672/591 5168/4671/591
f 2170/4679/591 5168/4671/591 5167/4668/591 2171/4677/591
f 155/4662/515 2008/4680/515 5170/4673/591 2169/4663/591
f 2008/4680/515 2009/4678/515 5171/4670/591 5170/4673/591
f 2169/4663/591 5170/4673/591 5169/4672/591 2168/4665/591
f 5173/4681/592 5174/4682/592 5172/4683/592 5178/4684/592
f 5175/4685/592 5176/4686/592 5172/4683/592 5174/4682/592
f 5177/4687/592 5178/4684/592 5172/4683/592 5176/4686/592
f 23/4505/33 2173/4688/593 5173/4681/592 1342/4689/42
f 2173/4688/593 2174/4690/593 5174/4682/592 5173/4681/592
f 1342/4689/42 5173/4681/592 5178/4684/592 1343/4691/42
f 141/4692/594 1626/4693/592 5175/4685/592 2175/4694/593
f 1626/4693/592 1625/4695/592 5176/4686/592 5175/4685/592
f 2175/4694/593 5175/4685/592 5174/4682/592 2174/4690/593
f 34/4696/43 1344/4697/42 5177/4687/592 1624/4698/592
f 1344/4697/42 1343/4691/42 5178/4684/592 5177/4687/592
f 1624/4698/592 5177/4687/592 5176/4686/592 1625/4695/592
f 5180/4699/595 5181/4700/595 5179/4701/595 5185/4702/595
f 5182/4703/595 5183/4704/595 5179/4701/595 5181/4700/595
f 5184/4705/595 5185/4702/595 5179/4701/595 5183/4704/595
f 23/4505/33 2128/4507/595 5180/4699/595 2173/4688/593
f 2128/4507/595 2129/4504/595 5181/4700/595 5180/4699/595
f 2173/4688/593 5180/4699/595 5185/4702/595 2174/4690/593
f 218/4501/596 2178/4706/597 5182/4703/595 2130/4502/595
f 2178/4706/597 2177/4707/597 5183/4704/595 5182/4703/595
f 2130/4502/595 5182/4703/595 5181/4700/595 2129/4504/595
f 141/4692/594 2175/4694/593 5184/4705/595 2176/4708/597
f 2175/4694/593 2174/4690/593 5185/4702/595 5184/4705/595
f 2176/4708/597 5184/4705/595 5183/4704/595 2177/4707/597
f 5187/4709/598 5188/4710/598 5186/4711/598 5192/4712/598
f 5189/4713/598 5190/4714/598 5186/4711/598 5188/4710/598
f 5191/4715/598 5192/4712/598 5186/4711/598 5190/4714/598
f 201/4547/519 2181/4716/599 5187/4709/598 2142/4548/598
f 2181/4716/599 2180/4717/599 5188/4710/598 5187/4709/598
f 2142/4548/598 5187/4709/598 5192/4712/598 2141/4544/598
f 141/4692/594 2176/4708/597 5189/4713/598 2179/4718/599
f 2176/4708/597 2177/4707/597 5190/4714/598 5189/4713/598
f 2179/4718/599 5189/4713/598 5188/4710/598 2180/4717/599
f 218/4501/596 2140/4543/598 5191/4715/598 2178/4706/597
f 2140/4543/598 2141/4544/598 5192/4712/598 5191/4715/598
f 2178/4706/597 5191/4715/598 5190/4714/598 2177/4707/597
f 5194/4719/600 5195/4720/600 5193/4721/600 5199/4722/600
f 5196/4723/600 5197/4724/600 5193/4721/600 5195/4720/600
f 5198/4725/600 5199/4722/600 5193/4721/600 5197/4724/600
f 141/4692/594 2179/4718/599 5194/4719/600 858/4726/600
f 2179/4718/599 2180/4717/599 5195/4720/600 5194/4719/600
f 858/4726/600 5194/4719/600 5199/4722/600 857/4727/600
f 201/4547/519 2023/4728/521 5196/4723/600 2181/4716/599
f 2023/4728/521 2024/4729/521 5197/4724/600 5196/4723/600
f 2181/4716/599 5196/4723/600 5195/4720/600 2180/4717/599
f 135/4730/523 856/4731/600 5198/4725/600 2025/4732/521
f 856/4731/600 857/4727/600 5199/4722/600 5198/4725/600
f 2025/4732/521 5198/4725/600 5197/4724/600 2024/4729/521
f 5201/4733/601 5202/4734/601 5200/4735/601 5206/4736/601
f 5203/4737/601 5204/4738/601 5200/4735/601 5202/4734/601
f 5205/4739/601 5206/4736/601 5200/4735/601 5204/4738/601
f 224/4740/602 2185/4741/603 5201/4733/601 2182/4742/604
f 2185/4741/603 2186/4743/603 5202/4734/601 5201/4733/601
f 2182/4742/604 5201/4733/601 5206/4736/601 2183/4744/604
f 200/4529/534 2136/4531/601 5203/4737/601 2187/4745/603
f 2136/4531/601 2135/4533/601 5204/4738/601 5203/4737/601
f 2187/4745/603 5203/4737/601 5202/4734/601 2186/4743/603
f 219/4517/605 2184/4746/604 5205/4739/601 2134/4535/601
f 2184/4746/604 2183/4744/604 5206/4736/601 5205/4739/601
f 2134/4535/601 5205/4739/601 5204/4738/601 2135/4533/601
f 5208/4747/606 5209/4748/606 5207/4749/606 5213/4750/606
f 5210/4751/606 5211/4752/606 5207/4749/606 5209/4748/606
f 5212/4753/606 5213/4750/606 5207/4749/606 5211/4752/606
f 25/4496/48 2190/4754/607 5208/4747/606 2131/4515/606
f 2190/4754/607 2189/4755/607 5209/4748/606 5208/4747/606
f 2131/4515/606 5208/4747/606 5213/4750/606 2132/4516/606
f 224/4740/602 2182/4742/604 5210/4751/606 2188/4756/607
f 2182/4742/604 2183/4744/604 5211/4752/606 5210/4751/606
f 2188/4756/607 5210/4751/606 5209/4748/606 2189/4755/607
f 219/4517/605 2133/4519/606 5212/4753/606 2184/4746/604
f 2133/4519/606 2132/4516/606 5213/4750/606 5212/4753/606
f 2184/4746/604 5212/4753/606 5211/4752/606 2183/4744/604
f 5215/4757/608 5216/4758/608 5214/4759/608 5220/4760/608
f 5217/4761/608 5218/4762/608 5214/4759/608 5216/4758/608
f 5219/4763/608 5220/4760/608 5214/4759/608 5218/4762/608
f 200/4529/534 2187/4745/603 5215/4757/608 2038/4764/535
f 2187/4745/603 2186/4743/603 5216/4758/608 5215/4757/608
f 2038/4764/535 5215/4757/608 5220/4760/608 2039/4765/535
f 224/4740/602 2191/4766/608 5217/4761/608 2185/4741/603
f 2191/4766/608 2192/4767/608 5218/4762/608 5217/4761/608
f 2185/4741/603 5217/4761/608 5216/4758/608 2186/4743/603
f 206/4768/536 2040/4769/535 5219/4763/608 2193/4770/608
f 2040/4769/535 2039/4765/535 5220/4760/608 5219/4763/608
f 2193/4770/608 5219/4763/608 5218/4762/608 2192/4767/608
f 5222/4771/609 5223/4772/609 5221/4773/609 5227/4774/609
f 5224/4775/609 5225/4776/609 5221/4773/609 5223/4772/609
f 5226/4777/609 5227/4774/609 5221/4773/609 5225/4776/609
f 224/4740/602 2188/4756/607 5222/4771/609 2194/4778/609
f 2188/4756/607 2189/4755/607 5223/4772/609 5222/4771/609
f 2194/4778/609 5222/4771/609 5227/4774/609 2195/4779/609
f 25/4496/48 1348/4780/50 5224/4775/609 2190/4754/607
f 1348/4780/50 1349/4781/50 5225/4776/609 5224/4775/609
f 2190/4754/607 5224/4775/609 5223/4772/609 2189/4755/607
f 36/4782/52 2196/4783/609 5226/4777/609 1350/4784/50
f 2196/4783/609 2195/4779/609 5227/4774/609 5226/4777/609
f 1350/4784/50 5226/4777/609 5225/4776/609 1349/4781/50
f 5229/4785/610 5230/4786/610 5228/4787/610 5234/4788/610
f 5231/4789/610 5232/4790/610 5228/4787/610 5230/4786/610
f 5233/4791/610 5234/4788/610 5228/4787/610 5232/4790/610
f 148/4792/611 2199/4793/612 5229/4785/610 879/4794/610
f 2199/4793/612 2198/4795/612 5230/4786/610 5229/4785/610
f 879/4794/610 5229/4785/610 5234/4788/610 878/4796/610
f 209/4797/550 2062/4798/552 5231/4789/610 2197/4799/612
f 2062/4798/552 2063/4800/552 5232/4790/610 5231/4789/610
f 2197/4799/612 5231/4789/610 5230/4786/610 2198/4795/612
f 147/4801/553 877/4802/610 5233/4791/610 2064/4803/552
f 877/4802/610 878/4796/610 5234/4788/610 5233/4791/610
f 2064/4803/552 5233/4791/610 5232/4790/610 2063/4800/552
f 5236/4804/613 5237/4805/613 5235/4806/613 5241/4807/613
f 5238/4808/613 5239/4809/613 5235/4806/613 5237/4805/613
f 5240/4810/613 5241/4807/613 5235/4806/613 5239/4809/613
f 209/4797/550 2197/4799/612 5236/4804/613 2200/4811/613
f 2197/4799/612 2198/4795/612 5237/4805/613 5236/4804/613
f 2200/4811/613 5236/4804/613 5241/4807/613 2201/4812/613
f 148/4792/611 2203/4813/614 5238/4808/613 2199/4793/612
f 2203/4813/614 2204/4814/614 5239/4809/613 5238/4808/613
f 2199/4793/612 5238/4808/613 5237/4805/613 2198/4795/612
f 225/4815/615 2202/4816/613 5240/4810/613 2205/4817/614
f 2202/4816/613 2201/4812/613 5241/4807/613 5240/4810/613
f 2205/4817/614 5240/4810/613 5239/4809/613 2204/4814/614
f 5243/4818/616 5244/4819/616 5242/4820/616 5248/4821/616
f 5245/4822/616 5246/4823/616 5242/4820/616 5244/4819/616
f 5247/4824/616 5248/4821/616 5242/4820/616 5246/4823/616
f 148/4792/611 2206/4825/617 5243/4818/616 2203/4813/614
f 2206/4825/617 2207/4826/617 5244/4819/616 5243/4818/616
f 2203/4813/614 5243/4818/616 5248/4821/616 2204/4814/614
f 226/4827/618 1125/4828/616 5245/4822/616 2208/4829/617
f 1125/4828/616 1124/4830/616 5246/4823/616 5245/4822/616
f 2208/4829/617 5245/4822/616 5244/4819/616 2207/4826/617
f 225/4815/615 2205/4817/614 5247/4824/616 1123/4831/616
f 2205/4817/614 2204/4814/614 5248/4821/616 5247/4824/616
f 1123/4831/616 5247/4824/616 5246/4823/616 1124/4830/616
f 5250/4832/619 5251/4833/619 5249/4834/619 5255/4835/619
f 5252/4836/619 5253/4837/619 5249/4834/619 5251/4833/619
f 5254/4838/619 5255/4835/619 5249/4834/619 5253/4837/619
f 226/4827/618 2208/4829/617 5250/4832/619 2209/4839/620
f 2208/4829/617 2207/4826/617 5251/4833/619 5250/4832/619
f 2209/4839/620 5250/4832/619 5255/4835/619 2210/4840/620
f 148/4792/611 1650/4841/619 5252/4836/619 2206/4825/617
f 1650/4841/619 1649/4842/619 5253/4837/619 5252/4836/619
f 2206/4825/617 5252/4836/619 5251/4833/619 2207/4826/617
f 39/4843/67 2211/4844/620 5254/4838/619 1648/4845/619
f 2211/4844/620 2210/4840/620 5255/4835/619 5254/4838/619
f 1648/4845/619 5254/4838/619 5253/4837/619 1649/4842/619
f 5257/4846/621 5258/4847/622 5256/4848/622 5262/4849/621
f 5259/4850/622 5260/4851/621 5256/4848/622 5258/4847/622
f 5261/4852/621 5262/4849/621 5256/4848/622 5260/4851/621
f 39/4843/67 445/4853/65 5257/4846/621 2211/4844/620
f 445/4853/65 446/4854/65 5258/4847/622 5257/4846/621
f 2211/4844/620 5257/4846/621 5262/4849/621 2210/4840/620
f 41/4855/64 2214/4856/621 5259/4850/622 447/4857/65
f 2214/4856/621 2213/4858/621 5260/4851/621 5259/4850/622
f 447/4857/65 5259/4850/622 5258/4847/622 446/4854/65
f 226/4827/618 2209/4839/620 5261/4852/621 2212/4859/621
f 2209/4839/620 2210/4840/620 5262/4849/621 5261/4852/621
f 2212/4859/621 5261/4852/621 5260/4851/621 2213/4858/621
f 5264/4860/623 5265/4861/623 5263/4862/624 5269/4863/623
f 5266/4864/623 5267/4865/623 5263/4862/624 5265/4861/623
f 5268/4866/623 5269/4863/623 5263/4862/624 5267/4865/623
f 212/4867/558 2215/4868/625 5264/4860/623 1095/4869/556
f 2215/4868/625 2216/4870/625 5265/4861/623 5264/4860/623
f 1095/4869/556 5264/4860/623 5269/4863/623 1094/4871/556
f 227/4872/626 2220/4873/623 5266/4864/623 2217/4874/625
f 2220/4873/623 2219/4875/623 5267/4865/623 5266/4864/623
f 2217/4874/625 5266/4864/623 5265/4861/623 2216/4870/625
f 210/4876/555 1093/4877/556 5268/4866/623 2218/4878/623
f 1093/4877/556 1094/4871/556 5269/4863/623 5268/4866/623
f 2218/4878/623 5268/4866/623 5267/4865/623 2219/4875/623
f 5271/4879/627 5272/4880/627 5270/4881/627 5276/4882/627
f 5273/4883/627 5274/4884/627 5270/4881/627 5272/4880/627
f 5275/4885/627 5276/4882/627 5270/4881/627 5274/4884/627
f 227/4872/626 2217/4874/625 5271/4879/627 1126/4886/628
f 2217/4874/625 2216/4870/625 5272/4880/627 5271/4879/627
f 1126/4886/628 5271/4879/627 5276/4882/627 1127/4887/628
f 212/4867/558 2221/4888/627 5273/4883/627 2215/4868/625
f 2221/4888/627 2222/4889/627 5274/4884/627 5273/4883/627
f 2215/4868/625 5273/4883/627 5272/4880/627 2216/4870/625
f 228/4890/629 1128/4891/628 5275/4885/627 2223/4892/627
f 1128/4891/628 1127/4887/628 5276/4882/627 5275/4885/627
f 2223/4892/627 5275/4885/627 5274/4884/627 2222/4889/627
f 5278/4893/630 5279/4894/630 5277/4895/630 5283/4896/630
f 5280/4897/630 5281/4898/630 5277/4895/630 5279/4894/630
f 5282/4899/630 5283/4896/630 5277/4895/630 5281/4898/630
f 228/4890/629 1129/4900/630 5278/4893/630 1128/4891/628
f 1129/4900/630 1130/4901/630 5279/4894/630 5278/4893/630
f 1128/4891/628 5278/4893/630 5283/4896/630 1127/4887/628
f 229/4902/631 1134/4903/632 5280/4897/630 1131/4904/630
f 1134/4903/632 1133/4905/632 5281/4898/630 5280/4897/630
f 1131/4904/630 5280/4897/630 5279/4894/630 1130/4901/630
f 227/4872/626 1126/4886/628 5282/4899/630 1132/4906/632
f 1126/4886/628 1127/4887/628 5283/4896/630 5282/4899/630
f 1132/4906/632 5282/4899/630 5281/4898/630 1133/4905/632
f 5285/4907/633 5286/4908/633 5284/4909/633 5290/4910/633
f 5287/4911/633 5288/4912/633 5284/4909/633 5286/4908/633
f 5289/4913/633 5290/4910/633 5284/4909/633 5288/4912/633
f 44/4914/78 2229/4915/633 5285/4907/633 2226/4916/634
f 2229/4915/633 2228/4917/633 5286/4908/633 5285/4907/633
f 2226/4916/634 5285/4907/633 5290/4910/633 2225/4918/634
f 227/4872/626 1132/4906/632 5287/4911/633 2227/4919/633
f 1132/4906/632 1133/4905/632 5288/4912/633 5287/4911/633
f 2227/4919/633 5287/4911/633 5286/4908/633 2228/4917/633
f 229/4902/631 2224/4920/634 5289/4913/633 1134/4903/632
f 2224/4920/634 2225/4918/634 5290/4910/633 5289/4913/633
f 1134/4903/632 5289/4913/633 5288/4912/633 1133/4905/632
f 5292/4921/635 5293/4922/635 5291/4923/635 5297/4924/635
f 5294/4925/635 5295/4926/635 5291/4923/635 5293/4922/635
f 5296/4927/635 5297/4924/635 5291/4923/635 5295/4926/635
f 45/4928/80 471/4929/79 5292/4921/635 2232/4930/635
f 471/4929/79 470/4931/79 5293/4922/635 5292/4921/635
f 2232/4930/635 5292/4921/635 5297/4924/635 2231/4932/635
f 44/4914/78 2226/4916/634 5294/4925/635 469/4933/79
f 2226/4916/634 2225/4918/634 5295/4926/635 5294/4925/635
f 469/4933/79 5294/4925/635 5293/4922/635 470/4931/79
f 229/4902/631 2230/4934/635 5296/4927/635 2224/4920/634
f 2230/4934/635 2231/4932/635 5297/4924/635 5296/4927/635
f 2224/4920/634 5296/4927/635 5295/4926/635 2225/4918/634
f 5299/4935/636 5300/4936/636 5298/4937/636 5304/4938/636
f 5301/4939/636 5302/4940/636 5298/4937/636 5300/4936/636
f 5303/4941/636 5304/4938/636 5298/4937/636 5302/4940/636
f 191/4942/454 1924/4943/460 5299/4935/636 1060/4944/462
f 1924/4943/460 1925/4945/460 5300/4936/636 5299/4935/636
f 1060/4944/462 5299/4935/636 5304/4938/636 1061/4946/463
f 188/4947/459 2233/4948/636 5301/4939/636 1926/4949/460
f 2233/4948/636 2234/4950/636 5302/4940/636 5301/4939/636
f 1926/4949/460 5301/4939/636 5300/4936/636 1925/4945/460
f 192/4951/464 1062/4952/463 5303/4941/636 2235/4953/636
f 1062/4952/463 1061/4946/463 5304/4938/636 5303/4941/636
f 2235/4953/636 5303/4941/636 5302/4940/636 2234/4950/636
f 5306/4954/637 5307/4955/637 5305/4956/637 5311/4957/637
f 5308/4958/637 5309/4959/637 5305/4956/637 5307/4955/637
f 5310/4960/637 5311/4957/637 5305/4956/637 5309/4959/637
f 231/4961/637 1140/4962/637 5306/4954/637 1135/4963/637
f 1140/4962/637 1139/4964/637 5307/4955/637 5306/4954/637
f 1135/4963/637 5306/4954/637 5311/4957/637 1136/4965/637
f 230/4966/638 1141/4967/639 5308/4958/637 1138/4968/637
f 1141/4967/639 1142/4969/639 5309/4959/637 5308/4958/637
f 1138/4968/637 5308/4958/637 5307/4955/637 1139/4964/637
f 232/4970/640 1137/4971/637 5310/4960/637 1143/4972/639
f 1137/4971/637 1136/4965/637 5311/4957/637 5310/4960/637
f 1143/4972/639 5310/4960/637 5309/4959/637 1142/4969/639
f 5313/4973/641 5314/4974/641 5312/4975/641 5318/4976/641
f 5315/4977/641 5316/4978/641 5312/4975/641 5314/4974/641
f 5317/4979/641 5318/4976/641 5312/4975/641 5316/4978/641
f 233/4980/642 2236/4981/643 5313/4973/641 1144/4982/641
f 2236/4981/643 2237/4983/643 5314/4974/641 5313/4973/641
f 1144/4982/641 5313/4973/641 5318/4976/641 1145/4984/641
f 194/4985/644 2239/4986/641 5315/4977/641 2238/4987/645
f 2239/4986/641 2240/4988/641 5316/4978/641 5315/4977/641
f 2238/4987/645 5315/4977/641 5314/4974/641 2237/4983/643
f 234/4989/641 1146/4990/641 5317/4979/641 2241/4991/641
f 1146/4990/641 1145/4984/641 5318/4976/641 5317/4979/641
f 2241/4991/641 5317/4979/641 5316/4978/641 2240/4988/641
f 5320/4992/646 5321/4993/646 5319/4994/646 5325/4995/646
f 5322/4996/646 5323/4997/646 5319/4994/646 5321/4993/646
f 5324/4998/646 5325/4995/646 5319/4994/646 5323/4997/646
f 194/4985/646 1948/4999/646 5320/4992/646 2242/5000/646
f 1948/4999/646 1949/5001/646 5321/4993/646 5320/4992/646
f 2242/5000/646 5320/4992/646 5325/4995/646 2243/5002/646
f 130/5003/646 1837/5004/646 5322/4996/646 1950/5005/646
f 1837/5004/646 1838/5006/646 5323/4997/646 5322/4996/646
f 1950/5005/646 5322/4996/646 5321/4993/646 1949/5001/646
f 180/5007/646 2244/5008/646 5324/4998/646 1839/5009/646
f 2244/5008/646 2243/5002/646 5325/4995/646 5324/4998/646
f 1839/5009/646 5324/4998/646 5323/4997/646 1838/5006/646
f 5327/5010/647 5328/5011/647 5326/5012/647 5332/5013/647
f 5329/5014/647 5330/5015/647 5326/5012/647 5328/5011/647
f 5331/5016/647 5332/5013/647 5326/5012/647 5330/5015/647
f 229/4902/648 2247/5017/647 5327/5010/647 2230/4934/647
f 2247/5017/647 2246/5018/647 5328/5011/647 5327/5010/647
f 2230/4934/647 5327/5010/647 5332/5013/647 2231/4932/647
f 41/4855/98 1383/5019/98 5329/5014/647 2245/5020/647
f 1383/5019/98 1382/5021/98 5330/5015/647 5329/5014/647
f 2245/5020/647 5329/5014/647 5328/5011/647 2246/5018/647
f 45/4928/98 2232/4930/647 5331/5016/647 1381/5022/98
f 2232/4930/647 2231/4932/647 5332/5013/647 5331/5016/647
f 1381/5022/98 5331/5016/647 5330/5015/647 1382/5021/98
f 5334/5023/649 5335/5024/649 5333/5025/649 5339/5026/649
f 5336/5027/649 5337/5028/649 5333/5025/649 5335/5024/649
f 5338/5029/649 5339/5026/649 5333/5025/649 5337/5028/649
f 225/4815/650 2250/5030/649 5334/5023/649 2202/4816/649
f 2250/5030/649 2249/5031/649 5335/5024/649 5334/5023/649
f 2202/4816/649 5334/5023/649 5339/5026/649 2201/4812/649
f 212/4867/568 2085/5032/568 5336/5027/649 2248/5033/649
f 2085/5032/568 2084/5034/568 5337/5028/649 5336/5027/649
f 2248/5033/649 5336/5027/649 5335/5024/649 2249/5031/649
f 209/4797/568 2200/4811/649 5338/5029/649 2083/5035/568
f 2200/4811/649 2201/4812/649 5339/5026/649 5338/5029/649
f 2083/5035/568 5338/5029/649 5337/5028/649 2084/5034/568
f 5341/5036/647 5342/5037/647 5340/5038/647 5346/5039/647
f 5343/5040/647 5344/5041/647 5340/5038/647 5342/5037/647
f 5345/5042/647 5346/5039/647 5340/5038/647 5344/5041/647
f 41/4855/98 2245/5020/647 5341/5036/647 2214/4856/647
f 2245/5020/647 2246/5018/647 5342/5037/647 5341/5036/647
f 2214/4856/647 5341/5036/647 5346/5039/647 2213/4858/647
f 229/4902/648 2251/5043/648 5343/5040/647 2247/5017/647
f 2251/5043/648 2252/5044/648 5344/5041/647 5343/5040/647
f 2247/5017/647 5343/5040/647 5342/5037/647 2246/5018/647
f 226/4827/648 2212/4859/647 5345/5042/647 2253/5045/648
f 2212/4859/647 2213/4858/647 5346/5039/647 5345/5042/647
f 2253/5045/648 5345/5042/647 5344/5041/647 2252/5044/648
f 5348/5046/649 5349/5047/649 5347/5048/649 5353/5049/649
f 5350/5050/649 5351/5051/649 5347/5048/649 5349/5047/649
f 5352/5052/649 5353/5049/649 5347/5048/649 5351/5051/649
f 212/4867/568 2248/5033/649 5348/5046/649 2221/4888/649
f 2248/5033/649 2249/5031/649 5349/5047/649 5348/5046/649
f 2221/4888/649 5348/5046/649 5353/5049/649 2222/4889/649
f 225/4815/650 2254/5053/650 5350/5050/649 2250/5030/649
f 2254/5053/650 2255/5054/650 5351/5051/649 5350/5050/649
f 2250/5030/649 5350/5050/649 5349/5047/649 2249/5031/649
f 228/4890/650 2223/4892/649 5352/5052/649 2256/5055/650
f 2223/4892/649 2222/4889/649 5353/5049/649 5352/5052/649
f 2256/5055/650 5352/5052/649 5351/5051/649 2255/5054/650
f 5355/5056/651 5356/5057/651 5354/5058/651 5360/5059/651
f 5357/5060/651 5358/5061/651 5354/5058/651 5356/5057/651
f 5359/5062/651 5360/5059/651 5354/5058/651 5358/5061/651
f 229/4902/648 1131/4904/651 5355/5056/651 2251/5043/648
f 1131/4904/651 1130/4901/651 5356/5057/651 5355/5056/651
f 2251/5043/648 5355/5056/651 5360/5059/651 2252/5044/648
f 228/4890/650 2259/5063/651 5357/5060/651 1129/4900/651
f 2259/5063/651 2258/5064/651 5358/5061/651 5357/5060/651
f 1129/4900/651 5357/5060/651 5356/5057/651 1130/4901/651
f 226/4827/648 2253/5045/648 5359/5062/651 2257/5065/651
f 2253/5045/648 2252/5044/648 5360/5059/651 5359/5062/651
f 2257/5065/651 5359/5062/651 5358/5061/651 2258/5064/651
f 5362/5066/651 5363/5067/651 5361/5068/651 5367/5069/651
f 5364/5070/651 5365/5071/651 5361/5068/651 5363/5067/651
f 5366/5072/651 5367/5069/651 5361/5068/651 5365/5071/651
f 225/4815/650 1123/4831/651 5362/5066/651 2254/5053/650
f 1123/4831/651 1124/4830/651 5363/5067/651 5362/5066/651
f 2254/5053/650 5362/5066/651 5367/5069/651 2255/5054/650
f 226/4827/648 2257/5065/651 5364/5070/651 1125/4828/651
f 2257/5065/651 2258/5064/651 5365/5071/651 5364/5070/651
f 1125/4828/651 5364/5070/651 5363/5067/651 1124/4830/651
f 228/4890/650 2256/5055/650 5366/5072/651 2259/5063/651
f 2256/5055/650 2255/5054/650 5367/5069/651 5366/5072/651
f 2259/5063/651 5366/5072/651 5365/5071/651 2258/5064/651
f 5369/5073/652 5370/5074/652 5368/5075/652 5374/5076/652
f 5371/5077/652 5372/5078/652 5368/5075/652 5370/5074/652
f 5373/5079/652 5374/5076/652 5368/5075/652 5372/5078/652
f 230/4966/653 2265/5080/652 5369/5073/652 2262/5081/652
f 2265/5080/652 2264/5082/652 5370/5074/652 5369/5073/652
f 2262/5081/652 5369/5073/652 5374/5076/652 2261/5083/652
f 214/5084/570 2094/5085/570 5371/5077/652 2263/5086/652
f 2094/5085/570 2093/5087/570 5372/5078/652 5371/5077/652
f 2263/5086/652 5371/5077/652 5370/5074/652 2264/5082/652
f 190/5088/570 2260/5089/652 5373/5079/652 2092/5090/570
f 2260/5089/652 2261/5083/652 5374/5076/652 5373/5079/652
f 2092/5090/570 5373/5079/652 5372/5078/652 2093/5087/570
f 5376/5091/652 5377/5092/652 5375/5093/652 5381/5094/652
f 5378/5095/652 5379/5096/652 5375/5093/652 5377/5092/652
f 5380/5097/652 5381/5094/652 5375/5093/652 5379/5096/652
f 230/4966/653 2262/5081/652 5376/5091/652 2266/5098/653
f 2262/5081/652 2261/5083/652 5377/5092/652 5376/5091/652
f 2266/5098/653 5376/5091/652 5381/5094/652 2267/5099/653
f 190/5088/570 1051/5100/652 5378/5095/652 2260/5089/652
f 1051/5100/652 1052/5101/652 5379/5096/652 5378/5095/652
f 2260/5089/652 5378/5095/652 5377/5092/652 2261/5083/652
f 191/4942/654 2268/5102/653 5380/5097/652 1053/5103/652
f 2268/5102/653 2267/5099/653 5381/5094/652 5380/5097/652
f 1053/5103/652 5380/5097/652 5379/5096/652 1052/5101/652
f 5383/5104/655 5384/5105/655 5382/5106/655 5388/5107/656
f 5385/5108/656 5386/5109/656 5382/5106/655 5384/5105/655
f 5387/5110/655 5388/5107/656 5382/5106/655 5386/5109/656
f 235/5111/655 2274/5112/655 5383/5104/655 2271/5113/655
f 2274/5112/655 2273/5114/655 5384/5105/655 5383/5104/655
f 2271/5113/655 5383/5104/655 5388/5107/656 2270/5115/656
f 230/4966/653 2266/5098/653 5385/5108/656 2272/5116/656
f 2266/5098/653 2267/5099/653 5386/5109/656 5385/5108/656
f 2272/5116/656 5385/5108/656 5384/5105/655 2273/5114/655
f 191/4942/654 2269/5117/656 5387/5110/655 2268/5102/653
f 2269/5117/656 2270/5115/656 5388/5107/656 5387/5110/655
f 2268/5102/653 5387/5110/655 5386/5109/656 2267/5099/653
f 5390/5118/656 5391/5119/655 5389/5120/656 5395/5121/656
f 5392/5122/655 5393/5123/656 5389/5120/656 5391/5119/655
f 5394/5124/655 5395/5121/656 5389/5120/656 5393/5123/656
f 235/5111/656 2271/5113/655 5390/5118/656 2275/5125/656
f 2271/5113/655 2270/5115/655 5391/5119/655 5390/5118/656
f 2275/5125/656 5390/5118/656 5395/5121/656 2276/5126/656
f 191/4942/655 1057/5127/655 5392/5122/655 2269/5117/655
f 1057/5127/655 1058/5128/656 5393/5123/656 5392/5122/655
f 2269/5117/655 5392/5122/655 5391/5119/655 2270/5115/655
f 193/5129/655 2277/5130/656 5394/5124/655 1059/5131/656
f 2277/5130/656 2276/5126/656 5395/5121/656 5394/5124/655
f 1059/5131/656 5394/5124/655 5393/5123/656 1058/5128/656
f 5397/5132/657 5398/5133/657 5396/5134/657 5402/5135/657
f 5399/5136/657 5400/5137/657 5396/5134/657 5398/5133/657
f 5401/5138/657 5402/5135/657 5396/5134/657 5400/5137/657
f 236/5139/658 2283/5140/657 5397/5132/657 2280/5141/657
f 2283/5140/657 2282/5142/657 5398/5133/657 5397/5132/657
f 2280/5141/657 5397/5132/657 5402/5135/657 2279/5143/657
f 55/5144/105 505/5145/105 5399/5136/657 2281/5146/657
f 505/5145/105 506/5147/105 5400/5137/657 5399/5136/657
f 2281/5146/657 5399/5136/657 5398/5133/657 2282/5142/657
f 56/5148/105 2278/5149/657 5401/5138/657 507/5150/105
f 2278/5149/657 2279/5143/657 5402/5135/657 5401/5138/657
f 507/5150/105 5401/5138/657 5400/5137/657 506/5147/105
f 5404/5151/659 5405/5152/659 5403/5153/659 5409/5154/659
f 5406/5155/659 5407/5156/659 5403/5153/659 5405/5152/659
f 5408/5157/659 5409/5154/659 5403/5153/659 5407/5156/659
f 216/5158/574 2284/5159/659 5404/5151/659 2109/5160/574
f 2284/5159/659 2285/5161/659 5405/5152/659 5404/5151/659
f 2109/5160/574 5404/5151/659 5409/5154/659 2108/5162/574
f 173/5163/660 1003/5164/659 5406/5155/659 2286/5165/659
f 1003/5164/659 1004/5166/659 5407/5156/659 5406/5155/659
f 2286/5165/659 5406/5155/659 5405/5152/659 2285/5161/659
f 174/5167/574 2107/5168/574 5408/5157/659 1005/5169/659
f 2107/5168/574 2108/5162/574 5409/5154/659 5408/5157/659
f 1005/5169/659 5408/5157/659 5407/5156/659 1004/5166/659
f 5411/5170/657 5412/5171/657 5410/5172/657 5416/5173/657
f 5413/5174/657 5414/5175/657 5410/5172/657 5412/5171/657
f 5415/5176/657 5416/5173/657 5410/5172/657 5414/5175/657
f 236/5139/658 2280/5141/657 5411/5170/657 2287/5177/660
f 2280/5141/657 2279/5143/657 5412/5171/657 5411/5170/657
f 2287/5177/660 5411/5170/657 5416/5173/657 2288/5178/660
f 56/5148/105 1741/5179/657 5413/5174/657 2278/5149/657
f 1741/5179/657 1742/5180/657 5414/5175/657 5413/5174/657
f 2278/5149/657 5413/5174/657 5412/5171/657 2279/5143/657
f 173/5163/660 2289/5181/660 5415/5176/657 1743/5182/657
f 2289/5181/660 2288/5178/660 5416/5173/657 5415/5176/657
f 1743/5182/657 5415/5176/657 5414/5175/657 1742/5180/657
f 5418/5183/659 5419/5184/659 5417/5185/659 5423/5186/659
f 5420/5187/659 5421/5188/659 5417/5185/659 5419/5184/659
f 5422/5189/659 5423/5186/659 5417/5185/659 5421/5188/659
f 173/5163/660 2286/5165/659 5418/5183/659 2289/5181/660
f 2286/5165/659 2285/5161/659 5419/5184/659 5418/5183/659
f 2289/5181/660 5418/5183/659 5423/5186/659 2288/5178/660
f 216/5158/574 2290/5190/659 5420/5187/659 2284/5159/659
f 2290/5190/659 2291/5191/659 5421/5188/659 5420/5187/659
f 2284/5159/659 5420/5187/659 5419/5184/659 2285/5161/659
f 236/5139/658 2287/5177/660 5422/5189/659 2292/5192/659
f 2287/5177/660 2288/5178/660 5423/5186/659 5422/5189/659
f 2292/5192/659 5422/5189/659 5421/5188/659 2291/5191/659
f 5425/5193/661 5426/5194/661 5424/5195/661 5430/5196/661
f 5427/5197/661 5428/5198/661 5424/5195/661 5426/5194/661
f 5429/5199/661 5430/5196/661 5424/5195/661 5428/5198/661
f 13/5200/662 2296/5201/663 5425/5193/661 2293/5202/664
f 2296/5201/663 2297/5203/663 5426/5194/661 5425/5193/661
f 2293/5202/664 5425/5193/661 5430/5196/661 2294/5204/664
f 237/5205/665 1147/5206/661 5427/5197/661 2298/5207/663
f 1147/5206/661 1148/5208/661 5428/5198/661 5427/5197/661
f 2298/5207/663 5427/5197/661 5426/5194/661 2297/5203/663
f 238/5209/666 2295/5210/664 5429/5199/661 1149/5211/661
f 2295/5210/664 2294/5204/664 5430/5196/661 5429/5199/661
f 1149/5211/661 5429/5199/661 5428/5198/661 1148/5208/661
f 5432/5212/667 5433/5213/667 5431/5214/667 5437/5215/667
f 5434/5216/667 5435/5217/667 5431/5214/667 5433/5213/667
f 5436/5218/667 5437/5215/667 5431/5214/667 5435/5217/667
f 237/5205/665 2298/5207/663 5432/5212/667 2299/5219/668
f 2298/5207/663 2297/5203/663 5433/5213/667 5432/5212/667
f 2299/5219/668 5432/5212/667 5437/5215/667 2300/5220/669
f 13/5200/662 1330/5221/667 5434/5216/667 2296/5201/663
f 1330/5221/667 1331/5222/667 5435/5217/667 5434/5216/667
f 2296/5201/663 5434/5216/667 5433/5213/667 2297/5203/663
f 5/5223/670 2301/5224/669 5436/5218/667 1332/5225/667
f 2301/5224/669 2300/5220/669 5437/5215/667 5436/5218/667
f 1332/5225/667 5436/5218/667 5435/5217/667 1331/5222/667
f 5439/5226/671 5440/5227/671 5438/5228/671 5444/5229/671
f 5441/5230/671 5442/5231/671 5438/5228/671 5440/5227/671
f 5443/5232/671 5444/5229/671 5438/5228/671 5442/5231/671
f 5/5223/670 2302/5233/672 5439/5226/671 2301/5224/669
f 2302/5233/672 2303/5234/672 5440/5227/671 5439/5226/671
f 2301/5224/669 5439/5226/671 5444/5229/671 2300/5220/669
f 239/5235/673 2305/5236/671 5441/5230/671 2304/5237/672
f 2305/5236/671 2306/5238/671 5442/5231/671 5441/5230/671
f 2304/5237/672 5441/5230/671 5440/5227/671 2303/5234/672
f 237/5205/665 2299/5219/668 5443/5232/671 2307/5239/671
f 2299/5219/668 2300/5220/669 5444/5229/671 5443/5232/671
f 2307/5239/671 5443/5232/671 5442/5231/671 2306/5238/671
f 5446/5240/674 5447/5241/674 5445/5242/674 5451/5243/674
f 5448/5244/674 5449/5245/674 5445/5242/674 5447/5241/674
f 5450/5246/674 5451/5243/674 5445/5242/674 5449/5245/674
f 5/5223/670 300/5247/674 5446/5240/674 2302/5233/672
f 300/5247/674 299/5248/674 5447/5241/674 5446/5240/674
f 2302/5233/672 5446/5240/674 5451/5243/674 2303/5234/672
f 2/5249/675 2310/5250/676 5448/5244/674 298/5251/674
f 2310/5250/676 2309/5252/676 5449/5245/674 5448/5244/674
f 298/5251/674 5448/5244/674 5447/5241/674 299/5248/674
f 239/5235/673 2304/5237/672 5450/5246/674 2308/5253/676
f 2304/5237/672 2303/5234/672 5451/5243/674 5450/5246/674
f 2308/5253/676 5450/5246/674 5449/5245/674 2309/5252/676
f 5453/5254/677 5454/5255/677 5452/5256/677 5458/5257/677
f 5455/5258/677 5456/5259/677 5452/5256/677 5454/5255/677
f 5457/5260/677 5458/5257/677 5452/5256/677 5456/5259/677
f 13/5200/662 2311/5261/678 5453/5254/677 342/5262/677
f 2311/5261/678 2312/5263/678 5454/5255/677 5453/5254/677
f 342/5262/677 5453/5254/677 5458/5257/677 341/5264/677
f 240/5265/679 2314/5266/680 5455/5258/677 2313/5267/678
f 2314/5266/680 2315/5268/681 5456/5259/677 5455/5258/677
f 2313/5267/678 5455/5258/677 5454/5255/677 2312/5263/678
f 6/5269/682 340/5270/677 5457/5260/677 2316/5271/681
f 340/5270/677 341/5264/677 5458/5257/677 5457/5260/677
f 2316/5271/681 5457/5260/677 5456/5259/677 2315/5268/681
f 5460/5272/683 5461/5273/683 5459/5274/683 5465/5275/683
f 5462/5276/683 5463/5277/683 5459/5274/683 5461/5273/683
f 5464/5278/683 5465/5275/683 5459/5274/683 5463/5277/683
f 240/5265/679 2313/5267/678 5460/5272/683 2317/5279/683
f 2313/5267/678 2312/5263/678 5461/5273/683 5460/5272/683
f 2317/5279/683 5460/5272/683 5465/5275/683 2318/5280/683
f 13/5200/662 2293/5202/664 5462/5276/683 2311/5261/678
f 2293/5202/664 2294/5204/664 5463/5277/683 5462/5276/683
f 2311/5261/678 5462/5276/683 5461/5273/683 2312/5263/678
f 238/5209/666 2319/5281/683 5464/5278/683 2295/5210/664
f 2319/5281/683 2318/5280/683 5465/5275/683 5464/5278/683
f 2295/5210/664 5464/5278/683 5463/5277/683 2294/5204/664
f 5467/5282/684 5468/5283/684 5466/5284/684 5472/5285/684
f 5469/5286/684 5470/5287/684 5466/5284/684 5468/5283/684
f 5471/5288/684 5472/5285/684 5466/5284/684 5470/5287/684
f 6/5269/682 2320/5289/685 5467/5282/684 1389/5290/684
f 2320/5289/685 2321/5291/685 5468/5283/684 5467/5282/684
f 1389/5290/684 5467/5282/684 5472/5285/684 1388/5292/684
f 241/5293/686 2323/5294/687 5469/5286/684 2322/5295/685
f 2323/5294/687 2324/5296/687 5470/5287/684 5469/5286/684
f 2322/5295/685 5469/5286/684 5468/5283/684 2321/5291/685
f 72/5297/688 1387/5298/684 5471/5288/684 2325/5299/687
f 1387/5298/684 1388/5292/684 5472/5285/684 5471/5288/684
f 2325/5299/687 5471/5288/684 5470/5287/684 2324/5296/687
f 5474/5300/689 5475/5301/689 5473/5302/689 5479/5303/689
f 5476/5304/689 5477/5305/689 5473/5302/689 5475/5301/689
f 5478/5306/689 5479/5303/689 5473/5302/689 5477/5305/689
f 241/5293/686 2322/5295/685 5474/5300/689 2326/5307/689
f 2322/5295/685 2321/5291/685 5475/5301/689 5474/5300/689
f 2326/5307/689 5474/5300/689 5479/5303/689 2327/5308/689
f 6/5269/682 2316/5271/681 5476/5304/689 2320/5289/685
f 2316/5271/681 2315/5268/681 5477/5305/689 5476/5304/689
f 2320/5289/685 5476/5304/689 5475/5301/689 2321/5291/685
f 240/5265/679 2328/5309/689 5478/5306/689 2314/5266/680
f 2328/5309/689 2327/5308/689 5479/5303/689 5478/5306/689
f 2314/5266/680 5478/5306/689 5477/5305/689 2315/5268/681
f 5481/5310/690 5482/5311/690 5480/5312/690 5486/5313/690
f 5483/5314/690 5484/5315/690 5480/5312/690 5482/5311/690
f 5485/5316/690 5486/5313/690 5480/5312/690 5484/5315/690
f 62/5317/691 2329/5318/690 5481/5310/690 534/5319/690
f 2329/5318/690 2330/5320/690 5482/5311/690 5481/5310/690
f 534/5319/690 5481/5310/690 5486/5313/690 533/5321/690
f 242/5322/692 2332/5323/693 5483/5314/690 2331/5324/690
f 2332/5323/693 2333/5325/693 5484/5315/690 5483/5314/690
f 2331/5324/690 5483/5314/690 5482/5311/690 2330/5320/690
f 59/5326/694 532/5327/690 5485/5316/690 2334/5328/693
f 532/5327/690 533/5321/690 5486/5313/690 5485/5316/690
f 2334/5328/693 5485/5316/690 5484/5315/690 2333/5325/693
f 5488/5329/695 5489/5330/695 5487/5331/695 5493/5332/695
f 5490/5333/695 5491/5334/695 5487/5331/695 5489/5330/695
f 5492/5335/695 5493/5332/695 5487/5331/695 5491/5334/695
f 242/5322/692 2331/5324/690 5488/5329/695 2335/5336/695
f 2331/5324/690 2330/5320/690 5489/5330/695 5488/5329/695
f 2335/5336/695 5488/5329/695 5493/5332/695 2336/5337/695
f 62/5317/691 2338/5338/696 5490/5333/695 2329/5318/690
f 2338/5338/696 2339/5339/696 5491/5334/695 5490/5333/695
f 2329/5318/690 5490/5333/695 5489/5330/695 2330/5320/690
f 243/5340/697 2337/5341/695 5492/5335/695 2340/5342/696
f 2337/5341/695 2336/5337/695 5493/5332/695 5492/5335/695
f 2340/5342/696 5492/5335/695 5491/5334/695 2339/5339/696
f 5495/5343/698 5496/5344/698 5494/5345/698 5500/5346/698
f 5497/5347/698 5498/5348/698 5494/5345/698 5496/5344/698
f 5499/5349/698 5500/5346/698 5494/5345/698 5498/5348/698
f 57/5350/698 511/5351/698 5495/5343/698 2341/5352/698
f 511/5351/698 512/5353/698 5496/5344/698 5495/5343/698
f 2341/5352/698 5495/5343/698 5500/5346/698 2342/5354/698
f 59/5326/694 2334/5328/693 5497/5347/698 513/5355/698
f 2334/5328/693 2333/5325/693 5498/5348/698 5497/5347/698
f 513/5355/698 5497/5347/698 5496/5344/698 512/5353/698
f 242/5322/692 2343/5356/698 5499/5349/698 2332/5323/693
f 2343/5356/698 2342/5354/698 5500/5346/698 5499/5349/698
f 2332/5323/693 5499/5349/698 5498/5348/698 2333/5325/693
f 5502/5357/699 5503/5358/699 5501/5359/699 5507/5360/699
f 5504/5361/699 5505/5362/699 5501/5359/699 5503/5358/699
f 5506/5363/699 5507/5360/699 5501/5359/699 5505/5362/699
f 57/5350/699 2341/5352/699 5502/5357/699 2344/5364/699
f 2341/5352/699 2342/5354/699 5503/5358/699 5502/5357/699
f 2344/5364/699 5502/5357/699 5507/5360/699 2345/5365/699
f 242/5322/699 2347/5366/699 5504/5361/699 2343/5356/699
f 2347/5366/699 2348/5367/699 5505/5362/699 5504/5361/699
f 2343/5356/699 5504/5361/699 5503/5358/699 2342/5354/699
f 244/5368/699 2346/5369/699 5506/5363/699 2349/5370/699
f 2346/5369/699 2345/5365/699 5507/5360/699 5506/5363/699
f 2349/5370/699 5506/5363/699 5505/5362/699 2348/5367/699
f 5509/5371/700 5510/5372/700 5508/5373/700 5514/5374/700
f 5511/5375/700 5512/5376/700 5508/5373/700 5510/5372/700
f 5513/5377/700 5514/5374/700 5508/5373/700 5512/5376/700
f 233/5378/642 2353/5379/700 5509/5371/700 2350/5380/701
f 2353/5379/700 2354/5381/700 5510/5372/700 5509/5371/700
f 2350/5380/701 5509/5371/700 5514/5374/700 2351/5382/701
f 245/5383/702 2356/5384/703 5511/5375/700 2355/5385/700
f 2356/5384/703 2357/5386/703 5512/5376/700 5511/5375/700
f 2355/5385/700 5511/5375/700 5510/5372/700 2354/5381/700
f 129/5387/704 2352/5388/701 5513/5377/700 2358/5389/703
f 2352/5388/701 2351/5382/701 5514/5374/700 5513/5377/700
f 2358/5389/703 5513/5377/700 5512/5376/700 2357/5386/703
f 5516/5390/705 5517/5391/705 5515/5392/705 5521/5393/705
f 5518/5394/705 5519/5395/705 5515/5392/705 5517/5391/705
f 5520/5396/705 5521/5393/705 5515/5392/705 5519/5395/705
f 233/5378/642 2350/5380/701 5516/5390/705 2359/5397/706
f 2350/5380/701 2351/5382/701 5517/5391/705 5516/5390/705
f 2359/5397/706 5516/5390/705 5521/5393/705 2360/5398/706
f 129/5387/704 799/5399/705 5518/5394/705 2352/5388/701
f 799/5399/705 800/5400/705 5519/5395/705 5518/5394/705
f 2352/5388/701 5518/5394/705 5517/5391/705 2351/5382/701
f 131/5401/707 2361/5402/706 5520/5396/705 801/5403/705
f 2361/5402/706 2360/5398/706 5521/5393/705 5520/5396/705
f 801/5403/705 5520/5396/705 5519/5395/705 800/5400/705
f 5523/5404/708 5524/5405/708 5522/5406/708 5528/5407/708
f 5525/5408/708 5526/5409/708 5522/5406/708 5524/5405/708
f 5527/5410/708 5528/5407/708 5522/5406/708 5526/5409/708
f 106/5411/708 2365/5412/708 5523/5404/708 2362/5413/708
f 2365/5412/708 2366/5414/708 5524/5405/708 5523/5404/708
f 2362/5413/708 5523/5404/708 5528/5407/708 2363/5415/708
f 246/5416/708 1150/5417/708 5525/5408/708 2367/5418/708
f 1150/5417/708 1151/5419/708 5526/5409/708 5525/5408/708
f 2367/5418/708 5525/5408/708 5524/5405/708 2366/5414/708
f 247/5420/708 2364/5421/708 5527/5410/708 1152/5422/708
f 2364/5421/708 2363/5415/708 5528/5407/708 5527/5410/708
f 1152/5422/708 5527/5410/708 5526/5409/708 1151/5419/708
f 5530/5423/708 5531/5424/708 5529/5425/708 5535/5426/708
f 5532/5427/708 5533/5428/708 5529/5425/708 5531/5424/708
f 5534/5429/708 5535/5426/708 5529/5425/708 5533/5428/708
f 247/5420/708 1152/5422/708 5530/5423/708 2368/5430/708
f 1152/5422/708 1151/5419/708 5531/5424/708 5530/5423/708
f 2368/5430/708 5530/5423/708 5535/5426/708 2369/5431/708
f 246/5416/708 2371/5432/708 5532/5427/708 1150/5417/708
f 2371/5432/708 2372/5433/708 5533/5428/708 5532/5427/708
f 1150/5417/708 5532/5427/708 5531/5424/708 1151/5419/708
f 49/5434/708 2370/5435/708 5534/5429/708 2373/5436/708
f 2370/5435/708 2369/5431/708 5535/5426/708 5534/5429/708
f 2373/5436/708 5534/5429/708 5533/5428/708 2372/5433/708
f 5537/5437/708 5538/5438/708 5536/5439/708 5542/5440/708
f 5539/5441/708 5540/5442/708 5536/5439/708 5538/5438/708
f 5541/5443/708 5542/5440/708 5536/5439/708 5540/5442/708
f 248/5444/708 2376/5445/708 5537/5437/708 1155/5446/708
f 2376/5445/708 2375/5447/708 5538/5438/708 5537/5437/708
f 1155/5446/708 5537/5437/708 5542/5440/708 1154/5448/708
f 106/5411/708 2362/5413/708 5539/5441/708 2374/5449/708
f 2362/5413/708 2363/5415/708 5540/5442/708 5539/5441/708
f 2374/5449/708 5539/5441/708 5538/5438/708 2375/5447/708
f 247/5420/708 1153/5450/708 5541/5443/708 2364/5421/708
f 1153/5450/708 1154/5448/708 5542/5440/708 5541/5443/708
f 2364/5421/708 5541/5443/708 5540/5442/708 2363/5415/708
f 5544/5451/708 5545/5452/708 5543/5453/708 5549/5454/708
f 5546/5455/708 5547/5456/708 5543/5453/708 5545/5452/708
f 5548/5457/708 5549/5454/708 5543/5453/708 5547/5456/708
f 246/5416/708 2367/5418/708 5544/5451/708 2377/5458/708
f 2367/5418/708 2366/5414/708 5545/5452/708 5544/5451/708
f 2377/5458/708 5544/5451/708 5549/5454/708 2378/5459/708
f 106/5411/708 2073/5460/708 5546/5455/708 2365/5412/708
f 2073/5460/708 2072/5461/708 5547/5456/708 5546/5455/708
f 2365/5412/708 5546/5455/708 5545/5452/708 2366/5414/708
f 211/5462/708 2379/5463/708 5548/5457/708 2071/5464/708
f 2379/5463/708 2378/5459/708 5549/5454/708 5548/5457/708
f 2071/5464/708 5548/5457/708 5547/5456/708 2072/5461/708
f 5551/5465/708 5552/5466/708 5550/5467/708 5556/5468/708
f 5553/5469/708 5554/5470/708 5550/5467/708 5552/5466/708
f 5555/5471/708 5556/5468/708 5550/5467/708 5554/5470/708
f 106/5411/708 2374/5449/708 5551/5465/708 742/5472/708
f 2374/5449/708 2375/5447/708 5552/5466/708 5551/5465/708
f 742/5472/708 5551/5465/708 5556/5468/708 743/5473/708
f 248/5444/708 2380/5474/708 5553/5469/708 2376/5445/708
f 2380/5474/708 2381/5475/708 5554/5470/708 5553/5469/708
f 2376/5445/708 5553/5469/708 5552/5466/708 2375/5447/708
f 107/5476/708 744/5477/708 5555/5471/708 2382/5478/708
f 744/5477/708 743/5473/708 5556/5468/708 5555/5471/708
f 2382/5478/708 5555/5471/708 5554/5470/708 2381/5475/708
f 5558/5479/708 5559/5480/708 5557/5481/708 5563/5482/708
f 5560/5483/708 5561/5484/708 5557/5481/708 5559/5480/708
f 5562/5485/708 5563/5482/708 5557/5481/708 5561/5484/708
f 249/5486/708 1158/5487/708 5558/5479/708 2385/5488/708
f 1158/5487/708 1157/5489/708 5559/5480/708 5558/5479/708
f 2385/5488/708 5558/5479/708 5563/5482/708 2384/5490/708
f 246/5416/708 2377/5458/708 5560/5483/708 1156/5491/708
f 2377/5458/708 2378/5459/708 5561/5484/708 5560/5483/708
f 1156/5491/708 5560/5483/708 5559/5480/708 1157/5489/708
f 211/5462/708 2383/5492/708 5562/5485/708 2379/5463/708
f 2383/5492/708 2384/5490/708 5563/5482/708 5562/5485/708
f 2379/5463/708 5562/5485/708 5561/5484/708 2378/5459/708
f 5565/5493/708 5566/5494/708 5564/5495/708 5570/5496/708
f 5567/5497/708 5568/5498/708 5564/5495/708 5566/5494/708
f 5569/5499/708 5570/5496/708 5564/5495/708 5568/5498/708
f 248/5444/708 2386/5500/708 5565/5493/708 2380/5474/708
f 2386/5500/708 2387/5501/708 5566/5494/708 5565/5493/708
f 2380/5474/708 5565/5493/708 5570/5496/708 2381/5475/708
f 109/5502/708 756/5503/708 5567/5497/708 2388/5504/708
f 756/5503/708 755/5505/708 5568/5498/708 5567/5497/708
f 2388/5504/708 5567/5497/708 5566/5494/708 2387/5501/708
f 107/5476/708 2382/5478/708 5569/5499/708 754/5506/708
f 2382/5478/708 2381/5475/708 5570/5496/708 5569/5499/708
f 754/5506/708 5569/5499/708 5568/5498/708 755/5505/708
f 5572/5507/708 5573/5508/708 5571/5509/708 5577/5510/708
f 5574/5511/708 5575/5512/708 5571/5509/708 5573/5508/708
f 5576/5513/708 5577/5510/708 5571/5509/708 5575/5512/708
f 109/5502/708 2388/5504/708 5572/5507/708 2389/5514/708
f 2388/5504/708 2387/5501/708 5573/5508/708 5572/5507/708
f 2389/5514/708 5572/5507/708 5577/5510/708 2390/5515/708
f 248/5444/708 1159/5516/708 5574/5511/708 2386/5500/708
f 1159/5516/708 1160/5517/708 5575/5512/708 5574/5511/708
f 2386/5500/708 5574/5511/708 5573/5508/708 2387/5501/708
f 250/5518/708 2391/5519/708 5576/5513/708 1161/5520/708
f 2391/5519/708 2390/5515/708 5577/5510/708 5576/5513/708
f 1161/5520/708 5576/5513/708 5575/5512/708 1160/5517/708
f 5579/5521/708 5580/5522/708 5578/5523/708 5584/5524/708
f 5581/5525/708 5582/5526/708 5578/5523/708 5580/5522/708
f 5583/5527/708 5584/5524/708 5578/5523/708 5582/5526/708
f 211/5462/708 1098/5528/708 5579/5521/708 2383/5492/708
f 1098/5528/708 1097/5529/708 5580/5522/708 5579/5521/708
f 2383/5492/708 5579/5521/708 5584/5524/708 2384/5490/708
f 210/5530/708 2394/5531/708 5581/5525/708 1096/5532/708
f 2394/5531/708 2393/5533/708 5582/5526/708 5581/5525/708
f 1096/5532/708 5581/5525/708 5580/5522/708 1097/5529/708
f 249/5486/708 2385/5488/708 5583/5527/708 2392/5534/708
f 2385/5488/708 2384/5490/708 5584/5524/708 5583/5527/708
f 2392/5534/708 5583/5527/708 5582/5526/708 2393/5533/708
f 5586/5535/708 5587/5536/708 5585/5537/708 5591/5538/708
f 5588/5539/708 5589/5540/708 5585/5537/708 5587/5536/708
f 5590/5541/708 5591/5538/708 5585/5537/708 5589/5540/708
f 250/5518/708 2395/5542/708 5586/5535/708 2391/5519/708
f 2395/5542/708 2396/5543/708 5587/5536/708 5586/5535/708
f 2391/5519/708 5586/5535/708 5591/5538/708 2390/5515/708
f 48/5544/708 1479/5545/708 5588/5539/708 2397/5546/708
f 1479/5545/708 1478/5547/708 5589/5540/708 5588/5539/708
f 2397/5546/708 5588/5539/708 5587/5536/708 2396/5543/708
f 109/5502/708 2389/5514/708 5590/5541/708 1477/5548/708
f 2389/5514/708 2390/5515/708 5591/5538/708 5590/5541/708
f 1477/5548/708 5590/5541/708 5589/5540/708 1478/5547/708
f 5593/5549/708 5594/5550/708 5592/5551/708 5598/5552/708
f 5595/5553/708 5596/5554/708 5592/5551/708 5594/5550/708
f 5597/5555/708 5598/5552/708 5592/5551/708 5596/5554/708
f 251/5556/708 1164/5557/708 5593/5549/708 2400/5558/708
f 1164/5557/708 1163/5559/708 5594/5550/708 5593/5549/708
f 2400/5558/708 5593/5549/708 5598/5552/708 2399/5560/708
f 249/5486/708 2392/5534/708 5595/5553/708 1162/5561/708
f 2392/5534/708 2393/5533/708 5596/5554/708 5595/5553/708
f 1162/5561/708 5595/5553/708 5594/5550/708 1163/5559/708
f 210/5530/708 2398/5562/708 5597/5555/708 2394/5531/708
f 2398/5562/708 2399/5560/708 5598/5552/708 5597/5555/708
f 2394/5531/708 5597/5555/708 5596/5554/708 2393/5533/708
f 5600/5563/708 5601/5564/708 5599/5565/708 5605/5566/708
f 5602/5567/708 5603/5568/708 5599/5565/708 5601/5564/708
f 5604/5569/708 5605/5566/708 5599/5565/708 5603/5568/708
f 249/5486/708 1162/5561/708 5600/5563/708 1165/5570/708
f 1162/5561/708 1163/5559/708 5601/5564/708 5600/5563/708
f 1165/5570/708 5600/5563/708 5605/5566/708 1166/5571/708
f 251/5556/708 1168/5572/708 5602/5567/708 1164/5557/708
f 1168/5572/708 1169/5573/708 5603/5568/708 5602/5567/708
f 1164/5557/708 5602/5567/708 5601/5564/708 1163/5559/708
f 252/5574/708 1167/5575/708 5604/5569/708 1170/5576/708
f 1167/5575/708 1166/5571/708 5605/5566/708 5604/5569/708
f 1170/5576/708 5604/5569/708 5603/5568/708 1169/5573/708
f 5607/5577/708 5608/5578/708 5606/5579/708 5612/5580/708
f 5609/5581/708 5610/5582/708 5606/5579/708 5608/5578/708
f 5611/5583/708 5612/5580/708 5606/5579/708 5610/5582/708
f 227/5584/708 2403/5585/708 5607/5577/708 2220/5586/708
f 2403/5585/708 2402/5587/708 5608/5578/708 5607/5577/708
f 2220/5586/708 5607/5577/708 5612/5580/708 2219/5588/708
f 251/5556/708 2400/5558/708 5609/5581/708 2401/5589/708
f 2400/5558/708 2399/5560/708 5610/5582/708 5609/5581/708
f 2401/5589/708 5609/5581/708 5608/5578/708 2402/5587/708
f 210/5530/708 2218/5590/708 5611/5583/708 2398/5562/708
f 2218/5590/708 2219/5588/708 5612/5580/708 5611/5583/708
f 2398/5562/708 5611/5583/708 5610/5582/708 2399/5560/708
f 5614/5591/708 5615/5592/708 5613/5593/708 5619/5594/708
f 5616/5595/708 5617/5596/708 5613/5593/708 5615/5592/708
f 5618/5597/708 5619/5594/708 5613/5593/708 5617/5596/708
f 253/5598/708 1173/5599/708 5614/5591/708 2406/5600/708
f 1173/5599/708 1172/5601/708 5615/5592/708 5614/5591/708
f 2406/5600/708 5614/5591/708 5619/5594/708 2405/5602/708
f 251/5556/708 2401/5589/708 5616/5595/708 1171/5603/708
f 2401/5589/708 2402/5587/708 5617/5596/708 5616/5595/708
f 1171/5603/708 5616/5595/708 5615/5592/708 1172/5601/708
f 227/5584/708 2404/5604/708 5618/5597/708 2403/5585/708
f 2404/5604/708 2405/5602/708 5619/5594/708 5618/5597/708
f 2403/5585/708 5618/5597/708 5617/5596/708 2402/5587/708
f 5621/5605/708 5622/5606/708 5620/5607/708 5626/5608/708
f 5623/5609/708 5624/5610/708 5620/5607/708 5622/5606/708
f 5625/5611/708 5626/5608/708 5620/5607/708 5624/5610/708
f 253/5598/708 2406/5600/708 5621/5605/708 2407/5612/708
f 2406/5600/708 2405/5602/708 5622/5606/708 5621/5605/708
f 2407/5612/708 5621/5605/708 5626/5608/708 2408/5613/708
f 227/5584/708 2227/5614/708 5623/5609/708 2404/5604/708
f 2227/5614/708 2228/5615/708 5624/5610/708 5623/5609/708
f 2404/5604/708 5623/5609/708 5622/5606/708 2405/5602/708
f 44/5616/708 2409/5617/708 5625/5611/708 2229/5618/708
f 2409/5617/708 2408/5613/708 5626/5608/708 5625/5611/708
f 2229/5618/708 5625/5611/708 5624/5610/708 2228/5615/708
f 5628/5619/708 5629/5620/708 5627/5621/708 5633/5622/708
f 5630/5623/708 5631/5624/708 5627/5621/708 5629/5620/708
f 5632/5625/708 5633/5622/708 5627/5621/708 5631/5624/708
f 253/5598/708 2407/5612/708 5628/5619/708 2410/5626/708
f 2407/5612/708 2408/5613/708 5629/5620/708 5628/5619/708
f 2410/5626/708 5628/5619/708 5633/5622/708 2411/5627/708
f 44/5616/708 466/5628/708 5630/5623/708 2409/5617/708
f 466/5628/708 467/5629/708 5631/5624/708 5630/5623/708
f 2409/5617/708 5630/5623/708 5629/5620/708 2408/5613/708
f 46/5630/708 2412/5631/708 5632/5625/708 468/5632/708
f 2412/5631/708 2411/5627/708 5633/5622/708 5632/5625/708
f 468/5632/708 5632/5625/708 5631/5624/708 467/5629/708
f 5635/5633/708 5636/5634/708 5634/5635/708 5640/5636/708
f 5637/5637/708 5638/5638/708 5634/5635/708 5636/5634/708
f 5639/5639/708 5640/5636/708 5634/5635/708 5638/5638/708
f 97/5640/708 2418/5641/708 5635/5633/708 2415/5642/708
f 2418/5641/708 2417/5643/708 5636/5634/708 5635/5633/708
f 2415/5642/708 5635/5633/708 5640/5636/708 2414/5644/708
f 48/5544/708 2397/5546/708 5637/5637/708 2416/5645/708
f 2397/5546/708 2396/5543/708 5638/5638/708 5637/5637/708
f 2416/5645/708 5637/5637/708 5636/5634/708 2417/5643/708
f 250/5518/708 2413/5646/708 5639/5639/708 2395/5542/708
f 2413/5646/708 2414/5644/708 5640/5636/708 5639/5639/708
f 2395/5542/708 5639/5639/708 5638/5638/708 2396/5543/708
f 5642/5647/708 5643/5648/708 5641/5649/708 5647/5650/708
f 5644/5651/708 5645/5652/708 5641/5649/708 5643/5648/708
f 5646/5653/708 5647/5650/708 5641/5649/708 5645/5652/708
f 254/5654/708 2421/5655/708 5642/5647/708 1176/5656/708
f 2421/5655/708 2420/5657/708 5643/5648/708 5642/5647/708
f 1176/5656/708 5642/5647/708 5647/5650/708 1175/5658/708
f 97/5640/708 2415/5642/708 5644/5651/708 2419/5659/708
f 2415/5642/708 2414/5644/708 5645/5652/708 5644/5651/708
f 2419/5659/708 5644/5651/708 5643/5648/708 2420/5657/708
f 250/5518/708 1174/5660/708 5646/5653/708 2413/5646/708
f 1174/5660/708 1175/5658/708 5647/5650/708 5646/5653/708
f 2413/5646/708 5646/5653/708 5645/5652/708 2414/5644/708
f 5649/5661/708 5650/5662/708 5648/5663/708 5654/5664/708
f 5651/5665/708 5652/5666/708 5648/5663/708 5650/5662/708
f 5653/5667/708 5654/5664/708 5648/5663/708 5652/5666/708
f 48/5544/708 2416/5645/708 5649/5661/708 2422/5668/708
f 2416/5645/708 2417/5643/708 5650/5662/708 5649/5661/708
f 2422/5668/708 5649/5661/708 5654/5664/708 2423/5669/708
f 97/5640/708 2046/5670/708 5651/5665/708 2418/5641/708
f 2046/5670/708 2045/5671/708 5652/5666/708 5651/5665/708
f 2418/5641/708 5651/5665/708 5650/5662/708 2417/5643/708
f 207/5672/708 2424/5673/708 5653/5667/708 2044/5674/708
f 2424/5673/708 2423/5669/708 5654/5664/708 5653/5667/708
f 2044/5674/708 5653/5667/708 5652/5666/708 2045/5671/708
f 5656/5675/708 5657/5676/708 5655/5677/708 5661/5678/708
f 5658/5679/708 5659/5680/708 5655/5677/708 5657/5676/708
f 5660/5681/708 5661/5678/708 5655/5677/708 5659/5680/708
f 207/5672/708 2427/5682/708 5656/5675/708 2424/5673/708
f 2427/5682/708 2426/5683/708 5657/5676/708 5656/5675/708
f 2424/5673/708 5656/5675/708 5661/5678/708 2423/5669/708
f 46/5630/708 481/5684/708 5658/5679/708 2425/5685/708
f 481/5684/708 482/5686/708 5659/5680/708 5658/5679/708
f 2425/5685/708 5658/5679/708 5657/5676/708 2426/5683/708
f 48/5544/708 2422/5668/708 5660/5681/708 483/5687/708
f 2422/5668/708 2423/5669/708 5661/5678/708 5660/5681/708
f 483/5687/708 5660/5681/708 5659/5680/708 482/5686/708
f 5663/5688/708 5664/5689/708 5662/5690/708 5668/5691/708
f 5665/5692/708 5666/5693/708 5662/5690/708 5664/5689/708
f 5667/5694/708 5668/5691/708 5662/5690/708 5666/5693/708
f 97/5640/708 2419/5659/708 5663/5688/708 709/5695/708
f 2419/5659/708 2420/5657/708 5664/5689/708 5663/5688/708
f 709/5695/708 5663/5688/708 5668/5691/708 710/5696/708
f 254/5654/708 2428/5697/708 5665/5692/708 2421/5655/708
f 2428/5697/708 2429/5698/708 5666/5693/708 5665/5692/708
f 2421/5655/708 5665/5692/708 5664/5689/708 2420/5657/708
f 98/5699/708 711/5700/708 5667/5694/708 2430/5701/708
f 711/5700/708 710/5696/708 5668/5691/708 5667/5694/708
f 2430/5701/708 5667/5694/708 5666/5693/708 2429/5698/708
f 5670/5702/708 5671/5703/708 5669/5704/708 5675/5705/708
f 5672/5706/708 5673/5707/708 5669/5704/708 5671/5703/708
f 5674/5708/708 5675/5705/708 5669/5704/708 5673/5707/708
f 46/5630/708 2425/5685/708 5670/5702/708 2431/5709/708
f 2425/5685/708 2426/5683/708 5671/5703/708 5670/5702/708
f 2431/5709/708 5670/5702/708 5675/5705/708 2432/5710/708
f 207/5672/708 1089/5711/708 5672/5706/708 2427/5682/708
f 1089/5711/708 1088/5712/708 5673/5707/708 5672/5706/708
f 2427/5682/708 5672/5706/708 5671/5703/708 2426/5683/708
f 206/5713/708 2433/5714/708 5674/5708/708 1087/5715/708
f 2433/5714/708 2432/5710/708 5675/5705/708 5674/5708/708
f 1087/5715/708 5674/5708/708 5673/5707/708 1088/5712/708
f 5677/5716/708 5678/5717/708 5676/5718/708 5682/5719/708
f 5679/5720/708 5680/5721/708 5676/5718/708 5678/5717/708
f 5681/5722/708 5682/5719/708 5676/5718/708 5680/5721/708
f 206/5713/708 2436/5723/708 5677/5716/708 2433/5714/708
f 2436/5723/708 2435/5724/708 5678/5717/708 5677/5716/708
f 2433/5714/708 5677/5716/708 5682/5719/708 2432/5710/708
f 253/5598/708 2410/5626/708 5679/5720/708 2434/5725/708
f 2410/5626/708 2411/5627/708 5680/5721/708 5679/5720/708
f 2434/5725/708 5679/5720/708 5678/5717/708 2435/5724/708
f 46/5630/708 2431/5709/708 5681/5722/708 2412/5631/708
f 2431/5709/708 2432/5710/708 5682/5719/708 5681/5722/708
f 2412/5631/708 5681/5722/708 5680/5721/708 2411/5627/708
f 5684/5726/708 5685/5727/708 5683/5728/708 5689/5729/708
f 5686/5730/708 5687/5731/708 5683/5728/708 5685/5727/708
f 5688/5732/708 5689/5729/708 5683/5728/708 5687/5731/708
f 206/5713/708 2193/5733/708 5684/5726/708 2436/5723/708
f 2193/5733/708 2192/5734/708 5685/5727/708 5684/5726/708
f 2436/5723/708 5684/5726/708 5689/5729/708 2435/5724/708
f 224/5735/708 2439/5736/708 5686/5730/708 2191/5737/708
f 2439/5736/708 2438/5738/708 5687/5731/708 5686/5730/708
f 2191/5737/708 5686/5730/708 5685/5727/708 2192/5734/708
f 253/5598/708 2434/5725/708 5688/5732/708 2437/5739/708
f 2434/5725/708 2435/5724/708 5689/5729/708 5688/5732/708
f 2437/5739/708 5688/5732/708 5687/5731/708 2438/5738/708
f 5691/5740/708 5692/5741/708 5690/5742/708 5696/5743/708
f 5693/5744/708 5694/5745/708 5690/5742/708 5692/5741/708
f 5695/5746/708 5696/5743/708 5690/5742/708 5694/5745/708
f 255/5747/708 2442/5748/708 5691/5740/708 1179/5749/708
f 2442/5748/708 2441/5750/708 5692/5741/708 5691/5740/708
f 1179/5749/708 5691/5740/708 5696/5743/708 1178/5751/708
f 98/5699/708 2430/5701/708 5693/5744/708 2440/5752/708
f 2430/5701/708 2429/5698/708 5694/5745/708 5693/5744/708
f 2440/5752/708 5693/5744/708 5692/5741/708 2441/5750/708
f 254/5654/708 1177/5753/708 5695/5746/708 2428/5697/708
f 1177/5753/708 1178/5751/708 5696/5743/708 5695/5746/708
f 2428/5697/708 5695/5746/708 5694/5745/708 2429/5698/708
f 5698/5754/708 5699/5755/708 5697/5756/708 5703/5757/708
f 5700/5758/708 5701/5759/708 5697/5756/708 5699/5755/708
f 5702/5760/708 5703/5757/708 5697/5756/708 5701/5759/708
f 256/5761/708 1182/5762/708 5698/5754/708 2445/5763/708
f 1182/5762/708 1181/5764/708 5699/5755/708 5698/5754/708
f 2445/5763/708 5698/5754/708 5703/5757/708 2444/5765/708
f 253/5598/708 2437/5739/708 5700/5758/708 1180/5766/708
f 2437/5739/708 2438/5738/708 5701/5759/708 5700/5758/708
f 1180/5766/708 5700/5758/708 5699/5755/708 1181/5764/708
f 224/5735/708 2443/5767/708 5702/5760/708 2439/5736/708
f 2443/5767/708 2444/5765/708 5703/5757/708 5702/5760/708
f 2439/5736/708 5702/5760/708 5701/5759/708 2438/5738/708
f 5705/5768/708 5706/5769/708 5704/5770/708 5710/5771/708
f 5707/5772/708 5708/5773/708 5704/5770/708 5706/5769/708
f 5709/5774/708 5710/5771/708 5704/5770/708 5708/5773/708
f 98/5699/708 2440/5752/708 5705/5768/708 1458/5775/708
f 2440/5752/708 2441/5750/708 5706/5769/708 5705/5768/708
f 1458/5775/708 5705/5768/708 5710/5771/708 1457/5776/708
f 255/5747/708 2446/5777/708 5707/5772/708 2442/5748/708
f 2446/5777/708 2447/5778/708 5708/5773/708 5707/5772/708
f 2442/5748/708 5707/5772/708 5706/5769/708 2441/5750/708
f 38/5779/708 1456/5780/708 5709/5774/708 2448/5781/708
f 1456/5780/708 1457/5776/708 5710/5771/708 5709/5774/708
f 2448/5781/708 5709/5774/708 5708/5773/708 2447/5778/708
f 5712/5782/708 5713/5783/708 5711/5784/708 5717/5785/708
f 5714/5786/708 5715/5787/708 5711/5784/708 5713/5783/708
f 5716/5788/708 5717/5785/708 5711/5784/708 5715/5787/708
f 224/5735/708 2194/5789/708 5712/5782/708 2443/5767/708
f 2194/5789/708 2195/5790/708 5713/5783/708 5712/5782/708
f 2443/5767/708 5712/5782/708 5717/5785/708 2444/5765/708
f 36/5791/708 2451/5792/708 5714/5786/708 2196/5793/708
f 2451/5792/708 2450/5794/708 5715/5787/708 5714/5786/708
f 2196/5793/708 5714/5786/708 5713/5783/708 2195/5790/708
f 256/5761/708 2445/5763/708 5716/5788/708 2449/5795/708
f 2445/5763/708 2444/5765/708 5717/5785/708 5716/5788/708
f 2449/5795/708 5716/5788/708 5715/5787/708 2450/5794/708
f 5719/5796/708 5720/5797/708 5718/5798/708 5724/5799/708
f 5721/5800/708 5722/5801/708 5718/5798/708 5720/5797/708
f 5723/5802/708 5724/5799/708 5718/5798/708 5722/5801/708
f 255/5747/708 2452/5803/708 5719/5796/708 2446/5777/708
f 2452/5803/708 2453/5804/708 5720/5797/708 5719/5796/708
f 2446/5777/708 5719/5796/708 5724/5799/708 2447/5778/708
f 37/5805/708 439/5806/708 5721/5800/708 2454/5807/708
f 439/5806/708 440/5808/708 5722/5801/708 5721/5800/708
f 2454/5807/708 5721/5800/708 5720/5797/708 2453/5804/708
f 38/5779/708 2448/5781/708 5723/5802/708 441/5809/708
f 2448/5781/708 2447/5778/708 5724/5799/708 5723/5802/708
f 441/5809/708 5723/5802/708 5722/5801/708 440/5808/708
f 5726/5810/708 5727/5811/708 5725/5812/708 5731/5813/708
f 5728/5814/708 5729/5815/708 5725/5812/708 5727/5811/708
f 5730/5816/708 5731/5813/708 5725/5812/708 5729/5815/708
f 36/5791/708 2455/5817/708 5726/5810/708 2451/5792/708
f 2455/5817/708 2456/5818/708 5727/5811/708 5726/5810/708
f 2451/5792/708 5726/5810/708 5731/5813/708 2450/5794/708
f 257/5819/708 1185/5820/708 5728/5814/708 2457/5821/708
f 1185/5820/708 1184/5822/708 5729/5815/708 5728/5814/708
f 2457/5821/708 5728/5814/708 5727/5811/708 2456/5818/708
f 256/5761/708 2449/5795/708 5730/5816/708 1183/5823/708
f 2449/5795/708 2450/5794/708 5731/5813/708 5730/5816/708
f 1183/5823/708 5730/5816/708 5729/5815/708 1184/5822/708
f 5733/5824/708 5734/5825/708 5732/5826/708 5738/5827/708
f 5735/5828/708 5736/5829/708 5732/5826/708 5734/5825/708
f 5737/5830/708 5738/5827/708 5732/5826/708 5736/5829/708
f 37/5805/708 2454/5807/708 5733/5824/708 2458/5831/708
f 2454/5807/708 2453/5804/708 5734/5825/708 5733/5824/708
f 2458/5831/708 5733/5824/708 5738/5827/708 2459/5832/708
f 255/5747/708 1186/5833/708 5735/5828/708 2452/5803/708
f 1186/5833/708 1187/5834/708 5736/5829/708 5735/5828/708
f 2452/5803/708 5735/5828/708 5734/5825/708 2453/5804/708
f 257/5819/708 2460/5835/708 5737/5830/708 1188/5836/708
f 2460/5835/708 2459/5832/708 5738/5827/708 5737/5830/708
f 1188/5836/708 5737/5830/708 5736/5829/708 1187/5834/708
f 5740/5837/708 5741/5838/708 5739/5839/708 5745/5840/708
f 5742/5841/708 5743/5842/708 5739/5839/708 5741/5838/708
f 5744/5843/708 5745/5840/708 5739/5839/708 5743/5842/708
f 257/5819/708 2457/5821/708 5740/5837/708 2460/5835/708
f 2457/5821/708 2456/5818/708 5741/5838/708 5740/5837/708
f 2460/5835/708 5740/5837/708 5745/5840/708 2459/5832/708
f 36/5791/708 436/5844/708 5742/5841/708 2455/5817/708
f 436/5844/708 437/5845/708 5743/5842/708 5742/5841/708
f 2455/5817/708 5742/5841/708 5741/5838/708 2456/5818/708
f 37/5805/708 2458/5831/708 5744/5843/708 438/5846/708
f 2458/5831/708 2459/5832/708 5745/5840/708 5744/5843/708
f 438/5846/708 5744/5843/708 5743/5842/708 437/5845/708
f 5747/5847/709 5748/5848/709 5746/5849/709 5752/5850/709
f 5749/5851/709 5750/5852/709 5746/5849/709 5748/5848/709
f 5751/5853/709 5752/5850/709 5746/5849/709 5750/5852/709
f 49/5434/88 2373/5436/709 5747/5847/709 1366/5854/89
f 2373/5436/709 2372/5433/709 5748/5848/709 5747/5847/709
f 1366/5854/89 5747/5847/709 5752/5850/709 1367/5855/89
f 246/5416/710 2461/5856/711 5749/5851/709 2371/5432/709
f 2461/5856/711 2462/5857/711 5750/5852/709 5749/5851/709
f 2371/5432/709 5749/5851/709 5748/5848/709 2372/5433/709
f 31/5858/90 1368/5859/89 5751/5853/709 2463/5860/711
f 1368/5859/89 1367/5855/89 5752/5850/709 5751/5853/709
f 2463/5860/711 5751/5853/709 5750/5852/709 2462/5857/711
f 5754/5861/712 5755/5862/712 5753/5863/712 5759/5864/712
f 5756/5865/712 5757/5866/712 5753/5863/712 5755/5862/712
f 5758/5867/712 5759/5864/712 5753/5863/712 5757/5866/712
f 246/5416/710 2464/5868/713 5754/5861/712 2461/5856/711
f 2464/5868/713 2465/5869/713 5755/5862/712 5754/5861/712
f 2461/5856/711 5754/5861/712 5759/5864/712 2462/5857/711
f 29/5870/714 421/5871/712 5756/5865/712 2466/5872/713
f 421/5871/712 422/5873/712 5757/5866/712 5756/5865/712
f 2466/5872/713 5756/5865/712 5755/5862/712 2465/5869/713
f 31/5858/90 2463/5860/711 5758/5867/712 423/5874/712
f 2463/5860/711 2462/5857/711 5759/5864/712 5758/5867/712
f 423/5874/712 5758/5867/712 5757/5866/712 422/5873/712
f 5761/5875/715 5762/5876/715 5760/5877/715 5766/5878/715
f 5763/5879/715 5764/5880/715 5760/5877/715 5762/5876/715
f 5765/5881/715 5766/5878/715 5760/5877/715 5764/5880/715
f 29/5870/714 2466/5872/713 5761/5875/715 2467/5882/716
f 2466/5872/713 2465/5869/713 5762/5876/715 5761/5875/715
f 2467/5882/716 5761/5875/715 5766/5878/715 2468/5883/716
f 246/5416/710 1156/5491/717 5763/5879/715 2464/5868/713
f 1156/5491/717 1157/5489/715 5764/5880/715 5763/5879/715
f 2464/5868/713 5763/5879/715 5762/5876/715 2465/5869/713
f 249/5486/718 2469/5884/716 5765/5881/715 1158/5487/715
f 2469/5884/716 2468/5883/716 5766/5878/715 5765/5881/715
f 1158/5487/715 5765/5881/715 5764/5880/715 1157/5489/715
f 5768/5885/719 5769/5886/719 5767/5887/719 5773/5888/719
f 5770/5889/719 5771/5890/719 5767/5887/719 5769/5886/719
f 5772/5891/719 5773/5888/719 5767/5887/719 5771/5890/719
f 252/5574/720 2472/5892/721 5768/5885/719 1167/5575/719
f 2472/5892/721 2471/5893/721 5769/5886/719 5768/5885/719
f 1167/5575/719 5768/5885/719 5773/5888/719 1166/5571/719
f 29/5870/714 2467/5882/716 5770/5889/719 2470/5894/721
f 2467/5882/716 2468/5883/716 5771/5890/719 5770/5889/719
f 2470/5894/721 5770/5889/719 5769/5886/719 2471/5893/721
f 249/5486/718 1165/5570/719 5772/5891/719 2469/5884/716
f 1165/5570/719 1166/5571/719 5773/5888/719 5772/5891/719
f 2469/5884/716 5772/5891/719 5771/5890/719 2468/5883/716
f 5775/5895/722 5776/5896/722 5774/5897/722 5780/5898/722
f 5777/5899/722 5778/5900/722 5774/5897/722 5776/5896/722
f 5779/5901/722 5780/5898/722 5774/5897/722 5778/5900/722
f 29/5870/714 2470/5894/721 5775/5895/722 411/5902/722
f 2470/5894/721 2471/5893/721 5776/5896/722 5775/5895/722
f 411/5902/722 5775/5895/722 5780/5898/722 410/5903/722
f 252/5574/720 2473/5904/723 5777/5899/722 2472/5892/721
f 2473/5904/723 2474/5905/723 5778/5900/722 5777/5899/722
f 2472/5892/721 5777/5899/722 5776/5896/722 2471/5893/721
f 27/5906/724 409/5907/722 5779/5901/722 2475/5908/723
f 409/5907/722 410/5903/722 5780/5898/722 5779/5901/722
f 2475/5908/723 5779/5901/722 5778/5900/722 2474/5905/723
f 5782/5909/725 5783/5910/725 5781/5911/725 5787/5912/725
f 5784/5913/725 5785/5914/725 5781/5911/725 5783/5910/725
f 5786/5915/725 5787/5912/725 5781/5911/725 5785/5914/725
f 252/5574/720 2476/5916/726 5782/5909/725 2473/5904/723
f 2476/5916/726 2477/5917/727 5783/5910/725 5782/5909/725
f 2473/5904/723 5782/5909/725 5787/5912/725 2474/5905/723
f 94/5918/728 1429/5919/725 5784/5913/725 2478/5920/727
f 1429/5919/725 1430/5921/725 5785/5914/725 5784/5913/725
f 2478/5920/727 5784/5913/725 5783/5910/725 2477/5917/727
f 27/5906/724 2475/5908/723 5786/5915/725 1431/5922/725
f 2475/5908/723 2474/5905/723 5787/5912/725 5786/5915/725
f 1431/5922/725 5786/5915/725 5785/5914/725 1430/5921/725
f 5789/5923/729 5790/5924/729 5788/5925/729 5794/5926/729
f 5791/5927/729 5792/5928/729 5788/5925/729 5790/5924/729
f 5793/5929/729 5794/5926/729 5788/5925/729 5792/5928/729
f 252/5574/720 1170/5576/729 5789/5923/729 2476/5916/726
f 1170/5576/729 1169/5573/729 5790/5924/729 5789/5923/729
f 2476/5916/726 5789/5923/729 5794/5926/729 2477/5917/727
f 251/5556/730 2481/5930/731 5791/5927/729 1168/5572/729
f 2481/5930/731 2480/5931/731 5792/5928/729 5791/5927/729
f 1168/5572/729 5791/5927/729 5790/5924/729 1169/5573/729
f 94/5918/728 2478/5920/727 5793/5929/729 2479/5932/731
f 2478/5920/727 2477/5917/727 5794/5926/729 5793/5929/729
f 2479/5932/731 5793/5929/729 5792/5928/729 2480/5931/731
f 5796/5933/732 5797/5934/732 5795/5935/732 5801/5936/732
f 5798/5937/732 5799/5938/732 5795/5935/732 5797/5934/732
f 5800/5939/732 5801/5936/732 5795/5935/732 5799/5938/732
f 92/5940/733 703/5941/732 5796/5933/732 2484/5942/734
f 703/5941/732 704/5943/732 5797/5934/732 5796/5933/732
f 2484/5942/734 5796/5933/732 5801/5936/732 2483/5944/734
f 94/5918/728 2479/5932/731 5798/5937/732 705/5945/732
f 2479/5932/731 2480/5931/731 5799/5938/732 5798/5937/732
f 705/5945/732 5798/5937/732 5797/5934/732 704/5943/732
f 251/5556/730 2482/5946/734 5800/5939/732 2481/5930/731
f 2482/5946/734 2483/5944/734 5801/5936/732 5800/5939/732
f 2481/5930/731 5800/5939/732 5799/5938/732 2480/5931/731
f 5803/5947/735 5804/5948/735 5802/5949/735 5808/5950/735
f 5805/5951/735 5806/5952/735 5802/5949/735 5804/5948/735
f 5807/5953/735 5808/5950/735 5802/5949/735 5806/5952/735
f 92/5940/733 2484/5942/734 5803/5947/735 2485/5954/736
f 2484/5942/734 2483/5944/734 5804/5948/735 5803/5947/735
f 2485/5954/736 5803/5947/735 5808/5950/735 2486/5955/736
f 251/5556/730 1171/5603/735 5805/5951/735 2482/5946/734
f 1171/5603/735 1172/5601/735 5806/5952/735 5805/5951/735
f 2482/5946/734 5805/5951/735 5804/5948/735 2483/5944/734
f 253/5598/737 2487/5956/736 5807/5953/735 1173/5599/735
f 2487/5956/736 2486/5955/736 5808/5950/735 5807/5953/735
f 1173/5599/735 5807/5953/735 5806/5952/735 1172/5601/735
f 5810/5957/738 5811/5958/738 5809/5959/738 5815/5960/738
f 5812/5961/738 5813/5962/738 5809/5959/738 5811/5958/738
f 5814/5963/738 5815/5960/738 5809/5959/738 5813/5962/738
f 256/5761/739 2490/5964/740 5810/5957/738 1182/5762/738
f 2490/5964/740 2489/5965/740 5811/5958/738 5810/5957/738
f 1182/5762/738 5810/5957/738 5815/5960/738 1181/5764/738
f 92/5940/733 2485/5954/736 5812/5961/738 2488/5966/740
f 2485/5954/736 2486/5955/736 5813/5962/738 5812/5961/738
f 2488/5966/740 5812/5961/738 5811/5958/738 2489/5965/740
f 253/5598/737 1180/5766/738 5814/5963/738 2487/5956/736
f 1180/5766/738 1181/5764/738 5815/5960/738 5814/5963/738
f 2487/5956/736 5814/5963/738 5813/5962/738 2486/5955/736
f 5817/5967/741 5818/5968/741 5816/5969/741 5822/5970/741
f 5819/5971/741 5820/5972/741 5816/5969/741 5818/5968/741
f 5821/5973/741 5822/5970/741 5816/5969/741 5820/5972/741
f 92/5940/733 2488/5966/740 5817/5967/741 693/5974/741
f 2488/5966/740 2489/5965/740 5818/5968/741 5817/5967/741
f 693/5974/741 5817/5967/741 5822/5970/741 692/5975/741
f 256/5761/739 2491/5976/742 5819/5971/741 2490/5964/740
f 2491/5976/742 2492/5977/742 5820/5972/741 5819/5971/741
f 2490/5964/740 5819/5971/741 5818/5968/741 2489/5965/740
f 90/5978/743 691/5979/741 5821/5973/741 2493/5980/742
f 691/5979/741 692/5975/741 5822/5970/741 5821/5973/741
f 2493/5980/742 5821/5973/741 5820/5972/741 2492/5977/742
f 5824/5981/744 5825/5982/744 5823/5983/744 5829/5984/744
f 5826/5985/744 5827/5986/744 5823/5983/744 5825/5982/744
f 5828/5987/744 5829/5984/744 5823/5983/744 5827/5986/744
f 257/5819/745 2496/5988/746 5824/5981/744 1185/5820/744
f 2496/5988/746 2495/5989/746 5825/5982/744 5824/5981/744
f 1185/5820/744 5824/5981/744 5829/5984/744 1184/5822/744
f 90/5978/743 2493/5980/742 5826/5985/744 2494/5990/746
f 2493/5980/742 2492/5977/742 5827/5986/744 5826/5985/744
f 2494/5990/746 5826/5985/744 5825/5982/744 2495/5989/746
f 256/5761/739 1183/5823/744 5828/5987/744 2491/5976/742
f 1183/5823/744 1184/5822/744 5829/5984/744 5828/5987/744
f 2491/5976/742 5828/5987/744 5827/5986/744 2492/5977/742
f 5831/5991/747 5832/5992/747 5830/5993/747 5836/5994/747
f 5833/5995/747 5834/5996/747 5830/5993/747 5832/5992/747
f 5835/5997/747 5836/5994/747 5830/5993/747 5834/5996/747
f 90/5978/743 2494/5990/746 5831/5991/747 2022/5998/747
f 2494/5990/746 2495/5989/746 5832/5992/747 5831/5991/747
f 2022/5998/747 5831/5991/747 5836/5994/747 2021/5999/747
f 257/5819/745 2497/6000/748 5833/5995/747 2496/5988/746
f 2497/6000/748 2498/6001/748 5834/5996/747 5833/5995/747
f 2496/5988/746 5833/5995/747 5832/5992/747 2495/5989/746
f 205/6002/749 2020/6003/747 5835/5997/747 2499/6004/748
f 2020/6003/747 2021/5999/747 5836/5994/747 5835/5997/747
f 2499/6004/748 5835/5997/747 5834/5996/747 2498/6001/748
f 5838/6005/750 5839/6006/750 5837/6007/750 5843/6008/750
f 5840/6009/750 5841/6010/750 5837/6007/750 5839/6006/750
f 5842/6011/750 5843/6008/750 5837/6007/750 5841/6010/750
f 255/5747/751 2502/6012/752 5838/6005/750 1186/5833/750
f 2502/6012/752 2501/6013/752 5839/6006/750 5838/6005/750
f 1186/5833/750 5838/6005/750 5843/6008/750 1187/5834/750
f 205/6002/749 2499/6004/748 5840/6009/750 2500/6014/752
f 2499/6004/748 2498/6001/748 5841/6010/750 5840/6009/750
f 2500/6014/752 5840/6009/750 5839/6006/750 2501/6013/752
f 257/5819/745 1188/5836/750 5842/6011/750 2497/6000/748
f 1188/5836/750 1187/5834/750 5843/6008/750 5842/6011/750
f 2497/6000/748 5842/6011/750 5841/6010/750 2498/6001/748
f 5845/6015/753 5846/6016/753 5844/6017/753 5850/6018/753
f 5847/6019/753 5848/6020/753 5844/6017/753 5846/6016/753
f 5849/6021/753 5850/6018/753 5844/6017/753 5848/6020/753
f 205/6002/749 2500/6014/752 5845/6015/753 1086/6022/753
f 2500/6014/752 2501/6013/752 5846/6016/753 5845/6015/753
f 1086/6022/753 5845/6015/753 5850/6018/753 1085/6023/753
f 255/5747/751 2503/6024/754 5847/6019/753 2502/6012/752
f 2503/6024/754 2504/6025/754 5848/6020/753 5847/6019/753
f 2502/6012/752 5847/6019/753 5846/6016/753 2501/6013/752
f 204/6026/755 1084/6027/753 5849/6021/753 2505/6028/754
f 1084/6027/753 1085/6023/753 5850/6018/753 5849/6021/753
f 2505/6028/754 5849/6021/753 5848/6020/753 2504/6025/754
f 5852/6029/756 5853/6030/756 5851/6031/756 5857/6032/756
f 5854/6033/756 5855/6034/756 5851/6031/756 5853/6030/756
f 5856/6035/756 5857/6032/756 5851/6031/756 5855/6034/756
f 255/5747/751 2506/6036/756 5852/6029/756 2503/6024/754
f 2506/6036/756 2507/6037/756 5853/6030/756 5852/6029/756
f 2503/6024/754 5852/6029/756 5857/6032/756 2504/6025/754
f 223/6038/757 2170/6039/756 5854/6033/756 2508/6040/756
f 2170/6039/756 2171/6041/756 5855/6034/756 5854/6033/756
f 2508/6040/756 5854/6033/756 5853/6030/756 2507/6037/756
f 204/6026/755 2505/6028/754 5856/6035/756 2172/6042/756
f 2505/6028/754 2504/6025/754 5857/6032/756 5856/6035/756
f 2172/6042/756 5856/6035/756 5855/6034/756 2171/6041/756
f 5859/6043/758 5860/6044/758 5858/6045/758 5864/6046/758
f 5861/6047/758 5862/6048/758 5858/6045/758 5860/6044/758
f 5863/6049/758 5864/6046/758 5858/6045/758 5862/6048/758
f 255/5747/751 1179/5749/758 5859/6043/758 2506/6036/756
f 1179/5749/758 1178/5751/758 5860/6044/758 5859/6043/758
f 2506/6036/756 5859/6043/758 5864/6046/758 2507/6037/756
f 254/5654/759 2511/6050/760 5861/6047/758 1177/5753/758
f 2511/6050/760 2510/6051/760 5862/6048/758 5861/6047/758
f 1177/5753/758 5861/6047/758 5860/6044/758 1178/5751/758
f 223/6038/757 2508/6040/756 5863/6049/758 2509/6052/760
f 2508/6040/756 2507/6037/756 5864/6046/758 5863/6049/758
f 2509/6052/760 5863/6049/758 5862/6048/758 2510/6051/760
f 5866/6053/761 5867/6054/761 5865/6055/761 5871/6056/761
f 5868/6057/761 5869/6058/761 5865/6055/761 5867/6054/761
f 5870/6059/761 5871/6056/761 5865/6055/761 5869/6058/761
f 222/6060/762 1120/6061/761 5866/6053/761 2514/6062/763
f 1120/6061/761 1121/6063/761 5867/6054/761 5866/6053/761
f 2514/6062/763 5866/6053/761 5871/6056/761 2513/6064/763
f 223/6038/757 2509/6052/760 5868/6057/761 1122/6065/761
f 2509/6052/760 2510/6051/760 5869/6058/761 5868/6057/761
f 1122/6065/761 5868/6057/761 5867/6054/761 1121/6063/761
f 254/5654/759 2512/6066/763 5870/6059/761 2511/6050/760
f 2512/6066/763 2513/6064/763 5871/6056/761 5870/6059/761
f 2511/6050/760 5870/6059/761 5869/6058/761 2510/6051/760
f 5873/6067/764 5874/6068/764 5872/6069/764 5878/6070/764
f 5875/6071/764 5876/6072/764 5872/6069/764 5874/6068/764
f 5877/6073/764 5878/6070/764 5872/6069/764 5876/6072/764
f 254/5654/759 1176/5656/764 5873/6067/764 2512/6066/763
f 1176/5656/764 1175/5658/764 5874/6068/764 5873/6067/764
f 2512/6066/763 5873/6067/764 5878/6070/764 2513/6064/763
f 250/5518/765 2517/6074/766 5875/6071/764 1174/5660/764
f 2517/6074/766 2516/6075/766 5876/6072/764 5875/6071/764
f 1174/5660/764 5875/6071/764 5874/6068/764 1175/5658/764
f 222/6060/762 2514/6062/763 5877/6073/764 2515/6076/766
f 2514/6062/763 2513/6064/763 5878/6070/764 5877/6073/764
f 2515/6076/766 5877/6073/764 5876/6072/764 2516/6075/766
f 5880/6077/767 5881/6078/767 5879/6079/767 5885/6080/767
f 5882/6081/767 5883/6082/767 5879/6079/767 5881/6078/767
f 5884/6083/767 5885/6080/767 5879/6079/767 5883/6082/767
f 248/5444/768 2520/6084/769 5880/6077/767 1159/5516/767
f 2520/6084/769 2519/6085/769 5881/6078/767 5880/6077/767
f 1159/5516/767 5880/6077/767 5885/6080/767 1160/5517/767
f 222/6060/762 2515/6076/766 5882/6081/767 2518/6086/769
f 2515/6076/766 2516/6075/766 5883/6082/767 5882/6081/767
f 2518/6086/769 5882/6081/767 5881/6078/767 2519/6085/769
f 250/5518/765 1161/5520/767 5884/6083/767 2517/6074/766
f 1161/5520/767 1160/5517/767 5885/6080/767 5884/6083/767
f 2517/6074/766 5884/6083/767 5883/6082/767 2516/6075/766
f 5887/6087/770 5888/6088/770 5886/6089/770 5892/6090/770
f 5889/6091/770 5890/6092/770 5886/6089/770 5888/6088/770
f 5891/6093/770 5892/6090/770 5886/6089/770 5890/6092/770
f 222/6060/762 2518/6086/769 5887/6087/770 1119/6094/770
f 2518/6086/769 2519/6085/769 5888/6088/770 5887/6087/770
f 1119/6094/770 5887/6087/770 5892/6090/770 1118/6095/770
f 248/5444/768 2521/6096/771 5889/6091/770 2520/6084/769
f 2521/6096/771 2522/6097/771 5890/6092/770 5889/6091/770
f 2520/6084/769 5889/6091/770 5888/6088/770 2519/6085/769
f 221/6098/772 1117/6099/770 5891/6093/770 2523/6100/771
f 1117/6099/770 1118/6095/770 5892/6090/770 5891/6093/770
f 2523/6100/771 5891/6093/770 5890/6092/770 2522/6097/771
f 5894/6101/773 5895/6102/773 5893/6103/773 5899/6104/773
f 5896/6105/773 5897/6106/773 5893/6103/773 5895/6102/773
f 5898/6107/773 5899/6104/773 5893/6103/773 5897/6106/773
f 248/5444/768 2524/6108/774 5894/6101/773 2521/6096/771
f 2524/6108/774 2525/6109/774 5895/6102/773 5894/6101/773
f 2521/6096/771 5894/6101/773 5899/6104/773 2522/6097/771
f 220/6110/775 1114/6111/773 5896/6105/773 2526/6112/774
f 1114/6111/773 1115/6113/773 5897/6106/773 5896/6105/773
f 2526/6112/774 5896/6105/773 5895/6102/773 2525/6109/774
f 221/6098/772 2523/6100/771 5898/6107/773 1116/6114/773
f 2523/6100/771 2522/6097/771 5899/6104/773 5898/6107/773
f 1116/6114/773 5898/6107/773 5897/6106/773 1115/6113/773
f 5901/6115/776 5902/6116/776 5900/6117/776 5906/6118/776
f 5903/6119/776 5904/6120/776 5900/6117/776 5902/6116/776
f 5905/6121/776 5906/6118/776 5900/6117/776 5904/6120/776
f 220/6110/775 2526/6112/774 5901/6115/776 2527/6122/777
f 2526/6112/774 2525/6109/774 5902/6116/776 5901/6115/776
f 2527/6122/777 5901/6115/776 5906/6118/776 2528/6123/777
f 248/5444/768 1155/5446/776 5903/6119/776 2524/6108/774
f 1155/5446/776 1154/5448/776 5904/6120/776 5903/6119/776
f 2524/6108/774 5903/6119/776 5902/6116/776 2525/6109/774
f 247/5420/778 2529/6124/777 5905/6121/776 1153/5450/776
f 2529/6124/777 2528/6123/777 5906/6118/776 5905/6121/776
f 1153/5450/776 5905/6121/776 5904/6120/776 1154/5448/776
f 5908/6125/779 5909/6126/779 5907/6127/779 5913/6128/779
f 5910/6129/779 5911/6130/779 5907/6127/779 5909/6126/779
f 5912/6131/779 5913/6128/779 5907/6127/779 5911/6130/779
f 49/5434/780 2532/6132/781 5908/6125/779 2370/5435/779
f 2532/6132/781 2531/6133/781 5909/6126/779 5908/6125/779
f 2370/5435/779 5908/6125/779 5913/6128/779 2369/5431/779
f 220/6110/775 2527/6122/777 5910/6129/779 2530/6134/781
f 2527/6122/777 2528/6123/777 5911/6130/779 5910/6129/779
f 2530/6134/781 5910/6129/779 5909/6126/779 2531/6133/781
f 247/5420/778 2368/5430/779 5912/6131/779 2529/6124/777
f 2368/5430/779 2369/5431/779 5913/6128/779 5912/6131/779
f 2529/6124/777 5912/6131/779 5911/6130/779 2528/6123/777
f 5915/6135/782 5916/6136/782 5914/6137/782 5920/6138/782
f 5917/6139/782 5918/6140/782 5914/6137/782 5916/6136/782
f 5919/6141/782 5920/6138/782 5914/6137/782 5918/6140/782
f 220/6110/775 2530/6134/781 5915/6135/782 2145/6142/782
f 2530/6134/781 2531/6133/781 5916/6136/782 5915/6135/782
f 2145/6142/782 5915/6135/782 5920/6138/782 2144/6143/782
f 49/5434/780 1363/6144/782 5917/6139/782 2532/6132/781
f 1363/6144/782 1364/6145/782 5918/6140/782 5917/6139/782
f 2532/6132/781 5917/6139/782 5916/6136/782 2531/6133/781
f 32/6146/782 2143/6147/782 5919/6141/782 1365/6148/782
f 2143/6147/782 2144/6143/782 5920/6138/782 5919/6141/782
f 1365/6148/782 5919/6141/782 5918/6140/782 1364/6145/782
f 5922/6149/708 5923/6150/708 5921/6151/708 5927/6152/708
f 5924/6153/708 5925/6154/708 5921/6151/708 5923/6150/708
f 5926/6155/708 5927/6152/708 5921/6151/708 5925/6154/708
f 258/6156/708 1192/6157/708 5922/6149/708 1189/6158/708
f 1192/6157/708 1193/6159/708 5923/6150/708 5922/6149/708
f 1189/6158/708 5922/6149/708 5927/6152/708 1190/6160/708
f 259/6161/708 1195/6162/708 5924/6153/708 1194/6163/708
f 1195/6162/708 1196/6164/708 5925/6154/708 5924/6153/708
f 1194/6163/708 5924/6153/708 5923/6150/708 1193/6159/708
f 260/6165/708 1191/6166/708 5926/6155/708 1197/6167/708
f 1191/6166/708 1190/6160/708 5927/6152/708 5926/6155/708
f 1197/6167/708 5926/6155/708 5925/6154/708 1196/6164/708
f 5929/6168/708 5930/6169/708 5928/6170/708 5934/6171/708
f 5931/6172/708 5932/6173/708 5928/6170/708 5930/6169/708
f 5933/6174/708 5934/6171/708 5928/6170/708 5932/6173/708
f 259/6161/708 1194/6163/708 5929/6168/708 1198/6175/708
f 1194/6163/708 1193/6159/708 5930/6169/708 5929/6168/708
f 1198/6175/708 5929/6168/708 5934/6171/708 1199/6176/708
f 258/6156/708 1201/6177/708 5931/6172/708 1192/6157/708
f 1201/6177/708 1202/6178/708 5932/6173/708 5931/6172/708
f 1192/6157/708 5931/6172/708 5930/6169/708 1193/6159/708
f 261/6179/708 1200/6180/708 5933/6174/708 1203/6181/708
f 1200/6180/708 1199/6176/708 5934/6171/708 5933/6174/708
f 1203/6181/708 5933/6174/708 5932/6173/708 1202/6178/708
f 5936/6182/708 5937/6183/708 5935/6184/708 5941/6185/708
f 5938/6186/708 5939/6187/708 5935/6184/708 5937/6183/708
f 5940/6188/708 5941/6185/708 5935/6184/708 5939/6187/708
f 260/6165/708 1204/6189/708 5936/6182/708 1191/6166/708
f 1204/6189/708 1205/6190/708 5937/6183/708 5936/6182/708
f 1191/6166/708 5936/6182/708 5941/6185/708 1190/6160/708
f 262/6191/708 1209/6192/708 5938/6186/708 1206/6193/708
f 1209/6192/708 1208/6194/708 5939/6187/708 5938/6186/708
f 1206/6193/708 5938/6186/708 5937/6183/708 1205/6190/708
f 258/6156/708 1189/6158/708 5940/6188/708 1207/6195/708
f 1189/6158/708 1190/6160/708 5941/6185/708 5940/6188/708
f 1207/6195/708 5940/6188/708 5939/6187/708 1208/6194/708
f 5943/6196/708 5944/6197/708 5942/6198/708 5948/6199/708
f 5945/6200/708 5946/6201/708 5942/6198/708 5944/6197/708
f 5947/6202/708 5948/6199/708 5942/6198/708 5946/6201/708
f 261/6179/708 1210/6203/708 5943/6196/708 1200/6180/708
f 1210/6203/708 1211/6204/708 5944/6197/708 5943/6196/708
f 1200/6180/708 5943/6196/708 5948/6199/708 1199/6176/708
f 263/6205/708 1215/6206/708 5945/6200/708 1212/6207/708
f 1215/6206/708 1214/6208/708 5946/6201/708 5945/6200/708
f 1212/6207/708 5945/6200/708 5944/6197/708 1211/6204/708
f 259/6161/708 1198/6175/708 5947/6202/708 1213/6209/708
f 1198/6175/708 1199/6176/708 5948/6199/708 5947/6202/708
f 1213/6209/708 5947/6202/708 5946/6201/708 1214/6208/708
f 5950/6210/708 5951/6211/708 5949/6212/708 5955/6213/708
f 5952/6214/708 5953/6215/708 5949/6212/708 5951/6211/708
f 5954/6216/708 5955/6213/708 5949/6212/708 5953/6215/708
f 262/6191/708 1206/6193/708 5950/6210/708 1216/6217/708
f 1206/6193/708 1205/6190/708 5951/6211/708 5950/6210/708
f 1216/6217/708 5950/6210/708 5955/6213/708 1217/6218/708
f 260/6165/708 1219/6219/708 5952/6214/708 1204/6189/708
f 1219/6219/708 1220/6220/708 5953/6215/708 5952/6214/708
f 1204/6189/708 5952/6214/708 5951/6211/708 1205/6190/708
f 264/6221/708 1218/6222/708 5954/6216/708 1221/6223/708
f 1218/6222/708 1217/6218/708 5955/6213/708 5954/6216/708
f 1221/6223/708 5954/6216/708 5953/6215/708 1220/6220/708
f 5957/6224/708 5958/6225/708 5956/6226/708 5962/6227/708
f 5959/6228/708 5960/6229/708 5956/6226/708 5958/6225/708
f 5961/6230/708 5962/6227/708 5956/6226/708 5960/6229/708
f 263/6205/708 1212/6207/708 5957/6224/708 1222/6231/708
f 1212/6207/708 1211/6204/708 5958/6225/708 5957/6224/708
f 1222/6231/708 5957/6224/708 5962/6227/708 1223/6232/708
f 261/6179/708 1225/6233/708 5959/6228/708 1210/6203/708
f 1225/6233/708 1226/6234/708 5960/6229/708 5959/6228/708
f 1210/6203/708 5959/6228/708 5958/6225/708 1211/6204/708
f 265/6235/708 1224/6236/708 5961/6230/708 1227/6237/708
f 1224/6236/708 1223/6232/708 5962/6227/708 5961/6230/708
f 1227/6237/708 5961/6230/708 5960/6229/708 1226/6234/708
f 5964/6238/708 5965/6239/708 5963/6240/708 5969/6241/708
f 5966/6242/708 5967/6243/708 5963/6240/708 5965/6239/708
f 5968/6244/708 5969/6241/708 5963/6240/708 5967/6243/708
f 264/6221/708 1228/6245/708 5964/6238/708 1218/6222/708
f 1228/6245/708 1229/6246/708 5965/6239/708 5964/6238/708
f 1218/6222/708 5964/6238/708 5969/6241/708 1217/6218/708
f 266/6247/708 1233/6248/708 5966/6242/708 1230/6249/708
f 1233/6248/708 1232/6250/708 5967/6243/708 5966/6242/708
f 1230/6249/708 5966/6242/708 5965/6239/708 1229/6246/708
f 262/6191/708 1216/6217/708 5968/6244/708 1231/6251/708
f 1216/6217/708 1217/6218/708 5969/6241/708 5968/6244/708
f 1231/6251/708 5968/6244/708 5967/6243/708 1232/6250/708
f 5971/6252/708 5972/6253/708 5970/6254/708 5976/6255/708
f 5973/6256/708 5974/6257/708 5970/6254/708 5972/6253/708
f 5975/6258/708 5976/6255/708 5970/6254/708 5974/6257/708
f 267/6259/708 1239/6260/708 5971/6252/708 1236/6261/708
f 1239/6260/708 1238/6262/708 5972/6253/708 5971/6252/708
f 1236/6261/708 5971/6252/708 5976/6255/708 1235/6263/708
f 263/6205/708 1222/6231/708 5973/6256/708 1237/6264/708
f 1222/6231/708 1223/6232/708 5974/6257/708 5973/6256/708
f 1237/6264/708 5973/6256/708 5972/6253/708 1238/6262/708
f 265/6235/708 1234/6265/708 5975/6258/708 1224/6236/708
f 1234/6265/708 1235/6263/708 5976/6255/708 5975/6258/708
f 1224/6236/708 5975/6258/708 5974/6257/708 1223/6232/708
f 5978/6266/708 5979/6267/708 5977/6268/708 5983/6269/708
f 5980/6270/708 5981/6271/708 5977/6268/708 5979/6267/708
f 5982/6272/708 5983/6269/708 5977/6268/708 5981/6271/708
f 266/6247/708 1230/6249/708 5978/6266/708 1240/6273/708
f 1230/6249/708 1229/6246/708 5979/6267/708 5978/6266/708
f 1240/6273/708 5978/6266/708 5983/6269/708 1241/6274/708
f 264/6221/708 1243/6275/708 5980/6270/708 1228/6245/708
f 1243/6275/708 1244/6276/708 5981/6271/708 5980/6270/708
f 1228/6245/708 5980/6270/708 5979/6267/708 1229/6246/708
f 268/6277/708 1242/6278/708 5982/6272/708 1245/6279/708
f 1242/6278/708 1241/6274/708 5983/6269/708 5982/6272/708
f 1245/6279/708 5982/6272/708 5981/6271/708 1244/6276/708
f 5985/6280/708 5986/6281/708 5984/6282/708 5990/6283/708
f 5987/6284/708 5988/6285/708 5984/6282/708 5986/6281/708
f 5989/6286/708 5990/6283/708 5984/6282/708 5988/6285/708
f 263/6205/708 1237/6264/708 5985/6280/708 1246/6287/708
f 1237/6264/708 1238/6262/708 5986/6281/708 5985/6280/708
f 1246/6287/708 5985/6280/708 5990/6283/708 1247/6288/708
f 267/6259/708 1249/6289/708 5987/6284/708 1239/6260/708
f 1249/6289/708 1250/6290/708 5988/6285/708 5987/6284/708
f 1239/6260/708 5987/6284/708 5986/6281/708 1238/6262/708
f 269/6291/708 1248/6292/708 5989/6286/708 1251/6293/708
f 1248/6292/708 1247/6288/708 5990/6283/708 5989/6286/708
f 1251/6293/708 5989/6286/708 5988/6285/708 1250/6290/708
f 5992/6294/708 5993/6295/708 5991/6296/708 5997/6297/708
f 5994/6298/708 5995/6299/708 5991/6296/708 5993/6295/708
f 5996/6300/708 5997/6297/708 5991/6296/708 5995/6299/708
f 268/6277/708 1252/6301/708 5992/6294/708 1242/6278/708
f 1252/6301/708 1253/6302/708 5993/6295/708 5992/6294/708
f 1242/6278/708 5992/6294/708 5997/6297/708 1241/6274/708
f 270/6303/708 1257/6304/708 5994/6298/708 1254/6305/708
f 1257/6304/708 1256/6306/708 5995/6299/708 5994/6298/708
f 1254/6305/708 5994/6298/708 5993/6295/708 1253/6302/708
f 266/6247/708 1240/6273/708 5996/6300/708 1255/6307/708
f 1240/6273/708 1241/6274/708 5997/6297/708 5996/6300/708
f 1255/6307/708 5996/6300/708 5995/6299/708 1256/6306/708
f 5999/6308/708 6000/6309/708 5998/6310/708 6004/6311/708
f 6001/6312/708 6002/6313/708 5998/6310/708 6000/6309/708
f 6003/6314/708 6004/6311/708 5998/6310/708 6002/6313/708
f 271/6315/708 1263/6316/708 5999/6308/708 1260/6317/708
f 1263/6316/708 1262/6318/708 6000/6309/708 5999/6308/708
f 1260/6317/708 5999/6308/708 6004/6311/708 1259/6319/708
f 269/6291/708 1251/6293/708 6001/6312/708 1261/6320/708
f 1251/6293/708 1250/6290/708 6002/6313/708 6001/6312/708
f 1261/6320/708 6001/6312/708 6000/6309/708 1262/6318/708
f 267/6259/708 1258/6321/708 6003/6314/708 1249/6289/708
f 1258/6321/708 1259/6319/708 6004/6311/708 6003/6314/708
f 1249/6289/708 6003/6314/708 6002/6313/708 1250/6290/708
f 6006/6322/708 6007/6323/708 6005/6324/708 6011/6325/708
f 6008/6326/708 6009/6327/708 6005/6324/708 6007/6323/708
f 6010/6328/708 6011/6325/708 6005/6324/708 6009/6327/708
f 270/6303/708 1254/6305/708 6006/6322/708 1264/6329/708
f 1254/6305/708 1253/6302/708 6007/6323/708 6006/6322/708
f 1264/6329/708 6006/6322/708 6011/6325/708 1265/6330/708
f 268/6277/708 1267/6331/708 6008/6326/708 1252/6301/708
f 1267/6331/708 1268/6332/708 6009/6327/708 6008/6326/708
f 1252/6301/708 6008/6326/708 6007/6323/708 1253/6302/708
f 272/6333/708 1266/6334/708 6010/6328/708 1269/6335/708
f 1266/6334/708 1265/6330/708 6011/6325/708 6010/6328/708
f 1269/6335/708 6010/6328/708 6009/6327/708 1268/6332/708
f 6013/6336/708 6014/6337/708 6012/6338/708 6018/6339/708
f 6015/6340/708 6016/6341/708 6012/6338/708 6014/6337/708
f 6017/6342/708 6018/6339/708 6012/6338/708 6016/6341/708
f 272/6333/708 1272/6343/708 6013/6336/708 1266/6334/708
f 1272/6343/708 1271/6344/708 6014/6337/708 6013/6336/708
f 1266/6334/708 6013/6336/708 6018/6339/708 1265/6330/708
f 271/6315/708 1275/6345/708 6015/6340/708 1270/6346/708
f 1275/6345/708 1274/6347/708 6016/6341/708 6015/6340/708
f 1270/6346/708 6015/6340/708 6014/6337/708 1271/6344/708
f 270/6303/708 1264/6329/708 6017/6342/708 1273/6348/708
f 1264/6329/708 1265/6330/708 6018/6339/708 6017/6342/708
f 1273/6348/708 6017/6342/708 6016/6341/708 1274/6347/708
f 6020/6349/708 6021/6350/708 6019/6351/708 6025/6352/708
f 6022/6353/708 6023/6354/708 6019/6351/708 6021/6350/708
f 6024/6355/708 6025/6352/708 6019/6351/708 6023/6354/708
f 269/6291/708 1261/6320/708 6020/6349/708 1276/6356/708
f 1261/6320/708 1262/6318/708 6021/6350/708 6020/6349/708
f 1276/6356/708 6020/6349/708 6025/6352/708 1277/6357/708
f 271/6315/708 1279/6358/708 6022/6353/708 1263/6316/708
f 1279/6358/708 1280/6359/708 6023/6354/708 6022/6353/708
f 1263/6316/708 6022/6353/708 6021/6350/708 1262/6318/708
f 273/6360/708 1278/6361/708 6024/6355/708 1281/6362/708
f 1278/6361/708 1277/6357/708 6025/6352/708 6024/6355/708
f 1281/6362/708 6024/6355/708 6023/6354/708 1280/6359/708
f 6027/6363/708 6028/6364/708 6026/6365/708 6032/6366/708
f 6029/6367/708 6030/6368/708 6026/6365/708 6028/6364/708
f 6031/6369/708 6032/6366/708 6026/6365/708 6030/6368/708
f 272/6333/708 1282/6370/708 6027/6363/708 1272/6343/708
f 1282/6370/708 1283/6371/708 6028/6364/708 6027/6363/708
f 1272/6343/708 6027/6363/708 6032/6366/708 1271/6344/708
f 273/6360/708 1281/6362/708 6029/6367/708 1284/6372/708
f 1281/6362/708 1280/6359/708 6030/6368/708 6029/6367/708
f 1284/6372/708 6029/6367/708 6028/6364/708 1283/6371/708
f 271/6315/708 1270/6346/708 6031/6369/708 1279/6358/708
f 1270/6346/708 1271/6344/708 6032/6366/708 6031/6369/708
f 1279/6358/708 6031/6369/708 6030/6368/708 1280/6359/708
f 6034/6373/783 6035/6374/783 6033/6375/783 6039/6376/783
f 6036/6377/783 6037/6378/783 6033/6375/783 6035/6374/783
f 6038/6379/783 6039/6376/783 6033/6375/783 6037/6378/783
f 53/6380/784 502/6381/783 6034/6373/783 2533/6382/785
f 502/6381/783 503/6383/783 6035/6374/783 6034/6373/783
f 2533/6382/785 6034/6373/783 6039/6376/783 2534/6384/785
f 55/6385/786 2536/6386/787 6036/6377/783 504/6387/783
f 2536/6386/787 2537/6388/787 6037/6378/783 6036/6377/783
f 504/6387/783 6036/6377/783 6035/6374/783 503/6383/783
f 272/6333/788 2535/6389/785 6038/6379/783 2538/6390/787
f 2535/6389/785 2534/6384/785 6039/6376/783 6038/6379/783
f 2538/6390/787 6038/6379/783 6037/6378/783 2537/6388/787
f 6041/6391/789 6042/6392/789 6040/6393/789 6046/6394/789
f 6043/6395/789 6044/6396/789 6040/6393/789 6042/6392/789
f 6045/6397/789 6046/6394/789 6040/6393/789 6044/6396/789
f 272/6333/788 2538/6390/787 6041/6391/789 1282/6370/789
f 2538/6390/787 2537/6388/787 6042/6392/789 6041/6391/789
f 1282/6370/789 6041/6391/789 6046/6394/789 1283/6371/789
f 55/6385/786 2539/6398/790 6043/6395/789 2536/6386/787
f 2539/6398/790 2540/6399/790 6044/6396/789 6043/6395/789
f 2536/6386/787 6043/6395/789 6042/6392/789 2537/6388/787
f 273/6360/791 1284/6372/789 6045/6397/789 2541/6400/790
f 1284/6372/789 1283/6371/789 6046/6394/789 6045/6397/789
f 2541/6400/790 6045/6397/789 6044/6396/789 2540/6399/790
f 6048/6401/792 6049/6402/792 6047/6403/793 6053/6404/792
f 6050/6405/792 6051/6406/792 6047/6403/793 6049/6402/792
f 6052/6407/793 6053/6404/792 6047/6403/793 6051/6406/792
f 268/6277/794 2544/6408/793 6048/6401/792 1267/6331/792
f 2544/6408/793 2543/6409/793 6049/6402/792 6048/6401/792
f 1267/6331/792 6048/6401/792 6053/6404/792 1268/6332/792
f 53/6380/784 2533/6382/785 6050/6405/792 2542/6410/793
f 2533/6382/785 2534/6384/785 6051/6406/792 6050/6405/792
f 2542/6410/793 6050/6405/792 6049/6402/792 2543/6409/793
f 272/6333/788 1269/6335/792 6052/6407/793 2535/6389/785
f 1269/6335/792 1268/6332/792 6053/6404/792 6052/6407/793
f 2535/6389/785 6052/6407/793 6051/6406/792 2534/6384/785
f 6055/6411/795 6056/6412/795 6054/6413/795 6060/6414/795
f 6057/6415/795 6058/6416/795 6054/6413/795 6056/6412/795
f 6059/6417/795 6060/6414/795 6054/6413/795 6058/6416/795
f 236/6418/796 2547/6419/797 6055/6411/795 2283/6420/795
f 2547/6419/797 2546/6421/797 6056/6412/795 6055/6411/795
f 2283/6420/795 6055/6411/795 6060/6414/795 2282/6422/795
f 273/6360/791 2541/6400/790 6057/6415/795 2545/6423/797
f 2541/6400/790 2540/6399/790 6058/6416/795 6057/6415/795
f 2545/6423/797 6057/6415/795 6056/6412/795 2546/6421/797
f 55/6385/786 2281/6424/795 6059/6417/795 2539/6398/790
f 2281/6424/795 2282/6422/795 6060/6414/795 6059/6417/795
f 2539/6398/790 6059/6417/795 6058/6416/795 2540/6399/790
f 6062/6425/798 6063/6426/798 6061/6427/798 6067/6428/798
f 6064/6429/798 6065/6430/798 6061/6427/798 6063/6426/798
f 6066/6431/798 6067/6428/798 6061/6427/798 6065/6430/798
f 53/6380/784 2542/6410/793 6062/6425/798 489/6432/798
f 2542/6410/793 2543/6409/793 6063/6426/798 6062/6425/798
f 489/6432/798 6062/6425/798 6067/6428/798 488/6433/798
f 268/6277/794 2548/6434/799 6064/6429/798 2544/6408/793
f 2548/6434/799 2549/6435/799 6065/6430/798 6064/6429/798
f 2544/6408/793 6064/6429/798 6063/6426/798 2543/6409/793
f 51/6436/800 487/6437/798 6066/6431/798 2550/6438/799
f 487/6437/798 488/6433/798 6067/6428/798 6066/6431/798
f 2550/6438/799 6066/6431/798 6065/6430/798 2549/6435/799
f 6069/6439/801 6070/6440/801 6068/6441/801 6074/6442/801
f 6071/6443/801 6072/6444/801 6068/6441/801 6070/6440/801
f 6073/6445/801 6074/6442/801 6068/6441/801 6072/6444/801
f 269/6291/802 1276/6356/801 6069/6439/801 2553/6446/803
f 1276/6356/801 1277/6357/801 6070/6440/801 6069/6439/801
f 2553/6446/803 6069/6439/801 6074/6442/801 2552/6447/803
f 273/6360/791 2545/6423/797 6071/6443/801 1278/6361/801
f 2545/6423/797 2546/6421/797 6072/6444/801 6071/6443/801
f 1278/6361/801 6071/6443/801 6070/6440/801 1277/6357/801
f 236/6418/796 2551/6448/803 6073/6445/801 2547/6419/797
f 2551/6448/803 2552/6447/803 6074/6442/801 6073/6445/801
f 2547/6419/797 6073/6445/801 6072/6444/801 2546/6421/797
f 6076/6449/804 6077/6450/804 6075/6451/804 6081/6452/804
f 6078/6453/804 6079/6454/804 6075/6451/804 6077/6450/804
f 6080/6455/804 6081/6452/804 6075/6451/804 6079/6454/804
f 268/6277/794 2554/6456/805 6076/6449/804 2548/6434/799
f 2554/6456/805 2555/6457/805 6077/6450/804 6076/6449/804
f 2548/6434/799 6076/6449/804 6081/6452/804 2549/6435/799
f 118/6458/806 1503/6459/804 6078/6453/804 2556/6460/805
f 1503/6459/804 1502/6461/804 6079/6454/804 6078/6453/804
f 2556/6460/805 6078/6453/804 6077/6450/804 2555/6457/805
f 51/6436/800 2550/6438/799 6080/6455/804 1501/6462/804
f 2550/6438/799 2549/6435/799 6081/6452/804 6080/6455/804
f 1501/6462/804 6080/6455/804 6079/6454/804 1502/6461/804
f 6083/6463/807 6084/6464/807 6082/6465/807 6088/6466/807
f 6085/6467/807 6086/6468/807 6082/6465/807 6084/6464/807
f 6087/6469/807 6088/6466/807 6082/6465/807 6086/6468/807
f 236/6418/796 2557/6470/808 6083/6463/807 2551/6448/803
f 2557/6470/808 2558/6471/808 6084/6464/807 6083/6463/807
f 2551/6448/803 6083/6463/807 6088/6466/807 2552/6447/803
f 263/6205/809 1246/6287/807 6085/6467/807 2559/6472/808
f 1246/6287/807 1247/6288/807 6086/6468/807 6085/6467/807
f 2559/6472/808 6085/6467/807 6084/6464/807 2558/6471/808
f 269/6291/802 2553/6446/803 6087/6469/807 1248/6292/807
f 2553/6446/803 2552/6447/803 6088/6466/807 6087/6469/807
f 1248/6292/807 6087/6469/807 6086/6468/807 1247/6288/807
f 6090/6473/810 6091/6474/810 6089/6475/810 6095/6476/810
f 6092/6477/810 6093/6478/810 6089/6475/810 6091/6474/810
f 6094/6479/810 6095/6476/810 6089/6475/810 6093/6478/810
f 118/6458/806 2556/6460/805 6090/6473/810 2560/6480/811
f 2556/6460/805 2555/6457/805 6091/6474/810 6090/6473/810
f 2560/6480/811 6090/6473/810 6095/6476/810 2561/6481/811
f 268/6277/794 1245/6279/810 6092/6477/810 2554/6456/805
f 1245/6279/810 1244/6276/810 6093/6478/810 6092/6477/810
f 2554/6456/805 6092/6477/810 6091/6474/810 2555/6457/805
f 264/6221/812 2562/6482/811 6094/6479/810 1243/6275/810
f 2562/6482/811 2561/6481/811 6095/6476/810 6094/6479/810
f 1243/6275/810 6094/6479/810 6093/6478/810 1244/6276/810
f 6097/6483/813 6098/6484/813 6096/6485/813 6102/6486/813
f 6099/6487/813 6100/6488/813 6096/6485/813 6098/6484/813
f 6101/6489/813 6102/6486/813 6096/6485/813 6100/6488/813
f 263/6205/809 2559/6472/808 6097/6483/813 2563/6490/814
f 2559/6472/808 2558/6471/808 6098/6484/813 6097/6483/813
f 2563/6490/814 6097/6483/813 6102/6486/813 2564/6491/815
f 236/6418/796 2292/6492/813 6099/6487/813 2557/6470/808
f 2292/6492/813 2291/6493/813 6100/6488/813 6099/6487/813
f 2557/6470/808 6099/6487/813 6098/6484/813 2558/6471/808
f 216/6494/816 2565/6495/814 6101/6489/813 2290/6496/813
f 2565/6495/814 2564/6491/815 6102/6486/813 6101/6489/813
f 2290/6496/813 6101/6489/813 6100/6488/813 2291/6493/813
f 6104/6497/817 6105/6498/817 6103/6499/817 6109/6500/817
f 6106/6501/817 6107/6502/817 6103/6499/817 6105/6498/817
f 6108/6503/817 6109/6500/817 6103/6499/817 6107/6502/817
f 260/6165/818 2568/6504/819 6104/6497/817 1219/6219/817
f 2568/6504/819 2567/6505/819 6105/6498/817 6104/6497/817
f 1219/6219/817 6104/6497/817 6109/6500/817 1220/6220/817
f 118/6458/806 2560/6480/811 6106/6501/817 2566/6506/819
f 2560/6480/811 2561/6481/811 6107/6502/817 6106/6501/817
f 2566/6506/819 6106/6501/817 6105/6498/817 2567/6505/819
f 264/6221/812 1221/6223/817 6108/6503/817 2562/6482/811
f 1221/6223/817 1220/6220/817 6109/6500/817 6108/6503/817
f 2562/6482/811 6108/6503/817 6107/6502/817 2561/6481/811
f 6111/6507/820 6112/6508/820 6110/6509/820 6116/6510/820
f 6113/6511/820 6114/6512/820 6110/6509/820 6112/6508/820
f 6115/6513/820 6116/6510/820 6110/6509/820 6114/6512/820
f 215/6514/821 2571/6515/822 6111/6507/820 1108/6516/820
f 2571/6515/822 2570/6517/822 6112/6508/820 6111/6507/820
f 1108/6516/820 6111/6507/820 6116/6510/820 1109/6518/820
f 263/6205/809 2563/6490/814 6113/6511/820 2569/6519/822
f 2563/6490/814 2564/6491/815 6114/6512/820 6113/6511/820
f 2569/6519/822 6113/6511/820 6112/6508/820 2570/6517/822
f 216/6494/816 1110/6520/820 6115/6513/820 2565/6495/814
f 1110/6520/820 1109/6518/820 6116/6510/820 6115/6513/820
f 2565/6495/814 6115/6513/820 6114/6512/820 2564/6491/815
f 6118/6521/823 6119/6522/823 6117/6523/823 6123/6524/823
f 6120/6525/823 6121/6526/823 6117/6523/823 6119/6522/823
f 6122/6527/823 6123/6524/823 6117/6523/823 6121/6526/823
f 119/6528/824 789/6529/823 6118/6521/823 2574/6530/825
f 789/6529/823 788/6531/823 6119/6522/823 6118/6521/823
f 2574/6530/825 6118/6521/823 6123/6524/823 2573/6532/825
f 118/6458/806 2566/6506/819 6120/6525/823 787/6533/823
f 2566/6506/819 2567/6505/819 6121/6526/823 6120/6525/823
f 787/6533/823 6120/6525/823 6119/6522/823 788/6531/823
f 260/6165/818 2572/6534/825 6122/6527/823 2568/6504/819
f 2572/6534/825 2573/6532/825 6123/6524/823 6122/6527/823
f 2568/6504/819 6122/6527/823 6121/6526/823 2567/6505/819
f 6125/6535/826 6126/6536/826 6124/6537/826 6130/6538/826
f 6127/6539/826 6128/6540/826 6124/6537/826 6126/6536/826
f 6129/6541/826 6130/6538/826 6124/6537/826 6128/6540/826
f 260/6165/818 2575/6542/827 6125/6535/826 2572/6534/825
f 2575/6542/827 2576/6543/827 6126/6536/826 6125/6535/826
f 2572/6534/825 6125/6535/826 6130/6538/826 2573/6532/825
f 215/6514/821 2100/6544/826 6127/6539/826 2577/6545/827
f 2100/6544/826 2099/6546/826 6128/6540/826 6127/6539/826
f 2577/6545/827 6127/6539/826 6126/6536/826 2576/6543/827
f 119/6528/824 2574/6530/825 6129/6541/826 2098/6547/826
f 2574/6530/825 2573/6532/825 6130/6538/826 6129/6541/826
f 2098/6547/826 6129/6541/826 6128/6540/826 2099/6546/826
f 6132/6548/828 6133/6549/828 6131/6550/828 6137/6551/828
f 6134/6552/828 6135/6553/828 6131/6550/828 6133/6549/828
f 6136/6554/828 6137/6551/828 6131/6550/828 6135/6553/828
f 263/6205/809 2569/6519/822 6132/6548/828 1215/6206/828
f 2569/6519/822 2570/6517/822 6133/6549/828 6132/6548/828
f 1215/6206/828 6132/6548/828 6137/6551/828 1214/6208/828
f 215/6514/821 2578/6555/829 6134/6552/828 2571/6515/822
f 2578/6555/829 2579/6556/829 6135/6553/828 6134/6552/828
f 2571/6515/822 6134/6552/828 6133/6549/828 2570/6517/822
f 259/6161/829 1213/6209/828 6136/6554/828 2580/6557/829
f 1213/6209/828 1214/6208/828 6137/6551/828 6136/6554/828
f 2580/6557/829 6136/6554/828 6135/6553/828 2579/6556/829
f 6139/6558/830 6140/6559/830 6138/6560/830 6144/6561/830
f 6141/6562/830 6142/6563/830 6138/6560/830 6140/6559/830
f 6143/6564/830 6144/6561/830 6138/6560/830 6142/6563/830
f 215/6514/821 2577/6545/827 6139/6558/830 2578/6555/829
f 2577/6545/827 2576/6543/827 6140/6559/830 6139/6558/830
f 2578/6555/829 6139/6558/830 6144/6561/830 2579/6556/829
f 260/6165/818 1197/6167/830 6141/6562/830 2575/6542/827
f 1197/6167/830 1196/6164/830 6142/6563/830 6141/6562/830
f 2575/6542/827 6141/6562/830 6140/6559/830 2576/6543/827
f 259/6161/829 2580/6557/829 6143/6564/830 1195/6162/830
f 2580/6557/829 2579/6556/829 6144/6561/830 6143/6564/830
f 1195/6162/830 6143/6564/830 6142/6563/830 1196/6164/830
f 6146/6565/831 6147/6566/831 6145/6567/831 6151/6568/831
f 6148/6569/831 6149/6570/831 6145/6567/831 6147/6566/831
f 6150/6571/831 6151/6568/831 6145/6567/831 6149/6570/831
f 262/6191/832 1231/6251/831 6146/6565/831 2581/6572/833
f 1231/6251/831 1232/6250/831 6147/6566/831 6146/6565/831
f 2581/6572/833 6146/6565/831 6151/6568/831 2582/6573/833
f 266/6247/834 2584/6574/835 6148/6569/831 1233/6248/831
f 2584/6574/835 2585/6575/835 6149/6570/831 6148/6569/831
f 1233/6248/831 6148/6569/831 6147/6566/831 1232/6250/831
f 199/6576/836 2583/6577/833 6150/6571/831 2586/6578/835
f 2583/6577/833 2582/6573/833 6151/6568/831 6150/6571/831
f 2586/6578/835 6150/6571/831 6149/6570/831 2585/6575/835
f 6153/6579/837 6154/6580/837 6152/6581/837 6158/6582/837
f 6155/6583/837 6156/6584/837 6152/6581/837 6154/6580/837
f 6157/6585/837 6158/6582/837 6152/6581/837 6156/6584/837
f 262/6191/832 2581/6572/833 6153/6579/837 2587/6586/838
f 2581/6572/833 2582/6573/833 6154/6580/837 6153/6579/837
f 2587/6586/838 6153/6579/837 6158/6582/837 2588/6587/838
f 199/6576/836 2113/6588/837 6155/6583/837 2583/6577/833
f 2113/6588/837 2114/6589/837 6156/6584/837 6155/6583/837
f 2583/6577/833 6155/6583/837 6154/6580/837 2582/6573/833
f 217/6590/839 2589/6591/838 6157/6585/837 2115/6592/837
f 2589/6591/838 2588/6587/838 6158/6582/837 6157/6585/837
f 2115/6592/837 6157/6585/837 6156/6584/837 2114/6589/837
f 6160/6593/840 6161/6594/840 6159/6595/840 6165/6596/840
f 6162/6597/840 6163/6598/840 6159/6595/840 6161/6594/840
f 6164/6599/840 6165/6596/840 6159/6595/840 6163/6598/840
f 266/6247/834 2590/6600/841 6160/6593/840 2584/6574/835
f 2590/6600/841 2591/6601/841 6161/6594/840 6160/6593/840
f 2584/6574/835 6160/6593/840 6165/6596/840 2585/6575/835
f 198/6602/842 1066/6603/840 6162/6597/840 2592/6604/841
f 1066/6603/840 1067/6605/840 6163/6598/840 6162/6597/840
f 2592/6604/841 6162/6597/840 6161/6594/840 2591/6601/841
f 199/6576/836 2586/6578/835 6164/6599/840 1068/6606/840
f 2586/6578/835 2585/6575/835 6165/6596/840 6164/6599/840
f 1068/6606/840 6164/6599/840 6163/6598/840 1067/6605/840
f 6167/6607/843 6168/6608/843 6166/6609/843 6172/6610/843
f 6169/6611/843 6170/6612/843 6166/6609/843 6168/6608/843
f 6171/6613/843 6172/6610/843 6166/6609/843 6170/6612/843
f 17/6614/844 2595/6615/845 6167/6607/843 2124/6616/843
f 2595/6615/845 2594/6617/845 6168/6608/843 6167/6607/843
f 2124/6616/843 6167/6607/843 6172/6610/843 2123/6618/843
f 262/6191/832 2587/6586/838 6169/6611/843 2593/6619/845
f 2587/6586/838 2588/6587/838 6170/6612/843 6169/6611/843
f 2593/6619/845 6169/6611/843 6168/6608/843 2594/6617/845
f 217/6590/839 2122/6620/843 6171/6613/843 2589/6591/838
f 2122/6620/843 2123/6618/843 6172/6610/843 6171/6613/843
f 2589/6591/838 6171/6613/843 6170/6612/843 2588/6587/838
f 6174/6621/846 6175/6622/846 6173/6623/846 6179/6624/846
f 6176/6625/846 6177/6626/846 6173/6623/846 6175/6622/846
f 6178/6627/846 6179/6624/846 6173/6623/846 6177/6626/846
f 198/6602/842 2592/6604/841 6174/6621/846 2596/6628/847
f 2592/6604/841 2591/6601/841 6175/6622/846 6174/6621/846
f 2596/6628/847 6174/6621/846 6179/6624/846 2597/6629/847
f 266/6247/834 1255/6307/846 6176/6625/846 2590/6600/841
f 1255/6307/846 1256/6306/846 6177/6626/846 6176/6625/846
f 2590/6600/841 6176/6625/846 6175/6622/846 2591/6601/841
f 270/6303/848 2598/6630/847 6178/6627/846 1257/6304/846
f 2598/6630/847 2597/6629/847 6179/6624/846 6178/6627/846
f 1257/6304/846 6178/6627/846 6177/6626/846 1256/6306/846
f 6181/6631/849 6182/6632/849 6180/6633/849 6186/6634/849
f 6183/6635/849 6184/6636/849 6180/6633/849 6182/6632/849
f 6185/6637/849 6186/6634/849 6180/6633/849 6184/6636/849
f 262/6191/832 2593/6619/845 6181/6631/849 1209/6192/849
f 2593/6619/845 2594/6617/845 6182/6632/849 6181/6631/849
f 1209/6192/849 6181/6631/849 6186/6634/849 1208/6194/849
f 17/6614/844 2599/6638/850 6183/6635/849 2595/6615/845
f 2599/6638/850 2600/6639/850 6184/6636/849 6183/6635/849
f 2595/6615/845 6183/6635/849 6182/6632/849 2594/6617/845
f 258/6156/851 1207/6195/849 6185/6637/849 2601/6640/850
f 1207/6195/849 1208/6194/849 6186/6634/849 6185/6637/849
f 2601/6640/850 6185/6637/849 6184/6636/849 2600/6639/850
f 6188/6641/852 6189/6642/852 6187/6643/852 6193/6644/852
f 6190/6645/852 6191/6646/852 6187/6643/852 6189/6642/852
f 6192/6647/852 6193/6644/852 6187/6643/852 6191/6646/852
f 270/6303/848 1273/6348/852 6188/6641/852 2598/6630/847
f 1273/6348/852 1274/6347/852 6189/6642/852 6188/6641/852
f 2598/6630/847 6188/6641/852 6193/6644/852 2597/6629/847
f 271/6315/853 2604/6648/854 6190/6645/852 1275/6345/852
f 2604/6648/854 2603/6649/854 6191/6646/852 6190/6645/852
f 1275/6345/852 6190/6645/852 6189/6642/852 1274/6347/852
f 198/6602/842 2596/6628/847 6192/6647/852 2602/6650/854
f 2596/6628/847 2597/6629/847 6193/6644/852 6192/6647/852
f 2602/6650/854 6192/6647/852 6191/6646/852 2603/6649/854
f 6195/6651/855 6196/6652/855 6194/6653/855 6200/6654/855
f 6197/6655/855 6198/6656/855 6194/6653/855 6196/6652/855
f 6199/6657/855 6200/6654/855 6194/6653/855 6198/6656/855
f 16/6658/856 2607/6659/857 6195/6651/855 358/6660/855
f 2607/6659/857 2606/6661/857 6196/6652/855 6195/6651/855
f 358/6660/855 6195/6651/855 6200/6654/855 359/6662/855
f 258/6156/851 2601/6640/850 6197/6655/855 2605/6663/857
f 2601/6640/850 2600/6639/850 6198/6656/855 6197/6655/855
f 2605/6663/857 6197/6655/855 6196/6652/855 2606/6661/857
f 17/6614/844 360/6664/855 6199/6657/855 2599/6638/850
f 360/6664/855 359/6662/855 6200/6654/855 6199/6657/855
f 2599/6638/850 6199/6657/855 6198/6656/855 2600/6639/850
f 6202/6665/858 6203/6666/858 6201/6667/858 6207/6668/858
f 6204/6669/858 6205/6670/858 6201/6667/858 6203/6666/858
f 6206/6671/858 6207/6668/858 6201/6667/858 6205/6670/858
f 271/6315/853 2608/6672/859 6202/6665/858 2604/6648/854
f 2608/6672/859 2609/6673/859 6203/6666/858 6202/6665/858
f 2604/6648/854 6202/6665/858 6207/6668/858 2603/6649/854
f 74/6674/860 1990/6675/858 6204/6669/858 2610/6676/859
f 1990/6675/858 1991/6677/858 6205/6670/858 6204/6669/858
f 2610/6676/859 6204/6669/858 6203/6666/858 2609/6673/859
f 198/6602/842 2602/6650/854 6206/6671/858 1992/6678/858
f 2602/6650/854 2603/6649/854 6207/6668/858 6206/6671/858
f 1992/6678/858 6206/6671/858 6205/6670/858 1991/6677/858
f 6209/6679/861 6210/6680/861 6208/6681/861 6214/6682/861
f 6211/6683/861 6212/6684/861 6208/6681/861 6210/6680/861
f 6213/6685/861 6214/6682/861 6208/6681/861 6212/6684/861
f 258/6156/851 2605/6663/857 6209/6679/861 1201/6177/861
f 2605/6663/857 2606/6661/857 6210/6680/861 6209/6679/861
f 1201/6177/861 6209/6679/861 6214/6682/861 1202/6178/861
f 16/6658/856 2611/6686/862 6211/6683/861 2607/6659/857
f 2611/6686/862 2612/6687/862 6212/6684/861 6211/6683/861
f 2607/6659/857 6211/6683/861 6210/6680/861 2606/6661/857
f 261/6179/863 1203/6181/861 6213/6685/861 2613/6688/862
f 1203/6181/861 1202/6178/861 6214/6682/861 6213/6685/861
f 2613/6688/862 6213/6685/861 6212/6684/861 2612/6687/862
f 6216/6689/864 6217/6690/864 6215/6691/864 6221/6692/864
f 6218/6693/864 6219/6694/864 6215/6691/864 6217/6690/864
f 6220/6695/864 6221/6692/864 6215/6691/864 6219/6694/864
f 271/6315/853 1260/6317/864 6216/6689/864 2608/6672/859
f 1260/6317/864 1259/6319/864 6217/6690/864 6216/6689/864
f 2608/6672/859 6216/6689/864 6221/6692/864 2609/6673/859
f 267/6259/865 2616/6696/866 6218/6693/864 1258/6321/864
f 2616/6696/866 2615/6697/866 6219/6694/864 6218/6693/864
f 1258/6321/864 6218/6693/864 6217/6690/864 1259/6319/864
f 74/6674/860 2610/6676/859 6220/6695/864 2614/6698/866
f 2610/6676/859 2609/6673/859 6221/6692/864 6220/6695/864
f 2614/6698/866 6220/6695/864 6219/6694/864 2615/6697/866
f 6223/6699/867 6224/6700/867 6222/6701/867 6228/6702/867
f 6225/6703/867 6226/6704/867 6222/6701/867 6224/6700/867
f 6227/6705/867 6228/6702/867 6222/6701/867 6226/6704/867
f 16/6658/856 2617/6706/868 6223/6699/867 2611/6686/862
f 2617/6706/868 2618/6707/868 6224/6700/867 6223/6699/867
f 2611/6686/862 6223/6699/867 6228/6702/867 2612/6687/862
f 265/6235/869 1227/6237/867 6225/6703/867 2619/6708/868
f 1227/6237/867 1226/6234/867 6226/6704/867 6225/6703/867
f 2619/6708/868 6225/6703/867 6224/6700/867 2618/6707/868
f 261/6179/863 2613/6688/862 6227/6705/867 1225/6233/867
f 2613/6688/862 2612/6687/862 6228/6702/867 6227/6705/867
f 1225/6233/867 6227/6705/867 6226/6704/867 1226/6234/867
f 6230/6709/870 6231/6710/870 6229/6711/870 6235/6712/870
f 6232/6713/870 6233/6714/870 6229/6711/870 6231/6710/870
f 6234/6715/870 6235/6712/870 6229/6711/870 6233/6714/870
f 74/6674/860 2614/6698/866 6230/6709/870 613/6716/870
f 2614/6698/866 2615/6697/866 6231/6710/870 6230/6709/870
f 613/6716/870 6230/6709/870 6235/6712/870 614/6717/870
f 267/6259/865 2620/6718/871 6232/6713/870 2616/6696/866
f 2620/6718/871 2621/6719/871 6233/6714/870 6232/6713/870
f 2616/6696/866 6232/6713/870 6231/6710/870 2615/6697/866
f 75/6720/872 615/6721/870 6234/6715/870 2622/6722/871
f 615/6721/870 614/6717/870 6235/6712/870 6234/6715/870
f 2622/6722/871 6234/6715/870 6233/6714/870 2621/6719/871
f 6237/6723/873 6238/6724/873 6236/6725/873 6242/6726/873
f 6239/6727/873 6240/6728/873 6236/6725/873 6238/6724/873
f 6241/6729/873 6242/6726/873 6236/6725/873 6240/6728/873
f 265/6235/869 2619/6708/868 6237/6723/873 2623/6730/874
f 2619/6708/868 2618/6707/868 6238/6724/873 6237/6723/873
f 2623/6730/874 6237/6723/873 6242/6726/873 2624/6731/874
f 16/6658/856 348/6732/873 6239/6727/873 2617/6706/868
f 348/6732/873 347/6733/873 6240/6728/873 6239/6727/873
f 2617/6706/868 6239/6727/873 6238/6724/873 2618/6707/868
f 14/6734/875 2625/6735/874 6241/6729/873 346/6736/873
f 2625/6735/874 2624/6731/874 6242/6726/873 6241/6729/873
f 346/6736/873 6241/6729/873 6240/6728/873 347/6733/873
f 6244/6737/876 6245/6738/876 6243/6739/876 6249/6740/876
f 6246/6741/876 6247/6742/876 6243/6739/876 6245/6738/876
f 6248/6743/876 6249/6740/876 6243/6739/876 6247/6742/876
f 267/6259/865 2626/6744/877 6244/6737/876 2620/6718/871
f 2626/6744/877 2627/6745/877 6245/6738/876 6244/6737/876
f 2620/6718/871 6244/6737/876 6249/6740/876 2621/6719/871
f 14/6734/875 1407/6746/876 6246/6741/876 2628/6747/877
f 1407/6746/876 1406/6748/876 6247/6742/876 6246/6741/876
f 2628/6747/877 6246/6741/876 6245/6738/876 2627/6745/877
f 75/6720/872 2622/6722/871 6248/6743/876 1405/6749/876
f 2622/6722/871 2621/6719/871 6249/6740/876 6248/6743/876
f 1405/6749/876 6248/6743/876 6247/6742/876 1406/6748/876
f 6251/6750/878 6252/6751/878 6250/6752/878 6256/6753/878
f 6253/6754/878 6254/6755/878 6250/6752/878 6252/6751/878
f 6255/6756/878 6256/6753/878 6250/6752/878 6254/6755/878
f 14/6734/875 2628/6747/877 6251/6750/878 2625/6735/874
f 2628/6747/877 2627/6745/877 6252/6751/878 6251/6750/878
f 2625/6735/874 6251/6750/878 6256/6753/878 2624/6731/874
f 267/6259/865 1236/6261/878 6253/6754/878 2626/6744/877
f 1236/6261/878 1235/6263/878 6254/6755/878 6253/6754/878
f 2626/6744/877 6253/6754/878 6252/6751/878 2627/6745/877
f 265/6235/869 2623/6730/874 6255/6756/878 1234/6265/878
f 2623/6730/874 2624/6731/874 6256/6753/878 6255/6756/878
f 1234/6265/878 6255/6756/878 6254/6755/878 1235/6263/878
f 6258/6757/708 6259/6758/708 6257/6759/708 6263/6760/708
f 6260/6761/708 6261/6762/708 6257/6759/708 6259/6758/708
f 6262/6763/708 6263/6760/708 6257/6759/708 6261/6762/708
f 274/6764/708 2632/6765/708 6258/6757/708 2629/6766/708
f 2632/6765/708 2633/6767/708 6259/6758/708 6258/6757/708
f 2629/6766/708 6258/6757/708 6263/6760/708 2630/6768/708
f 241/5293/708 2326/5307/708 6260/6761/708 2634/6769/708
f 2326/5307/708 2327/5308/708 6261/6762/708 6260/6761/708
f 2634/6769/708 6260/6761/708 6259/6758/708 2633/6767/708
f 240/5265/708 2631/6770/708 6262/6763/708 2328/5309/708
f 2631/6770/708 2630/6768/708 6263/6760/708 6262/6763/708
f 2328/5309/708 6262/6763/708 6261/6762/708 2327/5308/708
f 6265/6771/708 6266/6772/708 6264/6773/708 6270/6774/708
f 6267/6775/708 6268/6776/708 6264/6773/708 6266/6772/708
f 6269/6777/708 6270/6774/708 6264/6773/708 6268/6776/708
f 241/5293/708 2634/6769/708 6265/6771/708 2635/6778/708
f 2634/6769/708 2633/6767/708 6266/6772/708 6265/6771/708
f 2635/6778/708 6265/6771/708 6270/6774/708 2636/6779/708
f 274/6764/708 2638/6780/708 6267/6775/708 2632/6765/708
f 2638/6780/708 2639/6781/708 6268/6776/708 6267/6775/708
f 2632/6765/708 6267/6775/708 6266/6772/708 2633/6767/708
f 243/5340/708 2637/6782/708 6269/6777/708 2640/6783/708
f 2637/6782/708 2636/6779/708 6270/6774/708 6269/6777/708
f 2640/6783/708 6269/6777/708 6268/6776/708 2639/6781/708
f 6272/6784/708 6273/6785/708 6271/6786/708 6277/6787/708
f 6274/6788/708 6275/6789/708 6271/6786/708 6273/6785/708
f 6276/6790/708 6277/6787/708 6271/6786/708 6275/6789/708
f 275/6791/708 2643/6792/708 6272/6784/708 1287/6793/708
f 2643/6792/708 2642/6794/708 6273/6785/708 6272/6784/708
f 1287/6793/708 6272/6784/708 6277/6787/708 1286/6795/708
f 243/5340/708 2640/6783/708 6274/6788/708 2641/6796/708
f 2640/6783/708 2639/6781/708 6275/6789/708 6274/6788/708
f 2641/6796/708 6274/6788/708 6273/6785/708 2642/6794/708
f 274/6764/708 1285/6797/708 6276/6790/708 2638/6780/708
f 1285/6797/708 1286/6795/708 6277/6787/708 6276/6790/708
f 2638/6780/708 6276/6790/708 6275/6789/708 2639/6781/708
f 6279/6798/708 6280/6799/708 6278/6800/708 6284/6801/708
f 6281/6802/708 6282/6803/708 6278/6800/708 6280/6799/708
f 6283/6804/708 6284/6801/708 6278/6800/708 6282/6803/708
f 243/5340/708 2641/6796/708 6279/6798/708 2337/5341/708
f 2641/6796/708 2642/6794/708 6280/6799/708 6279/6798/708
f 2337/5341/708 6279/6798/708 6284/6801/708 2336/5337/708
f 275/6791/708 2644/6805/708 6281/6802/708 2643/6792/708
f 2644/6805/708 2645/6806/708 6282/6803/708 6281/6802/708
f 2643/6792/708 6281/6802/708 6280/6799/708 2642/6794/708
f 242/5322/708 2335/5336/708 6283/6804/708 2646/6807/708
f 2335/5336/708 2336/5337/708 6284/6801/708 6283/6804/708
f 2646/6807/708 6283/6804/708 6282/6803/708 2645/6806/708
f 6286/6808/708 6287/6809/708 6285/6810/708 6291/6811/708
f 6288/6812/708 6289/6813/708 6285/6810/708 6287/6809/708
f 6290/6814/708 6291/6811/708 6285/6810/708 6289/6813/708
f 275/6791/708 2647/6815/708 6286/6808/708 2644/6805/708
f 2647/6815/708 2648/6816/708 6287/6809/708 6286/6808/708
f 2644/6805/708 6286/6808/708 6291/6811/708 2645/6806/708
f 231/6817/708 2652/6818/708 6288/6812/708 2649/6819/708
f 2652/6818/708 2651/6820/708 6289/6813/708 6288/6812/708
f 2649/6819/708 6288/6812/708 6287/6809/708 2648/6816/708
f 242/5322/708 2646/6807/708 6290/6814/708 2650/6821/708
f 2646/6807/708 2645/6806/708 6291/6811/708 6290/6814/708
f 2650/6821/708 6290/6814/708 6289/6813/708 2651/6820/708
f 6293/6822/708 6294/6823/708 6292/6824/708 6298/6825/708
f 6295/6826/708 6296/6827/708 6292/6824/708 6294/6823/708
f 6297/6828/708 6298/6825/708 6292/6824/708 6296/6827/708
f 242/5322/708 2650/6821/708 6293/6822/708 2653/6829/708
f 2650/6821/708 2651/6820/708 6294/6823/708 6293/6822/708
f 2653/6829/708 6293/6822/708 6298/6825/708 2654/6830/708
f 231/6817/708 2656/6831/708 6295/6826/708 2652/6818/708
f 2656/6831/708 2657/6832/708 6296/6827/708 6295/6826/708
f 2652/6818/708 6295/6826/708 6294/6823/708 2651/6820/708
f 276/6833/708 2655/6834/708 6297/6828/708 2658/6835/708
f 2655/6834/708 2654/6830/708 6298/6825/708 6297/6828/708
f 2658/6835/708 6297/6828/708 6296/6827/708 2657/6832/708
f 6300/6836/708 6301/6837/708 6299/6838/708 6305/6839/708
f 6302/6840/708 6303/6841/708 6299/6838/708 6301/6837/708
f 6304/6842/708 6305/6839/708 6299/6838/708 6303/6841/708
f 242/5322/708 2653/6829/708 6300/6836/708 2347/5366/708
f 2653/6829/708 2654/6830/708 6301/6837/708 6300/6836/708
f 2347/5366/708 6300/6836/708 6305/6839/708 2348/5367/708
f 276/6833/708 2659/6843/708 6302/6840/708 2655/6834/708
f 2659/6843/708 2660/6844/708 6303/6841/708 6302/6840/708
f 2655/6834/708 6302/6840/708 6301/6837/708 2654/6830/708
f 244/5368/708 2349/5370/708 6304/6842/708 2661/6845/708
f 2349/5370/708 2348/5367/708 6305/6839/708 6304/6842/708
f 2661/6845/708 6304/6842/708 6303/6841/708 2660/6844/708
f 6307/6846/708 6308/6847/708 6306/6848/708 6312/6849/708
f 6309/6850/708 6310/6851/708 6306/6848/708 6308/6847/708
f 6311/6852/708 6312/6849/708 6306/6848/708 6310/6851/708
f 277/6853/708 1290/6854/708 6307/6846/708 2664/6855/708
f 1290/6854/708 1289/6856/708 6308/6847/708 6307/6846/708
f 2664/6855/708 6307/6846/708 6312/6849/708 2663/6857/708
f 274/6764/708 2629/6766/708 6309/6850/708 1288/6858/708
f 2629/6766/708 2630/6768/708 6310/6851/708 6309/6850/708
f 1288/6858/708 6309/6850/708 6308/6847/708 1289/6856/708
f 240/5265/708 2662/6859/708 6311/6852/708 2631/6770/708
f 2662/6859/708 2663/6857/708 6312/6849/708 6311/6852/708
f 2631/6770/708 6311/6852/708 6310/6851/708 2630/6768/708
f 6314/6860/708 6315/6861/708 6313/6862/708 6319/6863/708
f 6316/6864/708 6317/6865/708 6313/6862/708 6315/6861/708
f 6318/6866/708 6319/6863/708 6313/6862/708 6317/6865/708
f 238/5209/708 2667/6867/708 6314/6860/708 2319/5281/708
f 2667/6867/708 2666/6868/708 6315/6861/708 6314/6860/708
f 2319/5281/708 6314/6860/708 6319/6863/708 2318/5280/708
f 277/6853/708 2664/6855/708 6316/6864/708 2665/6869/708
f 2664/6855/708 2663/6857/708 6317/6865/708 6316/6864/708
f 2665/6869/708 6316/6864/708 6315/6861/708 2666/6868/708
f 240/5265/708 2317/5279/708 6318/6866/708 2662/6859/708
f 2317/5279/708 2318/5280/708 6319/6863/708 6318/6866/708
f 2662/6859/708 6318/6866/708 6317/6865/708 2663/6857/708
f 6321/6870/708 6322/6871/708 6320/6872/708 6326/6873/708
f 6323/6874/708 6324/6875/708 6320/6872/708 6322/6871/708
f 6325/6876/708 6326/6873/708 6320/6872/708 6324/6875/708
f 277/6853/708 2665/6869/708 6321/6870/708 1291/6877/708
f 2665/6869/708 2666/6868/708 6322/6871/708 6321/6870/708
f 1291/6877/708 6321/6870/708 6326/6873/708 1292/6878/708
f 238/5209/708 2668/6879/708 6323/6874/708 2667/6867/708
f 2668/6879/708 2669/6880/708 6324/6875/708 6323/6874/708
f 2667/6867/708 6323/6874/708 6322/6871/708 2666/6868/708
f 278/6881/879 1293/6882/708 6325/6876/708 2670/6883/708
f 1293/6882/708 1292/6878/708 6326/6873/708 6325/6876/708
f 2670/6883/708 6325/6876/708 6324/6875/708 2669/6880/708
f 6328/6884/708 6329/6885/708 6327/6886/708 6333/6887/708
f 6330/6888/708 6331/6889/708 6327/6886/708 6329/6885/708
f 6332/6890/708 6333/6887/708 6327/6886/708 6331/6889/708
f 238/5209/708 1149/5211/708 6328/6884/708 2668/6879/708
f 1149/5211/708 1148/5208/708 6329/6885/708 6328/6884/708
f 2668/6879/708 6328/6884/708 6333/6887/708 2669/6880/708
f 237/5205/880 2673/6891/881 6330/6888/708 1147/5206/708
f 2673/6891/881 2672/6892/881 6331/6889/708 6330/6888/708
f 1147/5206/708 6330/6888/708 6329/6885/708 1148/5208/708
f 278/6881/879 2670/6883/708 6332/6890/708 2671/6893/881
f 2670/6883/708 2669/6880/708 6333/6887/708 6332/6890/708
f 2671/6893/881 6332/6890/708 6331/6889/708 2672/6892/881
f 6335/6894/882 6336/6895/882 6334/6896/882 6340/6897/882
f 6337/6898/882 6338/6899/882 6334/6896/882 6336/6895/882
f 6339/6900/882 6340/6897/882 6334/6896/882 6338/6899/882
f 239/5235/882 2676/6901/882 6335/6894/882 2305/5236/882
f 2676/6901/882 2675/6902/882 6336/6895/882 6335/6894/882
f 2305/5236/882 6335/6894/882 6340/6897/882 2306/5238/882
f 278/6881/879 2671/6893/881 6337/6898/882 2674/6903/882
f 2671/6893/881 2672/6892/881 6338/6899/882 6337/6898/882
f 2674/6903/882 6337/6898/882 6336/6895/882 2675/6902/882
f 237/5205/880 2307/5239/882 6339/6900/882 2673/6891/881
f 2307/5239/882 2306/5238/882 6340/6897/882 6339/6900/882
f 2673/6891/881 6339/6900/882 6338/6899/882 2672/6892/881
f 6342/6904/708 6343/6905/708 6341/6906/708 6347/6907/708
f 6344/6908/708 6345/6909/708 6341/6906/708 6343/6905/708
f 6346/6910/708 6347/6907/708 6341/6906/708 6345/6909/708
f 278/6881/879 1294/6911/708 6342/6904/708 1293/6882/708
f 1294/6911/708 1295/6912/708 6343/6905/708 6342/6904/708
f 1293/6882/708 6342/6904/708 6347/6907/708 1292/6878/708
f 279/6913/708 1299/6914/708 6344/6908/708 1296/6915/708
f 1299/6914/708 1298/6916/708 6345/6909/708 6344/6908/708
f 1296/6915/708 6344/6908/708 6343/6905/708 1295/6912/708
f 277/6853/708 1291/6877/708 6346/6910/708 1297/6917/708
f 1291/6877/708 1292/6878/708 6347/6907/708 6346/6910/708
f 1297/6917/708 6346/6910/708 6345/6909/708 1298/6916/708
f 6349/6918/708 6350/6919/708 6348/6920/708 6354/6921/708
f 6351/6922/708 6352/6923/708 6348/6920/708 6350/6919/708
f 6353/6924/708 6354/6921/708 6348/6920/708 6352/6923/708
f 280/6925/708 1305/6926/708 6349/6918/708 1302/6927/708
f 1305/6926/708 1304/6928/708 6350/6919/708 6349/6918/708
f 1302/6927/708 6349/6918/708 6354/6921/708 1301/6929/708
f 277/6853/708 1297/6917/708 6351/6922/708 1303/6930/708
f 1297/6917/708 1298/6916/708 6352/6923/708 6351/6922/708
f 1303/6930/708 6351/6922/708 6350/6919/708 1304/6928/708
f 279/6913/708 1300/6931/708 6353/6924/708 1299/6914/708
f 1300/6931/708 1301/6929/708 6354/6921/708 6353/6924/708
f 1299/6914/708 6353/6924/708 6352/6923/708 1298/6916/708
f 6356/6932/708 6357/6933/708 6355/6934/708 6361/6935/708
f 6358/6936/708 6359/6937/708 6355/6934/708 6357/6933/708
f 6360/6938/708 6361/6935/708 6355/6934/708 6359/6937/708
f 281/6939/708 1311/6940/708 6356/6932/708 1308/6941/708
f 1311/6940/708 1310/6942/708 6357/6933/708 6356/6932/708
f 1308/6941/708 6356/6932/708 6361/6935/708 1307/6943/708
f 277/6853/708 1303/6930/708 6358/6936/708 1309/6944/708
f 1303/6930/708 1304/6928/708 6359/6937/708 6358/6936/708
f 1309/6944/708 6358/6936/708 6357/6933/708 1310/6942/708
f 280/6925/708 1306/6945/708 6360/6938/708 1305/6926/708
f 1306/6945/708 1307/6943/708 6361/6935/708 6360/6938/708
f 1305/6926/708 6360/6938/708 6359/6937/708 1304/6928/708
f 6363/6946/708 6364/6947/708 6362/6948/708 6368/6949/708
f 6365/6950/708 6366/6951/708 6362/6948/708 6364/6947/708
f 6367/6952/708 6368/6949/708 6362/6948/708 6366/6951/708
f 281/6939/708 1308/6941/708 6363/6946/708 2677/6953/708
f 1308/6941/708 1307/6943/708 6364/6947/708 6363/6946/708
f 2677/6953/708 6363/6946/708 6368/6949/708 2678/6954/708
f 280/6925/708 2680/6955/708 6365/6950/708 1306/6945/708
f 2680/6955/708 2681/6956/708 6366/6951/708 6365/6950/708
f 1306/6945/708 6365/6950/708 6364/6947/708 1307/6943/708
f 245/5383/708 2679/6957/708 6367/6952/708 2682/6958/708
f 2679/6957/708 2678/6954/708 6368/6949/708 6367/6952/708
f 2682/6958/708 6367/6952/708 6366/6951/708 2681/6956/708
f 6370/6959/708 6371/6960/708 6369/6961/708 6375/6962/708
f 6372/6963/708 6373/6964/708 6369/6961/708 6371/6960/708
f 6374/6965/708 6375/6962/708 6369/6961/708 6373/6964/708
f 114/6966/708 2688/6967/708 6370/6959/708 2685/6968/708
f 2688/6967/708 2687/6969/708 6371/6960/708 6370/6959/708
f 2685/6968/708 6370/6959/708 6375/6962/708 2684/6970/708
f 281/6939/708 2677/6953/708 6372/6963/708 2686/6971/708
f 2677/6953/708 2678/6954/708 6373/6964/708 6372/6963/708
f 2686/6971/708 6372/6963/708 6371/6960/708 2687/6969/708
f 245/5383/708 2683/6972/708 6374/6965/708 2679/6957/708
f 2683/6972/708 2684/6970/708 6375/6962/708 6374/6965/708
f 2679/6957/708 6374/6965/708 6373/6964/708 2678/6954/708
f 6377/6973/708 6378/6974/708 6376/6975/708 6382/6976/708
f 6379/6977/708 6380/6978/708 6376/6975/708 6378/6974/708
f 6381/6979/708 6382/6976/708 6376/6975/708 6380/6978/708
f 245/5383/708 2355/5385/708 6377/6973/708 2683/6972/708
f 2355/5385/708 2354/5381/708 6378/6974/708 6377/6973/708
f 2683/6972/708 6377/6973/708 6382/6976/708 2684/6970/708
f 233/5378/708 2691/6980/708 6379/6977/708 2353/5379/708
f 2691/6980/708 2690/6981/708 6380/6978/708 6379/6977/708
f 2353/5379/708 6379/6977/708 6378/6974/708 2354/5381/708
f 114/6966/708 2685/6968/708 6381/6979/708 2689/6982/708
f 2685/6968/708 2684/6970/708 6382/6976/708 6381/6979/708
f 2689/6982/708 6381/6979/708 6380/6978/708 2690/6981/708
f 6384/6983/708 6385/6984/708 6383/6985/708 6389/6986/708
f 6386/6987/708 6387/6988/708 6383/6985/708 6385/6984/708
f 6388/6989/708 6389/6986/708 6383/6985/708 6387/6988/708
f 282/6990/708 2697/6991/708 6384/6983/708 2694/6992/708
f 2697/6991/708 2696/6993/708 6385/6984/708 6384/6983/708
f 2694/6992/708 6384/6983/708 6389/6986/708 2693/6994/708
f 114/6966/708 2689/6982/708 6386/6987/708 2695/6995/708
f 2689/6982/708 2690/6981/708 6387/6988/708 6386/6987/708
f 2695/6995/708 6386/6987/708 6385/6984/708 2696/6993/708
f 233/5378/708 2692/6996/708 6388/6989/708 2691/6980/708
f 2692/6996/708 2693/6994/708 6389/6986/708 6388/6989/708
f 2691/6980/708 6388/6989/708 6387/6988/708 2690/6981/708
f 6391/6997/708 6392/6998/708 6390/6999/708 6396/7000/708
f 6393/7001/708 6394/7002/708 6390/6999/708 6392/6998/708
f 6395/7003/708 6396/7000/708 6390/6999/708 6394/7002/708
f 114/6966/708 2695/6995/708 6391/6997/708 781/7004/708
f 2695/6995/708 2696/6993/708 6392/6998/708 6391/6997/708
f 781/7004/708 6391/6997/708 6396/7000/708 782/7005/708
f 282/6990/708 2698/7006/708 6393/7001/708 2697/6991/708
f 2698/7006/708 2699/7007/708 6394/7002/708 6393/7001/708
f 2697/6991/708 6393/7001/708 6392/6998/708 2696/6993/708
f 116/7008/708 783/7009/708 6395/7003/708 2700/7010/708
f 783/7009/708 782/7005/708 6396/7000/708 6395/7003/708
f 2700/7010/708 6395/7003/708 6394/7002/708 2699/7007/708
f 6398/7011/708 6399/7012/708 6397/7013/708 6403/7014/708
f 6400/7015/708 6401/7016/708 6397/7013/708 6399/7012/708
f 6402/7017/708 6403/7014/708 6397/7013/708 6401/7016/708
f 233/5378/708 1144/7018/708 6398/7011/708 2692/6996/708
f 1144/7018/708 1145/7019/708 6399/7012/708 6398/7011/708
f 2692/6996/708 6398/7011/708 6403/7014/708 2693/6994/708
f 234/7020/708 2703/7021/708 6400/7015/708 1146/7022/708
f 2703/7021/708 2702/7023/708 6401/7016/708 6400/7015/708
f 1146/7022/708 6400/7015/708 6399/7012/708 1145/7019/708
f 282/6990/708 2694/6992/708 6402/7017/708 2701/7024/708
f 2694/6992/708 2693/6994/708 6403/7014/708 6402/7017/708
f 2701/7024/708 6402/7017/708 6401/7016/708 2702/7023/708
f 6405/7025/883 6406/7026/883 6404/7027/883 6410/7028/883
f 6407/7029/883 6408/7030/883 6404/7027/883 6406/7026/883
f 6409/7031/883 6410/7028/883 6404/7027/883 6408/7030/883
f 281/6939/884 2707/7032/885 6405/7025/883 2704/7033/886
f 2707/7032/885 2708/7034/885 6406/7026/883 6405/7025/883
f 2704/7033/886 6405/7025/883 6410/7028/883 2705/7035/886
f 86/7036/887 666/7037/883 6407/7029/883 2709/7038/885
f 666/7037/883 665/7039/883 6408/7030/883 6407/7029/883
f 2709/7038/885 6407/7029/883 6406/7026/883 2708/7034/885
f 81/7040/888 2706/7041/886 6409/7031/883 664/7042/883
f 2706/7041/886 2705/7035/886 6410/7028/883 6409/7031/883
f 664/7042/883 6409/7031/883 6408/7030/883 665/7039/883
f 6412/7043/889 6413/7044/889 6411/7045/889 6417/7046/889
f 6414/7047/889 6415/7048/889 6411/7045/889 6413/7044/889
f 6416/7049/889 6417/7046/889 6411/7045/889 6415/7048/889
f 81/7040/888 640/7050/889 6412/7043/889 2706/7041/886
f 640/7050/889 641/7051/889 6413/7044/889 6412/7043/889
f 2706/7041/886 6412/7043/889 6417/7046/889 2705/7035/886
f 83/7052/890 2712/7053/891 6414/7047/889 642/7054/889
f 2712/7053/891 2711/7055/891 6415/7048/889 6414/7047/889
f 642/7054/889 6414/7047/889 6413/7044/889 641/7051/889
f 281/6939/884 2704/7033/886 6416/7049/889 2710/7056/891
f 2704/7033/886 2705/7035/886 6417/7046/889 6416/7049/889
f 2710/7056/891 6416/7049/889 6415/7048/889 2711/7055/891
f 6419/7057/892 6420/7058/892 6418/7059/892 6424/7060/892
f 6421/7061/892 6422/7062/892 6418/7059/892 6420/7058/892
f 6423/7063/892 6424/7060/892 6418/7059/892 6422/7062/892
f 277/6853/893 1309/6944/892 6419/7057/892 2715/7064/894
f 1309/6944/892 1310/6942/892 6420/7058/892 6419/7057/892
f 2715/7064/894 6419/7057/892 6424/7060/892 2714/7065/894
f 281/6939/884 2710/7056/891 6421/7061/892 1311/6940/892
f 2710/7056/891 2711/7055/891 6422/7062/892 6421/7061/892
f 1311/6940/892 6421/7061/892 6420/7058/892 1310/6942/892
f 83/7052/890 2713/7066/894 6423/7063/892 2712/7053/891
f 2713/7066/894 2714/7065/894 6424/7060/892 6423/7063/892
f 2712/7053/891 6423/7063/892 6422/7062/892 2711/7055/891
f 6426/7067/895 6427/7068/895 6425/7069/895 6431/7070/895
f 6428/7071/895 6429/7072/895 6425/7069/895 6427/7068/895
f 6430/7073/895 6431/7070/895 6425/7069/895 6429/7072/895
f 83/7052/890 2716/7074/896 6426/7067/895 2713/7066/894
f 2716/7074/896 2717/7075/896 6427/7068/895 6426/7067/895
f 2713/7066/894 6426/7067/895 6431/7070/895 2714/7065/894
f 274/6764/897 1288/6858/895 6428/7071/895 2718/7076/896
f 1288/6858/895 1289/6856/895 6429/7072/895 6428/7071/895
f 2718/7076/896 6428/7071/895 6427/7068/895 2717/7075/896
f 277/6853/893 2715/7064/894 6430/7073/895 1290/6854/895
f 2715/7064/894 2714/7065/894 6431/7070/895 6430/7073/895
f 1290/6854/895 6430/7073/895 6429/7072/895 1289/6856/895
f 6433/7077/898 6434/7078/898 6432/7079/898 6438/7080/898
f 6435/7081/898 6436/7082/898 6432/7079/898 6434/7078/898
f 6437/7083/898 6438/7080/898 6432/7079/898 6436/7082/898
f 274/6764/897 2718/7076/896 6433/7077/898 2719/7084/899
f 2718/7076/896 2717/7075/896 6434/7078/898 6433/7077/898
f 2719/7084/899 6433/7077/898 6438/7080/898 2720/7085/899
f 83/7052/890 2086/7086/898 6435/7081/898 2716/7074/896
f 2086/7086/898 2087/7087/898 6436/7082/898 6435/7081/898
f 2716/7074/896 6435/7081/898 6434/7078/898 2717/7075/896
f 214/7088/900 2721/7089/899 6437/7083/898 2088/7090/898
f 2721/7089/899 2720/7085/899 6438/7080/898 6437/7083/898
f 2088/7090/898 6437/7083/898 6436/7082/898 2087/7087/898
f 6440/7091/901 6441/7092/901 6439/7093/901 6445/7094/901
f 6442/7095/901 6443/7096/901 6439/7093/901 6441/7092/901
f 6444/7097/901 6445/7094/901 6439/7093/901 6443/7096/901
f 214/7088/900 2722/7098/902 6440/7091/901 2721/7089/899
f 2722/7098/902 2723/7099/902 6441/7092/901 6440/7091/901
f 2721/7089/899 6440/7091/901 6445/7094/901 2720/7085/899
f 275/6791/903 1287/6793/901 6442/7095/901 2724/7100/902
f 1287/6793/901 1286/6795/901 6443/7096/901 6442/7095/901
f 2724/7100/902 6442/7095/901 6441/7092/901 2723/7099/902
f 274/6764/897 2719/7084/899 6444/7097/901 1285/6797/901
f 2719/7084/899 2720/7085/899 6445/7094/901 6444/7097/901
f 1285/6797/901 6444/7097/901 6443/7096/901 1286/6795/901
f 6447/7101/904 6448/7102/904 6446/7103/904 6452/7104/904
f 6449/7105/904 6450/7106/904 6446/7103/904 6448/7102/904
f 6451/7107/904 6452/7104/904 6446/7103/904 6450/7106/904
f 275/6791/903 2724/7100/902 6447/7101/904 2725/7108/905
f 2724/7100/902 2723/7099/902 6448/7102/904 6447/7101/904
f 2725/7108/905 6447/7101/904 6452/7104/904 2726/7109/905
f 214/7088/900 2263/7110/904 6449/7105/904 2722/7098/902
f 2263/7110/904 2264/7111/904 6450/7106/904 6449/7105/904
f 2722/7098/902 6449/7105/904 6448/7102/904 2723/7099/902
f 230/7112/906 2727/7113/905 6451/7107/904 2265/7114/904
f 2727/7113/905 2726/7109/905 6452/7104/904 6451/7107/904
f 2265/7114/904 6451/7107/904 6450/7106/904 2264/7111/904
f 6454/7115/907 6455/7116/907 6453/7117/907 6459/7118/907
f 6456/7119/907 6457/7120/907 6453/7117/907 6455/7116/907
f 6458/7121/907 6459/7118/907 6453/7117/907 6457/7120/907
f 230/7112/906 1138/7122/907 6454/7115/907 2727/7113/905
f 1138/7122/907 1139/7123/907 6455/7116/907 6454/7115/907
f 2727/7113/905 6454/7115/907 6459/7118/907 2726/7109/905
f 231/6817/907 2649/6819/907 6456/7119/907 1140/7124/907
f 2649/6819/907 2648/6816/907 6457/7120/907 6456/7119/907
f 1140/7124/907 6456/7119/907 6455/7116/907 1139/7123/907
f 275/6791/903 2725/7108/905 6458/7121/907 2647/6815/907
f 2725/7108/905 2726/7109/905 6459/7118/907 6458/7121/907
f 2647/6815/907 6458/7121/907 6457/7120/907 2648/6816/907
f 6461/7125/908 6462/7126/908 6460/7127/908 6466/7128/908
f 6463/7129/908 6464/7130/908 6460/7127/908 6462/7126/908
f 6465/7131/908 6466/7128/908 6460/7127/908 6464/7130/908
f 232/7132/640 1143/7133/639 6461/7125/908 2728/7134/908
f 1143/7133/639 1142/7135/639 6462/7126/908 6461/7125/908
f 2728/7134/908 6461/7125/908 6466/7128/908 2729/7136/908
f 230/7112/638 2272/7137/908 6463/7129/908 1141/7138/639
f 2272/7137/908 2273/7139/908 6464/7130/908 6463/7129/908
f 1141/7138/639 6463/7129/908 6462/7126/908 1142/7135/639
f 235/7140/908 2730/7141/908 6465/7131/908 2274/7142/908
f 2730/7141/908 2729/7136/908 6466/7128/908 6465/7131/908
f 2274/7142/908 6465/7131/908 6464/7130/908 2273/7139/908
f 6468/7143/909 6469/7144/909 6467/7145/909 6473/7146/909
f 6470/7147/909 6471/7148/909 6467/7145/909 6469/7144/909
f 6472/7149/909 6473/7146/909 6467/7145/909 6471/7148/909
f 86/7036/887 2709/7038/885 6468/7143/909 2731/7150/910
f 2709/7038/885 2708/7034/885 6469/7144/909 6468/7143/909
f 2731/7150/910 6468/7143/909 6473/7146/909 2732/7151/910
f 281/6939/884 2686/6971/909 6470/7147/909 2707/7032/885
f 2686/6971/909 2687/6969/909 6471/7148/909 6470/7147/909
f 2707/7032/885 6470/7147/909 6469/7144/909 2708/7034/885
f 114/6966/207 2733/7152/910 6472/7149/909 2688/6967/909
f 2733/7152/910 2732/7151/910 6473/7146/909 6472/7149/909
f 2688/6967/909 6472/7149/909 6471/7148/909 2687/6969/909
f 6475/7153/911 6476/7154/911 6474/7155/911 6480/7156/911
f 6477/7157/911 6478/7158/911 6474/7155/911 6476/7154/911
f 6479/7159/911 6480/7156/911 6474/7155/911 6478/7158/911
f 115/7160/205 2736/7161/912 6475/7153/911 780/7162/206
f 2736/7161/912 2735/7163/912 6476/7154/911 6475/7153/911
f 780/7162/206 6475/7153/911 6480/7156/911 779/7164/206
f 86/7036/887 2731/7150/910 6477/7157/911 2734/7165/912
f 2731/7150/910 2732/7151/910 6478/7158/911 6477/7157/911
f 2734/7165/912 6477/7157/911 6476/7154/911 2735/7163/912
f 114/6966/207 778/7166/206 6479/7159/911 2733/7152/910
f 778/7166/206 779/7164/206 6480/7156/911 6479/7159/911
f 2733/7152/910 6479/7159/911 6478/7158/911 2732/7151/910
f 6482/7167/913 6483/7168/913 6481/7169/913 6487/7170/913
f 6484/7171/913 6485/7172/913 6481/7169/913 6483/7168/913
f 6486/7173/913 6487/7170/913 6481/7169/913 6485/7172/913
f 86/7036/887 2734/7165/912 6482/7167/913 676/7174/913
f 2734/7165/912 2735/7163/912 6483/7168/913 6482/7167/913
f 676/7174/913 6482/7167/913 6487/7170/913 677/7175/913
f 115/7160/205 2737/7176/913 6484/7171/913 2736/7161/912
f 2737/7176/913 2738/7177/913 6485/7172/913 6484/7171/913
f 2736/7161/912 6484/7171/913 6483/7168/913 2735/7163/912
f 88/7178/913 678/7179/913 6486/7173/913 2739/7180/913
f 678/7179/913 677/7175/913 6487/7170/913 6486/7173/913
f 2739/7180/913 6486/7173/913 6485/7172/913 2738/7177/913
f 6489/7181/914 6490/7182/914 6488/7183/914 6494/7184/914
f 6491/7185/914 6492/7186/914 6488/7183/914 6490/7182/914
f 6493/7187/914 6494/7184/914 6488/7183/914 6492/7186/914
f 279/6913/915 2743/7188/916 6489/7181/914 2740/7189/917
f 2743/7188/916 2744/7190/916 6490/7182/914 6489/7181/914
f 2740/7189/917 6489/7181/914 6494/7184/914 2741/7191/917
f 197/7192/918 1065/7193/914 6491/7185/914 2745/7194/916
f 1065/7193/914 1064/7195/914 6492/7186/914 6491/7185/914
f 2745/7194/916 6491/7185/914 6490/7182/914 2744/7190/916
f 196/7196/919 2742/7197/917 6493/7187/914 1063/7198/914
f 2742/7197/917 2741/7191/917 6494/7184/914 6493/7187/914
f 1063/7198/914 6493/7187/914 6492/7186/914 1064/7195/914
f 6496/7199/920 6497/7200/920 6495/7201/920 6501/7202/920
f 6498/7203/920 6499/7204/920 6495/7201/920 6497/7200/920
f 6500/7205/920 6501/7202/920 6495/7201/920 6499/7204/920
f 197/7192/918 2745/7194/916 6496/7199/920 2746/7206/921
f 2745/7194/916 2744/7190/916 6497/7200/920 6496/7199/920
f 2746/7206/921 6496/7199/920 6501/7202/920 2747/7207/921
f 279/6913/915 1296/6915/920 6498/7203/920 2743/7188/916
f 1296/6915/920 1295/6912/920 6499/7204/920 6498/7203/920
f 2743/7188/916 6498/7203/920 6497/7200/920 2744/7190/916
f 278/6881/922 2748/7208/921 6500/7205/920 1294/6911/920
f 2748/7208/921 2747/7207/921 6501/7202/920 6500/7205/920
f 1294/6911/920 6500/7205/920 6499/7204/920 1295/6912/920
f 6503/7209/923 6504/7210/923 6502/7211/923 6508/7212/923
f 6505/7213/923 6506/7214/923 6502/7211/923 6504/7210/923
f 6507/7215/923 6508/7212/923 6502/7211/923 6506/7214/923
f 62/5317/691 2749/7216/924 6503/7209/923 2338/5338/696
f 2749/7216/924 2750/7217/924 6504/7210/923 6503/7209/923
f 2338/5338/696 6503/7209/923 6508/7212/923 2339/5339/696
f 241/5293/686 2635/6778/923 6505/7213/923 2751/7218/924
f 2635/6778/923 2636/6779/923 6506/7214/923 6505/7213/923
f 2751/7218/924 6505/7213/923 6504/7210/923 2750/7217/924
f 243/5340/697 2340/5342/696 6507/7215/923 2637/6782/923
f 2340/5342/696 2339/5339/696 6508/7212/923 6507/7215/923
f 2637/6782/923 6507/7215/923 6506/7214/923 2636/6779/923
f 6510/7219/925 6511/7220/925 6509/7221/925 6515/7222/925
f 6512/7223/925 6513/7224/925 6509/7221/925 6511/7220/925
f 6514/7225/925 6515/7222/925 6509/7221/925 6513/7224/925
f 62/5317/691 604/7226/925 6510/7219/925 2749/7216/924
f 604/7226/925 605/7227/925 6511/7220/925 6510/7219/925
f 2749/7216/924 6510/7219/925 6515/7222/925 2750/7217/924
f 72/5297/688 2325/5299/687 6512/7223/925 606/7228/925
f 2325/5299/687 2324/5296/687 6513/7224/925 6512/7223/925
f 606/7228/925 6512/7223/925 6511/7220/925 605/7227/925
f 241/5293/686 2751/7218/924 6514/7225/925 2323/5294/687
f 2751/7218/924 2750/7217/924 6515/7222/925 6514/7225/925
f 2323/5294/687 6514/7225/925 6513/7224/925 2324/5296/687
f 6517/7229/926 6518/7230/926 6516/7231/927 6522/7232/927
f 6519/7233/927 6520/7234/927 6516/7231/927 6518/7230/926
f 6521/7235/927 6522/7232/927 6516/7231/927 6520/7234/927
f 194/7236/644 2238/7237/645 6517/7229/926 1951/7238/927
f 2238/7237/645 2237/7239/643 6518/7230/926 6517/7229/926
f 1951/7238/927 6517/7229/926 6522/7232/927 1952/7240/927
f 233/5378/642 2359/5397/706 6519/7233/927 2236/7241/643
f 2359/5397/706 2360/5398/706 6520/7234/927 6519/7233/927
f 2236/7241/643 6519/7233/927 6518/7230/926 2237/7239/643
f 131/5401/707 1953/7242/927 6521/7235/927 2361/5402/706
f 1953/7242/927 1952/7240/927 6522/7232/927 6521/7235/927
f 2361/5402/706 6521/7235/927 6520/7234/927 2360/5398/706
f 6524/7243/928 6525/7244/928 6523/7245/928 6529/7246/928
f 6526/7247/928 6527/7248/928 6523/7245/928 6525/7244/928
f 6528/7249/928 6529/7246/928 6523/7245/928 6527/7248/928
f 195/7250/929 2755/7251/930 6524/7243/928 2752/7252/931
f 2755/7251/930 2756/7253/930 6525/7244/928 6524/7243/928
f 2752/7252/931 6524/7243/928 6529/7246/928 2753/7254/931
f 245/5383/702 2682/6958/928 6526/7247/928 2757/7255/930
f 2682/6958/928 2681/6956/928 6527/7248/928 6526/7247/928
f 2757/7255/930 6526/7247/928 6525/7244/928 2756/7253/930
f 280/6925/932 2754/7256/931 6528/7249/928 2680/6955/928
f 2754/7256/931 2753/7254/931 6529/7246/928 6528/7249/928
f 2680/6955/928 6528/7249/928 6527/7248/928 2681/6956/928
f 6531/7257/933 6532/7258/933 6530/7259/933 6536/7260/933
f 6533/7261/933 6534/7262/933 6530/7259/933 6532/7258/933
f 6535/7263/933 6536/7260/933 6530/7259/933 6534/7262/933
f 245/5383/702 2757/7255/930 6531/7257/933 2356/5384/703
f 2757/7255/930 2756/7253/930 6532/7258/933 6531/7257/933
f 2356/5384/703 6531/7257/933 6536/7260/933 2357/5386/703
f 195/7250/929 1954/7264/933 6533/7261/933 2755/7251/930
f 1954/7264/933 1955/7265/933 6534/7262/933 6533/7261/933
f 2755/7251/930 6533/7261/933 6532/7258/933 2756/7253/930
f 129/5387/704 2358/5389/703 6535/7263/933 1956/7266/933
f 2358/5389/703 2357/5386/703 6536/7260/933 6535/7263/933
f 1956/7266/933 6535/7263/933 6534/7262/933 1955/7265/933
f 6538/7267/934 6539/7268/934 6537/7269/934 6543/7270/934
f 6540/7271/934 6541/7272/934 6537/7269/934 6539/7268/934
f 6542/7273/934 6543/7270/934 6537/7269/934 6541/7272/934
f 195/7250/929 2758/7274/935 6538/7267/934 1969/7275/934
f 2758/7274/935 2759/7276/935 6539/7268/934 6538/7267/934
f 1969/7275/934 6538/7267/934 6543/7270/934 1970/7277/934
f 279/6913/915 2740/7189/917 6540/7271/934 2760/7278/935
f 2740/7189/917 2741/7191/917 6541/7272/934 6540/7271/934
f 2760/7278/935 6540/7271/934 6539/7268/934 2759/7276/935
f 196/7196/919 1971/7279/934 6542/7273/934 2742/7197/917
f 1971/7279/934 1970/7277/934 6543/7270/934 6542/7273/934
f 2742/7197/917 6542/7273/934 6541/7272/934 2741/7191/917
f 6545/7280/936 6546/7281/936 6544/7282/936 6550/7283/936
f 6547/7284/936 6548/7285/936 6544/7282/936 6546/7281/936
f 6549/7286/936 6550/7283/936 6544/7282/936 6548/7285/936
f 279/6913/915 2760/7278/935 6545/7280/936 1300/6931/936
f 2760/7278/935 2759/7276/935 6546/7281/936 6545/7280/936
f 1300/6931/936 6545/7280/936 6550/7283/936 1301/6929/936
f 195/7250/929 2752/7252/931 6547/7284/936 2758/7274/935
f 2752/7252/931 2753/7254/931 6548/7285/936 6547/7284/936
f 2758/7274/935 6547/7284/936 6546/7281/936 2759/7276/935
f 280/6925/932 1302/6927/936 6549/7286/936 2754/7256/931
f 1302/6927/936 1301/6929/936 6550/7283/936 6549/7286/936
f 2754/7256/931 6549/7286/936 6548/7285/936 2753/7254/931
f 6552/7287/937 6553/7288/937 6551/7289/937 6557/7290/937
f 6554/7291/937 6555/7292/937 6551/7289/937 6553/7288/937
f 6556/7293/937 6557/7290/937 6551/7289/937 6555/7292/937
f 2/5249/675 1983/7294/937 6552/7287/937 2310/5250/676
f 1983/7294/937 1982/7295/937 6553/7288/937 6552/7287/937
f 2310/5250/676 6552/7287/937 6557/7290/937 2309/5252/676
f 197/7192/918 2761/7296/938 6554/7291/937 1981/7297/937
f 2761/7296/938 2762/7298/938 6555/7292/937 6554/7291/937
f 1981/7297/937 6554/7291/937 6553/7288/937 1982/7295/937
f 239/5235/673 2308/5253/676 6556/7293/937 2763/7299/938
f 2308/5253/676 2309/5252/676 6557/7290/937 6556/7293/937
f 2763/7299/938 6556/7293/937 6555/7292/937 2762/7298/938
f 6559/7300/939 6560/7301/939 6558/7302/939 6564/7303/939
f 6561/7304/939 6562/7305/939 6558/7302/939 6560/7301/939
f 6563/7306/939 6564/7303/939 6558/7302/939 6562/7305/939
f 278/6881/922 2674/6903/939 6559/7300/939 2748/7208/921
f 2674/6903/939 2675/6902/939 6560/7301/939 6559/7300/939
f 2748/7208/921 6559/7300/939 6564/7303/939 2747/7207/921
f 239/5235/673 2763/7299/938 6561/7304/939 2676/6901/939
f 2763/7299/938 2762/7298/938 6562/7305/939 6561/7304/939
f 2676/6901/939 6561/7304/939 6560/7301/939 2675/6902/939
f 197/7192/918 2746/7206/921 6563/7306/939 2761/7296/938
f 2746/7206/921 2747/7207/921 6564/7303/939 6563/7306/939
f 2761/7296/938 6563/7306/939 6562/7305/939 2762/7298/938
