# Blender 5.2.0 LTS
# www.blender.org
mtllib glass ropes.mtl
o RenderMesh_87127434278076
v 0.046343 -1.796527 0.046343
v 0.044942 -1.796799 0.044942
v 0.000000 -1.747611 0.068350
v 0.000002 -1.745613 0.068269
v 0.048331 -1.747611 0.048331
v 0.048274 -1.745613 0.048274
v 0.068350 -1.747611 0.000000
v 0.068269 -1.745613 0.000003
v 0.000000 -1.796527 0.065538
v 0.000001 -1.796798 0.063557
v -0.046342 -1.796527 0.046343
v -0.044941 -1.796799 0.044942
v -0.048330 -1.747611 0.048331
v -0.048273 -1.745613 0.048274
v 0.000000 -1.845441 0.081602
v -0.000000 -1.847395 0.082028
v 0.057702 -1.845441 0.057702
v 0.058003 -1.847395 0.058003
v 0.081602 -1.845441 0.000000
v 0.082027 -1.847395 0.000000
v -0.057701 -1.845441 0.057702
v -0.058002 -1.847395 0.058003
v -0.068349 -1.747611 0.000000
v -0.068268 -1.745613 0.000000
v -0.081602 -1.845441 0.000000
v -0.082027 -1.847395 0.000000
v -0.065538 -1.796527 0.000000
v -0.063556 -1.796798 0.000001
v 0.065538 -1.796527 0.000000
v 0.063556 -1.796798 0.000001
v 0.046343 -1.796527 -0.046342
v 0.044942 -1.796799 -0.044941
v 0.057701 -1.845441 -0.057701
v 0.058002 -1.847395 -0.058002
v 0.048331 -1.747611 -0.048330
v 0.048274 -1.745613 -0.048273
v 0.000000 -1.845441 -0.081601
v 0.000001 -1.847395 -0.082026
v 0.000000 -1.747611 -0.068349
v 0.000000 -1.745613 -0.068268
v 0.000000 -1.796527 -0.065538
v 0.000001 -1.796798 -0.063556
v -0.046342 -1.796527 -0.046342
v -0.044941 -1.796799 -0.044941
v -0.057701 -1.845441 -0.057701
v -0.058002 -1.847395 -0.058002
v -0.048330 -1.747611 -0.048330
v -0.048273 -1.745613 -0.048273
v 0.047212 -1.648257 0.052861
v 0.047494 -1.646285 0.052685
v 0.000000 -1.689733 0.064375
v 0.000000 -1.689634 0.062378
v 0.000000 -1.643180 0.073161
v 0.000002 -1.641183 0.073269
v -0.047211 -1.648257 0.052861
v -0.047494 -1.646285 0.052685
v 0.043624 -1.694425 0.045618
v 0.042197 -1.694377 0.044218
v 0.066767 -1.660518 0.003852
v 0.066774 -1.658574 0.003385
v 0.000000 -1.732894 0.069158
v 0.000004 -1.734894 0.069175
v -0.043623 -1.694425 0.045618
v -0.042195 -1.694377 0.044218
v -0.066767 -1.660518 0.003852
v -0.066774 -1.658574 0.003385
v 0.049277 -1.738193 0.047969
v 0.049077 -1.740163 0.048249
v -0.049277 -1.738193 0.047969
v -0.049077 -1.740163 0.048249
v 0.061693 -1.705753 0.000334
v 0.059694 -1.705820 0.000349
v 0.047212 -1.672777 -0.045156
v 0.046916 -1.670810 -0.045361
v 0.069689 -1.750990 -0.003184
v 0.069821 -1.752934 -0.002732
v 0.043624 -1.717081 -0.044949
v 0.042216 -1.717262 -0.043540
v 0.000000 -1.677854 -0.065456
v 0.000002 -1.675857 -0.065352
v 0.049277 -1.763785 -0.054337
v 0.049642 -1.765750 -0.054261
v 0.000000 -1.721774 -0.063707
v 0.000000 -1.722005 -0.061720
v 0.000000 -1.769086 -0.075525
v 0.000001 -1.771072 -0.075764
v -0.049277 -1.763785 -0.054337
v -0.049642 -1.765750 -0.054261
v -0.043623 -1.717081 -0.044949
v -0.042215 -1.717262 -0.043540
v -0.047211 -1.672777 -0.045156
v -0.046915 -1.670810 -0.045361
v -0.069688 -1.750990 -0.003184
v -0.069820 -1.752934 -0.002734
v -0.061692 -1.705753 0.000334
v -0.059693 -1.705820 0.000349
v -0.070234 -1.564628 0.001433
v -0.070551 -1.562653 0.001433
v -0.087627 -1.603444 0.001433
v -0.089625 -1.603353 0.001434
v -0.049645 -1.570316 0.051516
v -0.049651 -1.568367 0.051963
v -0.049645 -1.570316 -0.048651
v -0.049651 -1.568367 -0.049098
v -0.061553 -1.610649 0.064859
v -0.062954 -1.610590 0.066285
v 0.000061 -1.584051 0.072262
v 0.000532 -1.582132 0.072573
v -0.061553 -1.610649 -0.061994
v -0.062954 -1.610590 -0.063420
v 0.000061 -1.584051 -0.069397
v 0.000532 -1.582132 -0.069707
v -0.048297 -1.658691 0.050089
v -0.048748 -1.660638 0.050025
v -0.068299 -1.653164 0.001433
v -0.068597 -1.655142 0.001434
v -0.048297 -1.658691 -0.047224
v -0.048748 -1.660638 -0.047160
v 0.001395 -1.628044 0.091131
v 0.001402 -1.628071 0.093131
v -0.000007 -1.672034 0.070243
v -0.000503 -1.673960 0.070456
v 0.049767 -1.597787 0.051516
v 0.050222 -1.595840 0.051458
v 0.001395 -1.628044 -0.088266
v 0.001402 -1.628071 -0.090266
v -0.000007 -1.672034 -0.067378
v -0.000502 -1.673960 -0.067591
v 0.049767 -1.597787 -0.048651
v 0.050222 -1.595840 -0.048593
v 0.064344 -1.645436 0.064859
v 0.065748 -1.645563 0.066277
v 0.048283 -1.685377 0.050089
v 0.048145 -1.687342 0.050434
v 0.090418 -1.652641 0.001432
v 0.092410 -1.652816 0.001433
v 0.070356 -1.603475 0.001432
v 0.070621 -1.601493 0.001432
v 0.068285 -1.690904 0.001432
v 0.068400 -1.692901 0.001432
v 0.048283 -1.685377 -0.047224
v 0.048143 -1.687342 -0.047569
v 0.064344 -1.645436 -0.061994
v 0.065748 -1.645563 -0.063412
v 0.048370 1.817171 -0.048117
v 0.049666 1.817836 -0.049488
v 0.090403 1.773169 0.000946
v 0.092397 1.773325 0.000916
v 0.064174 1.757564 -0.062137
v 0.065580 1.757634 -0.063558
v 0.068054 1.828881 -0.000778
v 0.069910 1.829623 -0.000859
v 0.078370 1.717457 0.002670
v 0.080325 1.717035 0.002667
v 0.055665 1.703948 -0.051936
v 0.057037 1.703469 -0.053311
v 0.055665 1.730965 0.057277
v 0.057057 1.730598 0.058665
v 0.000850 1.751100 -0.088266
v 0.000850 1.751134 -0.090266
v 0.000850 1.812320 -0.067726
v 0.000850 1.812956 -0.069622
v 0.000850 1.698353 -0.074555
v 0.000850 1.697850 -0.076491
v -0.046670 1.817171 -0.048117
v -0.047966 1.817836 -0.049487
v -0.053965 1.703948 -0.051936
v -0.055337 1.703469 -0.053311
v 0.064174 1.788774 0.064029
v 0.065600 1.789020 0.065409
v 0.000850 1.736560 0.079895
v 0.000850 1.736215 0.081865
v 0.048370 1.840590 0.046562
v 0.049700 1.841415 0.047807
v -0.062474 1.757564 -0.062137
v -0.063879 1.757633 -0.063558
v -0.076670 1.717457 0.002670
v -0.078625 1.717035 0.002667
v -0.088703 1.773169 0.000946
v -0.090697 1.773325 0.000916
v -0.066354 1.828881 -0.000778
v -0.068210 1.829623 -0.000859
v -0.053965 1.730965 0.057277
v -0.055357 1.730598 0.058665
v 0.000850 1.795238 0.090159
v 0.000850 1.795524 0.092138
v 0.000850 1.845442 0.066170
v 0.000850 1.846304 0.067974
v -0.046670 1.840590 0.046562
v -0.048000 1.841415 0.047807
v -0.062474 1.788774 0.064029
v -0.063900 1.789020 0.065409
v 0.000850 1.738989 -0.079749
v 0.000851 1.739465 -0.081692
v -0.054795 1.738989 -0.056700
v -0.056180 1.739447 -0.058069
v -0.077843 1.738989 -0.001056
v -0.079799 1.739406 -0.001039
v 0.056494 1.738989 -0.056700
v 0.057879 1.739447 -0.058069
v 0.000850 1.630017 -0.070283
v 0.000851 1.629246 -0.072129
v -0.048304 1.630017 -0.049923
v -0.049622 1.629261 -0.051224
v 0.050003 1.630017 -0.049923
v 0.051322 1.629262 -0.051224
v -0.068664 1.630017 -0.000770
v -0.070533 1.629305 -0.000752
v 0.070363 1.630017 -0.000770
v 0.072232 1.629305 -0.000752
v 0.079543 1.738989 -0.001056
v 0.081499 1.739405 -0.001040
v -0.048304 1.630017 0.048384
v -0.049627 1.629347 0.049725
v -0.054795 1.738989 0.054589
v -0.056176 1.739364 0.055986
v 0.000850 1.630017 0.068744
v 0.000850 1.629365 0.070635
v 0.000850 1.738989 0.077637
v 0.000850 1.739346 0.079605
v 0.050003 1.630017 0.048384
v 0.051326 1.629347 0.049725
v 0.056494 1.738989 0.054589
v 0.057875 1.739364 0.055986
v -0.049461 1.673746 0.050576
v -0.050775 1.674435 0.051917
v -0.069892 1.680881 0.000874
v -0.071766 1.681579 0.000874
v -0.049461 1.673746 -0.048828
v -0.050775 1.674435 -0.050169
v -0.000134 1.656521 0.071163
v -0.000080 1.657188 0.073047
v -0.059560 1.565680 0.000874
v -0.061396 1.564888 0.000874
v -0.000134 1.656521 -0.069415
v -0.000080 1.657188 -0.071300
v -0.042175 1.559608 0.043165
v -0.043545 1.558775 0.044360
v -0.042175 1.559608 -0.041418
v -0.043545 1.558775 -0.042613
v 0.049193 1.639296 0.050575
v 0.050570 1.639940 0.051875
v -0.000202 1.544951 0.060683
v -0.000390 1.544007 0.062436
v 0.069625 1.632161 0.000874
v 0.071522 1.632794 0.000874
v 0.041771 1.530295 0.043165
v 0.042859 1.529219 0.044452
v -0.000202 1.544951 -0.058935
v -0.000390 1.544007 -0.060688
v 0.049193 1.639296 -0.048828
v 0.050570 1.639940 -0.050128
v 0.059156 1.524225 0.000874
v 0.060800 1.523087 0.000875
v 0.041771 1.530295 -0.041418
v 0.042859 1.529219 -0.042706
v 0.041889 1.484957 -0.043040
v 0.043109 1.485795 -0.044385
v 0.078410 1.455871 -0.000158
v 0.080397 1.456102 -0.000157
v 0.055379 1.443251 -0.056794
v 0.056752 1.443410 -0.058240
v 0.059327 1.494512 -0.000158
v 0.061120 1.495397 -0.000158
v 0.041889 1.484956 0.042724
v 0.043109 1.485794 0.044069
v -0.000210 1.461888 -0.060803
v -0.000365 1.462622 -0.062657
v 0.055379 1.443251 0.056478
v 0.056752 1.443410 0.057924
v 0.060191 1.396587 -0.000158
v 0.062103 1.396000 -0.000158
v -0.000210 1.461888 0.060487
v -0.000365 1.462622 0.062341
v 0.042600 1.386949 -0.043417
v 0.044021 1.386326 -0.044680
v 0.042600 1.386949 0.043101
v 0.044021 1.386326 0.044363
v -0.000222 1.412783 -0.080254
v -0.000227 1.412793 -0.082254
v -0.042309 1.438820 -0.043040
v -0.043730 1.439464 -0.044291
v 0.000131 1.363678 -0.061335
v 0.000278 1.362962 -0.063197
v -0.000222 1.412783 0.079937
v -0.000227 1.412793 0.081937
v 0.000131 1.363678 0.061019
v 0.000278 1.362962 0.062880
v -0.042309 1.438820 0.042724
v -0.043730 1.439464 0.043975
v -0.055824 1.382316 -0.056794
v -0.057203 1.382175 -0.058236
v -0.042338 1.340407 -0.043417
v -0.043564 1.339582 -0.044765
v -0.059747 1.429263 -0.000158
v -0.061652 1.429874 -0.000157
v -0.055824 1.382316 0.056478
v -0.057203 1.382174 0.057919
v -0.042337 1.340407 0.043101
v -0.043563 1.339582 0.044448
v -0.078855 1.369694 -0.000158
v -0.080843 1.369479 -0.000158
v -0.059929 1.330768 -0.000158
v -0.061728 1.329893 -0.000158
v -0.088123 1.631930 0.000874
v -0.090123 1.631939 0.000875
v -0.061960 1.622792 0.064518
v -0.063370 1.622761 0.065936
v -0.061960 1.622792 -0.062771
v -0.063370 1.622761 -0.064189
v 0.001205 1.600736 0.090881
v 0.001183 1.600604 0.092876
v 0.064370 1.578680 0.064518
v 0.065743 1.578423 0.065949
v 0.090533 1.569543 0.000874
v 0.092507 1.569223 0.000874
v 0.064370 1.578680 -0.062771
v 0.065743 1.578423 -0.064203
v 0.001205 1.600736 -0.089133
v 0.001182 1.600604 -0.091129
v 0.000850 1.684502 -0.093077
v 0.000850 1.684357 -0.095072
v -0.063005 1.684502 -0.066627
v -0.064408 1.684357 -0.068045
v -0.089455 1.684502 -0.002772
v -0.091450 1.684357 -0.002786
v 0.064705 1.684502 -0.066627
v 0.066108 1.684357 -0.068045
v -0.063005 1.684502 0.061083
v -0.064423 1.684358 0.062486
v 0.000850 1.684502 0.087533
v 0.000850 1.684358 0.089528
v 0.064705 1.684502 0.061083
v 0.066123 1.684358 0.062486
v 0.091155 1.684502 -0.002772
v 0.093150 1.684357 -0.002786
v -0.057546 -1.611756 0.001432
v -0.055547 -1.611708 0.001433
v -0.040283 -1.616526 0.043427
v -0.038864 -1.616480 0.042019
v -0.040283 -1.616526 -0.040562
v -0.038864 -1.616480 -0.039154
v 0.001395 -1.628044 0.060822
v 0.001391 -1.627998 0.058823
v 0.043073 -1.639559 0.043427
v 0.041650 -1.639513 0.042022
v 0.001395 -1.628044 -0.057957
v 0.001391 -1.627998 -0.055957
v 0.060336 -1.644329 0.001432
v 0.058337 -1.644283 0.001432
v 0.043073 -1.639559 -0.040562
v 0.041650 -1.639513 -0.039157
v 0.065887 -1.688645 0.068729
v 0.067328 -1.688564 0.070114
v 0.000000 -1.681558 0.097059
v 0.000002 -1.681451 0.099056
v 0.093178 -1.705753 0.000334
v 0.095177 -1.705709 0.000328
v 0.065887 -1.722863 -0.068060
v 0.067323 -1.722852 -0.069452
v 0.000000 -1.729948 -0.096390
v 0.000002 -1.729959 -0.098390
v -0.065887 -1.722863 -0.068060
v -0.067322 -1.722853 -0.069453
v -0.093178 -1.705753 0.000334
v -0.095177 -1.705709 0.000328
v -0.065887 -1.688645 0.068729
v -0.067328 -1.688563 0.070114
v 0.069994 -1.796527 0.069994
v 0.071401 -1.796329 0.071401
v 0.000000 -1.796527 0.098986
v 0.000001 -1.796329 0.100976
v 0.098986 -1.796527 0.000000
v 0.100976 -1.796329 0.000000
v 0.069994 -1.796527 -0.069993
v 0.071401 -1.796329 -0.071400
v -0.069993 -1.796527 0.069994
v -0.071400 -1.796329 0.071401
v -0.098986 -1.796527 0.000000
v -0.100976 -1.796329 0.000001
v -0.069993 -1.796527 -0.069993
v -0.071400 -1.796329 -0.071400
v 0.000000 -1.796527 -0.098986
v 0.000001 -1.796329 -0.100976
v 0.067869 -1.747610 0.000926
v 0.064222 -1.795664 0.000925
v 0.046066 -1.795664 0.044759
v 0.048645 -1.747610 0.047338
v 0.044759 -1.795664 0.046066
v 0.000924 -1.795664 0.064222
v 0.000925 -1.747610 0.067870
v 0.047338 -1.747610 0.048645
v -0.044933 -1.797620 -0.046249
v -0.056699 -1.845461 -0.058014
v -0.000930 -1.845461 -0.081114
v -0.000930 -1.797619 -0.064476
v -0.046249 -1.797620 -0.044933
v -0.064476 -1.797619 -0.000930
v -0.081115 -1.845461 -0.000930
v -0.058015 -1.845461 -0.056699
v 0.044934 -1.797620 0.046250
v 0.056700 -1.845461 0.058016
v 0.000931 -1.845461 0.081115
v 0.000931 -1.797619 0.064476
v -0.046065 -1.795664 -0.044758
v -0.048644 -1.747610 -0.047337
v -0.067868 -1.747610 -0.000924
v -0.064222 -1.795664 -0.000923
v -0.000931 -1.845461 0.081115
v -0.056699 -1.845461 0.058016
v -0.044933 -1.797620 0.046250
v -0.000930 -1.797619 0.064476
v -0.044758 -1.795664 0.046066
v -0.047337 -1.747610 0.048645
v -0.000923 -1.747610 0.067870
v -0.000924 -1.795664 0.064222
v -0.081115 -1.845461 0.000931
v -0.064476 -1.797619 0.000931
v -0.046249 -1.797620 0.044934
v -0.058015 -1.845461 0.056700
v -0.064222 -1.795664 0.000925
v -0.067868 -1.747610 0.000924
v -0.048644 -1.747610 0.047338
v -0.046065 -1.795664 0.044759
v 0.046250 -1.797620 -0.044933
v 0.058015 -1.845461 -0.056699
v 0.081115 -1.845461 -0.000930
v 0.064476 -1.797619 -0.000930
v 0.067869 -1.747610 -0.000922
v 0.048645 -1.747610 -0.047337
v 0.046066 -1.795664 -0.044758
v 0.064222 -1.795664 -0.000924
v 0.046250 -1.797620 0.044934
v 0.064476 -1.797619 0.000931
v 0.081115 -1.845461 0.000931
v 0.058016 -1.845461 0.056700
v -0.000924 -1.747610 -0.067868
v -0.047337 -1.747610 -0.048643
v -0.044758 -1.795664 -0.046065
v -0.000924 -1.795664 -0.064222
v -0.000928 -1.688786 0.063166
v -0.042068 -1.693313 0.045468
v -0.046358 -1.648161 0.053013
v -0.000927 -1.643278 0.072628
v 0.065196 1.579367 -0.062352
v 0.050495 1.638539 -0.048779
v 0.070511 1.631635 -0.000072
v 0.090805 1.570497 -0.000072
v -0.060434 -1.704528 0.001357
v -0.066282 -1.660336 0.004474
v -0.047654 -1.648557 0.051649
v -0.043374 -1.693596 0.044122
v -0.000913 -1.732997 0.068663
v -0.048115 -1.738068 0.048456
v -0.042108 -1.695310 0.045373
v -0.000916 -1.690778 0.063093
v 0.063828 1.579932 0.065397
v 0.049175 1.638913 0.051869
v 0.000810 1.655583 0.072071
v 0.002065 1.601317 0.091166
v -0.043431 -1.717971 -0.043486
v -0.060500 -1.707027 -0.000666
v -0.069205 -1.751186 -0.003810
v -0.049719 -1.763484 -0.053122
v -0.047353 -1.672589 -0.044319
v -0.066270 -1.660837 0.002577
v -0.060428 -1.704975 -0.000536
v -0.043375 -1.715908 -0.043315
v 0.047354 -1.672589 -0.044319
v 0.043376 -1.715908 -0.043315
v 0.060429 -1.704975 -0.000536
v 0.066270 -1.660837 0.002577
v -0.000916 -1.677759 -0.064970
v -0.046053 -1.672904 -0.045652
v -0.042073 -1.716260 -0.044648
v -0.000917 -1.720788 -0.062359
v 0.058476 -1.845468 -0.057158
v 0.070845 -1.797378 -0.069526
v 0.099258 -1.797378 -0.000931
v 0.081767 -1.845468 -0.000931
v 0.000931 -1.722777 -0.062560
v 0.000932 -1.768990 -0.074997
v 0.048425 -1.763891 -0.054497
v 0.042122 -1.718246 -0.044834
v 0.043432 -1.717971 -0.043486
v 0.049719 -1.763484 -0.053122
v 0.069206 -1.751186 -0.003809
v 0.060501 -1.707027 -0.000666
v 0.066282 -1.660336 0.004474
v 0.060435 -1.704528 0.001357
v 0.043375 -1.693596 0.044122
v 0.047655 -1.648557 0.051649
v 0.060493 -1.706594 0.001227
v 0.069184 -1.750670 -0.001909
v 0.049416 -1.738394 0.047127
v 0.043412 -1.695649 0.044045
v -0.050321 -1.570183 -0.048233
v -0.062366 -1.609561 -0.061437
v -0.087838 -1.602589 0.000512
v -0.070424 -1.564660 0.000512
v 0.000955 -1.728954 -0.096447
v 0.000955 -1.677650 -0.065527
v 0.046470 -1.672754 -0.046046
v 0.065368 -1.722093 -0.068755
v -0.000648 -1.583824 -0.069575
v 0.000393 -1.626786 -0.088429
v -0.061084 -1.609949 -0.062778
v -0.049021 -1.570508 -0.049553
v -0.093311 -1.705094 -0.000509
v -0.066913 -1.660637 0.002644
v -0.047821 -1.672499 -0.044691
v -0.066649 -1.721650 -0.067314
v -0.062377 -1.611441 -0.061500
v -0.049157 -1.658634 -0.046555
v -0.068432 -1.653302 0.000487
v -0.087864 -1.604465 0.000487
v -0.046676 1.840165 0.047889
v -0.061958 1.789928 0.064794
v -0.000073 1.796192 0.090335
v -0.000073 1.844874 0.067124
v 0.000475 -1.628714 -0.088463
v -0.001120 -1.671846 -0.067540
v -0.047840 -1.658942 -0.047894
v -0.061026 -1.611870 -0.062802
v 0.049332 -1.597547 -0.049307
v 0.063771 -1.644232 -0.062827
v 0.002270 -1.627382 -0.088494
v 0.001224 -1.584264 -0.069573
v -0.069863 -1.751233 -0.003884
v -0.093269 -1.706961 -0.000747
v -0.066606 -1.723518 -0.067553
v -0.050181 -1.763654 -0.053690
v 0.000734 -1.672295 -0.067544
v 0.002325 -1.629289 -0.088407
v 0.063799 -1.646130 -0.062752
v 0.047672 -1.685235 -0.048094
v 0.090636 -1.651667 0.000485
v 0.065142 -1.644680 -0.061524
v 0.050656 -1.597842 -0.047960
v 0.070488 -1.603330 0.000485
v -0.088953 1.773953 0.000001
v -0.067280 1.828101 -0.001691
v -0.047976 1.816745 -0.048087
v -0.063308 1.758826 -0.061665
v 0.048970 -1.685560 0.049646
v 0.068466 -1.690928 0.002356
v 0.090531 -1.653493 0.002357
v 0.065072 -1.646516 0.064281
v -0.077478 1.718029 0.001702
v -0.089092 1.772001 0.000028
v -0.063398 1.756846 -0.061757
v -0.055182 1.704909 -0.051904
v -0.055200 1.731570 0.057156
v -0.063425 1.787646 0.063666
v -0.089111 1.772488 0.001867
v -0.077483 1.718453 0.003544
v -0.000091 1.752183 -0.088552
v -0.062005 1.758448 -0.063006
v -0.046647 1.816465 -0.049405
v -0.000091 1.811764 -0.068611
v -0.053874 1.704597 -0.053195
v -0.062088 1.756519 -0.063045
v -0.000070 1.750243 -0.088635
v -0.000070 1.699163 -0.075395
v -0.000084 1.683497 -0.093297
v -0.000084 1.630564 -0.071209
v -0.048284 1.630572 -0.051245
v -0.062524 1.683497 -0.067436
v -0.048719 -1.658573 -0.046102
v -0.040144 -1.617383 -0.039080
v -0.056420 -1.612805 0.000513
v -0.067818 -1.653289 0.000514
v -0.067280 1.828508 0.000162
v -0.088912 1.774461 0.001851
v -0.063284 1.789585 0.063512
v -0.047987 1.839869 0.046591
v -0.062122 1.788008 0.064984
v -0.053885 1.731858 0.058465
v -0.000082 1.737290 0.080670
v -0.000082 1.794288 0.090590
v 0.090811 1.772488 0.001867
v 0.065125 1.787646 0.063666
v 0.056900 1.731570 0.057156
v 0.079183 1.718453 0.003544
v 0.049676 1.816745 -0.048087
v 0.068980 1.828101 -0.001691
v 0.090653 1.773953 0.000001
v 0.065008 1.758827 -0.061665
v -0.000950 -1.682521 0.097152
v -0.065397 -1.689388 0.069445
v -0.048558 -1.738198 0.048872
v -0.000948 -1.733083 0.069254
v 0.048376 1.840165 0.047889
v 0.001773 1.844874 0.067124
v 0.001773 1.796192 0.090335
v 0.063658 1.789928 0.064794
v 0.048970 -1.685560 -0.046781
v 0.065072 -1.646516 -0.061416
v 0.090531 -1.653493 0.000508
v 0.068466 -1.690928 0.000508
v -0.000931 -1.722777 -0.062560
v -0.042121 -1.718246 -0.044834
v -0.048425 -1.763891 -0.054497
v -0.000931 -1.768990 -0.074997
v 0.000918 -1.677759 -0.064970
v 0.000917 -1.720788 -0.062359
v 0.042074 -1.716260 -0.044648
v 0.046054 -1.672904 -0.045652
v -0.000078 1.685405 -0.093452
v -0.062634 1.685405 -0.067542
v -0.054708 1.738243 -0.057946
v -0.000077 1.738251 -0.080575
v 0.051305 1.630629 0.048346
v 0.071271 1.630608 0.000141
v 0.091403 1.683482 -0.001807
v 0.065543 1.683483 0.060635
v -0.055355 1.381767 0.057257
v -0.042400 1.341409 0.044437
v -0.000780 1.363893 0.061965
v -0.001194 1.411144 0.080098
v -0.060492 -1.706594 0.001227
v -0.043411 -1.695649 0.044045
v -0.049416 -1.738394 0.047127
v -0.069183 -1.750670 -0.001910
v 0.042109 -1.695310 0.045373
v 0.048115 -1.738068 0.048456
v 0.000918 -1.732997 0.068663
v 0.000916 -1.690778 0.063093
v -0.088397 1.632740 0.001791
v -0.062818 1.623889 0.064007
v -0.050749 1.673252 0.050560
v -0.070801 1.680161 0.001791
v 0.043206 1.484623 0.042748
v 0.056146 1.444514 0.055914
v 0.078591 1.456681 0.000750
v 0.060298 1.493856 0.000749
v 0.056219 1.442581 0.056065
v 0.043896 1.387792 0.043049
v 0.061068 1.397084 0.000793
v 0.078708 1.454772 0.000794
v 0.000695 1.461683 0.061439
v 0.000758 1.414437 0.080082
v 0.054906 1.443806 0.057250
v 0.041950 1.483964 0.044068
v -0.060633 1.428781 0.000795
v -0.079141 1.370799 0.000795
v -0.056656 1.382991 0.056059
v -0.043616 1.437991 0.042671
v 0.061068 1.397084 -0.001110
v 0.043896 1.387792 -0.043365
v 0.056219 1.442581 -0.056382
v 0.078708 1.454772 -0.001109
v -0.001084 1.413289 -0.080506
v -0.055274 1.383896 -0.057653
v -0.042315 1.438556 -0.044348
v -0.001147 1.460812 -0.061752
v 0.054906 1.443806 -0.057567
v 0.000758 1.414437 -0.080400
v 0.000695 1.461683 -0.061755
v 0.041950 1.483965 -0.044384
v -0.042315 1.438556 0.044032
v -0.055274 1.383896 0.057336
v -0.001084 1.413289 0.080189
v -0.001147 1.460812 0.061436
v 0.042596 1.387225 -0.044722
v 0.001057 1.364766 -0.062279
v 0.000642 1.412284 -0.080516
v 0.054844 1.441682 -0.057660
v 0.000642 1.412284 0.080199
v 0.001057 1.364766 0.061963
v 0.042596 1.387225 0.044406
v 0.054844 1.441682 0.057344
v 0.079178 1.718029 0.001702
v 0.056882 1.704909 -0.051904
v 0.065098 1.756847 -0.061756
v 0.090792 1.772001 0.000028
v -0.000780 1.363893 -0.062281
v -0.042401 1.341409 -0.044753
v -0.055355 1.381768 -0.057574
v -0.001194 1.411144 -0.080415
v -0.056656 1.382991 -0.056375
v -0.079141 1.370799 -0.001111
v -0.060633 1.428781 -0.001110
v -0.043616 1.437991 -0.042987
v -0.043655 1.340748 -0.043435
v -0.060897 1.331432 -0.001066
v -0.079043 1.368889 -0.001065
v -0.056594 1.381062 -0.056241
v -0.048878 -1.763943 -0.055022
v -0.065270 -1.723888 -0.068857
v -0.000918 -1.730742 -0.096522
v -0.000918 -1.769093 -0.075722
v 0.047742 -1.747477 0.049077
v 0.000944 -1.747477 0.068461
v 0.000944 -1.795562 0.099048
v 0.069371 -1.795563 0.070705
v -0.047840 -1.658942 0.050759
v -0.001121 -1.671846 0.070405
v 0.000475 -1.628714 0.091329
v -0.061026 -1.611870 0.065667
v -0.050749 1.673252 -0.048813
v -0.062818 1.623889 -0.062260
v -0.088397 1.632740 -0.000043
v -0.070801 1.680161 -0.000043
v -0.087864 -1.604465 0.002380
v -0.068432 -1.653302 0.002380
v -0.049157 -1.658634 0.049420
v -0.062377 -1.611441 0.064365
v -0.061538 1.623419 0.065338
v 0.000195 1.602055 0.091103
v -0.001055 1.656150 0.072068
v -0.049459 1.672825 0.051880
v -0.062758 1.621999 -0.062254
v -0.043522 1.560233 -0.041405
v -0.060498 1.566101 -0.000078
v -0.088320 1.630844 -0.000078
v -0.087838 -1.602589 0.002355
v -0.062366 -1.609561 0.064302
v -0.050321 -1.570183 0.051098
v -0.070424 -1.564660 0.002355
v -0.042207 1.559853 -0.042756
v -0.061387 1.621441 -0.063546
v 0.000291 1.600096 -0.089286
v -0.001155 1.545668 -0.059921
v 0.002065 1.601317 -0.089419
v 0.000810 1.655583 -0.070323
v 0.049175 1.638913 -0.050122
v 0.063828 1.579932 -0.063651
v 0.063771 -1.644232 0.065692
v 0.049332 -1.597547 0.052172
v 0.001224 -1.584264 0.072438
v 0.002270 -1.627382 0.091360
v 0.001791 1.752183 -0.088552
v 0.001791 1.811764 -0.068611
v 0.048347 1.816465 -0.049405
v 0.063705 1.758449 -0.063006
v 0.043123 1.530501 -0.041489
v 0.065040 1.577531 -0.062135
v 0.090569 1.568689 -0.000048
v 0.060172 1.524615 -0.000048
v 0.000426 -1.628785 0.059651
v -0.001157 -1.671717 0.069740
v -0.047434 -1.658935 0.050279
v -0.038857 -1.617732 0.043254
v 0.065196 1.579367 0.064099
v 0.090805 1.570497 0.001819
v 0.070511 1.631635 0.001819
v 0.050495 1.638539 0.050526
v 0.000699 1.545111 0.061680
v 0.041829 1.530906 0.044547
v 0.063784 1.578016 0.065229
v 0.002139 1.599360 0.090948
v -0.001055 1.656150 -0.070320
v 0.000195 1.602054 -0.089355
v -0.061538 1.623419 -0.063592
v -0.049459 1.672825 -0.050132
v -0.061084 -1.609949 0.065643
v 0.000393 -1.626786 0.091294
v -0.000648 -1.583824 0.072440
v -0.049021 -1.570508 0.052419
v 0.056407 1.738243 -0.057946
v 0.064334 1.685405 -0.067542
v 0.001778 1.685405 -0.093452
v 0.001778 1.738251 -0.080575
v 0.057719 1.738239 -0.056634
v 0.080346 1.738218 -0.002004
v 0.091561 1.685408 -0.003674
v 0.065644 1.685408 -0.066228
v 0.091558 1.685413 -0.001819
v 0.080346 1.738214 -0.000150
v 0.057716 1.738193 0.054480
v 0.065649 1.685413 0.060742
v 0.001784 1.683497 -0.093297
v 0.064224 1.683497 -0.067436
v 0.049983 1.630572 -0.051245
v 0.001785 1.630564 -0.071209
v 0.051304 1.630579 -0.049924
v 0.065541 1.683491 -0.066111
v 0.091409 1.683491 -0.003674
v 0.071271 1.630600 -0.001725
v -0.000076 1.685416 0.087968
v -0.000076 1.738181 0.078416
v -0.054706 1.738190 0.055789
v -0.062637 1.685416 0.062051
v -0.000081 1.630644 0.069632
v -0.000081 1.683477 0.087816
v -0.062522 1.683477 0.061950
v -0.048288 1.630635 0.049664
v 0.049987 1.630635 0.049664
v 0.064222 1.683477 0.061950
v 0.001781 1.683477 0.087816
v 0.001781 1.630644 0.069632
v 0.064337 1.685416 0.062051
v 0.056405 1.738190 0.055789
v 0.001776 1.738181 0.078416
v 0.001776 1.685416 0.087968
v 0.090636 -1.651667 0.002380
v 0.070488 -1.603330 0.002380
v 0.050656 -1.597842 0.050826
v 0.065142 -1.644680 0.064389
v 0.063822 1.788008 0.064984
v 0.001782 1.794288 0.090590
v 0.001782 1.737290 0.080670
v 0.055585 1.731858 0.058465
v -0.049606 1.630629 0.048346
v -0.063843 1.683483 0.060635
v -0.089703 1.683482 -0.001807
v -0.069572 1.630608 0.000141
v -0.089858 1.685413 -0.001819
v -0.063949 1.685413 0.060742
v -0.056017 1.738193 0.054480
v -0.078646 1.738214 -0.000149
v -0.049605 1.630578 -0.049924
v -0.069572 1.630600 -0.001725
v -0.089709 1.683491 -0.003674
v -0.063841 1.683491 -0.066111
v -0.089861 1.685408 -0.003674
v -0.078646 1.738219 -0.002004
v -0.056020 1.738239 -0.056634
v -0.063944 1.685408 -0.066228
v 0.042908 -1.638650 -0.039110
v 0.059196 -1.643230 0.000512
v 0.069872 -1.603351 0.000512
v 0.050223 -1.597914 -0.047488
v 0.043206 1.484624 -0.043064
v 0.060298 1.493856 -0.001065
v 0.078591 1.456681 -0.001065
v 0.056146 1.444514 -0.056231
v -0.079043 1.368889 0.000749
v -0.060897 1.331432 0.000749
v -0.043654 1.340748 0.043119
v -0.056594 1.381061 0.055925
v 0.000733 -1.672295 0.070409
v 0.047672 -1.685235 0.050960
v 0.063799 -1.646130 0.065617
v 0.002325 -1.629289 0.091272
v 0.055574 1.704597 -0.053195
v 0.001770 1.699163 -0.075395
v 0.001770 1.750243 -0.088635
v 0.063788 1.756520 -0.063045
v -0.040147 -1.615432 -0.039107
v -0.049831 -1.570203 -0.047785
v -0.069742 -1.564733 0.000494
v -0.056426 -1.610853 0.000494
v -0.049903 -1.738454 0.047517
v -0.066680 -1.689829 0.068013
v -0.093353 -1.706393 0.001171
v -0.069853 -1.750845 -0.001981
v 0.059123 -1.645200 0.002365
v 0.067789 -1.690797 0.002365
v 0.048480 -1.685481 0.049199
v 0.042852 -1.640624 0.041948
v -0.040144 -1.617383 0.041945
v -0.048719 -1.658573 0.048968
v -0.067818 -1.653289 0.002353
v -0.056420 -1.612805 0.002352
v -0.000581 -1.583823 0.071783
v 0.000456 -1.626788 0.059699
v -0.038827 -1.615735 0.043302
v -0.048484 -1.570637 0.051958
v -0.047434 -1.658935 -0.047414
v -0.001157 -1.671717 -0.066875
v 0.000426 -1.628785 -0.056786
v -0.038857 -1.617732 -0.040389
v 0.002320 -1.627249 -0.056827
v 0.041612 -1.638301 -0.040429
v 0.048929 -1.597547 -0.048810
v 0.001286 -1.584393 -0.068883
v 0.000680 -1.672260 -0.066896
v 0.047162 -1.685074 -0.047637
v 0.041544 -1.640305 -0.040399
v 0.002264 -1.629257 -0.056792
v 0.044934 -1.797620 -0.046249
v 0.000931 -1.797619 -0.064476
v 0.000931 -1.845461 -0.081114
v 0.056699 -1.845461 -0.058014
v 0.041544 -1.640305 0.043264
v 0.047163 -1.685074 0.050502
v 0.000679 -1.672260 0.069761
v 0.002264 -1.629257 0.059657
v 0.059123 -1.645200 0.000499
v 0.042852 -1.640624 -0.039083
v 0.048480 -1.685481 -0.046334
v 0.067789 -1.690797 0.000499
v -0.056426 -1.610853 0.002371
v -0.069742 -1.564733 0.002372
v -0.049831 -1.570203 0.050651
v -0.040147 -1.615432 0.041972
v 0.069872 -1.603351 0.002352
v 0.059196 -1.643230 0.002352
v 0.042908 -1.638650 0.041975
v 0.050223 -1.597914 0.050353
v 0.046807 -1.648068 0.053541
v 0.000922 -1.643136 0.073352
v 0.000922 -1.680748 0.097129
v 0.065228 -1.687600 0.069482
v -0.046806 -1.648068 0.053541
v -0.065228 -1.687600 0.069482
v -0.000920 -1.680748 0.097129
v -0.000921 -1.643136 0.073352
v 0.000699 1.545111 -0.059932
v 0.002139 1.599360 -0.089200
v 0.063784 1.578016 -0.063482
v 0.041829 1.530906 -0.042801
v -0.066573 -1.687975 0.068180
v -0.048109 -1.648353 0.052204
v -0.066929 -1.660252 0.004550
v -0.093217 -1.704521 0.001411
v -0.038827 -1.615735 -0.040437
v 0.000456 -1.626788 -0.056834
v -0.000581 -1.583823 -0.068918
v -0.048484 -1.570637 -0.049092
v 0.048929 -1.597547 0.051675
v 0.041612 -1.638301 0.043294
v 0.002320 -1.627249 0.059692
v 0.001286 -1.584393 0.071748
v -0.088320 1.630844 0.001826
v -0.060498 1.566101 0.001826
v -0.043522 1.560233 0.043152
v -0.062758 1.621999 0.064001
v 0.000952 -1.682521 0.097152
v 0.000953 -1.733083 0.069254
v 0.048558 -1.738198 0.048872
v 0.065397 -1.689388 0.069445
v -0.001155 1.545668 0.061669
v 0.000291 1.600096 0.091034
v -0.061387 1.621441 0.065292
v -0.042207 1.559853 0.044503
v -0.000953 -1.728954 -0.096447
v -0.065367 -1.722094 -0.068756
v -0.046469 -1.672754 -0.046046
v -0.000953 -1.677650 -0.065526
v 0.068980 1.828508 0.000162
v 0.049687 1.839869 0.046591
v 0.064984 1.789585 0.063512
v 0.090612 1.774461 0.001851
v 0.048878 -1.763943 -0.055022
v 0.000919 -1.769093 -0.075722
v 0.000920 -1.730742 -0.096522
v 0.065271 -1.723888 -0.068857
v 0.069864 -1.751233 -0.003883
v 0.050181 -1.763654 -0.053690
v 0.066607 -1.723517 -0.067552
v 0.093269 -1.706961 -0.000747
v 0.093311 -1.705094 -0.000509
v 0.066649 -1.721649 -0.067314
v 0.047822 -1.672499 -0.044691
v 0.066913 -1.660637 0.002644
v 0.049903 -1.738454 0.047517
v 0.069854 -1.750845 -0.001980
v 0.093353 -1.706393 0.001171
v 0.066680 -1.689829 0.068013
v 0.066573 -1.687975 0.068180
v 0.093217 -1.704521 0.001411
v 0.066929 -1.660252 0.004550
v 0.048110 -1.648353 0.052204
v 0.099048 -1.795563 0.000944
v 0.068461 -1.747477 0.000945
v 0.049077 -1.747477 0.047742
v 0.070705 -1.795563 0.069371
v 0.099048 -1.795563 -0.000943
v 0.070705 -1.795563 -0.069370
v 0.049077 -1.747477 -0.047741
v 0.068461 -1.747477 -0.000942
v -0.047741 -1.747477 0.049077
v -0.069370 -1.795563 0.070705
v -0.000943 -1.795562 0.099048
v -0.000943 -1.747477 0.068461
v 0.058477 -1.845468 0.057160
v 0.081767 -1.845468 0.000932
v 0.099258 -1.797378 0.000932
v 0.070845 -1.797378 0.069527
v -0.000931 -1.797378 -0.099257
v -0.000931 -1.845468 -0.081765
v -0.057159 -1.845468 -0.058476
v -0.069526 -1.797378 -0.070844
v 0.000932 -1.797378 0.099258
v 0.000932 -1.845468 0.081767
v 0.057160 -1.845468 0.058477
v 0.069527 -1.797378 0.070845
v -0.047741 -1.747477 -0.049075
v -0.000944 -1.747477 -0.068460
v -0.000943 -1.795562 -0.099048
v -0.069370 -1.795563 -0.070704
v -0.070844 -1.797378 -0.069526
v -0.058476 -1.845468 -0.057158
v -0.081767 -1.845468 -0.000931
v -0.099258 -1.797378 -0.000931
v -0.000931 -1.797378 0.099258
v -0.069526 -1.797378 0.070845
v -0.057159 -1.845468 0.058477
v -0.000932 -1.845468 0.081767
v 0.043123 1.530501 0.043236
v 0.060172 1.524615 0.001797
v 0.090569 1.568689 0.001796
v 0.065040 1.577531 0.063882
v -0.099258 -1.797378 0.000932
v -0.081767 -1.845468 0.000932
v -0.058476 -1.845468 0.057160
v -0.070844 -1.797378 0.069527
v 0.000944 -1.795562 -0.099048
v 0.000944 -1.747477 -0.068460
v 0.047742 -1.747477 -0.049075
v 0.069371 -1.795563 -0.070704
v 0.000932 -1.797378 -0.099257
v 0.069527 -1.797378 -0.070844
v 0.057159 -1.845468 -0.058476
v 0.000932 -1.845468 -0.081765
v -0.049076 -1.747477 -0.047741
v -0.070704 -1.795563 -0.069370
v -0.099048 -1.795562 -0.000943
v -0.068460 -1.747477 -0.000943
v 0.046358 -1.648161 0.053013
v 0.042069 -1.693314 0.045468
v 0.000928 -1.688786 0.063166
v 0.000929 -1.643278 0.072628
v -0.068460 -1.747477 0.000944
v -0.099048 -1.795562 0.000944
v -0.070704 -1.795563 0.069371
v -0.049076 -1.747477 0.047742
v 0.000924 -1.747610 -0.067868
v 0.000924 -1.795664 -0.064222
v 0.044759 -1.795664 -0.046065
v 0.047338 -1.747610 -0.048643
vn -0.7502 -0.6355 0.1824
vn -0.1982 0.8304 0.5207
vn 0.9919 0.1267 0.0001
vn -0.0403 -0.9992 -0.0012
vn -0.0504 0.9987 0.0002
vn -0.9885 -0.1510 -0.0000
vn 0.2279 0.8302 -0.5088
vn 0.7014 0.1263 0.7014
vn -0.6990 -0.1514 -0.6990
vn -0.4013 -0.6351 -0.6599
vn -0.0284 -0.9992 -0.0284
vn -0.0362 0.9987 -0.0361
vn -0.5088 0.8302 0.2279
vn 0.5212 0.8301 -0.1980
vn 0.0003 0.1269 0.9919
vn 0.0006 -0.1513 -0.9885
vn 0.1824 -0.6348 -0.7508
vn -0.0003 -0.9992 -0.0405
vn 0.0002 0.9987 -0.0516
vn -0.6599 -0.6351 -0.4015
vn 0.4015 -0.8105 -0.4266
vn 0.7360 0.4484 0.5072
vn 0.1709 0.9704 0.1709
vn -0.7014 0.1263 -0.7015
vn 0.6989 -0.1514 0.6990
vn -0.1329 -0.9822 -0.1329
vn -0.1612 0.4485 0.8791
vn -0.0004 0.9704 0.2417
vn -0.0002 -0.9822 -0.1878
vn -0.5857 -0.8103 -0.0174
vn 0.0003 0.1267 -0.9919
vn -0.0001 -0.1510 0.9885
vn -0.4265 -0.8105 0.4015
vn -0.0170 -0.8109 -0.5850
vn -0.9919 0.1270 0.0006
vn 0.9885 -0.1514 0.0008
vn 0.8792 0.4482 -0.1619
vn 0.2417 0.9703 -0.0002
vn -0.1880 -0.9822 0.0001
vn 0.5076 0.4483 0.7358
vn -0.4015 -0.8105 0.4265
vn -0.7358 0.4480 -0.5079
vn -0.1709 0.9703 -0.1709
vn 0.1329 -0.9822 0.1329
vn 0.1615 0.4479 -0.8794
vn -0.0001 0.9703 -0.2417
vn 0.0001 -0.9822 0.1880
vn 0.5851 -0.8107 0.0181
vn -0.2279 0.8302 0.5088
vn 0.4010 -0.6349 0.6604
vn 0.0283 -0.9992 0.0286
vn 0.0366 0.9987 0.0364
vn 0.7504 -0.6351 -0.1830
vn 0.0402 -0.9992 -0.0002
vn 0.0512 0.9987 0.0001
vn 0.1990 0.8297 -0.5215
vn -0.1616 0.4483 -0.8791
vn 0.7360 0.4483 -0.5073
vn 0.1709 0.9704 -0.1709
vn -0.1329 -0.9822 0.1329
vn 0.4015 -0.8105 0.4265
vn -0.7014 0.1263 0.7015
vn 0.6989 -0.1514 -0.6990
vn -0.5857 -0.8103 0.0180
vn 0.5088 0.8302 0.2279
vn 0.6596 -0.6349 -0.4024
vn 0.0284 -0.9992 -0.0284
vn 0.0362 0.9987 -0.0362
vn -0.1827 -0.6350 -0.7506
vn -0.5206 0.8304 -0.1984
vn 0.8792 0.4482 0.1618
vn -0.0173 -0.8102 0.5859
vn -0.4265 -0.8105 -0.4015
vn 0.5076 0.4483 -0.7358
vn 0.1992 0.8299 0.5212
vn 0.7504 -0.6352 0.1830
vn 0.4013 -0.6352 -0.6599
vn -0.2279 0.8302 -0.5088
vn 0.4265 -0.8105 0.4014
vn -0.5074 0.4482 0.7360
vn -0.1709 0.9704 0.1709
vn 0.7014 0.1263 -0.7014
vn -0.6990 -0.1514 0.6989
vn 0.1329 -0.9822 -0.1329
vn -0.8792 0.4482 -0.1615
vn -0.2417 0.9704 -0.0000
vn 0.1879 -0.9822 -0.0000
vn 0.0179 -0.8107 -0.5852
vn -0.7509 -0.6345 -0.1832
vn -0.4013 -0.6352 0.6599
vn -0.0284 -0.9992 0.0284
vn -0.0362 0.9987 0.0362
vn 0.2278 0.8302 0.5088
vn -0.1985 0.8301 -0.5212
vn 0.4266 -0.8105 -0.4015
vn 0.0181 -0.8104 0.5857
vn -0.8792 0.4482 0.1615
vn -0.5074 0.4482 -0.7360
vn -0.1829 -0.6350 0.7505
vn 0.6603 -0.6349 0.4011
vn -0.0002 -0.9992 0.0402
vn 0.0001 0.9987 0.0512
vn 0.5088 0.8302 -0.2279
vn -0.5207 0.8302 0.1990
vn -0.6232 0.7763 -0.0945
vn 0.4349 0.8414 0.3208
vn -0.7180 -0.0051 0.6961
vn -0.0002 -0.0169 0.9999
vn 0.0001 0.0735 -0.9973
vn 0.7076 0.0387 -0.7055
vn 0.7337 -0.5437 -0.4076
vn 0.2464 -0.9543 0.1692
vn -0.0645 0.9976 -0.0239
vn -0.1549 -0.5815 -0.7986
vn -0.0006 -0.9988 -0.0483
vn -0.0005 0.9994 0.0351
vn 0.3984 0.6430 0.6541
vn 0.5873 -0.6876 0.4269
vn -0.6139 -0.6909 0.3817
vn -0.6849 0.1218 0.7183
vn 0.6869 -0.1406 -0.7130
vn 0.6169 -0.1038 -0.7802
vn 0.0744 -0.6151 -0.7849
vn -0.7165 -0.6976 -0.0000
vn 0.9930 -0.1185 -0.0000
vn -0.1091 0.7372 -0.6668
vn -0.9901 0.1404 -0.0000
vn 0.9838 -0.1793 -0.0000
vn 0.1048 0.8880 0.4477
vn 0.7969 -0.5392 0.2723
vn 0.0671 -0.9070 0.4158
vn -0.9995 0.0313 -0.0060
vn 0.9993 -0.0367 0.0090
vn -0.0114 0.9967 -0.0802
vn 0.4676 -0.6240 -0.6261
vn -0.3795 0.7402 -0.5550
vn -0.2288 0.5848 -0.7783
vn 0.6655 0.6228 -0.4113
vn -0.1363 0.9385 -0.3172
vn -0.0005 0.9906 -0.1366
vn 0.0008 -0.9994 0.0344
vn 0.0022 -0.9976 0.0688
vn 0.4992 -0.8001 0.3326
vn -0.4879 -0.8646 -0.1201
vn -0.4822 0.7922 0.3740
vn -0.5442 -0.5540 0.6300
vn -0.6140 -0.6909 -0.3817
vn -0.6850 0.1218 -0.7183
vn 0.6869 -0.1406 0.7130
vn 0.6169 -0.1038 0.7802
vn 0.6754 -0.7216 0.1518
vn -0.2301 -0.6953 -0.6809
vn -0.1670 -0.0843 0.9823
vn 0.7841 0.5702 -0.2450
vn 0.0316 0.0795 -0.9963
vn -0.0064 -0.0625 0.9980
vn -0.4277 -0.7350 0.5262
vn 0.0532 -0.8846 -0.4634
vn -0.7104 0.0667 -0.7006
vn 0.6949 -0.1121 0.7103
vn 0.8284 0.4964 -0.2595
vn 0.1143 0.9054 -0.4090
vn -0.0705 -0.9948 0.0736
vn 0.4886 0.5808 0.6511
vn 0.2829 0.9501 -0.1316
vn -0.0999 -0.9947 -0.0222
vn 0.3509 -0.5781 0.7366
vn 0.7396 -0.6593 -0.1355
vn -0.1759 -0.9389 0.2958
vn 0.0475 0.9985 -0.0265
vn 0.1516 0.7514 -0.6422
vn -0.1907 0.8971 0.3986
vn -0.3508 -0.5779 0.7369
vn 0.1907 0.8971 0.3986
vn 0.7104 0.0667 -0.7006
vn 0.1758 -0.9389 0.2958
vn -0.0475 0.9985 -0.0265
vn -0.6949 -0.1121 0.7103
vn -0.1516 0.7514 -0.6422
vn 0.9995 0.0313 -0.0060
vn -0.9993 -0.0367 0.0090
vn -0.7397 -0.6593 -0.1349
vn -0.0671 -0.9070 0.4158
vn 0.0113 0.9967 -0.0802
vn -0.2647 -0.6470 0.7151
vn 0.6408 -0.6866 0.3433
vn -0.0005 -0.9957 0.0927
vn 0.0006 0.9995 0.0306
vn 0.5261 0.8033 -0.2792
vn -0.4678 0.8663 0.1752
vn -0.0001 0.0788 -0.9969
vn -0.0000 -0.1472 0.9891
vn 0.8338 0.5218 0.1801
vn 0.3186 -0.7516 0.5776
vn -0.7025 -0.1142 0.7025
vn 0.7040 0.0943 -0.7040
vn -0.1832 -0.7516 -0.6337
vn -0.9935 -0.1142 -0.0001
vn 0.9955 0.0943 0.0001
vn 0.4622 0.5219 -0.7170
vn 0.6354 -0.7709 0.0440
vn 0.1526 0.5402 0.8276
vn -0.0001 0.9946 0.1041
vn 0.0001 -0.9958 -0.0915
vn -0.7481 0.5029 0.4329
vn -0.2829 0.9501 -0.1316
vn 0.0999 -0.9947 -0.0222
vn -0.4087 -0.8364 -0.3654
vn 0.4277 -0.7350 0.5262
vn -0.4884 0.5809 0.6512
vn -0.8280 0.4972 -0.2593
vn -0.1145 0.9051 -0.4094
vn 0.0704 -0.9949 0.0729
vn -0.0533 -0.8846 -0.4634
vn -0.7970 -0.5391 0.2723
vn -0.1048 0.8880 0.4477
vn 0.3795 0.7400 -0.5553
vn 0.7175 -0.0037 0.6966
vn -0.7080 0.0377 -0.7052
vn -0.4677 -0.6239 -0.6261
vn -0.2465 -0.9543 0.1692
vn 0.0647 0.9976 -0.0237
vn -0.0941 -0.7470 0.6581
vn -0.7807 0.6110 0.1315
vn -0.3928 0.5296 -0.7518
vn 0.1362 0.9385 -0.3172
vn -0.0022 -0.9976 0.0689
vn 0.2418 -0.8952 -0.3743
vn -0.8756 -0.4518 0.1711
vn -0.2706 0.7849 0.5575
vn 0.7104 -0.0103 0.7037
vn -0.1067 -0.9425 0.3166
vn -0.0444 0.9907 -0.1288
vn -0.6959 0.0422 -0.7169
vn 0.2870 0.6902 -0.6642
vn 0.9998 -0.0194 0.0002
vn -0.9979 0.0652 0.0005
vn -0.5028 -0.4896 -0.7123
vn 0.1373 -0.9905 -0.0001
vn -0.1108 0.9938 0.0001
vn 0.5375 0.8021 0.2604
vn 0.7372 -0.3983 -0.5457
vn -0.0004 -0.0267 0.9996
vn 0.0011 -0.0233 -0.9997
vn -0.1252 -0.4278 -0.8951
vn -0.6758 0.7096 -0.1992
vn -0.7105 -0.0261 0.7033
vn 0.7167 -0.0069 -0.6973
vn -0.7598 -0.4251 -0.4920
vn -0.5123 0.8489 0.1302
vn 0.0048 0.0177 0.9998
vn -0.4132 -0.8935 0.1759
vn 0.0996 0.9849 -0.1419
vn 0.0098 -0.0137 -0.9999
vn 0.7383 0.6220 -0.2609
vn 0.1415 -0.5181 -0.8435
vn 0.3857 0.6404 -0.6641
vn -0.5382 -0.4428 -0.7171
vn 0.9997 -0.0255 0.0065
vn -0.9998 0.0214 -0.0028
vn -0.9207 -0.3698 0.1248
vn -0.2101 0.8570 0.4705
vn 0.7103 -0.0259 0.7035
vn -0.7162 -0.0070 -0.6978
vn -0.2841 -0.6894 0.6664
vn -0.8262 0.5419 0.1541
vn 0.3542 0.9330 -0.0636
vn -0.1662 -0.9857 -0.0285
vn -0.4669 0.4896 -0.7364
vn 0.2362 0.9717 -0.0004
vn -0.1526 -0.9883 -0.0003
vn 0.1895 -0.7928 -0.5792
vn 0.4586 -0.5776 0.6754
vn 0.6403 0.7134 0.2846
vn 0.7133 -0.1212 -0.6903
vn 0.5223 -0.7824 -0.3392
vn -0.6616 -0.0097 0.7498
vn -0.7124 0.1303 0.6895
vn -0.7181 0.6282 -0.2994
vn -0.0000 -0.1345 -0.9909
vn -0.0000 0.1558 0.9878
vn -0.7454 -0.6418 0.1803
vn -0.0000 -0.8069 -0.5908
vn -0.0000 0.0056 1.0000
vn -0.7184 -0.6090 0.3363
vn -0.6718 0.5423 -0.5046
vn 0.3946 0.9076 0.1433
vn -0.1357 -0.9861 -0.0959
vn 0.1981 0.4170 -0.8871
vn 0.4504 -0.8579 -0.2473
vn -0.1916 -0.4380 -0.8783
vn -0.4399 0.8555 -0.2730
vn -0.7043 0.0510 0.7080
vn -0.3726 -0.9248 -0.0765
vn 0.1593 0.9860 -0.0502
vn 0.7043 -0.0747 -0.7060
vn 0.7066 0.6260 0.3298
vn 0.6942 -0.5336 -0.4831
vn -0.5483 0.4023 -0.7332
vn 0.1346 -0.8487 -0.5115
vn -0.2312 -0.6399 0.7328
vn -0.8676 0.4747 0.1479
vn 0.7709 0.3715 -0.5174
vn 0.4808 -0.8600 0.1713
vn -0.7570 -0.6052 -0.2462
vn -0.1083 0.4978 -0.8605
vn 0.1410 0.9557 0.2585
vn -0.0331 -0.9944 -0.1000
vn -0.1762 0.8000 -0.5736
vn 0.2795 0.7018 0.6552
vn -0.9979 0.0652 0.0003
vn 0.9947 -0.1030 0.0006
vn 0.8347 -0.5253 0.1654
vn 0.4756 -0.4847 -0.7341
vn -0.2290 -0.9734 -0.0001
vn 0.1461 0.9893 0.0001
vn 0.2861 0.5705 -0.7699
vn -0.1515 -0.7131 -0.6845
vn 0.6505 -0.7385 0.1777
vn 0.9958 -0.0893 0.0218
vn -0.9972 0.0733 -0.0133
vn -0.9945 -0.0501 0.0923
vn -0.6437 -0.5594 0.5223
vn 0.4001 -0.7140 0.5746
vn -0.7515 -0.0974 -0.6525
vn -0.3188 0.7660 0.5583
vn 0.6955 -0.0606 0.7159
vn -0.7052 0.0172 -0.7088
vn 0.9129 0.3796 -0.1503
vn 0.5446 0.4322 0.7188
vn -0.0556 0.9985 -0.0001
vn 0.1411 0.9557 -0.2585
vn -0.0329 -0.9944 0.1001
vn 0.0253 -0.9997 0.0001
vn -0.3313 -0.6850 0.6489
vn 0.2109 -0.7944 -0.5696
vn -0.7043 0.0510 -0.7080
vn 0.7043 -0.0747 0.7060
vn 0.0100 0.5802 -0.8144
vn 0.1006 -0.7673 -0.6334
vn 0.7686 0.6219 -0.1500
vn -0.9666 0.2185 -0.1342
vn -0.4149 -0.5875 0.6948
vn -0.5331 0.7341 0.4206
vn 0.6028 0.6601 0.4482
vn -0.6242 0.1936 -0.7569
vn -0.5517 0.5881 -0.5914
vn -0.4024 -0.7628 -0.5062
vn 0.4864 0.6012 -0.6340
vn -0.7497 0.2526 0.6117
vn 0.1724 -0.5852 0.7924
vn -0.0618 0.7427 0.6667
vn -0.6753 0.7136 0.1865
vn 0.6875 0.6332 -0.3554
vn -0.0000 -0.0497 0.9988
vn -0.0000 -0.0062 -1.0000
vn 0.4317 -0.6833 -0.5888
vn -0.7809 -0.6191 -0.0824
vn -0.0000 -0.7083 0.7059
vn -0.0000 -0.1188 -0.9929
vn 0.5331 0.6235 -0.5719
vn 0.5837 -0.7213 -0.3728
vn -0.7400 -0.6453 0.1897
vn -0.7230 0.6878 -0.0650
vn -0.0000 0.6816 0.7317
vn -0.0000 0.1853 -0.9827
vn -0.6962 -0.6749 0.2446
vn -0.7639 0.6305 -0.1375
vn -0.0004 0.7663 0.6425
vn -0.0001 0.0839 0.9965
vn 0.0001 -0.0681 -0.9977
vn 0.0005 0.0465 -0.9989
vn 0.4520 0.6211 -0.6403
vn 0.4593 0.7603 0.4593
vn -0.7124 0.0551 -0.6996
vn 0.6601 -0.6834 -0.3117
vn 0.7071 0.0837 0.7021
vn -0.6996 -0.0681 -0.7113
vn 0.5167 0.5220 0.6786
vn -0.3704 -0.7893 0.4897
vn -0.7053 -0.0028 -0.7089
vn 0.7170 0.0397 0.6959
vn 0.0577 -0.8743 -0.4820
vn -1.0000 0.0071 0.0003
vn 0.9989 0.0472 0.0007
vn 0.8642 0.4673 -0.1864
vn -0.1151 -0.5420 0.8325
vn 0.1969 0.7672 0.6104
vn -0.3179 0.5672 -0.7597
vn -0.6190 -0.6957 -0.3645
vn 0.6262 -0.6384 0.4475
vn 0.4836 0.7080 0.5146
vn -0.7656 0.6431 -0.0159
vn -0.0000 0.5973 -0.8021
vn -0.0000 0.2701 0.9628
vn -0.6969 -0.7122 -0.0846
vn -0.1724 -0.5852 0.7924
vn 0.4024 -0.7628 -0.5062
vn -0.7133 -0.1212 -0.6903
vn -0.9958 -0.0893 0.0218
vn 0.9972 0.0733 -0.0133
vn 0.7124 0.1303 0.6895
vn 0.5517 0.5881 -0.5914
vn -0.4864 0.6012 -0.6340
vn 0.7497 0.2526 0.6117
vn 0.0618 0.7427 0.6668
vn -0.7686 0.6219 -0.1500
vn 0.9666 0.2185 -0.1341
vn 0.6432 -0.5595 0.5227
vn 0.1515 -0.7131 -0.6845
vn -0.6505 -0.7385 0.1776
vn -0.4001 -0.7139 0.5747
vn 0.7514 -0.0972 -0.6526
vn 0.9945 -0.0501 0.0923
vn -0.2862 0.5705 -0.7698
vn 0.3182 0.7661 0.5585
vn -0.6953 -0.0603 0.7162
vn 0.7051 0.0178 -0.7088
vn -0.5492 -0.8044 -0.2266
vn 0.6602 -0.7152 0.2294
vn 0.7169 -0.0270 -0.6967
vn 0.0005 -0.0275 -0.9996
vn 0.0013 0.0688 0.9976
vn -0.7180 0.0508 0.6942
vn 0.1350 0.4518 0.8818
vn -0.7376 0.4242 0.5254
vn -0.4586 -0.5776 0.6754
vn 0.7454 -0.6418 0.1803
vn -0.5223 -0.7824 -0.3392
vn 0.6616 -0.0097 0.7498
vn 0.7181 0.6282 -0.2994
vn -0.6403 0.7134 0.2846
vn 0.9130 0.3791 0.1504
vn 0.2109 -0.7944 0.5695
vn -0.3311 -0.6851 -0.6488
vn 0.5448 0.4321 -0.7187
vn -0.6354 -0.7709 0.0441
vn 0.4087 -0.8364 -0.3653
vn 0.7481 0.5029 0.4329
vn -0.1529 0.5408 0.8271
vn 0.2644 -0.6470 0.7152
vn 0.4678 0.8663 0.1750
vn -0.5261 0.8032 -0.2793
vn -0.6398 -0.6865 0.3454
vn -0.7161 0.6822 0.1478
vn 0.6057 0.6903 -0.3958
vn 0.5076 -0.6545 -0.5603
vn 0.5354 -0.6532 0.5354
vn -0.6966 -0.2121 -0.6854
vn -0.7468 -0.6639 -0.0392
vn -0.0004 -0.6591 0.7521
vn 0.0008 -0.2034 -0.9791
vn 0.6202 0.6297 -0.4678
vn 0.1167 0.6542 0.7472
vn -0.6646 0.7472 -0.0001
vn -0.4808 0.7332 -0.4808
vn 0.6970 0.1008 0.7100
vn 0.9968 0.0783 0.0129
vn -0.2307 -0.6620 0.7131
vn -0.9965 0.0834 -0.0049
vn 0.9976 -0.0678 -0.0117
vn 0.3233 -0.6836 -0.6544
vn -0.7023 0.0829 -0.7070
vn 0.7114 -0.0674 0.6996
vn 0.8174 -0.4727 0.3293
vn 0.2934 0.7408 0.6042
vn 0.2380 0.7569 -0.6086
vn 0.7095 0.0448 -0.7033
vn -0.6847 -0.0949 0.7227
vn -0.8073 -0.0058 0.5902
vn -0.8807 0.4646 0.0922
vn -0.3513 0.6707 -0.6532
vn -0.2083 0.0307 0.9776
vn -0.5275 -0.8445 -0.0922
vn 0.0023 -0.0049 -1.0000
vn -0.0029 0.0047 1.0000
vn 0.0942 -0.7470 0.6581
vn -0.2420 -0.8952 -0.3743
vn 0.3925 0.5295 -0.7520
vn 0.7801 0.6116 0.1320
vn -0.4988 -0.8001 0.3331
vn -0.6660 0.6240 -0.4087
vn 0.2288 0.5873 -0.7764
vn 0.4878 -0.8647 -0.1197
vn 0.2333 0.6289 0.7416
vn -0.3543 0.7237 -0.5923
vn 0.7224 0.0462 -0.6899
vn 0.9993 0.0376 0.0002
vn -0.9994 0.0350 0.0004
vn -0.7008 0.0055 0.7134
vn -0.6235 -0.6092 -0.4900
vn 0.3507 -0.7312 -0.5852
vn -0.7878 -0.0802 0.6107
vn -0.1353 -0.6774 0.7231
vn 0.6535 -0.7569 -0.0000
vn -0.9968 -0.0805 -0.0000
vn 0.6865 -0.5501 -0.4754
vn 0.2979 0.7503 -0.5902
vn -0.7066 -0.0548 -0.7055
vn -0.2322 -0.7614 -0.6052
vn 0.8068 0.0128 0.5907
vn 0.6810 0.1027 0.7251
vn -0.3111 0.5847 0.7492
vn -0.9977 -0.0675 -0.0000
vn 0.9879 0.1553 0.0002
vn 0.2054 -0.6658 0.7173
vn -0.5655 -0.8248 -0.0000
vn 0.9997 0.0235 -0.0000
vn 0.3959 -0.6005 -0.6947
vn 0.5647 0.7188 -0.4054
vn -0.6794 0.6577 -0.3254
vn 0.5852 0.0984 0.8049
vn 0.0532 0.5934 0.8031
vn -0.7408 0.6717 -0.0000
vn 0.9899 0.1416 -0.0000
vn -0.1017 -0.7559 0.6467
vn 0.8797 -0.4647 0.1006
vn 0.5290 0.8432 -0.0961
vn 0.3544 -0.6769 -0.6451
vn 0.2053 -0.0214 0.9785
vn -0.8205 0.4724 0.3219
vn -0.2941 -0.7364 0.6093
vn -0.0617 -0.5915 0.8040
vn 0.1084 0.7566 0.6449
vn 0.9983 0.0581 -0.0000
vn 0.7329 -0.6803 -0.0004
vn -0.9916 -0.1292 0.0006
vn -0.9890 -0.1478 -0.0000
vn -0.3872 0.6016 -0.6986
vn -0.5706 -0.7155 -0.4031
vn 0.6755 -0.6655 -0.3175
vn -0.5887 -0.0868 0.8037
vn 0.0533 0.5934 -0.8032
vn 0.5647 0.7188 0.4054
vn -0.6794 0.6577 0.3254
vn 0.5852 0.0984 -0.8049
vn 0.3959 -0.6004 0.6948
vn -0.7066 -0.0548 0.7055
vn 0.6810 0.1027 -0.7251
vn -0.1016 -0.7555 -0.6472
vn -0.8173 0.4816 0.3165
vn 0.4176 0.8422 -0.3410
vn 0.7092 0.0450 0.7036
vn 0.0023 -0.0049 1.0000
vn -0.0029 0.0047 -1.0000
vn -0.6845 -0.0940 -0.7229
vn 0.5728 -0.4801 -0.6644
vn 0.6756 -0.6656 0.3171
vn -0.5889 -0.0872 -0.8035
vn -0.6224 -0.7594 -0.1895
vn 0.3544 -0.6769 0.6451
vn 0.2053 -0.0214 -0.9785
vn -0.8205 0.4724 -0.3218
vn 0.5290 0.8431 0.0962
vn 0.8797 -0.4647 -0.1006
vn -0.2941 -0.7364 -0.6093
vn -0.2322 -0.7614 0.6052
vn 0.8068 0.0128 -0.5907
vn 0.5726 -0.4806 0.6643
vn 0.4180 0.8421 0.3407
vn -0.8173 0.4816 -0.3164
vn -0.6225 -0.7594 0.1895
vn -0.5795 0.4814 -0.6576
vn 0.6178 0.7641 -0.1856
vn -0.3513 0.6707 0.6532
vn -0.2083 0.0307 -0.9776
vn 0.8212 -0.4808 0.3073
vn -0.4142 -0.8422 -0.3451
vn 0.8212 -0.4808 -0.3073
vn 0.6178 0.7641 0.1856
vn -0.5795 0.4814 0.6576
vn -0.4142 -0.8422 0.3451
vn -0.0100 0.5802 -0.8144
vn 0.5331 0.7341 0.4206
vn -0.6029 0.6601 0.4482
vn 0.6243 0.1936 -0.7568
vn 0.4148 -0.5872 0.6951
vn -0.1005 -0.7673 -0.6334
vn -0.8807 0.4646 -0.0921
vn 0.2934 0.7409 -0.6041
vn 0.2380 0.7569 0.6087
vn -0.8073 -0.0058 -0.5902
vn 0.8176 -0.4722 -0.3295
vn -0.5275 -0.8445 0.0920
vn -0.3878 0.6014 0.6985
vn 0.1084 0.7566 -0.6449
vn -0.0611 -0.5910 -0.8043
vn -0.5704 -0.7158 0.4029
vn -0.6833 0.5501 0.4801
vn -0.2018 0.6680 -0.7163
vn 0.5708 0.8211 -0.0000
vn -0.9999 -0.0173 -0.0000
vn 0.3065 -0.5863 -0.7499
vn -0.2992 -0.7527 0.5865
vn 0.1302 0.4237 -0.8964
vn 0.5502 -0.7888 -0.2739
vn -0.6549 -0.6960 0.2945
vn -0.7237 0.4559 -0.5180
vn -0.1135 -0.3891 0.9142
vn 0.7268 -0.3892 0.5660
vn 0.5885 0.7382 -0.3299
vn 0.0001 -0.1138 -0.9935
vn 0.0003 0.0948 0.9955
vn -0.6492 0.7382 0.1833
vn -0.7025 -0.1142 -0.7025
vn 0.7040 0.0943 0.7039
vn 0.1981 0.4171 0.8870
vn -0.6715 0.5426 0.5046
vn 0.3946 0.9076 -0.1434
vn 0.3542 0.9330 0.0637
vn -0.1663 -0.9857 0.0285
vn -0.1359 -0.9861 0.0960
vn -0.7183 -0.6090 -0.3364
vn 0.0048 0.0177 -0.9998
vn 0.0098 -0.0137 0.9999
vn 0.4504 -0.8579 0.2473
vn 0.7104 -0.0103 -0.7038
vn -0.6959 0.0422 0.7169
vn -0.6235 -0.6092 0.4900
vn -0.3543 0.7236 0.5923
vn 0.7224 0.0462 0.6899
vn 0.3507 -0.7312 0.5852
vn -0.7878 -0.0802 -0.6107
vn -0.7008 0.0055 -0.7134
vn 0.2334 0.6291 -0.7415
vn -0.1354 -0.6773 -0.7231
vn 0.1896 -0.7929 0.5791
vn -0.4666 0.4898 0.7365
vn -0.8262 0.5419 -0.1541
vn -0.2841 -0.6894 -0.6663
vn 0.7400 0.5644 0.3659
vn -0.6087 0.7867 -0.1027
vn -0.8307 -0.5526 0.0680
vn 0.3667 -0.7160 0.5941
vn -0.3349 -0.6184 0.7110
vn -0.6221 0.6795 0.3889
vn 0.5719 0.7587 0.3121
vn -0.6530 -0.0036 -0.7574
vn -0.1315 0.5921 -0.7951
vn 0.6538 0.7567 -0.0002
vn -0.9995 0.0309 0.0003
vn 0.1915 -0.7316 -0.6542
vn 0.2871 0.6902 0.6642
vn -0.2706 0.7849 -0.5575
vn -0.8756 -0.4518 -0.1711
vn -0.1067 -0.9425 -0.3166
vn -0.0443 0.9907 0.1288
vn -0.5027 -0.4897 0.7124
vn 0.4969 0.5056 -0.7054
vn 0.5188 -0.8026 -0.2943
vn -0.7785 -0.5286 0.3383
vn 0.0316 0.0794 0.9963
vn -0.0057 -0.0630 -0.9980
vn -0.6665 0.7119 -0.2214
vn 0.2638 0.7865 0.5584
vn 0.0902 -0.0770 -0.9929
vn 0.7846 0.5697 0.2448
vn 0.6754 -0.7216 -0.1518
vn -0.2301 -0.6954 0.6808
vn -0.1671 -0.0843 -0.9823
vn -0.5442 -0.5540 -0.6300
vn -0.4822 0.7922 -0.3740
vn -0.4399 0.8555 0.2730
vn -0.1916 -0.4380 0.8783
vn -0.3726 -0.9248 0.0766
vn 0.1593 0.9860 0.0502
vn 0.6942 -0.5336 0.4831
vn -0.4132 -0.8935 -0.1758
vn 0.0996 0.9849 0.1419
vn 0.7066 0.6260 -0.3298
vn 0.6753 0.7135 0.1866
vn 0.7810 -0.6191 -0.0824
vn -0.4318 -0.6834 -0.5887
vn -0.6879 0.6328 -0.3554
vn 0.7539 0.5160 0.4067
vn 0.2431 -0.7305 0.6382
vn -0.2077 0.8510 0.4823
vn 0.7389 -0.1421 -0.6586
vn -0.3542 -0.6053 -0.7128
vn 0.2736 0.6029 -0.7494
vn -0.4552 0.8904 -0.0004
vn 0.9858 -0.1678 0.0007
vn -0.6864 -0.7191 -0.1087
vn -0.0739 0.5773 -0.8132
vn 0.0028 -0.0216 0.9998
vn 0.0055 0.0259 -0.9997
vn 0.7846 0.4420 -0.4348
vn 0.3101 -0.9199 0.2402
vn -0.7053 -0.0028 0.7089
vn 0.7170 0.0397 -0.6959
vn 0.3983 0.6430 -0.6541
vn -0.1091 0.7372 0.6668
vn 0.0744 -0.6151 0.7849
vn 0.5873 -0.6876 -0.4269
vn 0.8582 0.4746 0.1956
vn -0.2958 0.6806 0.6703
vn -0.2076 0.8510 -0.4823
vn 0.2638 0.7865 -0.5584
vn 0.0902 -0.0770 0.9929
vn 0.7390 -0.1421 0.6586
vn -0.8083 -0.5193 0.2776
vn 0.5602 -0.8051 -0.1950
vn -0.8307 -0.5526 -0.0680
vn -0.6085 0.7869 0.1024
vn 0.7400 0.5644 -0.3659
vn 0.3667 -0.7160 -0.5941
vn 0.7383 0.6220 0.2609
vn -0.5124 0.8488 -0.1303
vn -0.7598 -0.4251 0.4920
vn 0.1416 -0.5181 0.8435
vn -0.5075 -0.6546 -0.5603
vn -0.6056 0.6903 -0.3958
vn -0.7071 0.0837 0.7021
vn -0.5354 -0.6532 0.5354
vn 0.6966 -0.2122 -0.6854
vn 0.6996 -0.0680 -0.7113
vn 0.7160 0.6822 0.1481
vn 0.7467 -0.6640 -0.0389
vn 0.5434 -0.6752 0.4989
vn 0.0260 -0.6526 -0.7572
vn -0.7698 -0.6383 0.0001
vn 0.9724 -0.2329 0.0111
vn -0.1439 0.6931 -0.7064
vn 0.4118 0.6733 0.6141
vn -0.1366 0.6687 0.7309
vn 0.0174 -0.6817 0.7314
vn 0.5403 -0.6592 -0.5230
vn -0.5532 -0.6231 -0.5529
vn 0.6785 -0.2534 0.6895
vn 0.4063 0.6889 -0.6003
vn 0.6962 -0.6749 0.2448
vn -0.6601 -0.6834 -0.3118
vn -0.4517 0.6211 -0.6405
vn -0.4592 0.7606 0.4590
vn 0.7125 0.0556 -0.6995
vn 0.7630 0.6316 -0.1375
vn 0.6249 0.6448 0.4401
vn 0.3314 -0.6660 0.6683
vn -0.2419 -0.6871 -0.6851
vn 0.1214 0.6204 -0.7748
vn -0.7212 0.6799 -0.1324
vn -0.7422 -0.6702 0.0039
vn -0.0002 -0.6169 -0.7871
vn -0.0000 0.0827 -0.9966
vn -0.0000 -0.0672 0.9977
vn 0.0002 -0.2619 0.9651
vn 0.5145 -0.6798 0.5227
vn 0.5532 -0.6231 -0.5529
vn -0.6785 -0.2533 0.6895
vn 0.6091 0.6714 0.4220
vn 0.7023 0.0829 -0.7070
vn -0.7114 -0.0674 0.6996
vn -0.7588 0.6436 0.1005
vn -0.7022 -0.6746 -0.2277
vn -0.0000 0.7273 -0.6863
vn -0.0000 0.1101 0.9939
vn 0.6630 -0.6655 0.3429
vn 0.4564 0.6538 0.6036
vn 0.4808 0.7332 -0.4808
vn -0.6970 0.1008 0.7099
vn -0.4564 0.6538 0.6036
vn -0.6630 -0.6655 0.3429
vn 0.7022 -0.6746 -0.2277
vn 0.7588 0.6436 0.1005
vn -0.6091 0.6715 0.4220
vn -0.5144 -0.6798 0.5227
vn 0.7417 -0.6707 0.0038
vn 0.7212 0.6799 -0.1325
vn -0.1763 0.7996 0.5740
vn 0.4755 -0.4847 0.7342
vn 0.8347 -0.5253 -0.1653
vn 0.2795 0.7019 -0.6551
vn -0.6262 -0.6384 0.4476
vn 0.6969 -0.7122 -0.0846
vn 0.7656 0.6431 -0.0159
vn -0.4836 0.7080 0.5146
vn -0.6202 0.6297 -0.4678
vn -0.3233 -0.6836 -0.6544
vn 0.2307 -0.6620 0.7131
vn 0.9965 0.0834 -0.0049
vn -0.9976 -0.0678 -0.0117
vn -0.1168 0.6543 0.7472
vn 0.6646 0.7472 -0.0001
vn -0.9968 0.0783 0.0129
vn 0.1367 0.6687 0.7309
vn -0.4063 0.6889 -0.6003
vn -0.5403 -0.6592 -0.5230
vn -0.0168 -0.6818 0.7313
vn 0.7699 -0.6381 -0.0002
vn -0.9725 -0.2327 0.0117
vn -0.6250 0.6445 0.4405
vn -0.1214 0.6204 -0.7749
vn 0.2419 -0.6871 -0.6851
vn -0.3314 -0.6660 0.6683
vn 0.1438 0.6931 -0.7064
vn -0.0256 -0.6526 -0.7573
vn -0.5434 -0.6752 0.4989
vn -0.4118 0.6733 0.6141
vn 0.3873 0.7918 0.4723
vn -0.0404 0.8655 -0.4992
vn 0.9988 -0.0493 -0.0000
vn 0.7071 -0.0402 -0.7060
vn -0.7117 0.0116 0.7024
vn -1.0000 0.0038 -0.0000
vn -0.8561 -0.4771 -0.1988
vn -0.5045 -0.5211 0.6884
vn 0.6865 -0.5501 0.4754
vn 0.2055 -0.6658 -0.7173
vn -0.3111 0.5851 -0.7489
vn 0.2979 0.7502 0.5903
vn 0.3066 -0.5863 0.7498
vn -0.2018 0.6680 0.7163
vn -0.6833 0.5500 -0.4801
vn -0.2988 -0.7523 -0.5871
vn 0.7712 0.3714 0.5171
vn -0.1089 0.4979 0.8603
vn -0.7570 -0.6052 0.2463
vn 0.4807 -0.8600 -0.1712
vn -0.5330 0.6235 -0.5720
vn 0.7230 0.6878 -0.0650
vn 0.7400 -0.6453 0.1897
vn -0.5837 -0.7215 -0.3725
vn -0.3175 0.8629 0.3931
vn 0.4567 -0.4809 0.7484
vn 0.8345 -0.5301 -0.1501
vn 0.0676 0.7856 -0.6151
vn -0.9040 0.4016 -0.1468
vn -0.2430 -0.8547 -0.4586
vn 0.3520 -0.6497 0.6738
vn -0.5218 0.4692 0.7124
vn -0.1231 -0.7850 0.6072
vn -0.7912 0.5921 0.1533
vn -0.4152 0.5324 -0.7377
vn 0.2708 -0.8686 -0.4150
vn 0.7071 -0.0402 0.7060
vn -0.7117 0.0116 -0.7024
vn -0.3705 -0.7892 -0.4898
vn 0.5169 0.5223 -0.6782
vn 0.8640 0.4674 0.1871
vn 0.0572 -0.8738 0.4830
vn -0.2446 -0.4403 -0.8639
vn -0.4173 0.9080 -0.0365
vn 0.5331 0.7273 0.4322
vn 0.6557 -0.5563 -0.5105
vn 0.7843 0.4418 0.4356
vn -0.0738 0.5767 0.8136
vn -0.6863 -0.7191 0.1088
vn 0.0028 -0.0215 -0.9998
vn 0.0055 0.0259 0.9997
vn 0.3101 -0.9199 -0.2402
vn 0.6789 0.7308 0.0710
vn -0.3166 0.9083 -0.2733
vn -0.7841 -0.4407 0.4370
vn 0.0906 -0.5511 0.8295
vn 0.2631 0.4662 0.8447
vn -0.6212 0.6056 0.4973
vn -0.5713 -0.7181 -0.3975
vn 0.3914 -0.9176 0.0696
vn -0.4015 -0.8105 -0.4265
vn 0.5853 -0.8107 -0.0175
vn 0.1611 0.4485 0.8792
vn -0.7360 0.4482 0.5074
vn -0.5713 -0.7181 0.3974
vn -0.6214 0.6064 -0.4961
vn 0.2636 0.4669 -0.8441
vn 0.3914 -0.9176 -0.0697
vn -0.1231 -0.7850 -0.6072
vn 0.2708 -0.8685 0.4151
vn -0.4151 0.5324 0.7377
vn -0.7911 0.5921 -0.1535
vn 0.0678 0.7858 0.6148
vn 0.8345 -0.5302 0.1501
vn 0.4567 -0.4809 -0.7484
vn -0.3175 0.8629 -0.3932
vn -0.8561 -0.4771 0.1988
vn -0.0404 0.8655 0.4992
vn 0.3873 0.7918 -0.4723
vn -0.5046 -0.5211 -0.6884
vn -0.1090 -0.3811 0.9181
vn 0.7288 -0.4172 0.5429
vn 0.6436 0.6898 -0.3317
vn -0.5669 0.7887 0.2380
vn -0.7169 -0.0270 -0.6967
vn 0.7180 0.0508 0.6942
vn 0.1095 -0.3809 0.9181
vn 0.5670 0.7886 0.2381
vn -0.6434 0.6901 -0.3312
vn -0.7287 -0.4168 0.5434
vn 0.8582 0.4746 -0.1956
vn 0.5600 -0.8053 0.1947
vn -0.8083 -0.5192 -0.2776
vn -0.2958 0.6805 -0.6704
vn -0.1990 0.6295 -0.7511
vn -0.8859 -0.4428 -0.1384
vn -0.5793 -0.3640 0.7293
vn 0.1686 0.8517 0.4961
vn 0.5331 0.7273 -0.4322
vn -0.4173 0.9080 0.0365
vn -0.2444 -0.4399 0.8641
vn 0.6555 -0.5559 0.5112
vn -0.7844 -0.4409 -0.4362
vn -0.3166 0.9083 0.2733
vn 0.6789 0.7308 -0.0710
vn 0.0907 -0.5517 -0.8291
vn 0.1916 -0.7319 0.6540
vn -0.1314 0.5922 0.7950
vn -0.6221 0.6795 -0.3889
vn 0.5719 0.7587 -0.3121
vn -0.6530 -0.0036 0.7574
vn -0.3349 -0.6184 -0.7109
vn 0.5503 -0.8034 -0.2274
vn 0.7378 0.4244 0.5249
vn -0.1351 0.4521 0.8817
vn -0.6601 -0.7153 0.2294
vn -0.6665 0.7119 0.2214
vn -0.7783 -0.5288 -0.3386
vn 0.5188 -0.8026 0.2944
vn 0.4969 0.5056 0.7054
vn -0.5371 0.8025 0.2598
vn 0.6762 0.7093 -0.1989
vn 0.1251 -0.4278 -0.8952
vn -0.7370 -0.3979 -0.5463
vn 0.1151 -0.5420 0.8325
vn 0.6190 -0.6957 -0.3645
vn 0.3179 0.5673 -0.7597
vn -0.1969 0.7672 0.6104
vn -0.1302 0.4238 -0.8963
vn 0.7238 0.4562 -0.5176
vn 0.6539 -0.6969 0.2944
vn -0.5502 -0.7887 -0.2744
vn 0.5484 0.4022 -0.7331
vn 0.8676 0.4747 0.1479
vn 0.2314 -0.6403 0.7324
vn -0.1343 -0.8488 -0.5114
vn -0.9997 -0.0255 0.0064
vn 0.9998 0.0214 -0.0027
vn -0.3858 0.6404 -0.6641
vn 0.2103 0.8568 0.4709
vn 0.9207 -0.3698 0.1248
vn 0.5383 -0.4428 -0.7171
vn 0.9040 0.4017 -0.1467
vn 0.5217 0.4693 0.7124
vn -0.3521 -0.6497 0.6738
vn 0.2430 -0.8547 -0.4587
vn 0.1990 0.6296 -0.7510
vn -0.1686 0.8517 0.4961
vn 0.5794 -0.3639 0.7293
vn 0.8857 -0.4431 -0.1382
vn -0.3296 0.7381 0.5887
vn 0.5661 -0.3895 0.7265
vn 0.9142 -0.3891 -0.1135
vn 0.1834 0.7382 -0.6492
vn -0.3292 0.7384 -0.5886
vn 0.1834 0.7382 0.6492
vn 0.9143 -0.3889 0.1133
vn 0.5667 -0.3890 -0.7263
vn 0.1135 -0.3890 0.9142
vn 0.6492 0.7382 0.1833
vn 0.7025 -0.1142 -0.7025
vn -0.7040 0.0943 0.7040
vn -0.5887 0.7381 -0.3296
vn -0.7266 -0.3889 0.5664
vn 0.8338 0.5219 -0.1801
vn 0.4622 0.5218 0.7170
vn -0.1831 -0.7516 0.6337
vn 0.3186 -0.7516 -0.5776
vn -0.6338 -0.7516 0.1824
vn -0.7169 0.5218 -0.4624
vn -0.0001 -0.1137 0.9935
vn 0.0007 0.0946 -0.9955
vn 0.1801 0.5218 -0.8338
vn 0.5776 -0.7515 -0.3187
vn 0.7025 -0.1142 0.7025
vn -0.7040 0.0943 -0.7039
vn 0.6334 -0.7518 -0.1834
vn 0.7170 0.5219 0.4622
vn -0.1801 0.5218 0.8338
vn -0.5776 -0.7516 0.3186
vn 0.1135 -0.3890 -0.9142
vn -0.7267 -0.3890 -0.5662
vn -0.5892 0.7379 0.3293
vn 0.6492 0.7382 -0.1833
vn -0.3186 -0.7516 0.5776
vn -0.8338 0.5219 0.1801
vn -0.4623 0.5218 -0.7169
vn 0.1827 -0.7514 -0.6340
vn 0.9935 -0.1138 0.0002
vn -0.9955 0.0948 0.0002
vn -0.6339 -0.7514 -0.1833
vn 0.5776 -0.7516 0.3187
vn 0.1801 0.5218 0.8338
vn -0.7169 0.5218 0.4623
vn 0.7539 0.5160 -0.4067
vn 0.2735 0.6034 0.7491
vn -0.3544 -0.6052 0.7129
vn 0.2431 -0.7305 -0.6382
vn 0.1829 -0.7515 0.6339
vn -0.4622 0.5219 0.7170
vn -0.8338 0.5218 -0.1802
vn -0.3186 -0.7516 -0.5776
vn 0.5887 0.7383 0.3290
vn 0.7267 -0.3890 -0.5661
vn -0.1135 -0.3890 -0.9142
vn -0.6492 0.7382 -0.1833
vn 0.6337 -0.7517 0.1827
vn -0.5776 -0.7516 -0.3187
vn -0.1801 0.5219 -0.8338
vn 0.7170 0.5219 -0.4621
vn -0.9142 -0.3890 0.1135
vn -0.1833 0.7382 0.6492
vn 0.3290 0.7383 -0.5888
vn -0.5663 -0.3890 -0.7267
vn -0.7342 -0.5438 -0.4065
vn -0.4350 0.8414 0.3205
vn 0.6232 0.7764 -0.0944
vn 0.1546 -0.5817 -0.7985
vn -0.5662 -0.3890 0.7267
vn 0.3292 0.7381 0.5889
vn -0.1834 0.7382 -0.6492
vn -0.9142 -0.3890 -0.1135
vn 0.1827 -0.6345 0.7510
vn 0.5212 0.8299 0.1987
vn -0.5088 0.8302 -0.2279
vn -0.6596 -0.6348 0.4024
vt 0.000000 0.000000
s 1
f 385/1/1 386/1/2 29/1/3 7/1/4
f 386/1/2 385/1/1 8/1/5 30/1/6
f 386/1/2 387/1/7 1/1/8 29/1/3
f 387/1/7 386/1/2 30/1/6 2/1/9
f 387/1/7 388/1/10 5/1/11 1/1/8
f 388/1/10 387/1/7 2/1/9 6/1/12
f 388/1/10 385/1/1 7/1/4 5/1/11
f 385/1/1 388/1/10 6/1/12 8/1/5
f 389/1/13 390/1/14 9/1/15 1/1/8
f 390/1/14 389/1/13 2/1/9 10/1/16
f 390/1/14 391/1/17 3/1/18 9/1/15
f 391/1/17 390/1/14 10/1/16 4/1/19
f 391/1/17 392/1/20 5/1/11 3/1/18
f 392/1/20 391/1/17 4/1/19 6/1/12
f 392/1/20 389/1/13 1/1/8 5/1/11
f 389/1/13 392/1/20 6/1/12 2/1/9
f 393/1/21 394/1/22 45/1/23 43/1/24
f 394/1/22 393/1/21 44/1/25 46/1/26
f 394/1/22 395/1/27 37/1/28 45/1/23
f 395/1/27 394/1/22 46/1/26 38/1/29
f 395/1/27 396/1/30 41/1/31 37/1/28
f 396/1/30 395/1/27 38/1/29 42/1/32
f 396/1/30 393/1/21 43/1/24 41/1/31
f 393/1/21 396/1/30 42/1/32 44/1/25
f 397/1/33 398/1/34 27/1/35 43/1/24
f 398/1/34 397/1/33 44/1/25 28/1/36
f 398/1/34 399/1/37 25/1/38 27/1/35
f 399/1/37 398/1/34 28/1/36 26/1/39
f 399/1/37 400/1/40 45/1/23 25/1/38
f 400/1/40 399/1/37 26/1/39 46/1/26
f 400/1/40 397/1/33 43/1/24 45/1/23
f 397/1/33 400/1/40 46/1/26 44/1/25
f 401/1/41 402/1/42 17/1/43 1/1/8
f 402/1/42 401/1/41 2/1/9 18/1/44
f 402/1/42 403/1/45 15/1/46 17/1/43
f 403/1/45 402/1/42 18/1/44 16/1/47
f 403/1/45 404/1/48 9/1/15 15/1/46
f 404/1/48 403/1/45 16/1/47 10/1/16
f 404/1/48 401/1/41 1/1/8 9/1/15
f 401/1/41 404/1/48 10/1/16 2/1/9
f 405/1/49 406/1/50 47/1/51 43/1/24
f 406/1/50 405/1/49 44/1/25 48/1/52
f 406/1/50 407/1/53 23/1/54 47/1/51
f 407/1/53 406/1/50 48/1/52 24/1/55
f 407/1/53 408/1/56 27/1/35 23/1/54
f 408/1/56 407/1/53 24/1/55 28/1/36
f 408/1/56 405/1/49 43/1/24 27/1/35
f 405/1/49 408/1/56 28/1/36 44/1/25
f 409/1/57 410/1/58 21/1/59 15/1/46
f 410/1/58 409/1/57 16/1/47 22/1/60
f 410/1/58 411/1/61 11/1/62 21/1/59
f 411/1/61 410/1/58 22/1/60 12/1/63
f 411/1/61 412/1/64 9/1/15 11/1/62
f 412/1/64 411/1/61 12/1/63 10/1/16
f 412/1/64 409/1/57 15/1/46 9/1/15
f 409/1/57 412/1/64 10/1/16 16/1/47
f 413/1/65 414/1/66 13/1/67 11/1/62
f 414/1/66 413/1/65 12/1/63 14/1/68
f 414/1/66 415/1/69 3/1/18 13/1/67
f 415/1/69 414/1/66 14/1/68 4/1/19
f 415/1/69 416/1/70 9/1/15 3/1/18
f 416/1/70 415/1/69 4/1/19 10/1/16
f 416/1/70 413/1/65 11/1/62 9/1/15
f 413/1/65 416/1/70 10/1/16 12/1/63
f 417/1/71 418/1/72 27/1/35 25/1/38
f 418/1/72 417/1/71 26/1/39 28/1/36
f 418/1/72 419/1/73 11/1/62 27/1/35
f 419/1/73 418/1/72 28/1/36 12/1/63
f 419/1/73 420/1/74 21/1/59 11/1/62
f 420/1/74 419/1/73 12/1/63 22/1/60
f 420/1/74 417/1/71 25/1/38 21/1/59
f 417/1/71 420/1/74 22/1/60 26/1/39
f 421/1/75 422/1/76 23/1/54 27/1/35
f 422/1/76 421/1/75 28/1/36 24/1/55
f 422/1/76 423/1/77 13/1/67 23/1/54
f 423/1/77 422/1/76 24/1/55 14/1/68
f 423/1/77 424/1/78 11/1/62 13/1/67
f 424/1/78 423/1/77 14/1/68 12/1/63
f 424/1/78 421/1/75 27/1/35 11/1/62
f 421/1/75 424/1/78 12/1/63 28/1/36
f 425/1/79 426/1/80 33/1/81 31/1/82
f 426/1/80 425/1/79 32/1/83 34/1/84
f 426/1/80 427/1/85 19/1/86 33/1/81
f 427/1/85 426/1/80 34/1/84 20/1/87
f 427/1/85 428/1/88 29/1/3 19/1/86
f 428/1/88 427/1/85 20/1/87 30/1/6
f 428/1/88 425/1/79 31/1/82 29/1/3
f 425/1/79 428/1/88 30/1/6 32/1/83
f 429/1/89 430/1/90 35/1/91 7/1/4
f 430/1/90 429/1/89 8/1/5 36/1/92
f 430/1/90 431/1/93 31/1/82 35/1/91
f 431/1/93 430/1/90 36/1/92 32/1/83
f 431/1/93 432/1/94 29/1/3 31/1/82
f 432/1/94 431/1/93 32/1/83 30/1/6
f 432/1/94 429/1/89 7/1/4 29/1/3
f 429/1/89 432/1/94 30/1/6 8/1/5
f 433/1/95 434/1/96 29/1/3 1/1/8
f 434/1/96 433/1/95 2/1/9 30/1/6
f 434/1/96 435/1/97 19/1/86 29/1/3
f 435/1/97 434/1/96 30/1/6 20/1/87
f 435/1/97 436/1/98 17/1/43 19/1/86
f 436/1/98 435/1/97 20/1/87 18/1/44
f 436/1/98 433/1/95 1/1/8 17/1/43
f 433/1/95 436/1/98 18/1/44 2/1/9
f 437/1/99 438/1/100 47/1/51 39/1/101
f 438/1/100 437/1/99 40/1/102 48/1/52
f 438/1/100 439/1/103 43/1/24 47/1/51
f 439/1/103 438/1/100 48/1/52 44/1/25
f 439/1/103 440/1/104 41/1/31 43/1/24
f 440/1/104 439/1/103 44/1/25 42/1/32
f 440/1/104 437/1/99 39/1/101 41/1/31
f 437/1/99 440/1/104 42/1/32 40/1/102
f 441/1/105 442/1/106 63/1/107 51/1/108
f 442/1/106 441/1/105 52/1/109 64/1/110
f 442/1/106 443/1/111 55/1/112 63/1/107
f 443/1/111 442/1/106 64/1/110 56/1/113
f 443/1/111 444/1/114 53/1/115 55/1/112
f 444/1/114 443/1/111 56/1/113 54/1/116
f 444/1/114 441/1/105 51/1/108 53/1/115
f 441/1/105 444/1/114 54/1/116 52/1/109
f 445/1/117 446/1/118 251/1/119 317/1/120
f 446/1/118 445/1/117 318/1/121 252/1/122
f 446/1/118 447/1/123 245/1/124 251/1/119
f 447/1/123 446/1/118 252/1/122 246/1/125
f 447/1/123 448/1/126 315/1/127 245/1/124
f 448/1/126 447/1/123 246/1/125 316/1/128
f 448/1/126 445/1/117 317/1/120 315/1/127
f 445/1/117 448/1/126 316/1/128 318/1/121
f 449/1/129 450/1/130 65/1/131 95/1/132
f 450/1/130 449/1/129 96/1/133 66/1/134
f 450/1/130 451/1/135 55/1/112 65/1/131
f 451/1/135 450/1/130 66/1/134 56/1/113
f 451/1/135 452/1/136 63/1/107 55/1/112
f 452/1/136 451/1/135 56/1/113 64/1/110
f 452/1/136 449/1/129 95/1/132 63/1/107
f 449/1/129 452/1/136 64/1/110 96/1/133
f 453/1/137 454/1/138 69/1/139 61/1/140
f 454/1/138 453/1/137 62/1/141 70/1/142
f 454/1/138 455/1/143 63/1/107 69/1/139
f 455/1/143 454/1/138 70/1/142 64/1/110
f 455/1/143 456/1/144 51/1/108 63/1/107
f 456/1/144 455/1/143 64/1/110 52/1/109
f 456/1/144 453/1/137 61/1/140 51/1/108
f 453/1/137 456/1/144 52/1/109 62/1/141
f 457/1/145 458/1/146 241/1/147 313/1/148
f 458/1/146 457/1/145 314/1/149 242/1/150
f 458/1/146 459/1/151 231/1/152 241/1/147
f 459/1/151 458/1/146 242/1/150 232/1/153
f 459/1/151 460/1/154 311/1/155 231/1/152
f 460/1/154 459/1/151 232/1/153 312/1/156
f 460/1/154 457/1/145 313/1/148 311/1/155
f 457/1/145 460/1/154 312/1/156 314/1/149
f 461/1/157 462/1/158 95/1/132 89/1/159
f 462/1/158 461/1/157 90/1/160 96/1/133
f 462/1/158 463/1/161 93/1/162 95/1/132
f 463/1/161 462/1/158 96/1/133 94/1/163
f 463/1/161 464/1/164 87/1/165 93/1/162
f 464/1/164 463/1/161 94/1/163 88/1/166
f 464/1/164 461/1/157 89/1/159 87/1/165
f 461/1/157 464/1/164 88/1/166 90/1/160
f 465/1/167 466/1/168 65/1/131 91/1/169
f 466/1/168 465/1/167 92/1/170 66/1/134
f 466/1/168 467/1/171 95/1/132 65/1/131
f 467/1/171 466/1/168 66/1/134 96/1/133
f 467/1/171 468/1/172 89/1/159 95/1/132
f 468/1/172 467/1/171 96/1/133 90/1/160
f 468/1/172 465/1/167 91/1/169 89/1/159
f 465/1/167 468/1/172 90/1/160 92/1/170
f 469/1/173 470/1/174 77/1/175 73/1/176
f 470/1/174 469/1/173 74/1/177 78/1/178
f 470/1/174 471/1/179 71/1/180 77/1/175
f 471/1/179 470/1/174 78/1/178 72/1/181
f 471/1/179 472/1/182 59/1/183 71/1/180
f 472/1/182 471/1/179 72/1/181 60/1/184
f 472/1/182 469/1/173 73/1/176 59/1/183
f 469/1/173 472/1/182 60/1/184 74/1/177
f 473/1/185 474/1/186 91/1/169 79/1/187
f 474/1/186 473/1/185 80/1/188 92/1/170
f 474/1/186 475/1/189 89/1/159 91/1/169
f 475/1/189 474/1/186 92/1/170 90/1/160
f 475/1/189 476/1/190 83/1/191 89/1/159
f 476/1/190 475/1/189 90/1/160 84/1/192
f 476/1/190 473/1/185 79/1/187 83/1/191
f 473/1/185 476/1/190 84/1/192 80/1/188
f 477/1/193 478/1/194 375/1/195 33/1/81
f 478/1/194 477/1/193 34/1/84 376/1/196
f 478/1/194 479/1/197 373/1/198 375/1/195
f 479/1/197 478/1/194 376/1/196 374/1/199
f 479/1/197 480/1/200 19/1/86 373/1/198
f 480/1/200 479/1/197 374/1/199 20/1/87
f 480/1/200 477/1/193 33/1/81 19/1/86
f 477/1/193 480/1/200 20/1/87 34/1/84
f 481/1/201 482/1/202 85/1/203 83/1/191
f 482/1/202 481/1/201 84/1/192 86/1/204
f 482/1/202 483/1/205 81/1/206 85/1/203
f 483/1/205 482/1/202 86/1/204 82/1/207
f 483/1/205 484/1/208 77/1/175 81/1/206
f 484/1/208 483/1/205 82/1/207 78/1/178
f 484/1/208 481/1/201 83/1/191 77/1/175
f 481/1/201 484/1/208 78/1/178 84/1/192
f 485/1/209 486/1/210 81/1/206 77/1/175
f 486/1/210 485/1/209 78/1/178 82/1/207
f 486/1/210 487/1/211 75/1/212 81/1/206
f 487/1/211 486/1/210 82/1/207 76/1/213
f 487/1/211 488/1/214 71/1/180 75/1/212
f 488/1/214 487/1/211 76/1/213 72/1/181
f 488/1/214 485/1/209 77/1/175 71/1/180
f 485/1/209 488/1/214 72/1/181 78/1/178
f 489/1/215 490/1/216 71/1/180 59/1/183
f 490/1/216 489/1/215 60/1/184 72/1/181
f 490/1/216 491/1/217 57/1/218 71/1/180
f 491/1/217 490/1/216 72/1/181 58/1/219
f 491/1/217 492/1/220 49/1/221 57/1/218
f 492/1/220 491/1/217 58/1/219 50/1/222
f 492/1/220 489/1/215 59/1/183 49/1/221
f 489/1/215 492/1/220 50/1/222 60/1/184
f 493/1/223 494/1/224 75/1/212 71/1/180
f 494/1/224 493/1/223 72/1/181 76/1/213
f 494/1/224 495/1/225 67/1/226 75/1/212
f 495/1/225 494/1/224 76/1/213 68/1/227
f 495/1/225 496/1/228 57/1/218 67/1/226
f 496/1/228 495/1/225 68/1/227 58/1/219
f 496/1/228 493/1/223 71/1/180 57/1/218
f 493/1/223 496/1/228 58/1/219 72/1/181
f 497/1/229 498/1/230 109/1/231 103/1/232
f 498/1/230 497/1/229 104/1/233 110/1/234
f 498/1/230 499/1/235 99/1/236 109/1/231
f 499/1/235 498/1/230 110/1/234 100/1/237
f 499/1/235 500/1/238 97/1/239 99/1/236
f 500/1/238 499/1/235 100/1/237 98/1/240
f 500/1/238 497/1/229 103/1/232 97/1/239
f 497/1/229 500/1/238 98/1/240 104/1/233
f 501/1/241 502/1/242 79/1/187 361/1/243
f 502/1/242 501/1/241 362/1/244 80/1/188
f 502/1/242 503/1/245 73/1/176 79/1/187
f 503/1/245 502/1/242 80/1/188 74/1/177
f 503/1/245 504/1/246 359/1/247 73/1/176
f 504/1/246 503/1/245 74/1/177 360/1/248
f 504/1/246 501/1/241 361/1/243 359/1/247
f 501/1/241 504/1/246 360/1/248 362/1/244
f 505/1/249 506/1/250 125/1/251 111/1/252
f 506/1/250 505/1/249 112/1/253 126/1/254
f 506/1/250 507/1/255 109/1/231 125/1/251
f 507/1/255 506/1/250 126/1/254 110/1/234
f 507/1/255 508/1/256 103/1/232 109/1/231
f 508/1/256 507/1/255 110/1/234 104/1/233
f 508/1/256 505/1/249 111/1/252 103/1/232
f 505/1/249 508/1/256 104/1/233 112/1/253
f 509/1/257 510/1/258 65/1/131 365/1/259
f 510/1/258 509/1/257 366/1/260 66/1/134
f 510/1/258 511/1/261 91/1/169 65/1/131
f 511/1/261 510/1/258 66/1/134 92/1/170
f 511/1/261 512/1/262 363/1/263 91/1/169
f 512/1/262 511/1/261 92/1/170 364/1/264
f 512/1/262 509/1/257 365/1/259 363/1/263
f 509/1/257 512/1/262 364/1/264 366/1/260
f 513/1/265 514/1/266 117/1/267 109/1/231
f 514/1/266 513/1/265 110/1/234 118/1/268
f 514/1/266 515/1/269 115/1/270 117/1/267
f 515/1/269 514/1/266 118/1/268 116/1/271
f 515/1/269 516/1/272 99/1/236 115/1/270
f 516/1/272 515/1/269 116/1/271 100/1/237
f 516/1/272 513/1/265 109/1/231 99/1/236
f 513/1/265 516/1/272 100/1/237 110/1/234
f 517/1/273 518/1/274 191/1/275 189/1/276
f 518/1/274 517/1/273 190/1/277 192/1/278
f 518/1/274 519/1/279 185/1/280 191/1/275
f 519/1/279 518/1/274 192/1/278 186/1/281
f 519/1/279 520/1/282 187/1/283 185/1/280
f 520/1/282 519/1/279 186/1/281 188/1/284
f 520/1/282 517/1/273 189/1/276 187/1/283
f 517/1/273 520/1/282 188/1/284 190/1/277
f 521/1/285 522/1/286 127/1/287 125/1/251
f 522/1/286 521/1/285 126/1/254 128/1/288
f 522/1/286 523/1/289 117/1/267 127/1/287
f 523/1/289 522/1/286 128/1/288 118/1/268
f 523/1/289 524/1/290 109/1/231 117/1/267
f 524/1/290 523/1/289 118/1/268 110/1/234
f 524/1/290 521/1/285 125/1/251 109/1/231
f 521/1/285 524/1/290 110/1/234 126/1/254
f 525/1/291 526/1/292 143/1/293 129/1/294
f 526/1/292 525/1/291 130/1/295 144/1/296
f 526/1/292 527/1/297 125/1/251 143/1/293
f 527/1/297 526/1/292 144/1/296 126/1/254
f 527/1/297 528/1/298 111/1/252 125/1/251
f 528/1/298 527/1/297 126/1/254 112/1/253
f 528/1/298 525/1/291 129/1/294 111/1/252
f 525/1/291 528/1/298 112/1/253 130/1/295
f 529/1/299 530/1/300 365/1/259 93/1/162
f 530/1/300 529/1/299 94/1/163 366/1/260
f 530/1/300 531/1/301 363/1/263 365/1/259
f 531/1/301 530/1/300 366/1/260 364/1/264
f 531/1/301 532/1/302 87/1/165 363/1/263
f 532/1/302 531/1/301 364/1/264 88/1/166
f 532/1/302 529/1/299 93/1/162 87/1/165
f 529/1/299 532/1/302 88/1/166 94/1/163
f 533/1/303 534/1/304 125/1/251 127/1/287
f 534/1/304 533/1/303 128/1/288 126/1/254
f 534/1/304 535/1/305 143/1/293 125/1/251
f 535/1/305 534/1/304 126/1/254 144/1/296
f 535/1/305 536/1/306 141/1/307 143/1/293
f 536/1/306 535/1/305 144/1/296 142/1/308
f 536/1/306 533/1/303 127/1/287 141/1/307
f 533/1/303 536/1/306 142/1/308 128/1/288
f 537/1/309 538/1/310 143/1/293 135/1/311
f 538/1/310 537/1/309 136/1/312 144/1/296
f 538/1/310 539/1/313 129/1/294 143/1/293
f 539/1/313 538/1/310 144/1/296 130/1/295
f 539/1/313 540/1/314 137/1/315 129/1/294
f 540/1/314 539/1/313 130/1/295 138/1/316
f 540/1/314 537/1/309 135/1/311 137/1/315
f 537/1/309 540/1/314 138/1/316 136/1/312
f 541/1/317 542/1/318 181/1/319 179/1/320
f 542/1/318 541/1/317 180/1/321 182/1/322
f 542/1/318 543/1/323 165/1/324 181/1/319
f 543/1/323 542/1/318 182/1/322 166/1/325
f 543/1/323 544/1/326 175/1/327 165/1/324
f 544/1/326 543/1/323 166/1/325 176/1/328
f 544/1/326 541/1/317 179/1/320 175/1/327
f 541/1/317 544/1/326 176/1/328 180/1/321
f 545/1/329 546/1/330 139/1/331 133/1/332
f 546/1/330 545/1/329 134/1/333 140/1/334
f 546/1/330 547/1/335 135/1/311 139/1/331
f 547/1/335 546/1/330 140/1/334 136/1/312
f 547/1/335 548/1/336 131/1/337 135/1/311
f 548/1/336 547/1/335 136/1/312 132/1/338
f 548/1/336 545/1/329 133/1/332 131/1/337
f 545/1/329 548/1/336 132/1/338 134/1/333
f 549/1/339 550/1/340 179/1/320 177/1/341
f 550/1/340 549/1/339 178/1/342 180/1/321
f 550/1/340 551/1/343 175/1/327 179/1/320
f 551/1/343 550/1/340 180/1/321 176/1/328
f 551/1/343 552/1/344 167/1/345 175/1/327
f 552/1/344 551/1/343 176/1/328 168/1/346
f 552/1/344 549/1/339 177/1/341 167/1/345
f 549/1/339 552/1/344 168/1/346 178/1/342
f 553/1/347 554/1/348 191/1/275 183/1/349
f 554/1/348 553/1/347 184/1/350 192/1/278
f 554/1/348 555/1/351 179/1/320 191/1/275
f 555/1/351 554/1/348 192/1/278 180/1/321
f 555/1/351 556/1/352 177/1/341 179/1/320
f 556/1/352 555/1/351 180/1/321 178/1/342
f 556/1/352 553/1/347 183/1/349 177/1/341
f 553/1/347 556/1/352 178/1/342 184/1/350
f 557/1/353 558/1/354 175/1/327 159/1/355
f 558/1/354 557/1/353 160/1/356 176/1/328
f 558/1/354 559/1/357 165/1/324 175/1/327
f 559/1/357 558/1/354 176/1/328 166/1/325
f 559/1/357 560/1/358 161/1/359 165/1/324
f 560/1/358 559/1/357 166/1/325 162/1/360
f 560/1/358 557/1/353 159/1/355 161/1/359
f 557/1/353 560/1/358 162/1/360 160/1/356
f 561/1/361 562/1/362 175/1/327 167/1/345
f 562/1/362 561/1/361 168/1/346 176/1/328
f 562/1/362 563/1/363 159/1/355 175/1/327
f 563/1/363 562/1/362 176/1/328 160/1/356
f 563/1/363 564/1/364 163/1/365 159/1/355
f 564/1/364 563/1/363 160/1/356 164/1/366
f 564/1/364 561/1/361 167/1/345 163/1/365
f 561/1/361 564/1/364 164/1/366 168/1/346
f 565/1/367 566/1/368 201/1/369 321/1/370
f 566/1/368 565/1/367 322/1/371 202/1/372
f 566/1/368 567/1/373 203/1/374 201/1/369
f 567/1/373 566/1/368 202/1/372 204/1/375
f 567/1/373 568/1/376 323/1/377 203/1/374
f 568/1/376 567/1/373 204/1/375 324/1/378
f 568/1/376 565/1/367 321/1/370 323/1/377
f 565/1/367 568/1/376 324/1/378 322/1/371
f 569/1/379 570/1/380 341/1/381 117/1/267
f 570/1/380 569/1/379 118/1/268 342/1/382
f 570/1/380 571/1/383 337/1/384 341/1/381
f 571/1/383 570/1/380 342/1/382 338/1/385
f 571/1/383 572/1/386 115/1/270 337/1/384
f 572/1/386 571/1/383 338/1/385 116/1/271
f 572/1/386 569/1/379 117/1/267 115/1/270
f 569/1/379 572/1/386 116/1/271 118/1/268
f 573/1/387 574/1/388 179/1/320 181/1/319
f 574/1/388 573/1/387 182/1/322 180/1/321
f 574/1/388 575/1/389 191/1/275 179/1/320
f 575/1/389 574/1/388 180/1/321 192/1/278
f 575/1/389 576/1/390 189/1/276 191/1/275
f 576/1/390 575/1/389 192/1/278 190/1/277
f 576/1/390 573/1/387 181/1/319 189/1/276
f 573/1/387 576/1/390 190/1/277 182/1/322
f 577/1/391 578/1/392 183/1/349 191/1/275
f 578/1/392 577/1/391 192/1/278 184/1/350
f 578/1/392 579/1/393 171/1/394 183/1/349
f 579/1/393 578/1/392 184/1/350 172/1/395
f 579/1/393 580/1/396 185/1/280 171/1/394
f 580/1/396 579/1/393 172/1/395 186/1/281
f 580/1/396 577/1/391 191/1/275 185/1/280
f 577/1/391 580/1/396 186/1/281 192/1/278
f 581/1/397 582/1/398 169/1/399 147/1/400
f 582/1/398 581/1/397 148/1/401 170/1/402
f 582/1/398 583/1/403 157/1/404 169/1/399
f 583/1/403 582/1/398 170/1/402 158/1/405
f 583/1/403 584/1/406 153/1/407 157/1/404
f 584/1/406 583/1/403 158/1/405 154/1/408
f 584/1/406 581/1/397 147/1/400 153/1/407
f 581/1/397 584/1/406 154/1/408 148/1/401
f 585/1/409 586/1/410 151/1/411 145/1/412
f 586/1/410 585/1/409 146/1/413 152/1/414
f 586/1/410 587/1/415 147/1/400 151/1/411
f 587/1/415 586/1/410 152/1/414 148/1/401
f 587/1/415 588/1/416 149/1/417 147/1/400
f 588/1/416 587/1/415 148/1/401 150/1/418
f 588/1/416 585/1/409 145/1/412 149/1/417
f 585/1/409 588/1/416 150/1/418 146/1/413
f 589/1/419 590/1/420 367/1/421 355/1/422
f 590/1/420 589/1/419 356/1/423 368/1/424
f 590/1/420 591/1/425 69/1/139 367/1/421
f 591/1/425 590/1/420 368/1/424 70/1/142
f 591/1/425 592/1/426 61/1/140 69/1/139
f 592/1/426 591/1/425 70/1/142 62/1/141
f 592/1/426 589/1/419 355/1/422 61/1/140
f 589/1/419 592/1/426 62/1/141 356/1/423
f 593/1/427 594/1/428 187/1/283 173/1/429
f 594/1/428 593/1/427 174/1/430 188/1/284
f 594/1/428 595/1/431 185/1/280 187/1/283
f 595/1/431 594/1/428 188/1/284 186/1/281
f 595/1/431 596/1/432 169/1/399 185/1/280
f 596/1/432 595/1/431 186/1/281 170/1/402
f 596/1/432 593/1/427 173/1/429 169/1/399
f 593/1/427 596/1/432 170/1/402 174/1/430
f 597/1/433 598/1/434 143/1/293 141/1/307
f 598/1/434 597/1/433 142/1/308 144/1/296
f 598/1/434 599/1/435 135/1/311 143/1/293
f 599/1/435 598/1/434 144/1/296 136/1/312
f 599/1/435 600/1/436 139/1/331 135/1/311
f 600/1/436 599/1/435 136/1/312 140/1/334
f 600/1/436 597/1/433 141/1/307 139/1/331
f 597/1/433 600/1/436 140/1/334 142/1/308
f 601/1/437 602/1/438 89/1/159 83/1/191
f 602/1/438 601/1/437 84/1/192 90/1/160
f 602/1/438 603/1/439 87/1/165 89/1/159
f 603/1/439 602/1/438 90/1/160 88/1/166
f 603/1/439 604/1/440 85/1/203 87/1/165
f 604/1/440 603/1/439 88/1/166 86/1/204
f 604/1/440 601/1/437 83/1/191 85/1/203
f 601/1/437 604/1/440 86/1/204 84/1/192
f 605/1/441 606/1/442 83/1/191 79/1/187
f 606/1/442 605/1/441 80/1/188 84/1/192
f 606/1/442 607/1/443 77/1/175 83/1/191
f 607/1/443 606/1/442 84/1/192 78/1/178
f 607/1/443 608/1/444 73/1/176 77/1/175
f 608/1/444 607/1/443 78/1/178 74/1/177
f 608/1/444 605/1/441 79/1/187 73/1/176
f 605/1/441 608/1/444 74/1/177 80/1/188
f 609/1/445 610/1/446 323/1/377 321/1/370
f 610/1/446 609/1/445 322/1/371 324/1/378
f 610/1/446 611/1/447 195/1/448 323/1/377
f 611/1/447 610/1/446 324/1/378 196/1/449
f 611/1/447 612/1/450 193/1/451 195/1/448
f 612/1/450 611/1/447 196/1/449 194/1/452
f 612/1/450 609/1/445 321/1/370 193/1/451
f 609/1/445 612/1/450 194/1/452 322/1/371
f 613/1/453 614/1/454 209/1/455 221/1/456
f 614/1/454 613/1/453 222/1/457 210/1/458
f 614/1/454 615/1/459 335/1/460 209/1/455
f 615/1/459 614/1/454 210/1/458 336/1/461
f 615/1/459 616/1/462 333/1/463 335/1/460
f 616/1/462 615/1/459 336/1/461 334/1/464
f 616/1/462 613/1/453 221/1/456 333/1/463
f 613/1/453 616/1/462 334/1/464 222/1/457
f 617/1/465 618/1/466 299/1/467 297/1/468
f 618/1/466 617/1/465 298/1/469 300/1/470
f 618/1/466 619/1/471 287/1/472 299/1/467
f 619/1/471 618/1/466 300/1/470 288/1/473
f 619/1/471 620/1/474 285/1/475 287/1/472
f 620/1/474 619/1/471 288/1/473 286/1/476
f 620/1/474 617/1/465 297/1/468 285/1/475
f 617/1/465 620/1/474 286/1/476 298/1/469
f 621/1/477 622/1/478 63/1/107 95/1/132
f 622/1/478 621/1/477 96/1/133 64/1/110
f 622/1/478 623/1/479 69/1/139 63/1/107
f 623/1/479 622/1/478 64/1/110 70/1/142
f 623/1/479 624/1/480 93/1/162 69/1/139
f 624/1/480 623/1/479 70/1/142 94/1/163
f 624/1/480 621/1/477 95/1/132 93/1/162
f 621/1/477 624/1/480 94/1/163 96/1/133
f 625/1/481 626/1/482 67/1/226 57/1/218
f 626/1/482 625/1/481 58/1/219 68/1/227
f 626/1/482 627/1/483 61/1/140 67/1/226
f 627/1/483 626/1/482 68/1/227 62/1/141
f 627/1/483 628/1/484 51/1/108 61/1/140
f 628/1/484 627/1/483 62/1/141 52/1/109
f 628/1/484 625/1/481 57/1/218 51/1/108
f 625/1/481 628/1/484 52/1/109 58/1/219
f 629/1/485 630/1/486 307/1/487 305/1/488
f 630/1/486 629/1/485 306/1/489 308/1/490
f 630/1/486 631/1/491 225/1/492 307/1/487
f 631/1/491 630/1/486 308/1/490 226/1/493
f 631/1/491 632/1/494 227/1/495 225/1/492
f 632/1/494 631/1/491 226/1/493 228/1/496
f 632/1/494 629/1/485 305/1/488 227/1/495
f 629/1/485 632/1/494 228/1/496 306/1/489
f 633/1/497 634/1/498 269/1/499 265/1/500
f 634/1/498 633/1/497 266/1/501 270/1/502
f 634/1/498 635/1/503 259/1/504 269/1/499
f 635/1/503 634/1/498 270/1/502 260/1/505
f 635/1/503 636/1/506 263/1/507 259/1/504
f 636/1/506 635/1/503 260/1/505 264/1/508
f 636/1/506 633/1/497 265/1/500 263/1/507
f 633/1/497 636/1/506 264/1/508 266/1/501
f 637/1/509 638/1/510 277/1/511 269/1/499
f 638/1/510 637/1/509 270/1/502 278/1/512
f 638/1/510 639/1/513 271/1/514 277/1/511
f 639/1/513 638/1/510 278/1/512 272/1/515
f 639/1/513 640/1/516 259/1/504 271/1/514
f 640/1/516 639/1/513 272/1/515 260/1/505
f 640/1/516 637/1/509 269/1/499 259/1/504
f 637/1/509 640/1/516 260/1/505 270/1/502
f 641/1/517 642/1/518 285/1/475 273/1/519
f 642/1/518 641/1/517 274/1/520 286/1/476
f 642/1/518 643/1/521 269/1/499 285/1/475
f 643/1/521 642/1/518 286/1/476 270/1/502
f 643/1/521 644/1/522 265/1/500 269/1/499
f 644/1/522 643/1/521 270/1/502 266/1/501
f 644/1/522 641/1/517 273/1/519 265/1/500
f 641/1/517 644/1/522 266/1/501 274/1/520
f 645/1/523 646/1/524 301/1/525 295/1/526
f 646/1/524 645/1/523 296/1/527 302/1/528
f 646/1/524 647/1/529 297/1/468 301/1/525
f 647/1/529 646/1/524 302/1/528 298/1/469
f 647/1/529 648/1/530 289/1/531 297/1/468
f 648/1/530 647/1/529 298/1/469 290/1/532
f 648/1/530 645/1/523 295/1/526 289/1/531
f 645/1/523 648/1/530 290/1/532 296/1/527
f 649/1/533 650/1/534 275/1/535 271/1/514
f 650/1/534 649/1/533 272/1/515 276/1/536
f 650/1/534 651/1/537 261/1/538 275/1/535
f 651/1/537 650/1/534 276/1/536 262/1/539
f 651/1/537 652/1/540 259/1/504 261/1/538
f 652/1/540 651/1/537 262/1/539 260/1/505
f 652/1/540 649/1/533 271/1/514 259/1/504
f 649/1/533 652/1/540 260/1/505 272/1/515
f 653/1/541 654/1/542 291/1/543 279/1/544
f 654/1/542 653/1/541 280/1/545 292/1/546
f 654/1/542 655/1/547 281/1/548 291/1/543
f 655/1/547 654/1/542 292/1/546 282/1/549
f 655/1/547 656/1/550 267/1/551 281/1/548
f 656/1/550 655/1/547 282/1/549 268/1/552
f 656/1/550 653/1/541 279/1/544 267/1/551
f 653/1/541 656/1/550 268/1/552 280/1/545
f 657/1/553 658/1/554 279/1/544 261/1/538
f 658/1/554 657/1/553 262/1/539 280/1/545
f 658/1/554 659/1/555 267/1/551 279/1/544
f 659/1/555 658/1/554 280/1/545 268/1/552
f 659/1/555 660/1/556 257/1/557 267/1/551
f 660/1/556 659/1/555 268/1/552 258/1/558
f 660/1/556 657/1/553 261/1/538 257/1/557
f 657/1/553 660/1/556 258/1/558 262/1/539
f 661/1/559 662/1/560 297/1/468 289/1/531
f 662/1/560 661/1/559 290/1/532 298/1/469
f 662/1/560 663/1/561 285/1/475 297/1/468
f 663/1/561 662/1/560 298/1/469 286/1/476
f 663/1/561 664/1/562 273/1/519 285/1/475
f 664/1/562 663/1/561 286/1/476 274/1/520
f 664/1/562 661/1/559 289/1/531 273/1/519
f 661/1/559 664/1/562 274/1/520 290/1/532
f 665/1/563 666/1/564 283/1/565 275/1/535
f 666/1/564 665/1/563 276/1/536 284/1/566
f 666/1/564 667/1/567 279/1/544 283/1/565
f 667/1/567 666/1/564 284/1/566 280/1/545
f 667/1/567 668/1/568 261/1/538 279/1/544
f 668/1/568 667/1/567 280/1/545 262/1/539
f 668/1/568 665/1/563 275/1/535 261/1/538
f 665/1/563 668/1/568 262/1/539 276/1/536
f 669/1/569 670/1/570 287/1/472 285/1/475
f 670/1/570 669/1/569 286/1/476 288/1/473
f 670/1/570 671/1/571 277/1/511 287/1/472
f 671/1/571 670/1/570 288/1/473 278/1/512
f 671/1/571 672/1/572 269/1/499 277/1/511
f 672/1/572 671/1/571 278/1/512 270/1/502
f 672/1/572 669/1/569 285/1/475 269/1/499
f 669/1/569 672/1/572 270/1/502 286/1/476
f 673/1/573 674/1/574 155/1/575 153/1/407
f 674/1/574 673/1/573 154/1/408 156/1/576
f 674/1/574 675/1/577 149/1/417 155/1/575
f 675/1/577 674/1/574 156/1/576 150/1/418
f 675/1/577 676/1/578 147/1/400 149/1/417
f 676/1/578 675/1/577 150/1/418 148/1/401
f 676/1/578 673/1/573 153/1/407 147/1/400
f 673/1/573 676/1/578 148/1/401 154/1/408
f 677/1/579 678/1/580 293/1/581 283/1/565
f 678/1/580 677/1/579 284/1/566 294/1/582
f 678/1/580 679/1/583 291/1/543 293/1/581
f 679/1/583 678/1/580 294/1/582 292/1/546
f 679/1/583 680/1/584 279/1/544 291/1/543
f 680/1/584 679/1/583 292/1/546 280/1/545
f 680/1/584 677/1/579 283/1/565 279/1/544
f 677/1/579 680/1/584 280/1/545 284/1/566
f 681/1/585 682/1/586 301/1/525 291/1/543
f 682/1/586 681/1/585 292/1/546 302/1/528
f 682/1/586 683/1/587 295/1/526 301/1/525
f 683/1/587 682/1/586 302/1/528 296/1/527
f 683/1/587 684/1/588 281/1/548 295/1/526
f 684/1/588 683/1/587 296/1/527 282/1/549
f 684/1/588 681/1/585 291/1/543 281/1/548
f 681/1/585 684/1/588 282/1/549 292/1/546
f 685/1/589 686/1/590 303/1/591 293/1/581
f 686/1/590 685/1/589 294/1/582 304/1/592
f 686/1/590 687/1/593 301/1/525 303/1/591
f 687/1/593 686/1/590 304/1/592 302/1/528
f 687/1/593 688/1/594 291/1/543 301/1/525
f 688/1/594 687/1/593 302/1/528 292/1/546
f 688/1/594 685/1/589 293/1/581 291/1/543
f 685/1/589 688/1/594 292/1/546 294/1/582
f 689/1/595 690/1/596 363/1/263 87/1/165
f 690/1/596 689/1/595 88/1/166 364/1/264
f 690/1/596 691/1/597 361/1/243 363/1/263
f 691/1/597 690/1/596 364/1/264 362/1/244
f 691/1/597 692/1/598 85/1/203 361/1/243
f 692/1/598 691/1/597 362/1/244 86/1/204
f 692/1/598 689/1/595 87/1/165 85/1/203
f 689/1/595 692/1/598 86/1/204 88/1/166
f 693/1/599 694/1/600 3/1/18 5/1/11
f 694/1/600 693/1/599 6/1/12 4/1/19
f 694/1/600 695/1/601 371/1/602 3/1/18
f 695/1/601 694/1/600 4/1/19 372/1/603
f 695/1/601 696/1/604 369/1/605 371/1/602
f 696/1/604 695/1/601 372/1/603 370/1/606
f 696/1/604 693/1/599 5/1/11 369/1/605
f 693/1/599 696/1/604 370/1/606 6/1/12
f 697/1/607 698/1/608 121/1/609 113/1/610
f 698/1/608 697/1/607 114/1/611 122/1/612
f 698/1/608 699/1/613 119/1/614 121/1/609
f 699/1/613 698/1/608 122/1/612 120/1/615
f 699/1/613 700/1/616 105/1/617 119/1/614
f 700/1/616 699/1/613 120/1/615 106/1/618
f 700/1/616 697/1/607 113/1/610 105/1/617
f 697/1/607 700/1/616 106/1/618 114/1/611
f 701/1/619 702/1/620 309/1/621 229/1/622
f 702/1/620 701/1/619 230/1/623 310/1/624
f 702/1/620 703/1/625 305/1/488 309/1/621
f 703/1/625 702/1/620 310/1/624 306/1/489
f 703/1/625 704/1/626 227/1/495 305/1/488
f 704/1/626 703/1/625 306/1/489 228/1/496
f 704/1/626 701/1/619 229/1/622 227/1/495
f 701/1/619 704/1/626 228/1/496 230/1/623
f 705/1/627 706/1/628 115/1/270 99/1/236
f 706/1/628 705/1/627 100/1/237 116/1/271
f 706/1/628 707/1/629 113/1/610 115/1/270
f 707/1/629 706/1/628 116/1/271 114/1/611
f 707/1/629 708/1/630 105/1/617 113/1/610
f 708/1/630 707/1/629 114/1/611 106/1/618
f 708/1/630 705/1/627 99/1/236 105/1/617
f 705/1/627 708/1/630 106/1/618 100/1/237
f 709/1/631 710/1/632 311/1/155 307/1/487
f 710/1/632 709/1/631 308/1/490 312/1/156
f 710/1/632 711/1/633 231/1/152 311/1/155
f 711/1/633 710/1/632 312/1/156 232/1/153
f 711/1/633 712/1/634 225/1/492 231/1/152
f 712/1/634 711/1/633 232/1/153 226/1/493
f 712/1/634 709/1/631 307/1/487 225/1/492
f 709/1/631 712/1/634 226/1/493 308/1/490
f 713/1/635 714/1/636 239/1/637 309/1/621
f 714/1/636 713/1/635 310/1/624 240/1/638
f 714/1/636 715/1/639 233/1/640 239/1/637
f 715/1/639 714/1/636 240/1/638 234/1/641
f 715/1/639 716/1/642 305/1/488 233/1/640
f 716/1/642 715/1/639 234/1/641 306/1/489
f 716/1/642 713/1/635 309/1/621 305/1/488
f 713/1/635 716/1/642 306/1/489 310/1/624
f 717/1/643 718/1/644 105/1/617 99/1/236
f 718/1/644 717/1/643 100/1/237 106/1/618
f 718/1/644 719/1/645 101/1/646 105/1/617
f 719/1/645 718/1/644 106/1/618 102/1/647
f 719/1/645 720/1/648 97/1/239 101/1/646
f 720/1/648 719/1/645 102/1/647 98/1/240
f 720/1/648 717/1/643 99/1/236 97/1/239
f 717/1/643 720/1/648 98/1/240 100/1/237
f 721/1/649 722/1/650 309/1/621 239/1/637
f 722/1/650 721/1/649 240/1/638 310/1/624
f 722/1/650 723/1/651 319/1/652 309/1/621
f 723/1/651 722/1/650 310/1/624 320/1/653
f 723/1/651 724/1/654 249/1/655 319/1/652
f 724/1/654 723/1/651 320/1/653 250/1/656
f 724/1/654 721/1/649 239/1/637 249/1/655
f 721/1/649 724/1/654 250/1/656 240/1/638
f 725/1/657 726/1/658 235/1/659 319/1/652
f 726/1/658 725/1/657 320/1/653 236/1/660
f 726/1/658 727/1/661 251/1/119 235/1/659
f 727/1/661 726/1/658 236/1/660 252/1/122
f 727/1/661 728/1/662 317/1/120 251/1/119
f 728/1/662 727/1/661 252/1/122 318/1/121
f 728/1/662 725/1/657 319/1/652 317/1/120
f 725/1/657 728/1/662 318/1/121 320/1/653
f 729/1/663 730/1/664 123/1/665 131/1/337
f 730/1/664 729/1/663 132/1/338 124/1/666
f 730/1/664 731/1/667 107/1/668 123/1/665
f 731/1/667 730/1/664 124/1/666 108/1/669
f 731/1/667 732/1/670 119/1/614 107/1/668
f 732/1/670 731/1/667 108/1/669 120/1/615
f 732/1/670 729/1/663 131/1/337 119/1/614
f 729/1/663 732/1/670 120/1/615 132/1/338
f 733/1/671 734/1/672 161/1/359 159/1/355
f 734/1/672 733/1/671 160/1/356 162/1/360
f 734/1/672 735/1/673 145/1/412 161/1/359
f 735/1/673 734/1/672 162/1/360 146/1/413
f 735/1/673 736/1/674 149/1/417 145/1/412
f 736/1/674 735/1/673 146/1/413 150/1/418
f 736/1/674 733/1/671 159/1/355 149/1/417
f 733/1/671 736/1/674 150/1/418 160/1/356
f 737/1/675 738/1/676 317/1/120 255/1/677
f 738/1/676 737/1/675 256/1/678 318/1/121
f 738/1/676 739/1/679 315/1/127 317/1/120
f 739/1/679 738/1/676 318/1/121 316/1/128
f 739/1/679 740/1/680 253/1/681 315/1/127
f 740/1/680 739/1/679 316/1/128 254/1/682
f 740/1/680 737/1/675 255/1/677 253/1/681
f 737/1/675 740/1/680 254/1/682 256/1/678
f 741/1/683 742/1/684 121/1/609 343/1/685
f 742/1/684 741/1/683 344/1/686 122/1/612
f 742/1/684 743/1/687 113/1/610 121/1/609
f 743/1/687 742/1/684 122/1/612 114/1/611
f 743/1/687 744/1/688 339/1/689 113/1/610
f 744/1/688 743/1/687 114/1/611 340/1/690
f 744/1/688 741/1/683 343/1/685 339/1/689
f 741/1/683 744/1/688 340/1/690 344/1/686
f 745/1/691 746/1/692 315/1/127 313/1/148
f 746/1/692 745/1/691 314/1/149 316/1/128
f 746/1/692 747/1/693 245/1/124 315/1/127
f 747/1/693 746/1/692 316/1/128 246/1/125
f 747/1/693 748/1/694 241/1/147 245/1/124
f 748/1/694 747/1/693 246/1/125 242/1/150
f 748/1/694 745/1/691 313/1/148 241/1/147
f 745/1/691 748/1/694 242/1/150 314/1/149
f 749/1/695 750/1/696 247/1/697 243/1/698
f 750/1/696 749/1/695 244/1/699 248/1/700
f 750/1/696 751/1/701 313/1/148 247/1/697
f 751/1/701 750/1/696 248/1/700 314/1/149
f 751/1/701 752/1/702 311/1/155 313/1/148
f 752/1/702 751/1/701 314/1/149 312/1/156
f 752/1/702 749/1/695 243/1/698 311/1/155
f 749/1/695 752/1/702 312/1/156 244/1/699
f 753/1/703 754/1/704 319/1/652 235/1/659
f 754/1/704 753/1/703 236/1/660 320/1/653
f 754/1/704 755/1/705 309/1/621 319/1/652
f 755/1/705 754/1/704 320/1/653 310/1/624
f 755/1/705 756/1/706 229/1/622 309/1/621
f 756/1/706 755/1/705 310/1/624 230/1/623
f 756/1/706 753/1/703 235/1/659 229/1/622
f 753/1/703 756/1/706 230/1/623 236/1/660
f 757/1/707 758/1/708 119/1/614 105/1/617
f 758/1/708 757/1/707 106/1/618 120/1/615
f 758/1/708 759/1/709 107/1/668 119/1/614
f 759/1/709 758/1/708 120/1/615 108/1/669
f 759/1/709 760/1/710 101/1/646 107/1/668
f 760/1/710 759/1/709 108/1/669 102/1/647
f 760/1/710 757/1/707 105/1/617 101/1/646
f 757/1/707 760/1/710 102/1/647 106/1/618
f 761/1/711 762/1/712 327/1/713 199/1/714
f 762/1/712 761/1/711 200/1/715 328/1/716
f 762/1/712 763/1/717 321/1/370 327/1/713
f 763/1/717 762/1/712 328/1/716 322/1/371
f 763/1/717 764/1/718 193/1/451 321/1/370
f 764/1/718 763/1/717 322/1/371 194/1/452
f 764/1/718 761/1/711 199/1/714 193/1/451
f 761/1/711 764/1/718 194/1/452 200/1/715
f 765/1/719 766/1/720 211/1/721 199/1/714
f 766/1/720 765/1/719 200/1/715 212/1/722
f 766/1/720 767/1/723 335/1/460 211/1/721
f 767/1/723 766/1/720 212/1/722 336/1/461
f 767/1/723 768/1/724 327/1/713 335/1/460
f 768/1/724 767/1/723 336/1/461 328/1/716
f 768/1/724 765/1/719 199/1/714 327/1/713
f 765/1/719 768/1/724 328/1/716 200/1/715
f 769/1/725 770/1/726 211/1/721 335/1/460
f 770/1/726 769/1/725 336/1/461 212/1/722
f 770/1/726 771/1/727 223/1/728 211/1/721
f 771/1/727 770/1/726 212/1/722 224/1/729
f 771/1/727 772/1/730 333/1/463 223/1/728
f 772/1/730 771/1/727 224/1/729 334/1/464
f 772/1/730 769/1/725 335/1/460 333/1/463
f 769/1/725 772/1/730 334/1/464 336/1/461
f 773/1/731 774/1/732 327/1/713 321/1/370
f 774/1/732 773/1/731 322/1/371 328/1/716
f 774/1/732 775/1/733 205/1/734 327/1/713
f 775/1/733 774/1/732 328/1/716 206/1/735
f 775/1/733 776/1/736 201/1/369 205/1/734
f 776/1/736 775/1/733 206/1/735 202/1/372
f 776/1/736 773/1/731 321/1/370 201/1/369
f 773/1/731 776/1/736 202/1/372 322/1/371
f 777/1/737 778/1/738 327/1/713 205/1/734
f 778/1/738 777/1/737 206/1/735 328/1/716
f 778/1/738 779/1/739 335/1/460 327/1/713
f 779/1/739 778/1/738 328/1/716 336/1/461
f 779/1/739 780/1/740 209/1/455 335/1/460
f 780/1/740 779/1/739 336/1/461 210/1/458
f 780/1/740 777/1/737 205/1/734 209/1/455
f 777/1/737 780/1/740 210/1/458 206/1/735
f 781/1/741 782/1/742 219/1/743 331/1/744
f 782/1/742 781/1/741 332/1/745 220/1/746
f 782/1/742 783/1/747 215/1/748 219/1/743
f 783/1/747 782/1/742 220/1/746 216/1/749
f 783/1/747 784/1/750 329/1/751 215/1/748
f 784/1/750 783/1/747 216/1/749 330/1/752
f 784/1/750 781/1/741 331/1/744 329/1/751
f 781/1/741 784/1/750 330/1/752 332/1/745
f 785/1/753 786/1/754 331/1/744 217/1/755
f 786/1/754 785/1/753 218/1/756 332/1/745
f 786/1/754 787/1/757 329/1/751 331/1/744
f 787/1/757 786/1/754 332/1/745 330/1/752
f 787/1/757 788/1/758 213/1/759 329/1/751
f 788/1/758 787/1/757 330/1/752 214/1/760
f 788/1/758 785/1/753 217/1/755 213/1/759
f 785/1/753 788/1/758 214/1/760 218/1/756
f 789/1/761 790/1/762 333/1/463 221/1/456
f 790/1/762 789/1/761 222/1/457 334/1/464
f 790/1/762 791/1/763 331/1/744 333/1/463
f 791/1/763 790/1/762 334/1/464 332/1/745
f 791/1/763 792/1/764 217/1/755 331/1/744
f 792/1/764 791/1/763 332/1/745 218/1/756
f 792/1/764 789/1/761 221/1/456 217/1/755
f 789/1/761 792/1/764 218/1/756 222/1/457
f 793/1/765 794/1/766 223/1/728 333/1/463
f 794/1/766 793/1/765 334/1/464 224/1/729
f 794/1/766 795/1/767 219/1/743 223/1/728
f 795/1/767 794/1/766 224/1/729 220/1/746
f 795/1/767 796/1/768 331/1/744 219/1/743
f 796/1/768 795/1/767 220/1/746 332/1/745
f 796/1/768 793/1/765 333/1/463 331/1/744
f 793/1/765 796/1/768 332/1/745 334/1/464
f 797/1/769 798/1/770 137/1/315 135/1/311
f 798/1/770 797/1/769 136/1/312 138/1/316
f 798/1/770 799/1/771 123/1/665 137/1/315
f 799/1/771 798/1/770 138/1/316 124/1/666
f 799/1/771 800/1/772 131/1/337 123/1/665
f 800/1/772 799/1/771 124/1/666 132/1/338
f 800/1/772 797/1/769 135/1/311 131/1/337
f 797/1/769 800/1/772 132/1/338 136/1/312
f 801/1/773 802/1/774 185/1/280 169/1/399
f 802/1/774 801/1/773 170/1/402 186/1/281
f 802/1/774 803/1/775 171/1/394 185/1/280
f 803/1/775 802/1/774 186/1/281 172/1/395
f 803/1/775 804/1/776 157/1/404 171/1/394
f 804/1/776 803/1/775 172/1/395 158/1/405
f 804/1/776 801/1/773 169/1/399 157/1/404
f 801/1/773 804/1/776 158/1/405 170/1/402
f 805/1/777 806/1/778 329/1/751 213/1/759
f 806/1/778 805/1/777 214/1/760 330/1/752
f 806/1/778 807/1/779 325/1/780 329/1/751
f 807/1/779 806/1/778 330/1/752 326/1/781
f 807/1/779 808/1/782 207/1/783 325/1/780
f 808/1/782 807/1/779 326/1/781 208/1/784
f 808/1/782 805/1/777 213/1/759 207/1/783
f 805/1/777 808/1/782 208/1/784 214/1/760
f 809/1/785 810/1/786 329/1/751 325/1/780
f 810/1/786 809/1/785 326/1/781 330/1/752
f 810/1/786 811/1/787 215/1/748 329/1/751
f 811/1/787 810/1/786 330/1/752 216/1/749
f 811/1/787 812/1/788 197/1/789 215/1/748
f 812/1/788 811/1/787 216/1/749 198/1/790
f 812/1/788 809/1/785 325/1/780 197/1/789
f 809/1/785 812/1/788 198/1/790 326/1/781
f 813/1/791 814/1/792 207/1/783 203/1/374
f 814/1/792 813/1/791 204/1/375 208/1/784
f 814/1/792 815/1/793 325/1/780 207/1/783
f 815/1/793 814/1/792 208/1/784 326/1/781
f 815/1/793 816/1/794 323/1/377 325/1/780
f 816/1/794 815/1/793 326/1/781 324/1/378
f 816/1/794 813/1/791 203/1/374 323/1/377
f 813/1/791 816/1/794 324/1/378 204/1/375
f 817/1/795 818/1/796 197/1/789 325/1/780
f 818/1/796 817/1/795 326/1/781 198/1/790
f 818/1/796 819/1/797 195/1/448 197/1/789
f 819/1/797 818/1/796 198/1/790 196/1/449
f 819/1/797 820/1/798 323/1/377 195/1/448
f 820/1/798 819/1/797 196/1/449 324/1/378
f 820/1/798 817/1/795 325/1/780 323/1/377
f 817/1/795 820/1/798 324/1/378 326/1/781
f 821/1/799 822/1/800 349/1/801 351/1/802
f 822/1/800 821/1/799 352/1/803 350/1/804
f 822/1/800 823/1/805 137/1/315 349/1/801
f 823/1/805 822/1/800 350/1/804 138/1/316
f 823/1/805 824/1/806 129/1/294 137/1/315
f 824/1/806 823/1/805 138/1/316 130/1/295
f 824/1/806 821/1/799 351/1/802 129/1/294
f 821/1/799 824/1/806 130/1/295 352/1/803
f 825/1/807 826/1/808 263/1/507 257/1/557
f 826/1/808 825/1/807 258/1/558 264/1/508
f 826/1/808 827/1/809 259/1/504 263/1/507
f 827/1/809 826/1/808 264/1/508 260/1/505
f 827/1/809 828/1/810 261/1/538 259/1/504
f 828/1/810 827/1/809 260/1/505 262/1/539
f 828/1/810 825/1/807 257/1/557 261/1/538
f 825/1/807 828/1/810 262/1/539 258/1/558
f 829/1/811 830/1/812 303/1/591 301/1/525
f 830/1/812 829/1/811 302/1/528 304/1/592
f 830/1/812 831/1/813 299/1/467 303/1/591
f 831/1/813 830/1/812 304/1/592 300/1/470
f 831/1/813 832/1/814 297/1/468 299/1/467
f 832/1/814 831/1/813 300/1/470 298/1/469
f 832/1/814 829/1/811 301/1/525 297/1/468
f 829/1/811 832/1/814 298/1/469 302/1/528
f 833/1/815 834/1/816 133/1/332 121/1/609
f 834/1/816 833/1/815 122/1/612 134/1/333
f 834/1/816 835/1/817 131/1/337 133/1/332
f 835/1/817 834/1/816 134/1/333 132/1/338
f 835/1/817 836/1/818 119/1/614 131/1/337
f 836/1/818 835/1/817 132/1/338 120/1/615
f 836/1/818 833/1/815 121/1/609 119/1/614
f 833/1/815 836/1/818 120/1/615 122/1/612
f 837/1/819 838/1/820 163/1/365 155/1/575
f 838/1/820 837/1/819 156/1/576 164/1/366
f 838/1/820 839/1/821 159/1/355 163/1/365
f 839/1/821 838/1/820 164/1/366 160/1/356
f 839/1/821 840/1/822 149/1/417 159/1/355
f 840/1/822 839/1/821 160/1/356 150/1/418
f 840/1/822 837/1/819 155/1/575 149/1/417
f 837/1/819 840/1/822 150/1/418 156/1/576
f 841/1/823 842/1/824 103/1/232 341/1/381
f 842/1/824 841/1/823 342/1/382 104/1/233
f 842/1/824 843/1/825 97/1/239 103/1/232
f 843/1/825 842/1/824 104/1/233 98/1/240
f 843/1/825 844/1/826 337/1/384 97/1/239
f 844/1/826 843/1/825 98/1/240 338/1/385
f 844/1/826 841/1/823 341/1/381 337/1/384
f 841/1/823 844/1/826 338/1/385 342/1/382
f 845/1/827 846/1/828 367/1/421 69/1/139
f 846/1/828 845/1/827 70/1/142 368/1/424
f 846/1/828 847/1/829 365/1/259 367/1/421
f 847/1/829 846/1/828 368/1/424 366/1/260
f 847/1/829 848/1/830 93/1/162 365/1/259
f 848/1/830 847/1/829 366/1/260 94/1/163
f 848/1/830 845/1/827 69/1/139 93/1/162
f 845/1/827 848/1/830 94/1/163 70/1/142
f 849/1/831 850/1/832 139/1/331 349/1/801
f 850/1/832 849/1/831 350/1/804 140/1/334
f 850/1/832 851/1/833 133/1/332 139/1/331
f 851/1/833 850/1/832 140/1/334 134/1/333
f 851/1/833 852/1/834 345/1/835 133/1/332
f 852/1/834 851/1/833 134/1/333 346/1/836
f 852/1/834 849/1/831 349/1/801 345/1/835
f 849/1/831 852/1/834 346/1/836 350/1/804
f 853/1/837 854/1/838 113/1/610 339/1/689
f 854/1/838 853/1/837 340/1/690 114/1/611
f 854/1/838 855/1/839 115/1/270 113/1/610
f 855/1/839 854/1/838 114/1/611 116/1/271
f 855/1/839 856/1/840 337/1/384 115/1/270
f 856/1/840 855/1/839 116/1/271 338/1/385
f 856/1/840 853/1/837 339/1/689 337/1/384
f 853/1/837 856/1/840 338/1/385 340/1/690
f 857/1/841 858/1/842 343/1/685 107/1/668
f 858/1/842 857/1/841 108/1/669 344/1/686
f 858/1/842 859/1/843 339/1/689 343/1/685
f 859/1/843 858/1/842 344/1/686 340/1/690
f 859/1/843 860/1/844 101/1/646 339/1/689
f 860/1/844 859/1/843 340/1/690 102/1/647
f 860/1/844 857/1/841 107/1/668 101/1/646
f 857/1/841 860/1/844 102/1/647 108/1/669
f 861/1/845 862/1/846 127/1/287 117/1/267
f 862/1/846 861/1/845 118/1/268 128/1/288
f 862/1/846 863/1/847 347/1/848 127/1/287
f 863/1/847 862/1/846 128/1/288 348/1/849
f 863/1/847 864/1/850 341/1/381 347/1/848
f 864/1/850 863/1/847 348/1/849 342/1/382
f 864/1/850 861/1/845 117/1/267 341/1/381
f 861/1/845 864/1/850 342/1/382 118/1/268
f 865/1/851 866/1/852 351/1/802 347/1/848
f 866/1/852 865/1/851 348/1/849 352/1/803
f 866/1/852 867/1/853 129/1/294 351/1/802
f 867/1/853 866/1/852 352/1/803 130/1/295
f 867/1/853 868/1/854 111/1/252 129/1/294
f 868/1/854 867/1/853 130/1/295 112/1/253
f 868/1/854 865/1/851 347/1/848 111/1/252
f 865/1/851 868/1/854 112/1/253 348/1/849
f 869/1/855 870/1/856 141/1/307 127/1/287
f 870/1/856 869/1/855 128/1/288 142/1/308
f 870/1/856 871/1/857 351/1/802 141/1/307
f 871/1/857 870/1/856 142/1/308 352/1/803
f 871/1/857 872/1/858 347/1/848 351/1/802
f 872/1/858 871/1/857 352/1/803 348/1/849
f 872/1/858 869/1/855 127/1/287 347/1/848
f 869/1/855 872/1/858 348/1/849 128/1/288
f 873/1/859 874/1/860 41/1/31 31/1/82
f 874/1/860 873/1/859 32/1/83 42/1/32
f 874/1/860 875/1/861 37/1/28 41/1/31
f 875/1/861 874/1/860 42/1/32 38/1/29
f 875/1/861 876/1/862 33/1/81 37/1/28
f 876/1/862 875/1/861 38/1/29 34/1/84
f 876/1/862 873/1/859 31/1/82 33/1/81
f 873/1/859 876/1/862 34/1/84 32/1/83
f 877/1/863 878/1/864 133/1/332 345/1/835
f 878/1/864 877/1/863 346/1/836 134/1/333
f 878/1/864 879/1/865 121/1/609 133/1/332
f 879/1/865 878/1/864 134/1/333 122/1/612
f 879/1/865 880/1/866 343/1/685 121/1/609
f 880/1/866 879/1/865 122/1/612 344/1/686
f 880/1/866 877/1/863 345/1/835 343/1/685
f 877/1/863 880/1/866 344/1/686 346/1/836
f 881/1/867 882/1/868 351/1/802 349/1/801
f 882/1/868 881/1/867 350/1/804 352/1/803
f 882/1/868 883/1/869 141/1/307 351/1/802
f 883/1/869 882/1/868 352/1/803 142/1/308
f 883/1/869 884/1/870 139/1/331 141/1/307
f 884/1/870 883/1/869 142/1/308 140/1/334
f 884/1/870 881/1/867 349/1/801 139/1/331
f 881/1/867 884/1/870 140/1/334 350/1/804
f 885/1/871 886/1/872 97/1/239 337/1/384
f 886/1/872 885/1/871 338/1/385 98/1/240
f 886/1/872 887/1/873 101/1/646 97/1/239
f 887/1/873 886/1/872 98/1/240 102/1/647
f 887/1/873 888/1/874 339/1/689 101/1/646
f 888/1/874 887/1/873 102/1/647 340/1/690
f 888/1/874 885/1/871 337/1/384 339/1/689
f 885/1/871 888/1/874 340/1/690 338/1/385
f 889/1/875 890/1/876 349/1/801 137/1/315
f 890/1/876 889/1/875 138/1/316 350/1/804
f 890/1/876 891/1/877 345/1/835 349/1/801
f 891/1/877 890/1/876 350/1/804 346/1/836
f 891/1/877 892/1/878 123/1/665 345/1/835
f 892/1/878 891/1/877 346/1/836 124/1/666
f 892/1/878 889/1/875 137/1/315 123/1/665
f 889/1/875 892/1/878 124/1/666 138/1/316
f 893/1/879 894/1/880 53/1/115 49/1/221
f 894/1/880 893/1/879 50/1/222 54/1/116
f 894/1/880 895/1/881 355/1/422 53/1/115
f 895/1/881 894/1/880 54/1/116 356/1/423
f 895/1/881 896/1/882 353/1/883 355/1/422
f 896/1/882 895/1/881 356/1/423 354/1/884
f 896/1/882 893/1/879 49/1/221 353/1/883
f 893/1/879 896/1/882 354/1/884 50/1/222
f 897/1/885 898/1/886 367/1/421 55/1/112
f 898/1/886 897/1/885 56/1/113 368/1/424
f 898/1/886 899/1/887 355/1/422 367/1/421
f 899/1/887 898/1/886 368/1/424 356/1/423
f 899/1/887 900/1/888 53/1/115 355/1/422
f 900/1/888 899/1/887 356/1/423 54/1/116
f 900/1/888 897/1/885 55/1/112 53/1/115
f 897/1/885 900/1/888 54/1/116 56/1/113
f 901/1/889 902/1/890 319/1/652 249/1/655
f 902/1/890 901/1/889 250/1/656 320/1/653
f 902/1/890 903/1/891 317/1/120 319/1/652
f 903/1/891 902/1/890 320/1/653 318/1/121
f 903/1/891 904/1/892 255/1/677 317/1/120
f 904/1/892 903/1/891 318/1/121 256/1/678
f 904/1/892 901/1/889 249/1/655 255/1/677
f 901/1/889 904/1/892 256/1/678 250/1/656
f 905/1/893 906/1/894 55/1/112 367/1/421
f 906/1/894 905/1/893 368/1/424 56/1/113
f 906/1/894 907/1/895 65/1/131 55/1/112
f 907/1/895 906/1/894 56/1/113 66/1/134
f 907/1/895 908/1/896 365/1/259 65/1/131
f 908/1/896 907/1/895 66/1/134 366/1/260
f 908/1/896 905/1/893 367/1/421 365/1/259
f 905/1/893 908/1/896 366/1/260 368/1/424
f 909/1/897 910/1/898 347/1/848 341/1/381
f 910/1/898 909/1/897 342/1/382 348/1/849
f 910/1/898 911/1/899 111/1/252 347/1/848
f 911/1/899 910/1/898 348/1/849 112/1/253
f 911/1/899 912/1/900 103/1/232 111/1/252
f 912/1/900 911/1/899 112/1/253 104/1/233
f 912/1/900 909/1/897 341/1/381 103/1/232
f 909/1/897 912/1/900 104/1/233 342/1/382
f 913/1/901 914/1/902 345/1/835 123/1/665
f 914/1/902 913/1/901 124/1/666 346/1/836
f 914/1/902 915/1/903 343/1/685 345/1/835
f 915/1/903 914/1/902 346/1/836 344/1/686
f 915/1/903 916/1/904 107/1/668 343/1/685
f 916/1/904 915/1/903 344/1/686 108/1/669
f 916/1/904 913/1/901 123/1/665 107/1/668
f 913/1/901 916/1/904 108/1/669 124/1/666
f 917/1/905 918/1/906 233/1/640 305/1/488
f 918/1/906 917/1/905 306/1/489 234/1/641
f 918/1/906 919/1/907 237/1/908 233/1/640
f 919/1/907 918/1/906 234/1/641 238/1/909
f 919/1/907 920/1/910 307/1/487 237/1/908
f 920/1/910 919/1/907 238/1/909 308/1/490
f 920/1/910 917/1/905 305/1/488 307/1/487
f 917/1/905 920/1/910 308/1/490 306/1/489
f 921/1/911 922/1/912 61/1/140 355/1/422
f 922/1/912 921/1/911 356/1/423 62/1/141
f 922/1/912 923/1/913 67/1/226 61/1/140
f 923/1/913 922/1/912 62/1/141 68/1/227
f 923/1/913 924/1/914 353/1/883 67/1/226
f 924/1/914 923/1/913 68/1/227 354/1/884
f 924/1/914 921/1/911 355/1/422 353/1/883
f 921/1/911 924/1/914 354/1/884 356/1/423
f 925/1/915 926/1/916 311/1/155 243/1/698
f 926/1/916 925/1/915 244/1/699 312/1/156
f 926/1/916 927/1/917 307/1/487 311/1/155
f 927/1/917 926/1/916 312/1/156 308/1/490
f 927/1/917 928/1/918 237/1/908 307/1/487
f 928/1/918 927/1/917 308/1/490 238/1/909
f 928/1/918 925/1/915 243/1/698 237/1/908
f 925/1/915 928/1/918 238/1/909 244/1/699
f 929/1/919 930/1/920 363/1/263 361/1/243
f 930/1/920 929/1/919 362/1/244 364/1/264
f 930/1/920 931/1/921 91/1/169 363/1/263
f 931/1/921 930/1/920 364/1/264 92/1/170
f 931/1/921 932/1/922 79/1/187 91/1/169
f 932/1/922 931/1/921 92/1/170 80/1/188
f 932/1/922 929/1/919 361/1/243 79/1/187
f 929/1/919 932/1/922 80/1/188 362/1/244
f 933/1/923 934/1/924 173/1/429 151/1/411
f 934/1/924 933/1/923 152/1/414 174/1/430
f 934/1/924 935/1/925 169/1/399 173/1/429
f 935/1/925 934/1/924 174/1/430 170/1/402
f 935/1/925 936/1/926 147/1/400 169/1/399
f 936/1/926 935/1/925 170/1/402 148/1/401
f 936/1/926 933/1/923 151/1/411 147/1/400
f 933/1/923 936/1/926 148/1/401 152/1/414
f 937/1/927 938/1/928 85/1/203 81/1/206
f 938/1/928 937/1/927 82/1/207 86/1/204
f 938/1/928 939/1/929 361/1/243 85/1/203
f 939/1/929 938/1/928 86/1/204 362/1/244
f 939/1/929 940/1/930 359/1/247 361/1/243
f 940/1/930 939/1/929 362/1/244 360/1/248
f 940/1/930 937/1/927 81/1/206 359/1/247
f 937/1/927 940/1/930 360/1/248 82/1/207
f 941/1/931 942/1/932 81/1/206 75/1/212
f 942/1/932 941/1/931 76/1/213 82/1/207
f 942/1/932 943/1/933 359/1/247 81/1/206
f 943/1/933 942/1/932 82/1/207 360/1/248
f 943/1/933 944/1/934 357/1/935 359/1/247
f 944/1/934 943/1/933 360/1/248 358/1/936
f 944/1/934 941/1/931 75/1/212 357/1/935
f 941/1/931 944/1/934 358/1/936 76/1/213
f 945/1/937 946/1/938 359/1/247 357/1/935
f 946/1/938 945/1/937 358/1/936 360/1/248
f 946/1/938 947/1/939 73/1/176 359/1/247
f 947/1/939 946/1/938 360/1/248 74/1/177
f 947/1/939 948/1/940 59/1/183 73/1/176
f 948/1/940 947/1/939 74/1/177 60/1/184
f 948/1/940 945/1/937 357/1/935 59/1/183
f 945/1/937 948/1/940 60/1/184 358/1/936
f 949/1/941 950/1/942 75/1/212 67/1/226
f 950/1/942 949/1/941 68/1/227 76/1/213
f 950/1/942 951/1/943 357/1/935 75/1/212
f 951/1/943 950/1/942 76/1/213 358/1/936
f 951/1/943 952/1/944 353/1/883 357/1/935
f 952/1/944 951/1/943 358/1/936 354/1/884
f 952/1/944 949/1/941 67/1/226 353/1/883
f 949/1/941 952/1/944 354/1/884 68/1/227
f 953/1/945 954/1/946 357/1/935 353/1/883
f 954/1/946 953/1/945 354/1/884 358/1/936
f 954/1/946 955/1/947 59/1/183 357/1/935
f 955/1/947 954/1/946 358/1/936 60/1/184
f 955/1/947 956/1/948 49/1/221 59/1/183
f 956/1/948 955/1/947 60/1/184 50/1/222
f 956/1/948 953/1/945 353/1/883 49/1/221
f 953/1/945 956/1/948 50/1/222 354/1/884
f 957/1/949 958/1/950 7/1/4 373/1/198
f 958/1/950 957/1/949 374/1/199 8/1/5
f 958/1/950 959/1/951 5/1/11 7/1/4
f 959/1/951 958/1/950 8/1/5 6/1/12
f 959/1/951 960/1/952 369/1/605 5/1/11
f 960/1/952 959/1/951 6/1/12 370/1/606
f 960/1/952 957/1/949 373/1/198 369/1/605
f 957/1/949 960/1/952 370/1/606 374/1/199
f 961/1/953 962/1/954 375/1/195 373/1/198
f 962/1/954 961/1/953 374/1/199 376/1/196
f 962/1/954 963/1/955 35/1/91 375/1/195
f 963/1/955 962/1/954 376/1/196 36/1/92
f 963/1/955 964/1/956 7/1/4 35/1/91
f 964/1/956 963/1/955 36/1/92 8/1/5
f 964/1/956 961/1/953 373/1/198 7/1/4
f 961/1/953 964/1/956 8/1/5 374/1/199
f 965/1/957 966/1/958 377/1/959 13/1/67
f 966/1/958 965/1/957 14/1/68 378/1/960
f 966/1/958 967/1/961 371/1/602 377/1/959
f 967/1/961 966/1/958 378/1/960 372/1/603
f 967/1/961 968/1/962 3/1/18 371/1/602
f 968/1/962 967/1/961 372/1/603 4/1/19
f 968/1/962 965/1/957 13/1/67 3/1/18
f 965/1/957 968/1/962 4/1/19 14/1/68
f 969/1/963 970/1/964 19/1/86 17/1/43
f 970/1/964 969/1/963 18/1/44 20/1/87
f 970/1/964 971/1/965 373/1/198 19/1/86
f 971/1/965 970/1/964 20/1/87 374/1/199
f 971/1/965 972/1/966 369/1/605 373/1/198
f 972/1/966 971/1/965 374/1/199 370/1/606
f 972/1/966 969/1/963 17/1/43 369/1/605
f 969/1/963 972/1/966 370/1/606 18/1/44
f 973/1/967 974/1/968 37/1/28 383/1/969
f 974/1/968 973/1/967 384/1/970 38/1/29
f 974/1/968 975/1/971 45/1/23 37/1/28
f 975/1/971 974/1/968 38/1/29 46/1/26
f 975/1/971 976/1/972 381/1/973 45/1/23
f 976/1/972 975/1/971 46/1/26 382/1/974
f 976/1/972 973/1/967 383/1/969 381/1/973
f 973/1/967 976/1/972 382/1/974 384/1/970
f 977/1/975 978/1/976 15/1/46 371/1/602
f 978/1/976 977/1/975 372/1/603 16/1/47
f 978/1/976 979/1/977 17/1/43 15/1/46
f 979/1/977 978/1/976 16/1/47 18/1/44
f 979/1/977 980/1/978 369/1/605 17/1/43
f 980/1/978 979/1/977 18/1/44 370/1/606
f 980/1/978 977/1/975 371/1/602 369/1/605
f 977/1/975 980/1/978 370/1/606 372/1/603
f 981/1/979 982/1/980 39/1/101 47/1/51
f 982/1/980 981/1/979 48/1/52 40/1/102
f 982/1/980 983/1/981 383/1/969 39/1/101
f 983/1/981 982/1/980 40/1/102 384/1/970
f 983/1/981 984/1/982 381/1/973 383/1/969
f 984/1/982 983/1/981 384/1/970 382/1/974
f 984/1/982 981/1/979 47/1/51 381/1/973
f 981/1/979 984/1/982 382/1/974 48/1/52
f 985/1/983 986/1/984 45/1/23 381/1/973
f 986/1/984 985/1/983 382/1/974 46/1/26
f 986/1/984 987/1/985 25/1/38 45/1/23
f 987/1/985 986/1/984 46/1/26 26/1/39
f 987/1/985 988/1/986 379/1/987 25/1/38
f 988/1/986 987/1/985 26/1/39 380/1/988
f 988/1/986 985/1/983 381/1/973 379/1/987
f 985/1/983 988/1/986 380/1/988 382/1/974
f 989/1/989 990/1/990 377/1/959 371/1/602
f 990/1/990 989/1/989 372/1/603 378/1/960
f 990/1/990 991/1/991 21/1/59 377/1/959
f 991/1/991 990/1/990 378/1/960 22/1/60
f 991/1/991 992/1/992 15/1/46 21/1/59
f 992/1/992 991/1/991 22/1/60 16/1/47
f 992/1/992 989/1/989 371/1/602 15/1/46
f 989/1/989 992/1/992 16/1/47 372/1/603
f 993/1/993 994/1/994 253/1/681 247/1/697
f 994/1/994 993/1/993 248/1/700 254/1/682
f 994/1/994 995/1/995 315/1/127 253/1/681
f 995/1/995 994/1/994 254/1/682 316/1/128
f 995/1/995 996/1/996 313/1/148 315/1/127
f 996/1/996 995/1/995 316/1/128 314/1/149
f 996/1/996 993/1/993 247/1/697 313/1/148
f 993/1/993 996/1/996 314/1/149 248/1/700
f 997/1/997 998/1/998 25/1/38 379/1/987
f 998/1/998 997/1/997 380/1/988 26/1/39
f 998/1/998 999/1/999 21/1/59 25/1/38
f 999/1/999 998/1/998 26/1/39 22/1/60
f 999/1/999 1000/1/1000 377/1/959 21/1/59
f 1000/1/1000 999/1/999 22/1/60 378/1/960
f 1000/1/1000 997/1/997 379/1/987 377/1/959
f 997/1/997 1000/1/1000 378/1/960 380/1/988
f 1001/1/1001 1002/1/1002 39/1/101 383/1/969
f 1002/1/1002 1001/1/1001 384/1/970 40/1/102
f 1002/1/1002 1003/1/1003 35/1/91 39/1/101
f 1003/1/1003 1002/1/1002 40/1/102 36/1/92
f 1003/1/1003 1004/1/1004 375/1/195 35/1/91
f 1004/1/1004 1003/1/1003 36/1/92 376/1/196
f 1004/1/1004 1001/1/1001 383/1/969 375/1/195
f 1001/1/1001 1004/1/1004 376/1/196 384/1/970
f 1005/1/1005 1006/1/1006 375/1/195 383/1/969
f 1006/1/1006 1005/1/1005 384/1/970 376/1/196
f 1006/1/1006 1007/1/1007 33/1/81 375/1/195
f 1007/1/1007 1006/1/1006 376/1/196 34/1/84
f 1007/1/1007 1008/1/1008 37/1/28 33/1/81
f 1008/1/1008 1007/1/1007 34/1/84 38/1/29
f 1008/1/1008 1005/1/1005 383/1/969 37/1/28
f 1005/1/1005 1008/1/1008 38/1/29 384/1/970
f 1009/1/1009 1010/1/1010 381/1/973 47/1/51
f 1010/1/1010 1009/1/1009 48/1/52 382/1/974
f 1010/1/1010 1011/1/1011 379/1/987 381/1/973
f 1011/1/1011 1010/1/1010 382/1/974 380/1/988
f 1011/1/1011 1012/1/1012 23/1/54 379/1/987
f 1012/1/1012 1011/1/1011 380/1/988 24/1/55
f 1012/1/1012 1009/1/1009 47/1/51 23/1/54
f 1009/1/1009 1012/1/1012 24/1/55 48/1/52
f 1013/1/1013 1014/1/1014 57/1/218 49/1/221
f 1014/1/1014 1013/1/1013 50/1/222 58/1/219
f 1014/1/1014 1015/1/1015 51/1/108 57/1/218
f 1015/1/1015 1014/1/1014 58/1/219 52/1/109
f 1015/1/1015 1016/1/1016 53/1/115 51/1/108
f 1016/1/1016 1015/1/1015 52/1/109 54/1/116
f 1016/1/1016 1013/1/1013 49/1/221 53/1/115
f 1013/1/1013 1016/1/1016 54/1/116 50/1/222
f 1017/1/1017 1018/1/1018 379/1/987 23/1/54
f 1018/1/1018 1017/1/1017 24/1/55 380/1/988
f 1018/1/1018 1019/1/1019 377/1/959 379/1/987
f 1019/1/1019 1018/1/1018 380/1/988 378/1/960
f 1019/1/1019 1020/1/1020 13/1/67 377/1/959
f 1020/1/1020 1019/1/1019 378/1/960 14/1/68
f 1020/1/1020 1017/1/1017 23/1/54 13/1/67
f 1017/1/1017 1020/1/1020 14/1/68 24/1/55
f 1021/1/1021 1022/1/1022 41/1/31 39/1/101
f 1022/1/1022 1021/1/1021 40/1/102 42/1/32
f 1022/1/1022 1023/1/1023 31/1/82 41/1/31
f 1023/1/1023 1022/1/1022 42/1/32 32/1/83
f 1023/1/1023 1024/1/1024 35/1/91 31/1/82
f 1024/1/1024 1023/1/1023 32/1/83 36/1/92
f 1024/1/1024 1021/1/1021 39/1/101 35/1/91
f 1021/1/1021 1024/1/1024 36/1/92 40/1/102
