# Made in Blockbench 5.1.6
mtllib soul white.mtl

o unknown.002
v 0.4808065 0.0682255 0.029483
v 0.4808065 0.0804375 0
v 0.5226455 0.0804375 0
v 0.5226455 0.0682255 0.029483
v 0.8233705 -0.0558815 -0.025774
v 0.8233705 -0.013913499999999968 -0.025774
v 0.8340465 -0.013913499999999968 0
v 0.8340465 -0.0558815 0
v -0.2283775 -0.1885595 -0.080468
v -0.2283775 -0.1885595 -0.115028
v -0.2177015 -0.16278549999999997 -0.115028
v -0.2177015 -0.16278549999999997 -0.080468
v -0.21131450000000002 -0.1372415 0.198413
v -0.2541465 -0.1534705 0.151802
v -0.2596985 -0.16687249999999998 0.151802
v -0.2140455 -0.1459965 0.209653
v -0.2906035 -0.16278549999999997 -0.115028
v -0.2906035 -0.16278549999999997 -0.080468
v -0.27992649999999997 -0.13700949999999998 -0.080468
v -0.27992649999999997 -0.13701049999999998 -0.115028
v 0.1584535 0.2591005 -0.022328
v 0.1894895 0.22797249999999997 0.020634
v 0.2028925 0.22797249999999997 0.015083
v 0.1671665 0.2678795 -0.029907
v 0.20844349999999998 0.22797249999999997 0.00168
v 0.1761565 0.26618749999999997 -0.041166
v -0.2283775 -0.13701049999999998 -0.115028
v -0.2283775 -0.13700949999999998 -0.080468
v 0.1843665 0.2753075 0.035055
v 0.2028925 0.2279735 0.014848
v 0.20844349999999998 0.2279735 0.001445
v 0.12119649999999998 0.25605550000000005 -0.065805
v 0.1116955 0.2491505 -0.057292
v 0.1341355 0.2527915 -0.071494
v -0.0265725 0.038741499999999984 0.103372
v -0.0815285 0.038741499999999984 0.103372
v -0.0815285 -0.03435149999999998 0.073095
v -0.0265725 -0.03435149999999998 0.073095
v 0.18333649999999999 0.2660775 0.046199
v 0.1894895 0.22797249999999997 -0.017274
v 0.1768245 0.24090450000000002 -0.05005
v 0.1801565 0.25501350000000006 -0.04951
v 0.2028925 0.22797249999999997 -0.011723
v 0.1770205 0.27734850000000005 0.022713
v 0.2028925 0.2279735 -0.011958
v 0.5615495 0.1186355 0.031033
v -0.0636395 0.1186355 0.031033
v -0.0636395 0.1186355 -0.031033
v 0.5615495 0.1186355 -0.031033
v -0.27992649999999997 -0.13700949999999998 0.115028
v -0.2906035 -0.1627845 0.115028
v -0.2705055 -0.16278349999999997 0.12596
v -0.2657155 -0.15121949999999998 0.12596
v 0.1424385 0.22823350000000003 -0.064673
v 0.1429335 0.24126549999999997 -0.071025
v 0.10695749999999998 0.2188605 -0.09575
v 0.11934349999999999 0.2141785 -0.101669
v -0.27240349999999997 0.1502865 -0.06
v -0.4724045 0.1502865 -0.06
v -0.4468005 0.18640450000000003 -0.025716
v -0.29800649999999995 0.18640450000000003 -0.025716
v 0.5226455 -0.002953499999999998 0
v 0.4808065 -0.002953499999999998 0
v 0.4808065 0.009258500000000003 0.029483
v 0.5226455 0.009258500000000003 0.029483
v 0.15680049999999998 0.25998950000000004 0.01982
v 0.1760865 0.2279735 -0.011958
v 0.1705355 0.2279735 0.001445
v 0.1200475 0.27352550000000003 0.066056
v 0.0820735 0.2467225 0.102354
v 0.0732855 0.2580465 0.104568
v 0.1174615 0.28615050000000003 0.059394
v 0.1557715 0.25075850000000005 0.030964
v 0.1551195 0.2449925 -0.022868
v 0.11120050000000001 0.23611750000000004 -0.050938
v 0.11999850000000001 0.22459250000000003 -0.05047
v 0.1591205 0.2338195 -0.031211
v 0.07324249999999999 0.2693785 0.11362
v 0.022387499999999998 0.1843245 0.142315
v 0.0319665 0.18839450000000002 0.152421
v 0.0819715 0.27408250000000006 0.124206
v 0.0982285 0.21415650000000003 -0.085164
v 0.1245135 0.2987755 0.058245
v -0.2407445 -0.1858265 0.151802
v -0.2009155 -0.1693025 0.207929
v -0.2097385 -0.1592765 0.213595
v -0.2541465 -0.18027549999999998 0.151802
v 0.0829895 0.1544255 -0.138748
v 0.07341049999999999 0.15035550000000003 -0.128642
v 0.09827149999999998 0.20282450000000002 -0.076112
v 0.1070595 0.19150050000000002 -0.073898
v -0.2031455 -0.1381395 0.186459
v -0.1433505 -0.09568449999999998 0.208789
v -0.1417945 -0.10149649999999999 0.196287
v 0.023315499999999996 0.17917349999999999 0.128785
v 0.11944549999999998 0.1868185 -0.079817
v 0.1329375 0.22132650000000004 -0.056159
v 0.03420650000000001 0.1759615 0.119756
v 0.0997035 0.1425995 -0.106845
v 0.08522949999999999 0.1419935 -0.106083
v 0.007485499999999999 0.0525255 -0.126467
v 0.0743385 0.1452055 -0.115112
v 0.011488499999999999 0.056821500000000025 -0.139483
v 0.013233500000000002 0.044238500000000014 -0.116358
v 0.025364500000000005 0.03681650000000003 -0.115076
v 0.03677350000000001 0.034606499999999984 -0.123374
v 0.1092825 0.1466695 -0.116951
v 0.022897500000000008 0.05461250000000001 -0.147781
v -0.014853499999999999 -0.022071499999999966 -0.147269
v -0.0258925 -0.016180499999999987 -0.139927
v 0.1894895 0.2279735 -0.017509
v 0.16560249999999999 0.2710035 0.016403
v -0.0304935 -0.01667550000000001 -0.126178
v -0.0259615 -0.023267499999999997 -0.114076
v -0.31356049999999996 0.2176955 0.013942
v -0.43124749999999995 0.2176955 0.013942
v -0.4468005 0.18640450000000003 0.025716
v -0.29800649999999995 0.18640450000000003 0.025716
v -0.0758615 -0.07228849999999998 -0.181356
v -0.08253250000000001 -0.06170249999999999 -0.174014
v -0.0038445000000000007 -0.030897499999999994 -0.143903
v -0.0706705 -0.0854085 -0.17799
v 0.8525965 0.16278350000000003 0.020758
v 0.8350965 0.22278350000000002 0.006228
v 0.8200955 0.22278350000000002 0.006228
v 0.8025965 0.16278350000000003 0.020758
v 0.6949805 -0.1890895 0.015083
v 0.6959075 -0.1757205 0.020634
v 0.6593665000000001 -0.1681055 0.020634
v 0.6539695 -0.1803725 0.015083
v 0.34759650000000003 -0.2703645 -0.070963
v 0.5253665000000001 -0.2703645 -0.070963
v 0.5352595 -0.2915345 -0.000178
v 0.3275525 -0.2915345 -0.000178
v 0.7714295 -0.14631149999999998 0.014848
v 0.7344865 -0.15956949999999998 0.014848
v 0.7401795 -0.17170249999999998 0.020399
v 0.7809105000000001 -0.1557845 0.020399
v 0.6959075 -0.17571949999999997 0.020399
v 0.6949805 -0.1890895 0.014848
v 0.7458715 -0.18383649999999999 0.014848
v 0.7458715 -0.18383649999999999 0.015083
v 0.7903915 -0.1652595 0.015083
v 0.7809105000000001 -0.1557855 0.020634
v 0.7401795 -0.1717035 0.020634
v 0.6945965000000001 -0.19462849999999998 0.001445
v 0.7482295 -0.1888625 0.001445
v 0.7899035 -0.11934049999999999 0.014848
v 0.8031015 -0.12167649999999999 0.020399
v 0.1307565 0.26829549999999996 0.074327
v 0.0944595 0.24204050000000005 0.108273
v 0.7903915 -0.16525849999999997 0.014848
v 0.7943185 -0.16918249999999999 0.001445
v 0.8004125 -0.06535249999999998 0.020634
v 0.7870095 -0.06535249999999998 0.015083
v 0.7919295000000001 -0.09513149999999998 0.015083
v 0.8050125 -0.09222149999999998 0.020634
v 0.8162985 -0.1240125 0.014848
v 0.7919295000000001 -0.09513049999999998 0.014848
v 0.8050125 -0.09222049999999998 0.020399
v 0.7943185 -0.1691835 0.00168
v 0.7482295 -0.1888635 0.00168
v 0.7458715 -0.18383649999999999 -0.011723
v 0.7903915 -0.1652595 -0.011723
v 0.8217655 -0.1249795 0.001445
v 0.8637075000000001 0.09907850000000001 -0.027348
v 0.7714855 0.09907850000000001 -0.027348
v 0.7675965 0.12907849999999998 -0.029655
v 0.8675965 0.12907849999999998 -0.029655
v 0.8180955 -0.08930949999999999 0.014848
v 0.8235145 -0.0881045 0.001445
v 0.8138155 -0.06535149999999998 0.014848
v 0.8004125 -0.06535149999999998 0.020399
v 0.8138155 -0.06535249999999998 -0.011723
v 0.8193665 -0.06535249999999998 0.00168
v 0.8235145 -0.0881045 0.00168
v 0.8180955 -0.08931049999999999 -0.011723
v 0.8050125 -0.09222049999999998 -0.017509
v 0.8004125 -0.06535149999999998 -0.017509
v 0.8138155 -0.06535149999999998 -0.011958
v 0.8180955 -0.08930949999999999 -0.011958
v 0.8193665 -0.06535149999999998 0.001445
v 0.7814585000000001 -0.06535149999999998 0.001445
v 0.7870095 -0.06535149999999998 -0.011958
v 0.7919295000000001 -0.09513149999999998 -0.011723
v 0.7865105 -0.09633749999999999 0.00168
v 0.7814585000000001 -0.06535249999999998 0.00168
v 0.7870095 -0.06535249999999998 -0.011723
v 0.8004125 -0.06535249999999998 -0.017274
v 0.8217655 -0.1249805 0.00168
v 0.8162985 -0.1240115 -0.011723
v 0.8050125 -0.09222149999999998 -0.017274
v 0.0006875000000000006 -0.03748949999999998 -0.131801
v -0.06999949999999999 -0.09338049999999998 -0.165888
v 0.7870095 -0.06535149999999998 0.014848
v 0.7919295000000001 -0.09513049999999998 -0.011958
v 0.7865105 -0.09633649999999999 0.001445
v 0.8162985 -0.1240115 0.015083
v 0.8031015 -0.1216775 0.020634
v 0.8031015 -0.1216775 -0.017274
v 0.7899035 -0.11934149999999999 -0.011723
v 0.7899035 -0.11934149999999999 0.015083
v 0.7714295 -0.14631149999999998 0.015083
v 0.7809105000000001 -0.1557845 -0.017509
v 0.7903915 -0.16525849999999997 -0.011958
v 0.7458715 -0.18383649999999999 -0.011958
v 0.7401795 -0.17170249999999998 -0.017509
v 0.7899035 -0.11934049999999999 -0.011958
v 0.7844365 -0.11837349999999999 0.001445
v 0.7844365 -0.11837349999999999 0.00168
v 0.7675025 -0.1423875 0.001445
v 0.7714295 -0.14631149999999998 -0.011958
v 0.7344865 -0.15956949999999998 -0.011958
v 0.7321285000000001 -0.1545435 0.001445
v -0.0808125 -0.04749049999999999 0.177775
v -0.0814835 -0.039520499999999986 0.189877
v 0.6959075 -0.17571949999999997 -0.017509
v 0.6968355 -0.1623485 -0.011958
v 0.6949805 -0.1890895 -0.011723
v 0.6959075 -0.1757205 -0.017274
v 0.7401795 -0.1717035 -0.017274
v 0.6593665000000001 -0.1681055 -0.017509
v 0.6949805 -0.1890895 -0.011958
v 0.6539695 -0.1803725 -0.011958
v 0.6968355 -0.1623485 0.014848
v 0.6972195 -0.1568105 0.001445
v 0.6670005 -0.1507555 0.001445
v 0.6647645 -0.1558375 0.014848
v 0.6647645 -0.1558375 -0.011958
v 0.6214585 -0.15430549999999998 -0.017509
v 0.6214585 -0.14090249999999999 -0.011958
v 0.6214585 -0.13535149999999999 0.001445
v 0.6214585 -0.15430549999999998 0.020399
v 0.6214585 -0.14090249999999999 0.014848
v 0.6214585 -0.1353525 0.00168
v 0.6670005 -0.1507565 0.00168
v 0.6647645 -0.1558375 -0.011723
v 0.6214585 -0.14090249999999999 -0.011723
v -0.018907499999999997 0.009258500000000003 -0.029483
v -0.018907499999999997 0.038741499999999984 -0.041696
v -0.060746499999999995 0.038741499999999984 -0.041696
v -0.060746499999999995 0.009258500000000003 -0.029483
v 0.6214585 -0.16770849999999998 -0.011958
v 0.6214585 -0.17325949999999998 0.001445
v 0.6214585 -0.16770849999999998 0.014848
v 0.6517335000000001 -0.1854545 0.001445
v 0.6214585 -0.16770949999999998 -0.011723
v 0.6539695 -0.1803725 -0.011723
v 0.6517335000000001 -0.1854555 0.00168
v 0.6214585 -0.17326049999999998 0.00168
v 0.6539695 -0.1803725 0.014848
v 0.6593665000000001 -0.1681055 -0.017274
v 0.6214585 -0.15430649999999999 -0.017274
v -0.0031464999999999965 0.08665650000000003 0.138213
v 0.0008565000000000031 0.09095249999999999 0.151229
v 0.6968355 -0.16234949999999998 0.015083
v 0.6647645 -0.1558375 0.015083
v 0.5575965 -0.2381355 -0.070963
v 0.5842795000000001 -0.2479805 -0.000178
v 0.6972195 -0.1568105 0.00168
v 0.7344865 -0.1595705 0.015083
v 0.7321285000000001 -0.15454449999999997 0.00168
v 0.10318749999999999 0.24674449999999998 0.118858
v 0.14331649999999999 0.27352550000000003 0.079362
v -0.1340375 -0.11938949999999998 -0.201343
v -0.1366355 -0.1151025 -0.1892
v -0.0867745 -0.059853499999999976 -0.160265
v -0.1350795 -0.12091549999999998 -0.176698
v -0.0861035 -0.06782449999999998 -0.148163
v 0.12813149999999998 0.2028565 -0.099454
v -0.0809125 -0.08094649999999998 -0.144797
v -0.0149515 -0.0320945 -0.11071
v -0.2123355 -0.1428255 -0.194752
v -0.1288065 -0.13126149999999998 -0.206014
v -0.2080285 -0.1561055 -0.198694
v -0.1240085 -0.1437675 -0.200477
v -0.0277875 0.012170500000000029 0.172781
v -0.07724149999999999 -0.041369499999999976 0.203626
v -0.0705705 -0.05195449999999999 0.210968
v -0.0167485 0.006279499999999993 0.180123
v 0.7718225 -0.0558815 0.025774
v 0.7611455 -0.0558815 0
v 0.7802095 -0.0668135 0
v 0.7853025 -0.0668135 0.012294
v -0.1302805 -0.1334195 -0.171161
v -0.1250505 -0.1452935 -0.175832
v -0.0742415 -0.09153249999999999 -0.152139
v -0.2096045 -0.13407049999999998 -0.183512
v -0.20143550000000002 -0.1349685 -0.171558
v -0.2596985 -0.1668735 -0.148677
v -0.2541465 -0.1534705 -0.148677
v -0.2541465 -0.1802765 -0.148677
v 0.048680499999999995 0.1765675 0.120518
v 0.8031015 -0.12167649999999999 -0.017509
v 0.8162985 -0.1240125 -0.011958
v -0.2273415 -0.1534705 0.151802
v -0.1943225 -0.14816449999999998 0.180794
v -0.2217895 -0.1668735 -0.148677
v -0.18830550000000001 -0.15827349999999998 -0.169834
v -0.1926125 -0.1449935 -0.165892
v -0.2273415 -0.1534705 -0.148677
v 0.3275525 -0.16085349999999998 -0.000178
v 0.34759650000000003 -0.16085349999999998 -0.070963
v -0.2703895 -0.1668735 -0.120399
v -0.2648375 -0.1534705 -0.120399
v -0.2514345 -0.14791849999999998 -0.120399
v -0.2407445 -0.14791849999999998 -0.148677
v -0.2407445 -0.14791849999999998 0.151802
v -0.2217895 -0.16687249999999998 0.151802
v -0.2324805 -0.16687249999999998 0.123524
v -0.2380325 -0.15346949999999998 0.123524
v -0.2648375 -0.1802765 -0.120399
v -0.2380325 -0.18027549999999998 0.123524
v -0.2273415 -0.18027549999999998 0.151802
v -0.2514345 -0.1858265 0.123524
v -0.2407445 -0.18582749999999998 -0.148677
v -0.2273415 -0.1802765 -0.148677
v -0.2380325 -0.1802765 -0.120399
v -0.2514345 -0.18582749999999998 -0.120399
v -0.1992055 -0.1661305 -0.193028
v -0.1910365 -0.1670295 -0.181074
v 0.5615495 0.14596950000000003 0.040727
v -0.0428775 0.14596950000000003 0.022036
v 0.1760865 0.22797249999999997 -0.011723
v 0.1681105 0.23212649999999996 -0.04247
v -0.12245249999999999 -0.14957849999999998 -0.187975
v -0.1407525 -0.09996949999999999 0.220932
v 0.1370735 0.30400450000000007 0.06328
v 0.09435749999999998 0.2694005 0.130125
v 0.14778349999999998 0.2987755 0.071551
v -0.0039135 -0.03798549999999998 -0.118052
v 0.8525965 0.16278350000000003 -0.020758
v 0.8675965 0.12907849999999998 0.029655
v 0.0407765 0.038903500000000035 -0.136391
v 0.0350295 0.047190500000000024 -0.1465
v -0.1317655 -0.1258735 0.195421
v -0.1291675 -0.13015949999999998 0.207564
v -0.19274650000000002 -0.17020049999999998 0.195975
v -0.1900155 -0.1614455 0.184735
v -0.2648375 -0.1534705 0.123524
v -0.2514345 -0.14791849999999998 0.123524
v 0.10835449999999999 0.1518195 -0.130481
v 0.09746349999999998 0.15503250000000002 -0.13951
v 0.0573315 0.18578850000000002 0.144154
v 0.0582595 0.18063850000000004 0.130624
v 0.1031455 0.2580765 0.12791
v 0.0464405 0.1890015 0.153183
v 0.1503685 0.28615050000000003 0.078213
v 0.1281735 0.19152249999999998 -0.090402
v 0.6214585 -0.15430649999999999 0.020634
v 0.6214585 -0.14090249999999999 0.015083
v -0.060746499999999995 0.0804375 0
v -0.018907499999999997 0.0804375 0
v -0.018907499999999997 0.0682255 0.029483
v -0.060746499999999995 0.0682255 0.029483
v 0.6593665000000001 -0.1681055 0.020399
v 0.6214585 -0.16770949999999998 0.015083
v 0.6945965000000001 -0.19462849999999998 0.00168
v 0.6968355 -0.16234949999999998 -0.011723
v 0.8637075000000001 0.09907850000000001 0.027348
v 0.7344865 -0.1595705 -0.011723
v 0.7675025 -0.1423875 0.00168
v 0.7714295 -0.14631149999999998 -0.011723
v 0.8350965 0.22278350000000002 -0.006228
v 0.030144499999999998 0.0730345 0.148137
v 0.026141500000000005 0.0687375 0.13512
v 0.8180955 -0.08931049999999999 0.015083
v 0.8138155 -0.06535249999999998 0.015083
v 0.6243975 0.1363745 -0.097633
v 0.5522935 0.1363745 -0.097633
v 0.5522935 0.1768165 0
v 0.6243975 0.17681550000000001 0
v 0.7809105000000001 -0.1557855 -0.017274
v 0.5575965 -0.16085349999999998 -0.070963
v 0.5842795000000001 -0.16085349999999998 -0.000178
v 0.0009755000000000041 0.1669695 0.016605
v 0.5615495 0.1669695 0.016605
v 0.5615495 0.1669695 -0.016605
v 0.0009755000000000041 0.1669695 -0.016605
v 0.1894895 0.2279735 0.020399
v 0.1894895 0.20495449999999998 0.020399
v 0.2028925 0.20495449999999998 0.014848
v -0.2541515 -0.1263345 -0.115028
v -0.2541515 -0.1263335 -0.080468
v 0.8895255 0.038741499999999984 0.075202
v 0.8895255 0.09191850000000001 0.053176
v 0.7474855 0.09191850000000001 0.053176
v 0.7474855 0.038741499999999984 0.075202
v 0.20844349999999998 0.20495449999999998 0.001445
v 0.2028925 0.20495449999999998 -0.011958
v 0.6240475 -0.1398345 -0.01255
v 0.6240475 -0.15238449999999998 -0.017749
v 0.6131145 -0.15036349999999998 -0.036451
v 0.6131145 -0.12458949999999999 -0.025774
v -0.1307235 -0.1243475 0.220066
v -0.1355215 -0.11184249999999998 0.225603
v 0.1760865 0.20495449999999998 -0.011958
v 0.1705355 0.20495449999999998 0.001445
v 0.1760865 0.22797249999999997 0.015083
v 0.1705355 0.22797249999999997 0.00168
v -0.0428775 0.14596950000000003 -0.022036
v 0.2028925 0.2049535 0.015083
v 0.20844349999999998 0.2049535 0.00168
v 0.5226455 0.038741499999999984 -0.041696
v 0.5226455 0.0682255 -0.029483
v 0.4808065 0.0682255 -0.029483
v 0.4808065 0.038741499999999984 -0.041696
v -0.27992649999999997 -0.1885585 0.115028
v -0.2657155 -0.1743485 0.12596
v 0.1631175 0.2487185 0.043306
v 0.17453549999999998 0.25506350000000005 0.049617
v -0.2380325 -0.1534705 -0.120399
v -0.2324805 -0.1668735 -0.120399
v -0.2648375 -0.18027549999999998 0.123524
v -0.2703895 -0.16687249999999998 0.123524
v -0.1369955 -0.11400149999999998 0.19075
v 0.6131145 -0.17613849999999998 0.025774
v 0.6240475 -0.16493549999999998 0.01255
v 0.6240475 -0.15238449999999998 0.017749
v 0.6131145 -0.15036349999999998 0.036451
v 0.024397499999999996 0.08132050000000002 0.158246
v -0.0057395000000000015 -0.0025474999999999803 0.176757
v -0.0012075000000000002 -0.009138499999999994 0.164655
v -0.0689505 -0.0711985 0.181751
v -0.0647085 -0.07304749999999999 0.1955
v -0.06537950000000001 -0.06507649999999998 0.207602
v 0.014732500000000003 0.0709475 0.126822
v -0.005808500000000001 -0.00963449999999999 0.150906
v -0.016846499999999997 -0.0037435000000000107 0.143564
v -0.0756215 -0.060612499999999986 0.174409
v -0.0278565 0.0050835000000000186 0.14693
v -0.0762255 0.038741499999999984 0.122344
v -0.0762255 0.12525350000000002 0.08651
v -0.09075849999999999 0.1363745 0.097633
v -0.09075849999999999 0.038741499999999984 0.138074
v 0.7675965 0.12907849999999998 0.029655
v 0.8025965 0.16278350000000003 -0.020758
v 0.6858485 -0.029223499999999986 0.067967
v 0.6389295 -0.04776749999999999 0.08651
v 0.6389295 -0.0836015 0
v 0.6858485 -0.0573765 0
v 0.012265499999999999 0.0887425 0.159527
v 0.1760865 0.2279735 0.014848
v 0.1866735 0.2113625 -0.017484
v 0.1990365 0.2113625 -0.012363
v 0.2075505 0.20042950000000004 -0.020877
v 0.1866735 0.20042950000000004 -0.029525
v 0.6858485 0.10670849999999998 -0.067967
v 0.6858485 0.0856885 -0.046945
v 0.6858485 0.038741499999999984 -0.066391
v 0.6858485 0.038741499999999984 -0.096119
v 0.0026014999999999996 0.07836950000000004 0.128104
v -0.0031314999999999954 0.038741499999999984 0.07517
v -0.0031314999999999954 -0.014410499999999993 0.053153
v 0.6131145 -0.1868145 0
v 0.6131145 -0.17613849999999998 -0.025774
v 0.6240475 -0.16493549999999998 -0.01255
v 0.6240475 -0.1701325 0
v 0.6240475 -0.1346355 0
v 0.6131145 -0.1139135 0
v -0.0323885 0.011674500000000032 0.159032
v -0.27240349999999997 0.1502865 0.06
v 0.9067795000000001 0.014128499999999988 -0.024614
v 0.9067795000000001 -0.0019794999999999674 -0.040722
v 0.9067795000000001 0.038741499999999984 -0.05759
v 0.9067795000000001 0.038741499999999984 -0.034809
v -0.1718745 0.038741499999999984 -0.122344
v -0.1718745 0.16108650000000002 0
v -0.1718745 0.12525350000000002 -0.08651
v -0.1718745 -0.04776749999999999 0.08651
v -0.1718745 -0.04776749999999999 -0.08651
v -0.1718745 -0.0836015 0
v -0.1718745 0.038741499999999984 0.122344
v -0.1718745 0.12525350000000002 0.08651
v -0.0762255 0.12525350000000002 -0.08651
v -0.09075849999999999 0.1363745 -0.097633
v -0.09075849999999999 0.17681550000000001 0
v -0.0762255 0.16108650000000002 0
v -0.1573425 0.038741499999999984 -0.138074
v -0.1573425 -0.058891499999999986 -0.097633
v -0.09075849999999999 -0.058891499999999986 -0.097633
v -0.0762255 -0.04776749999999999 -0.08651
v -0.0762255 -0.0836015 0
v -0.09075849999999999 -0.09933149999999999 0
v 0.5377615 -0.0836015 0
v 0.5377615 -0.04776749999999999 -0.08651
v 0.5522935 -0.058891499999999986 -0.097633
v 0.5522935 -0.09933149999999999 0
v -0.1573425 -0.058891499999999986 0.097633
v -0.1573425 0.038741499999999984 0.138074
v -0.1573425 0.1768165 0
v -0.1573425 0.1363745 0.097633
v 0.9067795000000001 0.06335550000000001 -0.024614
v 0.9067795000000001 0.0794645 -0.040722
v 0.6858485 -0.027648499999999993 0
v 0.6858485 -0.008202500000000001 0.046945
v -0.0762255 0.038741499999999984 -0.122344
v -0.0762255 -0.04776749999999999 0.08651
v 0.8895255 -0.014433499999999988 -0.053176
v 0.8895255 0.038741499999999984 -0.075202
v 0.8895255 0.09191850000000001 -0.053176
v 0.8895255 0.1139445 0
v 0.9067795000000001 0.0794645 0.040722
v 0.9067795000000001 0.09633150000000001 0
v 0.9067795000000001 0.07355149999999999 0
v 0.9067795000000001 0.06335550000000001 0.024614
v 0.9067795000000001 0.038741499999999984 0.05759
v 0.9067795000000001 0.038741499999999984 0.034809
v 0.9067795000000001 -0.01884749999999996 0
v 0.8895255 -0.03646049999999998 0
v 0.9067795000000001 -0.0019794999999999674 0.040722
v 0.9067795000000001 0.014128499999999988 0.024614
v 0.9067795000000001 0.0039325000000000054 0
v 0.8895255 -0.014433499999999988 0.053176
v 0.8200955 0.22278350000000002 -0.006228
v 0.48847150000000006 -0.03435149999999998 -0.073095
v 0.5434275000000001 -0.03435149999999998 -0.073095
v 0.5434275000000001 -0.06462949999999998 0
v 0.48847150000000006 -0.06462949999999998 0
v 0.7359855000000001 0.0856885 -0.046945
v 0.7359855000000001 0.038741499999999984 -0.066391
v 0.8089715000000001 0.07355149999999999 0
v 0.8089715000000001 0.038741499999999984 -0.034809
v 0.8089715000000001 0.06335550000000001 -0.024614
v 0.5522935 -0.058891499999999986 0.097633
v 0.6243975 -0.058891499999999986 0.097633
v 0.6243975 0.038741499999999984 0.138074
v 0.5522935 0.038741499999999984 0.138074
v 0.5377615 0.038741499999999984 0.122344
v 0.5377615 0.16108650000000002 0
v 0.5377615 -0.04776749999999999 0.08651
v 0.8089715000000001 0.014128499999999988 -0.024614
v 0.8089715000000001 0.014128499999999988 0.024614
v 0.8089715000000001 0.0039325000000000054 0
v 0.7474855 0.038741499999999984 -0.075202
v 0.7474855 0.09191850000000001 -0.053176
v -0.0871575 0.14596950000000003 -0.022036
v -0.0871575 0.14596950000000003 0.022036
v 0.8089715000000001 0.038741499999999984 0.034809
v 0.8089715000000001 0.06335550000000001 0.024614
v 0.7474855 0.1139445 0
v 0.6858485 -0.008202500000000001 -0.046945
v 0.6858485 -0.029223499999999986 -0.067967
v 0.6858485 0.0856885 0.046945
v 0.6858485 0.10513349999999999 0
v 0.6858485 0.13486150000000002 0
v 0.6858485 0.10670849999999998 0.067967
v 0.6858485 0.038741499999999984 0.066391
v 0.6858485 0.038741499999999984 0.096119
v 0.6389295 0.038741499999999984 0.122344
v 0.6389295 0.16108650000000002 0
v 0.6389295 0.12525350000000002 0.08651
v 0.6389295 -0.04776749999999999 -0.08651
v 0.6389295 0.038741499999999984 -0.122344
v 0.6389295 0.12525350000000002 -0.08651
v 0.34759650000000003 -0.2703635 0.070606
v 0.34759650000000003 -0.1608525 0.070606
v 0.5253665000000001 -0.2703635 0.070606
v 0.5575965 -0.2381345 0.070606
v 0.5575965 -0.1608525 0.070606
v 0.5377615 0.038741499999999984 -0.122344
v 0.5522935 0.038741499999999984 -0.138074
v 0.5377615 0.12525350000000002 -0.08651
v -0.1573425 -0.09933149999999999 0
v 0.6243975 0.1363745 0.097633
v -0.31356049999999996 0.2176955 -0.013942
v 0.6131145 -0.12458949999999999 0.025774
v 0.6240475 -0.1398345 0.01255
v -0.0031314999999999954 0.09189449999999999 -0.053153
v -0.018907499999999997 0.0682255 -0.029483
v -0.0031314999999999954 0.038741499999999984 -0.07517
v 0.5434275000000001 0.038741499999999984 0.103372
v 0.48847150000000006 0.038741499999999984 0.103372
v 0.48847150000000006 -0.03435149999999998 0.073095
v 0.5434275000000001 -0.03435149999999998 0.073095
v 0.8233705 -0.013913499999999968 0.025774
v 0.8233705 -0.0558815 0.025774
v 0.1760865 0.20495449999999998 0.014848
v 0.5522935 0.1363745 0.097633
v -0.018907499999999997 -0.002953499999999998 0
v -0.060746499999999995 -0.002953499999999998 0
v 0.4808065 0.038741499999999984 0.041696
v 0.5226455 0.038741499999999984 0.041696
v 0.5511465 -0.1139135 0
v 0.5511465 -0.12458949999999999 0.025774
v 0.5511465 -0.12458949999999999 -0.025774
v 0.16579649999999999 0.20042950000000004 0.020877
v 0.1866735 0.20042950000000004 0.029525
v 0.1866735 0.2113625 0.017484
v 0.1743105 0.2113625 0.012363
v 0.2041575 0.2113625 0
v 0.2161985 0.20042950000000004 0
v 0.2075505 0.20042950000000004 0.020877
v 0.1990365 0.2113625 0.012363
v 0.16579649999999999 0.20042950000000004 -0.020877
v 0.1571485 0.20042950000000004 0
v 0.1691895 0.2113625 0
v 0.1743105 0.2113625 -0.012363
v 0.7975965 -0.0558815 0.036451
v 0.7975965 -0.013912499999999994 0.036451
v 0.7718225 -0.013912499999999994 0.025774
v -0.4724045 0.1502865 0.06
v 0.1894895 0.2049535 -0.017274
v 0.2028925 0.2049535 -0.011723
v 0.7359855000000001 0.038741499999999984 0.066391
v 0.7359855000000001 0.0856885 0.046945
v 0.7474855 -0.03646049999999998 0
v 0.7474855 -0.014433499999999988 -0.053176
v 0.1760865 0.2049535 -0.011723
v 0.1705355 0.2049535 0.00168
v -0.0871575 0.1186355 0.031033
v -0.0871575 0.1186355 -0.031033
v -0.27992649999999997 -0.1885595 -0.115028
v -0.27992649999999997 -0.1885595 -0.080468
v 0.48847150000000006 0.11183750000000003 -0.073095
v 0.5434275000000001 0.11183750000000003 -0.073095
v 0.5434275000000001 0.038741499999999984 -0.103372
v 0.48847150000000006 0.038741499999999984 -0.103372
v -0.43124749999999995 0.2176955 -0.013942
v -0.2541515 -0.1791395 -0.12596
v -0.2541515 -0.19923549999999998 -0.115028
v -0.2657155 -0.1743495 -0.12596
v -0.2425875 -0.15122049999999998 -0.12596
v -0.2541515 -0.1464305 -0.12596
v -0.2657155 -0.15122049999999998 -0.12596
v -0.2425875 -0.1743495 -0.12596
v -0.2541515 -0.1464295 0.12596
v -0.2425875 -0.15121949999999998 0.12596
v -0.2283775 -0.13700949999999998 0.115028
v -0.2541515 -0.1263335 0.115028
v -0.2705055 -0.16278549999999997 -0.12596
v 0.7975965 -0.0668135 -0.017386
v 0.7853025 -0.0668135 -0.012294
v 0.8149825 -0.0668135 0
v 0.8098905000000001 -0.0668135 -0.012294
v 0.7975965 -0.0668135 0.017386
v 0.8098905000000001 -0.0668135 0.012294
v 0.7718225 -0.0558815 -0.025774
v 0.7975965 -0.0558815 -0.036451
v 0.5615495 0.14596950000000003 -0.040727
v 0.7714855 0.09907850000000001 0.027348
v 0.6243975 0.038741499999999984 -0.138074
v 0.6243975 -0.058891499999999986 -0.097633
v 0.1866735 0.1540705 -0.029525
v 0.16579649999999999 0.1540705 -0.020877
v 0.5511465 -0.15036349999999998 0.036451
v 0.5511465 -0.17613849999999998 0.025774
v 0.7474855 -0.014433499999999988 0.053176
v 0.5511465 -0.15036349999999998 -0.036451
v 0.5511465 -0.17613849999999998 -0.025774
v -0.09075849999999999 -0.058891499999999986 0.097633
v -0.2541515 -0.19923449999999998 0.080468
v -0.2541515 -0.19923449999999998 0.115028
v -0.27992649999999997 -0.1885585 0.080468
v 0.1894895 0.20495449999999998 -0.017509
v 0.7359855000000001 -0.027648499999999993 0
v 0.7359855000000001 -0.008202500000000001 0.046945
v -0.2541515 -0.1263335 0.080468
v -0.27992649999999997 -0.13700949999999998 0.080468
v -0.0815285 0.11183750000000003 -0.073095
v -0.0265725 0.11183750000000003 -0.073095
v -0.0265725 0.038741499999999984 -0.103372
v -0.0815285 0.038741499999999984 -0.103372
v -0.2283775 -0.13700949999999998 0.080468
v 0.48847150000000006 0.1421135 0
v 0.48847150000000006 0.11183750000000003 0.073095
v 0.5434275000000001 0.11183750000000003 0.073095
v 0.5434275000000001 0.1421135 0
v -0.2541515 -0.19923549999999998 -0.080468
v -0.018907499999999997 0.038741499999999984 0.041696
v -0.018907499999999997 0.009258500000000003 0.029483
v -0.060746499999999995 0.009258500000000003 0.029483
v -0.060746499999999995 0.038741499999999984 0.041696
v -0.0265725 0.1421135 0
v -0.0815285 0.1421135 0
v -0.0815285 0.11183750000000003 0.073095
v -0.0265725 0.11183750000000003 0.073095
v 0.2161985 0.1540705 0
v 0.2075505 0.1540705 -0.020877
v -0.060746499999999995 0.0682255 -0.029483
v 0.1760865 0.2049535 0.015083
v -0.0265725 -0.03435149999999998 -0.073095
v -0.0815285 -0.03435149999999998 -0.073095
v -0.2283775 -0.1885585 0.115028
v -0.2283775 -0.1885585 0.080468
v 0.5511465 -0.1868145 0
v -0.0815285 -0.06462949999999998 0
v -0.0265725 -0.06462949999999998 0
v 0.16579649999999999 0.1540705 0.020877
v 0.2075505 0.1540705 0.020877
v -0.2906035 -0.1627845 0.080468
v 0.5226455 0.009258500000000003 -0.029483
v 0.4808065 0.009258500000000003 -0.029483
v 0.46503150000000004 -0.014410499999999993 -0.053153
v 0.46503150000000004 -0.0364265 0
v -0.0031314999999999954 -0.014410499999999993 -0.053153
v 0.46503150000000004 0.1139115 0
v 0.46503150000000004 0.09189449999999999 -0.053153
v 0.46503150000000004 -0.014410499999999993 0.053153
v 0.46503150000000004 0.038741499999999984 -0.07517
v 0.46503150000000004 0.038741499999999984 0.07517
v 0.46503150000000004 0.09189449999999999 0.053153
v -0.0031314999999999954 -0.0364265 0
v -0.0031314999999999954 0.09189449999999999 0.053153
v -0.0031314999999999954 0.1139115 0
v 0.1894895 0.2049535 0.020634
v 0.6243975 -0.09933149999999999 0
v 0.7975965 -0.013912499999999994 -0.036451
v 0.7718225 -0.013912499999999994 -0.025774
v 0.1866735 0.1540705 0.029525
v 0.1571485 0.1540705 0
v 0.7611455 -0.013912499999999994 0
v 0.7359855000000001 0.10513349999999999 0
v 0.5377615 0.12525350000000002 0.08651
v -0.1573425 0.1363745 -0.097633
v -0.09075849999999999 0.038741499999999984 -0.138074
v 0.7359855000000001 -0.008202500000000001 -0.046945
v -0.2177015 -0.16278349999999997 0.115028
v -0.2177015 -0.16278349999999997 0.080468
v -0.2377975 -0.16278549999999997 -0.12596
v -0.2425875 -0.1743485 0.12596
v -0.2377975 -0.16278349999999997 0.12596
v -0.2541515 -0.17913849999999998 0.12596
vt 0 0
vt 0 0
vt 0 0
vt 0 0
vt 0 0
vt 0 0
vt 0 0
vt 0 0
vt 0 0
vt 0 0
vt 0 0
vt 0 0
vt 0 0
vt 0 0
vt 0 0
vt 0 0
vt 0 0
vt 0 0
vt 0 0
vt 0 0
vt 0 0
vt 0 0
vt 0 0
vt 0 0
vt 0 0
vt 0 0
vt 0 0
vt 0 0
vt 0 0
vt 0 0
vt 0 0
vt 0 0
vt 0 0
vt 0 0
vt 0 0
vt 0 0
vt 0 0
vt 0 0
vt 0 0
vt 0 0
vt 0 0
vt 0 0
vt 0 0
vt 0 0
vt 0 0
vt 0 0
vt 0 0
vt 0 0
vt 0 0
vt 0 0
vt 0 0
vt 0 0
vt 0 0
vt 0 0
vt 0 0
vt 0 0
vt 0 0
vt 0 0
vt 0 0
vt 0 0
vt 0 0
vt 0 0
vt 0 0
vt 0 0
vt 0 0
vt 0 0
vt 0 0
vt 0 0
vt 0 0
vt 0 0
vt 0 0
vt 0 0
vt 0 0
vt 0 0
vt 0 0
vt 0 0
vt 0 0
vt 0 0
vt 0 0
vt 0 0
vt 0 0
vt 0 0
vt 0 0
vt 0 0
vt 0 0
vt 0 0
vt 0 0
vt 0 0
vt 0 0
vt 0 0
vt 0 0
vt 0 0
vt 0 0
vt 0 0
vt 0 0
vt 0 0
vt 0 0
vt 0 0
vt 0 0
vt 0 0
vt 0 0
vt 0 0
vt 0 0
vt 0 0
vt 0 0
vt 0 0
vt 0 0
vt 0 0
vt 0 0
vt 0 0
vt 0 0
vt 0 0
vt 0 0
vt 0 0
vt 0 0
vt 0 0
vt 0 0
vt 0 0
vt 0 0
vt 0 0
vt 0 0
vt 0 0
vt 0 0
vt 0 0
vt 0 0
vt 0 0
vt 0 0
vt 0 0
vt 0 0
vt 0 0
vt 0 0
vt 0 0
vt 0 0
vt 0 0
vt 0 0
vt 0 0
vt 0 0
vt 0 0
vt 0 0
vt 0 0
vt 0 0
vt 0 0
vt 0 0
vt 0 0
vt 0 0
vt 0 0
vt 0 0
vt 0 0
vt 0 0
vt 0 0
vt 0 0
vt 0 0
vt 0 0
vt 0 0
vt 0 0
vt 0 0
vt 0 0
vt 0 0
vt 0 0
vt 0 0
vt 0 0
vt 0 0
vt 0 0
vt 0 0
vt 0 0
vt 0 0
vt 0 0
vt 0 0
vt 0 0
vt 0 0
vt 0 0
vt 0 0
vt 0 0
vt 0 0
vt 0 0
vt 0 0
vt 0 0
vt 0 0
vt 0 0
vt 0 0
vt 0 0
vt 0 0
vt 0 0
vt 0 0
vt 0 0
vt 0 0
vt 0 0
vt 0 0
vt 0 0
vt 0 0
vt 0 0
vt 0 0
vt 0 0
vt 0 0
vt 0 0
vt 0 0
vt 0 0
vt 0 0
vt 0 0
vt 0 0
vt 0 0
vt 0 0
vt 0 0
vt 0 0
vt 0 0
vt 0 0
vt 0 0
vt 0 0
vt 0 0
vt 0 0
vt 0 0
vt 0 0
vt 0 0
vt 0 0
vt 0 0
vt 0 0
vt 0 0
vt 0 0
vt 0 0
vt 0 0
vt 0 0
vt 0 0
vt 0 0
vt 0 0
vt 0 0
vt 0 0
vt 0 0
vt 0 0
vt 0 0
vt 0 0
vt 0 0
vt 0 0
vt 0 0
vt 0 0
vt 0 0
vt 0 0
vt 0 0
vt 0 0
vt 0 0
vt 0 0
vt 0 0
vt 0 0
vt 0 0
vt 0 0
vt 0 0
vt 0 0
vt 0 0
vt 0 0
vt 0 0
vt 0 0
vt 0 0
vt 0 0
vt 0 0
vt 0 0
vt 0 0
vt 0 0
vt 0 0
vt 0 0
vt 0 0
vt 0 0
vt 0 0
vt 0 0
vt 0 0
vt 0 0
vt 0 0
vt 0 0
vt 0 0
vt 0 0
vt 0 0
vt 0 0
vt 0 0
vt 0 0
vt 0 0
vt 0 0
vt 0 0
vt 0 0
vt 0 0
vt 0 0
vt 0 0
vt 0 0
vt 0 0
vt 0 0
vt 0 0
vt 0 0
vt 0 0
vt 0 0
vt 0 0
vt 0 0
vt 0 0
vt 0 0
vt 0 0
vt 0 0
vt 0 0
vt 0 0
vt 0 0
vt 0 0
vt 0 0
vt 0 0
vt 0 0
vt 0 0
vt 0 0
vt 0 0
vt 0 0
vt 0 0
vt 0 0
vt 0 0
vt 0 0
vt 0 0
vt 0 0
vt 0 0
vt 0 0
vt 0 0
vt 0 0
vt 0 0
vt 0 0
vt 0 0
vt 0 0
vt 0 0
vt 0 0
vt 0 0
vt 0 0
vt 0 0
vt 0 0
vt 0 0
vt 0 0
vt 0 0
vt 0 0
vt 0 0
vt 0 0
vt 0 0
vt 0 0
vt 0 0
vt 0 0
vt 0 0
vt 0 0
vt 0 0
vt 0 0
vt 0 0
vt 0 0
vt 0 0
vt 0 0
vt 0 0
vt 0 0
vt 0 0
vt 0 0
vt 0 0
vt 0 0
vt 0 0
vt 0 0
vt 0 0
vt 0 0
vt 0 0
vt 0 0
vt 0 0
vt 0 0
vt 0 0
vt 0 0
vt 0 0
vt 0 0
vt 0 0
vt 0 0
vt 0 0
vt 0 0
vt 0 0
vt 0 0
vt 0 0
vt 0 0
vt 0 0
vt 0 0
vt 0 0
vt 0 0
vt 0 0
vt 0 0
vt 0 0
vt 0 0
vt 0 0
vt 0 0
vt 0 0
vt 0 0
vt 0 0
vt 0 0
vt 0 0
vt 0 0
vt 0 0
vt 0 0
vt 0 0
vt 0 0
vt 0 0
vt 0 0
vt 0 0
vt 0 0
vt 0 0
vt 0 0
vt 0 0
vt 0 0
vt 0 0
vt 0 0
vt 0 0
vt 0 0
vt 0 0
vt 0 0
vt 0 0
vt 0 0
vt 0 0
vt 0 0
vt 0 0
vt 0 0
vt 0 0
vt 0 0
vt 0 0
vt 0 0
vt 0 0
vt 0 0
vt 0 0
vt 0 0
vt 0 0
vt 0 0
vt 0 0
vt 0 0
vt 0 0
vt 0 0
vt 0 0
vt 0 0
vt 0 0
vt 0 0
vt 0 0
vt 0 0
vt 0 0
vt 0 0
vt 0 0
vt 0 0
vt 0 0
vt 0 0
vt 0 0
vt 0 0
vt 0 0
vt 0 0
vt 0 0
vt 0 0
vt 0 0
vt 0 0
vt 0 0
vt 0 0
vt 0 0
vt 0 0
vt 0 0
vt 0 0
vt 0 0
vt 0 0
vt 0 0
vt 0 0
vt 0 0
vt 0 0
vt 0 0
vt 0 0
vt 0 0
vt 0 0
vt 0 0
vt 0 0
vt 0 0
vt 0 0
vt 0 0
vt 0 0
vt 0 0
vt 0 0
vt 0 0
vt 0 0
vt 0 0
vt 0 0
vt 0 0
vt 0 0
vt 0 0
vt 0 0
vt 0 0
vt 0 0
vt 0 0
vt 0 0
vt 0 0
vt 0 0
vt 0 0
vt 0 0
vt 0 0
vt 0 0
vt 0 0
vt 0 0
vt 0 0
vt 0 0
vt 0 0
vt 0 0
vt 0 0
vt 0 0
vt 0 0
vt 0 0
vt 0 0
vt 0 0
vt 0 0
vt 0 0
vt 0 0
vt 0 0
vt 0 0
vt 0 0
vt 0 0
vt 0 0
vt 0 0
vt 0 0
vt 0 0
vt 0 0
vt 0 0
vt 0 0
vt 0 0
vt 0 0
vt 0 0
vt 0 0
vt 0 0
vt 0 0
vt 0 0
vt 0 0
vt 0 0
vt 0 0
vt 0 0
vt 0 0
vt 0 0
vt 0 0
vt 0 0
vt 0 0
vt 0 0
vt 0 0
vt 0 0
vt 0 0
vt 0 0
vt 0 0
vt 0 0
vt 0 0
vt 0 0
vt 0 0
vt 0 0
vt 0 0
vt 0 0
vt 0 0
vt 0 0
vt 0 0
vt 0 0
vt 0 0
vt 0 0
vt 0 0
vt 0 0
vt 0 0
vt 0 0
vt 0 0
vt 0 0
vt 0 0
vt 0 0
vt 0 0
vt 0 0
vt 0 0
vt 0 0
vt 0 0
vt 0 0
vt 0 0
vt 0 0
vt 0 0
vt 0 0
vt 0 0
vt 0 0
vt 0 0
vt 0 0
vt 0 0
vt 0 0
vt 0 0
vt 0 0
vt 0 0
vt 0 0
vt 0 0
vt 0 0
vt 0 0
vt 0 0
vt 0 0
vt 0 0
vt 0 0
vt 0 0
vt 0 0
vt 0 0
vt 0 0
vt 0 0
vt 0 0
vt 0 0
vt 0 0
vt 0 0
vt 0 0
vt 0 0
vt 0 0
vt 0 0
vt 0 0
vt 0 0
vt 0 0
vt 0 0
vt 0 0
vt 0 0
vt 0 0
vt 0 0
vt 0 0
vt 0 0
vt 0 0
vt 0 0
vt 0 0
vt 0 0
vt 0 0
vt 0 0
vt 0 0
vt 0 0
vt 0 0
vt 0 0
vt 0 0
vt 0 0
vt 0 0
vt 0 0
vt 0 0
vt 0 0
vt 0 0
vt 0 0
vt 0 0
vt 0 0
vt 0 0
vt 0 0
vt 0 0
vt 0 0
vt 0 0
vt 0 0
vt 0 0
vt 0 0
vt 0 0
vt 0 0
vt 0 0
vt 0 0
vt 0 0
vt 0 0
vt 0 0
vt 0 0
vt 0 0
vt 0 0
vt 0 0
vt 0 0
vt 0 0
vt 0 0
vt 0 0
vt 0 0
vt 0 0
vt 0 0
vt 0 0
vt 0 0
vt 0 0
vt 0 0
vt 0 0
vt 0 0
vt 0 0
vt 0 0
vt 0 0
vt 0 0
vt 0 0
vt 0 0
vt 0 0
vt 0 0
vt 0 0
vt 0 0
vt 0 0
vt 0 0
vt 0 0
vt 0 0
vt 0 0
vt 0 0
vt 0 0
vt 0 0
vt 0 0
vt 0 0
vt 0 0
vt 0 0
vt 0 0
vt 0 0
vt 0 0
vt 0 0
vt 0 0
vt 0 0
vt 0 0
vt 0 0
vt 0 0
vt 0 0
vt 0 0
vt 0 0
vt 0 0
vt 0 0
vt 0 0
vt 0 0
vt 0 0
vt 0 0
vt 0 0
vt 0 0
vt 0 0
vt 0 0
vt 0 0
vt 0 0
vt 0 0
vt 0 0
vt 0 0
vt 0 0
vt 0 0
vt 0 0
vt 0 0
vt 0 0
vt 0 0
vt 0 0
vt 0 0
vt 0 0
vt 0 0
vt 0 0
vt 0 0
vt 0 0
vt 0 0
vt 0 0
vt 0 0
vt 0 0
vt 0 0
vt 0 0
vt 0 0
vt 0 0
vt 0 0
vt 0 0
vt 0 0
vt 0 0
vt 0 0
vt 0 0
vt 0 0
vt 0 0
vt 0 0
vt 0 0
vt 0 0
vt 0 0
vt 0 0
vt 0 0
vt 0 0
vt 0 0
vt 0 0
vt 0 0
vt 0 0
vt 0 0
vt 0 0
vt 0 0
vt 0 0
vt 0 0
vt 0 0
vt 0 0
vt 0 0
vt 0 0
vt 0 0
vt 0 0
vt 0 0
vt 0 0
vt 0 0
vt 0 0
vt 0 0
vt 0 0
vt 0 0
vt 0 0
vt 0 0
vt 0 0
vt 0 0
vt 0 0
vt 0 0
vt 0 0
vt 0 0
vt 0 0
vt 0 0
vt 0 0
vt 0 0
vt 0 0
vt 0 0
vt 0 0
vt 0 0
vt 0 0
vt 0 0
vt 0 0
vt 0 0
vt 0 0
vt 0 0
vt 0 0
vt 0 0
vt 0 0
vt 0 0
vt 0 0
vt 0 0
vt 0 0
vt 0 0
vt 0 0
vt 0 0
vt 0 0
vt 0 0
vt 0 0
vt 0 0
vt 0 0
vt 0 0
vt 0 0
vt 0 0
vt 0 0
vt 0 0
vt 0 0
vt 0 0
vt 0 0
vt 0 0
vt 0 0
vt 0 0
vt 0 0
vt 0 0
vt 0 0
vt 0 0
vt 0 0
vt 0 0
vt 0 0
vt 0 0
vt 0 0
vt 0 0
vt 0 0
vt 0 0
vt 0 0
vt 0 0
vt 0 0
vt 0 0
vt 0 0
vt 0 0
vt 0 0
vt 0 0
vt 0 0
vt 0 0
vt 0 0
vt 0 0
vt 0 0
vt 0 0
vt 0 0
vt 0 0
vt 0 0
vt 0 0
vt 0 0
vt 0 0
vt 0 0
vt 0 0
vt 0 0
vt 0 0
vt 0 0
vt 0 0
vt 0 0
vt 0 0
vt 0 0
vt 0 0
vt 0 0
vt 0 0
vt 0 0
vt 0 0
vt 0 0
vt 0 0
vt 0 0
vt 0 0
vt 0 0
vt 0 0
vt 0 0
vt 0 0
vt 0 0
vt 0 0
vt 0 0
vt 0 0
vt 0 0
vt 0 0
vt 0 0
vt 0 0
vt 0 0
vt 0 0
vt 0 0
vt 0 0
vt 0 0
vt 0 0
vt 0 0
vt 0 0
vt 0 0
vt 0 0
vt 0 0
vt 0 0
vt 0 0
vt 0 0
vt 0 0
vt 0 0
vt 0 0
vt 0 0
vt 0 0
vt 0 0
vt 0 0
vt 0 0
vt 0 0
vt 0 0
vt 0 0
vt 0 0
vt 0 0
vt 0 0
vt 0 0
vt 0 0
vt 0 0
vt 0 0
vt 0 0
vt 0 0
vt 0 0
vt 0 0
vt 0 0
vt 0 0
vt 0 0
vt 0 0
vt 0 0
vt 0 0
vt 0 0
vt 0 0
vt 0 0
vt 0 0
vt 0 0
vt 0 0
vt 0 0
vt 0 0
vt 0 0
vt 0 0
vt 0 0
vt 0 0
vt 0 0
vt 0 0
vt 0 0
vt 0 0
vt 0 0
vt 0 0
vt 0 0
vt 0 0
vt 0 0
vt 0 0
vt 0 0
vt 0 0
vt 0 0
vt 0 0
vt 0 0
vt 0 0
vt 0 0
vt 0 0
vt 0 0
vt 0 0
vt 0 0
vt 0 0
vt 0 0
vt 0 0
vt 0 0
vt 0 0
vt 0 0
vt 0 0
vt 0 0
vt 0 0
vt 0 0
vt 0 0
vt 0 0
vt 0 0
vt 0 0
vt 0 0
vt 0 0
vt 0 0
vt 0 0
vt 0 0
vt 0 0
vt 0 0
vt 0 0
vt 0 0
vt 0 0
vt 0 0
vt 0 0
vt 0 0
vt 0 0
vt 0 0
vt 0 0
vt 0 0
vt 0 0
vt 0 0
vt 0 0
vt 0 0
vt 0 0
vt 0 0
vt 0 0
vt 0 0
vt 0 0
vt 0 0
vt 0 0
vt 0 0
vt 0 0
vt 0 0
vt 0 0
vt 0 0
vt 0 0
vt 0 0
vt 0 0
vt 0 0
vt 0 0
vt 0 0
vt 0 0
vt 0 0
vt 0 0
vt 0 0
vt 0 0
vt 0 0
vt 0 0
vt 0 0
vt 0 0
vt 0 0
vt 0 0
vt 0 0
vt 0 0
vt 0 0
vt 0 0
vt 0 0
vt 0 0
vt 0 0
vt 0 0
vt 0 0
vt 0 0
vt 0 0
vt 0 0
vt 0 0
vt 0 0
vt 0 0
vt 0 0
vt 0 0
vt 0 0
vt 0 0
vt 0 0
vt 0 0
vt 0 0
vt 0 0
vt 0 0
vt 0 0
vt 0 0
vt 0 0
vt 0 0
vt 0 0
vt 0 0
vt 0 0
vt 0 0
vt 0 0
vt 0 0
vt 0 0
vt 0 0
vt 0 0
vt 0 0
vt 0 0
vt 0 0
vt 0 0
vt 0 0
vt 0 0
vt 0 0
vt 0 0
vt 0 0
vt 0 0
vt 0 0
vt 0 0
vt 0 0
vt 0 0
vt 0 0
vt 0 0
vt 0 0
vt 0 0
vt 0 0
vt 0 0
vt 0 0
vt 0 0
vt 0 0
vt 0 0
vt 0 0
vt 0 0
vt 0 0
vt 0 0
vt 0 0
vt 0 0
vt 0 0
vt 0 0
vt 0 0
vt 0 0
vt 0 0
vt 0 0
vt 0 0
vt 0 0
vt 0 0
vt 0 0
vt 0 0
vt 0 0
vt 0 0
vt 0 0
vt 0 0
vt 0 0
vt 0 0
vt 0 0
vt 0 0
vt 0 0
vt 0 0
vt 0 0
vt 0 0
vt 0 0
vt 0 0
vt 0 0
vt 0 0
vt 0 0
vt 0 0
vt 0 0
vt 0 0
vt 0 0
vt 0 0
vt 0 0
vt 0 0
vt 0 0
vt 0 0
vt 0 0
vt 0 0
vt 0 0
vt 0 0
vt 0 0
vt 0 0
vt 0 0
vt 0 0
vt 0 0
vt 0 0
vt 0 0
vt 0 0
vt 0 0
vt 0 0
vt 0 0
vt 0 0
vt 0 0
vt 0 0
vt 0 0
vt 0 0
vt 0 0
vt 0 0
vt 0 0
vt 0 0
vt 0 0
vt 0 0
vt 0 0
vt 0 0
vt 0 0
vt 0 0
vt 0 0
vt 0 0
vt 0 0
vt 0 0
vt 0 0
vt 0 0
vt 0 0
vt 0 0
vt 0 0
vt 0 0
vt 0 0
vt 0 0
vt 0 0
vt 0 0
vt 0 0
vt 0 0
vt 0 0
vt 0 0
vt 0 0
vt 0 0
vt 0 0
vt 0 0
vt 0 0
vt 0 0
vt 0 0
vt 0 0
vt 0 0
vt 0 0
vt 0 0
vt 0 0
vt 0 0
vt 0 0
vt 0 0
vt 0 0
vt 0 0
vt 0 0
vt 0 0
vt 0 0
vt 0 0
vt 0 0
vt 0 0
vt 0 0
vt 0 0
vt 0 0
vt 0 0
vt 0 0
vt 0 0
vt 0 0
vt 0 0
vt 0 0
vt 0 0
vt 0 0
vt 0 0
vt 0 0
vt 0 0
vt 0 0
vt 0 0
vt 0 0
vt 0 0
vt 0 0
vt 0 0
vt 0 0
vt 0 0
vt 0 0
vt 0 0
vt 0 0
vt 0 0
vt 0 0
vt 0 0
vt 0 0
vt 0 0
vt 0 0
vt 0 0
vt 0 0
vt 0 0
vt 0 0
vt 0 0
vt 0 0
vt 0 0
vt 0 0
vt 0 0
vt 0 0
vt 0 0
vt 0 0
vt 0 0
vt 0 0
vt 0 0
vt 0 0
vt 0 0
vt 0 0
vt 0 0
vt 0 0
vt 0 0
vt 0 0
vt 0 0
vt 0 0
vt 0 0
vt 0 0
vt 0 0
vt 0 0
vt 0 0
vt 0 0
vt 0 0
vt 0 0
vt 0 0
vt 0 0
vt 0 0
vt 0 0
vt 0 0
vt 0 0
vt 0 0
vt 0 0
vt 0 0
vt 0 0
vt 0 0
vt 0 0
vt 0 0
vt 0 0
vt 0 0
vt 0 0
vt 0 0
vt 0 0
vt 0 0
vt 0 0
vt 0 0
vt 0 0
vt 0 0
vt 0 0
vt 0 0
vt 0 0
vt 0 0
vt 0 0
vt 0 0
vt 0 0
vt 0 0
vt 0 0
vt 0 0
vt 0 0
vt 0 0
vt 0 0
vt 0 0
vt 0 0
vt 0 0
vt 0 0
vt 0 0
vt 0 0
vt 0 0
vt 0 0
vt 0 0
vt 0 0
vt 0 0
vt 0 0
vt 0 0
vt 0 0
vt 0 0
vt 0 0
vt 0 0
vt 0 0
vt 0 0
vt 0 0
vt 0 0
vt 0 0
vt 0 0
vt 0 0
vt 0 0
vt 0 0
vt 0 0
vt 0 0
vt 0 0
vt 0 0
vt 0 0
vt 0 0
vt 0 0
vt 0 0
vt 0 0
vt 0 0
vt 0 0
vt 0 0
vt 0 0
vt 0 0
vt 0 0
vt 0 0
vt 0 0
vt 0 0
vt 0 0
vt 0 0
vt 0 0
vt 0 0
vt 0 0
vt 0 0
vt 0 0
vt 0 0
vt 0 0
vt 0 0
vt 0 0
vt 0 0
vt 0 0
vt 0 0
vt 0 0
vt 0 0
vt 0 0
vt 0 0
vt 0 0
vt 0 0
vt 0 0
vt 0 0
vt 0 0
vt 0 0
vt 0 0
vt 0 0
vt 0 0
vt 0 0
vt 0 0
vt 0 0
vt 0 0
vt 0 0
vt 0 0
vt 0 0
vt 0 0
vt 0 0
vt 0 0
vt 0 0
vt 0 0
vt 0 0
vt 0 0
vt 0 0
vt 0 0
vt 0 0
vt 0 0
vt 0 0
vt 0 0
vt 0 0
vt 0 0
vt 0 0
vt 0 0
vt 0 0
vt 0 0
vt 0 0
vt 0 0
vt 0 0
vt 0 0
vt 0 0
vt 0 0
vt 0 0
vt 0 0
vt 0 0
vt 0 0
vt 0 0
vt 0 0
vt 0 0
vt 0 0
vt 0 0
vt 0 0
vt 0 0
vt 0 0
vt 0 0
vt 0 0
vt 0 0
vt 0 0
vt 0 0
vt 0 0
vt 0 0
vt 0 0
vt 0 0
vt 0 0
vt 0 0
vt 0 0
vt 0 0
vt 0 0
vt 0 0
vt 0 0
vt 0 0
vt 0 0
vt 0 0
vt 0 0
vt 0 0
vt 0 0
vt 0 0
vt 0 0
vt 0 0
vt 0 0
vt 0 0
vt 0 0
vt 0 0
vt 0 0
vt 0 0
vt 0 0
vt 0 0
vt 0 0
vt 0 0
vt 0 0
vt 0 0
vt 0 0
vt 0 0
vt 0 0
vt 0 0
vt 0 0
vt 0 0
vt 0 0
vt 0 0
vt 0 0
vt 0 0
vt 0 0
vt 0 0
vt 0 0
vt 0 0
vt 0 0
vt 0 0
vt 0 0
vt 0 0
vt 0 0
vt 0 0
vt 0 0
vt 0 0
vt 0 0
vt 0 0
vt 0 0
vt 0 0
vt 0 0
vt 0 0
vt 0 0
vt 0 0
vt 0 0
vt 0 0
vt 0 0
vt 0 0
vt 0 0
vt 0 0
vt 0 0
vt 0 0
vt 0 0
vt 0 0
vt 0 0
vt 0 0
vt 0 0
vt 0 0
vt 0 0
vt 0 0
vt 0 0
vt 0 0
vt 0 0
vt 0 0
vt 0 0
vt 0 0
vt 0 0
vt 0 0
vt 0 0
vt 0 0
vt 0 0
vt 0 0
vt 0 0
vt 0 0
vt 0 0
vt 0 0
vt 0 0
vt 0 0
vt 0 0
vt 0 0
vt 0 0
vt 0 0
vt 0 0
vt 0 0
vt 0 0
vt 0 0
vt 0 0
vt 0 0
vt 0 0
vt 0 0
vt 0 0
vt 0 0
vt 0 0
vt 0 0
vt 0 0
vt 0 0
vt 0 0
vt 0 0
vt 0 0
vt 0 0
vt 0 0
vt 0 0
vt 0 0
vt 0 0
vt 0 0
vt 0 0
vt 0 0
vt 0 0
vt 0 0
vt 0 0
vt 0 0
vt 0 0
vt 0 0
vt 0 0
vt 0 0
vt 0 0
vt 0 0
vt 0 0
vt 0 0
vt 0 0
vt 0 0
vt 0 0
vt 0 0
vt 0 0
vt 0 0
vt 0 0
vt 0 0
vt 0 0
vt 0 0
vt 0 0
vt 0 0
vt 0 0
vt 0 0
vt 0 0
vt 0 0
vt 0 0
vt 0 0
vt 0 0
vt 0 0
vt 0 0
vt 0 0
vt 0 0
vt 0 0
vt 0 0
vt 0 0
vt 0 0
vt 0 0
vt 0 0
vt 0 0
vt 0 0
vt 0 0
vt 0 0
vt 0 0
vt 0 0
vt 0 0
vt 0 0
vt 0 0
vt 0 0
vt 0 0
vt 0 0
vt 0 0
vt 0 0
vt 0 0
vt 0 0
vt 0 0
vt 0 0
vt 0 0
vt 0 0
vt 0 0
vt 0 0
vt 0 0
vt 0 0
vt 0 0
vt 0 0
vt 0 0
vt 0 0
vt 0 0
vt 0 0
vt 0 0
vt 0 0
vt 0 0
vt 0 0
vt 0 0
vt 0 0
vt 0 0
vt 0 0
vt 0 0
vt 0 0
vt 0 0
vt 0 0
vt 0 0
vt 0 0
vt 0 0
vt 0 0
vt 0 0
vt 0 0
vt 0 0
vt 0 0
vt 0 0
vt 0 0
vt 0 0
vt 0 0
vt 0 0
vt 0 0
vt 0 0
vt 0 0
vt 0 0
vt 0 0
vt 0 0
vt 0 0
vt 0 0
vt 0 0
vt 0 0
vt 0 0
vt 0 0
vt 0 0
vt 0 0
vt 0 0
vt 0 0
vt 0 0
vt 0 0
vt 0 0
vt 0 0
vt 0 0
vt 0 0
vt 0 0
vt 0 0
vt 0 0
vt 0 0
vt 0 0
vt 0 0
vt 0 0
vt 0 0
vt 0 0
vt 0 0
vt 0 0
vt 0 0
vt 0 0
vt 0 0
vt 0 0
vt 0 0
vt 0 0
vt 0 0
vt 0 0
vt 0 0
vt 0 0
vt 0 0
vt 0 0
vt 0 0
vt 0 0
vt 0 0
vt 0 0
vt 0 0
vt 0 0
vt 0 0
vt 0 0
vt 0 0
vt 0 0
vt 0 0
vt 0 0
vt 0 0
vt 0 0
vt 0 0
vt 0 0
vt 0 0
vt 0 0
vt 0 0
vt 0 0
vt 0 0
vt 0 0
vt 0 0
vt 0 0
vt 0 0
vt 0 0
vt 0 0
vt 0 0
vt 0 0
vt 0 0
vt 0 0
vt 0 0
vt 0 0
vt 0 0
vt 0 0
vt 0 0
vt 0 0
vt 0 0
vt 0 0
vt 0 0
vt 0 0
vt 0 0
vt 0 0
vt 0 0
vt 0 0
vt 0 0
vt 0 0
vt 0 0
vt 0 0
vt 0 0
vt 0 0
vt 0 0
vt 0 0
vt 0 0
vt 0 0
vt 0 0
vt 0 0
vt 0 0
vt 0 0
vt 0 0
vt 0 0
vt 0 0
vt 0 0
vt 0 0
vt 0 0
vt 0 0
vt 0 0
vt 0 0
vt 0 0
vt 0 0
vt 0 0
vt 0 0
vt 0 0
vt 0 0
vt 0 0
vt 0 0
vt 0 0
vt 0 0
vt 0 0
vt 0 0
vt 0 0
vt 0 0
vt 0 0
vt 0 0
vt 0 0
vt 0 0
vt 0 0
vt 0 0
vt 0 0
vt 0 0
vt 0 0
vt 0 0
vt 0 0
vt 0 0
vt 0 0
vt 0 0
vt 0 0
vt 0 0
vt 0 0
vt 0 0
vt 0 0
vt 0 0
vt 0 0
vt 0 0
vt 0 0
vt 0 0
vt 0 0
vt 0 0
vt 0 0
vt 0 0
vt 0 0
vt 0 0
vt 0 0
vt 0 0
vt 0 0
vt 0 0
vt 0 0
vt 0 0
vt 0 0
vt 0 0
vt 0 0
vt 0 0
vt 0 0
vt 0 0
vt 0 0
vt 0 0
vt 0 0
vt 0 0
vt 0 0
vt 0 0
vt 0 0
vt 0 0
vt 0 0
vt 0 0
vt 0 0
vt 0 0
vt 0 0
vt 0 0
vt 0 0
vt 0 0
vt 0 0
vt 0 0
vt 0 0
vt 0 0
vt 0 0
vt 0 0
vt 0 0
vt 0 0
vt 0 0
vt 0 0
vt 0 0
vt 0 0
vt 0 0
vt 0 0
vt 0 0
vt 0 0
vt 0 0
vt 0 0
vt 0 0
vt 0 0
vt 0 0
vt 0 0
vt 0 0
vt 0 0
vt 0 0
vt 0 0
vt 0 0
vt 0 0
vt 0 0
vt 0 0
vt 0 0
vt 0 0
vt 0 0
vt 0 0
vt 0 0
vt 0 0
vt 0 0
vt 0 0
vt 0 0
vt 0 0
vt 0 0
vt 0 0
vt 0 0
vt 0 0
vt 0 0
vt 0 0
vt 0 0
vt 0 0
vt 0 0
vt 0 0
vt 0 0
vt 0 0
vt 0 0
vt 0 0
vt 0 0
vt 0 0
vt 0 0
vt 0 0
vt 0 0
vt 0 0
vt 0 0
vt 0 0
vt 0 0
vt 0 0
vt 0 0
vt 0 0
vt 0 0
vt 0 0
vt 0 0
vt 0 0
vt 0 0
vt 0 0
vt 0 0
vt 0 0
vt 0 0
vt 0 0
vt 0 0
vt 0 0
vt 0 0
vt 0 0
vt 0 0
vt 0 0
vt 0 0
vt 0 0
vt 0 0
vt 0 0
vt 0 0
vt 0 0
vt 0 0
vt 0 0
vt 0 0
vt 0 0
vt 0 0
vt 0 0
vt 0 0
vt 0 0
vt 0 0
vt 0 0
vt 0 0
vt 0 0
vt 0 0
vt 0 0
vt 0 0
vt 0 0
vt 0 0
vt 0 0
vt 0 0
vt 0 0
vt 0 0
vt 0 0
vt 0 0
vt 0 0
vt 0 0
vt 0 0
vt 0 0
vt 0 0
vt 0 0
vt 0 0
vt 0 0
vt 0 0
vt 0 0
vt 0 0
vt 0 0
vt 0 0
vt 0 0
vt 0 0
vt 0 0
vt 0 0
vt 0 0
vt 0 0
vt 0 0
vt 0 0
vt 0 0
vt 0 0
vt 0 0
vt 0 0
vt 0 0
vt 0 0
vt 0 0
vt 0 0
vt 0 0
vt 0 0
vt 0 0
vt 0 0
vt 0 0
vt 0 0
vt 0 0
vt 0 0
vt 0 0
vt 0 0
vt 0 0
vt 0 0
vt 0 0
vt 0 0
vt 0 0
vt 0 0
vt 0 0
vt 0 0
vt 0 0
vt 0 0
vt 0 0
vt 0 0
vt 0 0
vt 0 0
vt 0 0
vt 0 0
vt 0 0
vt 0 0
vt 0 0
vt 0 0
vt 0 0
vt 0 0
vt 0 0
vt 0 0
vt 0 0
vt 0 0
vt 0 0
vt 0 0
vt 0 0
vt 0 0
vt 0 0
vt 0 0
vt 0 0
vt 0 0
vt 0 0
vt 0 0
vt 0 0
vt 0 0
vt 0 0
vt 0 0
vt 0 0
vt 0 0
vt 0 0
vt 0 0
vt 0 0
vt 0 0
vt 0 0
vt 0 0
vt 0 0
vt 0 0
vt 0 0
vt 0 0
vt 0 0
vt 0 0
vt 0 0
vt 0 0
vt 0 0
vt 0 0
vt 0 0
vt 0 0
vt 0 0
vt 0 0
vt 0 0
vt 0 0
vt 0 0
vt 0 0
vt 0 0
vt 0 0
vt 0 0
vt 0 0
vt 0 0
vt 0 0
vt 0 0
vt 0 0
vt 0 0
vt 0 0
vt 0 0
vt 0 0
vt 0 0
vt 0 0
vt 0 0
vt 0 0
vt 0 0
vt 0 0
vt 0 0
vt 0 0
vt 0 0
vt 0 0
vt 0 0
vt 0 0
vt 0 0
vt 0 0
vt 0 0
vt 0 0
vt 0 0
vt 0 0
vt 0 0
vt 0 0
vt 0 0
vt 0 0
vt 0 0
vt 0 0
vt 0 0
vt 0 0
vt 0 0
vt 0 0
vt 0 0
vt 0 0
vt 0 0
vt 0 0
vt 0 0
vt 0 0
vt 0 0
vt 0 0
vt 0 0
vt 0 0
vt 0 0
vt 0 0
vt 0 0
vt 0 0
vt 0 0
vt 0 0
vt 0 0
vt 0 0
vt 0 0
vt 0 0
vt 0 0
vt 0 0
vt 0 0
vt 0 0
vt 0 0
vt 0 0
vt 0 0
vt 0 0
vt 0 0
vt 0 0
vt 0 0
vt 0 0
vt 0 0
vt 0 0
vt 0 0
vt 0 0
vt 0 0
vt 0 0
vt 0 0
vt 0 0
vt 0 0
vt 0 0
vt 0 0
vt 0 0
vt 0 0
vt 0 0
vt 0 0
vt 0 0
vt 0 0
vt 0 0
vt 0 0
vt 0 0
vt 0 0
vt 0 0
vt 0 0
vt 0 0
vt 0 0
vt 0 0
vt 0 0
vt 0 0
vt 0 0
vt 0 0
vt 0 0
vt 0 0
vt 0 0
vt 0 0
vt 0 0
vt 0 0
vt 0 0
vt 0 0
vt 0 0
vt 0 0
vt 0 0
vt 0 0
vt 0 0
vt 0 0
vt 0 0
vt 0 0
vt 0 0
vt 0 0
vt 0 0
vt 0 0
vt 0 0
vt 0 0
vt 0 0
vt 0 0
vt 0 0
vt 0 0
vt 0 0
vt 0 0
vt 0 0
vt 0 0
vt 0 0
vt 0 0
vt 0 0
vt 0 0
vt 0 0
vt 0 0
vt 0 0
vt 0 0
vt 0 0
vt 0 0
vt 0 0
vt 0 0
vt 0 0
vt 0 0
vt 0 0
vt 0 0
vt 0 0
vt 0 0
vt 0 0
vt 0 0
vt 0 0
vt 0 0
vt 0 0
vt 0 0
vt 0 0
vt 0 0
vt 0 0
vt 0 0
vt 0 0
vt 0 0
vt 0 0
vt 0 0
vt 0 0
vt 0 0
vt 0 0
vt 0 0
vt 0 0
vt 0 0
vt 0 0
vt 0 0
vt 0 0
vt 0 0
vt 0 0
vt 0 0
vt 0 0
vt 0 0
vt 0 0
vt 0 0
vt 0 0
vt 0 0
vt 0 0
vt 0 0
vt 0 0
vt 0 0
vt 0 0
vt 0 0
vt 0 0
vt 0 0
vt 0 0
vt 0 0
vt 0 0
vt 0 0
vt 0 0
vt 0 0
vt 0 0
vt 0 0
vt 0 0
vt 0 0
vt 0 0
vt 0 0
vt 0 0
vt 0 0
vt 0 0
vt 0 0
vt 0 0
vt 0 0
vt 0 0
vt 0 0
vt 0 0
vt 0 0
vt 0 0
vt 0 0
vt 0 0
vt 0 0
vt 0 0
vt 0 0
vt 0 0
vt 0 0
vt 0 0
vt 0 0
vt 0 0
vt 0 0
vt 0 0
vt 0 0
vt 0 0
vt 0 0
vt 0 0
vt 0 0
vt 0 0
vt 0 0
vt 0 0
vt 0 0
vt 0 0
vt 0 0
vt 0 0
vt 0 0
vt 0 0
vt 0 0
vt 0 0
vt 0 0
vt 0 0
vt 0 0
vt 0 0
vt 0 0
vt 0 0
vt 0 0
vt 0 0
vt 0 0
vt 0 0
vt 0 0
vt 0 0
vt 0 0
vt 0 0
vt 0 0
vt 0 0
vt 0 0
vt 0 0
vt 0 0
vt 0 0
vt 0 0
vt 0 0
vt 0 0
vt 0 0
vt 0 0
vt 0 0
vt 0 0
vt 0 0
vt 0 0
vt 0 0
vt 0 0
vt 0 0
vt 0 0
vt 0 0
vt 0 0
vt 0 0
vt 0 0
vt 0 0
vt 0 0
vt 0 0
vt 0 0
vt 0 0
vt 0 0
vt 0 0
vt 0 0
vt 0 0
vt 0 0
vt 0 0
vt 0 0
vt 0 0
vt 0 0
vt 0 0
vt 0 0
vt 0 0
vt 0 0
vt 0 0
vt 0 0
vt 0 0
vt 0 0
vt 0 0
vt 0 0
vt 0 0
vt 0 0
vt 0 0
vt 0 0
vt 0 0
vt 0 0
vt 0 0
vt 0 0
vt 0 0
vt 0 0
vt 0 0
vt 0 0
vt 0 0
vt 0 0
vt 0 0
vt 0 0
vt 0 0
vt 0 0
vt 0 0
vt 0 0
vt 0 0
vt 0 0
vt 0 0
vt 0 0
vt 0 0
vt 0 0
vt 0 0
vt 0 0
vt 0 0
vt 0 0
vt 0 0
vt 0 0
vt 0 0
vt 0 0
vt 0 0
vt 0 0
vt 0 0
vt 0 0
vt 0 0
vt 0 0
vt 0 0
vt 0 0
vt 0 0
vt 0 0
vt 0 0
vt 0 0
vt 0 0
vt 0 0
vt 0 0
vt 0 0
vt 0 0
vt 0 0
vt 0 0
vt 0 0
vt 0 0
vt 0 0
vt 0 0
vt 0 0
vt 0 0
vt 0 0
vt 0 0
vt 0 0
vt 0 0
vt 0 0
vt 0 0
vt 0 0
vt 0 0
vt 0 0
vt 0 0
vt 0 0
vt 0 0
vt 0 0
vt 0 0
vt 0 0
vt 0 0
vt 0 0
vt 0 0
vt 0 0
vt 0 0
vt 0 0
vt 0 0
vt 0 0
vt 0 0
vt 0 0
vt 0 0
vt 0 0
vt 0 0
vt 0 0
vt 0 0
vt 0 0
vt 0 0
vt 0 0
vt 0 0
vt 0 0
vt 0 0
vt 0 0
vt 0 0
vt 0 0
vt 0 0
vt 0 0
vt 0 0
vt 0 0
vt 0 0
vt 0 0
vt 0 0
vt 0 0
vt 0 0
vt 0 0
vt 0 0
vt 0 0
vt 0 0
vt 0 0
vt 0 0
vt 0 0
vt 0 0
vt 0 0
vt 0 0
vt 0 0
vt 0 0
vt 0 0
vt 0 0
vt 0 0
vt 0 0
vt 0 0
vt 0 0
vt 0 0
vt 0 0
vt 0 0
vt 0 0
vt 0 0
vt 0 0
vt 0 0
vt 0 0
vt 0 0
vt 0 0
vt 0 0
vt 0 0
vt 0 0
vt 0 0
vt 0 0
vt 0 0
vt 0 0
vt 0 0
vt 0 0
vt 0 0
vt 0 0
vt 0 0
vt 0 0
vt 0 0
vt 0 0
vt 0 0
vt 0 0
vt 0 0
vt 0 0
vt 0 0
vt 0 0
vt 0 0
vt 0 0
vt 0 0
vt 0 0
vt 0 0
vt 0 0
vt 0 0
vt 0 0
vt 0 0
vt 0 0
vt 0 0
vt 0 0
vt 0 0
vt 0 0
vt 0 0
vt 0 0
vt 0 0
vt 0 0
vt 0 0
vt 0 0
vt 0 0
vt 0 0
vt 0 0
vt 0 0
vt 0 0
vt 0 0
vt 0 0
vt 0 0
vt 0 0
vt 0 0
vt 0 0
vt 0 0
vt 0 0
vt 0 0
vt 0 0
vt 0 0
vt 0 0
vt 0 0
vt 0 0
vt 0 0
vt 0 0
vt 0 0
vt 0 0
vt 0 0
vt 0 0
vt 0 0
vt 0 0
vt 0 0
vt 0 0
vt 0 0
vt 0 0
vt 0 0
vt 0 0
vt 0 0
vt 0 0
vt 0 0
vt 0 0
vt 0 0
vt 0 0
vt 0 0
vt 0 0
vt 0 0
vt 0 0
vt 0 0
vt 0 0
vt 0 0
vt 0 0
vt 0 0
vt 0 0
vt 0 0
vt 0 0
vt 0 0
vt 0 0
vt 0 0
vt 0 0
vt 0 0
vt 0 0
vt 0 0
vt 0 0
vt 0 0
vt 0 0
vt 0 0
vt 0 0
vt 0 0
vt 0 0
vt 0 0
vt 0 0
vt 0 0
vt 0 0
vt 0 0
vt 0 0
vt 0 0
vt 0 0
vt 0 0
vt 0 0
vt 0 0
vt 0 0
vt 0 0
vt 0 0
vt 0 0
vt 0 0
vt 0 0
vt 0 0
vt 0 0
vt 0 0
vt 0 0
vt 0 0
vt 0 0
vt 0 0
vt 0 0
vt 0 0
vt 0 0
vt 0 0
vt 0 0
vt 0 0
vt 0 0
vt 0 0
vt 0 0
vt 0 0
vt 0 0
vt 0 0
vt 0 0
vt 0 0
vt 0 0
vt 0 0
vt 0 0
vt 0 0
vt 0 0
vt 0 0
vt 0 0
vt 0 0
vt 0 0
vt 0 0
vt 0 0
vt 0 0
vt 0 0
vt 0 0
vt 0 0
vt 0 0
vt 0 0
vt 0 0
vt 0 0
vt 0 0
vt 0 0
vt 0 0
vt 0 0
vt 0 0
vt 0 0
vt 0 0
vt 0 0
vt 0 0
vt 0 0
vt 0 0
vt 0 0
vt 0 0
vt 0 0
vt 0 0
vt 0 0
vt 0 0
vt 0 0
vt 0 0
vt 0 0
vt 0 0
vt 0 0
vt 0 0
vt 0 0
vt 0 0
vt 0 0
vt 0 0
vt 0 0
vt 0 0
vt 0 0
vt 0 0
vt 0 0
vt 0 0
vt 0 0
vt 0 0
vt 0 0
vt 0 0
vt 0 0
vt 0 0
vt 0 0
vt 0 0
vt 0 0
vt 0 0
vt 0 0
vt 0 0
vt 0 0
vt 0 0
vt 0 0
vt 0 0
vt 0 0
vt 0 0
vt 0 0
vt 0 0
vt 0 0
vt 0 0
vt 0 0
vt 0 0
vt 0 0
vt 0 0
vt 0 0
vt 0 0
vt 0 0
vt 0 0
vt 0 0
vt 0 0
vt 0 0
vt 0 0
vt 0 0
vt 0 0
vt 0 0
vt 0 0
vt 0 0
vt 0 0
vt 0 0
vt 0 0
vt 0 0
vt 0 0
vt 0 0
vt 0 0
vt 0 0
vt 0 0
vt 0 0
vt 0 0
vt 0 0
vt 0 0
vt 0 0
vt 0 0
vt 0 0
vt 0 0
vt 0 0
vt 0 0
vt 0 0
vt 0 0
vt 0 0
vt 0 0
vt 0 0
vt 0 0
vt 0 0
vt 0 0
vt 0 0
vt 0 0
vt 0 0
vt 0 0
vt 0 0
vt 0 0
vt 0 0
vt 0 0
vt 0 0
vt 0 0
vt 0 0
vt 0 0
vt 0 0
vt 0 0
vt 0 0
vt 0 0
vt 0 0
vt 0 0
vt 0 0
vt 0 0
vt 0 0
vt 0 0
vt 0 0
vt 0 0
vt 0 0
vt 0 0
vt 0 0
vt 0 0
vt 0 0
vt 0 0
vt 0 0
vt 0 0
vt 0 0
vt 0 0
vt 0 0
vt 0 0
vt 0 0
vt 0 0
vt 0 0
vn 0 -0.9238823959540885 -0.3826765193294892
vn 0.9238787766335206 0 -0.382685257210347
vn 0.9238787766335206 -0.3826852572103469 0
vn -0.7512737794064334 0.31122757970933623 0.5820009467386136
vn -0.9238766024557051 0.3826905060684194 0
vn 0.19774103007007335 0.8561193336761237 0.47744965340104334
vn 0.5308978463122191 0.7906104171345729 0.3050944855275893
vn 0.9238840258569212 0.3826725842889818 0
vn 0.9062585978406825 0.19446724402614024 0.3753369750513769
vn -0.39211795821052203 0.8779966235937018 0.27452765945687685
vn 0.03235700672138475 0.8969207818785531 -0.4410058221275512
vn 0 -0.3826930136160002 0.9238755637690088
vn 0.9275482110347976 0.24116299012069145 0.28547281552223797
vn 0.887086793331518 -0.19345484485829373 -0.4191088690276772
vn 0.7247520809954762 0.6040291190230666 -0.3314864167125781
vn 0 -1 0
vn -0.4687364403130644 0.19416872835005228 0.8617335170768052
vn 0.47944387799312477 -0.39914857517250163 -0.7815458929536228
vn -0.15929258001221863 0.6553804189896915 -0.7383104904834736
vn 0 0.6884528089255804 -0.725281138512838
vn 0 0.9238823959540885 -0.3826765193294892
vn -0.9097954866906002 -0.17404758968677875 -0.37680181650522426
vn -0.5545740392998896 -0.2769594854643178 -0.7846917091099822
vn -0.9296698644014058 -0.23692709608581541 -0.2820983771031213
vn -0.6104116102289717 0.11425146573360866 0.7838011665437836
vn -0.3786423458623257 -0.2528958400547628 0.8903222270632533
vn -0.7001029609505669 0.5656285382876799 0.43579834871508155
vn -0.7402588178402822 0.5694944406112866 -0.35734152392710467
vn -0.770207116016269 0.3838625925190197 -0.5093432128756391
vn -0.4606864792205696 -0.7079438160063133 0.5353349617218877
vn -0.6993111043675617 0.5678772421314137 -0.4341421624047143
vn -0.7673076625917874 0.3984571766795397 -0.5024647542669016
vn -0.5829523297333661 -0.30517533031569993 0.7530169978328141
vn -0.4444290613250267 0.8180106817176854 -0.3651593269321264
vn -0.3348394636583296 -0.07622833942462734 -0.939186761962479
vn 0.14298724551815123 -0.6085139608087881 0.7805545510212165
vn -0.5880177171062015 0.20537225924232522 -0.7823409739384192
vn 0.1700497980263801 -0.5680878054483166 0.805207620115522
vn -0.79771197128988 0.543371272815245 0.2615401895310826
vn -0.6258337396252801 0.3899219316059507 0.6754946466104091
vn 0.48632330653252404 -0.40212483716518715 0.7757481916563806
vn -0.11636769319311094 -0.018673024624574347 0.9930306531685134
vn -0.5350997317377364 0.2580550299387224 -0.8044102675982745
vn 0.06706902969743506 0.640287882337979 -0.765201393743236
vn -0.8454729922931484 0.4629018082780618 -0.2662655351256912
vn -0.7538033383058301 0.4158283451084387 0.5087900495915417
vn 0 0.352168868784967 0.9359364764014259
vn 0.02400108314439412 0.5799082449672416 -0.8143281742804369
vn 0.3914890485820432 0.14156362398142902 -0.9092282800295926
vn 0 0.23536357456829685 0.9719073967032218
vn -0.07869529808279521 -0.3776237540700481 0.9226089910800264
vn 0 -0.9580699411395511 -0.28653444449988413
vn -0.12974693011594807 0.3615357398758079 0.9232863277001017
vn -0.592492158535998 0.261609103455552 -0.7619145090248224
vn 0.034958189714601566 -0.3852798045916959 0.9221374068682294
vn 0.15740351275403494 -0.37721937814553685 0.912649809578781
vn 0.09506226079592825 -0.9209620243985494 0.37787844102051216
vn -0.3203277236909728 0.21941101062129806 0.9215470459250036
vn 0.048620166546264165 -0.8145677731275042 -0.5780271813566491
vn 0.355844564928806 -0.8527398014119091 0.38237347802718563
vn -0.3818796313237917 -0.06309304496836927 0.92205597165065
vn 0.32674487474373565 -0.21258342662830496 0.9208941706578823
vn -0.38267756549670906 0.032024153147309546 0.9233267755679512
vn 0.3628300501047341 -0.8497192164266822 -0.3825331462451606
vn 0.7852038166755853 -0.4931938922226253 0.37445260174338674
vn 0 -0.07667362522129255 -0.9970562447502272
vn 0.3838539841084662 -0.02490307453935623 0.9230579373812592
vn 0.923663705228485 -0.04782940029091229 0.3802074540450227
vn 0.3818235886923858 0.06536858491142183 0.9219206556015253
vn 0.9110628947041741 0.16609919511396565 -0.3773267274865959
vn 0.38182358869238575 0.0653685849114218 -0.9219206556015253
vn 0 1 0
vn 0 1 0
vn -0.9120613483374702 -0.14870853418753743 -0.38213854650980966
vn 0 1 0
vn 0.9239335287654205 -0.043821448687783954 -0.38003488663276996
vn 0.9110639993829104 0.1660920964022479 -0.3773271850014557
vn 0 1 0
vn 0.38182358869238575 0.0653685849114218 -0.9219206556015253
vn 0.6783862292125549 -0.5957087207642912 -0.43002702708102314
vn 0 1 0
vn -0.3818796313237917 -0.06309304496836927 -0.92205597165065
vn -0.9120613483374702 -0.14870853418753746 -0.3821385465098097
vn 0.34560975890715495 -0.2170702100467337 0.9129262940995869
vn -0.3838294841963972 0.024901485072627415 -0.9230681681775759
vn -0.34394691323258314 0.22377524192401313 0.9119348452491699
vn 0.1574096968314759 -0.37721389293450913 -0.9126510101460558
vn -0.9202548118193691 0.08660926985131326 -0.38161487877062666
vn -0.9267050706018889 0.07755078368605961 0.36770040531719056
vn -0.7652254216252283 0.5396155280170574 -0.3510628661954499
vn -0.3005049642487587 0.874470434792331 -0.38078632477541013
vn -0.6754230590292495 0.6329856017264284 -0.37832911510826467
vn -0.03495615540414242 0.38525738413049415 -0.9221468511968635
vn 0.039793682395289846 -0.38552071021867385 -0.9218406830000032
vn -0.07868021483521215 -0.3776009627388342 -0.9226196056513165
vn 0.18173115544725718 0.9069750266656744 0.3799606402571246
vn 0.13113176269310195 0.36021325073696475 -0.923607532887486
vn -1 0 0
vn 0.2961888369464413 0.8756837193076357 -0.38137933426951764
vn 0 0.3827032660531966 0.923871316879259
vn -0.1390064615005732 -0.3568571596529632 -0.9237587191824007
vn -1 0 0
vn -0.3353773191777076 -0.8609801029521817 -0.38240726470822284
vn -0.3353461429884645 -0.8609680529651701 -0.38246173162307956
vn -1 0 0
vn -1 0 0
vn -0.19363918285883425 -0.9047259968256182 0.37944003153285605
vn -0.13899706735102035 -0.3568612221945047 -0.9237585633495693
vn 0.296181456339699 0.8756618985083462 0.38143516411213824
vn -0.9475157933168031 0.23878672684402968 0.2125904995486493
vn 0.07670159572408483 0.3777482918407752 0.9227259036272666
vn 0.6260564759223655 -0.7046261755456306 -0.33399886480586594
vn 0.18169752023947225 0.9069569481527268 0.38001987492277123
vn 0.18173115544725713 0.9069750266656744 -0.3799606402571246
vn -0.06864962069304283 0.930092432066841 0.3608535677954292
vn -0.06864962069304281 0.930092432066841 -0.3608535677954292
vn -0.03643661895741489 0.40157380992847247 0.9151015506371318
vn 0.0766900258431993 0.3777493194313084 -0.9227264446223229
vn 0.5394730403541338 -0.8389177853206382 -0.07201241701111454
vn -0.5796668304971644 0.7214881955388343 -0.3787362529775683
vn -0.7750770771146038 0.5305628865265728 0.34315965376494
vn 0.594945861015836 0.31731632511233093 -0.7384780106931628
vn -0.47933237177907 0.03532283375809838 0.8769223310989117
vn -0.167767135000659 0.2960467272918705 -0.9403246905582368
vn 0.46202314859936655 -0.0444424186280792 -0.8857536235233894
vn -0.06339479162312081 0.541510883680886 0.8383001033342459
vn -0.48721433500931843 -0.8496390489039182 0.20183081612844195
vn -0.07238501891247105 -0.39256233751233327 0.9168725212394001
vn -0.22838006212036 0.946694027133643 0.22718487232953274
vn -0.7391138346281969 0.30616727671832805 -0.5999769479972419
vn -0.6942321944545167 -0.011533394251692624 -0.7196586975781653
vn 0.06059573478230548 -0.2242754953353584 -0.9726400460181929
vn 0.3455828972880362 -0.2170638636483819 -0.9129379717155177
vn 0.4085768922490637 0.6943491735733456 -0.5924053918374724
vn 0.5457571838347114 -0.07084119157267312 0.8349434842367289
vn -0.24938145149812324 0.7924350959768309 -0.5566466655903726
vn -0.9621686049249767 0 -0.27245472228743717
vn -0.872198524568696 0.3612956956207866 -0.3297501388416414
vn -0.37875685812351984 0.9143512553007065 -0.14319575536454324
vn -0.38255279396513975 0.9234460635304014 0.030012123878053916
vn 0.8721900292208444 0.36131913462424486 -0.3297469270245439
vn -0.872198524568696 -0.36129569562078656 -0.3297501388416414
vn 0.3786998211574171 -0.9143782567056136 -0.1431741915267681
vn -0.0313894492086134 0.4707147605484173 0.8817268946109255
vn 0.3786998211574171 -0.9143782567056136 0.14317419152676814
vn 0.17841529455501462 -0.9645477570883626 -0.19446235359229994
vn 0 -0.33425177932082384 0.9424838184397988
vn 0.03810283233831298 -0.39228968057942887 -0.9190522186898242
vn -0.9455228017829159 0.27737958932637563 0.1704323758377968
vn 0.5683543442493741 -0.7828553648921885 -0.2532011394768647
vn 0.7491535149090165 -0.5333232675360261 -0.392855321211464
vn -0.5554224060044389 0.7397335463615935 0.3798687027060016
vn -0.3838294841963972 0.024901485072627415 -0.9230681681775759
vn 0.08617603153136646 0.8612073354107165 0.500894816328018
vn 0.4592262925812531 -0.21404473773511534 0.8621461955202165
vn 0.9136102367600107 0.4065911156030309 0
vn 0.7482380926558089 -0.4233462951958922 -0.5108010092420626
vn 0.5414917883279853 -0.7496895204075681 -0.3804632257714681
vn -0.378780485149167 0.9143400687984726 0.1432046879811071
vn 0.8350686402977189 -0.5447332365963591 0.0769809517905183
vn 0.6553033257655055 -0.35735457976283147 -0.6654887343623467
vn 0.8206992107731724 -0.5130025907187473 0.2515574434441272
vn 0.5902410129332285 -0.19823842730998167 0.7825069153619165
vn 0.7828352499800937 -0.3865737022383051 0.48757537276443164
vn 0.330809706003212 0.07268411964695129 0.9408942327197124
vn 0.7680160507433649 -0.38222752672169724 0.5138613272243591
vn 0.7644658913961927 -0.4006177605977526 0.5050715897627449
vn 0.38151801969031895 -0.8786565065451432 -0.2870657488406834
vn 0.7482558525364054 -0.5484487101192834 0.37325218219524364
vn 0.13112354284665703 0.36021677384093626 -0.9236073258452255
vn -1 0 0
vn -0.3353773191777076 -0.8609801029521817 0.38240726470822295
vn 0 -0.9238823959540886 -0.38267651932948926
vn -1 0 0
vn 0.29618883694644127 0.8756837193076357 0.3813793342695177
vn 0.13113176269310195 0.3602132507369647 0.923607532887486
vn -1 0 0
vn -0.13899706735102035 -0.3568612221945047 0.9237585633495693
vn -1 0 0
vn -0.3353461429884645 -0.8609680529651701 0.38246173162307984
vn 0.3628388489473915 -0.8497398226187164 -0.3824790236737753
vn -0.1390064615005732 -0.3568571596529632 0.9237587191824007
vn -0.19235441881434256 -0.9049727050585069 -0.3795051787020634
vn -0.19235441881434256 -0.9049727050585069 -0.37950517870206346
vn -0.07869529808279521 -0.3776237540700481 -0.9226089910800264
vn -0.08023051479522583 -0.37746170038625754 0.9225430771715802
vn 0.07867424833739946 0.3775723284077896 0.9226318331107299
vn 0.07670159572408483 0.37774829184077524 -0.9227259036272666
vn 0.9917020383983235 -0.1285576409110335 0
vn 0.18169752023947228 0.9069569481527269 -0.3800198749227711
vn -0.08512492552764896 0.7896053857614508 -0.6076817274119924
vn -0.06864962069304281 0.930092432066841 -0.36085356779542915
vn -0.028412942988568623 0.38494987997934343 0.922500024159684
vn 0.036741937182942296 -0.8282972421399811 0.559082917567105
vn -0.3005049642487587 0.8744704347923309 0.38078632477541013
vn -0.31634621200958046 0.881422287523185 -0.3507418212939334
vn 0.0412487640623458 -0.3996175236811038 0.9157534462017117
vn -0.14999205964153994 0.38379988574315704 -0.9111531318872961
vn 0.09506226079592826 -0.9209620243985494 0.3778784410205122
vn 0.9600000000000002 0.2799999999999994 0
vn 0.9620220072718292 -0.22658321418292993 0.15222911868369102
vn -0.7641074815530264 0.523381469512091 0.37710952521257796
vn 0.36656047317824875 -0.8584555715605856 0.3587303320879445
vn 0.09897749709709228 -0.9206486475560786 -0.37763676042138555
vn 0.09896048112685835 -0.9206500406377787 -0.37763782364694
vn -0.34394691323258314 0.22377524192401313 -0.9119348452491699
vn 0.7852151359000362 -0.49317708799850296 0.3744509984321105
vn 0.7905888676486447 -0.4965762933174963 -0.35830326158868564
vn -0.3952878256718513 0.025644861313786866 0.9181992572224271
vn 0.39435359085133465 -0.02042169974236545 0.9187318431197924
vn 0.9275634235907134 -0.043993611776227314 0.3710669176032235
vn 0.3818235886923858 0.06536858491142183 0.9219206556015253
vn 0.911563877842912 0.16284720749510048 0.37753421516869207
vn -0.3818796313237917 -0.06309304496836927 -0.92205597165065
vn 0 1 0
vn 0 1 0
vn 0.9096065961293883 0.16249754701701877 0.382374668998039
vn 0 0.9238758949331546 -0.3826922141375008
vn 0.29618145633969906 0.8756618985083461 -0.3814351641121383
vn -0.9202521295366288 0.0866129477518146 -0.38162051224356525
vn -0.7652146054827669 0.5396079007764293 -0.3510981643009675
vn -0.9120613483374701 -0.14870853418753743 0.3821385465098097
vn -0.14998261101478289 0.3837757085841897 -0.9111648708625083
vn -0.03495615540414242 0.38525738413049415 -0.9221468511968635
vn 0.15740351275403494 -0.3772193781455368 -0.912649809578781
vn -0.34394691323258314 0.22377524192401313 -0.9119348452491699
vn 0.345609758907155 -0.21707021004673369 -0.9129262940995867
vn -0.6819719543819605 0.5928543574871683 0.42829658444228363
vn 0.38464822757814177 -0.019917957091833458 -0.9228483169006064
vn -0.9202548118193691 0.08660926985131324 0.3816148787706267
vn 0.9357253269317221 0 -0.3527295175322335
vn -0.06864962069304283 0.930092432066841 0.3608535677954292
vn 0 1 0
vn -0.3775530115576354 -0.06463745778276601 0.9237292474070211
vn 0 1 0
vn 0 1 0
vn 0.38264198843103703 0 0.9238966980618246
vn 0.3826852570736067 0.9238787763034042 -0.00002673260348102801
vn 0 0.3826740215044468 0.9238834305612447
vn 0.9238966980618253 0 -0.3826419884310353
vn -0.6490311446014279 0.30206503699169257 -0.6982229491821134
vn 0.8553521361043339 0.1982681894779732 -0.47860468896875585
vn 0.08196112555240338 -0.37704669161172355 0.9225606572160105
vn -0.9238966980618246 0 -0.38264198843103703
vn -0.8885300660555537 -0.27403350793361453 0.3679945084439588
vn -0.43190446629808493 0.9019193600271406 0
vn 0.9238966980618252 0 0.38264198843103536
vn 0.8716006148726027 0.331667980338738 -0.36098298986479094
vn 0.036434425806075726 -0.4015496388565065 -0.9151122445636878
vn 0 -0.38269218701728924 0.9238759061670155
vn 0.6039209954208059 -0.693246102145993 0.3933055722327494
vn 0.8679206713458406 0.45663579094256324 -0.19544171172205108
vn -0.4687362192535465 -0.19417617028672793 0.8617319604451672
vn 0.7439755502473901 0.4792166829191987 0.4656734386305638
vn 0.09173545628494302 -0.7961325943798436 0.5981283292289482
vn -0.31634621200958046 0.881422287523185 0.35074182129393344
vn 0.5927589464153569 0.3150285317053173 0.741211073619484
vn -0.38260435776910257 0.9235705336494052 0.025127172356742035
vn 0.6751973391542627 -0.3356996964335484 0.6568213356868268
vn -0.378724172240889 -0.9143688265848303 -0.14317000499522972
vn 0.37878121169777484 0.9143418226177169 0.143191567757593
vn 0.872198524568696 -0.36129569562078656 0.3297501388416414
vn -0.872198524568696 -0.3612956956207866 0.3297501388416414
vn -0.3607888723952796 -0.6789326536221185 -0.6394386924493787
vn 0.8721985245686962 -0.3612956956207866 -0.3297501388416414
vn -0.8721900292208444 0.36131913462424486 0.3297469270245439
vn 0.131123542846657 0.36021677384093614 0.9236073258452256
vn -0.37872417224088895 -0.9143688265848303 0.1431700049952297
vn 0.37875758453617725 0.9143530089226168 -0.14318263592516223
vn -0.06692804153283032 0.555169928244311 -0.8290397988213755
vn 0.6534804378033038 -0.6659058110814295 -0.3599066103538332
vn 0.30839886415076023 -0.22754412642617308 -0.9236416031770498
vn -0.35617933376475963 0.8816262841862672 0.30963103402405767
vn 0.8336810813972694 -0.21134260059240068 0.5102059973139486
vn 0.7972437885405234 -0.1578812418382522 0.5826455655964137
vn 0.6047613205075199 -0.7430816686547941 -0.28651942155324767
vn 0.19398873086713533 -0.12891470187474927 -0.972496463714446
vn 0.4258554007693298 -0.7990462201754222 0.4244670960851555
vn -0.16876477608395474 0.16035128208045904 0.9725255352372429
vn 0.39020339808355464 -0.24345697067362587 0.887958338861947
vn 0.5012148587114152 -0.3625882203830054 -0.785692973015784
vn -0.09183749480218745 0.3292544591763174 0.9397645320296829
vn -0.4877201840407721 0.030858574107391706 -0.8724544518101185
vn 0.7070850835086534 0.27060349315726084 0.6533027125082592
vn -0.6936555291341401 0.7203068838360747 0
vn 0.4588268571499827 -0.8208894153698433 0.34002717963660817
vn 0.13954335764140915 -0.3570637328868103 0.9235979330829506
vn -0.549655246915451 0.20408342190931636 0.8100796667242666
vn 0.34978287950565007 0.08032159935248527 0.9333811535927832
vn -0.05491453670816699 0.058109351456699126 0.9967987243829165
vn -0.5018162403942413 0.8232086780583713 -0.26553329969323664
vn 0.9487173458831438 -0.1668963998156586 -0.2684790296261803
vn -0.6272275989772035 -0.737114567186268 0.2514908625041739
vn -0.857643264170929 -0.46734065463936075 0.21457106967969347
vn -0.4745843112885168 -0.8782203542225427 0.05915015560449351
vn 0.4039348285603535 0.27280101217661 -0.8731645102907785
vn 0.790577821105771 -0.4965452776228477 -0.3583706126987828
vn 0.2682470075863147 0.7132063572201521 -0.6475957341905122
vn -0.952698792668457 0.16165401509976302 0.2573577079673154
vn -0.20383253331465875 0.8463055521463322 0.49215770924452734
vn -0.9523097772800346 0.18822634755657833 0.24016021773466367
vn -0.14998261101478286 0.3837757085841897 0.9111648708625083
vn -0.06293377433316279 0.3096122989404513 0.9487779320752519
vn -0.8519787394043293 0.4672153850762053 -0.23630914402769843
vn 0.5643363096042365 0.28656669687588066 -0.774211894705783
vn 0.6590976092309058 0.18737859419397732 -0.7283403077847561
vn 0.7172704816229498 0.02598643499702603 -0.6963101043274664
vn 0.9427830743623915 -0.20592442288189047 -0.2622121407497328
vn 0.9489201958373646 -0.1947453197972593 -0.24824327251517017
vn 1 0 0
vn 0.872198524568696 0.3612956956207866 0.3297501388416414
vn 0.9401507511861178 -0.2920097973496756 -0.17563269426840739
vn 0.741053448119588 -0.5675152381047365 -0.35884013369325535
vn -0.1226832840983712 0.5122374652248181 -0.850036229241373
vn -0.5657485705075125 -0.287985170229051 0.7726532836252306
vn -0.6589103323463661 -0.1836786750340918 0.7294513817006052
vn 0.6197205372584341 -0.0902041791784166 0.7796214862090871
vn 0.05564316254501524 -0.0772989607486727 -0.9954540216047975
vn 0.7509937723729615 -0.24026296942370615 -0.6150463879909646
vn 0.7434164970593318 -0.2559560942429205 0.617914548881916
vn 0.9121668462595648 -0.3792463204587163 -0.1553186176973134
vn 0.8156002502937033 -0.5345708476340382 -0.22142773218518638
vn -0.37071562283629317 0.36805684749658807 0.8527039838044459
vn 0.7324486675499631 -0.4440152430141795 0.5161098849812342
vn 0.6376654275274887 -0.747414124663717 -0.18642673839703022
vn 0.09833393218256234 -0.5245581860576027 -0.8456767391985386
vn -0.34007879565433796 -0.06647906621458244 -0.938044213511033
vn 0.8683845461804918 0.45813591451057556 -0.18978873462473997
vn -0.753107968575378 0.5294951983493358 -0.39046539231187316
vn -0.6617718001745232 0.7238081785437762 0.1953453484649993
vn 0.6384636272493971 -0.6260211050328298 0.4477295754504249
vn -0.7580234191108666 -0.41901670057064344 -0.4998254702617337
vn -0.42773034448361125 0.22364203135318858 -0.8758030567542857
vn -0.10489287854756846 0.4176846957309964 -0.9025170242062529
vn 0.5937132102452993 -0.23565176264364812 0.7693977324785686
vn 0.10664246673234895 0.0027076418767449178 -0.9942937458139357
vn -0.5156336365496887 0.7321755329090316 0.44501791185065737
vn 0.3170727180133676 0.7654404970340696 -0.5599694071927966
vn 0.22157605231075495 0.6202765289367687 0.7524367619225788
vn 0.6971575179626184 -0.5738866504147487 0.42968070427230204
vn 0.8158175633321006 0.5783093491885414 0
vn 1 0 0
vn -1 0 0
vn -1 0 0
vn -1 0 0
vn -1 0 0
vn 0.707059500382829 0.6533249548285526 -0.2706166408716469
vn -0.7071218759143004 -0.2705927718316399 -0.6532673299927916
vn 0.7071273757188825 -0.6532614278964772 -0.2705926483324745
vn -0.7071517030548 -0.6532389503214809 -0.27058333771610166
vn -0.4866494277401861 0.8734986321691609 0.013132938694532597
vn -0.7071218759143004 -0.27059277183163993 0.6532673299927917
vn -0.7071228766439591 0.6532682545066776 0.2705879246761967
vn -0.7071094122997794 0.2705941832813981 0.6532802362013822
vn 1 0 0
vn 1 0 0
vn 1 0 0
vn 0.6861019787467277 -0.2784156599194729 -0.672122604196161
vn 0.6860882639825154 0.2784023581001909 -0.6721421137153298
vn 0.6860988944288304 0.6721310006091828 0.2784029904358706
vn 0.686109256026291 0.6721245161799638 0.27839310972956793
vn 1 0 0
vn 0.6861092560262909 0.6721245161799638 -0.2783931097295679
vn 0.6860988944288304 0.6721310006091828 -0.2784029904358706
vn 1 0 0
vn 0.6861054673887682 -0.6721208047649956 -0.278411406772953
vn 1 0 0
vn 0.6861078817486818 0.6721231699138042 0.27839974688809693
vn 1 0 0
vn 0.6861006728392149 -0.672126159331921 0.2784102955554943
vn 1 0 0
vn 1 0 0
vn 0.6860862638693219 -0.2784120176341992 0.6721401542585368
vn 0.9136102367600107 0.4065911156030309 0
vn -0.9600043007060204 0.27998525430090976 0
vn 0.9136102367600107 0.4065911156030309 0
vn 0.9917020383983235 -0.12855764091103347 0
vn 0.9917020383983235 -0.1285576409110335 0
vn 0 -0.9238823959540885 0.3826765193294892
vn 0 -0.9238747971534506 -0.38269486433014815
vn 0 0.3826841372016658 0.9238792405581028
vn 0 0.3826820195011775 -0.9238801177374154
vn 1 0 0
vn 0 -0.3826841372016659 0.9238792405581028
vn -1 0 0
vn 1 0 0
vn 0 0.3826740215044468 -0.9238834305612447
vn 0 1 0
vn 1 0 0
vn 1 0 0
vn 0 0.9238808862996473 -0.38268016401451826
vn 1 0 0
vn 1 0 0
vn 1 0 0
vn 1 0 0
vn 1 0 0
vn 1 0 0
vn 1 0 0
vn 0.2171476598599192 -0.8745815420849758 -0.4335366421210863
vn 0.4588296205287473 -0.3400232622593436 0.8208894934447386
vn 0.45883918940354723 0.8208868865941833 0.3400166432473629
vn 0.4588232608293867 0.34002118067650594 0.8208939103277864
vn 0.4588292972344745 -0.8208889150407732 -0.3400250949010976
vn 0.4588296205287473 -0.3400232622593436 -0.8208894934447385
vn 0.4588232608293865 0.3400211806765059 -0.8208939103277864
vn 0.45882929723447446 0.8208889150407732 -0.34002509490109795
vn 0.3846505948597079 -0.019919227658075293 -0.9228473027774308
vn -0.9621675958878525 0 0.2724582856574384
vn 0 -0.9580651141059741 0.28655058389943455
vn 0.6753266024627604 -0.6753475564669943 0.29637755984582365
vn 0.9357236821858126 0 0.3527338807041711
vn -0.1926607752890687 -0.9064140249374781 0.37589285848717047
vn -0.26690337076531007 0.19367035761401832 0.9440627009133311
vn -0.7235358089737759 -0.29971430362026447 0.6218257548044175
vn 0 0 -1
vn -0.7071218759143009 -0.27059277183163977 -0.6532673299927914
vn -0.7071218759143008 -0.27059277183163977 0.6532673299927914
vn -0.7071094122997797 0.270594183281398 -0.6532802362013819
vn -0.7071231561813839 -0.6532685127544741 0.2705865706860481
vn -0.7070851107007601 0.6532989305079208 -0.27061255259595957
vn -0.7071231561813843 -0.6532685127544738 0.270586570686048
vn 0.7071003997081357 0.65328902082514 0.2705965262192491
vn 0.7071094122997797 0.270594183281398 0.6532802362013819
vn 0.8954721406911377 0.4451175633987404 0
vn 0.8336832309401386 -0.21134513062085128 -0.5102014368972974
vn 0.3672222717423828 0.1056039436973485 0.924118829053889
vn -0.7729801402498081 0.1987921736639499 -0.6024810158580512
vn 0.8683755978627178 0.4581580161872924 0.18977632423432644
vn 0.8156341562216216 -0.5345479097213142 0.22135820612124893
vn 0.8553538309223047 0.19826373898967808 0.4786035036733127
vn 0.8907923521281318 -0.17389938294816704 0.41981899671200856
vn 0 -0.3826930136160002 0.9238755637690089
vn 0.9238787766335206 0 0.382685257210347
vn 0 0.9238758949331547 0.38269221413750093
vn -0.38264198843103703 0 0.9238966980618246
vn 0.000012813101836688622 0.9238758948573158 0.38269221410608656
vn 0 0.9238823959540886 0.38267651932948926
vn 0 -0.9238722684375438 0.3827009689196872
vn 0 -0.38269218701728924 -0.9238759061670155
vn 0 0.9238787766335209 0.38268525721034613
vn 0 0.9238787766335209 -0.38268525721034613
vn -0.2682528061294698 0.7132140537393521 0.6475848558701367
vn 0.6475848558701368 0.7132140537393521 -0.26825280612946956
vn 0.26824700758631465 0.713206357220152 0.6475957341905122
vn -0.6475848558701368 0.7132140537393521 -0.26825280612946956
vn 0.6475957341905125 0.7132063572201519 0.2682470075863144
vn -0.6475957341905109 0.713206357220153 0.26824700758631526
vn 0.1514564318510498 -0.3033664880676918 0.9407601836644786
vn -0.2682550354883151 0.7132083285631818 -0.6475902377300597
vn 0.5145874108853343 -0.8144030756301069 0.2682301753392984
vn -0.38271585247479056 0 0.923866102995718
vn -1 0 0
vn -0.5754513420756354 0.13623605960965812 0.8064090084847663
vn 0 0.6884528089255804 0.725281138512838
vn 0.3826419884310371 0 -0.9238966980618247
vn 0 0.3826820195011775 0.9238801177374154
vn 0 -0.9238747436212599 -0.38269499356374087
vn -0.9238966980618247 0 -0.38264198843103703
vn 0 -0.9238722684375438 -0.3827009689196872
vn 0 -1 0
vn -0.9238661029957173 -0.382715852474792 0
vn 0 0.3826796073123166 -0.9238811168907456
vn 0 0.352168868784967 -0.9359364764014259
vn -0.27459794010176725 -0.9586209377872699 -0.07511237533004579
vn -0.1941626045665878 -0.46876556132482233 -0.8617190560175301
vn 0.1941700288628772 0.46876455402303036 -0.8617179311021554
vn -0.19416121672980027 0.4687622106791498 -0.8617211914286429
vn 0.19416985382692292 -0.46876487565896524 -0.8617177955765255
vn 0.19417002886287724 0.46876455402303047 0.8617179311021554
vn -0.46873173529772977 0.19413964652625443 -0.861742628614507
vn 0.26387957680684515 -0.8904815912089646 0.37068868968743945
vn -0.46874723346934183 -0.19416285440316106 -0.8617289696214554
vn -0.9133177912968302 -0.15089571621546854 0.3782606177339909
vn 0 -1 0
vn 0 -1 0
vn 0 -1 0
vn 0 -1 0
vn -0.20180454457014815 -0.8496351900796699 0.48723194637576733
vn 0.48723194637576883 -0.8496351900796688 -0.2018045445701487
vn -0.49821482612295437 0.3708751715692288 -0.7837305622117651
vn -0.20182964664136946 -0.8496409455827267 -0.48721151189797446
vn -0.4872078201519526 -0.8496419852731582 -0.20183418155473415
vn 0.2018231737401775 -0.8496514430844307 0.48719588648303147
vn 0.48721619378899217 -0.8496422903762656 0.20181268273808067
vn 0.2018231737401775 -0.8496514430844307 -0.48719588648303147
vn 0 0 1
vn 0 0 -1
vn 0 0.7542284405699451 -0.6566121072866603
vn -0.029412150337717876 0.30739889696813355 -0.9511260923533148
vn -0.8158069066357092 0.5783243822332546 0
vn -0.8586501813973687 0.24059723881424575 -0.45258461602359706
vn 0.6389180623707146 -0.7113958926390033 0.29274492909836625
vn 0 0 1
vn 0 0.7542284405699451 0.6566121072866603
vn -0.02941215033771788 0.30739889696813355 0.9511260923533148
vn 0 0.31264969948077515 -0.9498684990116165
vn 0 0.3126496994807751 -0.9498684990116164
vn 0 0.25522466041448644 -0.9668817780454393
vn 0.6860993669524404 0.27840493138622335 0.6721297143017059
vn 0 0.25522466041448644 -0.9668817780454394
vn 0 -0.07667362522129255 0.9970562447502272
vn 0 0.25522466041448644 0.9668817780454393
vn 0 0.2353635745682969 -0.9719073967032219
vn 0 0.25522466041448644 0.9668817780454394
vn -0.7640980835621815 0.5233944381063307 0.3771105684755599
vn 0 -0.3826841372016659 -0.9238792405581028
vn 0 1 0
vn -0.38270093822837165 0 -0.9238722811509849
vn 0 1 0
vn 0 0.9238722684375438 0.3827009689196872
vn 0 -0.38270317888793903 0.9238713529864786
vn 0 -0.3826863067048698 0.9238783419155288
vn 0 -0.3826863067048698 -0.9238783419155288
vn 0 -0.9238747436212599 0.38269499356374087
vn 0 0.9238722684375438 -0.3827009689196872
vn 0 -0.38270317888793903 -0.9238713529864786
vn 0 -0.9238825861366688 0.38267606017808414
vn -0.3826725842889815 -0.9238840258569213 0
vn 0 0.9238808862996473 0.38268016401451826
vn -0.38264198843103703 0 -0.9238966980618246
vn 0 -0.9238743535568843 0.3826959352277594
vn -0.38267258428898115 0.9238840258569215 0
vn 0 -0.9238747971534506 0.38269486433014815
vn 0 0.3826796073123166 -0.9238811168907455
vn 0.3826852572103463 0.9238787766335209 0
vn 0 0.9238837345938233 0.38267328748289997
vn -0.38267258428898115 -0.9238840258569215 0
vn 0 0.3827032660531966 -0.923871316879259
vn 0 0.3826796073123166 0.9238811168907456
vn -1 0 0
vn 0 0.9238837345938233 0.38267328748289997
vn 0.923872281150985 0 -0.3827009382283713
vn 0 -0.3826921870172892 0.9238759061670155
vn 0.9238966980618253 0 0.3826419884310353
vn 0 -0.3826921870172892 -0.9238759061670155
vn 0 0.9238837345938233 -0.38267328748289997
vn 0 -0.9238823959540886 0.38267651932948926
vn -0.9238966980618247 0 0.3826419884310371
vn 0 -0.3826930136160002 -0.9238755637690088
vn 0 0.3827158524747915 0.9238661029957175
vn 0.38268525721034663 -0.9238787766335207 0
vn 0 -0.9238787766335208 0.38268525721034663
vn 0 -0.9238747971534506 0.38269486433014815
vn 0 0.9238837345938233 -0.38267328748289997
vn 0 -1 0
vn 0 -0.9238747971534506 -0.38269486433014815
vn 0.3826852572103463 -0.9238787766335209 0
vn 0.38264198843103703 0 -0.9238966980618246
vn 0 0.38268413720166566 -0.9238792405581028
vn 0 0.38268220171682743 0.9238800422615274
vn -0.9238661029957173 -0.382715852474792 0
vn 0.38270093822837165 0 -0.9238722811509849
vn 0 0.38270326605319666 0.9238713168792592
vn -0.8907985289015037 0.41981139406151835 0.17388609583012044
vn 0.8907906340201701 0.17390155265825463 0.41982174351144785
vn -0.8907992223623123 0.41981013808156264 0.17388557560257534
vn 0.08476637371530608 -0.3322513696488041 -0.9393740944126845
vn -0.8907982505495909 0.41981126288112147 0.1738878384935134
vn -0.8907982505495909 0.4198112628811215 -0.17388783849351347
vn -0.8908037452505632 -0.4198013109077977 0.17388371633843316
vn -0.8907992223623123 0.41981013808156264 -0.17388557560257534
vn -0.8908049248823353 0.17389498469138365 0.41979414015033667
vn -0.890803664500125 -0.17388898446229462 0.419799300137364
vn -0.7434326828212595 0.255940242842777 0.6179016412073729
vn -0.7434474922783257 0.617884112711934 0.25593954263312807
vn -0.7434317333022576 -0.2559503565577676 0.6178985943479338
vn -0.7434326828212595 0.25594024284277694 -0.6179016412073729
vn 0 0.3126496994807751 0.9498684990116164
vn 0.7434312510349752 -0.6179049021561843 -0.2559365289987501
vn -0.7434454375730741 -0.6178903328267519 -0.25593049437498866
vn 0.7434333057979147 0.6178986819752361 0.25594557750359864
vn 0 0.9238823959540885 0.3826765193294892
vn 0 0.38268413720166566 0.9238792405581028
vn 0.3826419884310371 0 0.9238966980618247
vn 0 -0.9238825861366688 0.3826760601780842
vn 0.382715852474792 0 0.9238661029957174
vn 0.923872281150985 0 0.3827009382283713
vn 0.38271585247479195 0 0.9238661029957174
vn -0.38271585247479056 0 -0.923866102995718
vn -0.3826419884310371 0 -0.9238966980618247
vn -0.38267258415224453 0.9238840255267992 -0.00002673275536827902
vn 0 -1 0
vn 0.9238966980618252 0 -0.3826419884310353
vn -0.9238713529864782 0.38270317888793964 0
vn 0 -1 0
vn 0 -1 0
vn 0 -1 0
vn 0 -1 0
vn -0.9238661029957183 0 -0.38271585247478956
vn 0 0.38270326605319666 -0.9238713168792592
vn 0 -0.3826689310998471 0.9238855389986903
vn 0.923872281150985 0 0.3827009382283713
vn 0 0.38268220171682743 -0.9238800422615274
vn 0.923872281150985 0 0.3827009382283713
vn 0 -0.3826689310998471 -0.9238855389986903
vn 0 0.9238813115511775 0.38267913735462006
vn -0.38270093822837165 0 0.9238722811509849
vn -0.38270093822837165 0 0.9238722811509849
vn -1 0 0
vn -1 0 0
vn -1 0 0
vn -1 0 0
vn -1 0 0
vn 0.7071218759143009 -0.27059277183163977 0.6532673299927914
vn -0.7071517030547996 -0.6532389503214813 -0.2705833377161017
vn 0.7071094122997797 0.270594183281398 -0.6532802362013819
vn 0.7071517030548 -0.6532389503214809 -0.27058333771610166
vn -0.7070851107007597 0.6532989305079211 -0.2706125525959597
vn 0.7071218759143008 -0.27059277183163977 -0.6532673299927914
vn -0.7071228766439595 0.6532682545066771 0.2705879246761966
vn -0.7071094122997794 0.2705941832813981 -0.6532802362013822
vn -0.38270093822837165 0 0.9238722811509849
vn 0 -0.9238787766335208 -0.38268525721034663
vn 0 -1 0
vn 1 0 0
vn -0.3826419884310371 0 0.9238966980618247
vn 0 0.9238823959540886 -0.38267651932948926
vn 0 -0.38268413720166594 -0.9238792405581028
vn -0.9238966980618246 0 0.38264198843103703
vn -0.8673281862182433 0.41468048681422215 0.2752851453436824
vn 0.9239357465701087 -0.04382274225765752 -0.3800293455392031
vn -0.577778340252623 0.31233613338587823 0.7540678545837126
vn -0.5777525584379771 -0.3123666828701092 0.7540749542658849
vn -0.5778000519057909 -0.7540465644265103 -0.31234736863665435
vn -0.5777566580538201 0.7540803050299507 -0.31234618236888667
vn -0.5777525584379772 -0.31236668287010916 -0.7540749542658849
vn -0.5778000519057909 -0.7540465644265104 0.3123473686366544
vn -0.577778340252623 0.3123361333858783 -0.7540678545837125
vn -0.5777566580538201 0.7540803050299507 0.3123461823688867
vn 0.8487509665227541 -0.4560984739369509 0.2675742493198391
vn -0.8908022934371557 0.17389280551230746 -0.41980062672435664
vn 0.8907906340201701 0.17390155265825466 -0.41982174351144785
vn 0.8907865907787891 0.41983238001153683 0.17389658531020888
vn 0.8907923521281318 -0.17389938294816706 -0.41981899671200856
vn 0.890787562676559 0.41983125520147774 -0.1738943223245299
vn 0.8907878410820943 -0.4198301156384781 -0.17389564739602803
vn -0.8908028002096777 -0.17388963288506748 -0.41980086554662277
vn -0.8908004458710868 -0.41980512970480294 -0.17389139918180818
vn 0.743418495925076 0.25594627748932214 0.6179162103035142
vn -0.7434317333022576 -0.2559503565577676 -0.6178985943479338
vn 0.7434263988009365 0.2559485156185444 -0.6179057751134348
vn 0.7434107491419203 -0.6179199386629309 0.2559597770413329
vn 0.7434194381696181 0.6179169934803921 -0.2559416498339467
vn -0.7434249362555703 -0.617905369782507 0.2559537422022676
vn -0.7434336250393503 0.6179024243288554 -0.255935615281215
vn 0.743417546379418 -0.25595639142736126 -0.6179131633350184
vn 1 0 0
vn 1 0 0
vn 1 0 0
vn 1 0 0
vn 1 0 0
vn 0.7070975475519883 -0.2706020819871538 -0.6532898066480002
vn 0.7070975475519883 -0.2706020819871538 0.6532898066480001
vn 0.7070850835086534 0.27060349315726084 -0.6533027125082592
vn 0.7070988278631223 -0.6532909895317712 0.27059588066191587
vn 0.7070838300539776 0.6533024793828255 -0.27060733121711766
vn 0.7071231561813842 -0.6532685127544738 0.270586570686048
vn 0.7070760706069568 0.6533114968612697 0.27060583593838716
vn -0.7071094122997797 0.270594183281398 0.6532802362013819
vn -0.8954835472273389 0.4450946153854736 0
vn 0.10265414629870022 -0.9842261142777654 0.14408706472607588
vn 0.9238840258569212 -0.3826725842889818 0
vn -0.923872281150985 0 -0.3827009382283713
vn 0.000013875343848631749 0.9238758948442198 -0.38269221410066184
vn 0 -0.3827028934380161 0.9238714712308043
vn 0.38271585247479195 0 0.9238661029957174
vn 0 -0.38268413720166594 0.9238792405581028
vn 0.38270093822837165 0 0.9238722811509849
vn 0 0.3826796073123166 0.9238811168907455
vn 0 0.3827158524747915 -0.9238661029957175
vn -0.923872281150985 0 0.3827009382283713
vn 0 -0.9238743535568843 -0.3826959352277594
vn 0 -0.3826930136160002 -0.9238755637690089
vn 0 0.9238813115511775 -0.38267913735462006
vn -0.9238661029957183 0 0.38271585247478956
vn 0 -0.9238825861366688 -0.38267606017808414
vn 0 -0.9238825861366688 -0.3826760601780842
vn 1 0 0
vn 1 0 0
vn 1 0 0
vn 0.6860975200720366 0.6721347418125283 -0.27839734517341796
vn 1 0 0
vn 1 0 0
vn -0.0017428503031510798 -0.5706445127925887 0.8211953497752714
vn 1 0 0
vn 1 0 0
vn 0.44822156357729626 0.8857908669090377 -0.12029950143229677
vn -0.991702038398323 -0.12855764091103708 0
vn 1 0 0
vn 0 1 0
vn 1 0 0
vn -0.19416121672980022 0.4687622106791498 0.8617211914286429
vn 0.46876455402302997 -0.1941700288628779 -0.8617179311021556
vn 0.09557683506701968 -0.7831475107826531 0.6144469423420594
vn 0.46876938511445043 -0.1941641883795104 0.8617166190403585
vn 0.468766375721634 0.1941539939218878 -0.8617205531011685
vn 0.46876474393957485 0.1941697992666606 0.8617178795243892
vn -0.1941701504676672 -0.46876484760085596 0.8617177439980622
vn 0.19416979926666048 -0.468764743939575 0.861717879524389
vn 0.38270093822837165 0 0.9238722811509849
vn 0.9238787766335206 0.3826852572103469 0
vn 0.38270093822837165 0 0.9238722811509849
vn 0 0.3826841372016658 -0.9238792405581028
vn -0.923872281150985 0 0.3827009382283713
vn -0.923872281150985 0 0.3827009382283713
vn 0.923872281150985 0 -0.3827009382283713
vn -0.923872281150985 0 -0.3827009382283713
vn 0.923872281150985 0 -0.3827009382283713
vn -0.923872281150985 0 -0.3827009382283713
vn 0.38270093822837165 0 -0.9238722811509849
vn -0.38270093822837165 0 -0.9238722811509849
vn 0.38270093822837165 0 -0.9238722811509849
vn -0.38270093822837165 0 -0.9238722811509849
vn -0.8907995007434852 0.4198089985626833 -0.17388690060195666
vn 0.8907920859606355 -0.4198224277981415 0.17389246305568987
vn -0.991702038398323 -0.1285576409110371 0
vn -0.991702038398323 -0.12855764091103708 0
vn 0.8907868691550617 0.41983251121173043 0.17389484256462404
vn 0.8907868691550617 0.41983251121173043 -0.17389484256462404
vn 0.8907878410820943 0.4198301156384781 0.17389564739602803
vn 0.8907878410820943 0.4198301156384781 -0.17389564739602803
vn 0.38271585247479195 0 -0.9238661029957174
vn 0 -0.3827028934380161 -0.9238714712308043
usemtl none
f 1/1/1 2/2/1 3/3/1 4/4/1
f 5/5/2 6/6/2 7/7/2 8/8/2
f 9/9/3 10/10/3 11/11/3 12/12/3
f 13/13/4 14/14/4 15/15/4 16/16/4
f 17/17/5 18/18/5 19/19/5 20/20/5
f 21/21/6 22/22/6 23/23/6 24/24/6
f 25/25/7 26/26/7 24/27/7 23/28/7
f 12/29/8 11/30/8 27/31/8 28/32/8
f 29/33/9 30/34/9 31/35/9
f 32/36/10 33/37/10 21/38/10 24/39/10
f 26/40/11 34/41/11 32/42/11 24/43/11
f 35/44/12 36/45/12 37/46/12 38/47/12
f 30/48/13 29/49/13 39/50/13
f 40/51/14 41/52/14 42/53/14 43/54/14
f 44/55/15 29/56/15 31/57/15 45/58/15
f 46/59/16 47/60/16 48/61/16 49/62/16
f 50/63/17 51/64/17 52/65/17 53/66/17
f 41/67/18 54/68/18 55/69/18 42/70/18
f 56/71/19 32/72/19 34/73/19 57/74/19
f 58/75/20 59/76/20 60/77/20 61/78/20
f 62/79/21 63/80/21 64/81/21 65/82/21
f 66/83/22 67/84/22 68/85/22
f 69/86/23 70/87/23 71/88/23 72/89/23
f 68/90/24 73/91/24 66/92/24
f 74/93/25 21/94/25 33/95/25 75/96/25
f 75/97/26 76/98/26 77/99/26 74/100/26
f 78/101/27 79/102/27 80/103/27 81/104/27
f 56/105/28 82/106/28 33/107/28 32/108/28
f 78/109/29 83/110/29 72/111/29
f 84/112/30 85/113/30 86/114/30 87/115/30
f 88/116/31 89/117/31 82/118/31 56/119/31
f 78/120/32 72/121/32 71/122/32
f 90/123/33 91/124/33 76/125/33 75/126/33
f 92/127/34 13/128/34 93/129/34 94/130/34
f 95/131/35 71/132/35 70/133/35
f 76/134/36 91/135/36 96/136/36 97/137/36
f 70/138/37 98/139/37 95/140/37
f 99/141/38 96/142/38 91/143/38 100/144/38
f 101/145/39 102/146/39 89/147/39 103/148/39
f 101/149/40 104/150/40 100/151/40 102/152/40
f 99/153/41 105/154/41 106/155/41 107/156/41
f 100/157/42 104/158/42 105/159/42 99/160/42
f 103/161/43 108/162/43 109/163/43 110/164/43
f 111/165/44 112/166/44 44/167/44 45/168/44
f 110/169/45 113/170/45 101/171/45 103/172/45
f 101/173/46 113/174/46 114/175/46 104/176/46
f 115/177/47 116/178/47 117/179/47 118/180/47
f 119/181/48 120/182/48 110/183/48 109/184/48
f 119/185/49 109/186/49 121/187/49 122/188/49
f 123/189/50 124/190/50 125/191/50 126/192/50
f 127/193/51 128/194/51 129/195/51 130/196/51
f 131/197/52 132/198/52 133/199/52 134/200/52
f 135/201/53 136/202/53 137/203/53 138/204/53
f 66/205/54 72/206/54 83/207/54 112/208/54
f 137/209/55 139/210/55 140/211/55 141/212/55
f 142/213/56 143/214/56 144/215/56 145/216/56
f 141/217/57 140/218/57 146/219/57 147/220/57
f 148/221/58 135/222/58 138/223/58 149/224/58
f 69/225/59 150/226/59 151/227/59 70/228/59
f 152/229/60 141/230/60 147/231/60 153/232/60
f 154/233/61 155/234/61 156/235/61 157/236/61
f 149/237/62 138/238/62 152/239/62 158/240/62
f 159/241/63 148/242/63 149/243/63 160/244/63
f 161/245/64 162/246/64 163/247/64 164/248/64
f 158/249/65 152/250/65 153/251/65 165/252/65
f 166/253/66 167/254/66 168/255/66 169/256/66
f 160/257/67 149/258/67 158/259/67 170/260/67
f 170/261/68 158/262/68 165/263/68 171/264/68
f 172/265/69 173/266/69 160/267/69 170/268/69
f 174/269/70 175/270/70 176/271/70 177/272/70
f 178/273/71 179/274/71 180/275/71 181/276/71
f 179/277/72 182/278/72 180/279/72
f 183/280/73 179/281/73 184/282/73
f 185/283/74 186/284/74 187/285/74 188/286/74
f 187/287/75 154/288/75 175/289/75 189/290/75
f 176/291/76 190/292/76 191/293/76 177/294/76
f 180/295/77 182/296/77 171/297/77 181/298/77
f 182/299/78 173/300/78 172/301/78
f 192/302/79 189/303/79 174/304/79 177/305/79
f 193/306/80 194/307/80 122/308/80 121/309/80
f 173/310/81 183/311/81 195/312/81
f 185/313/82 188/314/82 189/315/82 192/316/82
f 196/317/83 197/318/83 183/319/83 184/320/83
f 143/321/84 198/322/84 199/323/84 144/324/84
f 192/325/85 200/326/85 201/327/85 185/328/85
f 144/329/86 199/330/86 202/331/86 203/332/86
f 204/333/87 205/334/87 206/335/87 207/336/87
f 208/337/88 209/338/88 197/339/88 196/340/88
f 202/341/89 156/342/89 186/343/89 210/344/89
f 211/345/90 209/346/90 208/347/90 212/348/90
f 213/349/91 214/350/91 211/351/91 212/352/91
f 215/353/92 94/354/92 93/355/92 216/356/92
f 207/357/93 217/358/93 218/359/93 213/360/93
f 163/361/94 219/362/94 220/363/94 221/364/94
f 222/365/95 217/366/95 223/367/95 224/368/95
f 225/369/96 226/370/96 227/371/96 228/372/96
f 229/373/97 222/374/97 230/375/97 231/376/97
f 232/377/98 233/378/98 234/379/98
f 235/380/99 236/381/99 237/382/99 238/383/99
f 239/384/100 240/385/100 241/386/100 242/387/100
f 222/388/101 224/389/101 243/390/101 230/391/101
f 233/392/102 244/393/102 245/394/102
f 243/395/103 224/396/103 246/397/103 244/398/103
f 247/399/104 248/400/104 249/401/104 250/402/104
f 244/403/105 230/404/105 243/405/105
f 230/406/106 232/407/106 231/408/106
f 246/409/107 146/410/107 140/411/107 251/412/107
f 252/413/108 248/414/108 247/415/108 253/416/108
f 228/417/109 227/418/109 232/419/109 234/420/109
f 254/421/110 255/422/110 79/423/110 95/424/110
f 128/425/111 256/426/111 257/427/111 129/428/111
f 258/429/112 259/430/112 133/431/112 132/432/112
f 256/433/113 260/434/113 236/435/113 257/436/113
f 227/437/114 226/438/114 218/439/114 229/440/114
f 256/441/115 261/442/115 262/443/115 260/444/115
f 214/445/116 213/446/116 218/447/116 226/448/116
f 128/449/117 145/450/117 261/451/117 256/452/117
f 229/453/118 218/454/118 217/455/118 222/456/118
f 263/457/119 151/458/119 150/459/119 264/460/119
f 265/461/120 266/462/120 267/463/120 120/464/120
f 266/465/121 268/466/121 269/467/121 267/468/121
f 55/469/122 270/470/122 57/471/122 34/472/122
f 269/473/123 271/474/123 272/475/123 114/476/123
f 273/477/124 265/478/124 274/479/124 275/480/124
f 274/481/125 119/482/125 122/483/125 276/484/125
f 277/485/126 278/486/126 279/487/126 280/488/126
f 281/489/127 282/490/127 283/491/127 284/492/127
f 271/493/128 285/494/128 286/495/128 287/496/128
f 266/497/129 288/498/129 289/499/129 268/500/129
f 273/501/130 290/502/130 291/503/130 288/504/130
f 290/505/131 273/506/131 275/507/131 292/508/131
f 151/509/132 293/510/132 98/511/132 70/512/132
f 294/513/133 295/514/133 205/515/133 204/516/133
f 296/517/134 92/518/134 297/519/134
f 298/520/135 299/521/135 300/522/135 301/523/135
f 273/524/136 288/525/136 266/526/136 265/527/136
f 131/528/137 134/529/137 302/530/137 303/531/137
f 290/532/138 304/533/138 305/534/138 291/535/138
f 291/536/139 305/537/139 306/538/139 307/539/139
f 13/540/140 308/541/140 14/542/140
f 296/543/141 309/544/141 310/545/141 311/546/141
f 292/547/142 312/548/142 304/549/142 290/550/142
f 313/551/143 314/552/143 84/553/143 315/554/143
f 268/555/144 289/556/144 300/557/144 285/558/144
f 316/559/145 317/560/145 318/561/145 319/562/145
f 320/563/146 321/564/146 317/565/146 316/566/146
f 47/567/147 46/568/147 322/569/147 323/570/147
f 275/571/148 274/572/148 276/573/148 320/574/148
f 89/575/149 102/576/149 90/577/149 82/578/149
f 324/579/150 325/580/150 41/581/150 40/582/150
f 276/583/151 122/584/151 194/585/151 326/586/151
f 216/587/152 93/588/152 327/589/152 278/590/152
f 178/591/153 294/592/153 208/593/153 196/594/153
f 328/595/154 81/596/154 329/597/154 330/598/154
f 105/599/155 272/600/155 331/601/155 106/602/155
f 332/603/156 123/604/156 333/605/156 169/606/156
f 334/607/157 193/608/157 121/609/157 335/610/157
f 336/611/158 337/612/158 338/613/158 339/614/158
f 340/615/159 14/616/159 308/617/159 341/618/159
f 107/619/160 106/620/160 334/621/160 342/622/160
f 342/623/161 334/624/161 335/625/161 343/626/161
f 263/627/162 344/628/162 345/629/162
f 346/630/163 347/631/163 344/632/163
f 344/633/164 263/634/164 346/635/164
f 347/636/165 346/637/165 329/638/165
f 346/639/166 264/640/166 348/641/166
f 264/642/167 346/643/167 263/644/167
f 325/645/168 97/646/168 54/647/168 41/648/168
f 97/649/169 96/650/169 349/651/169 54/652/169
f 237/653/170 252/654/170 253/655/170 238/656/170
f 235/657/171 350/658/171 351/659/171
f 246/660/172 251/661/172 245/662/172 244/663/172
f 352/664/173 353/665/173 354/666/173 355/667/173
f 253/668/174 235/669/174 238/670/174
f 257/671/175 236/672/175 235/673/175 351/674/175
f 233/675/176 356/676/176 228/677/176 234/678/176
f 250/679/177 253/680/177 247/681/177
f 357/682/178 130/683/178 129/684/178 350/685/178
f 350/686/179 250/687/179 357/688/179
f 249/689/180 130/690/180 357/691/180 250/692/180
f 153/693/181 147/694/181 206/695/181 205/696/181
f 245/697/182 251/698/182 356/699/182 233/700/182
f 248/701/183 219/702/183 358/703/183 249/704/183
f 224/705/184 223/706/184 146/707/184 246/708/184
f 252/709/185 220/710/185 219/711/185 248/712/185
f 251/713/186 140/714/186 139/715/186 356/716/186
f 356/717/187 139/718/187 225/719/187 228/720/187
f 237/721/188 359/722/188 220/723/188 252/724/188
f 360/725/189 166/726/189 169/727/189 333/728/189
f 236/729/190 260/730/190 359/731/190 237/732/190
f 112/733/191 83/734/191 328/735/191 44/736/191
f 262/737/192 361/738/192 359/739/192 260/740/192
f 136/741/193 225/742/193 139/743/193 137/744/193
f 76/745/194 97/746/194 325/747/194 77/748/194
f 211/749/195 214/750/195 136/751/195 135/752/195
f 362/753/196 363/754/196 361/755/196 262/756/196
f 127/757/197 142/758/197 145/759/197 128/760/197
f 212/761/198 204/762/198 207/763/198 213/764/198
f 142/765/199 127/766/199 358/767/199 162/768/199
f 332/769/200 364/770/200 124/771/200 123/772/200
f 345/773/201 344/774/201 365/775/201 366/776/201
f 211/777/202 135/778/202 148/779/202 209/780/202
f 162/781/203 161/782/203 143/783/203 142/784/203
f 147/785/204 146/786/204 223/787/204 206/788/204
f 162/789/205 358/790/205 219/791/205 163/792/205
f 208/793/206 294/794/206 204/795/206 212/796/206
f 198/797/207 143/798/207 161/799/207 190/800/207
f 205/801/208 295/802/208 165/803/208 153/804/208
f 199/805/209 157/806/209 156/807/209 202/808/209
f 198/809/210 367/810/210 157/811/210 199/812/210
f 190/813/211 176/814/211 367/815/211 198/816/211
f 368/817/212 154/818/212 157/819/212 367/820/212
f 175/821/213 368/822/213 367/823/213 176/824/213
f 196/825/214 184/826/214 179/827/214 178/828/214
f 189/829/215 175/830/215 174/831/215
f 187/832/216 189/833/216 188/834/216
f 172/835/217 170/836/217 171/837/217 182/838/217
f 369/839/218 370/840/218 371/841/218 372/842/218
f 232/843/219 227/844/219 229/845/219 231/846/219
f 201/847/220 210/848/220 186/849/220 185/850/220
f 362/851/221 210/852/221 201/853/221 363/854/221
f 183/855/222 197/856/222 159/857/222 195/858/222
f 363/859/223 373/860/223 221/861/223 361/862/223
f 221/863/224 220/864/224 359/865/224 361/866/224
f 373/867/225 164/868/225 163/869/225 221/870/225
f 201/871/226 200/872/226 373/873/226 363/874/226
f 200/875/227 191/876/227 164/877/227 373/878/227
f 267/879/228 269/880/228 114/881/228 113/882/228
f 181/883/229 295/884/229 294/885/229 178/886/229
f 197/887/230 209/888/230 148/889/230 159/890/230
f 374/891/231 375/892/231 259/893/231 258/894/231
f 225/895/232 136/896/232 214/897/232 226/898/232
f 175/899/233 154/900/233 368/901/233
f 159/902/234 160/903/234 173/904/234 195/905/234
f 154/906/235 187/907/235 155/908/235
f 376/909/236 377/910/236 378/911/236 379/912/236
f 30/913/237 380/914/237 381/915/237 382/916/237
f 383/917/238 384/918/238 28/919/238 27/920/238
f 385/921/239 386/922/239 387/923/239 388/924/239
f 45/925/240 31/926/240 389/927/240 390/928/240
f 67/929/241 66/930/241 112/931/241 111/932/241
f 391/933/242 392/934/242 393/935/242 394/936/242
f 85/937/243 395/938/243 396/939/243 86/940/243
f 67/941/244 397/942/244 398/943/244 68/944/244
f 399/945/245 74/946/245 400/947/245
f 401/948/246 323/949/246 376/950/246 379/951/246
f 25/952/247 23/953/247 402/954/247 403/955/247
f 43/956/248 26/957/248 25/958/248
f 217/959/249 207/960/249 206/961/249 223/962/249
f 404/963/250 405/964/250 406/965/250 407/966/250
f 317/967/251 321/968/251 299/969/251 298/970/251
f 26/971/252 43/972/252 42/973/252
f 51/974/253 408/975/253 409/976/253 52/977/253
f 348/978/254 39/979/254 29/980/254 330/981/254
f 264/982/255 150/983/255 410/984/255 411/985/255
f 261/986/256 203/987/256 362/988/256 262/989/256
f 329/990/257 346/991/257 348/992/257 330/993/257
f 307/994/258 288/995/258 291/996/258
f 39/997/259 411/998/259 380/999/259 30/1000/259
f 292/1001/260 316/1002/260 319/1003/260 312/1004/260
f 307/1005/261 306/1006/261 412/1007/261 301/1008/261
f 318/1009/262 317/1010/262 298/1011/262 413/1012/262
f 414/1013/263 87/1014/263 15/1015/263 415/1016/263
f 275/1017/264 320/1018/264 316/1019/264 292/1020/264
f 309/1021/265 314/1022/265 313/1023/265 310/1024/265
f 415/1025/266 15/1026/266 14/1027/266 340/1028/266
f 350/1029/267 129/1030/267 257/1031/267 351/1032/267
f 315/1033/268 84/1034/268 87/1035/268 414/1036/268
f 341/1037/269 308/1038/269 296/1039/269 311/1040/269
f 57/1041/270 343/1042/270 88/1043/270 56/1044/270
f 339/1045/271 338/1046/271 314/1047/271 309/1048/271
f 416/1049/272 336/1050/272 339/1051/272 297/1052/272
f 301/1053/273 289/1054/273 288/1055/273 307/1056/273
f 417/1057/274 418/1058/274 419/1059/274 420/1060/274
f 365/1061/275 421/1062/275 422/1063/275 423/1064/275
f 424/1065/276 425/1066/276 337/1067/276 336/1068/276
f 335/1069/277 121/1070/277 109/1071/277 108/1072/277
f 338/1073/278 337/1074/278 395/1075/278 85/1076/278
f 114/1077/279 272/1078/279 105/1079/279 104/1080/279
f 396/1081/280 395/1082/280 426/1083/280 279/1084/280
f 427/1085/281 366/1086/281 428/1087/281 429/1088/281
f 327/1089/282 396/1090/282 279/1091/282 278/1092/282
f 429/1093/283 430/1094/283 215/1095/283 431/1096/283
f 432/1097/284 433/1098/284 434/1099/284 435/1100/284
f 436/1101/285 126/1102/285 437/1103/285 168/1104/285
f 438/1105/286 439/1106/286 440/1107/286 441/1108/286
f 138/1109/287 137/1110/287 141/1111/287 152/1112/287
f 79/1113/288 255/1114/288 442/1115/288 80/1116/288
f 280/1117/289 422/1118/289 421/1119/289 442/1120/289
f 421/1121/290 347/1122/290 80/1123/290 442/1124/290
f 110/1125/291 120/1126/291 267/1127/291 113/1128/291
f 54/1129/292 270/1130/292 55/1131/292
f 443/1132/293 410/1133/293 73/1134/293 68/1135/293
f 74/1136/294 77/1137/294 400/1138/294
f 410/1139/295 150/1140/295 69/1141/295 73/1142/295
f 42/1143/296 55/1144/296 34/1145/296 26/1146/296
f 164/1147/297 191/1148/297 190/1149/297 161/1150/297
f 444/1151/298 445/1152/298 446/1153/298 447/1154/298
f 33/1155/299 82/1156/299 75/1157/299
f 74/1158/300 399/1159/300 22/1160/300 21/1161/300
f 90/1162/301 75/1163/301 82/1164/301
f 145/1165/302 144/1166/302 203/1167/302 261/1168/302
f 80/1169/303 347/1170/303 329/1171/303 81/1172/303
f 71/1173/304 95/1174/304 79/1175/304 78/1176/304
f 270/1177/305 343/1178/305 57/1179/305
f 343/1180/306 270/1181/306 342/1182/306
f 297/1183/307 339/1184/307 309/1185/307 296/1186/307
f 349/1187/308 342/1188/308 270/1189/308
f 270/1190/309 54/1191/309 349/1192/309
f 448/1193/310 449/1194/310 450/1195/310 451/1196/310
f 413/1197/311 298/1198/311 301/1199/311 412/1200/311
f 342/1201/312 349/1202/312 107/1203/312
f 151/1204/313 263/1205/313 345/1206/313 293/1207/313
f 265/1208/314 120/1209/314 119/1210/314 274/1211/314
f 90/1212/315 102/1213/315 91/1214/315
f 100/1215/316 91/1216/316 102/1217/316
f 344/1218/317 347/1219/317 421/1220/317 365/1221/317
f 98/1222/318 293/1223/318 427/1224/318 452/1225/318
f 293/1226/319 345/1227/319 366/1228/319 427/1229/319
f 453/1230/320 35/1231/320 38/1232/320 454/1233/320
f 366/1234/321 365/1235/321 423/1236/321 428/1237/321
f 455/1238/322 456/1239/322 457/1240/322 458/1241/322
f 255/1242/323 277/1243/323 280/1244/323 442/1245/323
f 423/1246/324 422/1247/324 426/1248/324 425/1249/324
f 424/1250/325 428/1251/325 423/1252/325 425/1253/325
f 428/1254/326 424/1255/326 430/1256/326 429/1257/326
f 427/1258/327 429/1259/327 431/1260/327 452/1261/327
f 459/1262/328 391/1263/328 394/1264/328 460/1265/328
f 431/1266/329 215/1267/329 216/1268/329 461/1269/329
f 278/1270/330 277/1271/330 461/1272/330 216/1273/330
f 337/1274/331 425/1275/331 426/1276/331 395/1277/331
f 73/1278/332 69/1279/332 72/1280/332 66/1281/332
f 430/1282/333 416/1283/333 94/1284/333 215/1285/333
f 297/1286/334 92/1287/334 94/1288/334 416/1289/334
f 264/1290/335 411/1291/335 39/1292/335 348/1293/335
f 343/1294/336 335/1295/336 108/1296/336 88/1297/336
f 93/1298/337 13/1299/337 16/1300/337 327/1301/337
f 92/1302/338 296/1303/338 308/1304/338 13/1305/338
f 289/1306/339 301/1307/339 300/1308/339
f 96/1309/340 99/1310/340 107/1311/340 349/1312/340
f 462/1313/341 58/1314/341 61/1315/341 118/1316/341
f 463/1317/342 464/1318/342 465/1319/342 466/1320/342
f 467/1321/343 468/1322/343 469/1323/343
f 470/1324/344 471/1325/344 472/1326/344
f 473/1327/345 468/1328/345 470/1329/345
f 468/1330/346 473/1331/346 474/1332/346
f 475/1333/347 476/1334/347 477/1335/347 478/1336/347
f 467/1337/348 479/1338/348 480/1339/348 471/1340/348
f 481/1341/349 482/1342/349 483/1343/349 484/1344/349
f 485/1345/350 486/1346/350 487/1347/350 488/1348/350
f 83/1349/351 78/1350/351 81/1351/351 328/1352/351
f 489/1353/352 490/1354/352 473/1355/352 470/1356/352
f 491/1357/353 468/1358/353 474/1359/353 492/1360/353
f 492/1361/354 474/1362/354 473/1363/354 490/1364/354
f 493/1365/355 466/1366/355 465/1367/355 494/1368/355
f 441/1369/356 495/1370/356 496/1371/356 438/1372/356
f 497/1373/357 478/1374/357 498/1375/357 482/1376/357
f 465/1377/358 464/1378/358 499/1379/358 500/1380/358
f 465/1381/359 500/1382/359 501/1383/359 494/1384/359
f 502/1385/360 386/1386/360 503/1387/360
f 502/1388/361 503/1389/361 504/1390/361
f 505/1391/362 504/1392/362 503/1393/362 506/1394/362
f 494/1395/363 502/1396/363 504/1397/363
f 502/1398/364 494/1399/364 501/1400/364
f 506/1401/365 503/1402/365 507/1403/365 508/1404/365
f 509/1405/366 510/1406/366 499/1407/366 464/1408/366
f 507/1409/367 511/1410/367 512/1411/367 508/1412/367
f 504/1413/368 502/1414/368 386/1415/368 503/1416/368
f 513/1417/369 464/1418/369 463/1419/369
f 509/1420/370 511/1421/370 514/1422/370 510/1423/370
f 464/1424/371 513/1425/371 509/1426/371
f 509/1427/372 464/1428/372 463/1429/372 513/1430/372
f 507/1431/373 385/1432/373 514/1433/373 511/1434/373
f 123/1435/374 169/1436/374 332/1437/374
f 126/1438/375 125/1439/375 515/1440/375 437/1441/375
f 169/1442/376 123/1443/376 333/1444/376
f 333/1445/377 166/1446/377 169/1447/377
f 166/1448/378 333/1449/378 360/1450/378
f 405/1451/379 3/1452/379 2/1453/379 406/1454/379
f 516/1455/380 517/1456/380 518/1457/380 519/1458/380
f 434/1459/381 492/1460/381 490/1461/381 435/1462/381
f 520/1463/382 521/1464/382 450/1465/382 449/1466/382
f 522/1467/383 523/1468/383 524/1469/383
f 525/1470/384 526/1471/384 527/1472/384 528/1473/384
f 529/1474/385 530/1475/385 486/1476/385 531/1477/385
f 532/1478/386 533/1479/386 534/1480/386
f 535/1481/387 536/1482/387 501/1483/387 500/1484/387
f 537/1485/388 538/1486/388 323/1487/388 401/1488/388
f 533/1489/389 522/1490/389 539/1491/389
f 539/1492/390 522/1493/390 540/1494/390
f 541/1495/391 502/1496/391 501/1497/391 536/1498/391
f 542/1499/392 495/1500/392 441/1501/392 543/1502/392
f 513/1503/393 512/1504/393 511/1505/393 509/1506/393
f 544/1507/394 545/1508/394 546/1509/394 547/1510/394
f 543/1511/395 451/1512/395 450/1513/395 542/1514/395
f 548/1515/396 549/1516/396 438/1517/396 496/1518/396
f 546/1519/397 545/1520/397 449/1521/397 448/1522/397
f 548/1523/398 544/1524/398 547/1525/398 549/1526/398
f 320/1527/399 276/1528/399 326/1529/399 321/1530/399
f 438/1531/400 549/1532/400 550/1533/400 439/1534/400
f 551/1535/401 552/1536/401 547/1537/401 546/1538/401
f 547/1539/402 552/1540/402 550/1541/402 549/1542/402
f 543/1543/403 441/1544/403 440/1545/403 553/1546/403
f 554/1547/404 451/1548/404 543/1549/404 553/1550/404
f 554/1551/405 555/1552/405 448/1553/405 451/1554/405
f 551/1555/406 546/1556/406 448/1557/406 555/1558/406
f 177/1559/407 191/1560/407 200/1561/407 192/1562/407
f 556/1563/408 557/1564/408 302/1565/408 134/1566/408
f 556/1567/409 134/1568/409 133/1569/409 558/1570/409
f 559/1571/410 558/1572/410 133/1573/410 259/1574/410
f 375/1575/411 560/1576/411 559/1577/411 259/1578/411
f 127/1579/412 130/1580/412 249/1581/412 358/1582/412
f 327/1583/413 16/1584/413 86/1585/413 396/1586/413
f 15/1587/414 87/1588/414 86/1589/414 16/1590/414
f 374/1591/415 132/1592/415 131/1593/415 303/1594/415
f 561/1595/416 562/1596/416 487/1597/416 486/1598/416
f 525/1599/417 528/1600/417 529/1601/417 531/1602/417
f 561/1603/418 563/1604/418 370/1605/418 562/1606/418
f 472/1607/419 564/1608/419 489/1609/419 470/1610/419
f 371/1611/420 370/1612/420 563/1613/420 530/1614/420
f 485/1615/421 488/1616/421 525/1617/421 531/1618/421
f 552/1619/422 551/1620/422 372/1621/422 565/1622/422
f 550/1623/423 552/1624/423 565/1625/423 527/1626/423
f 566/1627/424 115/1628/424 118/1629/424 61/1630/424
f 456/1631/425 393/1632/425 392/1633/425 457/1634/425
f 426/1635/426 422/1636/426 280/1637/426 279/1638/426
f 98/1639/427 452/1640/427 254/1641/427 95/1642/427
f 459/1643/428 460/1644/428 567/1645/428 568/1646/428
f 455/1647/429 458/1648/429 418/1649/429 417/1650/429
f 568/1651/430 567/1652/430 420/1653/430 419/1654/430
f 569/1655/431 570/1656/431 240/1657/431 571/1658/431
f 572/1659/432 573/1660/432 574/1661/432 575/1662/432
f 8/1663/433 7/1664/433 576/1665/433 577/1666/433
f 491/1667/434 492/1668/434 434/1669/434 477/1670/434
f 380/1671/435 443/1672/435 578/1673/435 381/1674/435
f 372/1675/436 371/1676/436 579/1677/436 565/1678/436
f 580/1679/437 239/1680/437 242/1681/437 581/1682/437
f 505/1683/438 522/1684/438 524/1685/438 493/1686/438
f 582/1687/439 1/1688/439 4/1689/439 583/1690/439
f 460/1691/440 584/1692/440 585/1693/440 567/1694/440
f 394/1695/441 586/1696/441 584/1697/441 460/1698/441
f 587/1699/442 588/1700/442 589/1701/442 590/1702/442
f 591/1703/443 592/1704/443 446/1705/443 445/1706/443
f 593/1707/444 594/1708/444 589/1709/444 588/1710/444
f 595/1711/445 596/1712/445 597/1713/445 598/1714/445
f 591/1715/446 594/1716/446 593/1717/446 592/1718/446
f 587/1719/447 590/1720/447 597/1721/447 596/1722/447
f 299/1723/448 286/1724/448 285/1725/448 300/1726/448
f 447/1727/449 595/1728/449 598/1729/449 444/1730/449
f 287/1731/450 194/1732/450 193/1733/450 331/1734/450
f 599/1735/451 600/1736/451 601/1737/451 281/1738/451
f 232/1739/452 230/1740/452 244/1741/452 233/1742/452
f 268/1743/453 285/1744/453 271/1745/453 269/1746/453
f 602/1747/454 462/1748/454 118/1749/454 117/1750/454
f 603/1751/455 40/1752/455 43/1753/455 604/1754/455
f 605/1755/456 606/1756/456 544/1757/456 548/1758/456
f 607/1759/457 608/1760/457 499/1761/457 510/1762/457
f 324/1763/458 609/1764/458 610/1765/458 400/1766/458
f 506/1767/459 540/1768/459 522/1769/459 505/1770/459
f 611/1771/460 612/1772/460 48/1773/460 47/1774/460
f 613/1775/461 614/1776/461 18/1777/461 17/1778/461
f 615/1779/462 616/1780/462 617/1781/462 618/1782/462
f 60/1783/463 619/1784/463 566/1785/463 61/1786/463
f 400/1787/464 77/1788/464 325/1789/464 324/1790/464
f 620/1791/465 621/1792/465 613/1793/465 622/1794/465
f 27/1795/466 623/1796/466 624/1797/466 383/1798/466
f 625/1799/467 20/1800/467 383/1801/467 624/1802/467
f 10/1803/468 621/1804/468 620/1805/468 626/1806/468
f 627/1807/469 628/1808/469 629/1809/469 630/1810/469
f 625/1811/470 631/1812/470 17/1813/470 20/1814/470
f 321/1815/471 326/1816/471 286/1817/471 299/1818/471
f 631/1819/472 622/1820/472 613/1821/472 17/1822/472
f 156/1823/473 155/1824/473 187/1825/473 186/1826/473
f 632/1827/474 283/1828/474 633/1829/474
f 634/1830/475 632/1831/475 635/1832/475
f 636/1833/476 634/1834/476 637/1835/476
f 283/1836/477 636/1837/477 284/1838/477
f 281/1839/478 284/1840/478 636/1841/478 599/1842/478
f 634/1843/479 635/1844/479 5/1845/479 8/1846/479
f 88/1847/480 108/1848/480 103/1849/480 89/1850/480
f 633/1851/481 638/1852/481 639/1853/481 632/1854/481
f 638/1855/482 633/1856/482 283/1857/482 282/1858/482
f 577/1859/483 599/1860/483 636/1861/483 637/1862/483
f 634/1863/484 8/1864/484 577/1865/484 637/1866/484
f 632/1867/485 639/1868/485 5/1869/485 635/1870/485
f 558/1871/486 560/1872/486 557/1873/486 556/1874/486
f 132/1875/487 374/1876/487 258/1877/487
f 640/1878/488 379/1879/488 378/1880/488
f 379/1881/489 640/1882/489 401/1883/489
f 59/1884/490 602/1885/490 117/1886/490 60/1887/490
f 452/1888/491 431/1889/491 461/1890/491 254/1891/491
f 326/1892/492 194/1893/492 287/1894/492 286/1895/492
f 560/1896/493 558/1897/493 559/1898/493
f 377/1899/494 376/1900/494 322/1901/494
f 323/1902/495 322/1903/495 376/1904/495
f 49/1905/496 48/1906/496 401/1907/496 640/1908/496
f 48/1909/497 612/1910/497 537/1911/497 401/1912/497
f 169/1913/498 437/1914/498 332/1915/498
f 507/1916/499 503/1917/499 386/1918/499 385/1919/499
f 437/1920/500 169/1921/500 168/1922/500
f 436/1923/501 641/1924/501 360/1925/501 333/1926/501
f 126/1927/502 333/1928/502 123/1929/502
f 364/1930/503 332/1931/503 437/1932/503 515/1933/503
f 436/1934/504 333/1935/504 126/1936/504
f 362/1937/505 203/1938/505 202/1939/505 210/1940/505
f 562/1941/506 642/1942/506 643/1943/506 487/1944/506
f 125/1945/507 124/1946/507 364/1947/507 515/1948/507
f 644/1949/508 645/1950/508 595/1951/508 447/1952/508
f 116/1953/509 115/1954/509 566/1955/509 619/1956/509
f 532/1957/510 534/1958/510 513/1959/510 463/1960/510
f 420/1961/511 646/1962/511 647/1963/511 417/1964/511
f 514/1965/512 385/1966/512 388/1967/512 648/1968/512
f 608/1969/513 535/1970/513 500/1971/513 499/1972/513
f 510/1973/514 514/1974/514 648/1975/514 607/1976/514
f 534/1977/515 533/1978/515 512/1979/515 513/1980/515
f 649/1981/516 393/1982/516 456/1983/516 650/1984/516
f 564/1985/517 484/1986/517 651/1987/517 489/1988/517
f 652/1989/518 653/1990/518 408/1991/518 654/1992/518
f 502/1993/519 541/1994/519 387/1995/519 386/1996/519
f 655/1997/520 397/1998/520 67/1999/520 111/2000/520
f 496/2001/521 495/2002/521 656/2003/521 657/2004/521
f 658/2005/522 659/2006/522 50/2007/522 630/2008/522
f 519/2009/523 518/2010/523 575/2011/523 574/2012/523
f 660/2013/524 661/2014/524 662/2015/524 663/2016/524
f 630/2017/525 629/2018/525 664/2019/525 658/2020/525
f 665/2021/526 666/2022/526 667/2023/526 668/2024/526
f 614/2025/527 613/2026/527 621/2027/527 669/2028/527
f 670/2029/528 671/2030/528 672/2031/528 673/2032/528
f 667/2033/529 666/2034/529 573/2035/529 572/2036/529
f 253/2037/530 250/2038/530 350/2039/530 235/2040/530
f 674/2041/531 675/2042/531 676/2043/531 677/2044/531
f 446/2045/532 592/2046/532 678/2047/532 679/2048/532
f 241/2049/533 240/2050/533 570/2051/533 680/2052/533
f 31/2053/534 30/2054/534 382/2055/534 389/2056/534
f 355/2057/535 354/2058/535 670/2059/535 673/2060/535
f 615/2061/536 665/2062/536 668/2063/536 616/2064/536
f 680/2065/537 570/2066/537 353/2067/537 352/2068/537
f 400/2069/538 610/2070/538 681/2071/538 399/2072/538
f 663/2073/539 662/2074/539 682/2075/539 683/2076/539
f 567/2077/540 585/2078/540 646/2079/540 420/2080/540
f 684/2081/541 653/2082/541 652/2083/541 685/2084/541
f 686/2085/542 455/2086/542 417/2087/542 647/2088/542
f 687/2089/543 688/2090/543 38/2091/543 37/2092/543
f 661/2093/544 660/2094/544 675/2095/544 674/2096/544
f 689/2097/545 645/2098/545 679/2099/545 690/2100/545
f 683/2101/546 682/2102/546 688/2103/546 687/2104/546
f 669/2105/547 621/2106/547 10/2107/547 9/2108/547
f 111/2109/548 45/2110/548 390/2111/548 655/2112/548
f 642/2113/549 562/2114/549 370/2115/549 369/2116/549
f 466/2117/550 523/2118/550 532/2119/550 463/2120/550
f 691/2121/551 654/2122/551 408/2123/551 51/2124/551
f 679/2125/552 644/2126/552 447/2127/552 446/2128/552
f 692/2129/553 404/2130/553 407/2131/553 693/2132/553
f 694/2133/554 695/2134/554 63/2135/554 693/2136/554
f 696/2137/555 571/2138/555 240/2139/555 239/2140/555
f 695/2141/556 693/2142/556 694/2143/556
f 424/2144/557 336/2145/557 416/2146/557 430/2147/557
f 693/2148/558 695/2149/558 63/2150/558
f 695/2151/559 64/2152/559 63/2153/559
f 406/2154/560 2/2155/560 697/2156/560 698/2157/560
f 699/2158/561 64/2159/561 695/2160/561
f 694/2161/562 693/2162/562 407/2163/562 700/2164/562
f 406/2165/563 698/2166/563 700/2167/563 407/2168/563
f 701/2169/564 573/2170/564 666/2171/564 702/2172/564
f 697/2173/565 702/2174/565 666/2175/565 665/2176/565
f 701/2177/566 699/2178/566 574/2179/566 573/2180/566
f 615/2181/567 618/2182/567 700/2183/567 698/2184/567
f 611/2185/568 47/2186/568 323/2187/568 538/2188/568
f 696/2189/569 703/2190/569 688/2191/569 682/2192/569
f 519/2193/570 695/2194/570 694/2195/570 516/2196/570
f 677/2197/571 704/2198/571 705/2199/571 674/2200/571
f 692/2201/572 693/2202/572 63/2203/572 62/2204/572
f 565/2205/573 579/2206/573 528/2207/573 527/2208/573
f 402/2209/574 23/2210/574 22/2211/574 706/2212/574
f 488/2213/575 707/2214/575 526/2215/575 525/2216/575
f 577/2217/576 600/2218/576 599/2219/576
f 678/2220/577 592/2221/577 593/2222/577 690/2223/577
f 600/2224/578 577/2225/578 576/2226/578
f 708/2227/579 639/2228/579 638/2229/579 709/2230/579
f 609/2231/580 324/2232/580 40/2233/580 603/2234/580
f 20/2235/581 19/2236/581 384/2237/581 383/2238/581
f 634/2239/582 636/2240/582 283/2241/582 632/2242/582
f 43/2243/583 25/2244/583 403/2245/583 604/2246/583
f 691/2247/584 51/2248/584 50/2249/584 659/2250/584
f 690/2251/585 710/2252/585 689/2253/585
f 690/2254/586 679/2255/586 678/2256/586
f 679/2257/587 645/2258/587 644/2259/587
f 645/2260/588 689/2261/588 711/2262/588
f 709/2263/589 638/2264/589 282/2265/589 712/2266/589
f 64/2267/590 582/2268/590 583/2269/590 65/2270/590
f 493/2271/591 524/2272/591 523/2273/591 466/2274/591
f 592/2275/592 690/2276/592 678/2277/592
f 539/2278/593 508/2279/593 512/2280/593 533/2281/593
f 690/2282/594 592/2283/594 593/2284/594
f 540/2285/595 506/2286/595 508/2287/595 539/2288/595
f 713/2289/596 545/2290/596 544/2291/596 606/2292/596
f 710/2293/597 588/2294/597 689/2295/597
f 689/2296/598 588/2297/598 587/2298/598
f 486/2299/599 530/2300/599 561/2301/599
f 561/2302/600 530/2303/600 563/2304/600
f 471/2305/601 470/2306/601 468/2307/601 467/2308/601
f 531/2309/602 486/2310/602 485/2311/602
f 530/2312/603 529/2313/603 714/2314/603
f 550/2315/604 527/2316/604 526/2317/604 439/2318/604
f 472/2319/605 471/2320/605 480/2321/605 564/2322/605
f 369/2323/606 555/2324/606 554/2325/606 642/2326/606
f 643/2327/607 553/2328/607 440/2329/607 707/2330/607
f 491/2331/608 715/2332/608 469/2333/608 468/2334/608
f 643/2335/609 642/2336/609 554/2337/609 553/2338/609
f 371/2339/610 530/2340/610 714/2341/610 579/2342/610
f 467/2343/611 469/2344/611 715/2345/611 479/2346/611
f 587/2347/612 689/2348/612 710/2349/612 588/2350/612
f 650/2351/613 456/2352/613 455/2353/613 686/2354/613
f 462/2355/614 602/2356/614 59/2357/614 58/2358/614
f 522/2359/615 539/2360/615 534/2361/615 523/2362/615
f 706/2363/616 22/2364/616 399/2365/616 681/2366/616
f 671/2367/617 580/2368/617 581/2369/617 672/2370/617
f 479/2371/618 716/2372/618 481/2373/618 480/2374/618
f 68/2375/619 398/2376/619 578/2377/619 443/2378/619
f 254/2379/620 461/2380/620 277/2381/620 255/2382/620
f 171/2383/621 165/2384/621 295/2385/621 181/2386/621
f 388/2387/622 387/2388/622 606/2389/622 605/2390/622
f 388/2391/623 605/2392/623 657/2393/623 648/2394/623
f 717/2395/624 608/2396/624 607/2397/624 656/2398/624
f 520/2399/625 713/2400/625 541/2401/625 536/2402/625
f 717/2403/626 521/2404/626 535/2405/626 608/2406/626
f 607/2407/627 648/2408/627 657/2409/627 656/2410/627
f 520/2411/628 536/2412/628 535/2413/628 521/2414/628
f 541/2415/629 713/2416/629 606/2417/629 387/2418/629
f 106/2419/630 331/2420/630 193/2421/630 334/2422/630
f 699/2423/631 701/2424/631 582/2425/631 64/2426/631
f 670/2427/632 453/2428/632 454/2429/632 671/2430/632
f 239/2431/633 580/2432/633 703/2433/633 696/2434/633
f 670/2435/634 354/2436/634 704/2437/634 453/2438/634
f 671/2439/635 454/2440/635 703/2441/635 580/2442/635
f 704/2443/636 354/2444/636 353/2445/636 705/2446/636
f 582/2447/637 701/2448/637 702/2449/637 1/2450/637
f 1/2451/638 702/2452/638 697/2453/638 2/2454/638
f 677/2455/639 35/2456/639 453/2457/639 704/2458/639
f 516/2459/640 694/2460/640 700/2461/640 618/2462/640
f 661/2463/641 569/2464/641 571/2465/641 662/2466/641
f 454/2467/642 38/2468/642 688/2469/642 703/2470/642
f 661/2471/643 674/2472/643 705/2473/643 569/2474/643
f 519/2475/644 574/2476/644 699/2477/644 695/2478/644
f 697/2479/645 665/2480/645 615/2481/645 698/2482/645
f 571/2483/646 696/2484/646 682/2485/646 662/2486/646
f 482/2487/647 498/2488/647 483/2489/647
f 522/2490/648 533/2491/648 532/2492/648 523/2493/648
f 498/2494/649 478/2495/649 432/2496/649
f 432/2497/650 478/2498/650 433/2499/650
f 478/2500/651 497/2501/651 475/2502/651
f 481/2503/652 716/2504/652 497/2505/652 482/2506/652
f 432/2507/653 435/2508/653 651/2509/653 498/2510/653
f 476/2511/654 475/2512/654 497/2513/654 716/2514/654
f 651/2515/655 484/2516/655 483/2517/655 498/2518/655
f 555/2519/656 369/2520/656 372/2521/656 551/2522/656
f 526/2523/657 707/2524/657 440/2525/657 439/2526/657
f 433/2527/658 478/2528/658 477/2529/658 434/2530/658
f 579/2531/659 714/2532/659 529/2533/659 528/2534/659
f 60/2535/660 117/2536/660 116/2537/660 619/2538/660
f 314/2539/661 338/2540/661 85/2541/661 84/2542/661
f 718/2543/662 684/2544/662 685/2545/662 719/2546/662
f 711/2547/663 596/2548/663 595/2549/663 645/2550/663
f 715/2551/664 491/2552/664 477/2553/664 476/2554/664
f 548/2555/665 496/2556/665 657/2557/665 605/2558/665
f 599/2559/666 577/2560/666 576/2561/666 600/2562/666
f 489/2563/667 651/2564/667 435/2565/667 490/2566/667
f 593/2567/668 588/2568/668 710/2569/668 690/2570/668
f 677/2571/669 676/2572/669 36/2573/669 35/2574/669
f 586/2575/670 394/2576/670 393/2577/670 649/2578/670
f 689/2579/671 587/2580/671 596/2581/671 711/2582/671
f 495/2583/672 542/2584/672 717/2585/672 656/2586/672
f 618/2587/673 617/2588/673 517/2589/673 516/2590/673
f 520/2591/674 449/2592/674 545/2593/674 713/2594/674
f 712/2595/675 282/2596/675 281/2597/675 601/2598/675
f 480/2599/676 481/2600/676 484/2601/676 564/2602/676
f 487/2603/677 643/2604/677 707/2605/677 488/2606/677
f 509/2607/678 512/2608/678 511/2609/678
f 512/2610/679 509/2611/679 513/2612/679
f 505/2613/680 493/2614/680 494/2615/680 504/2616/680
f 504/2617/681 494/2618/681 501/2619/681 502/2620/681
f 504/2621/682 503/2622/682 506/2623/682
f 504/2624/683 506/2625/683 505/2626/683
f 272/2627/684 271/2628/684 287/2629/684 331/2630/684
f 493/2631/685 504/2632/685 505/2633/685
f 504/2634/686 493/2635/686 494/2636/686
f 330/2637/687 29/2638/687 44/2639/687 328/2640/687
f 168/2641/688 167/2642/688 641/2643/688 436/2644/688
f 523/2645/689 534/2646/689 532/2647/689
f 183/2648/690 173/2649/690 182/2650/690 179/2651/690
f 534/2652/691 539/2653/691 533/2654/691
f 630/2655/692 50/2656/692 53/2657/692 627/2658/692
f 10/2659/693 626/2660/693 720/2661/693 11/2662/693
f 411/2663/694 410/2664/694 443/2665/694 380/2666/694
f 721/2667/695 684/2668/695 718/2669/695 722/2670/695
f 11/2671/696 720/2672/696 623/2673/696 27/2674/696
f 718/2675/697 629/2676/697 628/2677/697 722/2678/697
f 653/2679/698 723/2680/698 409/2681/698 408/2682/698
f 653/2683/699 684/2684/699 721/2685/699 723/2686/699
f 588/2687/700 710/2688/700 690/2689/700
f 629/2690/701 718/2691/701 719/2692/701 664/2693/701
f 690/2694/702 593/2695/702 588/2696/702
f 716/2697/703 479/2698/703 715/2699/703 476/2700/703
f 596/2701/704 689/2702/704 587/2703/704
f 596/2704/705 711/2705/705 689/2706/705
f 679/2707/706 592/2708/706 678/2709/706
f 595/2710/707 711/2711/707 596/2712/707
f 592/2713/708 679/2714/708 446/2715/708
f 595/2716/709 645/2717/709 711/2718/709
f 644/2719/710 446/2720/710 679/2721/710
f 447/2722/711 645/2723/711 595/2724/711
f 446/2725/712 644/2726/712 447/2727/712
f 645/2728/713 447/2729/713 644/2730/713
f 699/2731/714 64/2732/714 63/2733/714 695/2734/714
f 705/2735/715 353/2736/715 570/2737/715 569/2738/715
f 167/2739/716 436/2740/716 168/2741/716
f 436/2742/717 167/2743/717 641/2744/717
f 696/2745/718 580/2746/718 703/2747/718
f 580/2748/719 454/2749/719 703/2750/719
f 580/2751/720 696/2752/720 239/2753/720
f 454/2754/721 580/2755/721 671/2756/721
f 6/2757/722 5/2758/722 639/2759/722 708/2760/722
f 542/2761/723 450/2762/723 521/2763/723 717/2764/723