# Blender 5.2.0 LTS
# www.blender.org
mtllib void katana gop.mtl
o Plane.002
v -0.173839 -3.244828 -0.025095 0.2492 0.2492 0.2492
v -0.236902 -2.441083 -0.000001 0.2492 0.2492 0.2492
v -0.211889 -2.439465 -0.025094 0.2492 0.2492 0.2492
v -0.247102 -0.753280 0.000000 0.2492 0.2492 0.2492
v -0.342244 -0.626107 -0.025094 0.2492 0.2492 0.2492
v -0.319247 -0.615988 -0.000001 0.2492 0.2492 0.2492
v 0.325850 -0.650795 0.025093 0.2492 0.2492 0.2492
v 0.161580 -2.720714 -0.000001 0.2492 0.2492 0.2492
v 0.369855 -0.444972 -0.000001 0.2492 0.2492 0.2492
v 0.226226 -0.763617 0.000000 0.2492 0.2492 0.2492
v 0.330423 -0.637447 0.025093 0.2492 0.2492 0.2492
v 0.307553 -0.626868 0.000000 0.2492 0.2492 0.2492
v -0.194885 -3.330489 -0.000001 0.2492 0.2492 0.2492
v -0.173839 -3.244827 0.025093 0.2492 0.2492 0.2492
v -0.211889 -2.439464 0.025093 0.2492 0.2492 0.2492
v -0.342244 -0.626107 0.025093 0.2492 0.2492 0.2492
v 0.330423 -0.637447 -0.025094 0.2492 0.2492 0.2492
v 0.140854 -0.884087 0.025093 0.2492 0.2492 0.2492
v 0.116949 -0.872526 -0.000001 0.2492 0.2492 0.2492
v -0.031706 -2.173145 -0.000001 0.2492 0.2492 0.2492
v 0.325850 -0.650795 -0.025094 0.2492 0.2492 0.2492
v -0.153501 -0.885253 0.025093 0.2492 0.2492 0.2492
v -0.129190 -0.874289 -0.000001 0.2492 0.2492 0.2492
v -0.153501 -0.885253 -0.025094 0.2492 0.2492 0.2492
v 0.140854 -0.884087 -0.025094 0.2492 0.2492 0.2492
v -0.343558 -0.622451 -0.025095 0.2492 0.2492 0.2492
v -0.381750 -0.442186 -0.000001 0.2492 0.2492 0.2492
v -0.343558 -0.622451 0.025093 0.2492 0.2492 0.2492
v -0.036878 -2.439111 0.025093 0.2492 0.2492 0.2492
v 0.246155 -0.779141 0.025093 0.2492 0.2492 0.2492
v -0.036878 -2.439111 -0.025094 0.2492 0.2492 0.2492
v -0.267593 -0.768163 -0.025094 0.2492 0.2492 0.2492
v 0.137130 -2.712878 0.025093 0.2492 0.2492 0.2492
v 0.137130 -2.712878 -0.025095 0.2492 0.2492 0.2492
v -0.267593 -0.768163 0.025093 0.2492 0.2492 0.2492
v 0.246155 -0.779141 -0.025094 0.2492 0.2492 0.2492
v 0.173839 3.244828 -0.025095 0.2492 0.2492 0.2492
v 0.236902 2.441083 -0.000001 0.2492 0.2492 0.2492
v 0.211889 2.439465 -0.025094 0.2492 0.2492 0.2492
v 0.247102 0.753280 -0.000000 0.2492 0.2492 0.2492
v 0.342244 0.626107 -0.025094 0.2492 0.2492 0.2492
v 0.319247 0.615988 -0.000001 0.2492 0.2492 0.2492
v -0.325850 0.650795 0.025093 0.2492 0.2492 0.2492
v -0.161580 2.720714 -0.000001 0.2492 0.2492 0.2492
v -0.369855 0.444972 -0.000001 0.2492 0.2492 0.2492
v -0.226226 0.763617 -0.000000 0.2492 0.2492 0.2492
v -0.330423 0.637447 0.025093 0.2492 0.2492 0.2492
v -0.307553 0.626868 -0.000000 0.2492 0.2492 0.2492
v 0.194885 3.330489 -0.000001 0.2492 0.2492 0.2492
v 0.173839 3.244827 0.025093 0.2492 0.2492 0.2492
v 0.211889 2.439464 0.025093 0.2492 0.2492 0.2492
v 0.342244 0.626107 0.025093 0.2492 0.2492 0.2492
v -0.330423 0.637447 -0.025094 0.2492 0.2492 0.2492
v -0.140854 0.884087 0.025093 0.2492 0.2492 0.2492
v -0.116949 0.872526 -0.000001 0.2492 0.2492 0.2492
v 0.031706 2.173145 -0.000001 0.2492 0.2492 0.2492
v -0.325850 0.650795 -0.025094 0.2492 0.2492 0.2492
v 0.153501 0.885253 0.025093 0.2492 0.2492 0.2492
v 0.129190 0.874289 -0.000001 0.2492 0.2492 0.2492
v 0.153501 0.885253 -0.025094 0.2492 0.2492 0.2492
v -0.140854 0.884087 -0.025094 0.2492 0.2492 0.2492
v 0.343558 0.622451 -0.025095 0.2492 0.2492 0.2492
v 0.381750 0.442186 -0.000001 0.2492 0.2492 0.2492
v 0.343558 0.622451 0.025093 0.2492 0.2492 0.2492
v 0.036878 2.439111 0.025093 0.2492 0.2492 0.2492
v -0.246155 0.779141 0.025093 0.2492 0.2492 0.2492
v 0.036878 2.439111 -0.025094 0.2492 0.2492 0.2492
v 0.267593 0.768163 -0.025094 0.2492 0.2492 0.2492
v -0.137130 2.712878 0.025093 0.2492 0.2492 0.2492
v -0.137130 2.712878 -0.025095 0.2492 0.2492 0.2492
v 0.267593 0.768163 0.025093 0.2492 0.2492 0.2492
v -0.246155 0.779141 -0.025094 0.2492 0.2492 0.2492
v 0.092994 0.219884 -0.028798 0.2492 0.2492 0.2492
v 0.107236 0.245734 -0.000013 0.2492 0.2492 0.2492
v 0.121287 0.203197 0.000776 0.2492 0.2492 0.2492
v 0.114895 0.197412 -0.007612 0.2492 0.2492 0.2492
v 0.121890 0.189326 0.000898 0.2492 0.2492 0.2492
v 0.092776 0.220702 0.029502 0.2492 0.2492 0.2492
v 0.115008 0.197589 0.009077 0.2492 0.2492 0.2492
v 0.108593 0.191940 0.000856 0.2492 0.2492 0.2492
v 0.077413 0.194965 0.000664 0.2492 0.2492 0.2492
v 0.059657 0.239997 -0.041030 0.2492 0.2492 0.2492
v 0.022449 0.210326 0.000294 0.2492 0.2492 0.2492
v 0.027451 0.255748 -0.046928 0.2492 0.2492 0.2492
v 0.027254 0.257077 0.046079 0.2492 0.2492 0.2492
v 0.059386 0.241223 0.041085 0.2492 0.2492 0.2492
v 0.032171 0.303172 -0.001016 0.2492 0.2492 0.2492
v -0.020991 0.263019 -0.051751 0.2492 0.2492 0.2492
v -0.021474 0.315787 -0.001412 0.2492 0.2492 0.2492
v 0.066625 0.279500 -0.000577 0.2492 0.2492 0.2492
v -0.073922 0.296202 -0.001237 0.2492 0.2492 0.2492
v -0.066845 0.250787 -0.046371 0.2492 0.2492 0.2492
v -0.019084 0.212401 0.000072 0.2492 0.2492 0.2492
v -0.054149 0.208038 0.000121 0.2492 0.2492 0.2492
v -0.092584 0.226354 -0.031229 0.2492 0.2492 0.2492
v -0.079121 0.198864 0.000163 0.2492 0.2492 0.2492
v -0.114756 0.192288 0.000004 0.2492 0.2492 0.2492
v -0.106356 0.254752 -0.000746 0.2492 0.2492 0.2492
v -0.066988 0.252113 0.045190 0.2492 0.2492 0.2492
v -0.092617 0.227212 0.030485 0.2492 0.2492 0.2492
v -0.021432 0.264579 0.050556 0.2492 0.2492 0.2492
v -0.091340 -0.219908 -0.028798 0.2492 0.2492 0.2492
v -0.105582 -0.245758 -0.000013 0.2492 0.2492 0.2492
v -0.119633 -0.203222 0.000776 0.2492 0.2492 0.2492
v -0.113241 -0.197437 -0.007612 0.2492 0.2492 0.2492
v -0.120236 -0.189351 0.000899 0.2492 0.2492 0.2492
v -0.091122 -0.220727 0.029502 0.2492 0.2492 0.2492
v -0.113354 -0.197614 0.009077 0.2492 0.2492 0.2492
v -0.106939 -0.191964 0.000856 0.2492 0.2492 0.2492
v -0.075759 -0.194990 0.000664 0.2492 0.2492 0.2492
v -0.058003 -0.240021 -0.041030 0.2492 0.2492 0.2492
v -0.020796 -0.210350 0.000294 0.2492 0.2492 0.2492
v -0.025797 -0.255772 -0.046928 0.2492 0.2492 0.2492
v -0.025601 -0.257102 0.046079 0.2492 0.2492 0.2492
v -0.057732 -0.241248 0.041085 0.2492 0.2492 0.2492
v -0.030518 -0.303197 -0.001016 0.2492 0.2492 0.2492
v 0.022645 -0.263043 -0.051751 0.2492 0.2492 0.2492
v 0.023127 -0.315812 -0.001412 0.2492 0.2492 0.2492
v -0.064972 -0.279524 -0.000576 0.2492 0.2492 0.2492
v 0.075575 -0.296227 -0.001237 0.2492 0.2492 0.2492
v 0.068499 -0.250811 -0.046371 0.2492 0.2492 0.2492
v 0.020738 -0.212426 0.000072 0.2492 0.2492 0.2492
v 0.055802 -0.208063 0.000121 0.2492 0.2492 0.2492
v 0.094237 -0.226378 -0.031229 0.2492 0.2492 0.2492
v 0.080776 -0.198888 0.000164 0.2492 0.2492 0.2492
v 0.116410 -0.192313 0.000004 0.2492 0.2492 0.2492
v 0.108009 -0.254776 -0.000746 0.2492 0.2492 0.2492
v 0.068641 -0.252137 0.045190 0.2492 0.2492 0.2492
v 0.094271 -0.227237 0.030486 0.2492 0.2492 0.2492
v 0.023086 -0.264604 0.050556 0.2492 0.2492 0.2492
v 0.223775 0.159332 0.051321 0.2492 0.2492 0.2492
v 0.166814 0.168814 0.000070 0.2492 0.2492 0.2492
v 0.183759 0.128135 -0.000432 0.2492 0.2492 0.2492
v 0.189522 0.197135 0.036945 0.2492 0.2492 0.2492
v 0.156378 0.216307 0.000432 0.2492 0.2492 0.2492
v 0.166420 0.229214 0.017245 0.2492 0.2492 0.2492
v 0.145712 0.254268 0.000909 0.2492 0.2492 0.2492
v 0.224063 0.160182 -0.051193 0.2492 0.2492 0.2492
v 0.189681 0.198031 -0.036092 0.2492 0.2492 0.2492
v 0.166487 0.229577 -0.015760 0.2492 0.2492 0.2492
v 0.262505 0.107258 -0.050053 0.2492 0.2492 0.2492
v 0.223672 0.075757 -0.000854 0.2492 0.2492 0.2492
v 0.278450 0.071128 -0.042102 0.2492 0.2492 0.2492
v 0.243905 0.047753 -0.001021 0.2492 0.2492 0.2492
v 0.268331 0.029043 -0.001188 0.2492 0.2492 0.2492
v 0.288644 0.043204 -0.025511 0.2492 0.2492 0.2492
v 0.294691 0.011183 -0.001250 0.2492 0.2492 0.2492
v 0.301345 0.138080 -0.000000 0.2492 0.2492 0.2492
v 0.264256 0.191430 0.000494 0.2492 0.2492 0.2492
v 0.176558 0.242626 0.000741 0.2492 0.2492 0.2492
v 0.262197 0.106280 0.049412 0.2492 0.2492 0.2492
v 0.312743 0.093883 -0.000427 0.2492 0.2492 0.2492
v 0.278224 0.070307 0.040738 0.2492 0.2492 0.2492
v 0.309016 0.056752 -0.000699 0.2492 0.2492 0.2492
v 0.288591 0.042560 0.023668 0.2492 0.2492 0.2492
v 0.212152 0.226211 0.000667 0.2492 0.2492 0.2492
v -0.222121 -0.159357 0.051321 0.2492 0.2492 0.2492
v -0.165160 -0.168838 0.000070 0.2492 0.2492 0.2492
v -0.182106 -0.128160 -0.000432 0.2492 0.2492 0.2492
v -0.187868 -0.197160 0.036945 0.2492 0.2492 0.2492
v -0.154725 -0.216332 0.000432 0.2492 0.2492 0.2492
v -0.164766 -0.229238 0.017246 0.2492 0.2492 0.2492
v -0.144058 -0.254292 0.000909 0.2492 0.2492 0.2492
v -0.222410 -0.160207 -0.051193 0.2492 0.2492 0.2492
v -0.188028 -0.198056 -0.036092 0.2492 0.2492 0.2492
v -0.164833 -0.229602 -0.015760 0.2492 0.2492 0.2492
v -0.260851 -0.107283 -0.050053 0.2492 0.2492 0.2492
v -0.222019 -0.075781 -0.000854 0.2492 0.2492 0.2492
v -0.276797 -0.071152 -0.042101 0.2492 0.2492 0.2492
v -0.242250 -0.047778 -0.001021 0.2492 0.2492 0.2492
v -0.266678 -0.029068 -0.001188 0.2492 0.2492 0.2492
v -0.286989 -0.043229 -0.025511 0.2492 0.2492 0.2492
v -0.293038 -0.011208 -0.001250 0.2492 0.2492 0.2492
v -0.299691 -0.138105 0.000000 0.2492 0.2492 0.2492
v -0.262602 -0.191454 0.000495 0.2492 0.2492 0.2492
v -0.174905 -0.242651 0.000742 0.2492 0.2492 0.2492
v -0.260543 -0.106304 0.049412 0.2492 0.2492 0.2492
v -0.311088 -0.093907 -0.000427 0.2492 0.2492 0.2492
v -0.276570 -0.070332 0.040738 0.2492 0.2492 0.2492
v -0.307362 -0.056777 -0.000698 0.2492 0.2492 0.2492
v -0.286938 -0.042585 0.023668 0.2492 0.2492 0.2492
v -0.210499 -0.226236 0.000667 0.2492 0.2492 0.2492
v 0.152359 0.486299 0.085819 0.2492 0.2492 0.2492
v 0.098340 0.532630 0.163530 0.2492 0.2492 0.2492
v 0.088273 0.487470 0.146558 0.2492 0.2492 0.2492
v 0.175964 0.627684 -0.094992 0.2492 0.2492 0.2492
v 0.179507 0.673577 0.000001 0.2492 0.2492 0.2492
v 0.198889 0.628103 0.000844 0.2492 0.2492 0.2492
v -0.163310 0.489340 -0.008063 0.2492 0.2492 0.2492
v -0.159769 0.535237 0.086932 0.2492 0.2492 0.2492
v -0.182724 0.535042 -0.008819 0.2492 0.2492 0.2492
v 0.034060 1.170624 -0.037910 0.2492 0.2492 0.2492
v 0.013725 0.960161 -0.057578 0.2492 0.2492 0.2492
v 0.015357 1.170825 -0.043474 0.2492 0.2492 0.2492
v 0.205160 0.579215 0.001363 0.2492 0.2492 0.2492
v 0.170837 0.628863 0.095268 0.2492 0.2492 0.2492
v 0.176093 0.580089 0.099201 0.2492 0.2492 0.2492
v -0.138172 0.488747 -0.092680 0.2492 0.2492 0.2492
v -0.059592 0.449062 -0.125457 0.2492 0.2492 0.2492
v -0.111863 0.449955 -0.075922 0.2492 0.2492 0.2492
v -0.033582 0.960992 0.019541 0.2492 0.2492 0.2492
v -0.005463 1.171257 0.026409 0.2492 0.2492 0.2492
v -0.018848 1.171395 0.012308 0.2492 0.2492 0.2492
v 0.079414 0.447352 -0.121734 0.2492 0.2492 0.2492
v 0.009004 0.418908 -0.101383 0.2492 0.2492 0.2492
v 0.010385 0.448052 -0.142218 0.2492 0.2492 0.2492
v -0.037470 0.401196 -0.029774 0.2492 0.2492 0.2492
v -0.091985 0.420595 -0.005774 0.2492 0.2492 0.2492
v -0.077473 0.420052 -0.054630 0.2492 0.2492 0.2492
v 0.145689 0.447330 0.000523 0.2492 0.2492 0.2492
v 0.090306 0.418795 0.048320 0.2492 0.2492 0.2492
v 0.104789 0.418245 -0.000490 0.2492 0.2492 0.2492
v -0.132271 0.450516 -0.007018 0.2492 0.2492 0.2492
v -0.142764 0.489622 0.077763 0.2492 0.2492 0.2492
v 0.082644 0.711819 -0.123861 0.2492 0.2492 0.2492
v 0.086975 0.754714 -0.046875 0.2492 0.2492 0.2492
v 0.132395 0.711600 -0.071370 0.2492 0.2492 0.2492
v 0.051234 0.400300 -0.027548 0.2492 0.2492 0.2492
v 0.092837 0.418060 -0.049950 0.2492 0.2492 0.2492
v -0.140773 0.677719 0.076670 0.2492 0.2492 0.2492
v -0.063635 0.714787 0.114366 0.2492 0.2492 0.2492
v -0.113431 0.715021 0.061818 0.2492 0.2492 0.2492
v -0.023435 1.171382 -0.006740 0.2492 0.2492 0.2492
v 0.022495 1.796044 -0.008030 0.2492 0.2492 0.2492
v -0.017820 1.171252 -0.025579 0.2492 0.2492 0.2492
v -0.158748 0.632534 0.086431 0.2492 0.2492 0.2492
v -0.080048 0.677292 0.140687 0.2492 0.2492 0.2492
v -0.082036 0.630345 -0.171808 0.2492 0.2492 0.2492
v -0.136176 0.676626 -0.093857 0.2492 0.2492 0.2492
v -0.072116 0.675714 -0.154493 0.2492 0.2492 0.2492
v -0.181716 0.632360 -0.009350 0.2492 0.2492 0.2492
v 0.002480 0.533880 0.186497 0.2492 0.2492 0.2492
v 0.002499 0.488544 0.166937 0.2492 0.2492 0.2492
v 0.013303 0.712549 -0.144705 0.2492 0.2492 0.2492
v 0.013699 0.674313 -0.175036 0.2492 0.2492 0.2492
v 0.169840 0.531489 0.095801 0.2492 0.2492 0.2492
v 0.197909 0.530558 0.001284 0.2492 0.2492 0.2492
v 0.006136 0.394482 -0.003044 0.2492 0.2492 0.2492
v -0.018162 0.401008 -0.048176 0.2492 0.2492 0.2492
v 0.007509 0.400652 -0.054097 0.2492 0.2492 0.2492
v 0.098264 0.673705 -0.149836 0.2492 0.2492 0.2492
v 0.057378 0.400225 -0.001621 0.2492 0.2492 0.2492
v 0.067567 0.851207 -0.035816 0.2492 0.2492 0.2492
v 0.039604 0.959875 -0.049897 0.2492 0.2492 0.2492
v 0.058178 0.959754 -0.030243 0.2492 0.2492 0.2492
v -0.066028 0.450328 0.115170 0.2492 0.2492 0.2492
v 0.002979 0.449651 0.135673 0.2492 0.2492 0.2492
v -0.165215 0.584002 0.089812 0.2492 0.2492 0.2492
v 0.013420 0.580456 -0.201163 0.2492 0.2492 0.2492
v -0.083161 0.532942 -0.171044 0.2492 0.2492 0.2492
v -0.085838 0.581610 -0.177403 0.2492 0.2492 0.2492
v 0.032317 1.170848 0.027442 0.2492 0.2492 0.2492
v 0.046535 1.170640 0.013895 0.2492 0.2492 0.2492
v 0.128968 0.447183 -0.069541 0.2492 0.2492 0.2492
v 0.177521 0.485478 0.001085 0.2492 0.2492 0.2492
v 0.072998 0.448828 0.118975 0.2492 0.2492 0.2492
v 0.053299 0.419217 0.083475 0.2492 0.2492 0.2492
v 0.047493 1.170520 -0.023711 0.2492 0.2492 0.2492
v 0.075293 0.851261 -0.003460 0.2492 0.2492 0.2492
v 0.056859 0.959920 0.021750 0.2492 0.2492 0.2492
v 0.065875 0.851440 0.028333 0.2492 0.2492 0.2492
v -0.019542 0.852158 -0.061750 0.2492 0.2492 0.2492
v -0.032138 0.960746 -0.032866 0.2492 0.2492 0.2492
v -0.012471 0.960525 -0.051394 0.2492 0.2492 0.2492
v 0.158977 0.673276 -0.085826 0.2492 0.2492 0.2492
v 0.181405 0.578929 -0.097873 0.2492 0.2492 0.2492
v 0.174936 0.530352 -0.094475 0.2492 0.2492 0.2492
v 0.051642 0.755776 0.072064 0.2492 0.2492 0.2492
v 0.074118 0.799399 0.033861 0.2492 0.2492 0.2492
v 0.045997 0.799871 0.060605 0.2492 0.2492 0.2492
v 0.154385 0.674144 0.084628 0.2492 0.2492 0.2492
v 0.003627 0.420034 0.095426 0.2492 0.2492 0.2492
v -0.045103 0.420413 0.080734 0.2492 0.2492 0.2492
v 0.002788 0.582465 0.193109 0.2492 0.2492 0.2492
v 0.099357 0.629988 0.162989 0.2492 0.2492 0.2492
v 0.003507 0.631318 0.185955 0.2492 0.2492 0.2492
v 0.007501 0.756261 0.082524 0.2492 0.2492 0.2492
v 0.005726 0.714076 0.134967 0.2492 0.2492 0.2492
v -0.130274 0.714822 -0.008585 0.2492 0.2492 0.2492
v -0.064743 0.756406 -0.050853 0.2492 0.2492 0.2492
v -0.109621 0.714270 -0.078103 0.2492 0.2492 0.2492
v 0.096255 0.485625 -0.148729 0.2492 0.2492 0.2492
v -0.003571 1.171069 -0.039000 0.2492 0.2492 0.2492
v 0.102027 0.581268 0.169347 0.2492 0.2492 0.2492
v -0.040477 0.419539 -0.089589 0.2492 0.2492 0.2492
v -0.074114 0.487586 -0.153394 0.2492 0.2492 0.2492
v 0.012694 0.531617 -0.194015 0.2492 0.2492 0.2492
v 0.011649 0.486494 -0.173799 0.2492 0.2492 0.2492
v 0.055791 0.754918 -0.079803 0.2492 0.2492 0.2492
v 0.013735 0.629034 -0.194555 0.2492 0.2492 0.2492
v 0.032896 0.400371 -0.046538 0.2492 0.2492 0.2492
v 0.090320 0.675283 0.145368 0.2492 0.2492 0.2492
v 0.128692 0.712366 0.068346 0.2492 0.2492 0.2492
v 0.076102 0.713255 0.118194 0.2492 0.2492 0.2492
v 0.076092 0.799100 -0.040686 0.2492 0.2492 0.2492
v 0.097516 0.754865 -0.002675 0.2492 0.2492 0.2492
v -0.020660 0.401383 0.040639 0.2492 0.2492 0.2492
v -0.038903 0.401535 0.021362 0.2492 0.2492 0.2492
v 0.004811 0.401103 0.048200 0.2492 0.2492 0.2492
v 0.030643 0.400818 0.041952 0.2492 0.2492 0.2492
v 0.156957 0.485414 -0.084648 0.2492 0.2492 0.2492
v 0.004533 0.676420 0.165749 0.2492 0.2492 0.2492
v -0.067083 0.756884 0.036763 0.2492 0.2492 0.2492
v -0.057174 0.713356 -0.127665 0.2492 0.2492 0.2492
v 0.107160 0.530687 -0.165987 0.2492 0.2492 0.2492
v 0.111251 0.579568 -0.172082 0.2492 0.2492 0.2492
v -0.153657 0.631431 -0.103849 0.2492 0.2492 0.2492
v -0.159903 0.582836 -0.107253 0.2492 0.2492 0.2492
v 0.125222 0.447919 0.069404 0.2492 0.2492 0.2492
v 0.149233 0.711784 -0.000924 0.2492 0.2492 0.2492
v -0.082089 0.489422 0.141856 0.2492 0.2492 0.2492
v -0.115560 0.450725 0.062999 0.2492 0.2492 0.2492
v -0.080167 0.420689 0.043800 0.2492 0.2492 0.2492
v -0.053214 0.852721 -0.006928 0.2492 0.2492 0.2492
v -0.043722 0.852449 -0.038843 0.2492 0.2492 0.2492
v 0.084655 0.755182 0.040669 0.2492 0.2492 0.2492
v 0.010733 0.960581 0.046797 0.2492 0.2492 0.2492
v 0.013160 1.171092 0.031991 0.2492 0.2492 0.2492
v 0.049817 0.400562 0.023967 0.2492 0.2492 0.2492
v 0.009196 0.852214 0.059066 0.2492 0.2492 0.2492
v -0.015046 0.960756 0.039064 0.2492 0.2492 0.2492
v -0.022565 0.852517 0.049549 0.2492 0.2492 0.2492
v -0.095084 0.583597 0.164092 0.2492 0.2492 0.2492
v 0.012455 0.799669 -0.079719 0.2492 0.2492 0.2492
v -0.031783 0.755951 -0.082161 0.2492 0.2492 0.2492
v -0.025086 0.800207 -0.070770 0.2492 0.2492 0.2492
v -0.090966 0.632278 0.157918 0.2492 0.2492 0.2492
v -0.154648 0.534057 -0.103316 0.2492 0.2492 0.2492
v 0.049487 0.799304 -0.068784 0.2492 0.2492 0.2492
v 0.064473 0.959796 -0.004048 0.2492 0.2492 0.2492
v 0.052038 1.170537 -0.004765 0.2492 0.2492 0.2492
v -0.045443 0.852724 0.025506 0.2492 0.2492 0.2492
v 0.008334 0.800300 0.069532 0.2492 0.2492 0.2492
v 0.108144 0.628305 -0.166445 0.2492 0.2492 0.2492
v -0.077670 0.756839 -0.007419 0.2492 0.2492 0.2492
v 0.057756 0.418312 -0.086830 0.2492 0.2492 0.2492
v -0.055161 0.800882 0.030554 0.2492 0.2492 0.2492
v -0.064175 0.800889 -0.007117 0.2492 0.2492 0.2492
v 0.012284 0.755343 -0.092637 0.2492 0.2492 0.2492
v -0.039918 0.960951 -0.006777 0.2492 0.2492 0.2492
v -0.091979 0.534823 0.158456 0.2492 0.2492 0.2492
v -0.045126 0.401540 -0.004209 0.2492 0.2492 0.2492
v -0.188966 0.583714 -0.009422 0.2492 0.2492 0.2492
v -0.161317 0.677458 -0.009168 0.2492 0.2492 0.2492
v 0.037171 0.960224 0.040536 0.2492 0.2492 0.2492
v 0.012771 0.851709 -0.069447 0.2492 0.2492 0.2492
v 0.041658 0.851829 0.051374 0.2492 0.2492 0.2492
v 0.044656 0.851381 -0.060021 0.2492 0.2492 0.2492
v -0.028576 0.800680 0.058472 0.2492 0.2492 0.2492
v 0.085065 0.799180 -0.003077 0.2492 0.2492 0.2492
v -0.053171 0.800551 -0.044135 0.2492 0.2492 0.2492
v -0.035857 0.756717 0.069540 0.2492 0.2492 0.2492
v 0.137749 -0.490637 -0.085819 0.2492 0.2492 0.2492
v 0.082370 -0.535333 -0.163530 0.2492 0.2492 0.2492
v 0.073659 -0.489892 -0.146558 0.2492 0.2492 0.2492
v 0.157116 -0.632663 0.094992 0.2492 0.2492 0.2492
v 0.159285 -0.678642 -0.000001 0.2492 0.2492 0.2492
v 0.180018 -0.633769 -0.000843 0.2492 0.2492 0.2492
v -0.177869 -0.484238 0.008064 0.2492 0.2492 0.2492
v -0.175702 -0.530220 -0.086932 0.2492 0.2492 0.2492
v -0.198641 -0.529338 0.008819 0.2492 0.2492 0.2492
v -0.000822 -1.171121 0.037910 0.2492 0.2492 0.2492
v -0.014994 -0.960141 0.057578 0.2492 0.2492 0.2492
v -0.019528 -1.170763 0.043474 0.2492 0.2492 0.2492
v 0.187749 -0.585090 -0.001362 0.2492 0.2492 0.2492
v 0.151957 -0.633690 -0.095268 0.2492 0.2492 0.2492
v 0.158668 -0.585098 -0.099201 0.2492 0.2492 0.2492
v -0.152725 -0.484397 0.092678 0.2492 0.2492 0.2492
v -0.072995 -0.447079 0.125457 0.2492 0.2492 0.2492
v -0.125269 -0.446409 0.075922 0.2492 0.2492 0.2492
v -0.062302 -0.959559 -0.019540 0.2492 0.2492 0.2492
v -0.040341 -1.170569 -0.026413 0.2492 0.2492 0.2492
v -0.053735 -1.170305 -0.012299 0.2492 0.2492 0.2492
v 0.066003 -0.449526 0.121734 0.2492 0.2492 0.2492
v -0.003527 -0.418991 0.101383 0.2492 0.2492 0.2492
v -0.003017 -0.448163 0.142218 0.2492 0.2492 0.2492
v -0.049451 -0.399896 0.029774 0.2492 0.2492 0.2492
v -0.104521 -0.417656 0.005774 0.2492 0.2492 0.2492
v -0.089998 -0.417547 0.054629 0.2492 0.2492 0.2492
v 0.132248 -0.451487 -0.000524 0.2492 0.2492 0.2492
v 0.077743 -0.421309 -0.048320 0.2492 0.2492 0.2492
v 0.092237 -0.421190 0.000490 0.2492 0.2492 0.2492
v -0.145685 -0.446360 0.007018 0.2492 0.2492 0.2492
v -0.157341 -0.485132 -0.077764 0.2492 0.2492 0.2492
v 0.061321 -0.713973 0.123861 0.2492 0.2492 0.2492
v 0.064368 -0.756977 0.046875 0.2492 0.2492 0.2492
v 0.111058 -0.715240 0.071370 0.2492 0.2492 0.2492
v 0.039240 -0.401653 0.027549 0.2492 0.2492 0.2492
v 0.080293 -0.420649 0.049950 0.2492 0.2492 0.2492
v -0.160976 -0.673206 -0.076670 0.2492 0.2492 0.2492
v -0.084981 -0.712564 -0.114366 0.2492 0.2492 0.2492
v -0.134761 -0.711309 -0.061818 0.2492 0.2492 0.2492
v -0.058313 -1.170153 0.006744 0.2492 0.2492 0.2492
v -0.031170 -1.795915 0.007772 0.2492 0.2492 0.2492
v -0.052703 -1.170193 0.025570 0.2492 0.2492 0.2492
v -0.177591 -0.627505 -0.086431 0.2492 0.2492 0.2492
v -0.100264 -0.674596 -0.140687 0.2492 0.2492 0.2492
v -0.100846 -0.627609 0.171808 0.2492 0.2492 0.2492
v -0.156348 -0.672250 0.093857 0.2492 0.2492 0.2492
v -0.092290 -0.673255 0.154493 0.2492 0.2492 0.2492
v -0.200543 -0.626645 0.009350 0.2492 0.2492 0.2492
v -0.013486 -0.533715 -0.186497 0.2492 0.2492 0.2492
v -0.012110 -0.488399 -0.166936 0.2492 0.2492 0.2492
v -0.008009 -0.712627 0.144706 0.2492 0.2492 0.2492
v -0.006470 -0.674420 0.175036 0.2492 0.2492 0.2492
v 0.153873 -0.536330 -0.095803 0.2492 0.2492 0.2492
v 0.181955 -0.536236 -0.001285 0.2492 0.2492 0.2492
v -0.005662 -0.394488 0.003042 0.2492 0.2492 0.2492
v -0.030144 -0.400285 0.048176 0.2492 0.2492 0.2492
v -0.004474 -0.400698 0.054097 0.2492 0.2492 0.2492
v 0.078075 -0.676342 0.149836 0.2492 0.2492 0.2492
v 0.045383 -0.401761 0.001620 0.2492 0.2492 0.2492
v 0.042083 -0.852847 0.035817 0.2492 0.2492 0.2492
v 0.010886 -0.960631 0.049896 0.2492 0.2492 0.2492
v 0.029453 -0.961062 0.030243 0.2492 0.2492 0.2492
v -0.079462 -0.448152 -0.115170 0.2492 0.2492 0.2492
v -0.010469 -0.449538 -0.135672 0.2492 0.2492 0.2492
v -0.182604 -0.578800 -0.089812 0.2492 0.2492 0.2492
v -0.003943 -0.580598 0.201163 0.2492 0.2492 0.2492
v -0.099060 -0.530214 0.171044 0.2492 0.2492 0.2492
v -0.103192 -0.578784 0.177403 0.2492 0.2492 0.2492
v -0.002578 -1.171294 -0.027445 0.2492 0.2492 0.2492
v 0.011646 -1.171514 -0.013897 0.2492 0.2492 0.2492
v 0.115538 -0.450839 0.069541 0.2492 0.2492 0.2492
v 0.162926 -0.490570 -0.001085 0.2492 0.2492 0.2492
v 0.059544 -0.450809 -0.118975 0.2492 0.2492 0.2492
v 0.040738 -0.420623 -0.083475 0.2492 0.2492 0.2492
v 0.012607 -1.171422 0.023710 0.2492 0.2492 0.2492
v 0.049806 -0.853133 0.003459 0.2492 0.2492 0.2492
v 0.028131 -0.961192 -0.021749 0.2492 0.2492 0.2492
v 0.040385 -0.853029 -0.028333 0.2492 0.2492 0.2492
v -0.045014 -0.851193 0.061751 0.2492 0.2492 0.2492
v -0.060854 -0.959356 0.032861 0.2492 0.2492 0.2492
v -0.041192 -0.959722 0.051392 0.2492 0.2492 0.2492
v 0.138774 -0.677730 0.085824 0.2492 0.2492 0.2492
v 0.164013 -0.584095 0.097873 0.2492 0.2492 0.2492
v 0.159001 -0.535345 0.094474 0.2492 0.2492 0.2492
v 0.029021 -0.756981 -0.072064 0.2492 0.2492 0.2492
v 0.050182 -0.801258 -0.033862 0.2492 0.2492 0.2492
v 0.022058 -0.800889 -0.060605 0.2492 0.2492 0.2492
v 0.134158 -0.678459 -0.084628 0.2492 0.2492 0.2492
v -0.008934 -0.419955 -0.095426 0.2492 0.2492 0.2492
v -0.057652 -0.418877 -0.080734 0.2492 0.2492 0.2492
v -0.014630 -0.582288 -0.193109 0.2492 0.2492 0.2492
v 0.080474 -0.632678 -0.162989 0.2492 0.2492 0.2492
v -0.015372 -0.631140 -0.185955 0.2492 0.2492 0.2492
v -0.015116 -0.756149 -0.082524 0.2492 0.2492 0.2492
v -0.015628 -0.713927 -0.134969 0.2492 0.2492 0.2492
v -0.151589 -0.710608 0.008585 0.2492 0.2492 0.2492
v -0.087331 -0.754132 0.050852 0.2492 0.2492 0.2492
v -0.130930 -0.710672 0.078103 0.2492 0.2492 0.2492
v 0.081690 -0.488286 0.148729 0.2492 0.2492 0.2492
v -0.038457 -1.170438 0.038996 0.2492 0.2492 0.2492
v 0.084599 -0.584060 -0.169347 0.2492 0.2492 0.2492
v -0.053004 -0.418140 0.089589 0.2492 0.2492 0.2492
v -0.088661 -0.485152 0.153394 0.2492 0.2492 0.2492
v -0.003209 -0.531758 0.194013 0.2492 0.2492 0.2492
v -0.002905 -0.486626 0.173800 0.2492 0.2492 0.2492
v 0.033192 -0.756249 0.079803 0.2492 0.2492 0.2492
v -0.005081 -0.629166 0.194555 0.2492 0.2492 0.2492
v 0.020909 -0.401176 0.046537 0.2492 0.2492 0.2492
v 0.070087 -0.677682 -0.145368 0.2492 0.2492 0.2492
v 0.107333 -0.715894 -0.068347 0.2492 0.2492 0.2492
v 0.054739 -0.715212 -0.118194 0.2492 0.2492 0.2492
v 0.052164 -0.801018 0.040687 0.2492 0.2492 0.2492
v 0.074900 -0.757443 0.002674 0.2492 0.2492 0.2492
v -0.032656 -0.400587 -0.040639 0.2492 0.2492 0.2492
v -0.050891 -0.400193 -0.021363 0.2492 0.2492 0.2492
v -0.007186 -0.401067 -0.048201 0.2492 0.2492 0.2492
v 0.018646 -0.401554 -0.041952 0.2492 0.2492 0.2492
v 0.142372 -0.489889 0.084647 0.2492 0.2492 0.2492
v -0.015695 -0.676252 -0.165749 0.2492 0.2492 0.2492
v -0.089684 -0.754538 -0.036763 0.2492 0.2492 0.2492
v -0.078480 -0.711327 0.127665 0.2492 0.2492 0.2492
v 0.091242 -0.533653 0.165987 0.2492 0.2492 0.2492
v 0.093870 -0.582636 0.172082 0.2492 0.2492 0.2492
v -0.172470 -0.626553 0.103849 0.2492 0.2492 0.2492
v -0.177259 -0.577793 0.107253 0.2492 0.2492 0.2492
v 0.111772 -0.451463 -0.069403 0.2492 0.2492 0.2492
v 0.127882 -0.715926 0.000924 0.2492 0.2492 0.2492
v -0.096687 -0.486749 -0.141856 0.2492 0.2492 0.2492
v -0.128985 -0.447069 -0.062999 0.2492 0.2492 0.2492
v -0.092713 -0.418105 -0.043800 0.2492 0.2492 0.2492
v -0.078689 -0.850748 0.006927 0.2492 0.2492 0.2492
v -0.069193 -0.850762 0.038843 0.2492 0.2492 0.2492
v 0.062035 -0.757374 -0.040669 0.2492 0.2492 0.2492
v -0.017995 -0.960472 -0.046797 0.2492 0.2492 0.2492
v -0.021723 -1.170962 -0.031991 0.2492 0.2492 0.2492
v 0.037816 -0.401873 -0.023967 0.2492 0.2492 0.2492
v -0.016293 -0.852108 -0.059065 0.2492 0.2492 0.2492
v -0.043770 -0.959876 -0.039063 0.2492 0.2492 0.2492
v -0.048046 -0.851462 -0.049550 0.2492 0.2492 0.2492
v -0.112493 -0.580492 -0.164092 0.2492 0.2492 0.2492
v -0.011461 -0.799685 0.079719 0.2492 0.2492 0.2492
v -0.054373 -0.754662 0.082160 0.2492 0.2492 0.2492
v -0.049004 -0.799098 0.070770 0.2492 0.2492 0.2492
v -0.109833 -0.629275 -0.157918 0.2492 0.2492 0.2492
v -0.170548 -0.529193 0.103316 0.2492 0.2492 0.2492
v 0.025561 -0.800426 0.068785 0.2492 0.2492 0.2492
v 0.035744 -0.961295 0.004050 0.2492 0.2492 0.2492
v 0.017150 -1.171575 0.004771 0.2492 0.2492 0.2492
v -0.070920 -0.850984 -0.025509 0.2492 0.2492 0.2492
v -0.015603 -0.800191 -0.069532 0.2492 0.2492 0.2492
v 0.089308 -0.631258 0.166445 0.2492 0.2492 0.2492
v -0.100265 -0.754178 0.007419 0.2492 0.2492 0.2492
v 0.045221 -0.419853 0.086830 0.2492 0.2492 0.2492
v -0.079084 -0.798873 -0.030555 0.2492 0.2492 0.2492
v -0.088095 -0.798610 0.007117 0.2492 0.2492 0.2492
v -0.010309 -0.755372 0.092637 0.2492 0.2492 0.2492
v -0.068635 -0.959328 0.006777 0.2492 0.2492 0.2492
v -0.107931 -0.531835 -0.158456 0.2492 0.2492 0.2492
v -0.057113 -0.400011 0.004208 0.2492 0.2492 0.2492
v -0.206336 -0.577802 0.009422 0.2492 0.2492 0.2492
v -0.181503 -0.672330 0.009168 0.2492 0.2492 0.2492
v 0.008442 -0.960905 -0.040536 0.2492 0.2492 0.2492
v -0.012701 -0.851709 0.069446 0.2492 0.2492 0.2492
v 0.016167 -0.852693 -0.051375 0.2492 0.2492 0.2492
v 0.019180 -0.852334 0.060020 0.2492 0.2492 0.2492
v -0.052505 -0.799466 -0.058472 0.2492 0.2492 0.2492
v 0.061130 -0.801366 0.003075 0.2492 0.2492 0.2492
v -0.077084 -0.798602 0.044135 0.2492 0.2492 0.2492
v -0.058468 -0.755306 -0.069540 0.2492 0.2492 0.2492
v -0.126077 0.002222 -0.069449 0.2492 0.2492 0.2492
v -0.138299 -0.012088 -0.037786 0.2492 0.2492 0.2492
v -0.138333 0.002456 -0.039468 0.2492 0.2492 0.2492
v 0.040050 -0.000786 -0.139419 0.2492 0.2492 0.2492
v 0.070104 -0.027452 -0.124229 0.2492 0.2492 0.2492
v 0.040122 -0.030888 -0.135940 0.2492 0.2492 0.2492
v -0.143621 0.002568 -0.007498 0.2492 0.2492 0.2492
v -0.143603 -0.004929 -0.006633 0.2492 0.2492 0.2492
v 0.008192 -0.032781 -0.140856 0.2492 0.2492 0.2492
v 0.008112 -0.000217 -0.144622 0.2492 0.2492 0.2492
v -0.141616 0.002547 0.025145 0.2492 0.2492 0.2492
v -0.024101 -0.033036 -0.138738 0.2492 0.2492 0.2492
v -0.024181 0.000363 -0.142598 0.2492 0.2492 0.2492
v -0.055219 0.000922 -0.133453 0.2492 0.2492 0.2492
v -0.055140 -0.031643 -0.129689 0.2492 0.2492 0.2492
v 0.134256 -0.002428 -0.056503 0.2492 0.2492 0.2492
v 0.143535 -0.002576 -0.025145 0.2492 0.2492 0.2492
v 0.134273 -0.009922 -0.055638 0.2492 0.2492 0.2492
v -0.083451 0.001435 -0.117640 0.2492 0.2492 0.2492
v -0.083379 -0.028668 -0.114159 0.2492 0.2492 0.2492
v 0.118390 -0.016702 -0.083054 0.2492 0.2492 0.2492
v 0.118354 -0.002158 -0.084736 0.2492 0.2492 0.2492
v -0.107409 -0.024263 -0.092924 0.2492 0.2492 0.2492
v -0.107472 0.001876 -0.095945 0.2492 0.2492 0.2492
v 0.096636 -0.022644 -0.106303 0.2492 0.2492 0.2492
v 0.096585 -0.001779 -0.108715 0.2492 0.2492 0.2492
v -0.126026 -0.018642 -0.067037 0.2492 0.2492 0.2492
v 0.070040 -0.001315 -0.127251 0.2492 0.2492 0.2492
v -0.143280 -0.012026 -0.004089 0.2492 0.2492 0.2492
v 0.009587 -0.063607 -0.129800 0.2492 0.2492 0.2492
v -0.022668 -0.064652 -0.127397 0.2492 0.2492 0.2492
v -0.053742 -0.062471 -0.118632 0.2492 0.2492 0.2492
v 0.134595 -0.017015 -0.053094 0.2492 0.2492 0.2492
v -0.082089 -0.057165 -0.103939 0.2492 0.2492 0.2492
v 0.119013 -0.030471 -0.078116 0.2492 0.2492 0.2492
v -0.106287 -0.049005 -0.084049 0.2492 0.2492 0.2492
v 0.097530 -0.042395 -0.099219 0.2492 0.2492 0.2492
v -0.125132 -0.038394 -0.059952 0.2492 0.2492 0.2492
v 0.071224 -0.052195 -0.115355 0.2492 0.2492 0.2492
v -0.137675 -0.025859 -0.032846 0.2492 0.2492 0.2492
v 0.041414 -0.059385 -0.125718 0.2492 0.2492 0.2492
v 0.043852 -0.084742 -0.109307 0.2492 0.2492 0.2492
v 0.012224 -0.091038 -0.112047 0.2492 0.2492 0.2492
v -0.142674 -0.018336 -0.000002 0.2492 0.2492 0.2492
v -0.019964 -0.092787 -0.109190 0.2492 0.2492 0.2492
v -0.051105 -0.089899 -0.100878 0.2492 0.2492 0.2492
v 0.135203 -0.023331 -0.049007 0.2492 0.2492 0.2492
v -0.079649 -0.082524 -0.087526 0.2492 0.2492 0.2492
v 0.120191 -0.042722 -0.070187 0.2492 0.2492 0.2492
v -0.104171 -0.071022 -0.069800 0.2492 0.2492 0.2492
v 0.099221 -0.059969 -0.087845 0.2492 0.2492 0.2492
v -0.123443 -0.055967 -0.048577 0.2492 0.2492 0.2492
v 0.073342 -0.074214 -0.101103 0.2492 0.2492 0.2492
v -0.136496 -0.038110 -0.024918 0.2492 0.2492 0.2492
v -0.141814 -0.023527 0.005406 0.2492 0.2492 0.2492
v -0.016131 -0.115918 -0.085094 0.2492 0.2492 0.2492
v -0.047367 -0.112453 -0.077386 0.2492 0.2492 0.2492
v 0.136063 -0.028522 -0.043597 0.2492 0.2492 0.2492
v -0.076194 -0.103373 -0.065809 0.2492 0.2492 0.2492
v 0.121862 -0.052796 -0.059694 0.2492 0.2492 0.2492
v -0.101171 -0.089126 -0.050941 0.2492 0.2492 0.2492
v 0.101615 -0.074420 -0.072793 0.2492 0.2492 0.2492
v -0.121047 -0.070419 -0.033525 0.2492 0.2492 0.2492
v 0.076341 -0.092315 -0.082247 0.2492 0.2492 0.2492
v -0.134828 -0.048183 -0.014424 0.2492 0.2492 0.2492
v 0.047307 -0.105592 -0.087590 0.2492 0.2492 0.2492
v 0.015960 -0.113592 -0.088552 0.2492 0.2492 0.2492
v -0.011375 -0.132800 -0.056412 0.2492 0.2492 0.2492
v -0.042732 -0.128915 -0.049419 0.2492 0.2492 0.2492
v 0.137130 -0.032308 -0.037163 0.2492 0.2492 0.2492
v -0.071909 -0.118592 -0.039957 0.2492 0.2492 0.2492
v 0.123933 -0.060149 -0.047201 0.2492 0.2492 0.2492
v -0.097450 -0.102338 -0.028494 0.2492 0.2492 0.2492
v 0.104584 -0.084968 -0.054875 0.2492 0.2492 0.2492
v -0.118077 -0.080967 -0.015607 0.2492 0.2492 0.2492
v 0.080063 -0.105528 -0.059801 0.2492 0.2492 0.2492
v -0.132756 -0.055537 -0.001932 0.2492 0.2492 0.2492
v 0.051593 -0.120809 -0.061737 0.2492 0.2492 0.2492
v -0.140747 -0.027317 0.011844 0.2492 0.2492 0.2492
v 0.020598 -0.130053 -0.060588 0.2492 0.2492 0.2492
v -0.037447 -0.138397 -0.018488 0.2492 0.2492 0.2492
v 0.138346 -0.034495 -0.030043 0.2492 0.2492 0.2492
v -0.067024 -0.127356 -0.011363 0.2492 0.2492 0.2492
v 0.126292 -0.064385 -0.033385 0.2492 0.2492 0.2492
v -0.093207 -0.109949 -0.003666 0.2492 0.2492 0.2492
v 0.107970 -0.091043 -0.035055 0.2492 0.2492 0.2492
v -0.114691 -0.087040 0.004212 0.2492 0.2492 0.2492
v 0.084305 -0.113136 -0.034973 0.2492 0.2492 0.2492
v -0.130396 -0.059770 0.011884 0.2492 0.2492 0.2492
v 0.056479 -0.129575 -0.033142 0.2492 0.2492 0.2492
v -0.139530 -0.029501 0.018962 0.2492 0.2492 0.2492
v 0.025882 -0.139535 -0.029657 0.2492 0.2492 0.2492
v -0.005956 -0.142525 -0.024687 0.2492 0.2492 0.2492
v 0.139647 -0.034950 -0.022623 0.2492 0.2492 0.2492
v -0.061804 -0.129195 0.018430 0.2492 0.2492 0.2492
v 0.128814 -0.065274 -0.018991 0.2492 0.2492 0.2492
v -0.088674 -0.111545 0.022201 0.2492 0.2492 0.2492
v 0.111590 -0.092316 -0.014409 0.2492 0.2492 0.2492
v -0.111072 -0.088317 0.024860 0.2492 0.2492 0.2492
v 0.088838 -0.114736 -0.009107 0.2492 0.2492 0.2492
v -0.127873 -0.060659 0.026278 0.2492 0.2492 0.2492
v 0.061700 -0.131414 -0.003350 0.2492 0.2492 0.2492
v -0.138230 -0.029957 0.026379 0.2492 0.2492 0.2492
v 0.031529 -0.141526 0.002573 0.2492 0.2492 0.2492
v -0.000164 -0.144566 0.008366 0.2492 0.2492 0.2492
v -0.031799 -0.140388 0.013741 0.2492 0.2492 0.2492
v -0.056529 -0.124012 0.047816 0.2492 0.2492 0.2492
v 0.131364 -0.062769 -0.004793 0.2492 0.2492 0.2492
v -0.084094 -0.107046 0.047714 0.2492 0.2492 0.2492
v 0.115247 -0.088725 0.005959 0.2492 0.2492 0.2492
v -0.107416 -0.084723 0.045228 0.2492 0.2492 0.2492
v 0.093419 -0.110234 0.016412 0.2492 0.2492 0.2492
v -0.125324 -0.058155 0.040476 0.2492 0.2492 0.2492
v 0.066976 -0.126232 0.026037 0.2492 0.2492 0.2492
v -0.136917 -0.028668 0.033695 0.2492 0.2492 0.2492
v 0.037236 -0.135918 0.034362 0.2492 0.2492 0.2492
v 0.005690 -0.138815 0.040969 0.2492 0.2492 0.2492
v -0.026093 -0.134781 0.045530 0.2492 0.2492 0.2492
v 0.140959 -0.033661 -0.015307 0.2492 0.2492 0.2492
v 0.133802 -0.057005 0.008444 0.2492 0.2492 0.2492
v -0.051481 -0.112084 0.075214 0.2492 0.2492 0.2492
v -0.079714 -0.096688 0.071501 0.2492 0.2492 0.2492
v 0.118744 -0.080455 0.024949 0.2492 0.2492 0.2492
v -0.103919 -0.076456 0.064214 0.2492 0.2492 0.2492
v 0.097800 -0.099878 0.040197 0.2492 0.2492 0.2492
v -0.122885 -0.052393 0.053715 0.2492 0.2492 0.2492
v 0.072020 -0.114302 0.053435 0.2492 0.2492 0.2492
v -0.135661 -0.025698 0.040517 0.2492 0.2492 0.2492
v 0.042696 -0.123014 0.063998 0.2492 0.2492 0.2492
v 0.011288 -0.125583 0.071364 0.2492 0.2492 0.2492
v -0.020633 -0.121876 0.075166 0.2492 0.2492 0.2492
v 0.142216 -0.030690 -0.008488 0.2492 0.2492 0.2492
v -0.046937 -0.094053 0.099143 0.2492 0.2492 0.2492
v -0.075767 -0.081034 0.092278 0.2492 0.2492 0.2492
v 0.121892 -0.067960 0.041531 0.2492 0.2492 0.2492
v -0.100772 -0.063958 0.080800 0.2492 0.2492 0.2492
v 0.101745 -0.084224 0.060972 0.2492 0.2492 0.2492
v -0.120690 -0.043680 0.065275 0.2492 0.2492 0.2492
v 0.076565 -0.096274 0.077361 0.2492 0.2492 0.2492
v -0.134529 -0.021210 0.046476 0.2492 0.2492 0.2492
v 0.047611 -0.103512 0.089882 0.2492 0.2492 0.2492
v 0.016330 -0.105578 0.097912 0.2492 0.2492 0.2492
v -0.015720 -0.102373 0.101051 0.2492 0.2492 0.2492
v 0.143347 -0.026202 -0.002531 0.2492 0.2492 0.2492
v 0.135997 -0.048296 0.020007 0.2492 0.2492 0.2492
v -0.098138 -0.047907 0.094086 0.2492 0.2492 0.2492
v 0.105043 -0.064114 0.077618 0.2492 0.2492 0.2492
v -0.118855 -0.032492 0.074537 0.2492 0.2492 0.2492
v 0.080361 -0.073115 0.096533 0.2492 0.2492 0.2492
v -0.133584 -0.015440 0.051251 0.2492 0.2492 0.2492
v 0.051716 -0.078458 0.110620 0.2492 0.2492 0.2492
v 0.020542 -0.079883 0.119181 0.2492 0.2492 0.2492
v -0.011611 -0.077319 0.121788 0.2492 0.2492 0.2492
v 0.144293 -0.020436 0.002242 0.2492 0.2492 0.2492
v -0.043140 -0.070894 0.118312 0.2492 0.2492 0.2492
v 0.137832 -0.037104 0.029269 0.2492 0.2492 0.2492
v -0.072470 -0.060926 0.108923 0.2492 0.2492 0.2492
v 0.124524 -0.051911 0.054818 0.2492 0.2492 0.2492
v 0.126497 -0.033170 0.064091 0.2492 0.2492 0.2492
v 0.107513 -0.040636 0.089235 0.2492 0.2492 0.2492
v -0.096166 -0.029166 0.103359 0.2492 0.2492 0.2492
v -0.117482 -0.019426 0.081000 0.2492 0.2492 0.2492
v 0.083208 -0.046073 0.109912 0.2492 0.2492 0.2492
v -0.132874 -0.008707 0.054581 0.2492 0.2492 0.2492
v 0.054795 -0.049209 0.125093 0.2492 0.2492 0.2492
v 0.023699 -0.049883 0.134024 0.2492 0.2492 0.2492
v -0.008532 -0.048069 0.136261 0.2492 0.2492 0.2492
v 0.145002 -0.013701 0.005576 0.2492 0.2492 0.2492
v -0.040296 -0.043853 0.131692 0.2492 0.2492 0.2492
v 0.139207 -0.024041 0.035733 0.2492 0.2492 0.2492
v -0.070001 -0.037447 0.120540 0.2492 0.2492 0.2492
v -0.094960 -0.008747 0.108118 0.2492 0.2492 0.2492
v -0.116641 -0.005191 0.084319 0.2492 0.2492 0.2492
v 0.084948 -0.016610 0.116778 0.2492 0.2492 0.2492
v -0.132441 -0.001375 0.056291 0.2492 0.2492 0.2492
v 0.056680 -0.017335 0.132522 0.2492 0.2492 0.2492
v 0.025629 -0.017195 0.141643 0.2492 0.2492 0.2492
v -0.006650 -0.016197 0.143689 0.2492 0.2492 0.2492
v 0.145435 -0.006366 0.007285 0.2492 0.2492 0.2492
v -0.038553 -0.014391 0.138559 0.2492 0.2492 0.2492
v 0.140048 -0.009803 0.039052 0.2492 0.2492 0.2492
v -0.068490 -0.011866 0.126502 0.2492 0.2492 0.2492
v 0.127704 -0.012748 0.068851 0.2492 0.2492 0.2492
v 0.109023 -0.015054 0.095198 0.2492 0.2492 0.2492
v 0.085489 0.013689 0.116763 0.2492 0.2492 0.2492
v -0.132307 0.006168 0.056286 0.2492 0.2492 0.2492
v 0.057265 0.015439 0.132504 0.2492 0.2492 0.2492
v 0.026232 0.016421 0.141625 0.2492 0.2492 0.2492
v -0.006064 0.016576 0.143673 0.2492 0.2492 0.2492
v 0.145570 0.001176 0.007280 0.2492 0.2492 0.2492
v -0.038014 0.015909 0.138543 0.2492 0.2492 0.2492
v 0.140310 0.004834 0.039044 0.2492 0.2492 0.2492
v -0.068019 0.014442 0.126489 0.2492 0.2492 0.2492
v 0.128080 0.008253 0.068839 0.2492 0.2492 0.2492
v -0.094584 0.012252 0.108108 0.2492 0.2492 0.2492
v 0.109493 0.011252 0.095185 0.2492 0.2492 0.2492
v -0.116379 0.009448 0.084312 0.2492 0.2492 0.2492
v -0.132478 0.013513 0.054570 0.2492 0.2492 0.2492
v 0.056523 0.047351 0.125043 0.2492 0.2492 0.2492
v 0.025470 0.049148 0.133973 0.2492 0.2492 0.2492
v -0.006806 0.048490 0.136212 0.2492 0.2492 0.2492
v 0.145399 0.008522 0.005563 0.2492 0.2492 0.2492
v -0.038698 0.045408 0.131646 0.2492 0.2492 0.2492
v 0.139979 0.019091 0.035712 0.2492 0.2492 0.2492
v -0.068615 0.040055 0.120501 0.2492 0.2492 0.2492
v 0.127602 0.028698 0.064060 0.2492 0.2492 0.2492
v -0.095060 0.032698 0.103327 0.2492 0.2492 0.2492
v 0.108898 0.036866 0.089194 0.2492 0.2492 0.2492
v -0.116711 0.023703 0.080979 0.2492 0.2492 0.2492
v 0.084802 0.043187 0.109866 0.2492 0.2492 0.2492
v -0.132946 0.020266 0.051230 0.2492 0.2492 0.2492
v 0.054492 0.076678 0.110540 0.2492 0.2492 0.2492
v 0.023387 0.079227 0.119099 0.2492 0.2492 0.2492
v -0.008838 0.077817 0.121708 0.2492 0.2492 0.2492
v 0.144931 0.015275 0.002222 0.2492 0.2492 0.2492
v -0.040575 0.072518 0.118239 0.2492 0.2492 0.2492
v 0.139071 0.032191 0.029233 0.2492 0.2492 0.2492
v -0.070245 0.063596 0.108860 0.2492 0.2492 0.2492
v 0.126301 0.047488 0.054767 0.2492 0.2492 0.2492
v -0.096363 0.051488 0.094034 0.2492 0.2492 0.2492
v 0.107268 0.060405 0.077553 0.2492 0.2492 0.2492
v -0.117617 0.036803 0.074500 0.2492 0.2492 0.2492
v 0.082926 0.070299 0.096459 0.2492 0.2492 0.2492
v 0.051283 0.101840 0.089776 0.2492 0.2492 0.2492
v 0.020096 0.105034 0.097803 0.2492 0.2492 0.2492
v -0.012048 0.102979 0.100945 0.2492 0.2492 0.2492
v 0.144191 0.021066 -0.002554 0.2492 0.2492 0.2492
v -0.043543 0.095780 0.099043 0.2492 0.2492 0.2492
v 0.137639 0.043428 0.019957 0.2492 0.2492 0.2492
v -0.072821 0.083792 0.092191 0.2492 0.2492 0.2492
v 0.124244 0.063607 0.041465 0.2492 0.2492 0.2492
v -0.098418 0.067610 0.080730 0.2492 0.2492 0.2492
v 0.104692 0.080601 0.060888 0.2492 0.2492 0.2492
v -0.119050 0.048040 0.065228 0.2492 0.2492 0.2492
v 0.079958 0.093559 0.077264 0.2492 0.2492 0.2492
v -0.133684 0.026057 0.046452 0.2492 0.2492 0.2492
v -0.016262 0.122619 0.075039 0.2492 0.2492 0.2492
v 0.143223 0.025583 -0.008514 0.2492 0.2492 0.2492
v -0.047440 0.113935 0.075097 0.2492 0.2492 0.2492
v 0.135754 0.052200 0.008387 0.2492 0.2492 0.2492
v -0.076203 0.099556 0.071402 0.2492 0.2492 0.2492
v 0.121545 0.076192 0.024867 0.2492 0.2492 0.2492
v -0.101118 0.080192 0.064135 0.2492 0.2492 0.2492
v 0.101309 0.096365 0.040095 0.2492 0.2492 0.2492
v -0.120932 0.056813 0.053657 0.2492 0.2492 0.2492
v 0.076063 0.111715 0.053317 0.2492 0.2492 0.2492
v -0.134655 0.030579 0.040487 0.2492 0.2492 0.2492
v 0.047067 0.121481 0.063873 0.2492 0.2492 0.2492
v 0.015772 0.125177 0.071235 0.2492 0.2492 0.2492
v 0.010650 0.138571 0.040827 0.2492 0.2492 0.2492
v -0.021256 0.135680 0.045391 0.2492 0.2492 0.2492
v 0.142072 0.028591 -0.015341 0.2492 0.2492 0.2492
v -0.052057 0.126008 0.047689 0.2492 0.2492 0.2492
v 0.133525 0.058033 -0.004854 0.2492 0.2492 0.2492
v -0.080212 0.110037 0.047603 0.2492 0.2492 0.2492
v 0.118344 0.084560 0.005871 0.2492 0.2492 0.2492
v -0.104318 0.088562 0.045138 0.2492 0.2492 0.2492
v 0.097300 0.106847 0.016299 0.2492 0.2492 0.2492
v -0.123163 0.062646 0.040414 0.2492 0.2492 0.2492
v 0.071445 0.123789 0.025908 0.2492 0.2492 0.2492
v -0.135804 0.033586 0.033660 0.2492 0.2492 0.2492
v 0.042072 0.134541 0.034221 0.2492 0.2492 0.2492
v -0.026761 0.141454 0.013596 0.2492 0.2492 0.2492
v -0.057143 0.131346 0.018296 0.2492 0.2492 0.2492
v 0.131066 0.060613 -0.019057 0.2492 0.2492 0.2492
v -0.084630 0.114674 0.022084 0.2492 0.2492 0.2492
v 0.114819 0.088260 -0.014501 0.2492 0.2492 0.2492
v -0.107844 0.092260 0.024766 0.2492 0.2492 0.2492
v 0.092882 0.111484 -0.009221 0.2492 0.2492 0.2492
v -0.125621 0.065226 0.026215 0.2492 0.2492 0.2492
v 0.066356 0.129128 -0.003483 0.2492 0.2492 0.2492
v -0.137070 0.034911 0.026347 0.2492 0.2492 0.2492
v 0.036569 0.140315 0.002427 0.2492 0.2492 0.2492
v 0.005006 0.144495 0.008216 0.2492 0.2492 0.2492
v 0.140806 0.029919 -0.022657 0.2492 0.2492 0.2492
v 0.128513 0.059799 -0.033450 0.2492 0.2492 0.2492
v -0.089219 0.113212 -0.003782 0.2492 0.2492 0.2492
v 0.111156 0.087093 -0.035148 0.2492 0.2492 0.2492
v -0.111507 0.091093 0.004120 0.2492 0.2492 0.2492
v 0.088296 0.110022 -0.035089 0.2492 0.2492 0.2492
v -0.128176 0.064412 0.011817 0.2492 0.2492 0.2492
v 0.061072 0.127445 -0.033275 0.2492 0.2492 0.2492
v -0.138386 0.034492 0.018933 0.2492 0.2492 0.2492
v 0.030854 0.138495 -0.029799 0.2492 0.2492 0.2492
v -0.000857 0.142628 -0.024836 0.2492 0.2492 0.2492
v -0.032477 0.139634 -0.018630 0.2492 0.2492 0.2492
v 0.139491 0.029498 -0.030077 0.2492 0.2492 0.2492
v -0.062428 0.129664 -0.011496 0.2492 0.2492 0.2492
v -0.093730 0.105732 -0.028603 0.2492 0.2492 0.2492
v 0.107555 0.081123 -0.054961 0.2492 0.2492 0.2492
v -0.115108 0.085124 -0.015692 0.2492 0.2492 0.2492
v 0.083783 0.102541 -0.059908 0.2492 0.2492 0.2492
v -0.130686 0.060249 -0.001994 0.2492 0.2492 0.2492
v 0.055877 0.118830 -0.061860 0.2492 0.2492 0.2492
v -0.139680 0.032349 0.011815 0.2492 0.2492 0.2492
v 0.025232 0.129177 -0.060721 0.2492 0.2492 0.2492
v -0.006621 0.133070 -0.056549 0.2492 0.2492 0.2492
v -0.038097 0.130316 -0.049552 0.2492 0.2492 0.2492
v 0.138196 0.027352 -0.037195 0.2492 0.2492 0.2492
v -0.067624 0.121050 -0.040079 0.2492 0.2492 0.2492
v 0.126001 0.055637 -0.047262 0.2492 0.2492 0.2492
v 0.104209 0.070671 -0.072867 0.2492 0.2492 0.2492
v -0.118454 0.074671 -0.033599 0.2492 0.2492 0.2492
v 0.079593 0.089448 -0.082341 0.2492 0.2492 0.2492
v -0.133019 0.052962 -0.014477 0.2492 0.2492 0.2492
v 0.051050 0.103749 -0.087696 0.2492 0.2492 0.2492
v -0.140882 0.028595 0.005380 0.2492 0.2492 0.2492
v 0.020011 0.112862 -0.088670 0.2492 0.2492 0.2492
v -0.011978 0.116338 -0.085215 0.2492 0.2492 0.2492
v -0.043319 0.114001 -0.077502 0.2492 0.2492 0.2492
v 0.136993 0.023602 -0.043626 0.2492 0.2492 0.2492
v -0.072451 0.105969 -0.065917 0.2492 0.2492 0.2492
v 0.123670 0.048352 -0.059743 0.2492 0.2492 0.2492
v -0.097922 0.092638 -0.051035 0.2492 0.2492 0.2492
v -0.121364 0.060300 -0.048636 0.2492 0.2492 0.2492
v 0.075946 0.071445 -0.101179 0.2492 0.2492 0.2492
v -0.135047 0.042946 -0.024959 0.2492 0.2492 0.2492
v 0.046851 0.083014 -0.109392 0.2492 0.2492 0.2492
v -0.141928 0.023429 -0.000026 0.2492 0.2492 0.2492
v 0.015469 0.090433 -0.112140 0.2492 0.2492 0.2492
v -0.016635 0.093334 -0.109285 0.2492 0.2492 0.2492
v -0.047861 0.091572 -0.100970 0.2492 0.2492 0.2492
v 0.135950 0.018440 -0.049027 0.2492 0.2492 0.2492
v -0.076650 0.085233 -0.087613 0.2492 0.2492 0.2492
v 0.121642 0.038332 -0.070228 0.2492 0.2492 0.2492
v -0.101567 0.074634 -0.069876 0.2492 0.2492 0.2492
v 0.101300 0.056300 -0.087904 0.2492 0.2492 0.2492
v -0.123680 0.042787 -0.059994 0.2492 0.2492 0.2492
v -0.136663 0.030735 -0.032877 0.2492 0.2492 0.2492
v 0.073042 0.049502 -0.115407 0.2492 0.2492 0.2492
v 0.043507 0.057745 -0.125778 0.2492 0.2492 0.2492
v -0.142759 0.017140 -0.004104 0.2492 0.2492 0.2492
v 0.011852 0.063096 -0.129865 0.2492 0.2492 0.2492
v -0.020345 0.065296 -0.127465 0.2492 0.2492 0.2492
v -0.051480 0.064234 -0.118697 0.2492 0.2492 0.2492
v 0.135117 0.012146 -0.053108 0.2492 0.2492 0.2492
v -0.079996 0.059962 -0.103998 0.2492 0.2492 0.2492
v 0.120026 0.026122 -0.078145 0.2492 0.2492 0.2492
v -0.104471 0.052692 -0.084100 0.2492 0.2492 0.2492
v 0.098980 0.038785 -0.099262 0.2492 0.2492 0.2492
v 0.071039 0.024807 -0.124255 0.2492 0.2492 0.2492
v 0.041200 0.029298 -0.135970 0.2492 0.2492 0.2492
v -0.143335 0.010059 -0.006641 0.2492 0.2492 0.2492
v 0.009355 0.032327 -0.140891 0.2492 0.2492 0.2492
v -0.022906 0.033739 -0.138772 0.2492 0.2492 0.2492
v -0.053976 0.033465 -0.129722 0.2492 0.2492 0.2492
v 0.134542 0.005064 -0.055645 0.2492 0.2492 0.2492
v -0.082303 0.031519 -0.114190 0.2492 0.2492 0.2492
v 0.118910 0.012379 -0.083069 0.2492 0.2492 0.2492
v -0.106474 0.027996 -0.092951 0.2492 0.2492 0.2492
v 0.097380 0.019071 -0.106326 0.2492 0.2492 0.2492
v -0.125280 0.023073 -0.067058 0.2492 0.2492 0.2492
v -0.137778 0.016992 -0.037801 0.2492 0.2492 0.2492
vn -0.7067 -0.0334 -0.7067
vn -0.7068 -0.0334 -0.7067
vn 0.6263 0.3291 -0.7067
vn 0.7046 -0.0645 0.7067
vn -0.6081 0.3616 0.7067
vn 0.6108 -0.3571 -0.7067
vn -0.7068 -0.0334 0.7067
vn -0.7067 -0.0334 0.7067
vn -0.7068 -0.0334 0.7066
vn 0.6263 0.3291 0.7067
vn -0.6081 0.3617 -0.7067
vn -0.4995 0.5011 0.7067
vn -0.4994 0.5011 0.7067
vn -0.7030 0.0803 0.7067
vn 0.7046 -0.0645 -0.7067
vn 0.5067 0.4938 0.7067
vn 0.7056 0.0530 0.7067
vn 0.5067 0.4938 -0.7067
vn 0.5068 0.4938 -0.7067
vn 0.7055 0.0530 -0.7067
vn 0.6108 -0.3571 0.7067
vn -0.4995 0.5011 -0.7067
vn -0.4994 0.5011 -0.7067
vn -0.7029 0.0803 -0.7067
vn -0.6691 0.2292 0.7069
vn -0.6694 0.2293 -0.7067
vn 0.6658 0.2394 -0.7067
vn 0.6658 0.2393 -0.7067
vn 0.6658 0.2394 0.7067
vn -0.7057 -0.0511 -0.7067
vn -0.7057 -0.0511 0.7067
vn -0.0000 -0.0000 1.0000
vn -0.0012 0.0002 -1.0000
vn 0.0005 -0.0000 -1.0000
vn -0.0000 -0.0000 -1.0000
vn -0.6693 0.2293 0.7067
vn -0.6693 0.2293 -0.7067
vn 0.6659 0.2391 -0.7067
vn 0.6658 0.2393 0.7067
vn 0.0010 0.0001 -1.0000
vn 0.0003 -0.0000 -1.0000
vn -0.0014 0.0002 -1.0000
vn 0.7067 0.0334 -0.7067
vn 0.7068 0.0334 -0.7067
vn -0.6263 -0.3291 -0.7067
vn -0.7046 0.0645 0.7067
vn 0.6081 -0.3616 0.7067
vn -0.6108 0.3571 -0.7067
vn 0.7068 0.0334 0.7067
vn 0.7067 0.0334 0.7067
vn 0.7068 0.0334 0.7066
vn -0.6263 -0.3291 0.7067
vn 0.6081 -0.3617 -0.7067
vn 0.4995 -0.5011 0.7067
vn 0.4994 -0.5011 0.7067
vn 0.7030 -0.0803 0.7067
vn -0.7046 0.0645 -0.7067
vn -0.5067 -0.4938 0.7067
vn -0.7056 -0.0530 0.7067
vn -0.5067 -0.4938 -0.7067
vn -0.5068 -0.4938 -0.7067
vn -0.7055 -0.0530 -0.7067
vn -0.6108 0.3571 0.7067
vn 0.4995 -0.5011 -0.7067
vn 0.4994 -0.5011 -0.7067
vn 0.7029 -0.0803 -0.7067
vn 0.6691 -0.2292 0.7069
vn 0.6694 -0.2293 -0.7067
vn -0.6658 -0.2394 -0.7067
vn -0.6658 -0.2393 -0.7067
vn -0.6658 -0.2394 0.7067
vn 0.7057 0.0511 -0.7067
vn 0.7057 0.0511 0.7067
vn 0.0012 -0.0002 -1.0000
vn -0.0005 -0.0000 -1.0000
vn 0.6693 -0.2293 0.7067
vn 0.6693 -0.2293 -0.7067
vn -0.6659 -0.2391 -0.7067
vn -0.6658 -0.2393 0.7067
vn -0.0010 -0.0001 -1.0000
vn -0.0003 -0.0000 -1.0000
vn 0.0014 -0.0002 -1.0000
vn 0.7657 0.2419 -0.5960
vn 0.7854 0.0287 -0.6183
vn 0.7601 0.2621 0.5947
vn 0.7839 0.0395 0.6196
vn -0.1505 -0.7755 -0.6131
vn -0.0751 -0.8111 -0.5800
vn -0.1008 -0.7327 -0.6730
vn -0.1730 -0.7050 -0.6878
vn -0.1929 -0.7065 -0.6809
vn -0.2127 -0.6929 -0.6890
vn -0.2124 -0.6913 -0.6907
vn -0.2232 -0.6703 0.7077
vn -0.2209 -0.6707 0.7081
vn -0.1968 -0.6875 0.6990
vn -0.1765 -0.6858 0.7061
vn -0.1052 -0.7134 0.6928
vn -0.0805 -0.7911 0.6064
vn -0.1506 -0.7560 0.6370
vn 0.1703 0.6754 -0.7176
vn 0.1731 0.6745 -0.7177
vn 0.1642 0.6799 -0.7147
vn 0.1655 0.6815 -0.7128
vn 0.4568 0.5376 -0.7088
vn 0.4581 0.5386 -0.7072
vn -0.2553 0.6595 -0.7070
vn -0.2569 0.6670 -0.6994
vn -0.2514 0.6669 -0.7015
vn 0.7497 0.1164 -0.6515
vn -0.2589 0.6603 -0.7050
vn -0.0318 -0.7172 -0.6961
vn -0.0322 -0.7186 -0.6946
vn -0.0379 -0.7159 -0.6972
vn -0.0376 -0.7132 -0.7000
vn 0.1064 -0.7097 -0.6964
vn 0.1075 -0.7093 -0.6967
vn 0.1108 -0.7087 -0.6967
vn 0.0888 -0.7210 -0.6872
vn 0.0886 -0.7219 -0.6863
vn 0.0849 -0.7217 -0.6870
vn 0.2426 -0.6828 -0.6892
vn 0.2463 -0.6764 -0.6942
vn 0.2396 -0.6812 -0.6918
vn 0.2465 -0.6742 -0.6962
vn 0.1359 -0.7174 -0.6833
vn 0.1352 -0.7160 -0.6849
vn -0.6368 0.4913 -0.5942
vn -0.6356 0.4919 -0.5951
vn -0.6957 0.3411 -0.6321
vn -0.6965 0.3426 -0.6305
vn -0.8632 0.1102 -0.4926
vn -0.8642 0.1086 -0.4913
vn -0.6397 0.5074 0.5774
vn -0.6407 0.5077 0.5760
vn -0.6999 0.3541 0.6202
vn -0.6997 0.3519 0.6217
vn -0.8643 0.1221 0.4879
vn -0.8631 0.1234 0.4898
vn 0.4268 0.6063 -0.6709
vn 0.4198 0.6098 -0.6723
vn 0.4272 0.6066 -0.6705
vn 0.4216 0.6114 -0.6697
vn 0.5597 0.5434 -0.6256
vn 0.5580 0.5436 -0.6270
vn 0.4152 0.6335 0.6529
vn 0.4198 0.6250 0.6581
vn 0.4141 0.6333 0.6538
vn 0.5572 0.5610 0.6122
vn 0.5553 0.5619 0.6132
vn 0.4210 0.6249 0.6575
vn 0.4522 0.5570 0.6966
vn 0.4539 0.5575 0.6952
vn 0.1700 0.6948 0.6989
vn 0.1713 0.6951 0.6982
vn 0.1737 0.6950 0.6977
vn 0.7435 0.1366 0.6547
vn 0.1602 0.7032 0.6927
vn 0.1589 0.7038 0.6923
vn -0.2549 0.6887 0.6788
vn -0.2559 0.6875 0.6796
vn -0.2663 0.6788 0.6844
vn -0.2679 0.6782 0.6843
vn -0.0407 -0.6946 0.7182
vn -0.0387 -0.6977 0.7153
vn -0.0387 -0.6971 0.7159
vn -0.0413 -0.6957 0.7171
vn 0.1041 -0.6891 0.7171
vn 0.1054 -0.6889 0.7172
vn 0.0888 -0.6987 0.7098
vn 0.0880 -0.6995 0.7092
vn 0.0885 -0.7022 0.7064
vn 0.2340 -0.6540 0.7194
vn 0.2453 -0.6550 0.7147
vn 0.2333 -0.6612 0.7130
vn 0.2411 -0.6531 0.7179
vn 0.1253 -0.6963 0.7067
vn 0.1240 -0.6947 0.7085
vn -0.7657 -0.2419 -0.5960
vn -0.7854 -0.0287 -0.6183
vn -0.7601 -0.2621 0.5947
vn -0.7839 -0.0396 0.6197
vn 0.1504 0.7755 -0.6132
vn 0.0751 0.8111 -0.5801
vn 0.1008 0.7327 -0.6730
vn 0.1730 0.7050 -0.6878
vn 0.1929 0.7065 -0.6809
vn 0.2127 0.6929 -0.6890
vn 0.2124 0.6913 -0.6906
vn 0.2231 0.6703 0.7077
vn 0.2209 0.6707 0.7081
vn 0.1968 0.6875 0.6990
vn 0.1765 0.6858 0.7061
vn 0.1052 0.7134 0.6928
vn 0.0805 0.7910 0.6065
vn 0.1506 0.7560 0.6371
vn -0.1703 -0.6754 -0.7176
vn -0.1731 -0.6745 -0.7177
vn -0.1643 -0.6799 -0.7147
vn -0.1655 -0.6815 -0.7128
vn -0.4568 -0.5376 -0.7088
vn -0.4581 -0.5386 -0.7072
vn 0.2553 -0.6595 -0.7070
vn 0.2571 -0.6668 -0.6995
vn 0.2514 -0.6669 -0.7015
vn -0.7497 -0.1164 -0.6515
vn 0.2589 -0.6603 -0.7050
vn 0.0318 0.7172 -0.6962
vn 0.0322 0.7186 -0.6946
vn 0.0377 0.7158 -0.6973
vn 0.0376 0.7133 -0.6998
vn -0.1064 0.7097 -0.6964
vn -0.1075 0.7093 -0.6967
vn -0.1108 0.7087 -0.6967
vn -0.0888 0.7210 -0.6872
vn -0.0886 0.7219 -0.6864
vn -0.0849 0.7217 -0.6870
vn -0.2426 0.6828 -0.6892
vn -0.2462 0.6764 -0.6942
vn -0.2397 0.6812 -0.6918
vn -0.2465 0.6743 -0.6961
vn -0.1359 0.7174 -0.6832
vn -0.1352 0.7160 -0.6849
vn 0.6369 -0.4913 -0.5942
vn 0.6356 -0.4919 -0.5950
vn 0.6957 -0.3411 -0.6321
vn 0.6965 -0.3426 -0.6305
vn 0.8632 -0.1102 -0.4926
vn 0.8642 -0.1087 -0.4912
vn 0.6397 -0.5074 0.5774
vn 0.6406 -0.5077 0.5761
vn 0.6999 -0.3542 0.6202
vn 0.6997 -0.3519 0.6217
vn 0.8643 -0.1221 0.4879
vn 0.8631 -0.1235 0.4898
vn -0.4269 -0.6064 -0.6709
vn -0.4197 -0.6098 -0.6723
vn -0.4272 -0.6066 -0.6705
vn -0.4216 -0.6114 -0.6696
vn -0.5598 -0.5434 -0.6256
vn -0.5580 -0.5436 -0.6270
vn -0.4152 -0.6334 0.6529
vn -0.4200 -0.6250 0.6580
vn -0.4141 -0.6333 0.6538
vn -0.5572 -0.5610 0.6122
vn -0.5554 -0.5618 0.6131
vn -0.4210 -0.6249 0.6575
vn -0.4522 -0.5570 0.6966
vn -0.4539 -0.5575 0.6951
vn -0.1699 -0.6947 0.6989
vn -0.1713 -0.6951 0.6982
vn -0.1736 -0.6950 0.6978
vn -0.7435 -0.1366 0.6547
vn -0.1602 -0.7032 0.6927
vn -0.1588 -0.7039 0.6923
vn 0.2549 -0.6887 0.6788
vn 0.2559 -0.6874 0.6797
vn 0.2664 -0.6787 0.6844
vn 0.2681 -0.6782 0.6843
vn 0.0407 0.6945 0.7183
vn 0.0388 0.6975 0.7155
vn 0.0387 0.6971 0.7159
vn 0.0413 0.6957 0.7171
vn -0.1041 0.6891 0.7171
vn -0.1053 0.6889 0.7172
vn -0.0888 0.6987 0.7099
vn -0.0880 0.6995 0.7092
vn -0.0885 0.7022 0.7064
vn -0.2338 0.6541 0.7194
vn -0.2453 0.6550 0.7147
vn -0.2333 0.6612 0.7130
vn -0.2412 0.6531 0.7179
vn -0.1253 0.6963 0.7067
vn -0.1241 0.6948 0.7084
vn -0.6668 -0.2862 0.6881
vn -0.6592 -0.3428 0.6693
vn -0.6608 -0.3407 0.6688
vn -0.7691 -0.1813 0.6129
vn -0.7715 -0.1853 0.6086
vn -0.7729 -0.1745 0.6100
vn -0.7746 -0.1863 0.6044
vn -0.7530 -0.2189 0.6205
vn -0.7544 -0.2191 0.6188
vn -0.7541 -0.2196 0.6190
vn -0.6648 -0.2683 -0.6972
vn -0.6574 -0.3262 -0.6793
vn -0.7684 -0.1641 -0.6185
vn -0.7674 -0.1651 -0.6195
vn -0.7692 -0.1666 -0.6169
vn -0.7679 -0.1654 -0.6189
vn -0.7461 -0.2041 -0.6338
vn -0.7486 -0.2002 -0.6321
vn -0.7477 -0.2021 -0.6325
vn -0.5608 -0.4221 -0.7123
vn -0.5607 -0.4226 -0.7120
vn -0.5611 -0.4213 -0.7125
vn -0.5708 -0.4085 -0.7122
vn -0.5706 -0.4082 -0.7126
vn -0.5708 -0.4086 -0.7122
vn -0.5709 -0.4082 -0.7123
vn -0.4375 -0.5705 -0.6951
vn -0.4361 -0.5726 -0.6942
vn -0.4406 -0.5690 -0.6943
vn -0.4344 -0.5720 -0.6958
vn -0.4086 -0.5994 -0.6883
vn -0.4076 -0.5991 -0.6892
vn 0.5815 0.4083 -0.7037
vn 0.5823 0.4095 -0.7023
vn 0.5822 0.4112 -0.7014
vn 0.5824 0.4079 -0.7031
vn 0.2522 0.6782 -0.6902
vn 0.2506 0.6769 -0.6921
vn 0.7127 0.1772 0.6787
vn 0.7123 0.1772 0.6791
vn 0.7126 0.1524 0.6848
vn 0.7130 0.1526 0.6843
vn 0.7869 -0.0832 0.6114
vn 0.7871 -0.0827 0.6113
vn 0.7866 -0.0834 0.6118
vn 0.7869 -0.0823 0.6116
vn 0.8093 -0.2603 0.5266
vn 0.8092 -0.2608 0.5264
vn 0.7151 0.1909 -0.6725
vn 0.7153 0.1905 -0.6724
vn 0.7150 0.1661 -0.6791
vn 0.7899 -0.0734 -0.6088
vn 0.7899 -0.0740 -0.6088
vn 0.7897 -0.0748 -0.6090
vn 0.7900 -0.0732 -0.6087
vn 0.8108 -0.2485 -0.5300
vn -0.5661 -0.4361 0.6996
vn -0.5655 -0.4366 0.6997
vn -0.5661 -0.4360 0.6996
vn -0.5661 -0.4352 0.7001
vn -0.5747 -0.4242 0.6998
vn -0.5766 -0.4214 0.7000
vn -0.5753 -0.4249 0.6989
vn -0.5763 -0.4205 0.7007
vn -0.4438 -0.5844 0.6793
vn -0.4430 -0.5845 0.6798
vn -0.4441 -0.5852 0.6784
vn -0.4441 -0.5840 0.6795
vn -0.4144 -0.6140 0.6717
vn -0.4156 -0.6136 0.6714
vn 0.5797 0.3952 0.7125
vn 0.5798 0.3942 0.7131
vn 0.5788 0.3963 0.7127
vn 0.5796 0.3964 0.7120
vn 0.4005 0.5965 0.6956
vn 0.3986 0.5963 0.6968
vn 0.3657 0.6015 0.7102
vn 0.3636 0.6026 0.7104
vn 0.3640 0.6005 0.7120
vn 0.2973 0.6468 0.7023
vn 0.2985 0.6433 0.7050
vn 0.2993 0.6441 0.7039
vn 0.2980 0.6430 0.7056
vn 0.2560 0.6676 0.6991
vn 0.2557 0.6674 0.6994
vn 0.4042 0.6089 -0.6825
vn 0.4056 0.6099 -0.6808
vn 0.3721 0.6136 -0.6964
vn 0.3700 0.6142 -0.6970
vn 0.3702 0.6148 -0.6964
vn 0.2982 0.6604 -0.6892
vn 0.2961 0.6621 -0.6884
vn 0.2953 0.6638 -0.6871
vn 0.2990 0.6497 -0.6990
vn 0.2963 0.6521 -0.6979
vn 0.2989 0.6513 -0.6975
vn 0.6668 0.2863 0.6881
vn 0.6592 0.3428 0.6693
vn 0.6608 0.3407 0.6688
vn 0.7691 0.1816 0.6128
vn 0.7715 0.1854 0.6086
vn 0.7730 0.1745 0.6100
vn 0.7742 0.1860 0.6051
vn 0.7530 0.2189 0.6206
vn 0.7545 0.2190 0.6187
vn 0.7541 0.2197 0.6189
vn 0.6648 0.2683 -0.6972
vn 0.6574 0.3262 -0.6793
vn 0.7684 0.1641 -0.6185
vn 0.7674 0.1651 -0.6196
vn 0.7693 0.1666 -0.6168
vn 0.7679 0.1654 -0.6188
vn 0.7461 0.2040 -0.6338
vn 0.7486 0.2003 -0.6321
vn 0.7477 0.2022 -0.6325
vn 0.5608 0.4221 -0.7123
vn 0.5607 0.4226 -0.7120
vn 0.5613 0.4211 -0.7125
vn 0.5708 0.4085 -0.7122
vn 0.5704 0.4081 -0.7128
vn 0.5708 0.4087 -0.7122
vn 0.5709 0.4082 -0.7124
vn 0.4375 0.5705 -0.6951
vn 0.4361 0.5726 -0.6942
vn 0.4406 0.5690 -0.6943
vn 0.4344 0.5720 -0.6958
vn 0.4084 0.5994 -0.6884
vn 0.4076 0.5991 -0.6892
vn -0.5815 -0.4085 -0.7036
vn -0.5822 -0.4111 -0.7014
vn -0.5822 -0.4113 -0.7013
vn -0.5824 -0.4079 -0.7031
vn -0.2522 -0.6782 -0.6902
vn -0.2506 -0.6769 -0.6921
vn -0.7127 -0.1772 0.6787
vn -0.7126 -0.1524 0.6848
vn -0.7133 -0.1529 0.6840
vn -0.7867 0.0828 0.6117
vn -0.7871 0.0823 0.6113
vn -0.7866 0.0834 0.6118
vn -0.7869 0.0823 0.6116
vn -0.8093 0.2601 0.5267
vn -0.8092 0.2608 0.5264
vn -0.7151 -0.1909 -0.6725
vn -0.7153 -0.1905 -0.6724
vn -0.7150 -0.1661 -0.6791
vn -0.7903 0.0746 -0.6082
vn -0.7899 0.0740 -0.6088
vn -0.7897 0.0748 -0.6089
vn -0.7900 0.0733 -0.6087
vn -0.8108 0.2484 -0.5300
vn 0.5661 0.4361 0.6996
vn 0.5655 0.4367 0.6996
vn 0.5661 0.4360 0.6996
vn 0.5661 0.4352 0.7001
vn 0.5748 0.4241 0.6998
vn 0.5767 0.4213 0.6999
vn 0.5753 0.4249 0.6989
vn 0.5763 0.4205 0.7008
vn 0.4435 0.5842 0.6797
vn 0.4430 0.5845 0.6798
vn 0.4442 0.5852 0.6784
vn 0.4441 0.5840 0.6795
vn 0.4144 0.6140 0.6717
vn 0.4155 0.6136 0.6715
vn -0.5797 -0.3952 0.7125
vn -0.5798 -0.3942 0.7131
vn -0.5787 -0.3964 0.7127
vn -0.5796 -0.3964 0.7120
vn -0.4005 -0.5964 0.6956
vn -0.3985 -0.5963 0.6968
vn -0.3657 -0.6015 0.7102
vn -0.3639 -0.6024 0.7104
vn -0.3640 -0.6005 0.7119
vn -0.2973 -0.6468 0.7023
vn -0.2989 -0.6434 0.7048
vn -0.2991 -0.6443 0.7039
vn -0.2980 -0.6429 0.7056
vn -0.2556 -0.6674 0.6995
vn -0.4043 -0.6089 -0.6825
vn -0.4056 -0.6099 -0.6808
vn -0.3721 -0.6136 -0.6964
vn -0.3700 -0.6142 -0.6970
vn -0.3702 -0.6146 -0.6966
vn -0.2982 -0.6604 -0.6892
vn -0.2959 -0.6623 -0.6883
vn -0.2953 -0.6638 -0.6871
vn -0.2990 -0.6496 -0.6990
vn -0.2963 -0.6521 -0.6979
vn -0.2989 -0.6513 -0.6975
vn -0.6293 0.3919 -0.6711
vn -0.6289 0.3924 -0.6712
vn -0.6291 0.3922 -0.6711
vn -0.8997 -0.3790 0.2166
vn -0.8995 -0.3794 0.2168
vn -0.8997 -0.3790 0.2163
vn 0.8998 0.3788 -0.2165
vn 0.8998 0.3787 -0.2165
vn 0.8998 0.3789 -0.2166
vn -0.2851 -0.0618 0.9565
vn -0.2852 -0.0618 0.9565
vn -0.2847 -0.0619 0.9566
vn -0.9513 -0.1251 -0.2816
vn -0.9514 -0.1252 -0.2815
vn -0.9513 -0.1252 -0.2815
vn 0.5476 0.6166 0.5657
vn 0.5474 0.6160 0.5665
vn 0.5470 0.6162 0.5667
vn 0.7228 -0.0742 -0.6871
vn 0.7229 -0.0742 -0.6869
vn -0.1607 0.8057 0.5702
vn -0.1609 0.8059 0.5697
vn -0.1605 0.8056 0.5703
vn 0.3722 0.9228 0.0997
vn 0.3725 0.9226 0.1004
vn 0.3716 0.9231 0.0992
vn -0.5668 0.8048 -0.1763
vn -0.5674 0.8041 -0.1774
vn -0.5668 0.8045 -0.1777
vn 0.7704 0.6100 -0.1856
vn 0.7698 0.6104 -0.1863
vn 0.7699 0.6103 -0.1865
vn -0.4778 -0.7554 0.4484
vn -0.4763 -0.7564 0.4483
vn -0.4762 -0.7565 0.4482
vn -0.3568 0.9303 0.0856
vn -0.3536 0.9318 0.0820
vn -0.3547 0.9312 0.0845
vn 0.5636 -0.6258 -0.5392
vn 0.5639 -0.6272 -0.5372
vn 0.5647 -0.6264 -0.5373
vn 0.9559 -0.0697 0.2854
vn 0.6640 -0.4017 -0.6307
vn 0.6635 -0.4005 -0.6320
vn 0.6629 -0.4014 -0.6321
vn 0.6303 -0.3924 0.6699
vn 0.6290 -0.3934 0.6705
vn 0.6289 -0.3927 0.6710
vn 0.9697 -0.0718 -0.2335
vn 0.8911 -0.4013 -0.2116
vn 0.8912 -0.4005 -0.2130
vn 0.8909 -0.4010 -0.2132
vn -0.2081 0.3860 -0.8987
vn -0.2085 0.3874 -0.8980
vn -0.2106 0.3857 -0.8983
vn 0.1737 -0.6120 0.7715
vn 0.1749 -0.6108 0.7722
vn 0.1804 -0.6143 0.7681
vn -0.9486 0.1418 -0.2831
vn 0.0416 0.9918 0.1210
vn -0.2301 -0.6070 0.7606
vn -0.2338 -0.6112 0.7562
vn -0.2356 -0.6089 0.7574
vn -0.3491 0.9300 -0.1150
vn -0.3505 0.9295 -0.1145
vn -0.3499 0.9297 -0.1150
vn -0.7232 -0.0984 0.6836
vn -0.7236 -0.0977 0.6833
vn -0.7235 -0.0965 0.6835
vn 0.2308 0.6114 -0.7569
vn 0.2309 0.6113 -0.7570
vn 0.9624 -0.1436 -0.2304
vn 0.9623 -0.1443 -0.2305
vn 0.9625 -0.1437 -0.2299
vn 0.2320 0.1381 0.9629
vn 0.2321 0.1386 0.9628
vn 0.2327 0.1380 0.9627
vn -0.6893 -0.0518 -0.7226
vn -0.7575 0.6278 0.1788
vn -0.7567 0.6287 0.1793
vn -0.7576 0.6270 0.1816
vn -0.4088 0.8003 -0.4386
vn -0.4089 0.7995 -0.4400
vn -0.4063 0.8009 -0.4399
vn -0.7259 -0.0462 0.6863
vn 0.8869 0.3825 0.2591
vn 0.8870 0.3811 0.2608
vn 0.8864 0.3822 0.2611
vn -0.9545 -0.0965 -0.2821
vn -0.9545 -0.0965 -0.2822
vn -0.9547 -0.0967 -0.2815
vn -0.1762 0.6164 -0.7675
vn -0.1749 0.6155 -0.7685
vn -0.1746 0.6158 -0.7683
vn 0.6820 -0.1150 0.7222
vn 0.6806 -0.1136 0.7238
vn 0.6813 -0.1116 0.7234
vn -0.5789 -0.6069 0.5445
vn -0.5787 -0.6069 0.5448
vn -0.5774 -0.6076 0.5454
vn -0.9625 0.1438 0.2301
vn -0.9623 0.1443 0.2306
vn -0.9624 0.1436 0.2306
vn 0.7597 0.6120 0.2197
vn 0.7599 0.6111 0.2215
vn 0.7597 0.6114 0.2217
vn -0.9653 -0.1214 0.2314
vn -0.9652 -0.1214 0.2314
vn -0.6667 -0.2662 -0.6962
vn -0.6666 -0.2663 -0.6962
vn -0.8864 -0.3830 -0.2600
vn -0.8863 -0.3831 -0.2602
vn -0.8863 -0.3829 -0.2606
vn 0.1807 0.7938 -0.5807
vn 0.1810 0.7943 -0.5800
vn 0.1807 0.7939 -0.5805
vn -0.2320 -0.1381 -0.9629
vn -0.2326 -0.1376 -0.9628
vn -0.2326 -0.1380 -0.9627
vn 0.1748 -0.7705 -0.6130
vn 0.1743 -0.7701 -0.6136
vn 0.1748 -0.7709 -0.6125
vn 0.6109 -0.7688 0.1890
vn 0.6096 -0.7703 0.1872
vn 0.6093 -0.7707 0.1867
vn -0.2166 0.6243 0.7505
vn -0.2164 0.6245 0.7504
vn -0.2163 0.6243 0.7506
vn 0.2289 -0.0577 0.9717
vn -0.6828 -0.1314 -0.7186
vn -0.6828 -0.1312 -0.7187
vn -0.6828 -0.1313 -0.7187
vn 0.1479 0.8021 0.5785
vn 0.1480 0.8026 0.5778
vn 0.1491 0.8019 0.5786
vn 0.2165 0.3934 0.8935
vn 0.2174 0.3949 0.8926
vn 0.2202 0.3925 0.8930
vn -0.1916 -0.7608 0.6201
vn -0.1951 -0.7579 0.6225
vn -0.1954 -0.7576 0.6228
vn 0.2079 -0.3875 0.8981
vn 0.2081 -0.3871 0.8983
vn 0.2085 -0.3875 0.8980
vn -0.0245 0.9926 0.1193
vn 0.2675 0.9248 0.2704
vn 0.2677 0.9250 0.2697
vn 0.2678 0.9246 0.2710
vn 0.4203 0.7971 0.4337
vn 0.4200 0.7977 0.4328
vn 0.4219 0.7967 0.4328
vn -0.5495 -0.6123 -0.5685
vn -0.5492 -0.6125 -0.5685
vn -0.5491 -0.6123 -0.5688
vn -0.9387 -0.2616 0.2246
vn -0.9387 -0.2615 0.2248
vn -0.7726 -0.6070 0.1863
vn -0.7728 -0.6065 0.1870
vn -0.7725 -0.6071 0.1865
vn 0.1053 0.9902 -0.0919
vn -0.0202 0.9915 -0.1286
vn 0.2302 -0.1310 0.9643
vn 0.2293 -0.1326 0.9643
vn 0.2265 -0.1304 0.9652
vn -0.8903 0.4023 0.2134
vn -0.8905 0.4018 0.2133
vn -0.8904 0.4024 0.2126
vn -0.1894 -0.6175 -0.7634
vn -0.1896 -0.6174 -0.7635
vn -0.1893 -0.6177 -0.7633
vn 0.4577 -0.7732 -0.4390
vn 0.4598 -0.7719 -0.4391
vn 0.4598 -0.7718 -0.4392
vn 0.5329 -0.6193 0.5766
vn 0.5342 -0.6182 0.5767
vn 0.5348 -0.6205 0.5736
vn -0.7187 0.1443 0.6802
vn -0.7184 0.1449 0.6804
vn -0.7176 0.1440 0.6814
vn -0.2165 -0.3934 -0.8935
vn -0.2195 -0.3914 -0.8936
vn -0.2202 -0.3925 -0.8930
vn -0.6385 -0.3870 -0.6652
vn -0.6371 -0.3880 -0.6660
vn -0.6369 -0.3875 -0.6665
vn 0.6812 -0.1367 0.7192
vn 0.6799 -0.1378 0.7202
vn 0.6796 -0.1370 0.7207
vn -0.5331 0.6213 -0.5743
vn -0.5332 0.6222 -0.5732
vn -0.5337 0.6216 -0.5734
vn -0.6641 0.4028 0.6298
vn -0.6637 0.4033 0.6300
vn -0.6634 0.4026 0.6308
vn 0.7474 -0.6240 0.2281
vn 0.7484 -0.6231 0.2273
vn 0.7481 -0.6236 0.2268
vn -0.7617 -0.6085 -0.2223
vn -0.7631 -0.6072 -0.2212
vn -0.7628 -0.6079 -0.2206
vn -0.6354 -0.7567 0.1540
vn -0.6355 -0.7566 0.1539
vn 0.5767 0.6094 -0.5441
vn 0.5777 0.6086 -0.5439
vn 0.5776 0.6091 -0.5435
vn 0.2852 0.9216 -0.2633
vn 0.2847 0.9217 -0.2634
vn 0.2854 0.9215 -0.2634
vn -0.2567 0.3997 0.8800
vn -0.2567 0.3992 0.8802
vn -0.2568 0.3995 0.8800
vn -0.5650 0.6263 0.5371
vn -0.5639 0.6271 0.5374
vn -0.5640 0.6266 0.5378
vn 0.9516 -0.1169 0.2842
vn 0.9516 -0.1175 0.2840
vn 0.9514 -0.1180 0.2844
vn -0.6264 -0.7584 -0.1802
vn -0.6256 -0.7593 -0.1791
vn -0.6254 -0.7595 -0.1788
vn 0.2859 -0.0705 -0.9557
vn 0.2858 -0.0705 -0.9557
vn 0.2861 -0.0705 -0.9556
vn -0.1576 -0.7662 -0.6230
vn -0.1574 -0.7663 -0.6229
vn -0.1563 -0.7672 -0.6221
vn -0.2479 0.9288 -0.2754
vn -0.2517 0.9276 -0.2761
vn -0.2494 0.9281 -0.2764
vn 0.6838 -0.0645 0.7268
vn 0.2844 -0.1114 -0.9522
vn 0.2842 -0.1120 -0.9522
vn 0.2846 -0.1123 -0.9520
vn -0.0766 0.9258 -0.3702
vn -0.0744 0.9250 -0.3727
vn -0.0766 0.9269 -0.3673
vn 0.7199 0.1230 -0.6831
vn 0.7221 0.1209 -0.6811
vn 0.7227 0.1223 -0.6803
vn -0.4517 -0.7637 -0.4612
vn -0.4519 -0.7624 -0.4632
vn -0.4519 -0.7622 -0.4634
vn 0.2191 -0.2740 0.9365
vn 0.2193 -0.2742 0.9363
vn 0.7171 -0.1449 -0.6817
vn 0.7188 -0.1470 -0.6795
vn 0.7196 -0.1454 -0.6790
vn 0.6368 0.3876 0.6665
vn 0.6371 0.3880 0.6660
vn 0.6384 0.3871 0.6653
vn 0.0971 0.9273 0.3616
vn 0.0961 0.9275 0.3611
vn 0.0969 0.9275 0.3610
vn 0.5857 0.7933 0.1661
vn 0.5846 0.7940 0.1667
vn 0.5864 0.7930 0.1650
vn -0.2751 -0.2681 0.9233
vn -0.2753 -0.2683 0.9232
vn -0.9576 -0.0578 -0.2821
vn -0.9577 -0.0575 -0.2821
vn -0.9576 -0.0574 -0.2823
vn 0.7191 -0.1168 -0.6850
vn 0.7196 -0.1165 -0.6846
vn 0.7195 -0.1165 -0.6847
vn -0.2248 -0.2719 -0.9357
vn -0.2249 -0.2720 -0.9357
vn -0.2665 -0.3818 0.8850
vn -0.2665 -0.3817 0.8850
vn -0.6799 0.1377 -0.7202
vn -0.6800 0.1378 -0.7202
vn 0.6197 -0.7709 -0.1472
vn 0.6193 -0.7712 -0.1476
vn 0.6183 -0.7723 -0.1455
vn -0.7463 0.6256 -0.2273
vn -0.7461 0.6259 -0.2271
vn -0.7464 0.6257 -0.2267
vn -0.0951 0.9300 0.3551
vn -0.0949 0.9297 0.3559
vn -0.0952 0.9298 0.3555
vn -0.1281 0.7972 -0.5899
vn -0.1286 0.7977 -0.5891
vn -0.1301 0.7969 -0.5900
vn 0.5937 0.7918 -0.1431
vn 0.5929 0.7923 -0.1439
vn 0.5935 0.7919 -0.1435
vn 0.2168 -0.6224 -0.7521
vn 0.2169 -0.6227 -0.7518
vn 0.2169 -0.6223 -0.7521
vn 0.4327 -0.7677 0.4726
vn 0.4334 -0.7673 0.4727
vn 0.4377 -0.7644 0.4734
vn -0.2801 0.1424 0.9493
vn -0.2803 0.1418 0.9494
vn -0.2809 0.1425 0.9491
vn -0.2293 0.1327 -0.9643
vn -0.9714 -0.0447 0.2331
vn 0.9527 -0.2007 -0.2281
vn 0.9528 -0.2007 -0.2280
vn 0.9527 -0.2008 -0.2281
vn 0.1416 -0.7597 0.6346
vn 0.1436 -0.7632 0.6300
vn 0.1440 -0.7638 0.6292
vn -0.8782 0.3983 -0.2647
vn -0.8783 0.3982 -0.2647
vn -0.8783 0.3983 -0.2647
vn -0.7224 -0.1224 0.6805
vn -0.7219 -0.1208 0.6814
vn -0.7195 -0.1231 0.6835
vn 0.9655 -0.1192 -0.2315
vn 0.9657 -0.1183 -0.2314
vn 0.9656 -0.1176 -0.2320
vn 0.2570 -0.3996 -0.8799
vn 0.2567 -0.3992 -0.8802
vn 0.2565 -0.3996 -0.8801
vn 0.1920 0.6205 0.7604
vn 0.1913 0.6193 0.7615
vn 0.1882 0.6217 0.7603
vn 0.2798 -0.1436 -0.9493
vn 0.2802 -0.1441 -0.9491
vn 0.2804 -0.1436 -0.9491
vn 0.2664 0.3819 -0.8850
vn 0.2665 0.3817 -0.8850
vn -0.1122 0.9933 0.0294
vn -0.2313 -0.0587 -0.9711
vn 0.6727 0.3788 -0.6356
vn 0.6726 0.3789 -0.6356
vn 0.6728 0.3787 -0.6356
vn -0.0780 0.9922 -0.0972
vn 0.1357 0.9904 0.0273
vn -0.4264 0.8066 0.4093
vn -0.4263 0.8076 0.4074
vn -0.4256 0.8063 0.4108
vn 0.6829 0.1315 0.7186
vn 0.6829 0.1316 0.7186
vn 0.6828 0.1315 0.7186
vn 0.3777 0.9213 -0.0918
vn 0.3777 0.9214 -0.0918
vn -0.2837 -0.1278 0.9503
vn -0.2839 -0.1274 0.9503
vn -0.2839 -0.1276 0.9503
vn 0.9514 0.1253 0.2815
vn 0.9514 0.1252 0.2815
vn 0.9514 0.1254 0.2814
vn 0.2834 0.1276 -0.9505
vn 0.2834 0.1275 -0.9505
vn 0.2833 0.1278 -0.9505
vn -0.5762 0.8059 0.1360
vn -0.5764 0.8058 0.1359
vn 0.1183 0.9229 -0.3663
vn 0.1187 0.9231 -0.3657
vn 0.1183 0.9232 -0.3657
vn 0.8783 -0.3983 0.2647
vn 0.8783 -0.3982 0.2646
vn 0.8782 -0.3983 0.2647
vn 0.7580 -0.6270 -0.1795
vn 0.7580 -0.6271 -0.1795
vn 0.9652 0.1212 -0.2318
vn 0.9653 0.1209 -0.2314
vn 0.9652 0.1213 -0.2316
vn 0.9486 -0.1418 0.2830
vn 0.9486 -0.1417 0.2831
vn 0.9486 -0.1418 0.2831
vn -0.6728 -0.3788 0.6355
vn -0.6730 -0.3785 0.6355
vn -0.6729 -0.3786 0.6355
vn 0.4457 0.7920 -0.4172
vn 0.4458 0.7920 -0.4172
vn -0.2313 -0.0656 -0.9707
vn -0.2308 -0.0657 -0.9708
vn -0.9678 -0.0971 0.2322
vn -0.9682 -0.0956 0.2314
vn -0.9683 -0.0937 0.2318
vn -0.2839 -0.1019 0.9534
vn -0.2841 -0.1018 0.9534
vn -0.2832 -0.1021 0.9536
vn -0.6870 -0.0988 -0.7199
vn -0.6876 -0.1004 -0.7191
vn -0.6872 -0.1022 -0.7193
vn -0.7150 -0.1800 0.6756
vn -0.7150 -0.1801 0.6755
vn -0.7150 -0.1801 0.6756
vn 0.9555 -0.0749 0.2855
vn 0.9554 -0.0749 0.2855
vn 0.9555 -0.0749 0.2853
vn -0.9582 -0.0467 -0.2823
vn 0.7232 -0.0702 -0.6871
vn 0.7091 -0.1988 -0.6766
vn 0.7090 -0.1988 -0.6766
vn 0.7091 -0.1987 -0.6765
vn -0.7257 -0.0581 0.6855
vn -0.7255 -0.0580 0.6858
vn -0.2852 -0.0510 0.9571
vn 0.9694 -0.0759 -0.2333
vn 0.9694 -0.0759 -0.2334
vn 0.2860 -0.0655 -0.9560
vn 0.6735 -0.1954 0.7129
vn 0.6732 -0.1957 0.7131
vn 0.6734 -0.1955 0.7130
vn 0.2284 -0.0668 0.9713
vn 0.2286 -0.0668 0.9712
vn -0.9708 -0.0565 0.2330
vn -0.9707 -0.0564 0.2334
vn -0.9708 -0.0564 0.2333
vn -0.2305 -0.1062 -0.9673
vn -0.2305 -0.1063 -0.9673
vn -0.2304 -0.1066 -0.9672
vn -0.9436 -0.1791 -0.2785
vn -0.9436 -0.1791 -0.2786
vn 0.6834 -0.0717 0.7265
vn 0.6835 -0.0716 0.7264
vn -0.6895 -0.0607 -0.7217
vn -0.6890 -0.0608 -0.7222
vn -0.6891 -0.0608 -0.7221
vn 0.2275 -0.1092 0.9676
vn 0.2270 -0.1073 0.9680
vn 0.2286 -0.1060 0.9677
vn 0.2799 -0.1938 -0.9403
vn 0.2797 -0.1943 -0.9402
vn 0.2798 -0.1942 -0.9402
vn 0.9388 -0.1996 0.2809
vn -0.2603 0.9314 0.2544
vn -0.2606 0.9313 0.2543
vn -0.2604 0.9314 0.2543
vn 0.9186 -0.2830 0.2760
vn 0.9185 -0.2828 0.2762
vn 0.9186 -0.2831 0.2759
vn 0.2731 -0.2771 -0.9212
vn 0.2730 -0.2770 -0.9213
vn 0.2731 -0.2770 -0.9212
vn -0.9256 -0.2625 -0.2727
vn 0.6591 -0.2792 0.6983
vn 0.6589 -0.2795 0.6984
vn 0.6591 -0.2793 0.6983
vn 0.6939 -0.2817 -0.6627
vn 0.6940 -0.2816 -0.6626
vn -0.7012 -0.2641 0.6622
vn -0.7013 -0.2643 0.6621
vn 0.9324 -0.2841 -0.2232
vn 0.9325 -0.2841 -0.2232
vn -0.2285 -0.1888 -0.9551
vn -0.2802 -0.1844 0.9421
vn -0.2804 -0.1845 0.9420
vn -0.2802 -0.1844 0.9420
vn 0.2250 -0.1900 0.9557
vn 0.2250 -0.1899 0.9557
vn 0.2250 -0.1900 0.9556
vn -0.9571 -0.1779 0.2288
vn -0.9571 -0.1780 0.2287
vn -0.6791 -0.1830 -0.7108
vn -0.6792 -0.1830 -0.7108
vn -0.6294 0.3917 -0.6711
vn -0.8998 -0.3788 0.2166
vn 0.8997 0.3789 -0.2166
vn -0.2846 -0.0619 0.9566
vn -0.9513 -0.1250 -0.2816
vn 0.5474 0.6166 0.5658
vn -0.1605 0.8054 0.5705
vn 0.3720 0.9229 0.0990
vn -0.5661 0.8055 -0.1751
vn 0.7707 0.6095 -0.1858
vn -0.4779 -0.7556 0.4479
vn -0.3557 0.9305 0.0870
vn 0.5640 -0.6254 -0.5392
vn 0.6636 -0.4024 -0.6307
vn 0.6301 -0.3919 0.6703
vn 0.8907 -0.4020 -0.2120
vn -0.2103 0.3847 -0.8988
vn 0.1783 -0.6170 0.7665
vn 0.0967 0.9911 0.0913
vn -0.2312 -0.6061 0.7611
vn -0.3493 0.9299 -0.1154
vn -0.7231 -0.0975 0.6838
vn 0.2308 0.6115 -0.7569
vn 0.9626 -0.1431 -0.2300
vn 0.2326 0.1375 0.9628
vn -0.7580 0.6266 0.1813
vn -0.4036 0.8023 -0.4399
vn 0.8865 0.3832 0.2594
vn -0.9547 -0.0967 -0.2813
vn -0.1757 0.6170 -0.7671
vn 0.6826 -0.1129 0.7220
vn -0.5775 -0.6080 0.5448
vn -0.9626 0.1431 0.2300
vn 0.7591 0.6128 0.2198
vn -0.6668 -0.2661 -0.6961
vn -0.8864 -0.3826 -0.2606
vn 0.1804 0.7936 -0.5811
vn -0.2322 -0.1384 -0.9628
vn 0.1753 -0.7709 -0.6124
vn 0.6103 -0.7693 0.1893
vn -0.2161 0.6240 0.7509
vn -0.6829 -0.1315 -0.7186
vn 0.1503 0.8011 0.5793
vn 0.2196 0.3915 0.8936
vn -0.1906 -0.7602 0.6211
vn 0.2086 -0.3882 0.8977
vn 0.2674 0.9247 0.2711
vn 0.4238 0.7956 0.4329
vn -0.5499 -0.6119 -0.5685
vn -0.9387 -0.2617 0.2245
vn -0.7723 -0.6074 0.1862
vn 0.0485 0.9907 -0.1268
vn 0.2275 -0.1286 0.9653
vn -0.8903 0.4027 0.2127
vn -0.1891 -0.6179 -0.7632
vn 0.4574 -0.7730 -0.4396
vn 0.5342 -0.6209 0.5737
vn -0.7180 0.1433 0.6811
vn -0.2173 -0.3950 -0.8926
vn -0.6382 -0.3864 -0.6659
vn 0.6809 -0.1357 0.7197
vn -0.5332 0.6209 -0.5746
vn -0.6636 0.4022 0.6308
vn 0.7472 -0.6243 0.2279
vn -0.7616 -0.6088 -0.2220
vn -0.6353 -0.7568 0.1541
vn 0.5766 0.6097 -0.5439
vn 0.2857 0.9215 -0.2632
vn -0.2571 0.4001 0.8797
vn -0.5651 0.6260 0.5374
vn 0.9514 -0.1173 0.2846
vn -0.6260 -0.7588 -0.1802
vn 0.2862 -0.0705 -0.9556
vn -0.1559 -0.7671 -0.6223
vn -0.2471 0.9287 -0.2767
vn 0.2848 -0.1118 -0.9520
vn -0.0787 0.9266 -0.3676
vn 0.7205 0.1247 -0.6822
vn -0.4523 -0.7634 -0.4612
vn 0.2189 -0.2738 0.9366
vn 0.7179 -0.1431 -0.6812
vn 0.6382 0.3864 0.6659
vn 0.0981 0.9270 0.3620
vn 0.5868 0.7927 0.1655
vn -0.2750 -0.2680 0.9233
vn 0.7190 -0.1163 -0.6852
vn -0.2247 -0.2718 -0.9357
vn -0.6800 0.1379 -0.7202
vn 0.6186 -0.7721 -0.1458
vn -0.7465 0.6252 -0.2277
vn -0.0955 0.9299 0.3552
vn -0.1316 0.7959 -0.5909
vn 0.5941 0.7916 -0.1431
vn 0.2165 -0.6220 -0.7525
vn 0.4378 -0.7652 0.4720
vn -0.2808 0.1431 0.9490
vn 0.9527 -0.2008 -0.2282
vn 0.1402 -0.7607 0.6338
vn -0.7202 -0.1248 0.6825
vn 0.9654 -0.1186 -0.2322
vn 0.2570 -0.4000 -0.8797
vn 0.1887 0.6221 0.7598
vn 0.2798 -0.1431 -0.9493
vn -0.0827 0.9931 0.0836
vn 0.6729 0.3786 -0.6355
vn -0.1100 0.9929 -0.0456
vn 0.1371 0.9900 -0.0332
vn -0.4265 0.8057 0.4112
vn 0.3778 0.9213 -0.0918
vn -0.2837 -0.1280 0.9503
vn 0.9514 0.1255 0.2814
vn 0.2833 0.1279 -0.9505
vn -0.5759 0.8061 0.1362
vn 0.1178 0.9228 -0.3669
vn 0.7580 -0.6270 -0.1796
vn 0.9652 0.1215 -0.2316
vn -0.6727 -0.3789 0.6355
vn -0.9679 -0.0952 0.2327
vn -0.2830 -0.1022 0.9537
vn -0.6866 -0.1008 -0.7200
vn -0.7149 -0.1800 0.6756
vn 0.6736 -0.1953 0.7128
vn 0.2287 -0.0668 0.9712
vn -0.9436 -0.1790 -0.2785
vn 0.2289 -0.1079 0.9674
vn 0.2799 -0.1942 -0.9402
vn -0.2599 0.9315 0.2544
vn 0.9186 -0.2833 0.2756
vn 0.2732 -0.2772 -0.9212
vn -0.9256 -0.2626 -0.2727
vn 0.6593 -0.2791 0.6982
vn 0.6938 -0.2818 -0.6627
vn -0.7011 -0.2640 0.6624
vn 0.9324 -0.2842 -0.2232
vn -0.2800 -0.1843 0.9421
vn 0.2251 -0.1900 0.9556
vn -0.6791 -0.1831 -0.7109
vn -0.6407 -0.3729 0.6711
vn -0.6404 -0.3734 0.6712
vn -0.6405 -0.3732 0.6711
vn -0.8880 0.4057 -0.2166
vn -0.8877 0.4061 -0.2168
vn -0.8878 0.4059 -0.2168
vn 0.8881 -0.4055 0.2165
vn 0.8881 -0.4054 0.2165
vn 0.8880 -0.4056 0.2166
vn -0.2831 0.0702 -0.9565
vn -0.2827 0.0702 -0.9566
vn -0.9472 0.1535 0.2816
vn -0.9472 0.1536 0.2815
vn 0.5289 -0.6326 -0.5657
vn 0.5287 -0.6320 -0.5665
vn 0.5283 -0.6322 -0.5667
vn 0.7247 0.0530 0.6870
vn 0.7248 0.0531 0.6869
vn -0.1847 -0.8005 -0.5701
vn -0.1849 -0.8008 -0.5697
vn -0.1847 -0.8006 -0.5700
vn 0.3445 -0.9335 -0.0997
vn 0.3447 -0.9333 -0.1004
vn 0.3437 -0.9338 -0.0992
vn -0.5906 -0.7875 0.1763
vn -0.5912 -0.7867 0.1775
vn -0.5906 -0.7872 0.1777
vn 0.7518 -0.6328 0.1856
vn 0.7512 -0.6332 0.1863
vn 0.7518 -0.6327 0.1860
vn -0.4550 0.7693 -0.4484
vn -0.4535 0.7703 -0.4483
vn -0.4534 0.7704 -0.4482
vn -0.3844 -0.9192 -0.0856
vn -0.3813 -0.9208 -0.0820
vn -0.3823 -0.9201 -0.0845
vn 0.5821 0.6086 0.5392
vn 0.5824 0.6101 0.5372
vn 0.5833 0.6093 0.5372
vn 0.9576 0.0411 -0.2852
vn 0.6757 0.3816 0.6307
vn 0.6751 0.3805 0.6320
vn 0.6746 0.3814 0.6320
vn 0.6416 0.3734 -0.6700
vn 0.6405 0.3744 -0.6705
vn 0.6405 0.3737 -0.6709
vn 0.9715 0.0425 0.2332
vn 0.9027 0.3745 0.2116
vn 0.9028 0.3737 0.2130
vn 0.9025 0.3742 0.2132
vn -0.2195 -0.3796 0.8987
vn -0.2200 -0.3810 0.8980
vn -0.2221 -0.3791 0.8983
vn 0.1919 0.6065 -0.7716
vn 0.1931 0.6053 -0.7722
vn 0.1987 0.6087 -0.7682
vn -0.9524 -0.1134 0.2831
vn 0.0119 -0.9926 -0.1210
vn -0.2119 0.6137 -0.7606
vn -0.2154 0.6179 -0.7562
vn -0.2173 0.6157 -0.7574
vn -0.3767 -0.9192 0.1150
vn -0.3782 -0.9186 0.1145
vn -0.3775 -0.9188 0.1150
vn -0.7199 0.1203 -0.6835
vn -0.7204 0.1193 -0.6832
vn -0.7203 0.1182 -0.6835
vn 0.2125 -0.6180 0.7569
vn 0.2124 -0.6180 0.7569
vn 0.9663 0.1147 0.2304
vn 0.9662 0.1154 0.2305
vn 0.9664 0.1149 0.2301
vn 0.2278 -0.1449 -0.9629
vn 0.2278 -0.1454 -0.9628
vn 0.2286 -0.1449 -0.9627
vn -0.6873 0.0722 0.7228
vn -0.7760 -0.6049 -0.1788
vn -0.7751 -0.6059 -0.1793
vn -0.7760 -0.6040 -0.1816
vn -0.4325 -0.7877 0.4386
vn -0.4326 -0.7869 0.4400
vn -0.4300 -0.7884 0.4399
vn -0.7241 0.0683 -0.6863
vn 0.8750 -0.4089 -0.2590
vn 0.8752 -0.4075 -0.2608
vn 0.8746 -0.4084 -0.2613
vn -0.9512 0.1250 0.2821
vn -0.9512 0.1249 0.2823
vn -0.9514 0.1252 0.2814
vn -0.1946 -0.6109 0.7674
vn -0.1932 -0.6101 0.7684
vn -0.1929 -0.6103 0.7683
vn 0.6852 0.0943 -0.7222
vn 0.6838 0.0932 -0.7237
vn 0.6844 0.0913 -0.7233
vn -0.5604 0.6240 -0.5445
vn -0.5603 0.6239 -0.5448
vn -0.5590 0.6246 -0.5454
vn -0.9664 -0.1148 -0.2300
vn -0.9662 -0.1154 -0.2305
vn -0.9663 -0.1148 -0.2306
vn 0.7411 -0.6344 -0.2196
vn 0.7414 -0.6335 -0.2215
vn 0.7410 -0.6339 -0.2216
vn -0.9612 0.1502 -0.2314
vn -0.6585 0.2860 0.6962
vn -0.6583 0.2861 0.6962
vn -0.6584 0.2860 0.6962
vn -0.8745 0.4091 0.2604
vn -0.8744 0.4095 0.2602
vn -0.8745 0.4093 0.2603
vn 0.1572 -0.7990 0.5804
vn 0.1572 -0.7993 0.5800
vn 0.1569 -0.7990 0.5805
vn -0.2278 0.1449 0.9629
vn -0.2284 0.1445 0.9628
vn -0.2286 0.1448 0.9627
vn 0.1978 0.7649 0.6130
vn 0.1973 0.7646 0.6136
vn 0.1978 0.7651 0.6128
vn 0.6337 0.7501 -0.1891
vn 0.6323 0.7517 -0.1872
vn 0.6321 0.7521 -0.1867
vn -0.2351 -0.6176 -0.7506
vn -0.2349 -0.6178 -0.7505
vn -0.2348 -0.6176 -0.7506
vn 0.2307 0.0512 -0.9717
vn -0.6786 0.1518 0.7186
vn -0.6786 0.1516 0.7187
vn -0.6786 0.1517 0.7187
vn 0.1237 -0.8063 -0.5785
vn 0.1239 -0.8067 -0.5778
vn 0.1251 -0.8060 -0.5786
vn 0.2047 -0.3997 -0.8935
vn 0.2055 -0.4012 -0.8927
vn 0.2084 -0.3989 -0.8930
vn -0.1688 0.7662 -0.6201
vn -0.1723 0.7634 -0.6225
vn -0.1727 0.7631 -0.6228
vn 0.2195 0.3812 -0.8981
vn 0.2195 0.3807 -0.8983
vn 0.2201 0.3812 -0.8979
vn -0.0542 -0.9914 -0.1193
vn 0.2398 -0.9324 -0.2704
vn 0.2399 -0.9326 -0.2697
vn 0.2401 -0.9322 -0.2710
vn 0.3962 -0.8093 -0.4337
vn 0.3960 -0.8099 -0.4327
vn 0.3979 -0.8089 -0.4328
vn -0.5313 0.6282 0.5684
vn -0.5307 0.6287 0.5685
vn -0.5307 0.6284 0.5688
vn -0.9304 0.2895 -0.2246
vn -0.9304 0.2894 -0.2248
vn -0.7541 0.6298 -0.1861
vn -0.7543 0.6294 -0.1870
vn -0.7540 0.6299 -0.1865
vn 0.0757 -0.9929 0.0918
vn -0.0498 -0.9904 0.1286
vn 0.2341 0.1241 -0.9643
vn 0.2331 0.1257 -0.9643
vn 0.2303 0.1236 -0.9652
vn -0.9019 -0.3754 -0.2136
vn -0.9022 -0.3750 -0.2133
vn -0.9021 -0.3756 -0.2126
vn -0.1709 0.6229 0.7634
vn -0.1710 0.6228 0.7635
vn -0.1707 0.6230 0.7633
vn 0.4806 0.7592 0.4390
vn 0.4826 0.7578 0.4391
vn 0.4826 0.7577 0.4392
vn 0.5512 0.6031 -0.5766
vn 0.5524 0.6019 -0.5767
vn 0.5531 0.6042 -0.5736
vn -0.7227 -0.1227 -0.6802
vn -0.7224 -0.1234 -0.6804
vn -0.7216 -0.1225 -0.6813
vn -0.2047 0.3996 0.8935
vn -0.2077 0.3978 0.8936
vn -0.2083 0.3989 0.8930
vn -0.6266 0.4060 0.6652
vn -0.6252 0.4069 0.6660
vn -0.6250 0.4064 0.6665
vn 0.6849 0.1163 -0.7193
vn 0.6837 0.1174 -0.7202
vn 0.6835 0.1166 -0.7206
vn -0.5514 -0.6051 0.5743
vn -0.5516 -0.6060 0.5732
vn -0.5519 -0.6053 0.5736
vn -0.6758 -0.3828 -0.6299
vn -0.6754 -0.3833 -0.6300
vn -0.6750 -0.3825 -0.6309
vn 0.7656 0.6015 -0.2282
vn 0.7667 0.6004 -0.2273
vn 0.7664 0.6010 -0.2268
vn -0.7431 0.6311 0.2224
vn -0.7446 0.6298 0.2212
vn -0.7442 0.6304 0.2206
vn -0.6125 0.7753 -0.1539
vn -0.6126 0.7753 -0.1539
vn -0.6125 0.7754 -0.1540
vn 0.5584 -0.6263 0.5440
vn 0.5593 -0.6256 0.5439
vn 0.5590 -0.6262 0.5436
vn 0.2575 -0.9297 0.2632
vn 0.2569 -0.9299 0.2633
vn 0.2579 -0.9295 0.2635
vn -0.2684 -0.3918 -0.8800
vn -0.2685 -0.3914 -0.8802
vn -0.2690 -0.3919 -0.8798
vn -0.5835 -0.6091 -0.5372
vn -0.5824 -0.6100 -0.5374
vn -0.5826 -0.6095 -0.5378
vn 0.9547 0.0885 -0.2842
vn 0.9547 0.0890 -0.2840
vn 0.9545 0.0896 -0.2844
vn -0.6034 0.7768 0.1801
vn -0.6026 0.7776 0.1791
vn -0.6025 0.7778 0.1789
vn 0.2877 0.0621 0.9557
vn 0.2876 0.0621 0.9557
vn 0.2881 0.0621 0.9556
vn -0.1345 0.7706 0.6230
vn -0.1344 0.7707 0.6229
vn -0.1333 0.7716 0.6220
vn -0.2756 -0.9210 0.2754
vn -0.2793 -0.9197 0.2761
vn -0.2771 -0.9202 0.2764
vn 0.6856 0.0443 -0.7266
vn 0.2876 0.1028 0.9522
vn 0.2875 0.1034 0.9522
vn 0.2879 0.1039 0.9520
vn -0.1042 -0.9231 0.3702
vn -0.1021 -0.9223 0.3727
vn -0.1043 -0.9242 0.3674
vn 0.7159 -0.1445 0.6831
vn 0.7182 -0.1424 0.6811
vn 0.7187 -0.1439 0.6802
vn -0.4287 0.7769 0.4612
vn -0.4289 0.7756 0.4632
vn -0.4289 0.7754 0.4634
vn 0.2272 0.2673 -0.9364
vn 0.2274 0.2675 -0.9363
vn 0.2272 0.2673 -0.9365
vn 0.7211 0.1234 0.6817
vn 0.7229 0.1254 0.6795
vn 0.7236 0.1238 0.6790
vn 0.6250 -0.4065 -0.6665
vn 0.6252 -0.4069 -0.6660
vn 0.6265 -0.4060 -0.6653
vn 0.0693 -0.9298 -0.3616
vn 0.0683 -0.9300 -0.3611
vn 0.0690 -0.9301 -0.3609
vn 0.5617 -0.8105 -0.1661
vn 0.5606 -0.8112 -0.1667
vn 0.5625 -0.8102 -0.1649
vn -0.2670 0.2762 -0.9233
vn -0.2671 0.2764 -0.9232
vn -0.2670 0.2763 -0.9233
vn -0.9556 0.0855 0.2821
vn -0.9555 0.0854 0.2823
vn 0.7222 0.0955 0.6850
vn 0.7228 0.0950 0.6845
vn 0.7226 0.0942 0.6848
vn -0.2166 0.2785 0.9357
vn -0.2549 0.3896 -0.8850
vn -0.6838 -0.1173 0.7202
vn -0.6837 -0.1173 0.7202
vn -0.6838 -0.1174 0.7202
vn 0.6425 0.7520 0.1473
vn 0.6420 0.7523 0.1476
vn 0.6412 0.7535 0.1456
vn -0.7646 -0.6031 0.2273
vn -0.7645 -0.6033 0.2270
vn -0.7648 -0.6030 0.2269
vn -0.1229 -0.9267 -0.3553
vn -0.1226 -0.9264 -0.3559
vn -0.1229 -0.9265 -0.3556
vn -0.1519 -0.7931 0.5899
vn -0.1524 -0.7935 0.5891
vn -0.1538 -0.7926 0.5900
vn 0.5699 -0.8092 0.1429
vn 0.5689 -0.8097 0.1439
vn 0.5696 -0.8093 0.1435
vn 0.2353 0.6157 0.7521
vn 0.2354 0.6160 0.7518
vn 0.2352 0.6154 0.7523
vn 0.4555 0.7544 -0.4726
vn 0.4561 0.7540 -0.4727
vn 0.4603 0.7510 -0.4734
vn -0.2841 -0.1340 -0.9494
vn -0.2844 -0.1334 -0.9494
vn -0.2850 -0.1340 -0.9491
vn -0.2332 -0.1258 0.9643
vn -0.9696 0.0739 -0.2332
vn 0.9583 0.1721 0.2281
vn 0.9583 0.1721 0.2280
vn 0.9583 0.1722 0.2282
vn 0.1642 0.7551 -0.6347
vn 0.1663 0.7585 -0.6301
vn 0.1668 0.7591 -0.6292
vn -0.8897 -0.3719 0.2647
vn -0.8898 -0.3718 0.2647
vn -0.7184 0.1440 -0.6806
vn -0.7179 0.1424 -0.6814
vn -0.7156 0.1445 -0.6834
vn 0.9686 0.0903 0.2316
vn 0.9687 0.0894 0.2314
vn 0.9687 0.0887 0.2320
vn 0.2690 0.3918 0.8798
vn 0.2685 0.3913 0.8802
vn 0.2683 0.3917 0.8801
vn 0.1733 -0.6259 -0.7604
vn 0.1727 -0.6247 -0.7615
vn 0.1696 -0.6270 -0.7603
vn 0.2838 0.1351 0.9493
vn 0.2844 0.1356 0.9491
vn 0.2846 0.1352 0.9491
vn 0.2549 -0.3896 0.8850
vn 0.2548 -0.3897 0.8850
vn 0.2546 -0.3896 0.8851
vn -0.1418 -0.9895 -0.0295
vn -0.2295 0.0653 0.9711
vn 0.6611 -0.3988 0.6356
vn 0.6610 -0.3989 0.6356
vn 0.6612 -0.3986 0.6356
vn -0.1077 -0.9894 0.0972
vn 0.1061 -0.9940 -0.0273
vn -0.4503 -0.7935 -0.4093
vn -0.4503 -0.7945 -0.4074
vn -0.4495 -0.7932 -0.4108
vn 0.6786 -0.1519 -0.7186
vn 0.6786 -0.1518 -0.7186
vn 0.3500 -0.9322 0.0918
vn -0.2798 0.1363 -0.9503
vn -0.2800 0.1359 -0.9503
vn -0.2799 0.1360 -0.9503
vn 0.9472 -0.1537 -0.2815
vn 0.9472 -0.1536 -0.2815
vn 0.9472 -0.1538 -0.2814
vn 0.2794 -0.1361 0.9505
vn 0.2795 -0.1360 0.9505
vn 0.2794 -0.1362 0.9505
vn -0.6001 -0.7883 -0.1360
vn -0.6003 -0.7882 -0.1359
vn -0.6000 -0.7884 -0.1360
vn 0.0906 -0.9261 0.3663
vn 0.0911 -0.9263 0.3657
vn 0.0906 -0.9263 0.3658
vn 0.8898 0.3718 -0.2647
vn 0.8898 0.3718 -0.2646
vn 0.8898 0.3719 -0.2647
vn 0.7764 0.6041 0.1795
vn 0.9612 -0.1499 0.2315
vn 0.9613 -0.1498 0.2314
vn 0.9612 -0.1501 0.2316
vn 0.9524 0.1133 -0.2831
vn -0.6612 0.3987 -0.6355
vn -0.6614 0.3985 -0.6355
vn -0.6613 0.3986 -0.6355
vn 0.4219 -0.8050 0.4172
vn 0.4219 -0.8049 0.4172
vn -0.2292 0.0723 0.9707
vn -0.2287 0.0724 0.9708
vn -0.2288 0.0724 0.9708
vn -0.9644 0.1261 -0.2322
vn -0.9649 0.1245 -0.2314
vn -0.9650 0.1225 -0.2318
vn -0.2807 0.1103 -0.9534
vn -0.2809 0.1103 -0.9534
vn -0.2800 0.1102 -0.9537
vn -0.6838 0.1192 0.7199
vn -0.6844 0.1209 0.7191
vn -0.6838 0.1227 0.7193
vn -0.7092 0.2013 -0.6756
vn -0.7093 0.2014 -0.6755
vn -0.7093 0.2014 -0.6756
vn 0.9572 0.0469 -0.2855
vn 0.9573 0.0469 -0.2852
vn -0.9564 0.0754 0.2822
vn 0.7250 0.0482 0.6871
vn 0.7147 0.1774 0.6766
vn 0.7146 0.1775 0.6766
vn -0.7237 0.0793 -0.6855
vn -0.7234 0.0792 -0.6858
vn -0.2835 0.0599 -0.9571
vn 0.9713 0.0470 0.2333
vn 0.9712 0.0475 0.2333
vn 0.9713 0.0475 0.2331
vn 0.2876 0.0565 0.9561
vn 0.6790 0.1752 -0.7129
vn 0.6788 0.1754 -0.7131
vn 0.6789 0.1753 -0.7130
vn 0.2303 0.0601 -0.9713
vn 0.2307 0.0601 -0.9712
vn -0.9687 0.0849 -0.2331
vn -0.9687 0.0848 -0.2334
vn -0.2272 0.1131 0.9673
vn -0.2271 0.1131 0.9673
vn -0.9378 0.2072 0.2786
vn 0.6854 0.0516 -0.7263
vn 0.6855 0.0516 -0.7263
vn -0.6874 0.0808 0.7217
vn -0.6868 0.0809 0.7223
vn 0.2307 0.1022 -0.9676
vn 0.2302 0.1005 -0.9680
vn 0.2316 0.0992 -0.9677
vn 0.2855 0.1858 0.9402
vn 0.2854 0.1858 0.9402
vn 0.9443 0.1714 -0.2809
vn -0.2880 -0.9232 -0.2544
vn -0.2884 -0.9231 -0.2543
vn -0.2881 -0.9232 -0.2544
vn 0.9266 0.2554 -0.2760
vn 0.9266 0.2552 -0.2762
vn 0.9266 0.2554 -0.2759
vn 0.2813 0.2688 0.9212
vn 0.2812 0.2687 0.9213
vn 0.2812 0.2688 0.9212
vn -0.9173 0.2901 0.2727
vn 0.6672 0.2594 -0.6982
vn 0.6670 0.2596 -0.6984
vn 0.6672 0.2594 -0.6983
vn 0.7020 0.2608 0.6627
vn 0.7021 0.2607 0.6626
vn -0.6930 0.2850 -0.6623
vn -0.6930 0.2851 -0.6621
vn -0.6930 0.2850 -0.6622
vn 0.9405 0.2561 0.2232
vn -0.2228 0.1955 0.9551
vn -0.2745 0.1927 -0.9421
vn -0.2747 0.1928 -0.9420
vn -0.2746 0.1927 -0.9420
vn 0.2306 0.1832 -0.9557
vn 0.2305 0.1831 -0.9557
vn -0.9513 0.2065 -0.2288
vn -0.9513 0.2065 -0.2287
vn -0.9514 0.2062 -0.2289
vn -0.6734 0.2033 0.7108
vn -0.6734 0.2032 0.7108
vn -0.6409 -0.3728 0.6711
vn -0.8881 0.4055 -0.2166
vn 0.8880 -0.4057 0.2166
vn -0.2826 0.0702 -0.9567
vn -0.9472 0.1534 0.2816
vn 0.5288 -0.6327 -0.5658
vn -0.1845 -0.8003 -0.5705
vn 0.3442 -0.9337 -0.0990
vn -0.5900 -0.7882 0.1751
vn 0.7521 -0.6323 0.1858
vn -0.4551 0.7696 -0.4479
vn -0.3834 -0.9195 -0.0870
vn 0.5825 0.6083 0.5392
vn 0.6753 0.3824 0.6307
vn 0.6415 0.3729 -0.6703
vn 0.9024 0.3752 0.2120
vn -0.2217 -0.3782 0.8988
vn 0.1966 0.6114 -0.7665
vn 0.0670 -0.9936 -0.0913
vn -0.2129 0.6127 -0.7611
vn -0.3769 -0.9190 0.1155
vn -0.7199 0.1191 -0.6838
vn 0.2124 -0.6181 0.7569
vn 0.9665 0.1143 0.2300
vn 0.2284 -0.1444 -0.9628
vn -0.7764 -0.6036 -0.1813
vn -0.4274 -0.7898 0.4399
vn 0.8746 -0.4096 -0.2594
vn -0.9514 0.1252 0.2812
vn -0.1940 -0.6115 0.7671
vn 0.6857 0.0924 -0.7220
vn -0.5591 0.6250 -0.5448
vn -0.9665 -0.1143 -0.2300
vn 0.7404 -0.6352 -0.2198
vn -0.6586 0.2859 0.6961
vn -0.8746 0.4090 0.2606
vn 0.1566 -0.7986 0.5811
vn -0.2280 0.1453 0.9628
vn 0.1983 0.7653 0.6124
vn 0.6330 0.7507 -0.1893
vn -0.2347 -0.6173 -0.7509
vn -0.6786 0.1519 0.7186
vn 0.1263 -0.8053 -0.5793
vn 0.2077 -0.3979 -0.8936
vn -0.1678 0.7656 -0.6211
vn 0.2201 0.3818 -0.8977
vn 0.2396 -0.9322 -0.2711
vn 0.3998 -0.8079 -0.4329
vn -0.5314 0.6280 0.5685
vn -0.9304 0.2897 -0.2245
vn -0.7538 0.6302 -0.1862
vn 0.0189 -0.9918 0.1268
vn 0.2313 0.1217 -0.9653
vn -0.9019 -0.3759 -0.2127
vn -0.1706 0.6232 0.7632
vn 0.4803 0.7590 0.4396
vn 0.5525 0.6047 -0.5737
vn -0.7219 -0.1217 -0.6812
vn -0.2054 0.4013 0.8926
vn -0.6264 0.4053 0.6659
vn 0.6846 0.1154 -0.7197
vn -0.5515 -0.6047 0.5746
vn -0.6753 -0.3822 -0.6308
vn 0.7655 0.6017 -0.2279
vn -0.7430 0.6313 0.2220
vn -0.6123 0.7754 -0.1541
vn 0.5580 -0.6267 0.5439
vn 0.2581 -0.9296 0.2631
vn -0.2689 -0.3922 -0.8797
vn -0.5836 -0.6089 -0.5374
vn 0.9545 0.0888 -0.2846
vn -0.6030 0.7771 0.1802
vn 0.2882 0.0621 0.9556
vn -0.1329 0.7714 0.6223
vn -0.2749 -0.9208 0.2766
vn 0.2881 0.1033 0.9520
vn -0.1063 -0.9238 0.3677
vn 0.7165 -0.1462 0.6822
vn -0.4293 0.7765 0.4612
vn 0.2270 0.2671 -0.9366
vn 0.7219 0.1216 0.6812
vn 0.6263 -0.4054 -0.6659
vn 0.0703 -0.9295 -0.3620
vn 0.5628 -0.8099 -0.1655
vn -0.2668 0.2761 -0.9233
vn 0.7222 0.0948 0.6852
vn -0.2165 0.2784 0.9357
vn 0.6414 0.7533 0.1458
vn -0.7648 -0.6026 0.2277
vn -0.1232 -0.9266 -0.3552
vn -0.1553 -0.7917 0.5909
vn 0.5702 -0.8090 0.1431
vn 0.2350 0.6152 0.7525
vn 0.4605 0.7518 -0.4720
vn -0.2850 -0.1347 -0.9490
vn 0.9582 0.1722 0.2283
vn 0.1629 0.7561 -0.6338
vn -0.7161 0.1463 -0.6825
vn 0.9685 0.0896 0.2323
vn 0.2689 0.3921 0.8797
vn 0.1700 -0.6275 -0.7598
vn 0.2840 0.1347 0.9493
vn 0.2550 -0.3895 0.8850
vn -0.1124 -0.9901 -0.0836
vn 0.6613 -0.3985 0.6356
vn -0.1397 -0.9891 0.0456
vn 0.1074 -0.9937 0.0332
vn -0.4503 -0.7926 -0.4112
vn -0.2797 0.1364 -0.9503
vn 0.9472 -0.1539 -0.2814
vn 0.2793 -0.1363 0.9505
vn -0.5997 -0.7885 -0.1362
vn 0.0902 -0.9259 0.3670
vn 0.8897 0.3719 -0.2647
vn 0.7764 0.6041 0.1796
vn 0.9611 -0.1503 0.2316
vn 0.9524 0.1134 -0.2830
vn -0.6611 0.3988 -0.6355
vn 0.4218 -0.8050 0.4172
vn -0.9646 0.1241 -0.2328
vn -0.2798 0.1106 -0.9537
vn -0.6833 0.1212 0.7200
vn -0.7092 0.2013 -0.6757
vn 0.9573 0.0469 -0.2851
vn 0.7147 0.1774 0.6765
vn -0.7238 0.0793 -0.6855
vn 0.6792 0.1751 -0.7128
vn 0.2308 0.0601 -0.9712
vn -0.9688 0.0849 -0.2331
vn -0.6875 0.0808 0.7217
vn 0.2320 0.1010 -0.9675
vn 0.2855 0.1857 0.9402
vn -0.2876 -0.9233 -0.2545
vn 0.9266 0.2557 -0.2757
vn 0.2814 0.2689 0.9212
vn 0.6674 0.2592 -0.6981
vn 0.7019 0.2609 0.6627
vn -0.6929 0.2849 -0.6623
vn -0.2744 0.1926 -0.9421
vn 0.2307 0.1832 -0.9556
vn -0.9513 0.2064 -0.2289
vn -0.6733 0.2033 0.7109
vn 0.9248 0.0459 0.3777
vn -0.3723 0.1057 0.9221
vn 0.9864 0.0211 0.1631
vn 0.9864 0.0212 0.1631
vn -0.1578 0.1130 0.9810
vn 0.9981 -0.0047 -0.0613
vn 0.0641 0.1148 0.9913
vn 0.0642 0.1147 0.9913
vn 0.2827 0.1108 0.9528
vn -0.9584 0.0306 0.2837
vn 0.4876 0.1014 0.8672
vn 0.4876 0.1015 0.8672
vn -0.8698 0.0546 0.4904
vn 0.6686 0.0870 0.7385
vn -0.7377 0.0758 0.6709
vn 0.8169 0.0682 0.5727
vn -0.5689 0.0931 0.8171
vn 0.9846 0.0968 0.1454
vn 0.9846 0.0969 0.1454
vn -0.1627 0.3266 0.9311
vn 0.9975 0.0212 -0.0674
vn 0.0589 0.3394 0.9388
vn 0.2775 0.3355 0.9002
vn 0.2775 0.3355 0.9003
vn -0.9590 0.0562 0.2778
vn 0.4826 0.3150 0.8173
vn 0.4826 0.3149 0.8172
vn -0.8715 0.1301 0.4728
vn -0.8715 0.1302 0.4727
vn -0.8715 0.1301 0.4727
vn 0.6641 0.2789 0.6937
vn -0.7405 0.1970 0.6425
vn -0.7405 0.1969 0.6425
vn 0.8132 0.2288 0.5352
vn -0.5727 0.2537 0.7796
vn -0.5726 0.2536 0.7796
vn 0.9220 0.1671 0.3494
vn -0.3767 0.2976 0.8772
vn -0.3768 0.2976 0.8772
vn -0.1763 0.5228 0.8340
vn 0.9959 0.0446 -0.0789
vn 0.0446 0.5458 0.8367
vn 0.0447 0.5458 0.8367
vn 0.2632 0.5419 0.7982
vn -0.9606 0.0797 0.2661
vn 0.4690 0.5112 0.7202
vn -0.8763 0.1994 0.4385
vn 0.6519 0.4552 0.6065
vn -0.7482 0.3082 0.5875
vn 0.8030 0.3763 0.4622
vn 0.8029 0.3763 0.4622
vn -0.5829 0.4013 0.7066
vn 0.9143 0.2784 0.2943
vn 0.9142 0.2784 0.2943
vn -0.3890 0.4739 0.7900
vn -0.3889 0.4739 0.7900
vn 0.9798 0.1662 0.1111
vn 0.9798 0.1661 0.1111
vn 0.9933 0.0649 -0.0957
vn 0.0220 0.7230 0.6905
vn 0.2407 0.7190 0.6520
vn 0.2406 0.7190 0.6520
vn -0.9633 0.1002 0.2492
vn 0.4475 0.6796 0.5813
vn -0.8840 0.2591 0.3892
vn -0.8839 0.2590 0.3894
vn -0.8839 0.2590 0.3893
vn 0.6326 0.6065 0.4816
vn -0.7604 0.4038 0.5087
vn -0.7604 0.4038 0.5086
vn 0.7868 0.5030 0.3577
vn -0.5990 0.5279 0.6021
vn 0.9021 0.3739 0.2155
vn -0.4083 0.6252 0.6652
vn 0.9722 0.2256 0.0620
vn 0.9722 0.2257 0.0619
vn -0.1978 0.6912 0.6950
vn -0.0076 0.8612 0.5082
vn 0.2110 0.8573 0.4696
vn -0.9666 0.1158 0.2285
vn 0.4193 0.8111 0.4079
vn -0.8939 0.3055 0.3280
vn 0.6073 0.7246 0.3258
vn -0.7764 0.4784 0.4103
vn 0.7656 0.6018 0.2273
vn -0.6202 0.6267 0.4717
vn 0.8861 0.4485 0.1171
vn -0.4336 0.7433 0.5094
vn 0.9623 0.2721 0.0006
vn 0.9623 0.2721 0.0007
vn -0.2260 0.8227 0.5217
vn -0.2260 0.8226 0.5217
vn 0.9899 0.0807 -0.1165
vn 0.1758 0.9492 0.2609
vn -0.9707 0.1264 0.2045
vn 0.3858 0.8985 0.2095
vn -0.9057 0.3364 0.2578
vn -0.9057 0.3364 0.2579
vn 0.5773 0.8031 0.1475
vn -0.7954 0.5280 0.2977
vn -0.7953 0.5280 0.2977
vn 0.7405 0.6676 0.0781
vn 0.7404 0.6676 0.0781
vn -0.6454 0.6925 0.3225
vn 0.8671 0.4981 0.0045
vn -0.4637 0.8218 0.3311
vn -0.4636 0.8218 0.3312
vn 0.9504 0.3030 -0.0695
vn 0.9504 0.3031 -0.0695
vn -0.2594 0.9100 0.3233
vn 0.9859 0.0913 -0.1406
vn -0.0428 0.9531 0.2995
vn -0.9751 0.1310 0.1790
vn 0.3490 0.9371 -0.0033
vn -0.9188 0.3501 0.1826
vn 0.5442 0.8378 -0.0436
vn 0.5442 0.8378 -0.0437
vn -0.8163 0.5499 0.1770
vn -0.8162 0.5499 0.1770
vn 0.7127 0.6966 -0.0819
vn 0.7128 0.6966 -0.0818
vn 0.7128 0.6966 -0.0819
vn -0.6731 0.7215 0.1625
vn -0.6731 0.7215 0.1626
vn 0.8462 0.5200 -0.1161
vn 0.8462 0.5200 -0.1162
vn -0.4967 0.8565 0.1400
vn -0.4968 0.8565 0.1400
vn 0.9374 0.3167 -0.1447
vn -0.2963 0.9487 0.1105
vn -0.2962 0.9487 0.1105
vn 0.9814 0.0959 -0.1660
vn -0.0815 0.9938 0.0757
vn 0.1371 0.9899 0.0371
vn 0.3108 0.9249 -0.2189
vn -0.9323 0.3457 0.1064
vn -0.9323 0.3458 0.1064
vn 0.5098 0.8269 -0.2374
vn 0.5098 0.8269 -0.2373
vn -0.8380 0.5430 0.0547
vn -0.8379 0.5430 0.0547
vn 0.6840 0.6875 -0.2440
vn 0.6840 0.6875 -0.2441
vn -0.7018 0.7124 0.0003
vn -0.7018 0.7123 0.0004
vn 0.8245 0.5131 -0.2385
vn 0.8245 0.5131 -0.2386
vn -0.5311 0.8456 -0.0538
vn 0.9239 0.3124 -0.2210
vn -0.3345 0.9365 -0.1051
vn -0.3345 0.9365 -0.1052
vn 0.9768 0.0944 -0.1921
vn -0.1217 0.9810 -0.1512
vn 0.0968 0.9771 -0.1897
vn -0.9797 0.1296 0.1529
vn -0.9456 0.3237 0.0332
vn 0.4760 0.7709 -0.4233
vn 0.4760 0.7708 -0.4233
vn -0.8593 0.5076 -0.0628
vn 0.6557 0.6405 -0.3997
vn 0.6557 0.6406 -0.3997
vn -0.7301 0.6654 -0.1553
vn -0.7301 0.6655 -0.1553
vn 0.8032 0.4777 -0.3559
vn 0.8032 0.4778 -0.3559
vn -0.5649 0.7896 -0.2398
vn -0.5649 0.7895 -0.2398
vn 0.9106 0.2904 -0.2941
vn 0.9106 0.2904 -0.2940
vn -0.3721 0.8741 -0.3121
vn -0.3721 0.8742 -0.3121
vn 0.9723 0.0870 -0.2168
vn -0.1613 0.9154 -0.3688
vn 0.0573 0.9115 -0.4074
vn 0.0572 0.9114 -0.4074
vn -0.9842 0.1221 0.1281
vn 0.2732 0.8626 -0.4259
vn 0.2732 0.8626 -0.4258
vn 0.4446 0.6728 -0.5914
vn -0.8791 0.4457 -0.1689
vn -0.8791 0.4456 -0.1689
vn 0.6294 0.5585 -0.5403
vn 0.6295 0.5585 -0.5403
vn -0.7564 0.5833 -0.2959
vn 0.7834 0.4158 -0.4620
vn 0.7833 0.4158 -0.4621
vn -0.5963 0.6915 -0.4078
vn 0.8982 0.2517 -0.3603
vn 0.8982 0.2518 -0.3602
vn 0.8982 0.2518 -0.3603
vn -0.4071 0.7650 -0.4991
vn 0.9681 0.0738 -0.2395
vn -0.1981 0.8005 -0.5656
vn -0.1981 0.8006 -0.5656
vn 0.0205 0.7966 -0.6041
vn -0.9884 0.1090 0.1057
vn 0.2382 0.7534 -0.6129
vn 0.2383 0.7534 -0.6129
vn -0.9579 0.2851 -0.0329
vn 0.6066 0.4456 -0.6584
vn 0.6065 0.4456 -0.6585
vn -0.7793 0.4705 -0.4140
vn 0.7661 0.3306 -0.5511
vn 0.7661 0.3306 -0.5512
vn -0.6236 0.5566 -0.5489
vn 0.8875 0.1987 -0.4158
vn -0.4374 0.6149 -0.6562
vn -0.4374 0.6148 -0.6562
vn 0.9645 0.0558 -0.2583
vn -0.2301 0.6426 -0.7308
vn -0.2300 0.6426 -0.7308
vn -0.0115 0.6387 -0.7694
vn -0.9921 0.0909 0.0868
vn 0.2078 0.6033 -0.7700
vn -0.9687 0.2320 -0.0885
vn -0.9687 0.2321 -0.0884
vn 0.4173 0.5379 -0.7325
vn -0.8964 0.3605 -0.2580
vn -0.8963 0.3606 -0.2580
vn -0.7975 0.3329 -0.5032
vn 0.7524 0.2268 -0.6185
vn -0.6454 0.3922 -0.6555
vn -0.6454 0.3923 -0.6555
vn 0.8789 0.1340 -0.4577
vn 0.8789 0.1338 -0.4579
vn 0.8789 0.1339 -0.4579
vn -0.4616 0.4320 -0.7748
vn 0.9615 0.0335 -0.2727
vn -0.2555 0.4502 -0.8556
vn -0.0369 0.4463 -0.8941
vn -0.9950 0.0689 0.0725
vn 0.1836 0.4204 -0.8886
vn -0.9772 0.1674 -0.1304
vn 0.3955 0.3735 -0.8390
vn 0.3956 0.3735 -0.8391
vn 0.3955 0.3736 -0.8390
vn -0.9101 0.2568 -0.3253
vn -0.9101 0.2567 -0.3253
vn 0.5884 0.3080 -0.7476
vn 0.7429 0.1100 -0.6603
vn 0.7429 0.1101 -0.6603
vn -0.6604 0.2072 -0.7218
vn 0.8730 0.0613 -0.4838
vn 0.8730 0.0612 -0.4838
vn -0.4784 0.2260 -0.8486
vn -0.4783 0.2261 -0.8486
vn 0.9595 0.0090 -0.2815
vn -0.2731 0.2336 -0.9332
vn -0.0545 0.2297 -0.9717
vn -0.9970 0.0440 0.0636
vn 0.1669 0.2144 -0.9624
vn -0.9832 0.0945 -0.1565
vn -0.9831 0.0945 -0.1565
vn 0.3805 0.1885 -0.9053
vn 0.3805 0.1886 -0.9053
vn -0.9196 0.1399 -0.3671
vn 0.5758 0.1532 -0.8031
vn -0.8100 0.1781 -0.5587
vn -0.8100 0.1780 -0.5587
vn -0.6678 0.0116 -0.7442
vn 0.8701 -0.0158 -0.4926
vn -0.4867 0.0082 -0.8735
vn 0.9585 -0.0172 -0.2845
vn -0.2818 0.0045 -0.9595
vn -0.0633 0.0006 -0.9980
vn -0.0632 0.0006 -0.9980
vn -0.9980 0.0180 0.0606
vn 0.1586 -0.0033 -0.9873
vn -0.9861 0.0176 -0.1653
vn 0.3731 -0.0071 -0.9278
vn 0.3730 -0.0071 -0.9278
vn -0.9243 0.0163 -0.3813
vn 0.5696 -0.0106 -0.8219
vn -0.8163 0.0143 -0.5775
vn 0.7382 -0.0135 -0.6745
vn 0.8703 -0.0928 -0.4838
vn 0.8703 -0.0927 -0.4838
vn -0.4862 -0.2097 -0.8483
vn -0.4861 -0.2097 -0.8484
vn 0.9586 -0.0434 -0.2815
vn -0.2813 -0.2247 -0.9329
vn -0.0627 -0.2286 -0.9715
vn -0.9979 -0.0084 0.0636
vn 0.1591 -0.2213 -0.9621
vn -0.9859 -0.0595 -0.1564
vn 0.3735 -0.2030 -0.9051
vn 0.3735 -0.2029 -0.9052
vn -0.9240 -0.1073 -0.3670
vn 0.5700 -0.1745 -0.8029
vn -0.8159 -0.1496 -0.5586
vn 0.7385 -0.1372 -0.6602
vn -0.6674 -0.1843 -0.7216
vn 0.9597 -0.0683 -0.2726
vn -0.2715 -0.4417 -0.8551
vn -0.0529 -0.4456 -0.8937
vn -0.0529 -0.4457 -0.8936
vn -0.9968 -0.0331 0.0725
vn 0.1685 -0.4276 -0.8881
vn 0.1684 -0.4276 -0.8882
vn -0.9826 -0.1324 -0.1302
vn -0.9826 -0.1325 -0.1302
vn 0.3819 -0.3883 -0.8387
vn -0.9187 -0.2244 -0.3250
vn 0.5770 -0.3296 -0.7473
vn -0.8089 -0.3047 -0.5029
vn -0.8088 -0.3047 -0.5029
vn 0.7438 -0.2542 -0.6182
vn 0.7438 -0.2543 -0.6181
vn -0.6590 -0.3696 -0.6551
vn 0.8736 -0.1658 -0.4576
vn 0.8736 -0.1659 -0.4576
vn -0.4768 -0.4159 -0.7744
vn -0.4768 -0.4159 -0.7743
vn -0.2529 -0.6348 -0.7301
vn -0.0343 -0.6387 -0.7687
vn -0.9947 -0.0555 0.0869
vn 0.1861 -0.6111 -0.7694
vn 0.1861 -0.6111 -0.7693
vn -0.9764 -0.1973 -0.0882
vn -0.9763 -0.1974 -0.0882
vn 0.3978 -0.5533 -0.7319
vn 0.3977 -0.5533 -0.7319
vn -0.9087 -0.3285 -0.2577
vn -0.9087 -0.3285 -0.2576
vn 0.5903 -0.4677 -0.6579
vn -0.7956 -0.4427 -0.4135
vn 0.7538 -0.3584 -0.5508
vn -0.6431 -0.5345 -0.5483
vn 0.8798 -0.2307 -0.4156
vn -0.4592 -0.5995 -0.6555
vn -0.4591 -0.5995 -0.6555
vn 0.9618 -0.0905 -0.2582
vn -0.0080 -0.7975 -0.6033
vn -0.9917 -0.0733 0.1055
vn 0.2111 -0.7621 -0.6121
vn -0.9675 -0.2507 -0.0327
vn -0.9675 -0.2508 -0.0325
vn -0.9675 -0.2507 -0.0326
vn 0.4203 -0.6888 -0.5907
vn -0.8945 -0.4142 -0.1684
vn -0.8945 -0.4141 -0.1685
vn 0.6091 -0.5811 -0.5397
vn 0.6091 -0.5812 -0.5397
vn -0.7768 -0.5562 -0.2953
vn 0.7680 -0.4440 -0.4616
vn -0.6206 -0.6701 -0.4071
vn -0.6207 -0.6701 -0.4071
vn 0.8886 -0.2841 -0.3600
vn -0.4342 -0.7504 -0.4984
vn 0.9648 -0.1086 -0.2394
vn -0.2266 -0.7935 -0.5648
vn -0.2266 -0.7935 -0.5647
vn 0.0246 -0.9133 -0.4065
vn -0.9879 -0.0867 0.1283
vn 0.2422 -0.8722 -0.4250
vn -0.9565 -0.2897 0.0336
vn -0.9565 -0.2896 0.0334
vn -0.9565 -0.2896 0.0335
vn 0.4482 -0.7878 -0.4225
vn 0.4481 -0.7878 -0.4225
vn -0.8769 -0.4766 -0.0623
vn -0.8769 -0.4766 -0.0622
vn 0.6324 -0.6640 -0.3990
vn 0.6324 -0.6639 -0.3991
vn -0.7534 -0.6391 -0.1546
vn 0.7856 -0.5065 -0.3554
vn 0.7856 -0.5065 -0.3555
vn -0.5928 -0.7691 -0.2389
vn 0.8996 -0.3231 -0.2938
vn 0.8996 -0.3232 -0.2937
vn 0.8996 -0.3231 -0.2937
vn -0.4031 -0.8606 -0.3112
vn 0.9686 -0.1219 -0.2167
vn -0.1939 -0.9094 -0.3679
vn 0.2775 -0.9357 -0.2180
vn 0.2776 -0.9357 -0.2180
vn -0.9440 -0.3121 0.1067
vn -0.9440 -0.3121 0.1068
vn 0.4799 -0.8448 -0.2365
vn 0.4799 -0.8448 -0.2366
vn -0.8568 -0.5126 0.0552
vn 0.6590 -0.7117 -0.2433
vn 0.6590 -0.7118 -0.2433
vn -0.7268 -0.6868 0.0010
vn 0.8056 -0.5425 -0.2380
vn 0.8056 -0.5425 -0.2381
vn 0.8057 -0.5425 -0.2380
vn -0.5610 -0.8261 -0.0530
vn -0.5610 -0.8261 -0.0529
vn 0.9122 -0.3454 -0.2205
vn 0.9121 -0.3455 -0.2207
vn -0.3677 -0.9241 -0.1042
vn -0.3678 -0.9241 -0.1042
vn 0.9728 -0.1295 -0.1919
vn -0.1568 -0.9762 -0.1502
vn 0.0618 -0.9801 -0.1887
vn -0.9837 -0.0943 0.1531
vn -0.9307 -0.3168 0.1830
vn -0.9307 -0.3168 0.1829
vn 0.5138 -0.8568 -0.0427
vn -0.8354 -0.5202 0.1776
vn 0.6874 -0.7217 -0.0812
vn -0.6984 -0.6968 0.1632
vn -0.6985 -0.6968 0.1632
vn 0.8271 -0.5501 -0.1156
vn 0.8271 -0.5501 -0.1157
vn -0.5270 -0.8381 0.1408
vn 0.9255 -0.3501 -0.1444
vn 0.9255 -0.3501 -0.1445
vn -0.3300 -0.9374 0.1115
vn -0.3299 -0.9374 0.1115
vn 0.9774 -0.1311 -0.1661
vn -0.1170 -0.9902 0.0767
vn 0.1016 -0.9941 0.0381
vn -0.9791 -0.0959 0.1791
vn 0.3153 -0.9490 -0.0023
vn 0.5482 -0.8231 0.1484
vn -0.8137 -0.4989 0.2983
vn -0.8137 -0.4989 0.2982
vn 0.7161 -0.6935 0.0788
vn -0.6697 -0.6686 0.3232
vn -0.6697 -0.6686 0.3233
vn 0.8487 -0.5288 0.0051
vn -0.4927 -0.8044 0.3320
vn 0.9390 -0.3369 -0.0691
vn 0.9390 -0.3369 -0.0693
vn 0.9390 -0.3369 -0.0692
vn -0.2918 -0.8999 0.3242
vn 0.9820 -0.1266 -0.1404
vn -0.0769 -0.9507 0.3005
vn -0.0768 -0.9507 0.3005
vn 0.1418 -0.9546 0.2619
vn -0.9745 -0.0914 0.2047
vn 0.3535 -0.9115 0.2104
vn -0.9172 -0.3035 0.2583
vn -0.7930 -0.4499 0.4108
vn 0.7436 -0.6286 0.2279
vn 0.7436 -0.6286 0.2280
vn -0.6422 -0.6037 0.4724
vn -0.6423 -0.6037 0.4723
vn 0.8695 -0.4798 0.1176
vn -0.4599 -0.7268 0.5102
vn 0.9519 -0.3064 0.0010
vn 0.9519 -0.3064 0.0009
vn -0.2552 -0.8135 0.5226
vn 0.9864 -0.1162 -0.1165
vn -0.0384 -0.8599 0.5091
vn 0.1802 -0.8638 0.4705
vn -0.9701 -0.0810 0.2287
vn 0.3900 -0.8251 0.4087
vn -0.9043 -0.2730 0.3283
vn 0.5810 -0.7455 0.3266
vn 0.7683 -0.5304 0.3582
vn -0.6175 -0.5055 0.6026
vn 0.8881 -0.4057 0.2159
vn -0.4303 -0.6095 0.6658
vn 0.9635 -0.2602 0.0622
vn -0.2224 -0.6830 0.6958
vn 0.9903 -0.1005 -0.0956
vn -0.0038 -0.7226 0.6913
vn 0.2148 -0.7265 0.6527
vn -0.9662 -0.0654 0.2493
vn 0.4229 -0.6946 0.5820
vn -0.8926 -0.2269 0.3895
vn 0.6106 -0.6282 0.4823
vn 0.6106 -0.6282 0.4822
vn -0.7743 -0.3759 0.5090
vn 0.9037 -0.3106 0.2946
vn -0.4056 -0.4589 0.7905
vn -0.4057 -0.4589 0.7905
vn 0.9733 -0.2009 0.1113
vn 0.9733 -0.2009 0.1114
vn -0.1949 -0.5153 0.8345
vn 0.9937 -0.0802 -0.0788
vn 0.0251 -0.5462 0.8373
vn 0.2437 -0.5502 0.7987
vn -0.9629 -0.0451 0.2661
vn 0.4504 -0.5270 0.7207
vn 0.4504 -0.5269 0.7207
vn -0.8829 -0.1676 0.4386
vn -0.8829 -0.1675 0.4386
vn 0.6353 -0.4776 0.6069
vn 0.6352 -0.4776 0.6070
vn -0.7587 -0.2807 0.5878
vn 0.7890 -0.4043 0.4626
vn -0.5968 -0.3794 0.7070
vn -0.3871 -0.2830 0.8775
vn 0.9805 -0.1318 0.1455
vn -0.1743 -0.3196 0.9314
vn 0.9961 -0.0569 -0.0673
vn 0.0468 -0.3403 0.9391
vn 0.0467 -0.3403 0.9392
vn 0.2654 -0.3442 0.9006
vn -0.9604 -0.0216 0.2778
vn 0.4710 -0.3312 0.8176
vn -0.8756 -0.0984 0.4729
vn 0.6538 -0.3017 0.6939
vn -0.7470 -0.1697 0.6428
vn 0.8045 -0.2571 0.5354
vn -0.5813 -0.2322 0.7798
vn 0.9154 -0.1996 0.3496
vn 0.9850 -0.0563 0.1631
vn -0.1617 -0.1063 0.9811
vn 0.9976 -0.0311 -0.0613
vn 0.0600 -0.1159 0.9914
vn 0.2786 -0.1199 0.9529
vn -0.9589 0.0041 0.2837
vn 0.4836 -0.1179 0.8673
vn -0.8712 -0.0229 0.4905
vn 0.6651 -0.1101 0.7386
vn -0.7399 -0.0486 0.6709
vn -0.7399 -0.0487 0.6710
vn 0.8140 -0.0968 0.5728
vn -0.5719 -0.0719 0.8172
vn 0.9226 -0.0785 0.3778
vn -0.3758 -0.0914 0.9222
vn -0.1577 0.1130 0.9810
vn 0.9846 0.0967 0.1454
vn 0.6642 0.2788 0.6936
vn 0.8132 0.2288 0.5351
vn -0.5727 0.2537 0.7795
vn -0.3767 0.2975 0.8772
vn 0.2633 0.5418 0.7982
vn 0.6520 0.4552 0.6064
vn -0.5829 0.4012 0.7066
vn -0.4083 0.6252 0.6651
vn -0.1978 0.6912 0.6951
vn 0.6073 0.7246 0.3259
vn 0.9623 0.2722 0.0006
vn 0.3859 0.8985 0.2095
vn -0.9057 0.3363 0.2579
vn 0.3491 0.9371 -0.0033
vn -0.6730 0.7215 0.1625
vn -0.9323 0.3457 0.1063
vn -0.7019 0.7123 0.0005
vn -0.5312 0.8456 -0.0538
vn -0.5649 0.7896 -0.2397
vn -0.1614 0.9154 -0.3689
vn 0.2731 0.8626 -0.4259
vn 0.4446 0.6727 -0.5914
vn -0.8791 0.4458 -0.1688
vn -0.7792 0.4705 -0.4140
vn -0.4375 0.6149 -0.6562
vn -0.0114 0.6387 -0.7694
vn 0.2078 0.6032 -0.7700
vn -0.4616 0.4319 -0.7748
vn -0.0370 0.4463 -0.8941
vn -0.9832 0.0944 -0.1565
vn -0.4867 0.0083 -0.8735
vn -0.2818 0.0045 -0.9594
vn 0.1591 -0.2212 -0.9621
vn -0.9240 -0.1072 -0.3671
vn -0.0528 -0.4456 -0.8937
vn -0.9826 -0.1324 -0.1303
vn -0.8088 -0.3048 -0.5029
vn -0.9763 -0.1975 -0.0881
vn 0.3978 -0.5532 -0.7319
vn -0.7956 -0.4428 -0.4135
vn -0.6431 -0.5345 -0.5484
vn 0.2112 -0.7621 -0.6121
vn -0.9675 -0.2507 -0.0328
vn -0.8945 -0.4142 -0.1683
vn -0.7768 -0.5562 -0.2954
vn 0.2421 -0.8722 -0.4250
vn 0.8996 -0.3230 -0.2938
vn -0.1940 -0.9094 -0.3679
vn 0.4799 -0.8449 -0.2365
vn 0.6590 -0.7117 -0.2434
vn 0.8057 -0.5425 -0.2379
vn -0.1568 -0.9762 -0.1501
vn 0.0619 -0.9801 -0.1887
vn 0.5139 -0.8568 -0.0428
vn 0.6874 -0.7217 -0.0811
vn -0.6984 -0.6968 0.1633
vn -0.8137 -0.4988 0.2983
vn 0.8487 -0.5288 0.0050
vn -0.4927 -0.8043 0.3320
vn -0.7930 -0.4500 0.4107
vn -0.4599 -0.7268 0.5101
vn -0.2552 -0.8135 0.5225
vn -0.0384 -0.8598 0.5091
vn 0.3900 -0.8251 0.4088
vn 0.2148 -0.7265 0.6528
vn 0.6105 -0.6282 0.4823
vn -0.1948 -0.5154 0.8345
vn 0.0468 -0.3404 0.9391
vn 0.6538 -0.3017 0.6940
vn 0.9226 -0.0786 0.3778
vt 0.076499 0.233967
vt 0.493743 0.345883
vt 0.470550 0.374468
vt 0.932765 0.518208
vt 0.912975 0.504423
vt 0.935416 0.514617
vt 0.875235 0.950021
vt 0.060355 0.855222
vt 0.920931 0.957372
vt 0.916801 0.949978
vt 0.877037 0.950457
vt 0.918866 0.953675
vt 0.053481 0.182251
vt 0.076498 0.233967
vt 0.877038 0.950458
vt 0.905713 0.913229
vt 0.931064 0.907126
vt 0.291212 0.573192
vt 0.920322 0.549162
vt 0.940134 0.564711
vt 0.913223 0.504415
vt 0.938068 0.511026
vt 0.913224 0.504415
vt 0.323826 0.584734
vt 0.884805 0.945437
vt 0.910645 0.510478
vt 0.081371 0.816631
vt 0.884806 0.945437
vt 9.978900 -59.029400
vt 9.996070 -59.046501
vt 9.996070 -59.026901
vt 9.991170 -59.022301
vt 9.996070 -59.019600
vt 10.013200 -59.029400
vt 10.001000 -59.022301
vt 9.922010 -58.996101
vt 9.929840 -58.996101
vt 9.927700 -58.991199
vt 9.947240 -58.996101
vt 9.944940 -58.978901
vt 9.967690 -58.972000
vt 9.980530 -58.996101
vt 9.988730 -58.968700
vt 9.988730 -59.023399
vt 9.967690 -59.020199
vt 9.944940 -59.013199
vt 9.927700 -59.000999
vt 10.002800 -59.059700
vt 10.011300 -59.033401
vt 9.983400 -59.026001
vt 9.971030 -59.053902
vt 10.055100 -59.029400
vt 10.027000 -59.055099
vt 10.056800 -59.046501
vt 9.947360 -59.030998
vt 10.072300 -59.022301
vt 10.074400 -59.026901
vt 9.961690 -59.008598
vt 10.019500 -59.007500
vt 9.996620 -58.998798
vt 9.978730 -58.988201
vt 9.953660 -58.989201
vt 9.967480 -58.977402
vt 9.949880 -58.965500
vt 10.030800 -59.008598
vt 10.003900 -59.001099
vt 10.003900 -59.030998
vt 10.022000 -58.989201
vt 10.003900 -58.965500
vt 9.977050 -59.008598
vt 9.985810 -58.989201
vt 10.027000 -58.996101
vt 10.011300 -58.968700
vt 10.002800 -58.996101
vt 10.032300 -58.972000
vt 10.055100 -58.978901
vt 10.011300 -59.023399
vt 10.032300 -59.020199
vt 10.055100 -59.013199
vt 9.972980 -59.055099
vt 9.944940 -59.029400
vt 9.943210 -59.046501
vt 9.997170 -59.059700
vt 10.016600 -59.026001
vt 9.988730 -59.033401
vt 9.925560 -59.026901
vt 9.927700 -59.022301
vt 10.029000 -59.053902
vt 10.052600 -59.030998
vt 10.038300 -59.008598
vt 10.003400 -58.998798
vt 9.980530 -59.007500
vt 10.021300 -58.988201
vt 10.046300 -58.989201
vt 10.032500 -58.977402
vt 10.050100 -58.965500
vt 10.144500 -59.030102
vt 10.158700 -59.000000
vt 10.133000 -59.000000
vt 10.171300 -59.021500
vt 10.187300 -59.000000
vt 10.193100 -59.009701
vt 10.210500 -59.000000
vt 10.144500 -58.969898
vt 10.171300 -58.978500
vt 10.193100 -58.990299
vt 9.891680 -58.903500
vt 9.866980 -58.862499
vt 9.855550 -58.890301
vt 9.903060 -58.876701
vt 9.914570 -58.906799
vt 9.922130 -58.883701
vt 9.936510 -58.894501
vt 9.932000 -58.908199
vt 9.950890 -58.906502
vt 9.880240 -58.930599
vt 9.844060 -58.918201
vt 9.801160 -58.876801
vt 9.806950 -58.868900
vt 9.789540 -58.861198
vt 9.891680 -59.029301
vt 9.907000 -59.000000
vt 9.880240 -59.000000
vt 9.914570 -59.024300
vt 9.927450 -59.000000
vt 9.932000 -59.014400
vt 9.950890 -59.000000
vt 9.891680 -58.970699
vt 9.914570 -58.975700
vt 9.932000 -58.985600
vt 10.133000 -58.862499
vt 10.096900 -58.876701
vt 10.108300 -58.903500
vt 10.144500 -58.890301
vt 10.085400 -58.906799
vt 10.077900 -58.883701
vt 10.063500 -58.894501
vt 10.068000 -58.908199
vt 10.049100 -58.906502
vt 10.119800 -58.930599
vt 10.155900 -58.918201
vt 10.183900 -58.894299
vt 10.171300 -58.876900
vt 10.193100 -58.868900
vt 10.198800 -58.876801
vt 10.210500 -58.861198
vt 9.816130 -58.894299
vt 9.828680 -58.876900
vt 1.802550 -1.850780
vt 1.802550 -1.987790
vt 1.824570 -1.995690
vt 1.871830 -1.875170
vt 1.871830 -1.919280
vt 1.893850 -1.919280
vt 2.094220 -1.919280
vt 2.072200 -1.919280
vt 2.072200 -1.963400
vt 1.831435 -1.915310
vt 1.831435 -1.918940
vt 1.906000 -1.919280
vt 1.848200 -1.919280
vt 1.848200 -1.964950
vt 1.871830 -1.963400
vt 1.908830 -1.987790
vt 1.916090 -1.975230
vt 1.892440 -1.951580
vt 1.906000 -1.926540
vt 1.926850 -1.923505
vt 1.926850 -1.926165
vt 1.892440 -1.886980
vt 1.883790 -1.919280
vt 1.902690 -1.919280
vt 1.936550 -1.939790
vt 1.925540 -1.958860
vt 1.948390 -1.964980
vt 1.948390 -1.854680
vt 1.948390 -1.873590
vt 1.971230 -1.879710
vt 2.113130 -1.919280
vt 2.094220 -1.958840
vt 2.004330 -1.886990
vt 1.980680 -1.863340
vt 1.968410 -1.884600
vt 1.925540 -1.879710
vt 1.936550 -1.898780
vt 1.916090 -1.975220
vt 1.892450 -1.951580
vt 1.756870 -1.918600
vt 2.024940 -1.963400
vt 2.002920 -1.958840
vt 2.002920 -1.987790
vt 2.024940 -1.842880
vt 2.002920 -1.850780
vt 2.002920 -1.879730
vt 1.831435 -1.919280
vt 1.756870 -1.919280
vt 1.831435 -1.922910
vt 2.024940 -1.919280
vt 1.802550 -1.879730
vt 1.802550 -1.919280
vt 1.824570 -1.919280
vt 2.002920 -1.919280
vt 1.984000 -1.919280
vt 1.824570 -1.963400
vt 1.948390 -1.919280
vt 1.924710 -1.919280
vt 1.927880 -1.931120
vt 1.984000 -1.886990
vt 1.948390 -1.895610
vt 1.933340 -1.895655
vt 1.906000 -1.906710
vt 1.906000 -1.912020
vt 1.783640 -1.919280
vt 1.783640 -1.951580
vt 2.048570 -1.964950
vt 2.048570 -1.919280
vt 1.968985 -1.915310
vt 1.947200 -1.918600
vt 1.968985 -1.912655
vt 1.783640 -1.886980
vt 1.987960 -1.896440
vt 2.004330 -1.886980
vt 1.927535 -1.912405
vt 1.949070 -1.918100
vt 1.927535 -1.915060
vt 2.094220 -1.879730
vt 1.963435 -1.919280
vt 1.963435 -1.932925
vt 1.990770 -1.926540
vt 2.016890 -1.879730
vt 1.987940 -1.850780
vt 1.848200 -1.873620
vt 1.824570 -1.875170
vt 2.113130 -1.886980
vt 1.936100 -1.953970
vt 1.949767 -1.943482
vt 1.949767 -1.936117
vt 1.893850 -1.958840
vt 1.994080 -1.919280
vt 1.987960 -1.942130
vt 2.004330 -1.951580
vt 1.908330 -1.919280
vt 1.948390 -1.983880
vt 1.980680 -1.975220
vt 1.968410 -1.953970
vt 1.848200 -1.998380
vt 1.871830 -1.995690
vt 1.908810 -1.942130
vt 2.012980 -1.919280
vt 1.983070 -1.899260
vt 1.927880 -1.907450
vt 1.879880 -1.879730
vt 1.892450 -1.886990
vt 1.916090 -1.863340
vt 1.949767 -1.902450
vt 1.936100 -1.899260
vt 1.936100 -1.919280
vt 1.912770 -1.886990
vt 1.893850 -1.879730
vt 1.960220 -1.939790
vt 1.968890 -1.931120
vt 1.972060 -1.919280
vt 1.968890 -1.907450
vt 1.928360 -1.953970
vt 1.987940 -1.987790
vt 2.048570 -1.873620
vt 2.072200 -1.875170
vt 1.893850 -1.850780
vt 2.024940 -1.875170
vt 2.048570 -1.840190
vt 1.980690 -1.863340
vt 2.094220 -1.850780
vt 2.072200 -1.842880
vt 1.912770 -1.951580
vt 1.912770 -1.919280
vt 1.948390 -1.854690
vt 1.948390 -1.879230
vt 2.016890 -1.958840
vt 1.980690 -1.975230
vt 1.971230 -1.958860
vt 1.933340 -1.919280
vt 1.933340 -1.905640
vt 1.928360 -1.884600
vt 2.065335 -1.923255
vt 2.065335 -1.919625
vt 1.990770 -1.919280
vt 1.913700 -1.899260
vt 1.960220 -1.898780
vt 1.927785 -1.915995
vt 1.927785 -1.913340
vt 1.949570 -1.919970
vt 2.048570 -1.998380
vt 1.947010 -1.919280
vt 1.947010 -1.936117
vt 1.960680 -1.939310
vt 2.024940 -1.995690
vt 1.960680 -1.899260
vt 1.947010 -1.902450
vt 1.933340 -1.932925
vt 1.906000 -1.931860
vt 1.949767 -1.919280
vt 1.948390 -1.959340
vt 1.908810 -1.896440
vt 2.012990 -1.919280
vt 2.065335 -1.915650
vt 2.065335 -1.919280
vt 2.139900 -1.919280
vt 1.988440 -1.919280
vt 1.802550 -1.958840
vt 1.848200 -1.840190
vt 2.113130 -1.951580
vt 2.072200 -1.995690
vt 2.094220 -1.987790
vt 1.948390 -1.942960
vt 1.984000 -1.951580
vt 1.990770 -1.912020
vt 1.963435 -1.905640
vt 1.963435 -1.932995
vt 1.947010 -1.890128
vt 1.921050 -1.898310
vt 2.139900 -1.919970
vt 1.947700 -1.920470
vt 1.947010 -1.948442
vt 1.960680 -1.919280
vt 1.936100 -1.939310
vt 1.960680 -1.884600
vt 1.960680 -1.953970
vt 1.928575 -1.891455
vt 1.824570 -1.842880
vt 1.879880 -1.958840
vt 1.913700 -1.939310
vt 1.908830 -1.850780
vt 1.933340 -1.942915
vt 1.983070 -1.939310
vt 1.990770 -1.906710
vt 1.936100 -1.884600
vt 0.740741 0.214286
vt 0.740741 0.142857
vt 0.703704 0.142857
vt 0.740741 0.642857
vt 0.703704 0.642857
vt 0.703704 0.714286
vt 0.740741 0.071429
vt 0.703704 0.071429
vt 0.740741 0.571429
vt 0.703704 0.571429
vt 0.722222 0.000000
vt 0.740741 0.500000
vt 0.703704 0.500000
vt 0.740741 0.428571
vt 0.703704 0.428571
vt 0.740741 0.928571
vt 0.703704 0.928572
vt 0.722222 1.000000
vt 0.740741 0.357143
vt 0.703704 0.357143
vt 0.740741 0.857143
vt 0.703704 0.857143
vt 0.740741 0.285714
vt 0.703704 0.285714
vt 0.740741 0.785714
vt 0.703704 0.785714
vt 0.703704 0.214286
vt 0.740741 0.714286
vt 0.666667 0.071429
vt 0.666667 0.571429
vt 0.685185 0.000000
vt 0.666667 0.500000
vt 0.666667 0.428571
vt 0.666667 0.928571
vt 0.685185 1.000000
vt 0.666667 0.357143
vt 0.666667 0.857143
vt 0.666667 0.285714
vt 0.666667 0.785714
vt 0.666667 0.214286
vt 0.666667 0.714286
vt 0.666667 0.142857
vt 0.666667 0.642857
vt 0.629630 0.571429
vt 0.629630 0.642857
vt 0.648148 0.000000
vt 0.629630 0.071429
vt 0.629630 0.500000
vt 0.629630 0.428571
vt 0.629630 0.928571
vt 0.648148 1.000000
vt 0.629630 0.357143
vt 0.629630 0.857143
vt 0.629630 0.285714
vt 0.629630 0.785714
vt 0.629630 0.214286
vt 0.629630 0.714286
vt 0.629630 0.142857
vt 0.611111 0.000000
vt 0.592593 0.071429
vt 0.592593 0.500000
vt 0.592593 0.428571
vt 0.592593 0.928572
vt 0.611111 1.000000
vt 0.592593 0.357143
vt 0.592593 0.857143
vt 0.592593 0.285714
vt 0.592593 0.785714
vt 0.592593 0.214286
vt 0.592593 0.714286
vt 0.592593 0.142857
vt 0.592593 0.642857
vt 0.592593 0.571429
vt 0.555556 0.500000
vt 0.555556 0.428571
vt 0.555556 0.928572
vt 0.574074 1.000000
vt 0.555556 0.357143
vt 0.555556 0.857143
vt 0.555556 0.285714
vt 0.555556 0.785714
vt 0.555556 0.214286
vt 0.555556 0.714286
vt 0.555556 0.142857
vt 0.555556 0.642857
vt 0.555556 0.071429
vt 0.555556 0.571429
vt 0.574074 0.000000
vt 0.518519 0.428571
vt 0.518519 0.928572
vt 0.537037 1.000000
vt 0.518519 0.357143
vt 0.518519 0.857143
vt 0.518519 0.285714
vt 0.518519 0.785714
vt 0.518519 0.214286
vt 0.518519 0.714286
vt 0.518519 0.142857
vt 0.518519 0.642857
vt 0.518519 0.071429
vt 0.518519 0.571429
vt 0.537037 0.000000
vt 0.518519 0.500000
vt 0.481481 0.928572
vt 0.500000 1.000000
vt 0.481481 0.357143
vt 0.481481 0.857143
vt 0.481481 0.285714
vt 0.481481 0.785714
vt 0.481481 0.214286
vt 0.481481 0.714286
vt 0.481481 0.142857
vt 0.481481 0.642857
vt 0.481481 0.071429
vt 0.481481 0.571429
vt 0.500000 0.000000
vt 0.481481 0.500000
vt 0.481481 0.428571
vt 0.444444 0.357143
vt 0.444444 0.857143
vt 0.444444 0.285714
vt 0.444444 0.785714
vt 0.444444 0.214286
vt 0.444444 0.714286
vt 0.444444 0.142857
vt 0.444444 0.642857
vt 0.444444 0.071429
vt 0.444444 0.571429
vt 0.462963 0.000000
vt 0.444444 0.500000
vt 0.444444 0.428571
vt 0.444444 0.928572
vt 0.462963 1.000000
vt 0.407407 0.857143
vt 0.407407 0.285714
vt 0.407407 0.357143
vt 0.407407 0.785714
vt 0.407407 0.214286
vt 0.407407 0.714286
vt 0.407407 0.142857
vt 0.407407 0.642857
vt 0.407407 0.071429
vt 0.407407 0.571429
vt 0.425926 0.000000
vt 0.407407 0.500000
vt 0.407407 0.428571
vt 0.407407 0.928572
vt 0.425926 1.000000
vt 0.370370 0.285714
vt 0.370370 0.357143
vt 0.370370 0.785714
vt 0.370370 0.214286
vt 0.370370 0.714286
vt 0.370370 0.142857
vt 0.370370 0.642857
vt 0.370370 0.071429
vt 0.370370 0.571429
vt 0.388889 0.000000
vt 0.370370 0.500000
vt 0.370370 0.428571
vt 0.370370 0.928571
vt 0.388889 1.000000
vt 0.370370 0.857143
vt 0.333333 0.214286
vt 0.333333 0.714286
vt 0.333333 0.142857
vt 0.333333 0.642857
vt 0.333333 0.071429
vt 0.333333 0.571429
vt 0.351852 0.000000
vt 0.333333 0.500000
vt 0.333333 0.428571
vt 0.333333 0.928572
vt 0.351852 1.000000
vt 0.333333 0.357143
vt 0.333333 0.857143
vt 0.333333 0.285714
vt 0.333333 0.785714
vt 0.296296 0.714286
vt 0.296296 0.785714
vt 0.296296 0.142857
vt 0.296296 0.214286
vt 0.296296 0.642857
vt 0.296296 0.071429
vt 0.296296 0.571429
vt 0.314815 0.000000
vt 0.296296 0.500000
vt 0.296296 0.428571
vt 0.296296 0.928572
vt 0.314815 1.000000
vt 0.296296 0.357143
vt 0.296296 0.857143
vt 0.296296 0.285714
vt 0.259259 0.142857
vt 0.259259 0.214286
vt 0.259259 0.642857
vt 0.259259 0.071429
vt 0.259259 0.571429
vt 0.277778 0.000000
vt 0.259259 0.500000
vt 0.259259 0.428571
vt 0.259259 0.928571
vt 0.277778 1.000000
vt 0.259259 0.357143
vt 0.259259 0.857143
vt 0.259259 0.285714
vt 0.259259 0.785714
vt 0.259259 0.714286
vt 0.222222 0.642857
vt 0.222222 0.071429
vt 0.222222 0.571429
vt 0.240741 0.000000
vt 0.222222 0.500000
vt 0.222222 0.428571
vt 0.222222 0.928571
vt 0.240741 1.000000
vt 0.222222 0.357143
vt 0.222222 0.857143
vt 0.222222 0.285714
vt 0.222222 0.785714
vt 0.222222 0.214286
vt 0.222222 0.714286
vt 0.222222 0.142857
vt 0.185185 0.071429
vt 0.185185 0.571429
vt 0.203704 0.000000
vt 0.185185 0.500000
vt 0.185185 0.428571
vt 0.185185 0.928572
vt 0.203704 1.000000
vt 0.185185 0.357143
vt 0.185185 0.857143
vt 0.185185 0.285714
vt 0.185185 0.785714
vt 0.185185 0.214286
vt 0.185185 0.714286
vt 0.185185 0.142857
vt 0.185185 0.642857
vt 0.166667 0.000000
vt 0.148148 0.071429
vt 0.148148 0.500000
vt 0.148148 0.571429
vt 0.148148 0.428571
vt 0.148148 0.928572
vt 0.166667 1.000000
vt 0.148148 0.357143
vt 0.148148 0.857143
vt 0.148148 0.285714
vt 0.148148 0.785714
vt 0.148148 0.214286
vt 0.148148 0.714286
vt 0.148148 0.142857
vt 0.148148 0.642857
vt 0.111111 0.500000
vt 0.111111 0.571429
vt 0.111111 0.428571
vt 0.111111 0.928571
vt 0.129630 1.000000
vt 0.111111 0.357143
vt 0.111111 0.857143
vt 0.111111 0.285714
vt 0.111111 0.785714
vt 0.111111 0.214286
vt 0.111111 0.714286
vt 0.111111 0.142857
vt 0.111111 0.642857
vt 0.111111 0.071429
vt 0.129630 0.000000
vt 0.074074 0.428571
vt 0.074074 0.928572
vt 0.092593 1.000000
vt 0.074074 0.357143
vt 0.074074 0.857143
vt 0.074074 0.285714
vt 0.074074 0.785714
vt 0.074074 0.214286
vt 0.074074 0.714286
vt 0.074074 0.142857
vt 0.074074 0.642857
vt 0.074074 0.071429
vt 0.074074 0.571429
vt 0.092593 0.000000
vt 0.074074 0.500000
vt 0.037037 0.428571
vt 0.037037 0.500000
vt 0.037037 0.928571
vt 0.055556 1.000000
vt 0.037037 0.357143
vt 0.037037 0.857143
vt 0.037037 0.285714
vt 0.037037 0.785714
vt 0.037037 0.214286
vt 0.037037 0.714286
vt 0.037037 0.142857
vt 0.037037 0.642857
vt 0.037037 0.071429
vt 0.037037 0.571429
vt 0.055556 0.000000
vt 0.000000 0.357143
vt 0.000000 0.428571
vt 0.000000 0.857143
vt 0.000000 0.285714
vt 0.000000 0.785714
vt 0.000000 0.214286
vt 0.000000 0.714286
vt 0.000000 0.142857
vt 0.000000 0.642857
vt 0.000000 0.071429
vt 0.000000 0.571429
vt 0.018519 0.000000
vt 0.000000 0.500000
vt 0.000000 0.928571
vt 0.018519 1.000000
vt 1.000000 0.928571
vt 1.000000 0.857143
vt 0.962963 0.857143
vt 1.000000 0.357143
vt 1.000000 0.285714
vt 0.962963 0.285714
vt 1.000000 0.785714
vt 0.962963 0.785714
vt 1.000000 0.214286
vt 0.962963 0.214286
vt 1.000000 0.714286
vt 0.962963 0.714286
vt 1.000000 0.142857
vt 0.962963 0.142857
vt 1.000000 0.642857
vt 0.962963 0.642857
vt 1.000000 0.071429
vt 0.962963 0.071429
vt 1.000000 0.571429
vt 0.962963 0.571429
vt 0.981481 0.000000
vt 1.000000 0.500000
vt 0.962963 0.500000
vt 1.000000 0.428571
vt 0.962963 0.428571
vt 0.962963 0.928571
vt 0.981481 1.000000
vt 0.962963 0.357143
vt 0.925926 0.285714
vt 0.925926 0.785714
vt 0.925926 0.214286
vt 0.925926 0.714286
vt 0.925926 0.142857
vt 0.925926 0.642857
vt 0.925926 0.071429
vt 0.925926 0.571429
vt 0.944444 0.000000
vt 0.925926 0.500000
vt 0.925926 0.428571
vt 0.925926 0.928571
vt 0.944444 1.000000
vt 0.925926 0.357143
vt 0.925926 0.857143
vt 0.888889 0.785714
vt 0.888889 0.214286
vt 0.888889 0.714286
vt 0.888889 0.142857
vt 0.888889 0.642857
vt 0.888889 0.071429
vt 0.888889 0.571429
vt 0.907407 0.000000
vt 0.888889 0.500000
vt 0.888889 0.428571
vt 0.888889 0.928571
vt 0.907407 1.000000
vt 0.888889 0.357143
vt 0.888889 0.857143
vt 0.888889 0.285714
vt 0.851852 0.214286
vt 0.851852 0.714286
vt 0.851852 0.142857
vt 0.851852 0.642857
vt 0.851852 0.071429
vt 0.851852 0.571429
vt 0.870370 0.000000
vt 0.851852 0.500000
vt 0.851852 0.428571
vt 0.851852 0.928571
vt 0.870370 1.000000
vt 0.851852 0.357143
vt 0.851852 0.857143
vt 0.851852 0.285714
vt 0.851852 0.785714
vt 0.814815 0.142857
vt 0.814815 0.214286
vt 0.814815 0.642857
vt 0.814815 0.714286
vt 0.814815 0.071429
vt 0.814815 0.571429
vt 0.833333 0.000000
vt 0.814815 0.500000
vt 0.814815 0.428571
vt 0.814815 0.928571
vt 0.833333 1.000000
vt 0.814815 0.357143
vt 0.814815 0.857143
vt 0.814815 0.285714
vt 0.814815 0.785714
vt 0.777778 0.642857
vt 0.777778 0.714286
vt 0.777778 0.071429
vt 0.777778 0.571429
vt 0.796296 0.000000
vt 0.777778 0.500000
vt 0.777778 0.428571
vt 0.777778 0.928571
vt 0.796296 1.000000
vt 0.777778 0.357143
vt 0.777778 0.857143
vt 0.777778 0.285714
vt 0.777778 0.785714
vt 0.777778 0.214286
vt 0.777778 0.142857
vt 0.759259 0.000000
vt 0.759259 1.000000
s 1
usemtl Material
f 1/1/1 2/2/2 3/3/2
f 4/4/3 5/5/3 6/6/3
f 7/7/4 8/8/4 9/9/4
f 10/10/5 11/11/5 12/12/5
f 1/1/6 8/8/6 13/13/6
f 2/2/7 14/14/8 15/3/9
f 16/5/10 4/4/10 6/6/10
f 17/15/11 10/10/11 12/12/11
f 18/16/12 10/10/13 19/17/12
f 20/18/14 18/16/14 19/17/14
f 8/8/15 21/7/15 9/9/15
f 4/4/16 22/19/16 23/20/16
f 22/19/17 20/18/17 23/20/17
f 24/19/18 4/4/19 23/20/18
f 20/18/20 24/19/20 23/20/20
f 8/8/21 14/14/21 13/13/21
f 10/10/22 25/16/23 19/17/23
f 25/16/24 20/18/24 19/17/24
f 11/11/25 9/9/25 7/7/25
f 21/7/26 12/12/26 9/9/26
f 6/6/27 26/21/28 27/22/27
f 28/23/29 6/6/29 27/22/29
f 26/21/30 2/2/30 27/22/30
f 2/2/31 28/23/31 27/22/31
f 29/24/32 14/14/32 30/25/32
f 1/1/33 3/3/34 31/24/35
f 1/1/1 13/13/1 2/2/2
f 4/4/3 32/26/3 5/5/3
f 7/7/4 33/27/4 8/8/4
f 10/10/5 30/25/5 11/11/5
f 1/1/6 34/27/6 8/8/6
f 2/2/7 13/13/8 14/14/8
f 16/5/10 35/26/10 4/4/10
f 17/15/11 36/28/11 10/10/11
f 18/16/12 30/25/13 10/10/13
f 20/18/14 29/24/14 18/16/14
f 8/8/15 34/27/15 21/7/15
f 4/4/16 35/26/16 22/19/16
f 22/19/17 29/24/17 20/18/17
f 24/19/18 32/26/19 4/4/19
f 20/18/20 31/24/20 24/19/20
f 8/8/21 33/27/21 14/14/21
f 10/10/22 36/28/22 25/16/23
f 25/16/24 31/24/24 20/18/24
f 9/9/36 12/12/36 11/11/36
f 17/15/37 21/7/37 12/12/37
f 6/6/27 5/5/38 26/21/28
f 28/23/29 16/5/39 6/6/29
f 26/21/30 3/3/30 2/2/30
f 2/2/31 15/3/31 28/23/31
f 29/24/32 22/19/32 35/26/32
f 16/5/32 28/23/32 15/3/32
f 29/24/32 35/26/32 16/5/32
f 30/25/32 18/16/32 29/24/32
f 7/7/32 11/11/32 30/25/32
f 14/14/32 33/27/32 7/7/32
f 29/24/32 16/5/32 15/3/32
f 14/14/32 7/7/32 30/25/32
f 29/24/32 15/3/32 14/14/32
f 36/28/35 17/15/35 21/7/35
f 21/7/35 34/27/35 1/1/33
f 3/3/34 26/21/40 5/5/41
f 36/28/42 21/7/35 1/1/33
f 31/24/35 25/16/35 36/28/42
f 32/26/35 24/19/35 31/24/35
f 3/3/34 5/5/41 32/26/35
f 31/24/35 36/28/42 1/1/33
f 3/3/34 32/26/35 31/24/35
f 37/1/43 38/2/44 39/3/44
f 40/4/45 41/5/45 42/6/45
f 43/7/46 44/8/46 45/9/46
f 46/10/47 47/11/47 48/12/47
f 37/1/48 44/8/48 49/13/48
f 38/2/49 50/14/50 51/3/51
f 52/5/52 40/4/52 42/6/52
f 53/15/53 46/10/53 48/12/53
f 54/16/54 46/10/55 55/17/54
f 56/18/56 54/16/56 55/17/56
f 44/8/57 57/7/57 45/9/57
f 40/4/58 58/19/58 59/20/58
f 58/19/59 56/18/59 59/20/59
f 60/19/60 40/4/61 59/20/60
f 56/18/62 60/19/62 59/20/62
f 44/8/63 50/14/63 49/13/63
f 46/10/64 61/16/65 55/17/65
f 61/16/66 56/18/66 55/17/66
f 47/11/67 45/9/67 43/7/67
f 57/7/68 48/12/68 45/9/68
f 42/6/69 62/21/70 63/22/69
f 64/23/71 42/6/71 63/22/71
f 62/21/72 38/2/72 63/22/72
f 38/2/73 64/23/73 63/22/73
f 65/24/32 50/14/32 66/25/32
f 37/1/74 39/3/75 67/24/35
f 37/1/43 49/13/43 38/2/44
f 40/4/45 68/26/45 41/5/45
f 43/7/46 69/27/46 44/8/46
f 46/10/47 66/25/47 47/11/47
f 37/1/48 70/27/48 44/8/48
f 38/2/49 49/13/50 50/14/50
f 52/5/52 71/26/52 40/4/52
f 53/15/53 72/28/53 46/10/53
f 54/16/54 66/25/55 46/10/55
f 56/18/56 65/24/56 54/16/56
f 44/8/57 70/27/57 57/7/57
f 40/4/58 71/26/58 58/19/58
f 58/19/59 65/24/59 56/18/59
f 60/19/60 68/26/61 40/4/61
f 56/18/62 67/24/62 60/19/62
f 44/8/63 69/27/63 50/14/63
f 46/10/64 72/28/64 61/16/65
f 61/16/66 67/24/66 56/18/66
f 45/9/76 48/12/76 47/11/76
f 53/15/77 57/7/77 48/12/77
f 42/6/69 41/5/78 62/21/70
f 64/23/71 52/5/79 42/6/71
f 62/21/72 39/3/72 38/2/72
f 38/2/73 51/3/73 64/23/73
f 65/24/32 58/19/32 71/26/32
f 52/5/32 64/23/32 51/3/32
f 65/24/32 71/26/32 52/5/32
f 66/25/32 54/16/32 65/24/32
f 43/7/32 47/11/32 66/25/32
f 50/14/32 69/27/32 43/7/32
f 65/24/32 52/5/32 51/3/32
f 50/14/32 43/7/32 66/25/32
f 65/24/32 51/3/32 50/14/32
f 72/28/35 53/15/35 57/7/35
f 57/7/35 70/27/35 37/1/74
f 39/3/75 62/21/80 41/5/81
f 72/28/82 57/7/35 37/1/74
f 67/24/35 61/16/35 72/28/82
f 68/26/35 60/19/35 67/24/35
f 39/3/75 41/5/81 68/26/35
f 67/24/35 72/28/82 37/1/74
f 39/3/75 68/26/35 67/24/35
f 73/29/83 74/30/83 75/31/83
f 76/32/84 75/31/84 77/33/84
f 78/34/85 75/31/85 74/30/85
f 75/31/86 79/35/86 77/33/86
f 77/36/87 80/37/87 76/38/87
f 81/39/88 76/38/88 80/37/88
f 81/39/89 73/40/89 76/38/89
f 81/39/90 82/41/90 73/40/90
f 81/39/91 83/42/91 82/41/91
f 82/41/92 83/42/92 84/43/93
f 85/44/94 83/42/95 86/45/95
f 81/39/96 86/45/96 83/42/96
f 86/45/97 81/39/97 78/46/97
f 81/39/98 79/47/98 78/46/98
f 79/47/99 81/39/99 80/37/99
f 79/47/100 80/37/100 77/36/100
f 87/48/101 84/49/102 88/50/103
f 89/51/104 87/48/101 88/50/103
f 73/52/105 90/53/106 74/54/105
f 88/50/107 91/55/108 89/51/109
f 76/56/110 73/52/110 75/57/110
f 91/55/108 88/50/107 92/58/111
f 84/49/112 83/59/113 93/60/114
f 93/60/114 88/50/115 84/49/112
f 93/60/116 92/58/117 88/50/118
f 92/58/119 93/60/120 94/61/121
f 94/61/122 95/62/123 92/58/124
f 95/62/123 94/61/122 96/63/125
f 95/62/126 96/63/127 97/64/127
f 92/65/128 98/66/128 91/67/129
f 98/66/130 92/65/130 95/68/131
f 98/66/132 95/68/133 97/69/132
f 99/70/134 91/67/135 98/66/134
f 98/66/136 100/71/137 99/70/136
f 98/66/138 97/69/138 100/71/139
f 90/72/140 84/73/141 87/74/142
f 84/73/141 90/72/140 82/75/143
f 90/72/144 73/76/145 82/75/145
f 90/72/146 85/77/147 86/78/148
f 78/79/149 90/72/150 86/78/149
f 85/77/147 90/72/146 87/74/151
f 90/80/152 78/81/153 74/82/153
f 87/83/154 101/84/155 85/85/156
f 75/86/157 78/81/157 79/87/157
f 101/84/158 87/83/159 89/88/158
f 89/88/160 91/89/161 101/84/160
f 101/84/162 91/89/163 99/90/162
f 85/85/164 93/91/165 83/92/166
f 93/91/165 85/85/164 101/84/167
f 101/84/168 99/90/168 93/91/169
f 93/91/170 99/90/171 94/93/172
f 100/94/173 94/93/174 99/90/175
f 94/93/174 100/94/173 96/95/176
f 96/95/177 100/94/178 97/96/177
f 102/29/179 103/30/179 104/31/179
f 105/32/180 104/31/180 106/33/180
f 107/34/181 104/31/181 103/30/181
f 104/31/182 108/35/182 106/33/182
f 106/36/183 109/37/183 105/38/183
f 110/39/184 105/38/184 109/37/184
f 110/39/185 102/40/185 105/38/185
f 110/39/186 111/41/186 102/40/186
f 110/39/187 112/42/187 111/41/187
f 111/41/188 112/42/188 113/43/189
f 114/44/190 112/42/191 115/45/191
f 110/39/192 115/45/192 112/42/192
f 115/45/193 110/39/193 107/46/193
f 110/39/194 108/47/194 107/46/194
f 108/47/195 110/39/195 109/37/195
f 108/47/196 109/37/196 106/36/196
f 116/48/197 113/49/198 117/50/199
f 118/51/200 116/48/197 117/50/199
f 102/52/201 119/53/202 103/54/201
f 117/50/203 120/55/204 118/51/205
f 105/56/206 102/52/206 104/57/206
f 120/55/204 117/50/203 121/58/207
f 113/49/208 112/59/209 122/60/210
f 122/60/210 117/50/211 113/49/208
f 122/60/212 121/58/213 117/50/214
f 121/58/215 122/60/216 123/61/217
f 123/61/218 124/62/219 121/58/220
f 124/62/219 123/61/218 125/63/221
f 124/62/222 125/63/223 126/64/223
f 121/65/224 127/66/224 120/67/225
f 127/66/226 121/65/226 124/68/227
f 127/66/228 124/68/229 126/69/228
f 128/70/230 120/67/231 127/66/230
f 127/66/232 129/71/233 128/70/232
f 127/66/234 126/69/234 129/71/235
f 119/72/236 113/73/237 116/74/238
f 113/73/237 119/72/236 111/75/239
f 119/72/240 102/76/241 111/75/241
f 119/72/242 114/77/243 115/78/244
f 107/79/245 119/72/246 115/78/245
f 114/77/243 119/72/242 116/74/247
f 119/80/248 107/81/249 103/82/249
f 116/83/250 130/84/251 114/85/252
f 104/86/253 107/81/253 108/87/253
f 130/84/254 116/83/255 118/88/254
f 118/88/256 120/89/257 130/84/256
f 130/84/258 120/89/259 128/90/258
f 114/85/260 122/91/261 112/92/262
f 122/91/261 114/85/260 130/84/263
f 130/84/264 128/90/264 122/91/265
f 122/91/266 128/90/267 123/93/268
f 129/94/269 123/93/270 128/90/271
f 123/93/270 129/94/269 125/95/272
f 125/95/273 129/94/274 126/96/273
f 131/97/275 132/98/275 133/99/275
f 132/98/276 131/97/276 134/100/277
f 134/100/278 135/101/279 132/98/280
f 135/101/279 134/100/278 136/102/281
f 135/101/282 136/102/283 137/103/284
f 132/98/285 138/104/285 133/99/285
f 138/104/286 132/98/286 139/105/286
f 132/98/287 135/101/288 139/105/289
f 139/105/289 135/101/288 140/106/290
f 140/106/291 135/101/292 137/103/293
f 141/107/294 133/108/294 138/109/295
f 133/108/294 141/107/294 142/110/296
f 143/111/297 142/110/298 141/107/299
f 142/110/298 143/111/297 144/112/300
f 143/111/301 145/113/302 144/112/303
f 145/113/302 143/111/301 146/114/304
f 145/113/305 146/114/306 147/115/306
f 148/116/307 138/109/308 149/117/309
f 138/109/308 148/116/307 141/107/310
f 150/118/311 140/119/312 137/120/311
f 151/121/313 152/122/313 148/123/314
f 152/122/315 151/121/315 153/124/316
f 153/124/317 154/125/318 152/122/319
f 154/125/318 153/124/317 155/126/320
f 154/125/321 155/126/322 147/127/322
f 152/122/323 141/128/323 148/123/324
f 141/128/325 152/122/325 143/129/325
f 154/125/326 143/129/327 152/122/328
f 143/129/327 154/125/326 146/130/329
f 146/130/330 154/125/330 147/127/330
f 133/131/331 142/132/332 151/133/333
f 151/133/333 131/134/334 133/131/331
f 142/132/335 153/135/336 151/133/337
f 153/135/336 142/132/335 144/136/338
f 153/135/339 144/136/340 145/137/341
f 153/135/339 145/137/341 155/138/342
f 155/138/343 145/137/344 147/139/343
f 131/134/345 151/133/346 148/140/347
f 148/140/347 149/141/348 131/134/345
f 149/141/349 156/142/350 131/134/349
f 131/134/351 156/142/352 134/143/353
f 156/142/354 136/144/355 134/143/356
f 136/144/355 156/142/354 150/145/357
f 136/144/358 150/145/359 137/146/359
f 138/109/360 156/147/361 149/117/360
f 156/147/362 138/109/363 139/148/364
f 156/147/365 139/148/366 140/119/367
f 156/147/368 140/119/369 150/118/370
f 157/97/371 158/98/371 159/99/371
f 158/98/372 157/97/372 160/100/373
f 160/100/374 161/101/375 158/98/376
f 161/101/375 160/100/374 162/102/377
f 161/101/378 162/102/379 163/103/380
f 158/98/381 164/104/381 159/99/381
f 164/104/382 158/98/382 165/105/382
f 158/98/383 161/101/384 165/105/385
f 165/105/385 161/101/384 166/106/386
f 166/106/387 161/101/388 163/103/389
f 167/107/390 159/108/390 164/109/391
f 159/108/390 167/107/390 168/110/392
f 169/111/393 168/110/394 167/107/395
f 168/110/394 169/111/393 170/112/396
f 169/111/397 171/113/398 170/112/399
f 171/113/398 169/111/397 172/114/400
f 171/113/401 172/114/402 173/115/402
f 174/116/403 164/109/404 175/117/405
f 164/109/404 174/116/403 167/107/406
f 176/118/407 166/119/408 163/120/407
f 177/121/409 178/122/409 174/123/409
f 178/122/410 177/121/410 179/124/411
f 179/124/412 180/125/413 178/122/414
f 180/125/413 179/124/412 181/126/415
f 180/125/416 181/126/417 173/127/417
f 178/122/418 167/128/418 174/123/419
f 167/128/420 178/122/420 169/129/420
f 180/125/421 169/129/422 178/122/423
f 169/129/422 180/125/421 172/130/424
f 172/130/425 180/125/425 173/127/425
f 159/131/426 168/132/427 177/133/428
f 177/133/428 157/134/429 159/131/426
f 168/132/430 179/135/431 177/133/432
f 179/135/431 168/132/430 170/136/433
f 179/135/434 170/136/435 171/137/436
f 179/135/434 171/137/436 181/138/437
f 181/138/438 171/137/439 173/139/438
f 157/134/440 177/133/441 174/140/442
f 174/140/442 175/141/443 157/134/440
f 175/141/444 182/142/445 157/134/444
f 157/134/446 182/142/447 160/143/448
f 182/142/449 162/144/450 160/143/451
f 162/144/450 182/142/449 176/145/452
f 162/144/453 176/145/453 163/146/453
f 164/109/454 182/147/455 175/117/454
f 182/147/456 164/109/457 165/148/458
f 182/147/459 165/148/460 166/119/461
f 182/147/462 166/119/463 176/118/464
f 183/149/465 185/150/466 184/151/467
f 186/152/468 188/153/469 187/154/470
f 189/155/471 191/156/472 190/157/473
f 192/158/474 194/159/475 193/160/476
f 195/161/477 197/162/478 196/163/479
f 198/164/480 200/165/481 199/166/482
f 201/167/483 203/168/484 202/169/484
f 204/170/485 206/171/486 205/172/487
f 207/173/488 209/174/489 208/175/490
f 210/176/491 212/177/492 211/178/493
f 213/179/494 189/155/495 214/180/496
f 215/181/497 217/182/498 216/183/499
f 212/177/500 219/184/501 218/185/502
f 220/164/503 222/186/504 221/187/505
f 223/159/506 225/158/506 224/188/506
f 226/189/507 220/190/508 227/191/509
f 228/192/510 230/193/511 229/194/512
f 223/195/513 224/196/513 203/197/513
f 220/190/514 226/189/515 231/198/516
f 185/199/517 233/200/518 232/201/519
f 230/190/520 235/202/521 234/203/522
f 195/161/523 237/201/523 236/204/523
f 238/205/524 240/206/524 239/207/524
f 241/194/525 215/208/526 234/203/527
f 211/178/528 212/177/529 242/209/530
f 243/210/531 245/211/532 244/212/533
f 233/200/534 247/213/535 246/214/534
f 231/198/536 226/189/537 248/215/538
f 249/216/539 251/215/540 250/157/541
f 252/217/542 224/218/542 253/219/542
f 254/220/543 210/213/544 255/200/545
f 211/178/546 257/221/547 256/222/548
f 258/223/549 224/224/549 192/225/549
f 191/156/550 189/155/551 198/226/552
f 259/227/553 261/228/554 260/229/555
f 247/213/556 233/200/557 185/199/558
f 262/210/559 264/211/560 263/212/561
f 241/230/562 265/231/563 217/182/564
f 266/232/565 267/233/566 237/201/567
f 200/234/568 198/226/569 189/155/570
f 188/153/571 186/152/572 266/232/572
f 268/235/573 270/236/574 269/237/573
f 188/153/575 196/163/576 271/238/577
f 272/239/578 273/240/579 246/241/580
f 274/161/581 276/153/582 275/152/583
f 277/242/584 278/171/585 221/187/586
f 279/243/587 281/244/588 280/245/589
f 206/179/590 204/234/591 282/226/592
f 283/197/593 194/195/593 224/196/593
f 197/162/594 284/246/595 275/247/596
f 285/248/597 205/172/598 206/171/599
f 286/180/600 288/155/601 287/156/602
f 234/249/603 215/181/604 289/250/605
f 228/189/606 290/198/607 235/202/608
f 291/251/609 240/206/609 238/205/609
f 239/207/610 285/248/611 209/174/612
f 209/174/613 285/248/614 199/166/615
f 292/252/616 294/253/617 293/254/618
f 295/255/619 216/256/620 296/257/619
f 217/258/621 265/259/622 187/154/623
f 238/205/624 298/260/624 297/261/624
f 299/262/625 300/263/625 238/205/625
f 251/215/626 249/216/627 290/198/628
f 301/199/629 255/200/630 237/201/631
f 294/258/632 292/259/633 302/154/634
f 221/187/635 222/186/636 303/264/637
f 304/241/638 281/244/639 229/265/640
f 266/232/641 306/266/642 305/267/643
f 292/259/644 275/152/645 276/153/646
f 271/268/647 196/163/648 275/247/649
f 307/269/650 308/266/651 251/270/652
f 183/231/653 309/271/654 256/222/655
f 282/226/656 301/272/657 267/273/658
f 229/194/659 281/208/660 279/203/661
f 271/238/662 293/274/663 310/275/664
f 217/182/665 310/276/666 296/277/665
f 311/278/667 246/241/668 312/279/669
f 298/260/670 313/280/671 273/240/672
f 288/155/673 282/226/674 305/267/675
f 282/252/676 204/170/677 254/254/678
f 314/281/679 315/282/680 263/212/681
f 310/276/682 293/254/683 316/283/684
f 202/284/685 318/285/686 317/286/687
f 268/287/688 294/253/689 278/171/690
f 257/221/691 211/178/692 319/288/693
f 225/289/694 283/290/694 224/291/694
f 320/227/695 322/228/696 321/229/697
f 299/262/698 272/239/699 257/221/700
f 190/157/701 248/215/702 323/292/703
f 293/254/704 294/253/705 268/287/706
f 324/293/707 326/294/708 325/295/707
f 327/296/709 323/292/710 248/215/711
f 250/273/712 328/267/713 198/226/714
f 239/207/715 240/206/716 205/172/717
f 200/165/718 213/243/719 208/175/720
f 289/297/721 329/298/722 324/293/721
f 253/284/723 331/285/724 330/286/725
f 332/299/726 201/167/727 321/300/728
f 333/301/729 270/255/730 268/256/729
f 334/269/731 241/194/731 235/202/732
f 184/151/733 284/246/733 197/162/734
f 279/243/735 335/302/736 303/264/737
f 255/200/738 210/213/739 309/214/740
f 336/303/741 205/172/742 240/206/743
f 257/221/744 272/239/745 247/304/746
f 208/175/747 213/243/748 312/279/749
f 227/238/750 221/274/751 278/275/752
f 280/245/753 281/244/754 304/241/755
f 287/156/756 305/267/757 306/266/758
f 284/232/759 184/233/759 232/201/759
f 258/305/760 331/306/760 224/307/760
f 337/294/761 338/293/762 314/281/763
f 304/241/764 234/249/765 339/308/766
f 255/200/767 183/309/768 236/204/769
f 306/310/770 266/232/771 186/192/772
f 332/299/773 314/281/774 340/160/775
f 327/163/776 227/238/777 302/154/778
f 199/311/779 206/179/780 288/155/781
f 323/162/782 327/163/783 276/153/784
f 232/201/785 233/200/785 311/309/786
f 238/205/787 242/209/787 218/185/787
f 252/305/788 318/306/788 224/307/788
f 341/312/789 311/313/790 214/180/791
f 238/205/792 300/263/792 319/288/792
f 238/205/793 207/173/793 342/314/793
f 254/254/794 204/170/795 336/303/796
f 308/266/797 328/267/798 250/273/799
f 342/314/800 208/175/801 313/280/801
f 334/269/802 290/198/803 249/216/804
f 328/267/805 308/266/806 343/216/807
f 274/161/808 232/201/809 341/204/810
f 212/177/811 210/176/812 254/254/811
f 299/262/813 297/261/814 273/240/815
f 307/269/816 229/194/817 344/202/818
f 222/315/819 220/190/820 344/202/819
f 191/156/821 343/216/822 248/215/823
f 343/216/824 308/266/825 307/269/826
f 334/269/827 186/192/828 265/193/829
f 313/280/830 312/279/831 246/241/830
f 252/305/832 345/316/833 317/286/833
f 245/316/834 243/317/835 259/227/836
f 244/212/837 193/160/838 346/281/839
f 347/318/840 345/316/841 260/229/842
f 295/319/843 243/210/844 348/320/845
f 340/160/846 263/212/847 225/158/848
f 224/321/849 331/285/849 253/284/849
f 224/322/850 202/169/850 203/168/850
f 349/323/851 337/294/852 332/299/853
f 245/211/854 258/223/855 192/225/855
f 224/188/856 194/159/856 192/158/856
f 201/167/857 340/160/857 223/195/858
f 224/321/859 318/285/859 202/284/859
f 326/319/860 262/210/861 315/282/862
f 264/167/863 193/160/863 194/195/864
f 258/305/865 245/316/866 330/286/867
f 345/316/868 347/317/869 320/227/870
f 259/227/871 350/301/872 269/237/871
f 225/289/873 263/212/874 264/211/874
f 345/316/875 252/217/876 253/219/877
f 193/160/878 264/167/879 262/299/880
f 333/301/881 349/237/882 322/228/883
f 338/293/884 351/298/884 315/282/884
f 218/185/885 219/184/886 336/303/887
f 335/324/888 280/297/889 351/298/890
f 333/301/891 277/257/892 352/325/893
f 350/301/894 296/257/894 316/325/894
f 325/326/895 326/319/896 351/298/897
f 352/327/898 303/295/899 337/294/898
f 216/326/900 295/319/901 329/328/900
f 303/295/902 335/324/903 338/293/902
f 347/317/904 270/255/904 333/301/904
f 329/298/905 348/282/906 346/281/907
f 346/281/908 262/299/909 326/294/910
f 243/317/911 295/255/912 350/301/911
f 270/236/913 347/318/914 261/228/914
f 183/149/465 184/151/467 236/329/915
f 186/152/468 187/154/470 265/259/916
f 189/155/471 190/157/473 214/180/917
f 192/158/474 193/160/476 244/212/918
f 195/161/477 196/163/479 188/153/919
f 198/164/480 199/166/482 286/330/920
f 201/167/483 202/169/484 321/300/483
f 204/170/485 205/172/487 336/303/921
f 207/173/488 208/175/490 342/314/922
f 210/176/491 211/178/493 309/271/923
f 213/179/494 214/180/496 312/311/924
f 215/181/497 216/183/499 289/250/925
f 212/177/500 218/185/502 242/209/926
f 220/164/503 221/187/505 227/330/927
f 226/189/507 227/191/509 327/296/928
f 228/192/510 229/194/512 307/269/929
f 220/190/514 231/198/516 344/202/930
f 185/199/517 232/201/519 184/233/931
f 230/190/520 234/203/522 304/315/932
f 195/161/523 236/204/523 197/162/523
f 238/205/933 239/207/933 207/173/933
f 241/194/525 234/203/527 235/202/934
f 211/178/528 242/209/530 319/288/935
f 243/210/531 244/212/533 348/320/936
f 233/200/534 246/214/534 311/309/937
f 231/198/536 248/215/538 343/216/938
f 249/216/539 250/157/541 287/156/939
f 254/220/543 255/200/545 301/199/940
f 211/178/546 256/222/548 309/271/941
f 191/156/550 198/226/552 328/267/942
f 259/227/553 260/229/555 330/286/943
f 247/213/556 185/199/558 256/220/944
f 262/210/559 263/212/561 315/282/945
f 241/230/562 217/182/564 215/181/946
f 266/232/565 237/201/567 195/161/947
f 200/234/568 189/155/570 213/179/948
f 188/153/571 266/232/572 195/161/571
f 268/235/573 269/237/573 316/325/949
f 188/153/575 271/238/577 187/154/950
f 272/239/578 246/241/580 247/304/951
f 274/161/581 275/152/583 284/232/952
f 277/242/584 221/187/586 352/331/953
f 279/243/587 280/245/589 335/302/954
f 206/179/590 282/226/592 288/155/955
f 197/162/594 275/247/596 196/163/956
f 285/248/597 206/171/599 199/166/957
f 286/180/600 287/156/602 250/157/958
f 234/249/603 289/250/605 339/308/959
f 228/189/606 235/202/608 230/190/960
f 239/207/610 209/174/612 207/173/961
f 209/174/613 199/166/615 200/165/962
f 292/252/616 293/254/618 271/332/963
f 295/255/619 296/257/619 350/301/964
f 217/258/621 187/154/623 310/275/965
f 238/205/966 297/261/966 299/262/966
f 251/215/626 290/198/628 228/189/967
f 301/199/629 237/201/631 267/233/968
f 294/258/632 302/154/634 278/275/969
f 221/187/635 303/264/637 352/331/970
f 304/241/638 229/265/640 230/278/971
f 266/232/641 305/267/643 267/233/972
f 292/259/644 276/153/646 302/154/973
f 271/268/647 275/247/649 292/259/974
f 307/269/650 251/270/652 228/192/975
f 183/231/653 256/222/655 185/230/976
f 282/226/656 267/273/658 305/267/977
f 229/194/659 279/203/661 344/202/978
f 271/238/662 310/275/664 187/154/979
f 217/182/665 296/277/665 216/183/980
f 311/278/667 312/279/669 214/265/981
f 298/260/670 273/240/672 297/261/982
f 288/155/673 305/267/675 287/156/983
f 282/252/676 254/254/678 301/332/984
f 314/281/679 263/212/681 340/160/985
f 310/276/682 316/283/684 296/277/986
f 202/284/685 317/286/687 321/229/987
f 268/287/688 278/171/690 277/242/988
f 257/221/691 319/288/693 300/263/989
f 320/227/695 321/229/697 317/286/990
f 299/262/698 257/221/700 300/263/991
f 190/157/701 323/292/703 341/312/992
f 293/254/704 268/287/706 316/283/993
f 324/293/707 325/295/707 339/324/994
f 327/296/709 248/215/711 226/189/995
f 250/273/712 198/226/714 286/272/996
f 239/207/715 205/172/717 285/248/997
f 200/165/718 208/175/720 209/174/998
f 289/297/721 324/293/721 339/324/999
f 253/284/723 330/286/725 260/229/725
f 332/299/726 321/300/728 322/333/1000
f 333/301/729 268/256/729 277/257/1001
f 334/269/731 235/202/732 290/198/732
f 184/151/733 197/162/734 236/204/1002
f 279/243/735 303/264/737 222/186/1003
f 255/200/738 309/214/740 183/309/1004
f 336/303/741 240/206/743 291/251/1005
f 257/221/744 247/304/746 256/222/1006
f 208/175/747 312/279/749 313/280/1007
f 227/238/750 278/275/752 302/154/1008
f 280/245/753 304/241/755 325/334/1009
f 287/156/756 306/266/758 249/216/1010
f 284/232/759 232/201/759 274/161/759
f 337/294/761 314/281/763 332/299/1011
f 304/241/764 339/308/766 325/334/1012
f 255/200/767 236/204/769 237/201/767
f 306/310/770 186/192/772 334/269/1013
f 332/299/773 340/160/775 201/167/1014
f 327/163/776 302/154/778 276/153/1015
f 199/311/779 288/155/781 286/180/1016
f 323/162/782 276/153/784 274/161/1017
f 232/201/785 311/309/786 341/204/786
f 238/205/1018 218/185/1018 291/251/1018
f 341/312/789 214/180/791 190/157/1019
f 238/205/1020 319/288/1020 242/209/1020
f 238/205/1021 342/314/1021 298/260/1021
f 254/254/794 336/303/796 219/184/1022
f 308/266/797 250/273/799 251/270/799
f 342/314/800 313/280/801 298/260/1023
f 334/269/802 249/216/804 306/266/1024
f 328/267/805 343/216/807 191/156/1025
f 274/161/808 341/204/810 323/162/1026
f 212/177/811 254/254/811 219/184/1027
f 299/262/813 273/240/815 272/239/1028
f 307/269/816 344/202/818 231/198/818
f 222/315/819 344/202/819 279/203/1029
f 191/156/821 248/215/823 190/157/1030
f 343/216/824 307/269/826 231/198/824
f 334/269/827 265/193/829 241/194/1031
f 313/280/830 246/241/830 273/240/830
f 252/305/832 317/286/833 318/306/832
f 245/316/834 259/227/836 330/286/1032
f 244/212/837 346/281/839 348/282/1033
f 347/318/840 260/229/842 261/228/1034
f 295/319/843 348/320/845 329/328/1035
f 340/160/846 225/158/848 223/159/848
f 349/323/851 332/299/853 322/333/853
f 245/211/854 192/225/855 244/212/854
f 201/167/857 223/195/858 203/197/858
f 326/319/860 315/282/862 351/298/1036
f 264/167/863 194/195/864 283/197/1037
f 258/305/865 330/286/867 331/306/865
f 345/316/868 320/227/870 317/286/868
f 259/227/871 269/237/871 261/228/1038
f 225/289/873 264/211/874 283/290/873
f 345/316/875 253/219/877 260/335/875
f 193/160/878 262/299/880 346/281/1039
f 333/301/881 322/228/883 320/227/1040
f 338/293/884 315/282/884 314/281/884
f 218/185/885 336/303/887 291/251/1041
f 335/324/888 351/298/890 338/293/1042
f 333/301/891 352/325/893 349/237/1043
f 350/301/894 316/325/894 269/237/1044
f 325/326/895 351/298/897 280/297/1045
f 352/327/898 337/294/898 349/323/1046
f 216/326/900 329/328/900 289/336/1047
f 303/295/902 338/293/902 337/294/1048
f 347/317/904 333/301/904 320/227/904
f 329/298/905 346/281/907 324/293/1049
f 346/281/908 326/294/910 324/293/1050
f 243/317/911 350/301/911 259/227/911
f 270/236/913 261/228/914 269/237/1051
f 353/149/1052 355/150/1053 354/151/1054
f 356/152/1055 358/153/1056 357/154/1057
f 359/155/1058 361/156/1059 360/157/1060
f 362/158/1061 364/159/1061 363/160/1062
f 365/161/1063 367/162/1064 366/163/1064
f 368/164/1065 370/165/1066 369/166/1067
f 371/167/1068 373/168/1069 372/169/1069
f 374/170/1070 376/171/1071 375/172/1072
f 377/173/1073 379/174/1074 378/175/1075
f 380/176/1076 382/177/1077 381/178/1078
f 383/179/1079 359/155/1080 384/180/1081
f 385/181/1082 387/182/1083 386/183/1084
f 382/177/1085 389/184/1086 388/185/1087
f 390/164/1088 392/186/1089 391/187/1090
f 393/159/1091 395/158/1091 394/188/1091
f 396/189/1092 390/190/1093 397/191/1094
f 398/192/1095 400/193/1096 399/194/1097
f 393/195/1098 394/196/1098 373/197/1098
f 390/190/1099 396/189/1100 401/198/1101
f 355/199/1102 403/200/1103 402/201/1104
f 400/190/1105 405/202/1106 404/203/1107
f 365/161/1108 407/201/1108 406/204/1108
f 408/205/1109 410/206/1109 409/207/1109
f 411/194/1110 385/208/1111 404/203/1112
f 381/178/1113 382/177/1114 412/209/1115
f 413/210/1116 415/211/1117 414/212/1118
f 403/200/1119 417/213/1119 416/214/1120
f 401/198/1121 396/189/1122 418/215/1123
f 419/216/1124 421/215/1125 420/157/1126
f 422/217/1127 394/218/1127 423/219/1127
f 424/220/1128 380/213/1129 425/200/1130
f 381/178/1131 427/221/1132 426/222/1133
f 428/223/1134 394/224/1134 362/225/1134
f 361/156/1135 359/155/1136 368/226/1137
f 429/227/1138 431/228/1139 430/229/1140
f 417/213/1141 403/200/1142 355/199/1143
f 432/210/1144 434/211/1145 433/212/1146
f 411/230/1147 435/231/1148 387/182/1149
f 436/232/1150 437/233/1151 407/201/1152
f 370/234/1153 368/226/1154 359/155/1155
f 358/153/1156 356/152/1156 436/232/1156
f 438/235/1157 440/236/1158 439/237/1159
f 358/153/1160 366/163/1161 441/238/1162
f 442/239/1163 443/240/1164 416/241/1165
f 444/161/1166 446/153/1167 445/152/1168
f 447/242/1169 448/171/1170 391/187/1171
f 449/243/1172 451/244/1173 450/245/1174
f 376/179/1175 374/234/1176 452/226/1177
f 453/197/1178 364/195/1178 394/196/1178
f 367/162/1179 454/246/1180 445/247/1181
f 455/248/1182 375/172/1183 376/171/1184
f 456/180/1185 458/155/1186 457/156/1187
f 404/249/1188 385/181/1189 459/250/1190
f 398/189/1191 460/198/1192 405/202/1193
f 461/251/1194 410/206/1194 408/205/1194
f 409/207/1195 455/248/1196 379/174/1197
f 379/174/1198 455/248/1199 369/166/1200
f 462/252/1201 464/253/1202 463/254/1203
f 465/255/1204 386/256/1205 466/257/1204
f 387/258/1206 435/259/1207 357/154/1208
f 408/205/1209 468/260/1209 467/261/1209
f 469/262/1210 470/263/1210 408/205/1210
f 421/215/1211 419/216/1212 460/198/1213
f 471/199/1214 425/200/1215 407/201/1216
f 464/258/1217 462/259/1218 472/154/1219
f 391/187/1220 392/186/1221 473/264/1222
f 474/241/1223 451/244/1224 399/265/1225
f 436/232/1226 476/266/1227 475/267/1228
f 462/259/1229 445/152/1230 446/153/1231
f 441/268/1232 366/163/1233 445/247/1234
f 477/269/1235 478/266/1236 421/270/1237
f 353/231/1238 479/271/1239 426/222/1240
f 452/226/1241 471/272/1242 437/273/1243
f 399/194/1244 451/208/1245 449/203/1246
f 441/238/1247 463/274/1248 480/275/1249
f 387/182/1250 480/276/1251 466/277/1252
f 481/278/1253 416/241/1254 482/279/1255
f 468/260/1256 483/280/1257 443/240/1258
f 458/155/1259 452/226/1260 475/267/1261
f 452/252/1262 374/170/1263 424/254/1264
f 484/281/1265 485/282/1266 433/212/1267
f 480/276/1268 463/254/1269 486/283/1270
f 372/284/1271 488/285/1272 487/286/1273
f 438/287/1274 464/253/1275 448/171/1276
f 427/221/1277 381/178/1278 489/288/1279
f 395/289/1280 453/290/1280 394/291/1280
f 490/227/1281 492/228/1282 491/229/1283
f 469/262/1284 442/239/1285 427/221/1286
f 360/157/1287 418/215/1288 493/292/1289
f 463/254/1290 464/253/1291 438/287/1292
f 494/293/1293 496/294/1294 495/295/1295
f 497/296/1296 493/292/1297 418/215/1298
f 420/273/1299 498/267/1300 368/226/1301
f 409/207/1302 410/206/1303 375/172/1304
f 370/165/1305 383/243/1306 378/175/1307
f 459/297/1308 499/298/1309 494/293/1310
f 423/284/1311 501/285/1311 500/286/1312
f 502/299/1313 371/167/1314 491/300/1315
f 503/301/1316 440/255/1316 438/256/1316
f 504/269/1317 411/194/1317 405/202/1317
f 354/151/1318 454/246/1319 367/162/1320
f 449/243/1321 505/302/1322 473/264/1323
f 425/200/1324 380/213/1325 479/214/1326
f 506/303/1327 375/172/1328 410/206/1329
f 427/221/1330 442/239/1331 417/304/1332
f 378/175/1333 383/243/1334 482/279/1335
f 397/238/1336 391/274/1337 448/275/1338
f 450/245/1339 451/244/1340 474/241/1341
f 457/156/1342 475/267/1343 476/266/1344
f 454/232/1345 354/233/1345 402/201/1345
f 428/305/1346 501/306/1346 394/307/1346
f 507/294/1347 508/293/1348 484/281/1349
f 474/241/1350 404/249/1351 509/308/1352
f 425/200/1353 353/309/1354 406/204/1354
f 476/310/1355 436/232/1356 356/192/1357
f 502/299/1358 484/281/1359 510/160/1360
f 497/163/1361 397/238/1362 472/154/1363
f 369/311/1364 376/179/1365 458/155/1366
f 493/162/1367 497/163/1368 446/153/1369
f 402/201/1370 403/200/1371 481/309/1372
f 408/205/1373 412/209/1373 388/185/1373
f 422/305/1374 488/306/1374 394/307/1374
f 511/312/1375 481/313/1376 384/180/1377
f 408/205/1378 470/263/1378 489/288/1378
f 408/205/1379 377/173/1379 512/314/1379
f 424/254/1380 374/170/1381 506/303/1382
f 478/266/1383 498/267/1383 420/273/1384
f 512/314/1385 378/175/1385 483/280/1385
f 504/269/1386 460/198/1387 419/216/1388
f 498/267/1389 478/266/1390 513/216/1391
f 444/161/1392 402/201/1393 511/204/1394
f 382/177/1395 380/176/1396 424/254/1397
f 469/262/1398 467/261/1399 443/240/1400
f 477/269/1401 399/194/1402 514/202/1403
f 392/315/1404 390/190/1404 514/202/1404
f 361/156/1405 513/216/1406 418/215/1407
f 513/216/1408 478/266/1408 477/269/1408
f 504/269/1409 356/192/1410 435/193/1411
f 483/280/1412 482/279/1413 416/241/1412
f 422/305/1414 515/316/1415 487/286/1416
f 415/316/1417 413/317/1418 429/227/1419
f 414/212/1420 363/160/1421 516/281/1422
f 517/318/1423 515/316/1424 430/229/1425
f 465/319/1426 413/210/1427 518/320/1428
f 510/160/1429 433/212/1429 395/158/1430
f 394/321/1431 501/285/1431 423/284/1431
f 394/322/1432 372/169/1432 373/168/1432
f 519/323/1433 507/294/1434 502/299/1433
f 415/211/1435 428/223/1436 362/225/1436
f 394/188/1437 364/159/1437 362/158/1437
f 371/167/1438 510/160/1439 393/195/1440
f 394/321/1441 488/285/1441 372/284/1441
f 496/319/1442 432/210/1443 485/282/1444
f 434/167/1445 363/160/1445 364/195/1446
f 428/305/1447 415/316/1448 500/286/1448
f 515/316/1449 517/317/1450 490/227/1449
f 429/227/1451 520/301/1451 439/237/1451
f 395/289/1452 433/212/1453 434/211/1453
f 515/316/1454 422/217/1455 423/219/1455
f 363/160/1456 434/167/1457 432/299/1458
f 503/301/1459 519/237/1460 492/228/1459
f 508/293/1461 521/298/1461 485/282/1461
f 388/185/1462 389/184/1463 506/303/1464
f 505/324/1465 450/297/1466 521/298/1467
f 503/301/1468 447/257/1469 522/325/1470
f 520/301/1471 466/257/1471 486/325/1471
f 495/326/1472 496/319/1473 521/298/1474
f 522/327/1475 473/295/1476 507/294/1475
f 386/326/1477 465/319/1478 499/328/1479
f 473/295/1480 505/324/1480 508/293/1480
f 517/317/1481 440/255/1481 503/301/1481
f 499/298/1482 518/282/1483 516/281/1484
f 516/281/1485 432/299/1486 496/294/1485
f 413/317/1487 465/255/1488 520/301/1489
f 440/236/1490 517/318/1491 431/228/1490
f 353/149/1052 354/151/1054 406/329/1492
f 356/152/1055 357/154/1057 435/259/1493
f 359/155/1058 360/157/1060 384/180/1494
f 362/158/1061 363/160/1062 414/212/1495
f 365/161/1063 366/163/1064 358/153/1496
f 368/164/1065 369/166/1067 456/330/1497
f 371/167/1068 372/169/1069 491/300/1068
f 374/170/1070 375/172/1072 506/303/1498
f 377/173/1073 378/175/1075 512/314/1499
f 380/176/1076 381/178/1078 479/271/1500
f 383/179/1079 384/180/1081 482/311/1501
f 385/181/1082 386/183/1084 459/250/1502
f 382/177/1085 388/185/1087 412/209/1503
f 390/164/1088 391/187/1090 397/330/1504
f 396/189/1092 397/191/1094 497/296/1505
f 398/192/1095 399/194/1097 477/269/1506
f 390/190/1099 401/198/1101 514/202/1507
f 355/199/1102 402/201/1104 354/233/1508
f 400/190/1105 404/203/1107 474/315/1509
f 365/161/1108 406/204/1108 367/162/1108
f 408/205/1510 409/207/1510 377/173/1510
f 411/194/1110 404/203/1112 405/202/1511
f 381/178/1113 412/209/1115 489/288/1512
f 413/210/1116 414/212/1118 518/320/1513
f 403/200/1119 416/214/1120 481/309/1514
f 401/198/1121 418/215/1123 513/216/1515
f 419/216/1124 420/157/1126 457/156/1516
f 424/220/1128 425/200/1130 471/199/1517
f 381/178/1131 426/222/1133 479/271/1518
f 361/156/1135 368/226/1137 498/267/1519
f 429/227/1138 430/229/1140 500/286/1520
f 417/213/1141 355/199/1143 426/220/1521
f 432/210/1144 433/212/1146 485/282/1522
f 411/230/1147 387/182/1149 385/181/1523
f 436/232/1150 407/201/1152 365/161/1524
f 370/234/1153 359/155/1155 383/179/1525
f 358/153/1156 436/232/1156 365/161/1156
f 438/235/1157 439/237/1159 486/325/1526
f 358/153/1160 441/238/1162 357/154/1527
f 442/239/1163 416/241/1165 417/304/1528
f 444/161/1166 445/152/1168 454/232/1529
f 447/242/1169 391/187/1171 522/331/1530
f 449/243/1172 450/245/1174 505/302/1531
f 376/179/1175 452/226/1177 458/155/1532
f 367/162/1179 445/247/1181 366/163/1533
f 455/248/1182 376/171/1184 369/166/1534
f 456/180/1185 457/156/1187 420/157/1535
f 404/249/1188 459/250/1190 509/308/1536
f 398/189/1191 405/202/1193 400/190/1537
f 409/207/1195 379/174/1197 377/173/1538
f 379/174/1198 369/166/1200 370/165/1539
f 462/252/1201 463/254/1203 441/332/1540
f 465/255/1204 466/257/1204 520/301/1541
f 387/258/1206 357/154/1208 480/275/1542
f 408/205/1543 467/261/1543 469/262/1543
f 421/215/1211 460/198/1213 398/189/1544
f 471/199/1214 407/201/1216 437/233/1545
f 464/258/1217 472/154/1219 448/275/1546
f 391/187/1220 473/264/1222 522/331/1547
f 474/241/1223 399/265/1225 400/278/1548
f 436/232/1226 475/267/1228 437/233/1549
f 462/259/1229 446/153/1231 472/154/1550
f 441/268/1232 445/247/1234 462/259/1551
f 477/269/1235 421/270/1237 398/192/1552
f 353/231/1238 426/222/1240 355/230/1553
f 452/226/1241 437/273/1243 475/267/1554
f 399/194/1244 449/203/1246 514/202/1555
f 441/238/1247 480/275/1249 357/154/1556
f 387/182/1250 466/277/1252 386/183/1557
f 481/278/1253 482/279/1255 384/265/1558
f 468/260/1256 443/240/1258 467/261/1559
f 458/155/1259 475/267/1261 457/156/1560
f 452/252/1262 424/254/1264 471/332/1561
f 484/281/1265 433/212/1267 510/160/1562
f 480/276/1268 486/283/1270 466/277/1563
f 372/284/1271 487/286/1273 491/229/1564
f 438/287/1274 448/171/1276 447/242/1565
f 427/221/1277 489/288/1279 470/263/1566
f 490/227/1281 491/229/1283 487/286/1567
f 469/262/1284 427/221/1286 470/263/1568
f 360/157/1287 493/292/1289 511/312/1569
f 463/254/1290 438/287/1292 486/283/1570
f 494/293/1293 495/295/1295 509/324/1571
f 497/296/1296 418/215/1298 396/189/1572
f 420/273/1299 368/226/1301 456/272/1573
f 409/207/1302 375/172/1304 455/248/1574
f 370/165/1305 378/175/1307 379/174/1575
f 459/297/1308 494/293/1310 509/324/1576
f 423/284/1311 500/286/1312 430/229/1312
f 502/299/1313 491/300/1315 492/333/1577
f 503/301/1316 438/256/1316 447/257/1578
f 504/269/1317 405/202/1317 460/198/1317
f 354/151/1318 367/162/1320 406/204/1320
f 449/243/1321 473/264/1323 392/186/1579
f 425/200/1324 479/214/1326 353/309/1580
f 506/303/1327 410/206/1329 461/251/1581
f 427/221/1330 417/304/1332 426/222/1582
f 378/175/1333 482/279/1335 483/280/1583
f 397/238/1336 448/275/1338 472/154/1584
f 450/245/1339 474/241/1341 495/334/1585
f 457/156/1342 476/266/1344 419/216/1586
f 454/232/1345 402/201/1345 444/161/1345
f 507/294/1347 484/281/1349 502/299/1587
f 474/241/1350 509/308/1352 495/334/1588
f 425/200/1353 406/204/1354 407/201/1353
f 476/310/1355 356/192/1357 504/269/1589
f 502/299/1358 510/160/1360 371/167/1590
f 497/163/1361 472/154/1363 446/153/1591
f 369/311/1364 458/155/1366 456/180/1592
f 493/162/1367 446/153/1369 444/161/1593
f 402/201/1370 481/309/1372 511/204/1594
f 408/205/1595 388/185/1595 461/251/1595
f 511/312/1375 384/180/1377 360/157/1596
f 408/205/1597 489/288/1597 412/209/1597
f 408/205/1598 512/314/1598 468/260/1598
f 424/254/1380 506/303/1382 389/184/1599
f 478/266/1383 420/273/1384 421/270/1384
f 512/314/1385 483/280/1385 468/260/1385
f 504/269/1386 419/216/1388 476/266/1600
f 498/267/1389 513/216/1391 361/156/1601
f 444/161/1392 511/204/1394 493/162/1602
f 382/177/1395 424/254/1397 389/184/1603
f 469/262/1398 443/240/1400 442/239/1604
f 477/269/1401 514/202/1403 401/198/1605
f 392/315/1404 514/202/1404 449/203/1606
f 361/156/1405 418/215/1407 360/157/1607
f 513/216/1408 477/269/1408 401/198/1608
f 504/269/1409 435/193/1411 411/194/1609
f 483/280/1412 416/241/1412 443/240/1610
f 422/305/1414 487/286/1416 488/306/1414
f 415/316/1417 429/227/1419 500/286/1611
f 414/212/1420 516/281/1422 518/282/1612
f 517/318/1423 430/229/1425 431/228/1613
f 465/319/1426 518/320/1428 499/328/1614
f 510/160/1429 395/158/1430 393/159/1615
f 519/323/1433 502/299/1433 492/333/1616
f 415/211/1435 362/225/1436 414/212/1617
f 371/167/1438 393/195/1440 373/197/1440
f 496/319/1442 485/282/1444 521/298/1618
f 434/167/1445 364/195/1446 453/197/1619
f 428/305/1447 500/286/1448 501/306/1620
f 515/316/1449 490/227/1449 487/286/1449
f 429/227/1451 439/237/1451 431/228/1451
f 395/289/1452 434/211/1453 453/290/1452
f 515/316/1454 423/219/1455 430/335/1621
f 363/160/1456 432/299/1458 516/281/1622
f 503/301/1459 492/228/1459 490/227/1623
f 508/293/1461 485/282/1461 484/281/1461
f 388/185/1462 506/303/1464 461/251/1624
f 505/324/1465 521/298/1467 508/293/1625
f 503/301/1468 522/325/1470 519/237/1626
f 520/301/1471 486/325/1471 439/237/1471
f 495/326/1472 521/298/1474 450/297/1627
f 522/327/1475 507/294/1475 519/323/1628
f 386/326/1477 499/328/1479 459/336/1629
f 473/295/1480 508/293/1480 507/294/1480
f 517/317/1481 503/301/1481 490/227/1481
f 499/298/1482 516/281/1484 494/293/1630
f 516/281/1485 496/294/1485 494/293/1631
f 413/317/1487 520/301/1489 429/227/1632
f 440/236/1490 431/228/1490 439/237/1633
f 523/337/1634 525/338/1634 524/339/1634
f 526/340/1635 528/341/1635 527/342/1635
f 529/343/1636 530/344/1636 524/339/1637
f 526/340/1638 532/345/1638 531/346/1638
f 533/347/1639 530/344/1639 529/343/1639
f 532/345/1640 535/348/1641 534/349/1640
f 536/350/1642 537/351/1642 534/349/1642
f 538/352/1643 540/353/1643 539/354/1643
f 541/355/1644 542/356/1645 537/351/1644
f 538/352/1646 544/357/1646 543/358/1646
f 541/355/1647 546/359/1647 545/360/1647
f 544/357/1648 548/361/1648 547/362/1648
f 546/359/1649 523/337/1649 549/363/1649
f 550/364/1650 527/342/1650 547/362/1650
f 524/339/1651 530/344/1652 551/365/1652
f 528/341/1653 531/346/1653 552/366/1653
f 533/367/1654 551/365/1654 530/344/1654
f 531/346/1655 534/349/1655 553/368/1655
f 537/351/1656 554/369/1657 553/368/1656
f 540/353/1658 555/370/1658 539/371/1658
f 537/351/1659 542/356/1660 556/372/1659
f 540/353/1661 543/358/1662 557/373/1663
f 542/356/1664 545/360/1664 558/374/1664
f 543/358/1665 547/362/1666 559/375/1665
f 549/363/1667 560/376/1667 558/374/1667
f 547/362/1668 527/342/1669 561/377/1668
f 549/363/1670 524/339/1670 562/378/1670
f 527/342/1671 528/341/1672 563/379/1672
f 552/366/1673 565/380/1673 564/381/1673
f 533/382/1674 566/383/1674 551/365/1674
f 552/366/1675 553/368/1676 567/384/1675
f 553/368/1677 554/369/1677 568/385/1677
f 555/370/1678 569/386/1678 539/387/1678
f 554/369/1679 556/372/1679 570/388/1679
f 555/370/1680 557/373/1680 571/389/1680
f 558/374/1681 572/390/1681 570/388/1681
f 557/373/1682 559/375/1682 573/391/1682
f 558/374/1683 560/376/1684 574/392/1683
f 561/377/1685 575/393/1685 573/391/1685
f 560/376/1686 562/378/1687 576/394/1686
f 561/377/1688 563/379/1689 564/381/1688
f 562/378/1690 551/365/1691 566/383/1691
f 533/395/1692 577/396/1692 566/383/1692
f 565/380/1693 567/384/1693 578/397/1693
f 568/385/1694 579/398/1695 578/397/1694
f 569/386/1696 580/399/1696 539/400/1696
f 568/385/1697 570/388/1697 581/401/1697
f 569/386/1698 571/389/1699 582/402/1700
f 572/390/1701 583/403/1701 581/401/1701
f 571/389/1702 573/391/1703 584/404/1703
f 572/390/1704 574/392/1704 585/405/1704
f 575/393/1705 586/406/1705 584/404/1705
f 576/394/1706 587/407/1706 585/405/1706
f 575/393/1707 564/381/1707 588/408/1707
f 566/383/1708 577/396/1709 587/407/1708
f 565/380/1710 589/409/1710 588/408/1710
f 589/409/1711 578/397/1711 590/410/1711
f 579/398/1712 591/411/1712 590/410/1712
f 580/399/1713 592/412/1713 539/413/1713
f 581/401/1714 593/414/1714 591/411/1714
f 580/399/1715 582/402/1715 594/415/1715
f 583/403/1716 595/416/1716 593/414/1716
f 582/402/1717 584/404/1717 596/417/1717
f 583/403/1718 585/405/1718 597/418/1718
f 586/406/1719 598/419/1719 596/417/1719
f 587/407/1720 599/420/1720 597/418/1720
f 586/406/1721 588/408/1721 600/421/1721
f 587/407/1722 577/396/1723 601/422/1723
f 588/408/1724 589/409/1725 602/423/1724
f 533/424/1726 601/422/1726 577/396/1726
f 590/410/1727 591/411/1727 603/425/1727
f 592/412/1728 604/426/1728 539/427/1728
f 591/411/1729 593/414/1729 605/428/1729
f 594/415/1730 606/429/1730 604/426/1731
f 595/416/1732 607/430/1732 605/428/1732
f 594/415/1733 596/417/1734 608/431/1734
f 595/416/1735 597/418/1736 609/432/1735
f 598/419/1737 610/433/1737 608/431/1737
f 599/420/1738 611/434/1738 609/432/1738
f 598/419/1739 600/421/1740 612/435/1739
f 599/420/1741 601/422/1742 613/436/1742
f 600/421/1743 602/423/1743 614/437/1743
f 533/438/1744 613/436/1744 601/422/1744
f 602/423/1745 590/410/1745 615/439/1745
f 604/426/1746 616/440/1746 539/441/1746
f 603/425/1747 605/428/1747 617/442/1747
f 606/429/1748 618/443/1748 616/440/1748
f 607/430/1749 619/444/1750 617/442/1749
f 606/429/1751 608/431/1752 620/445/1752
f 607/430/1753 609/432/1754 621/446/1755
f 610/433/1756 622/447/1757 620/445/1756
f 609/432/1758 611/434/1759 623/448/1759
f 610/433/1760 612/435/1761 624/449/1761
f 613/436/1762 625/450/1762 623/448/1762
f 612/435/1763 614/437/1764 626/451/1763
f 533/452/1765 625/450/1765 613/436/1765
f 614/437/1766 615/439/1766 627/453/1766
f 603/425/1767 628/454/1767 627/453/1767
f 628/454/1768 617/442/1768 629/455/1768
f 616/440/1769 618/443/1770 630/456/1770
f 619/444/1771 631/457/1772 629/455/1771
f 618/443/1773 620/445/1774 632/458/1773
f 619/444/1775 621/446/1776 633/459/1776
f 622/447/1777 634/460/1777 632/458/1778
f 621/446/1779 623/448/1780 635/461/1779
f 622/447/1781 624/449/1781 636/462/1781
f 623/448/1782 625/450/1782 637/463/1782
f 626/451/1783 638/464/1784 636/462/1783
f 533/465/1785 637/463/1785 625/450/1785
f 626/451/1786 627/453/1786 639/466/1786
f 627/453/1787 628/454/1787 640/467/1787
f 616/440/1788 641/468/1788 539/469/1788
f 641/468/1789 630/456/1789 642/470/1789
f 631/457/1790 644/471/1791 643/472/1790
f 630/456/1792 632/458/1792 645/473/1792
f 631/457/1793 633/459/1794 646/474/1793
f 632/458/1795 634/460/1796 647/475/1796
f 635/461/1797 648/476/1798 646/474/1797
f 634/460/1799 636/462/1800 649/477/1799
f 635/461/1801 637/463/1802 650/478/1801
f 636/462/1803 638/464/1804 651/479/1803
f 533/480/1805 650/478/1805 637/463/1805
f 638/464/1806 639/466/1806 652/481/1806
f 639/466/1807 640/467/1808 653/482/1807
f 641/468/1809 654/483/1809 539/484/1809
f 640/467/1810 629/455/1811 643/472/1810
f 644/471/1812 656/485/1812 655/486/1812
f 642/470/1813 645/473/1814 657/487/1813
f 644/471/1815 646/474/1816 658/488/1815
f 647/475/1817 659/489/1817 657/487/1817
f 646/474/1818 648/476/1819 660/490/1819
f 647/475/1820 649/477/1820 661/491/1820
f 648/476/1821 650/478/1822 662/492/1823
f 649/477/1824 651/479/1824 663/493/1824
f 533/494/1825 662/492/1825 650/478/1825
f 651/479/1826 652/481/1826 664/495/1827
f 653/482/1828 665/496/1828 664/495/1828
f 654/483/1829 666/497/1829 539/498/1829
f 643/472/1830 655/486/1831 665/496/1830
f 642/470/1832 667/499/1832 666/497/1832
f 656/485/1833 658/488/1834 668/500/1833
f 657/487/1835 659/489/1835 669/501/1835
f 660/490/1836 670/502/1836 668/500/1837
f 659/489/1838 661/491/1838 671/503/1838
f 660/490/1839 662/492/1839 672/504/1839
f 663/493/1840 673/505/1841 671/503/1840
f 533/506/1842 672/504/1842 662/492/1842
f 663/493/1843 664/495/1844 674/507/1843
f 664/495/1845 665/496/1845 675/508/1845
f 666/497/1846 676/509/1846 539/510/1846
f 665/496/1847 655/486/1847 677/511/1847
f 667/499/1848 678/512/1848 676/509/1849
f 656/485/1850 679/513/1850 677/511/1850
f 667/499/1851 657/487/1852 680/514/1851
f 669/501/1853 682/515/1853 681/516/1853
f 670/502/1854 684/517/1854 683/518/1854
f 669/501/1855 671/503/1856 685/519/1855
f 670/502/1857 672/504/1858 686/520/1859
f 671/503/1860 673/505/1860 687/521/1860
f 533/522/1861 686/520/1861 672/504/1861
f 673/505/1862 674/507/1862 688/523/1862
f 674/507/1863 675/508/1863 689/524/1863
f 676/509/1864 690/525/1864 539/526/1864
f 675/508/1865 677/511/1865 691/527/1865
f 678/512/1866 692/528/1866 690/525/1866
f 679/513/1867 693/529/1868 691/527/1869
f 678/512/1870 680/514/1871 681/516/1871
f 679/513/1872 668/500/1872 683/518/1872
f 684/517/1873 695/530/1874 694/531/1873
f 682/515/1875 685/519/1875 696/532/1875
f 686/520/1876 697/533/1876 695/530/1877
f 685/519/1878 687/521/1879 698/534/1878
f 533/535/1880 697/533/1880 686/520/1880
f 688/523/1881 699/536/1881 698/534/1881
f 688/523/1882 689/524/1882 700/537/1882
f 690/525/1883 701/538/1883 539/539/1883
f 689/524/1884 691/527/1884 702/540/1884
f 690/525/1885 692/528/1886 703/541/1886
f 693/529/1887 704/542/1888 702/540/1887
f 692/528/1889 681/516/1889 705/543/1889
f 693/529/1890 683/518/1890 694/531/1890
f 682/515/1891 706/544/1892 705/543/1891
f 706/544/1893 696/532/1893 707/545/1893
f 695/530/1894 697/533/1894 708/546/1894
f 696/532/1895 698/534/1895 709/547/1895
f 533/548/1896 708/546/1896 697/533/1896
f 698/534/1897 699/536/1897 710/549/1897
f 699/536/1898 700/537/1899 711/550/1898
f 701/538/1900 712/551/1900 539/552/1900
f 702/540/1901 713/553/1901 711/550/1901
f 701/538/1902 703/541/1902 714/554/1902
f 704/542/1903 715/555/1903 713/553/1904
f 703/541/1905 705/543/1905 716/556/1905
f 704/542/1906 694/531/1906 717/557/1906
f 706/544/1907 718/558/1907 716/556/1907
f 695/530/1908 719/559/1908 717/557/1908
f 719/559/1909 708/546/1910 720/560/1910
f 707/545/1911 709/547/1912 721/561/1911
f 533/562/1913 720/560/1913 708/546/1913
f 710/549/1914 722/563/1914 721/561/1914
f 710/549/1915 711/550/1915 723/564/1915
f 712/551/1916 724/565/1916 539/566/1916
f 711/550/1917 713/553/1917 725/567/1917
f 712/551/1918 714/554/1918 726/568/1918
f 715/555/1919 727/569/1920 725/567/1919
f 714/554/1921 716/556/1921 728/570/1921
f 715/555/1922 717/557/1922 729/571/1922
f 718/558/1923 730/572/1923 728/570/1923
f 717/557/1924 719/559/1924 731/573/1924
f 718/558/1925 707/545/1925 732/574/1925
f 533/575/1926 733/576/1926 720/560/1926
f 722/563/1927 735/577/1927 734/578/1927
f 722/563/1928 723/564/1929 736/579/1928
f 724/565/1930 737/580/1930 539/581/1930
f 725/567/1931 738/582/1932 736/579/1931
f 724/565/1933 726/568/1934 739/583/1934
f 727/569/1935 740/584/1935 738/582/1935
f 726/568/1936 728/570/1936 741/585/1936
f 727/569/1937 729/571/1937 742/586/1937
f 730/572/1938 743/587/1938 741/585/1939
f 731/573/1940 744/588/1941 742/586/1940
f 730/572/1942 732/574/1942 745/589/1942
f 720/560/1943 733/576/1943 744/588/1944
f 732/574/1945 721/561/1946 734/578/1945
f 735/577/1947 747/590/1947 746/591/1947
f 735/577/1948 736/579/1948 748/592/1948
f 737/580/1949 749/593/1949 539/594/1949
f 738/582/1950 750/595/1951 748/592/1950
f 739/583/1952 751/596/1952 749/593/1953
f 738/582/1954 740/584/1955 752/597/1954
f 739/583/1956 741/585/1957 753/598/1957
f 740/584/1958 742/586/1958 754/599/1958
f 743/587/1959 755/600/1959 753/598/1959
f 744/588/1960 756/601/1960 754/599/1960
f 743/587/1961 745/589/1961 757/602/1961
f 744/588/1962 733/576/1962 758/603/1962
f 745/589/1963 734/578/1964 746/591/1963
f 533/604/1965 758/603/1965 733/576/1965
f 747/590/1966 748/592/1966 759/605/1966
f 749/593/1967 760/606/1967 539/607/1967
f 750/595/1968 761/608/1968 759/605/1968
f 749/593/1969 751/596/1970 762/609/1971
f 750/595/1972 752/597/1972 763/610/1972
f 751/596/1973 753/598/1974 764/611/1974
f 752/597/1975 754/599/1976 765/612/1975
f 755/600/1977 766/613/1977 764/611/1977
f 756/601/1978 767/614/1978 765/612/1978
f 757/602/1979 768/615/1980 766/613/1979
f 756/601/1981 758/603/1981 769/616/1981
f 757/602/1982 746/591/1982 770/617/1982
f 533/618/1983 769/616/1983 758/603/1983
f 746/591/1984 747/590/1985 771/619/1984
f 759/605/1986 773/620/1986 772/621/1986
f 760/606/1987 774/622/1987 539/623/1987
f 761/608/1988 775/624/1988 773/620/1988
f 760/606/1989 762/609/1990 776/625/1991
f 761/608/1992 763/610/1993 777/626/1992
f 762/609/1994 764/611/1995 778/627/1994
f 763/610/1996 765/612/1997 779/628/1996
f 766/613/1998 780/629/1998 778/627/1998
f 767/614/1999 781/630/1999 779/628/2000
f 766/613/2001 768/615/2001 782/631/2001
f 767/614/2002 769/616/2003 783/632/2004
f 768/615/2005 770/617/2005 784/633/2005
f 533/634/2006 783/632/2006 769/616/2006
f 770/617/2007 771/619/2007 772/621/2007
f 775/624/2008 786/635/2009 785/636/2008
f 774/622/2010 776/625/2011 787/637/2011
f 775/624/2012 777/626/2013 788/638/2012
f 776/625/2014 778/627/2014 789/639/2014
f 777/626/2015 779/628/2016 790/640/2015
f 780/629/2017 791/641/2017 789/639/2017
f 781/630/2018 792/642/2019 790/640/2020
f 782/631/2021 793/643/2022 791/641/2021
f 783/632/2023 794/644/2023 792/642/2024
f 782/631/2025 784/633/2026 795/645/2025
f 533/646/2027 794/644/2027 783/632/2027
f 784/633/2028 772/621/2028 796/647/2028
f 772/621/2029 773/620/2029 785/636/2029
f 774/622/2030 797/648/2030 539/649/2030
f 797/650/2031 787/651/2032 798/652/2032
f 786/653/2033 788/654/2033 799/655/2033
f 787/651/2034 789/656/2034 800/657/2034
f 788/654/2035 790/658/2035 801/659/2035
f 791/660/2036 802/661/2037 800/657/2036
f 792/662/2038 803/663/2039 801/659/2038
f 793/664/2040 804/665/2040 802/661/2040
f 792/662/2041 794/666/2042 805/667/2042
f 793/664/2043 795/668/2044 806/669/2043
f 533/670/2045 805/667/2045 794/666/2045
f 795/668/2046 796/671/2046 807/672/2046
f 796/671/2047 785/673/2047 808/674/2047
f 797/650/2048 809/675/2048 539/676/2048
f 786/653/2049 810/677/2049 808/674/2049
f 810/677/2050 799/655/2050 811/678/2050
f 798/652/2051 800/657/2052 812/679/2051
f 799/655/2053 801/659/2053 813/680/2053
f 800/657/2054 802/661/2055 814/681/2054
f 801/659/2056 803/663/2056 815/682/2056
f 802/661/2057 804/665/2057 816/683/2057
f 803/663/2058 805/667/2059 817/684/2060
f 804/665/2061 806/669/2061 818/685/2061
f 533/686/2062 817/684/2062 805/667/2062
f 806/669/2063 807/672/2063 819/687/2064
f 807/672/2065 808/674/2065 820/688/2065
f 809/675/2066 821/689/2066 539/690/2066
f 810/677/2067 822/691/2067 820/688/2067
f 798/652/2068 823/692/2068 821/689/2068
f 823/692/2069 812/679/2069 824/693/2069
f 811/678/2070 813/680/2071 825/694/2070
f 814/681/2072 826/695/2073 824/693/2072
f 815/682/2074 827/696/2074 825/694/2074
f 816/683/2075 828/697/2075 826/695/2075
f 815/682/2076 817/684/2077 829/698/2077
f 816/683/2078 818/685/2078 830/699/2078
f 533/700/2079 829/698/2079 817/684/2079
f 818/685/2080 819/687/2080 831/701/2080
f 819/687/2081 820/688/2081 832/702/2081
f 821/689/2082 833/703/2082 539/704/2082
f 822/691/2083 834/705/2083 832/702/2083
f 821/689/2084 823/692/2084 835/706/2084
f 822/691/2085 811/678/2085 836/707/2085
f 836/707/2086 825/694/2086 837/708/2086
f 824/693/2087 826/695/2087 838/709/2087
f 825/694/2088 827/696/2088 839/710/2088
f 828/697/2089 840/711/2089 838/709/2089
f 827/696/2090 829/698/2090 841/712/2090
f 828/697/2091 830/699/2091 842/713/2091
f 533/714/2092 841/712/2092 829/698/2092
f 830/699/2093 831/701/2093 843/715/2093
f 831/701/2094 832/702/2094 844/716/2094
f 833/703/2095 845/717/2095 539/718/2095
f 834/705/2096 846/719/2096 844/716/2096
f 833/703/2097 835/706/2097 847/720/2097
f 834/705/2098 836/707/2099 848/721/2099
f 835/706/2100 824/693/2100 849/722/2100
f 839/710/2101 851/723/2101 850/724/2101
f 840/711/2102 853/725/2103 852/726/2102
f 839/710/2104 841/712/2105 854/727/2105
f 840/711/2106 842/713/2106 855/728/2106
f 533/729/2107 854/727/2107 841/712/2107
f 842/713/2108 843/715/2108 856/730/2108
f 843/715/2109 844/716/2109 857/731/2109
f 845/717/2110 858/732/2110 539/733/2110
f 846/719/2111 859/734/2112 857/731/2111
f 845/717/2113 847/720/2114 860/735/2114
f 846/719/2115 848/721/2116 861/736/2115
f 847/720/2117 849/722/2117 862/737/2117
f 848/721/2118 837/708/2118 850/724/2118
f 849/722/2119 838/709/2119 852/726/2119
f 853/725/2120 864/738/2120 863/739/2120
f 851/723/2121 854/727/2121 865/740/2121
f 853/725/2122 855/728/2122 866/741/2122
f 533/742/2123 865/740/2123 854/727/2123
f 855/728/2124 856/730/2125 867/743/2124
f 857/731/2126 868/744/2126 867/743/2126
f 858/732/2127 869/745/2127 539/746/2127
f 859/734/2128 870/747/2128 868/744/2128
f 858/732/2129 860/735/2129 871/748/2129
f 859/734/2130 861/736/2130 872/749/2130
f 860/735/2131 862/737/2131 873/750/2131
f 850/724/2132 874/751/2132 872/749/2132
f 862/737/2133 852/726/2133 863/739/2133
f 850/724/2134 851/723/2134 875/752/2134
f 865/740/2135 529/343/2135 525/338/2135
f 864/738/2136 866/741/2136 532/345/2136
f 533/753/2137 529/343/2137 865/740/2137
f 866/741/2138 867/743/2138 535/348/2138
f 867/743/2139 868/744/2139 536/350/2139
f 869/745/2140 538/352/2140 539/754/2140
f 870/747/2141 541/355/2141 536/350/2141
f 869/745/2142 871/748/2142 544/357/2142
f 870/747/2143 872/749/2143 546/359/2143
f 871/748/2144 873/750/2145 548/361/2145
f 874/751/2146 523/337/2146 546/359/2146
f 873/750/2147 863/739/2147 550/364/2147
f 875/752/2148 525/338/2148 523/337/2148
f 864/738/2149 526/340/2149 550/364/2149
f 523/337/1634 524/339/1634 549/363/1634
f 526/340/1635 527/342/1635 550/364/1635
f 529/343/1636 524/339/1637 525/338/1637
f 526/340/1638 531/346/1638 528/341/2150
f 532/345/1640 534/349/1640 531/346/1640
f 536/350/1642 534/349/1642 535/348/1642
f 541/355/1644 537/351/1644 536/350/1644
f 538/352/1646 543/358/1646 540/353/1646
f 541/355/1647 545/360/1647 542/356/1647
f 544/357/1648 547/362/1648 543/358/1648
f 546/359/1649 549/363/1649 545/360/1649
f 550/364/1650 547/362/1650 548/361/1650
f 524/339/1651 551/365/1652 562/378/2151
f 528/341/1653 552/366/1653 563/379/1653
f 531/346/1655 553/368/1655 552/366/1655
f 537/351/1656 553/368/1656 534/349/1656
f 537/351/1659 556/372/1659 554/369/1659
f 540/353/1661 557/373/1663 555/370/1661
f 542/356/1664 558/374/1664 556/372/2152
f 543/358/1665 559/375/1665 557/373/1665
f 549/363/1667 558/374/1667 545/360/2153
f 547/362/1668 561/377/1668 559/375/2154
f 549/363/1670 562/378/1670 560/376/1670
f 527/342/1671 563/379/1672 561/377/2155
f 552/366/1673 564/381/1673 563/379/1673
f 552/366/1675 567/384/1675 565/380/1675
f 553/368/1677 568/385/1677 567/384/2156
f 554/369/1679 570/388/1679 568/385/1679
f 555/370/1680 571/389/1680 569/386/1680
f 558/374/1681 570/388/1681 556/372/2157
f 557/373/1682 573/391/1682 571/389/1682
f 558/374/1683 574/392/1683 572/390/1683
f 561/377/1685 573/391/1685 559/375/2158
f 560/376/1686 576/394/1686 574/392/1686
f 561/377/1688 564/381/1688 575/393/1688
f 562/378/1690 566/383/1691 576/394/1690
f 565/380/1693 578/397/1693 589/409/1693
f 568/385/1694 578/397/1694 567/384/1694
f 568/385/1697 581/401/1697 579/398/1697
f 569/386/1698 582/402/1700 580/399/1698
f 572/390/1701 581/401/1701 570/388/1701
f 571/389/1702 584/404/1703 582/402/1702
f 572/390/1704 585/405/1704 583/403/1704
f 575/393/1705 584/404/1705 573/391/1705
f 576/394/1706 585/405/1706 574/392/1706
f 575/393/1707 588/408/1707 586/406/2159
f 566/383/1708 587/407/1708 576/394/1708
f 565/380/1710 588/408/1710 564/381/2160
f 589/409/1711 590/410/1711 602/423/1711
f 579/398/1712 590/410/1712 578/397/1712
f 581/401/1714 591/411/1714 579/398/1714
f 580/399/1715 594/415/1715 592/412/1715
f 583/403/1716 593/414/1716 581/401/2161
f 582/402/1717 596/417/1717 594/415/1717
f 583/403/1718 597/418/1718 595/416/1718
f 586/406/1719 596/417/1719 584/404/1719
f 587/407/1720 597/418/1720 585/405/1720
f 586/406/1721 600/421/1721 598/419/1721
f 587/407/1722 601/422/1723 599/420/2162
f 588/408/1724 602/423/1724 600/421/1724
f 590/410/1727 603/425/1727 615/439/1727
f 591/411/1729 605/428/1729 603/425/2163
f 594/415/1730 604/426/1731 592/412/2164
f 595/416/1732 605/428/1732 593/414/1732
f 594/415/1733 608/431/1734 606/429/1733
f 595/416/1735 609/432/1735 607/430/1735
f 598/419/1737 608/431/1737 596/417/1737
f 599/420/1738 609/432/1738 597/418/1738
f 598/419/1739 612/435/1739 610/433/1739
f 599/420/1741 613/436/1742 611/434/1741
f 600/421/1743 614/437/1743 612/435/1743
f 602/423/1745 615/439/1745 614/437/1745
f 603/425/1747 617/442/1747 628/454/2165
f 606/429/1748 616/440/1748 604/426/1748
f 607/430/1749 617/442/1749 605/428/1749
f 606/429/1751 620/445/1752 618/443/1751
f 607/430/1753 621/446/1755 619/444/1753
f 610/433/1756 620/445/1756 608/431/2166
f 609/432/1758 623/448/1759 621/446/1758
f 610/433/1760 624/449/1761 622/447/1760
f 613/436/1762 623/448/1762 611/434/1762
f 612/435/1763 626/451/1763 624/449/1763
f 614/437/1766 627/453/1766 626/451/1766
f 603/425/1767 627/453/1767 615/439/1767
f 628/454/1768 629/455/1768 640/467/1768
f 616/440/1769 630/456/1770 641/468/2167
f 619/444/1771 629/455/1771 617/442/1771
f 618/443/1773 632/458/1773 630/456/1773
f 619/444/1775 633/459/1776 631/457/1775
f 622/447/1777 632/458/1778 620/445/2168
f 621/446/1779 635/461/1779 633/459/1779
f 622/447/1781 636/462/1781 634/460/2169
f 623/448/1782 637/463/1782 635/461/1782
f 626/451/1783 636/462/1783 624/449/1783
f 626/451/1786 639/466/1786 638/464/1786
f 627/453/1787 640/467/1787 639/466/1787
f 641/468/1789 642/470/1789 654/483/1789
f 631/457/1790 643/472/1790 629/455/1790
f 630/456/1792 645/473/1792 642/470/1792
f 631/457/1793 646/474/1793 644/471/1793
f 632/458/1795 647/475/1796 645/473/1795
f 635/461/1797 646/474/1797 633/459/1797
f 634/460/1799 649/477/1799 647/475/2170
f 635/461/1801 650/478/1801 648/476/1801
f 636/462/1803 651/479/1803 649/477/1803
f 638/464/1806 652/481/1806 651/479/2171
f 639/466/1807 653/482/1807 652/481/1807
f 640/467/1810 643/472/1810 653/482/2172
f 644/471/1812 655/486/1812 643/472/2173
f 642/470/1813 657/487/1813 667/499/2174
f 644/471/1815 658/488/1815 656/485/1815
f 647/475/1817 657/487/1817 645/473/1817
f 646/474/1818 660/490/1819 658/488/1818
f 647/475/1820 661/491/1820 659/489/1820
f 648/476/1821 662/492/1823 660/490/1821
f 649/477/1824 663/493/1824 661/491/1824
f 651/479/1826 664/495/1827 663/493/1827
f 653/482/1828 664/495/1828 652/481/1828
f 643/472/1830 665/496/1830 653/482/1830
f 642/470/1832 666/497/1832 654/483/1832
f 656/485/1833 668/500/1833 679/513/1833
f 657/487/1835 669/501/1835 680/514/2175
f 660/490/1836 668/500/1837 658/488/1837
f 659/489/1838 671/503/1838 669/501/1838
f 660/490/1839 672/504/1839 670/502/1839
f 663/493/1840 671/503/1840 661/491/2176
f 663/493/1843 674/507/1843 673/505/1843
f 664/495/1845 675/508/1845 674/507/2177
f 665/496/1847 677/511/1847 675/508/2178
f 667/499/1848 676/509/1849 666/497/1849
f 656/485/1850 677/511/1850 655/486/1850
f 667/499/1851 680/514/1851 678/512/1851
f 669/501/1853 681/516/1853 680/514/1853
f 670/502/1854 683/518/1854 668/500/1854
f 669/501/1855 685/519/1855 682/515/1855
f 670/502/1857 686/520/1859 684/517/1857
f 671/503/1860 687/521/1860 685/519/2179
f 673/505/1862 688/523/1862 687/521/1862
f 674/507/1863 689/524/1863 688/523/2180
f 675/508/1865 691/527/1865 689/524/1865
f 678/512/1866 690/525/1866 676/509/1866
f 679/513/1867 691/527/1869 677/511/1869
f 678/512/1870 681/516/1871 692/528/1870
f 679/513/1872 683/518/1872 693/529/1872
f 684/517/1873 694/531/1873 683/518/1873
f 682/515/1875 696/532/1875 706/544/1875
f 686/520/1876 695/530/1877 684/517/1877
f 685/519/1878 698/534/1878 696/532/1878
f 688/523/1881 698/534/1881 687/521/1881
f 688/523/1882 700/537/1882 699/536/1882
f 689/524/1884 702/540/1884 700/537/1884
f 690/525/1885 703/541/1886 701/538/2181
f 693/529/1887 702/540/1887 691/527/1887
f 692/528/1889 705/543/1889 703/541/1889
f 693/529/1890 694/531/1890 704/542/1890
f 682/515/1891 705/543/1891 681/516/1891
f 706/544/1893 707/545/1893 718/558/1893
f 695/530/1894 708/546/1894 719/559/1894
f 696/532/1895 709/547/1895 707/545/2182
f 698/534/1897 710/549/1897 709/547/2183
f 699/536/1898 711/550/1898 710/549/1898
f 702/540/1901 711/550/1901 700/537/1901
f 701/538/1902 714/554/1902 712/551/1902
f 704/542/1903 713/553/1904 702/540/1904
f 703/541/1905 716/556/1905 714/554/1905
f 704/542/1906 717/557/1906 715/555/1906
f 706/544/1907 716/556/1907 705/543/1907
f 695/530/1908 717/557/1908 694/531/1908
f 719/559/1909 720/560/1910 731/573/1909
f 707/545/1911 721/561/1911 732/574/1911
f 710/549/1914 721/561/1914 709/547/1914
f 710/549/1915 723/564/1915 722/563/1915
f 711/550/1917 725/567/1917 723/564/2184
f 712/551/1918 726/568/1918 724/565/1918
f 715/555/1919 725/567/1919 713/553/1919
f 714/554/1921 728/570/1921 726/568/2185
f 715/555/1922 729/571/1922 727/569/1922
f 718/558/1923 728/570/1923 716/556/1923
f 717/557/1924 731/573/1924 729/571/1924
f 718/558/1925 732/574/1925 730/572/1925
f 722/563/1927 734/578/1927 721/561/1927
f 722/563/1928 736/579/1928 735/577/2186
f 725/567/1931 736/579/1931 723/564/1931
f 724/565/1933 739/583/1934 737/580/2187
f 727/569/1935 738/582/1935 725/567/1935
f 726/568/1936 741/585/1936 739/583/1936
f 727/569/1937 742/586/1937 740/584/1937
f 730/572/1938 741/585/1939 728/570/2188
f 731/573/1940 742/586/1940 729/571/1940
f 730/572/1942 745/589/1942 743/587/1942
f 720/560/1943 744/588/1944 731/573/1944
f 732/574/1945 734/578/1945 745/589/1945
f 735/577/1947 746/591/1947 734/578/1947
f 735/577/1948 748/592/1948 747/590/1948
f 738/582/1950 748/592/1950 736/579/1950
f 739/583/1952 749/593/1953 737/580/2189
f 738/582/1954 752/597/1954 750/595/2190
f 739/583/1956 753/598/1957 751/596/1956
f 740/584/1958 754/599/1958 752/597/1958
f 743/587/1959 753/598/1959 741/585/2191
f 744/588/1960 754/599/1960 742/586/1960
f 743/587/1961 757/602/1961 755/600/2192
f 744/588/1962 758/603/1962 756/601/1962
f 745/589/1963 746/591/1963 757/602/1963
f 747/590/1966 759/605/1966 771/619/1966
f 750/595/1968 759/605/1968 748/592/2193
f 749/593/1969 762/609/1971 760/606/2194
f 750/595/1972 763/610/1972 761/608/1972
f 751/596/1973 764/611/1974 762/609/2195
f 752/597/1975 765/612/1975 763/610/1975
f 755/600/1977 764/611/1977 753/598/2196
f 756/601/1978 765/612/1978 754/599/1978
f 757/602/1979 766/613/1979 755/600/1979
f 756/601/1981 769/616/1981 767/614/1981
f 757/602/1982 770/617/1982 768/615/1982
f 746/591/1984 771/619/1984 770/617/1984
f 759/605/1986 772/621/1986 771/619/1986
f 761/608/1988 773/620/1988 759/605/2197
f 760/606/1989 776/625/1991 774/622/1989
f 761/608/1992 777/626/1992 775/624/1992
f 762/609/1994 778/627/1994 776/625/1994
f 763/610/1996 779/628/1996 777/626/1996
f 766/613/1998 778/627/1998 764/611/1998
f 767/614/1999 779/628/2000 765/612/2000
f 766/613/2001 782/631/2001 780/629/2001
f 767/614/2002 783/632/2004 781/630/2198
f 768/615/2005 784/633/2005 782/631/2005
f 770/617/2007 772/621/2007 784/633/2199
f 775/624/2008 785/636/2008 773/620/2008
f 774/622/2010 787/637/2011 797/648/2010
f 775/624/2012 788/638/2012 786/635/2200
f 776/625/2014 789/639/2014 787/637/2014
f 777/626/2015 790/640/2015 788/638/2201
f 780/629/2017 789/639/2017 778/627/2017
f 781/630/2018 790/640/2020 779/628/2202
f 782/631/2021 791/641/2021 780/629/2021
f 783/632/2023 792/642/2024 781/630/2024
f 782/631/2025 795/645/2025 793/643/2025
f 784/633/2028 796/647/2028 795/645/2203
f 772/621/2029 785/636/2029 796/647/2204
f 797/650/2031 798/652/2032 809/675/2031
f 786/653/2033 799/655/2033 810/677/2205
f 787/651/2034 800/657/2034 798/652/2034
f 788/654/2035 801/659/2035 799/655/2206
f 791/660/2036 800/657/2036 789/656/2207
f 792/662/2038 801/659/2038 790/658/2038
f 793/664/2040 802/661/2040 791/660/2040
f 792/662/2041 805/667/2042 803/663/2041
f 793/664/2043 806/669/2043 804/665/2043
f 795/668/2046 807/672/2046 806/669/2046
f 796/671/2047 808/674/2047 807/672/2047
f 786/653/2049 808/674/2049 785/673/2049
f 810/677/2050 811/678/2050 822/691/2050
f 798/652/2051 812/679/2051 823/692/2208
f 799/655/2053 813/680/2053 811/678/2053
f 800/657/2054 814/681/2054 812/679/2054
f 801/659/2056 815/682/2056 813/680/2209
f 802/661/2057 816/683/2057 814/681/2210
f 803/663/2058 817/684/2060 815/682/2058
f 804/665/2061 818/685/2061 816/683/2061
f 806/669/2063 819/687/2064 818/685/2064
f 807/672/2065 820/688/2065 819/687/2065
f 810/677/2067 820/688/2067 808/674/2067
f 798/652/2068 821/689/2068 809/675/2068
f 823/692/2069 824/693/2069 835/706/2211
f 811/678/2070 825/694/2070 836/707/2070
f 814/681/2072 824/693/2072 812/679/2072
f 815/682/2074 825/694/2074 813/680/2074
f 816/683/2075 826/695/2075 814/681/2212
f 815/682/2076 829/698/2077 827/696/2076
f 816/683/2078 830/699/2078 828/697/2213
f 818/685/2080 831/701/2080 830/699/2214
f 819/687/2081 832/702/2081 831/701/2081
f 822/691/2083 832/702/2083 820/688/2215
f 821/689/2084 835/706/2084 833/703/2084
f 822/691/2085 836/707/2085 834/705/2085
f 836/707/2086 837/708/2086 848/721/2086
f 824/693/2087 838/709/2087 849/722/2087
f 825/694/2088 839/710/2088 837/708/2088
f 828/697/2089 838/709/2089 826/695/2089
f 827/696/2090 841/712/2090 839/710/2090
f 828/697/2091 842/713/2091 840/711/2091
f 830/699/2093 843/715/2093 842/713/2093
f 831/701/2094 844/716/2094 843/715/2216
f 834/705/2096 844/716/2096 832/702/2096
f 833/703/2097 847/720/2097 845/717/2097
f 834/705/2098 848/721/2099 846/719/2217
f 835/706/2100 849/722/2100 847/720/2100
f 839/710/2101 850/724/2101 837/708/2101
f 840/711/2102 852/726/2102 838/709/2102
f 839/710/2104 854/727/2105 851/723/2104
f 840/711/2106 855/728/2106 853/725/2218
f 842/713/2108 856/730/2108 855/728/2108
f 843/715/2109 857/731/2109 856/730/2109
f 846/719/2111 857/731/2111 844/716/2111
f 845/717/2113 860/735/2114 858/732/2113
f 846/719/2115 861/736/2115 859/734/2115
f 847/720/2117 862/737/2117 860/735/2117
f 848/721/2118 850/724/2118 861/736/2118
f 849/722/2119 852/726/2119 862/737/2119
f 853/725/2120 863/739/2120 852/726/2120
f 851/723/2121 865/740/2121 875/752/2121
f 853/725/2122 866/741/2122 864/738/2122
f 855/728/2124 867/743/2124 866/741/2219
f 857/731/2126 867/743/2126 856/730/2126
f 859/734/2128 868/744/2128 857/731/2128
f 858/732/2129 871/748/2129 869/745/2129
f 859/734/2130 872/749/2130 870/747/2220
f 860/735/2131 873/750/2131 871/748/2131
f 850/724/2132 872/749/2132 861/736/2132
f 862/737/2133 863/739/2133 873/750/2133
f 850/724/2134 875/752/2134 874/751/2134
f 865/740/2135 525/338/2135 875/752/2135
f 864/738/2136 532/345/2136 526/340/2136
f 866/741/2138 535/348/2138 532/345/2138
f 867/743/2139 536/350/2139 535/348/2139
f 870/747/2141 536/350/2141 868/744/2141
f 869/745/2142 544/357/2142 538/352/2142
f 870/747/2143 546/359/2143 541/355/2143
f 871/748/2144 548/361/2145 544/357/2144
f 874/751/2146 546/359/2146 872/749/2146
f 873/750/2147 550/364/2147 548/361/2147
f 875/752/2148 523/337/2148 874/751/2221
f 864/738/2149 550/364/2149 863/739/2149
o RenderMesh_87127434278076.002
v 0.126976 0.504462 0.069982 0.2462 0.2462 0.2462
v 0.082362 0.542012 0.133837 0.2462 0.2462 0.2462
v 0.074188 0.505430 0.120024 0.2462 0.2462 0.2462
v 0.146211 0.618738 -0.078875 0.2462 0.2462 0.2462
v 0.149298 0.655916 -0.000714 0.2462 0.2462 0.2462
v 0.165084 0.619076 -0.000014 0.2462 0.2462 0.2462
v -0.133106 0.507010 -0.007345 0.2462 0.2462 0.2462
v -0.130016 0.544189 0.070818 0.2462 0.2462 0.2462
v -0.148913 0.544046 -0.007973 0.2462 0.2462 0.2462
v 0.018492 1.251683 -0.010908 0.2462 0.2462 0.2462
v 0.012713 0.957598 -0.022687 0.2462 0.2462 0.2462
v 0.015731 1.251717 -0.011721 0.2462 0.2462 0.2462
v 0.170175 0.579567 0.000407 0.2462 0.2462 0.2462
v 0.142008 0.619661 0.077684 0.2462 0.2462 0.2462
v 0.146275 0.580300 0.080876 0.2462 0.2462 0.2462
v -0.112395 0.506545 -0.077067 0.2462 0.2462 0.2462
v -0.047695 0.474191 -0.104197 0.2462 0.2462 0.2462
v -0.090806 0.474912 -0.063322 0.2462 0.2462 0.2462
v -0.002966 0.957955 0.002854 0.2462 0.2462 0.2462
v 0.012675 1.251789 -0.001433 0.2462 0.2462 0.2462
v 0.010694 1.251834 -0.003516 0.2462 0.2462 0.2462
v 0.066967 0.472754 -0.101123 0.2462 0.2462 0.2462
v 0.008897 0.449472 -0.084329 0.2462 0.2462 0.2462
v 0.010046 0.473329 -0.118011 0.2462 0.2462 0.2462
v -0.029265 0.434904 -0.025143 0.2462 0.2462 0.2462
v -0.074361 0.450832 -0.005482 0.2462 0.2462 0.2462
v -0.062399 0.450367 -0.045754 0.2462 0.2462 0.2462
v 0.121627 0.472734 -0.000282 0.2462 0.2462 0.2462
v 0.075899 0.449338 0.039124 0.2462 0.2462 0.2462
v 0.087860 0.448871 -0.001145 0.2462 0.2462 0.2462
v -0.107675 0.475411 -0.006500 0.2462 0.2462 0.2462
v -0.116177 0.507241 0.063352 0.2462 0.2462 0.2462
v 0.069182 0.687730 -0.102332 0.2462 0.2462 0.2462
v 0.061778 0.734615 -0.033231 0.2462 0.2462 0.2462
v 0.110023 0.687563 -0.059256 0.2462 0.2462 0.2462
v 0.043552 0.434176 -0.023259 0.2462 0.2462 0.2462
v 0.078033 0.448726 -0.041861 0.2462 0.2462 0.2462
v -0.114589 0.659356 0.062450 0.2462 0.2462 0.2462
v -0.050773 0.690172 0.093067 0.2462 0.2462 0.2462
v -0.091615 0.690340 0.049990 0.2462 0.2462 0.2462
v 0.010019 1.251815 -0.006306 0.2462 0.2462 0.2462
v 0.018911 1.545799 -0.006936 0.2462 0.2462 0.2462
v 0.010854 1.251780 -0.009104 0.2462 0.2462 0.2462
v -0.129209 0.622781 0.070390 0.2462 0.2462 0.2462
v -0.064567 0.658990 0.115185 0.2462 0.2462 0.2462
v -0.066093 0.620982 -0.142090 0.2462 0.2462 0.2462
v -0.110780 0.658466 -0.078037 0.2462 0.2462 0.2462
v -0.058020 0.657691 -0.128008 0.2462 0.2462 0.2462
v -0.148107 0.622636 -0.008403 0.2462 0.2462 0.2462
v 0.003491 0.543090 0.152746 0.2462 0.2462 0.2462
v 0.003533 0.506333 0.136812 0.2462 0.2462 0.2462
v 0.012343 0.688374 -0.119414 0.2462 0.2462 0.2462
v 0.012660 0.656595 -0.144870 0.2462 0.2462 0.2462
v 0.141199 0.541070 0.078113 0.2462 0.2462 0.2462
v 0.164302 0.540289 0.000345 0.2462 0.2462 0.2462
v 0.006537 0.429479 -0.003189 0.2462 0.2462 0.2462
v -0.013441 0.434753 -0.040178 0.2462 0.2462 0.2462
v 0.007650 0.434465 -0.045059 0.2462 0.2462 0.2462
v 0.082349 0.656053 -0.124143 0.2462 0.2462 0.2462
v 0.048587 0.434101 -0.002028 0.2462 0.2462 0.2462
v 0.037099 0.846161 -0.019346 0.2462 0.2462 0.2462
v 0.021309 0.957487 -0.020155 0.2462 0.2462 0.2462
v 0.027461 0.957486 -0.013620 0.2462 0.2462 0.2462
v -0.052990 0.475195 0.094274 0.2462 0.2462 0.2462
v 0.003932 0.474622 0.111167 0.2462 0.2462 0.2462
v -0.134435 0.583581 0.073156 0.2462 0.2462 0.2462
v 0.012476 0.580641 -0.166176 0.2462 0.2462 0.2462
v -0.066975 0.542324 -0.141464 0.2462 0.2462 0.2462
v -0.069166 0.581649 -0.146629 0.2462 0.2462 0.2462
v 0.018225 1.251745 -0.001260 0.2462 0.2462 0.2462
v 0.020329 1.251707 -0.003279 0.2462 0.2462 0.2462
v 0.107816 0.472588 -0.058044 0.2462 0.2462 0.2462
v 0.147713 0.503799 0.000189 0.2462 0.2462 0.2462
v 0.061648 0.473956 0.097417 0.2462 0.2462 0.2462
v 0.045365 0.449657 0.068131 0.2462 0.2462 0.2462
v 0.020468 1.251681 -0.008809 0.2462 0.2462 0.2462
v 0.040668 0.846237 -0.004374 0.2462 0.2462 0.2462
v 0.027029 0.957564 0.003595 0.2462 0.2462 0.2462
v 0.036311 0.846321 0.010312 0.2462 0.2462 0.2462
v -0.003156 0.846614 -0.031324 0.2462 0.2462 0.2462
v -0.002466 0.957790 -0.014540 0.2462 0.2462 0.2462
v 0.004016 0.957758 -0.020645 0.2462 0.2462 0.2462
v 0.132373 0.655687 -0.071410 0.2462 0.2462 0.2462
v 0.150628 0.579347 -0.081212 0.2462 0.2462 0.2462
v 0.145404 0.540146 -0.078445 0.2462 0.2462 0.2462
v 0.037878 0.735368 0.047183 0.2462 0.2462 0.2462
v 0.045164 0.790660 0.016246 0.2462 0.2462 0.2462
v 0.029774 0.790951 0.030902 0.2462 0.2462 0.2462
v 0.128588 0.656381 0.069009 0.2462 0.2462 0.2462
v 0.004497 0.450355 0.077966 0.2462 0.2462 0.2462
v -0.035705 0.450672 0.065865 0.2462 0.2462 0.2462
v 0.003717 0.582283 0.158122 0.2462 0.2462 0.2462
v 0.083171 0.620605 0.133409 0.2462 0.2462 0.2462
v 0.004296 0.621684 0.152316 0.2462 0.2462 0.2462
v 0.008118 0.735689 0.054215 0.2462 0.2462 0.2462
v 0.006145 0.689600 0.109952 0.2462 0.2462 0.2462
v -0.105422 0.690190 -0.007772 0.2462 0.2462 0.2462
v -0.040755 0.735774 -0.035889 0.2462 0.2462 0.2462
v -0.088476 0.689761 -0.064790 0.2462 0.2462 0.2462
v 0.080760 0.503935 -0.123241 0.2462 0.2462 0.2462
v 0.012937 1.251768 -0.011066 0.2462 0.2462 0.2462
v 0.085359 0.581276 0.138571 0.2462 0.2462 0.2462
v -0.031942 0.449975 -0.074562 0.2462 0.2462 0.2462
v -0.059610 0.505574 -0.127106 0.2462 0.2462 0.2462
v 0.011897 0.541243 -0.160374 0.2462 0.2462 0.2462
v 0.011050 0.504674 -0.143897 0.2462 0.2462 0.2462
v 0.040712 0.734748 -0.055497 0.2462 0.2462 0.2462
v 0.012702 0.619834 -0.160802 0.2462 0.2462 0.2462
v 0.028509 0.434237 -0.038865 0.2462 0.2462 0.2462
v 0.075802 0.657349 0.119051 0.2462 0.2462 0.2462
v 0.106965 0.688210 0.055329 0.2462 0.2462 0.2462
v 0.063856 0.688933 0.096206 0.2462 0.2462 0.2462
v 0.046259 0.790434 -0.024564 0.2462 0.2462 0.2462
v 0.068876 0.734757 -0.003347 0.2462 0.2462 0.2462
v -0.015415 0.435051 0.032641 0.2462 0.2462 0.2462
v -0.030383 0.435180 0.016842 0.2462 0.2462 0.2462
v 0.005445 0.434822 0.038840 0.2462 0.2462 0.2462
v 0.026614 0.434606 0.033759 0.2462 0.2462 0.2462
v 0.130760 0.503766 -0.070438 0.2462 0.2462 0.2462
v 0.005144 0.658251 0.135840 0.2462 0.2462 0.2462
v -0.042351 0.736103 0.023292 0.2462 0.2462 0.2462
v -0.045443 0.688969 -0.105469 0.2462 0.2462 0.2462
v 0.089633 0.540441 -0.137305 0.2462 0.2462 0.2462
v 0.092937 0.579885 -0.142257 0.2462 0.2462 0.2462
v -0.125007 0.621856 -0.086172 0.2462 0.2462 0.2462
v -0.130084 0.582626 -0.088929 0.2462 0.2462 0.2462
v 0.104759 0.473234 0.056542 0.2462 0.2462 0.2462
v 0.123833 0.687711 -0.001494 0.2462 0.2462 0.2462
v -0.066181 0.507070 0.116156 0.2462 0.2462 0.2462
v -0.093865 0.475558 0.051268 0.2462 0.2462 0.2462
v -0.064611 0.450905 0.035432 0.2462 0.2462 0.2462
v -0.018713 0.846909 -0.005959 0.2462 0.2462 0.2462
v -0.014321 0.846729 -0.020736 0.2462 0.2462 0.2462
v 0.060181 0.734945 0.025955 0.2462 0.2462 0.2462
v 0.011782 0.957843 0.011920 0.2462 0.2462 0.2462
v 0.015432 1.251797 -0.000604 0.2462 0.2462 0.2462
v 0.042361 0.434384 0.018919 0.2462 0.2462 0.2462
v 0.010181 0.846717 0.024514 0.2462 0.2462 0.2462
v 0.003202 0.957822 0.009342 0.2462 0.2462 0.2462
v -0.004539 0.846841 0.020090 0.2462 0.2462 0.2462
v -0.076767 0.583237 0.134270 0.2462 0.2462 0.2462
v 0.011448 0.790719 -0.045898 0.2462 0.2462 0.2462
v -0.018474 0.735510 -0.057060 0.2462 0.2462 0.2462
v -0.009094 0.791055 -0.041013 0.2462 0.2462 0.2462
v -0.073438 0.622486 0.129249 0.2462 0.2462 0.2462
v -0.125816 0.543263 -0.085739 0.2462 0.2462 0.2462
v 0.031731 0.790522 -0.039929 0.2462 0.2462 0.2462
v 0.029557 0.957541 -0.004935 0.2462 0.2462 0.2462
v 0.021142 1.251700 -0.006018 0.2462 0.2462 0.2462
v -0.015135 0.846922 0.008990 0.2462 0.2462 0.2462
v 0.009248 0.791185 0.035752 0.2462 0.2462 0.2462
v 0.090411 0.619229 -0.137667 0.2462 0.2462 0.2462
v -0.049472 0.736125 -0.006531 0.2462 0.2462 0.2462
v 0.049127 0.448961 -0.072298 0.2462 0.2462 0.2462
v -0.025564 0.791469 0.014417 0.2462 0.2462 0.2462
v -0.030479 0.791473 -0.006151 0.2462 0.2462 0.2462
v 0.011310 0.735029 -0.064152 0.2462 0.2462 0.2462
v -0.005064 0.957900 -0.005830 0.2462 0.2462 0.2462
v -0.074244 0.543891 0.129677 0.2462 0.2462 0.2462
v -0.035492 0.435188 -0.004195 0.2462 0.2462 0.2462
v -0.153981 0.583362 -0.008463 0.2462 0.2462 0.2462
v -0.131516 0.659126 -0.008246 0.2462 0.2462 0.2462
v 0.020476 0.957685 0.009879 0.2462 0.2462 0.2462
v 0.011781 0.846366 -0.034871 0.2462 0.2462 0.2462
v 0.025110 0.846532 0.020991 0.2462 0.2462 0.2462
v 0.026532 0.846214 -0.030528 0.2462 0.2462 0.2462
v -0.010991 0.791398 0.029669 0.2462 0.2462 0.2462
v 0.051160 0.790537 -0.003961 0.2462 0.2462 0.2462
v -0.024459 0.791228 -0.026423 0.2462 0.2462 0.2462
v -0.021220 0.736030 0.045399 0.2462 0.2462 0.2462
v 0.111835 -0.508033 -0.069982 0.2462 0.2462 0.2462
v 0.066118 -0.544233 -0.133837 0.2462 0.2462 0.2462
v 0.059043 -0.507422 -0.120024 0.2462 0.2462 0.2462
v 0.127644 -0.622832 0.078875 0.2462 0.2462 0.2462
v 0.129618 -0.660086 0.000714 0.2462 0.2462 0.2462
v 0.146498 -0.623735 0.000014 0.2462 0.2462 0.2462
v -0.148207 -0.502802 0.007345 0.2462 0.2462 0.2462
v -0.146230 -0.540057 -0.070818 0.2462 0.2462 0.2462
v -0.165114 -0.539349 0.007973 0.2462 0.2462 0.2462
v -0.018945 -1.251674 0.010908 0.2462 0.2462 0.2462
v -0.015928 -0.957549 0.022687 0.2462 0.2462 0.2462
v -0.021706 -1.251628 0.011721 0.2462 0.2462 0.2462
v 0.152769 -0.584396 -0.000407 0.2462 0.2462 0.2462
v 0.123416 -0.623630 -0.077684 0.2462 0.2462 0.2462
v 0.128857 -0.584416 -0.080876 0.2462 0.2462 0.2462
v -0.127491 -0.502958 0.077065 0.2462 0.2462 0.2462
v -0.061854 -0.472552 0.104197 0.2462 0.2462 0.2462
v -0.104967 -0.471984 0.063322 0.2462 0.2462 0.2462
v -0.031609 -0.957439 -0.002854 0.2462 0.2462 0.2462
v -0.024762 -1.251608 0.001432 0.2462 0.2462 0.2462
v -0.026744 -1.251593 0.003515 0.2462 0.2462 0.2462
v 0.052802 -0.474545 0.101123 0.2462 0.2462 0.2462
v -0.004548 -0.449538 0.084329 0.2462 0.2462 0.2462
v -0.004112 -0.473418 0.118011 0.2462 0.2462 0.2462
v -0.042257 -0.433834 0.025143 0.2462 0.2462 0.2462
v -0.087809 -0.448407 0.005482 0.2462 0.2462 0.2462
v -0.075837 -0.448299 0.045754 0.2462 0.2462 0.2462
v 0.107437 -0.476160 0.000282 0.2462 0.2462 0.2462
v 0.062429 -0.451407 -0.039124 0.2462 0.2462 0.2462
v 0.074399 -0.451296 0.001145 0.2462 0.2462 0.2462
v -0.121844 -0.471979 0.006500 0.2462 0.2462 0.2462
v -0.131293 -0.503539 -0.063352 0.2462 0.2462 0.2462
v 0.048585 -0.689492 0.102332 0.2462 0.2462 0.2462
v 0.039784 -0.736133 0.033231 0.2462 0.2462 0.2462
v 0.089415 -0.690545 0.059256 0.2462 0.2462 0.2462
v 0.030549 -0.435284 0.023259 0.2462 0.2462 0.2462
v 0.064580 -0.450859 0.041861 0.2462 0.2462 0.2462
v -0.134255 -0.655634 -0.062450 0.2462 0.2462 0.2462
v -0.071388 -0.688344 -0.093067 0.2462 0.2462 0.2462
v -0.112217 -0.687291 -0.049990 0.2462 0.2462 0.2462
v -0.027416 -1.251554 0.006306 0.2462 0.2462 0.2462
v -0.027320 -1.545673 0.006936 0.2462 0.2462 0.2462
v -0.026582 -1.251543 0.009104 0.2462 0.2462 0.2462
v -0.147774 -0.618640 -0.070390 0.2462 0.2462 0.2462
v -0.084243 -0.656765 -0.115185 0.2462 0.2462 0.2462
v -0.084631 -0.618727 0.142090 0.2462 0.2462 0.2462
v -0.130420 -0.654858 0.078037 0.2462 0.2462 0.2462
v -0.077661 -0.655662 0.128008 0.2462 0.2462 0.2462
v -0.166659 -0.617930 0.008403 0.2462 0.2462 0.2462
v -0.012751 -0.542951 -0.152746 0.2462 0.2462 0.2462
v -0.011609 -0.506211 -0.136812 0.2462 0.2462 0.2462
v -0.008246 -0.688434 0.119414 0.2462 0.2462 0.2462
v -0.006978 -0.656679 0.144870 0.2462 0.2462 0.2462
v 0.124958 -0.545050 -0.078114 0.2462 0.2462 0.2462
v 0.148072 -0.544958 -0.000346 0.2462 0.2462 0.2462
v -0.006308 -0.429482 0.003188 0.2462 0.2462 0.2462
v -0.026435 -0.434156 0.040178 0.2462 0.2462 0.2462
v -0.005345 -0.434500 0.045059 0.2462 0.2462 0.2462
v 0.062695 -0.658222 0.124143 0.2462 0.2462 0.2462
v 0.035584 -0.435359 0.002028 0.2462 0.2462 0.2462
v 0.011780 -0.846892 0.019346 0.2462 0.2462 0.2462
v -0.007331 -0.957697 0.020155 0.2462 0.2462 0.2462
v -0.001183 -0.957877 0.013620 0.2462 0.2462 0.2462
v -0.067174 -0.473398 -0.094274 0.2462 0.2462 0.2462
v -0.010263 -0.474527 -0.111167 0.2462 0.2462 0.2462
v -0.151825 -0.579300 -0.073156 0.2462 0.2462 0.2462
v -0.004892 -0.580756 0.166176 0.2462 0.2462 0.2462
v -0.083162 -0.540077 0.141464 0.2462 0.2462 0.2462
v -0.086528 -0.579321 0.146629 0.2462 0.2462 0.2462
v -0.019214 -1.251729 0.001260 0.2462 0.2462 0.2462
v -0.017108 -1.251755 0.003279 0.2462 0.2462 0.2462
v 0.093636 -0.475600 0.058044 0.2462 0.2462 0.2462
v 0.132583 -0.507991 -0.000189 0.2462 0.2462 0.2462
v 0.047448 -0.475587 -0.097417 0.2462 0.2462 0.2462
v 0.031898 -0.450813 -0.068131 0.2462 0.2462 0.2462
v -0.016969 -1.251732 0.008808 0.2462 0.2462 0.2462
v 0.015346 -0.847076 0.004374 0.2462 0.2462 0.2462
v -0.001616 -0.957945 -0.003595 0.2462 0.2462 0.2462
v 0.010987 -0.847028 -0.010312 0.2462 0.2462 0.2462
v -0.028471 -0.846141 0.031324 0.2462 0.2462 0.2462
v -0.031105 -0.957289 0.014538 0.2462 0.2462 0.2462
v -0.024626 -0.957449 0.020645 0.2462 0.2462 0.2462
v 0.112707 -0.659353 0.071408 0.2462 0.2462 0.2462
v 0.133237 -0.583592 0.081212 0.2462 0.2462 0.2462
v 0.129189 -0.544252 0.078445 0.2462 0.2462 0.2462
v 0.015873 -0.736171 -0.047183 0.2462 0.2462 0.2462
v 0.021502 -0.791657 -0.016246 0.2462 0.2462 0.2462
v 0.006110 -0.791488 -0.030902 0.2462 0.2462 0.2462
v 0.108903 -0.659932 -0.069009 0.2462 0.2462 0.2462
v -0.008971 -0.450289 -0.077966 0.2462 0.2462 0.2462
v -0.049164 -0.449403 -0.065865 0.2462 0.2462 0.2462
v -0.013696 -0.582134 -0.158122 0.2462 0.2462 0.2462
v 0.064576 -0.622815 -0.133409 0.2462 0.2462 0.2462
v -0.014295 -0.621534 -0.152316 0.2462 0.2462 0.2462
v -0.013884 -0.735604 -0.054215 0.2462 0.2462 0.2462
v -0.014478 -0.689475 -0.109954 0.2462 0.2462 0.2462
v -0.126012 -0.686730 0.007772 0.2462 0.2462 0.2462
v -0.062737 -0.734226 0.035889 0.2462 0.2462 0.2462
v -0.109062 -0.686807 0.064790 0.2462 0.2462 0.2462
v 0.065655 -0.506125 0.123241 0.2462 0.2462 0.2462
v -0.024501 -1.251595 0.011065 0.2462 0.2462 0.2462
v 0.067939 -0.583569 -0.138571 0.2462 0.2462 0.2462
v -0.045383 -0.448818 0.074562 0.2462 0.2462 0.2462
v -0.074701 -0.503566 0.127106 0.2462 0.2462 0.2462
v -0.004293 -0.541356 0.160372 0.2462 0.2462 0.2462
v -0.004047 -0.504779 0.143897 0.2462 0.2462 0.2462
v 0.018723 -0.735637 0.055497 0.2462 0.2462 0.2462
v -0.005838 -0.619938 0.160802 0.2462 0.2462 0.2462
v 0.015512 -0.434895 0.038864 0.2462 0.2462 0.2462
v 0.056112 -0.659321 -0.119051 0.2462 0.2462 0.2462
v 0.086338 -0.691100 -0.055330 0.2462 0.2462 0.2462
v 0.043226 -0.690534 -0.096206 0.2462 0.2462 0.2462
v 0.022604 -0.791464 0.024564 0.2462 0.2462 0.2462
v 0.046874 -0.736489 0.003347 0.2462 0.2462 0.2462
v -0.028418 -0.434396 -0.032641 0.2462 0.2462 0.2462
v -0.043381 -0.434078 -0.016842 0.2462 0.2462 0.2462
v -0.007560 -0.434790 -0.038840 0.2462 0.2462 0.2462
v 0.013607 -0.435206 -0.033759 0.2462 0.2462 0.2462
v 0.115638 -0.507450 0.070437 0.2462 0.2462 0.2462
v -0.014541 -0.658110 -0.135840 0.2462 0.2462 0.2462
v -0.064342 -0.734506 -0.023292 0.2462 0.2462 0.2462
v -0.066025 -0.687302 0.105469 0.2462 0.2462 0.2462
v 0.073432 -0.542879 0.137305 0.2462 0.2462 0.2462
v 0.075555 -0.582405 0.142257 0.2462 0.2462 0.2462
v -0.143546 -0.617839 0.086172 0.2462 0.2462 0.2462
v -0.147447 -0.578475 0.088929 0.2462 0.2462 0.2462
v 0.090562 -0.476155 -0.056542 0.2462 0.2462 0.2462
v 0.103213 -0.691105 0.001494 0.2462 0.2462 0.2462
v -0.081314 -0.504865 -0.116156 0.2462 0.2462 0.2462
v -0.108043 -0.472540 -0.051268 0.2462 0.2462 0.2462
v -0.078067 -0.448772 -0.035432 0.2462 0.2462 0.2462
v -0.044030 -0.845970 0.005959 0.2462 0.2462 0.2462
v -0.039634 -0.845923 0.020736 0.2462 0.2462 0.2462
v 0.038177 -0.736415 -0.025955 0.2462 0.2462 0.2462
v -0.016865 -0.957767 -0.011920 0.2462 0.2462 0.2462
v -0.022007 -1.251697 0.000604 0.2462 0.2462 0.2462
v 0.029352 -0.435457 -0.018919 0.2462 0.2462 0.2462
v -0.015143 -0.846643 -0.024514 0.2462 0.2462 0.2462
v -0.025441 -0.957488 -0.009342 0.2462 0.2462 0.2462
v -0.029859 -0.846327 -0.020090 0.2462 0.2462 0.2462
v -0.094173 -0.580680 -0.134270 0.2462 0.2462 0.2462
v -0.012201 -0.790708 0.045898 0.2462 0.2462 0.2462
v -0.040459 -0.734628 0.057060 0.2462 0.2462 0.2462
v -0.032745 -0.790428 0.041013 0.2462 0.2462 0.2462
v -0.092020 -0.620012 -0.129249 0.2462 0.2462 0.2462
v -0.142004 -0.539258 0.085739 0.2462 0.2462 0.2462
v 0.008077 -0.791117 0.039929 0.2462 0.2462 0.2462
v 0.000911 -0.957997 0.004935 0.2462 0.2462 0.2462
v -0.016296 -1.251772 0.006018 0.2462 0.2462 0.2462
v -0.040453 -0.846091 -0.008991 0.2462 0.2462 0.2462
v -0.014416 -0.791107 -0.035752 0.2462 0.2462 0.2462
v 0.071854 -0.621656 0.137667 0.2462 0.2462 0.2462
v -0.071460 -0.734316 0.006531 0.2462 0.2462 0.2462
v 0.035680 -0.450230 0.072298 0.2462 0.2462 0.2462
v -0.049219 -0.790350 -0.014417 0.2462 0.2462 0.2462
v -0.054133 -0.790206 0.006150 0.2462 0.2462 0.2462
v -0.010675 -0.735038 0.064152 0.2462 0.2462 0.2462
v -0.033705 -0.957321 0.005830 0.2462 0.2462 0.2462
v -0.090475 -0.541429 -0.129677 0.2462 0.2462 0.2462
v -0.048490 -0.433932 0.004195 0.2462 0.2462 0.2462
v -0.171356 -0.578496 0.008463 0.2462 0.2462 0.2462
v -0.151167 -0.654898 0.008246 0.2462 0.2462 0.2462
v -0.008169 -0.957868 -0.009879 0.2462 0.2462 0.2462
v -0.013532 -0.846339 0.034870 0.2462 0.2462 0.2462
v -0.000215 -0.846904 -0.020992 0.2462 0.2462 0.2462
v 0.001218 -0.846628 0.030527 0.2462 0.2462 0.2462
v -0.034650 -0.790715 -0.029669 0.2462 0.2462 0.2462
v 0.027499 -0.791713 0.003960 0.2462 0.2462 0.2462
v -0.048106 -0.790143 0.026423 0.2462 0.2462 0.2462
v -0.043218 -0.735066 -0.045399 0.2462 0.2462 0.2462
v -0.095452 0.001683 -0.052512 0.2462 0.2462 0.2462
v -0.104692 -0.009128 -0.028467 0.2462 0.2462 0.2462
v -0.104718 0.001860 -0.029738 0.2462 0.2462 0.2462
v 0.030692 -0.000601 -0.105694 0.2462 0.2462 0.2462
v 0.053510 -0.020803 -0.094138 0.2462 0.2462 0.2462
v 0.030747 -0.023418 -0.103057 0.2462 0.2462 0.2462
v -0.108685 0.001943 -0.005472 0.2462 0.2462 0.2462
v -0.108672 -0.003691 -0.004822 0.2462 0.2462 0.2462
v 0.006492 -0.024859 -0.106807 0.2462 0.2462 0.2462
v 0.006431 -0.000168 -0.109662 0.2462 0.2462 0.2462
v -0.107153 0.001928 0.019067 0.2462 0.2462 0.2462
v -0.018044 -0.025054 -0.105203 0.2462 0.2462 0.2462
v -0.018104 0.000272 -0.108130 0.2462 0.2462 0.2462
v -0.041684 0.000696 -0.101177 0.2462 0.2462 0.2462
v -0.041624 -0.023994 -0.098323 0.2462 0.2462 0.2462
v 0.102120 -0.001845 -0.042649 0.2462 0.2462 0.2462
v 0.109072 -0.001957 -0.019067 0.2462 0.2462 0.2462
v 0.102133 -0.007480 -0.041998 0.2462 0.2462 0.2462
v -0.063124 0.001086 -0.089150 0.2462 0.2462 0.2462
v -0.063069 -0.021731 -0.086511 0.2462 0.2462 0.2462
v 0.090121 -0.012629 -0.062824 0.2462 0.2462 0.2462
v 0.090094 -0.001642 -0.064094 0.2462 0.2462 0.2462
v -0.081305 -0.018380 -0.070363 0.2462 0.2462 0.2462
v -0.081352 0.001420 -0.072652 0.2462 0.2462 0.2462
v 0.073638 -0.017146 -0.080499 0.2462 0.2462 0.2462
v 0.073599 -0.001355 -0.082325 0.2462 0.2462 0.2462
v -0.095414 -0.014107 -0.050687 0.2462 0.2462 0.2462
v 0.053462 -0.001003 -0.096428 0.2462 0.2462 0.2462
v -0.108429 -0.009027 -0.002909 0.2462 0.2462 0.2462
v 0.007550 -0.048232 -0.098424 0.2462 0.2462 0.2462
v -0.016957 -0.049028 -0.096603 0.2462 0.2462 0.2462
v -0.040565 -0.047368 -0.089939 0.2462 0.2462 0.2462
v 0.102375 -0.012816 -0.040084 0.2462 0.2462 0.2462
v -0.062091 -0.043332 -0.078765 0.2462 0.2462 0.2462
v 0.090591 -0.023031 -0.059093 0.2462 0.2462 0.2462
v -0.080455 -0.037124 -0.063640 0.2462 0.2462 0.2462
v 0.074314 -0.032094 -0.075138 0.2462 0.2462 0.2462
v -0.094737 -0.029056 -0.045325 0.2462 0.2462 0.2462
v 0.054359 -0.039547 -0.087416 0.2462 0.2462 0.2462
v -0.104221 -0.019531 -0.024736 0.2462 0.2462 0.2462
v 0.031726 -0.045018 -0.095309 0.2462 0.2462 0.2462
v 0.033574 -0.064238 -0.082870 0.2462 0.2462 0.2462
v 0.009549 -0.069030 -0.084964 0.2462 0.2462 0.2462
v -0.107973 -0.013774 0.000164 0.2462 0.2462 0.2462
v -0.014906 -0.070363 -0.082797 0.2462 0.2462 0.2462
v -0.038565 -0.068165 -0.076478 0.2462 0.2462 0.2462
v 0.102832 -0.017563 -0.037013 0.2462 0.2462 0.2462
v -0.060243 -0.062553 -0.066324 0.2462 0.2462 0.2462
v 0.091482 -0.032288 -0.053102 0.2462 0.2462 0.2462
v -0.078852 -0.053803 -0.052846 0.2462 0.2462 0.2462
v 0.075594 -0.045394 -0.066530 0.2462 0.2462 0.2462
v -0.093459 -0.042356 -0.036716 0.2462 0.2462 0.2462
v 0.055963 -0.056226 -0.076620 0.2462 0.2462 0.2462
v -0.103330 -0.028787 -0.018746 0.2462 0.2462 0.2462
v -0.107326 -0.017677 0.004230 0.2462 0.2462 0.2462
v -0.012000 -0.087902 -0.064526 0.2462 0.2462 0.2462
v -0.035731 -0.085266 -0.058666 0.2462 0.2462 0.2462
v 0.103478 -0.021465 -0.032947 0.2462 0.2462 0.2462
v -0.057624 -0.078356 -0.049863 0.2462 0.2462 0.2462
v 0.092744 -0.039898 -0.045175 0.2462 0.2462 0.2462
v -0.076579 -0.067517 -0.038560 0.2462 0.2462 0.2462
v 0.077406 -0.056330 -0.055138 0.2462 0.2462 0.2462
v -0.091646 -0.053293 -0.025325 0.2462 0.2462 0.2462
v 0.058235 -0.069939 -0.062336 0.2462 0.2462 0.2462
v -0.102070 -0.036397 -0.010818 0.2462 0.2462 0.2462
v 0.036193 -0.080041 -0.066409 0.2462 0.2462 0.2462
v 0.012382 -0.086131 -0.067150 0.2462 0.2462 0.2462
v -0.008393 -0.100704 -0.042777 0.2462 0.2462 0.2462
v -0.032217 -0.097747 -0.037461 0.2462 0.2462 0.2462
v 0.104281 -0.024313 -0.028107 0.2462 0.2462 0.2462
v -0.054376 -0.089891 -0.030268 0.2462 0.2462 0.2462
v 0.094309 -0.045452 -0.035738 0.2462 0.2462 0.2462
v -0.073760 -0.077526 -0.021556 0.2462 0.2462 0.2462
v 0.079653 -0.064313 -0.041578 0.2462 0.2462 0.2462
v -0.089398 -0.061275 -0.011765 0.2462 0.2462 0.2462
v 0.061054 -0.079948 -0.045332 0.2462 0.2462 0.2462
v -0.100505 -0.041952 -0.001382 0.2462 0.2462 0.2462
v 0.039441 -0.091575 -0.046813 0.2462 0.2462 0.2462
v -0.106524 -0.020526 0.009070 0.2462 0.2462 0.2462
v 0.015898 -0.098612 -0.045947 0.2462 0.2462 0.2462
v -0.028210 -0.104936 -0.014009 0.2462 0.2462 0.2462
v 0.105195 -0.025956 -0.022754 0.2462 0.2462 0.2462
v -0.050673 -0.096534 -0.008595 0.2462 0.2462 0.2462
v 0.096091 -0.048652 -0.025301 0.2462 0.2462 0.2462
v -0.070546 -0.083291 -0.002748 0.2462 0.2462 0.2462
v 0.082216 -0.068910 -0.026578 0.2462 0.2462 0.2462
v -0.086835 -0.065872 0.003235 0.2462 0.2462 0.2462
v 0.064267 -0.085712 -0.026524 0.2462 0.2462 0.2462
v -0.098722 -0.045150 0.009056 0.2462 0.2462 0.2462
v 0.043144 -0.098220 -0.025139 0.2462 0.2462 0.2462
v -0.105609 -0.022167 0.014422 0.2462 0.2462 0.2462
v 0.019905 -0.105801 -0.022495 0.2462 0.2462 0.2462
v -0.004284 -0.108078 -0.018720 0.2462 0.2462 0.2462
v 0.106173 -0.026299 -0.017176 0.2462 0.2462 0.2462
v -0.046716 -0.097928 0.013987 0.2462 0.2462 0.2462
v 0.097996 -0.049324 -0.014426 0.2462 0.2462 0.2462
v -0.067112 -0.084500 0.016848 0.2462 0.2462 0.2462
v 0.084955 -0.069874 -0.010951 0.2462 0.2462 0.2462
v -0.084097 -0.066838 0.018862 0.2462 0.2462 0.2462
v 0.067702 -0.086924 -0.006928 0.2462 0.2462 0.2462
v -0.096816 -0.045822 0.019931 0.2462 0.2462 0.2462
v 0.047102 -0.099614 -0.002557 0.2462 0.2462 0.2462
v -0.104632 -0.022511 0.019999 0.2462 0.2462 0.2462
v 0.024187 -0.107311 0.001942 0.2462 0.2462 0.2462
v 0.000108 -0.109626 0.006344 0.2462 0.2462 0.2462
v -0.023927 -0.106446 0.010428 0.2462 0.2462 0.2462
v -0.042717 -0.093999 0.036262 0.2462 0.2462 0.2462
v 0.099922 -0.047432 -0.003700 0.2462 0.2462 0.2462
v -0.063642 -0.081092 0.036176 0.2462 0.2462 0.2462
v 0.087723 -0.067157 0.004463 0.2462 0.2462 0.2462
v -0.081330 -0.064118 0.034276 0.2462 0.2462 0.2462
v 0.071172 -0.083513 0.012402 0.2462 0.2462 0.2462
v -0.094890 -0.043930 0.030657 0.2462 0.2462 0.2462
v 0.051101 -0.095686 0.019717 0.2462 0.2462 0.2462
v -0.103644 -0.021541 0.025501 0.2462 0.2462 0.2462
v 0.028514 -0.103059 0.026045 0.2462 0.2462 0.2462
v 0.004547 -0.105265 0.031066 0.2462 0.2462 0.2462
v -0.019601 -0.102195 0.034530 0.2462 0.2462 0.2462
v 0.107160 -0.025329 -0.011675 0.2462 0.2462 0.2462
v 0.101764 -0.043077 0.006301 0.2462 0.2462 0.2462
v -0.038892 -0.084959 0.057028 0.2462 0.2462 0.2462
v -0.060324 -0.073246 0.054195 0.2462 0.2462 0.2462
v 0.090369 -0.060899 0.018833 0.2462 0.2462 0.2462
v -0.078683 -0.057861 0.048646 0.2462 0.2462 0.2462
v 0.074491 -0.075668 0.030421 0.2462 0.2462 0.2462
v -0.093048 -0.039577 0.040658 0.2462 0.2462 0.2462
v 0.054924 -0.086643 0.040484 0.2462 0.2462 0.2462
v -0.102700 -0.019308 0.030630 0.2462 0.2462 0.2462
v 0.032653 -0.093275 0.048515 0.2462 0.2462 0.2462
v 0.008792 -0.095231 0.054114 0.2462 0.2462 0.2462
v -0.015462 -0.092410 0.057000 0.2462 0.2462 0.2462
v 0.108105 -0.023095 -0.006546 0.2462 0.2462 0.2462
v -0.035447 -0.071292 0.075165 0.2462 0.2462 0.2462
v -0.057335 -0.061387 0.069934 0.2462 0.2462 0.2462
v 0.092752 -0.051441 0.031384 0.2462 0.2462 0.2462
v -0.076301 -0.048403 0.061198 0.2462 0.2462 0.2462
v 0.077479 -0.063810 0.046159 0.2462 0.2462 0.2462
v -0.091389 -0.032995 0.049391 0.2462 0.2462 0.2462
v 0.058369 -0.072978 0.058620 0.2462 0.2462 0.2462
v -0.101849 -0.015933 0.035110 0.2462 0.2462 0.2462
v 0.036380 -0.078488 0.068141 0.2462 0.2462 0.2462
v 0.012615 -0.080062 0.074245 0.2462 0.2462 0.2462
v -0.011736 -0.077623 0.076626 0.2462 0.2462 0.2462
v 0.108956 -0.019720 -0.002067 0.2462 0.2462 0.2462
v 0.103423 -0.036497 0.015036 0.2462 0.2462 0.2462
v -0.074308 -0.036256 0.071253 0.2462 0.2462 0.2462
v 0.079978 -0.048575 0.058769 0.2462 0.2462 0.2462
v -0.090003 -0.024542 0.056389 0.2462 0.2462 0.2462
v 0.061247 -0.055424 0.073151 0.2462 0.2462 0.2462
v -0.101139 -0.011598 0.038698 0.2462 0.2462 0.2462
v 0.039493 -0.059492 0.083864 0.2462 0.2462 0.2462
v 0.015809 -0.060578 0.090373 0.2462 0.2462 0.2462
v -0.008620 -0.058627 0.092349 0.2462 0.2462 0.2462
v 0.109667 -0.015385 0.001521 0.2462 0.2462 0.2462
v -0.032570 -0.053737 0.089695 0.2462 0.2462 0.2462
v 0.104809 -0.028042 0.022033 0.2462 0.2462 0.2462
v -0.054837 -0.046154 0.082544 0.2462 0.2462 0.2462
v 0.094744 -0.039295 0.041440 0.2462 0.2462 0.2462
v 0.096237 -0.025111 0.048458 0.2462 0.2462 0.2462
v 0.081849 -0.030790 0.067569 0.2462 0.2462 0.2462
v -0.072815 -0.022072 0.078271 0.2462 0.2462 0.2462
v -0.088965 -0.014671 0.061272 0.2462 0.2462 0.2462
v 0.063405 -0.034928 0.083292 0.2462 0.2462 0.2462
v -0.100605 -0.006535 0.041202 0.2462 0.2462 0.2462
v 0.041828 -0.037314 0.094838 0.2462 0.2462 0.2462
v 0.018203 -0.037829 0.101628 0.2462 0.2462 0.2462
v -0.006286 -0.036449 0.103323 0.2462 0.2462 0.2462
v 0.110200 -0.010323 0.004027 0.2462 0.2462 0.2462
v -0.030414 -0.033241 0.099837 0.2462 0.2462 0.2462
v 0.105848 -0.018173 0.026917 0.2462 0.2462 0.2462
v -0.052966 -0.028368 0.091344 0.2462 0.2462 0.2462
v -0.071902 -0.006618 0.081873 0.2462 0.2462 0.2462
v -0.088330 -0.003916 0.063779 0.2462 0.2462 0.2462
v 0.064723 -0.012596 0.088496 0.2462 0.2462 0.2462
v -0.100279 -0.001020 0.042489 0.2462 0.2462 0.2462
v 0.043256 -0.013148 0.100471 0.2462 0.2462 0.2462
v 0.019667 -0.013042 0.107406 0.2462 0.2462 0.2462
v -0.004859 -0.012283 0.108955 0.2462 0.2462 0.2462
v 0.110525 -0.004808 0.005312 0.2462 0.2462 0.2462
v -0.029093 -0.010909 0.105042 0.2462 0.2462 0.2462
v 0.106483 -0.007418 0.029424 0.2462 0.2462 0.2462
v -0.051822 -0.008989 0.095861 0.2462 0.2462 0.2462
v 0.097151 -0.009656 0.052060 0.2462 0.2462 0.2462
v 0.082993 -0.011411 0.072086 0.2462 0.2462 0.2462
v 0.065134 0.010371 0.088485 0.2462 0.2462 0.2462
v -0.100178 0.004653 0.042485 0.2462 0.2462 0.2462
v 0.043700 0.011701 0.100457 0.2462 0.2462 0.2462
v 0.020123 0.012448 0.107392 0.2462 0.2462 0.2462
v -0.004415 0.012566 0.108943 0.2462 0.2462 0.2462
v 0.110627 0.000864 0.005309 0.2462 0.2462 0.2462
v -0.028684 0.012057 0.105030 0.2462 0.2462 0.2462
v 0.106681 0.003641 0.029418 0.2462 0.2462 0.2462
v -0.051465 0.010940 0.095851 0.2462 0.2462 0.2462
v 0.097435 0.006237 0.052051 0.2462 0.2462 0.2462
v -0.071618 0.009274 0.081865 0.2462 0.2462 0.2462
v 0.083349 0.008517 0.072076 0.2462 0.2462 0.2462
v -0.088132 0.007143 0.063774 0.2462 0.2462 0.2462
v -0.100307 0.010175 0.041195 0.2462 0.2462 0.2462
v 0.043137 0.035898 0.094800 0.2462 0.2462 0.2462
v 0.019545 0.037265 0.101590 0.2462 0.2462 0.2462
v -0.004977 0.036763 0.103286 0.2462 0.2462 0.2462
v 0.110498 0.006387 0.004018 0.2462 0.2462 0.2462
v -0.029203 0.034416 0.099802 0.2462 0.2462 0.2462
v 0.106431 0.014411 0.026901 0.2462 0.2462 0.2462
v -0.051917 0.030343 0.091314 0.2462 0.2462 0.2462
v 0.097074 0.021710 0.048434 0.2462 0.2462 0.2462
v -0.071978 0.024748 0.078247 0.2462 0.2462 0.2462
v 0.082898 0.027921 0.067538 0.2462 0.2462 0.2462
v -0.088383 0.017911 0.061256 0.2462 0.2462 0.2462
v 0.064613 0.032729 0.083257 0.2462 0.2462 0.2462
v -0.100659 0.015250 0.038684 0.2462 0.2462 0.2462
v 0.041597 0.058134 0.083804 0.2462 0.2462 0.2462
v 0.017966 0.060074 0.090311 0.2462 0.2462 0.2462
v -0.006517 0.058999 0.092288 0.2462 0.2462 0.2462
v 0.110147 0.011463 0.001507 0.2462 0.2462 0.2462
v -0.030626 0.054965 0.089640 0.2462 0.2462 0.2462
v 0.105745 0.024307 0.022006 0.2462 0.2462 0.2462
v -0.053152 0.048176 0.082496 0.2462 0.2462 0.2462
v 0.096089 0.035930 0.041401 0.2462 0.2462 0.2462
v -0.072964 0.038968 0.071214 0.2462 0.2462 0.2462
v 0.081663 0.045753 0.058720 0.2462 0.2462 0.2462
v -0.089067 0.027807 0.056362 0.2462 0.2462 0.2462
v 0.063191 0.053280 0.073095 0.2462 0.2462 0.2462
v 0.039164 0.077212 0.068060 0.2462 0.2462 0.2462
v 0.015470 0.079642 0.074163 0.2462 0.2462 0.2462
v -0.008951 0.078077 0.076546 0.2462 0.2462 0.2462
v 0.109590 0.015818 -0.002086 0.2462 0.2462 0.2462
v -0.032875 0.072597 0.075090 0.2462 0.2462 0.2462
v 0.104663 0.032797 0.014999 0.2462 0.2462 0.2462
v -0.055103 0.063475 0.069869 0.2462 0.2462 0.2462
v 0.094532 0.048131 0.031333 0.2462 0.2462 0.2462
v -0.074519 0.051169 0.061146 0.2462 0.2462 0.2462
v 0.079712 0.061052 0.046095 0.2462 0.2462 0.2462
v -0.090150 0.036297 0.049356 0.2462 0.2462 0.2462
v 0.060941 0.070910 0.058546 0.2462 0.2462 0.2462
v -0.101214 0.019605 0.035091 0.2462 0.2462 0.2462
v -0.012147 0.092968 0.056904 0.2462 0.2462 0.2462
v 0.108862 0.019216 -0.006568 0.2462 0.2462 0.2462
v -0.035829 0.086358 0.056940 0.2462 0.2462 0.2462
v 0.103239 0.039424 0.006258 0.2462 0.2462 0.2462
v -0.057665 0.075417 0.054120 0.2462 0.2462 0.2462
v 0.092489 0.057655 0.018772 0.2462 0.2462 0.2462
v -0.076563 0.060692 0.048585 0.2462 0.2462 0.2462
v 0.077149 0.072994 0.030344 0.2462 0.2462 0.2462
v -0.091572 0.042925 0.040615 0.2462 0.2462 0.2462
v 0.057989 0.084672 0.040395 0.2462 0.2462 0.2462
v -0.101944 0.023004 0.030608 0.2462 0.2462 0.2462
v 0.035968 0.092104 0.048420 0.2462 0.2462 0.2462
v 0.012192 0.094916 0.054016 0.2462 0.2462 0.2462
v 0.008308 0.105073 0.030958 0.2462 0.2462 0.2462
v -0.015933 0.102871 0.034424 0.2462 0.2462 0.2462
v 0.107997 0.021476 -0.011699 0.2462 0.2462 0.2462
v -0.039328 0.095509 0.036165 0.2462 0.2462 0.2462
v 0.101555 0.043831 -0.003746 0.2462 0.2462 0.2462
v -0.060702 0.083357 0.036091 0.2462 0.2462 0.2462
v 0.090067 0.063988 0.004396 0.2462 0.2462 0.2462
v -0.078985 0.067026 0.034209 0.2462 0.2462 0.2462
v 0.074112 0.080934 0.012317 0.2462 0.2462 0.2462
v -0.093257 0.047332 0.030610 0.2462 0.2462 0.2462
v 0.054489 0.093823 0.019620 0.2462 0.2462 0.2462
v -0.102807 0.025264 0.025477 0.2462 0.2462 0.2462
v 0.032180 0.102006 0.025939 0.2462 0.2462 0.2462
v -0.020107 0.107249 0.010317 0.2462 0.2462 0.2462
v -0.043184 0.099555 0.013886 0.2462 0.2462 0.2462
v 0.099697 0.045780 -0.014475 0.2462 0.2462 0.2462
v -0.064049 0.086870 0.016759 0.2462 0.2462 0.2462
v 0.087399 0.066788 -0.011022 0.2462 0.2462 0.2462
v -0.081653 0.069825 0.018791 0.2462 0.2462 0.2462
v 0.070765 0.084447 -0.007016 0.2462 0.2462 0.2462
v -0.095115 0.049281 0.019882 0.2462 0.2462 0.2462
v 0.050632 0.097870 -0.002658 0.2462 0.2462 0.2462
v -0.103759 0.026262 0.019975 0.2462 0.2462 0.2462
v 0.028007 0.106384 0.001832 0.2462 0.2462 0.2462
v 0.004028 0.109565 0.006230 0.2462 0.2462 0.2462
v 0.107045 0.022475 -0.017202 0.2462 0.2462 0.2462
v 0.097769 0.045165 -0.025349 0.2462 0.2462 0.2462
v -0.067525 0.085762 -0.002835 0.2462 0.2462 0.2462
v 0.084627 0.065905 -0.026648 0.2462 0.2462 0.2462
v -0.084425 0.068942 0.003165 0.2462 0.2462 0.2462
v 0.067291 0.083340 -0.026611 0.2462 0.2462 0.2462
v -0.097045 0.048666 0.009006 0.2462 0.2462 0.2462
v 0.046627 0.096594 -0.025240 0.2462 0.2462 0.2462
v -0.104749 0.025947 0.014398 0.2462 0.2462 0.2462
v 0.023674 0.105004 -0.022603 0.2462 0.2462 0.2462
v -0.000418 0.108149 -0.018833 0.2462 0.2462 0.2462
v -0.024441 0.105869 -0.014117 0.2462 0.2462 0.2462
v 0.106056 0.022159 -0.022779 0.2462 0.2462 0.2462
v -0.047189 0.098280 -0.008696 0.2462 0.2462 0.2462
v -0.070942 0.080096 -0.021638 0.2462 0.2462 0.2462
v 0.081902 0.061387 -0.041642 0.2462 0.2462 0.2462
v -0.087151 0.064424 -0.011829 0.2462 0.2462 0.2462
v 0.063872 0.077673 -0.045413 0.2462 0.2462 0.2462
v -0.098941 0.045521 -0.001427 0.2462 0.2462 0.2462
v 0.042689 0.090065 -0.046906 0.2462 0.2462 0.2462
v -0.105722 0.024335 0.009047 0.2462 0.2462 0.2462
v 0.019412 0.097939 -0.046048 0.2462 0.2462 0.2462
v -0.004789 0.100902 -0.042880 0.2462 0.2462 0.2462
v -0.028702 0.098804 -0.037562 0.2462 0.2462 0.2462
v 0.105083 0.020546 -0.028130 0.2462 0.2462 0.2462
v -0.051128 0.091751 -0.030361 0.2462 0.2462 0.2462
v 0.095871 0.042021 -0.035783 0.2462 0.2462 0.2462
v 0.079369 0.053476 -0.055194 0.2462 0.2462 0.2462
v -0.089683 0.056514 -0.025381 0.2462 0.2462 0.2462
v 0.060698 0.067754 -0.062407 0.2462 0.2462 0.2462
v -0.100703 0.040016 -0.010858 0.2462 0.2462 0.2462
v 0.039030 0.078634 -0.066489 0.2462 0.2462 0.2462
v -0.106626 0.021513 0.004210 0.2462 0.2462 0.2462
v 0.015453 0.085569 -0.067239 0.2462 0.2462 0.2462
v -0.008851 0.088214 -0.064617 0.2462 0.2462 0.2462
v -0.032661 0.086434 -0.058754 0.2462 0.2462 0.2462
v 0.104178 0.017725 -0.032967 0.2462 0.2462 0.2462
v -0.054787 0.080320 -0.049945 0.2462 0.2462 0.2462
v 0.094110 0.036516 -0.045214 0.2462 0.2462 0.2462
v -0.074118 0.070177 -0.038631 0.2462 0.2462 0.2462
v -0.091885 0.045638 -0.036761 0.2462 0.2462 0.2462
v 0.057936 0.054116 -0.076677 0.2462 0.2462 0.2462
v -0.102235 0.032449 -0.018777 0.2462 0.2462 0.2462
v 0.035847 0.062917 -0.082934 0.2462 0.2462 0.2462
v -0.107412 0.017631 0.000148 0.2462 0.2462 0.2462
v 0.012009 0.068563 -0.085034 0.2462 0.2462 0.2462
v -0.012382 0.070770 -0.082869 0.2462 0.2462 0.2462
v -0.036105 0.069428 -0.076548 0.2462 0.2462 0.2462
v 0.103393 0.013843 -0.037029 0.2462 0.2462 0.2462
v -0.057969 0.064603 -0.066390 0.2462 0.2462 0.2462
v 0.092578 0.028947 -0.053134 0.2462 0.2462 0.2462
v -0.076879 0.056538 -0.052903 0.2462 0.2462 0.2462
v 0.077168 0.042600 -0.066574 0.2462 0.2462 0.2462
v -0.093638 0.032383 -0.045357 0.2462 0.2462 0.2462
v -0.103456 0.023223 -0.024759 0.2462 0.2462 0.2462
v 0.055736 0.037493 -0.087455 0.2462 0.2462 0.2462
v 0.033312 0.043763 -0.095355 0.2462 0.2462 0.2462
v -0.108037 0.012900 -0.002920 0.2462 0.2462 0.2462
v 0.009267 0.047835 -0.098473 0.2462 0.2462 0.2462
v -0.015196 0.049510 -0.096655 0.2462 0.2462 0.2462
v -0.038849 0.048700 -0.089989 0.2462 0.2462 0.2462
v 0.102767 0.009112 -0.040096 0.2462 0.2462 0.2462
v -0.060505 0.045448 -0.078810 0.2462 0.2462 0.2462
v 0.091357 0.019724 -0.059114 0.2462 0.2462 0.2462
v -0.079079 0.039916 -0.063679 0.2462 0.2462 0.2462
v 0.075412 0.029345 -0.075170 0.2462 0.2462 0.2462
v 0.054218 0.018785 -0.094158 0.2462 0.2462 0.2462
v 0.031563 0.022202 -0.103080 0.2462 0.2462 0.2462
v -0.108470 0.007575 -0.004828 0.2462 0.2462 0.2462
v 0.007374 0.024506 -0.106834 0.2462 0.2462 0.2462
v -0.017137 0.025580 -0.105229 0.2462 0.2462 0.2462
v -0.040742 0.025371 -0.098348 0.2462 0.2462 0.2462
v 0.102335 0.003787 -0.042004 0.2462 0.2462 0.2462
v -0.062254 0.023889 -0.086535 0.2462 0.2462 0.2462
v 0.090514 0.009341 -0.062835 0.2462 0.2462 0.2462
v -0.080596 0.021208 -0.070384 0.2462 0.2462 0.2462
v 0.074201 0.014425 -0.080516 0.2462 0.2462 0.2462
v -0.094849 0.017463 -0.050703 0.2462 0.2462 0.2462
v -0.104299 0.012841 -0.028479 0.2462 0.2462 0.2462
vn 0.6288 -0.3934 0.6707
vn 0.6287 -0.3936 0.6707
vn 0.6286 -0.3937 0.6707
vn 0.8990 0.3806 -0.2166
vn 0.8990 0.3806 -0.2165
vn 0.8988 0.3810 -0.2167
vn -0.8992 -0.3802 0.2164
vn -0.8991 -0.3804 0.2165
vn -0.8993 -0.3801 0.2164
vn 0.2827 0.0328 -0.9586
vn 0.2828 0.0328 -0.9586
vn 0.2827 0.0328 -0.9587
vn 0.9513 0.1257 0.2815
vn 0.9513 0.1258 0.2814
vn 0.9513 0.1259 0.2814
vn -0.5462 -0.6191 -0.5643
vn -0.5462 -0.6183 -0.5651
vn -0.7234 0.0486 0.6887
vn -0.7232 0.0485 0.6889
vn 0.1598 -0.8078 -0.5674
vn 0.1597 -0.8077 -0.5676
vn 0.1600 -0.8081 -0.5669
vn -0.3692 -0.9242 -0.0981
vn -0.3689 -0.9243 -0.0974
vn -0.3695 -0.9239 -0.0991
vn 0.5642 -0.8067 0.1758
vn 0.5648 -0.8061 0.1768
vn 0.5650 -0.8059 0.1772
vn -0.7685 -0.6124 0.1855
vn -0.7679 -0.6130 0.1859
vn 0.4849 0.7470 -0.4549
vn 0.4835 0.7475 -0.4554
vn 0.4834 0.7476 -0.4554
vn 0.3520 -0.9320 -0.0859
vn 0.3512 -0.9325 -0.0840
vn 0.3500 -0.9332 -0.0812
vn -0.5616 0.6296 0.5369
vn -0.5615 0.6310 0.5353
vn -0.5615 0.6314 0.5348
vn -0.9578 0.0284 -0.2862
vn -0.6630 0.4037 0.6305
vn -0.6629 0.4024 0.6314
vn -0.6629 0.4021 0.6316
vn -0.6296 0.3938 -0.6697
vn -0.6288 0.3949 -0.6698
vn -0.6286 0.3952 -0.6698
vn -0.9716 0.0299 0.2349
vn -0.8901 0.4036 0.2119
vn -0.8904 0.4025 0.2126
vn -0.8905 0.4022 0.2128
vn 0.2086 -0.3884 0.8976
vn 0.2098 -0.3865 0.8981
vn 0.2083 -0.3888 0.8975
vn -0.1744 0.6153 -0.7688
vn -0.1772 0.6203 -0.7641
vn -0.1740 0.6146 -0.7694
vn 0.9485 -0.1424 0.2831
vn 0.9485 -0.1425 0.2831
vn 0.9485 -0.1423 0.2832
vn -0.0411 -0.9920 -0.1192
vn 0.2306 0.6103 -0.7578
vn 0.2328 0.6145 -0.7538
vn 0.2333 0.6154 -0.7529
vn 0.3461 -0.9311 0.1151
vn 0.3466 -0.9310 0.1147
vn 0.3475 -0.9307 0.1140
vn 0.7242 0.0978 -0.6826
vn 0.7238 0.0977 -0.6830
vn 0.7246 0.0978 -0.6822
vn -0.2303 -0.6137 0.7552
vn -0.9624 0.1442 0.2304
vn -0.9625 0.1438 0.2302
vn -0.9623 0.1446 0.2305
vn -0.2323 -0.1392 -0.9626
vn -0.2326 -0.1385 -0.9627
vn -0.2322 -0.1394 -0.9626
vn 0.6924 0.0123 0.7214
vn 0.7550 -0.6307 -0.1793
vn 0.7561 -0.6289 -0.1810
vn 0.7548 -0.6311 -0.1789
vn 0.4071 -0.8015 0.4380
vn 0.4048 -0.8027 0.4380
vn 0.4078 -0.8012 0.4380
vn 0.7281 0.0082 -0.6854
vn -0.8859 -0.3847 -0.2594
vn -0.8862 -0.3831 -0.2605
vn -0.8863 -0.3827 -0.2607
vn 0.9544 0.0967 0.2826
vn 0.1750 -0.6192 0.7654
vn 0.1743 -0.6180 0.7666
vn 0.1743 -0.6179 0.7667
vn -0.6815 0.1134 -0.7230
vn -0.6825 0.1133 -0.7221
vn -0.6809 0.1135 -0.7235
vn 0.5763 0.6111 -0.5426
vn 0.5751 0.6122 -0.5426
vn 0.5764 0.6110 -0.5426
vn 0.9623 -0.1442 -0.2304
vn 0.9624 -0.1438 -0.2302
vn 0.9623 -0.1445 -0.2305
vn -0.7573 -0.6150 -0.2196
vn -0.7581 -0.6136 -0.2210
vn -0.7581 -0.6135 -0.2211
vn 0.9652 0.1219 -0.2315
vn 0.9652 0.1220 -0.2315
vn 0.6611 0.2981 0.6885
vn 0.6612 0.2981 0.6885
vn 0.6612 0.2981 0.6884
vn 0.8855 0.3850 0.2601
vn 0.8856 0.3846 0.2604
vn 0.8855 0.3851 0.2601
vn -0.1799 -0.7958 0.5782
vn -0.1799 -0.7959 0.5781
vn -0.1802 -0.7962 0.5776
vn 0.2323 0.1392 0.9626
vn 0.2324 0.1390 0.9626
vn 0.2327 0.1384 0.9627
vn -0.1778 0.7618 0.6229
vn -0.1780 0.7619 0.6228
vn -0.1773 0.7615 0.6234
vn -0.6199 0.7607 -0.1925
vn -0.6195 0.7616 -0.1900
vn -0.6195 0.7617 -0.1898
vn 0.2157 -0.6265 -0.7490
vn 0.2157 -0.6264 -0.7491
vn 0.2158 -0.6266 -0.7488
vn -0.2279 0.0183 -0.9735
vn 0.6827 0.1323 0.7186
vn -0.1478 -0.8045 -0.5752
vn -0.1487 -0.8040 -0.5758
vn -0.1474 -0.8047 -0.5750
vn -0.2175 -0.3961 -0.8921
vn -0.2191 -0.3935 -0.8928
vn -0.2170 -0.3968 -0.8919
vn 0.1939 0.7511 -0.6310
vn 0.1980 0.7495 -0.6317
vn 0.1983 0.7494 -0.6317
vn -0.2076 0.3890 -0.8976
vn -0.2078 0.3895 -0.8973
vn -0.2075 0.3888 -0.8976
vn 0.0241 -0.9928 -0.1176
vn -0.2648 -0.9262 -0.2684
vn -0.2647 -0.9261 -0.2690
vn -0.2650 -0.9264 -0.2675
vn -0.4186 -0.7993 -0.4311
vn -0.4201 -0.7985 -0.4312
vn -0.4181 -0.7996 -0.4311
vn 0.5475 0.6162 0.5662
vn 0.5474 0.6163 0.5662
vn 0.5472 0.6165 0.5662
vn 0.9299 0.2929 -0.2225
vn 0.9299 0.2930 -0.2224
vn 0.9299 0.2930 -0.2223
vn 0.7693 0.6114 -0.1856
vn 0.7694 0.6112 -0.1858
vn 0.7697 0.6107 -0.1862
vn -0.1039 -0.9905 0.0904
vn 0.0203 -0.9917 0.1266
vn -0.2289 0.1327 -0.9644
vn -0.2277 0.1300 -0.9650
vn -0.2292 0.1335 -0.9642
vn 0.8896 -0.4040 -0.2131
vn 0.8894 -0.4045 -0.2128
vn 0.8897 -0.4036 -0.2134
vn 0.1885 0.6215 0.7604
vn 0.1884 0.6216 0.7603
vn 0.1886 0.6214 0.7605
vn -0.4654 0.7641 0.4468
vn -0.4671 0.7634 0.4462
vn -0.4673 0.7633 0.4461
vn -0.5317 0.6227 -0.5741
vn -0.5317 0.6250 -0.5715
vn -0.5317 0.6222 -0.5746
vn 0.7183 -0.1453 -0.6804
vn 0.7181 -0.1441 -0.6809
vn 0.7184 -0.1456 -0.6802
vn 0.2174 0.3962 0.8921
vn 0.2191 0.3935 0.8928
vn 0.2194 0.3930 0.8930
vn 0.6377 0.3881 0.6653
vn 0.6367 0.3896 0.6655
vn 0.6365 0.3898 0.6655
vn -0.6808 0.1366 -0.7196
vn -0.6801 0.1382 -0.7200
vn -0.6799 0.1386 -0.7201
vn 0.5318 -0.6235 0.5730
vn 0.5318 -0.6243 0.5722
vn 0.5318 -0.6245 0.5720
vn 0.6631 -0.4051 -0.6295
vn 0.6630 -0.4042 -0.6301
vn 0.6631 -0.4054 -0.6292
vn -0.7442 0.6282 -0.2269
vn -0.7453 0.6272 -0.2263
vn -0.7454 0.6270 -0.2263
vn 0.7587 0.6128 0.2211
vn 0.7600 0.6114 0.2204
vn 0.7602 0.6112 0.2203
vn 0.6453 0.7478 -0.1564
vn 0.6451 0.7479 -0.1565
vn 0.6454 0.7477 -0.1562
vn -0.5759 -0.6114 0.5426
vn -0.5762 -0.6112 0.5426
vn -0.5764 -0.6110 0.5426
vn -0.2828 -0.9230 0.2610
vn -0.2831 -0.9229 0.2609
vn -0.2823 -0.9231 0.2611
vn 0.2565 -0.4014 -0.8792
vn 0.2566 -0.4018 -0.8790
vn 0.2563 -0.4011 -0.8794
vn 0.5639 -0.6282 -0.5361
vn 0.5630 -0.6290 -0.5361
vn 0.5628 -0.6292 -0.5361
vn -0.9513 0.1173 -0.2849
vn -0.9515 0.1174 -0.2844
vn -0.9515 0.1174 -0.2842
vn 0.6356 0.7499 0.1835
vn 0.6354 0.7504 0.1821
vn 0.6354 0.7504 0.1820
vn -0.2878 0.0443 0.9567
vn -0.2876 0.0443 0.9567
vn 0.1595 0.7576 0.6330
vn 0.1580 0.7581 0.6327
vn 0.1595 0.7575 0.6330
vn 0.2456 -0.9299 0.2736
vn 0.2473 -0.9296 0.2734
vn 0.2497 -0.9290 0.2731
vn -0.6854 0.0241 -0.7278
vn -0.2859 0.1120 0.9517
vn -0.2856 0.1120 0.9518
vn -0.2851 0.1121 0.9519
vn 0.0755 -0.9273 0.3667
vn 0.0772 -0.9279 0.3648
vn 0.0731 -0.9263 0.3695
vn -0.7208 -0.1251 0.6818
vn -0.7220 -0.1222 0.6811
vn -0.7223 -0.1214 0.6809
vn 0.4597 0.7544 0.4687
vn 0.4590 0.7537 0.4705
vn 0.4589 0.7536 0.4706
vn -0.2157 0.3045 -0.9278
vn -0.2159 0.3046 -0.9277
vn -0.7182 0.1445 0.6807
vn -0.7187 0.1472 0.6795
vn -0.7189 0.1479 0.6792
vn -0.6367 -0.3895 -0.6655
vn -0.6376 -0.3882 -0.6654
vn -0.6365 -0.3898 -0.6655
vn -0.0964 -0.9286 -0.3583
vn -0.0958 -0.9288 -0.3581
vn -0.0955 -0.9288 -0.3580
vn -0.5834 -0.7952 -0.1652
vn -0.5844 -0.7946 -0.1647
vn -0.5822 -0.7960 -0.1658
vn 0.2721 0.2991 -0.9146
vn 0.9584 0.0285 0.2840
vn 0.9583 0.0285 0.2844
vn -0.7185 0.1166 0.6857
vn -0.7183 0.1166 0.6859
vn -0.7186 0.1166 0.6856
vn 0.2223 0.3038 0.9264
vn 0.2222 0.3037 0.9265
vn 0.2224 0.3038 0.9264
vn 0.2661 0.3833 -0.8845
vn 0.2662 0.3834 -0.8844
vn 0.2661 0.3831 -0.8846
vn 0.6798 -0.1387 0.7201
vn -0.6292 0.7626 0.1503
vn -0.6288 0.7633 0.1485
vn -0.6293 0.7624 0.1508
vn 0.7444 -0.6281 0.2267
vn 0.7443 -0.6282 0.2266
vn 0.7442 -0.6284 0.2264
vn 0.0942 -0.9312 -0.3522
vn 0.0940 -0.9311 -0.3524
vn 0.0937 -0.9310 -0.3528
vn 0.1279 -0.7995 0.5869
vn 0.1293 -0.7986 0.5878
vn 0.1275 -0.7997 0.5867
vn -0.5915 -0.7936 0.1425
vn -0.5910 -0.7939 0.1428
vn -0.5904 -0.7943 0.1432
vn -0.2157 0.6263 0.7491
vn -0.2157 0.6264 0.7490
vn -0.2158 0.6266 0.7488
vn -0.4407 0.7583 -0.4804
vn -0.4449 0.7567 -0.4790
vn -0.4403 0.7584 -0.4805
vn 0.2804 -0.1429 -0.9492
vn 0.2806 -0.1434 -0.9491
vn 0.2802 -0.1426 -0.9493
vn 0.2293 -0.1337 0.9641
vn 0.2293 -0.1336 0.9641
vn 0.9720 0.0066 -0.2348
vn -0.9527 0.2014 0.2277
vn -0.9526 0.2014 0.2278
vn -0.1422 0.7523 -0.6433
vn -0.1463 0.7543 -0.6400
vn -0.1466 0.7545 -0.6397
vn 0.8775 -0.3999 0.2646
vn 0.8776 -0.3998 0.2646
vn 0.8776 -0.3997 0.2646
vn 0.7217 0.1221 -0.6814
vn 0.7204 0.1251 -0.6822
vn 0.7220 0.1214 -0.6812
vn -0.9655 0.1186 0.2318
vn -0.9656 0.1185 0.2315
vn -0.9657 0.1185 0.2310
vn -0.2564 0.4014 0.8793
vn -0.2565 0.4015 0.8792
vn -0.2563 0.4011 0.8794
vn -0.1906 -0.6220 -0.7595
vn -0.1884 -0.6243 -0.7581
vn -0.1911 -0.6214 -0.7598
vn -0.2798 0.1444 0.9491
vn -0.2800 0.1448 0.9490
vn -0.2801 0.1452 0.9489
vn -0.2662 -0.3835 0.8844
vn -0.2663 -0.3833 0.8844
vn -0.2661 -0.3837 0.8843
vn 0.1100 -0.9935 -0.0296
vn 0.2289 0.0183 0.9733
vn -0.6722 -0.3804 0.6352
vn -0.6723 -0.3802 0.6352
vn 0.0766 -0.9924 0.0961
vn -0.1339 -0.9906 -0.0264
vn 0.4245 -0.8085 -0.4075
vn 0.4245 -0.8078 -0.4090
vn 0.4244 -0.8096 -0.4056
vn -0.6827 -0.1323 -0.7186
vn -0.6827 -0.1324 -0.7186
vn -0.3745 -0.9228 0.0908
vn -0.3744 -0.9228 0.0909
vn 0.2837 0.1290 -0.9502
vn 0.2838 0.1288 -0.9502
vn 0.2839 0.1286 -0.9502
vn -0.9513 -0.1260 -0.2813
vn -0.9513 -0.1261 -0.2813
vn -0.9513 -0.1259 -0.2814
vn -0.2833 -0.1288 0.9503
vn -0.2832 -0.1290 0.9503
vn -0.2834 -0.1287 0.9503
vn 0.5739 -0.8076 -0.1354
vn 0.5739 -0.8077 -0.1354
vn 0.5741 -0.8075 -0.1352
vn -0.1174 -0.9242 0.3633
vn -0.1178 -0.9244 0.3628
vn -0.1179 -0.9244 0.3626
vn -0.8775 0.3999 -0.2646
vn -0.8775 0.4000 -0.2646
vn -0.8776 0.3998 -0.2645
vn -0.7547 0.6313 0.1787
vn -0.7546 0.6314 0.1786
vn -0.9651 -0.1220 0.2317
vn -0.9651 -0.1219 0.2316
vn -0.9652 -0.1215 0.2315
vn -0.9485 0.1424 -0.2831
vn -0.9485 0.1425 -0.2830
vn -0.9485 0.1426 -0.2830
vn 0.6723 0.3803 -0.6351
vn 0.6724 0.3802 -0.6351
vn 0.6725 0.3801 -0.6351
vn -0.4440 -0.7939 0.4154
vn -0.4439 -0.7939 0.4154
vn -0.4441 -0.7938 0.4154
vn 0.2292 0.0386 0.9726
vn 0.2290 0.0386 0.9727
vn 0.9680 0.0956 -0.2320
vn 0.9677 0.0955 -0.2333
vn 0.9682 0.0957 -0.2313
vn 0.2823 0.1021 -0.9539
vn 0.2819 0.1022 -0.9540
vn 0.6890 0.1005 0.7178
vn 0.6881 0.1007 0.7186
vn 0.6896 0.1004 0.7172
vn 0.7152 0.1807 -0.6752
vn 0.7152 0.1808 -0.6751
vn 0.7153 0.1808 -0.6751
vn -0.9570 0.0486 -0.2861
vn -0.9569 0.0486 -0.2862
vn 0.9586 0.0082 0.2845
vn -0.7240 0.0283 0.6892
vn -0.7080 0.1995 0.6774
vn -0.7081 0.1994 0.6774
vn 0.7278 0.0285 -0.6852
vn 0.2826 0.0126 -0.9592
vn -0.9709 0.0502 0.2342
vn -0.9708 0.0502 0.2345
vn -0.2879 0.0240 0.9573
vn -0.6740 0.1961 -0.7122
vn -0.6738 0.1962 -0.7124
vn -0.6737 0.1963 -0.7125
vn -0.2277 0.0386 -0.9730
vn -0.2274 0.0386 -0.9730
vn 0.9717 0.0269 -0.2348
vn 0.9717 0.0269 -0.2347
vn 0.2291 0.1064 0.9676
vn 0.2293 0.1063 0.9675
vn 0.2296 0.1063 0.9675
vn 0.9434 0.1798 0.2788
vn -0.6848 0.0445 -0.7273
vn 0.6921 0.0326 0.7211
vn 0.6923 0.0326 0.7209
vn -0.2273 0.1078 -0.9678
vn -0.2262 0.1077 -0.9681
vn -0.2254 0.1076 -0.9683
vn -0.2808 0.1949 0.9398
vn -0.2807 0.1949 0.9398
vn -0.2804 0.1950 0.9399
vn -0.9385 0.2002 -0.2812
vn -0.9385 0.2002 -0.2813
vn -0.9385 0.2002 -0.2811
vn 0.2577 -0.9328 -0.2519
vn -0.9092 0.3139 -0.2737
vn -0.9091 0.3139 -0.2738
vn -0.2707 0.3090 0.9117
vn -0.2705 0.3089 0.9118
vn -0.2704 0.3089 0.9119
vn 0.9168 0.2942 0.2702
vn 0.9168 0.2941 0.2702
vn -0.6530 0.3099 -0.6911
vn -0.6529 0.3099 -0.6912
vn -0.6528 0.3099 -0.6912
vn -0.6860 0.3133 0.6567
vn -0.6859 0.3133 0.6568
vn 0.6950 0.2950 -0.6557
vn 0.6951 0.2950 -0.6556
vn -0.9230 0.3152 0.2206
vn 0.2278 0.1895 0.9551
vn 0.2278 0.1894 0.9551
vn 0.2791 0.1851 -0.9423
vn 0.2793 0.1851 -0.9422
vn -0.2239 0.1906 -0.9558
vn -0.2241 0.1907 -0.9557
vn -0.2238 0.1906 -0.9558
vn 0.9569 0.1786 -0.2289
vn 0.9570 0.1787 -0.2286
vn 0.9570 0.1787 -0.2285
vn 0.6798 0.1838 0.7100
vn 0.6800 0.1837 0.7098
vn 0.6801 0.1836 0.7097
vn 0.6289 -0.3933 0.6707
vn 0.8991 0.3805 -0.2165
vn -0.8991 -0.3805 0.2165
vn 0.9513 0.1256 0.2816
vn -0.5462 -0.6192 -0.5642
vn 0.1596 -0.8075 -0.5678
vn -0.3688 -0.9244 -0.0971
vn 0.5634 -0.8076 0.1744
vn -0.7688 -0.6121 0.1853
vn 0.4853 0.7468 -0.4547
vn 0.3524 -0.9318 -0.0869
vn -0.5616 0.6294 0.5371
vn -0.6630 0.4039 0.6303
vn -0.6298 0.3936 -0.6697
vn -0.8900 0.4038 0.2118
vn 0.2101 -0.3861 0.8982
vn -0.1778 0.6214 -0.7631
vn 0.9485 -0.1427 0.2830
vn -0.0950 -0.9914 -0.0900
vn 0.2303 0.6098 -0.7584
vn 0.3457 -0.9312 0.1153
vn 0.7236 0.0977 -0.6833
vn -0.9625 0.1436 0.2301
vn -0.2327 -0.1383 -0.9627
vn 0.7563 -0.6286 -0.1812
vn 0.4017 -0.8043 0.4379
vn -0.8858 -0.3850 -0.2592
vn 0.1752 -0.6194 0.7652
vn -0.6831 0.1132 -0.7215
vn 0.5748 0.6125 -0.5426
vn 0.9625 -0.1436 -0.2301
vn -0.7572 -0.6153 -0.2194
vn 0.6610 0.2982 0.6886
vn 0.8856 0.3844 0.2605
vn -0.1797 -0.7956 0.5785
vn 0.2322 0.1393 0.9626
vn -0.1782 0.7620 0.6226
vn -0.6200 0.7604 -0.1932
vn 0.2155 -0.6259 -0.7495
vn -0.1499 -0.8032 -0.5766
vn -0.2195 -0.3929 -0.8930
vn 0.1929 0.7515 -0.6309
vn -0.2080 0.3899 -0.8971
vn -0.2647 -0.9260 -0.2692
vn -0.4222 -0.7973 -0.4313
vn 0.5481 0.6157 0.5662
vn 0.9299 0.2929 -0.2227
vn 0.7692 0.6115 -0.1855
vn -0.0479 -0.9910 0.1247
vn -0.2273 0.1291 -0.9652
vn 0.8894 -0.4048 -0.2126
vn 0.1883 0.6218 0.7602
vn -0.4650 0.7642 0.4470
vn -0.5317 0.6254 -0.5711
vn 0.7180 -0.1438 -0.6810
vn 0.2170 0.3968 0.8919
vn 0.6379 0.3879 0.6653
vn -0.6809 0.1362 -0.7196
vn 0.5318 -0.6235 0.5731
vn 0.6630 -0.4040 -0.6303
vn -0.7440 0.6284 -0.2270
vn 0.7585 0.6129 0.2212
vn 0.6449 0.7480 -0.1567
vn -0.5752 -0.6121 0.5427
vn -0.2833 -0.9229 0.2609
vn 0.2567 -0.4020 -0.8789
vn 0.5640 -0.6281 -0.5361
vn -0.9513 0.1173 -0.2852
vn 0.6356 0.7498 0.1838
vn 0.1577 0.7583 0.6326
vn 0.2448 -0.9301 0.2737
vn -0.2862 0.1120 0.9516
vn 0.0779 -0.9282 0.3639
vn -0.7204 -0.1258 0.6820
vn 0.4599 0.7546 0.4681
vn -0.2160 0.3046 -0.9277
vn -0.7180 0.1438 0.6810
vn -0.6379 -0.3878 -0.6654
vn -0.0972 -0.9284 -0.3587
vn -0.5847 -0.7944 -0.1645
vn -0.7180 0.1165 0.6862
vn 0.2663 0.3836 -0.8843
vn -0.6287 0.7634 0.1483
vn 0.7447 -0.6276 0.2272
vn 0.0943 -0.9313 -0.3520
vn 0.1311 -0.7975 0.5889
vn -0.5916 -0.7935 0.1424
vn -0.2155 0.6259 0.7496
vn -0.4459 0.7563 -0.4787
vn 0.2807 -0.1439 -0.9489
vn 0.2292 -0.1336 0.9642
vn -0.9526 0.2015 0.2278
vn -0.1412 0.7518 -0.6441
vn 0.8774 -0.4000 0.2647
vn 0.7201 0.1258 -0.6824
vn -0.9653 0.1186 0.2325
vn -0.2567 0.4020 0.8789
vn -0.1881 -0.6247 -0.7579
vn -0.2796 0.1440 0.9493
vn -0.2664 -0.3831 0.8844
vn 0.0814 -0.9933 -0.0823
vn 0.1079 -0.9931 0.0455
vn -0.1353 -0.9903 0.0325
vn 0.4245 -0.8076 -0.4094
vn -0.3747 -0.9227 0.0906
vn 0.2837 0.1291 -0.9502
vn -0.2832 -0.1291 0.9503
vn 0.5736 -0.8078 -0.1356
vn -0.1169 -0.9240 0.3640
vn -0.8774 0.4001 -0.2646
vn -0.7547 0.6312 0.1788
vn -0.9485 0.1423 -0.2832
vn 0.6723 0.3804 -0.6351
vn -0.4438 -0.7940 0.4154
vn 0.9675 0.0954 -0.2341
vn 0.6875 0.1008 0.7191
vn -0.6741 0.1961 -0.7122
vn -0.2280 0.1079 -0.9677
vn -0.9385 0.2002 -0.2814
vn 0.2576 -0.9328 -0.2520
vn -0.2708 0.3090 0.9117
vn 0.9167 0.2942 0.2702
vn 0.6950 0.2949 -0.6558
vn 0.2277 0.1895 0.9551
vn 0.2791 0.1850 -0.9423
vn -0.2242 0.1907 -0.9557
vn 0.9569 0.1786 -0.2290
vn 0.6797 0.1838 0.7101
vn 0.6403 0.3745 -0.6707
vn 0.6402 0.3746 -0.6707
vn 0.6401 0.3747 -0.6707
vn 0.8872 -0.4074 0.2166
vn 0.8873 -0.4073 0.2165
vn 0.8870 -0.4077 0.2167
vn -0.8874 0.4070 -0.2164
vn -0.8874 0.4071 -0.2165
vn -0.8875 0.4068 -0.2164
vn 0.2816 -0.0413 0.9586
vn 0.9471 -0.1541 -0.2815
vn 0.9471 -0.1542 -0.2814
vn 0.9471 -0.1543 -0.2814
vn -0.5275 0.6350 0.5644
vn -0.5275 0.6344 0.5651
vn -0.5275 0.6343 0.5652
vn -0.7246 -0.0269 -0.6887
vn -0.7243 -0.0269 -0.6890
vn 0.1839 0.8027 0.5674
vn 0.1837 0.8025 0.5676
vn 0.1841 0.8030 0.5669
vn -0.3414 0.9348 0.0981
vn -0.3411 0.9350 0.0974
vn -0.3418 0.9346 0.0991
vn 0.5881 0.7895 -0.1758
vn 0.5886 0.7888 -0.1768
vn 0.5888 0.7886 -0.1772
vn -0.7498 0.6351 -0.1855
vn -0.7497 0.6352 -0.1856
vn -0.7492 0.6357 -0.1859
vn 0.4623 -0.7611 0.4549
vn 0.4610 -0.7616 0.4554
vn 0.4608 -0.7617 0.4554
vn 0.3797 0.9211 0.0860
vn 0.3789 0.9216 0.0840
vn 0.3777 0.9223 0.0812
vn -0.5802 -0.6125 -0.5368
vn -0.5801 -0.6141 -0.5352
vn -0.5801 -0.6143 -0.5348
vn -0.9583 0.0003 0.2856
vn -0.6748 -0.3837 -0.6305
vn -0.6747 -0.3825 -0.6313
vn -0.6746 -0.3821 -0.6316
vn -0.6411 -0.3747 0.6697
vn -0.6404 -0.3758 0.6698
vn -0.6402 -0.3762 0.6698
vn -0.9722 -0.0008 -0.2341
vn -0.9017 -0.3768 -0.2119
vn -0.9020 -0.3757 -0.2126
vn -0.9021 -0.3753 -0.2128
vn 0.2201 0.3819 -0.8976
vn 0.2213 0.3800 -0.8981
vn 0.2198 0.3824 -0.8975
vn -0.1927 -0.6098 0.7688
vn -0.1956 -0.6147 0.7641
vn -0.1923 -0.6091 0.7694
vn 0.9523 0.1139 -0.2831
vn 0.9523 0.1141 -0.2831
vn 0.9523 0.1139 -0.2832
vn -0.0114 0.9928 0.1192
vn 0.2122 -0.6170 0.7578
vn 0.2143 -0.6212 0.7538
vn 0.2147 -0.6221 0.7529
vn 0.3736 0.9204 -0.1152
vn 0.3742 0.9202 -0.1147
vn 0.3751 0.9199 -0.1140
vn 0.7213 -0.1194 0.6823
vn 0.7206 -0.1193 0.6830
vn 0.7215 -0.1195 0.6820
vn -0.2118 0.6203 -0.7552
vn -0.2119 0.6203 -0.7552
vn -0.9662 -0.1153 -0.2304
vn -0.9662 -0.1154 -0.2304
vn -0.9662 -0.1157 -0.2305
vn -0.2280 0.1461 0.9626
vn -0.2283 0.1456 0.9627
vn -0.2279 0.1462 0.9626
vn 0.6914 -0.0330 -0.7217
vn 0.7736 0.6079 0.1793
vn 0.7746 0.6060 0.1810
vn 0.7733 0.6083 0.1789
vn 0.4309 0.7890 -0.4380
vn 0.4286 0.7903 -0.4379
vn 0.4315 0.7886 -0.4380
vn 0.7275 -0.0300 0.6854
vn -0.8739 0.4110 0.2594
vn -0.8744 0.4094 0.2605
vn -0.8745 0.4090 0.2608
vn 0.9510 -0.1252 -0.2827
vn 0.9511 -0.1252 -0.2825
vn 0.1935 0.6137 -0.7654
vn 0.1928 0.6125 -0.7666
vn 0.1927 0.6124 -0.7667
vn -0.6847 -0.0929 0.7229
vn -0.6856 -0.0928 0.7220
vn -0.6841 -0.0930 0.7234
vn 0.5577 -0.6282 0.5426
vn 0.5565 -0.6292 0.5426
vn 0.5579 -0.6280 0.5426
vn 0.9663 0.1149 0.2302
vn 0.9662 0.1154 0.2304
vn 0.9662 0.1156 0.2305
vn -0.7386 0.6374 0.2197
vn -0.7394 0.6360 0.2210
vn -0.7395 0.6358 0.2211
vn 0.9611 -0.1507 0.2315
vn 0.9611 -0.1508 0.2315
vn 0.6519 -0.3178 -0.6885
vn 0.6520 -0.3177 -0.6885
vn 0.6520 -0.3177 -0.6884
vn 0.8737 -0.4110 -0.2604
vn 0.8736 -0.4112 -0.2602
vn 0.8736 -0.4114 -0.2601
vn -0.1560 0.8009 -0.5782
vn -0.1560 0.8009 -0.5781
vn -0.1563 0.8012 -0.5777
vn 0.2280 -0.1462 -0.9626
vn 0.2284 -0.1453 -0.9627
vn -0.2006 -0.7561 -0.6229
vn -0.2006 -0.7562 -0.6229
vn -0.2000 -0.7559 -0.6234
vn -0.6424 -0.7418 0.1925
vn -0.6420 -0.7428 0.1901
vn -0.6420 -0.7429 0.1898
vn 0.2344 0.6198 0.7489
vn 0.2343 0.6196 0.7491
vn 0.2345 0.6199 0.7488
vn -0.2286 -0.0115 0.9735
vn 0.6785 -0.1526 -0.7186
vn 0.6785 -0.1527 -0.7186
vn -0.1235 0.8087 0.5752
vn -0.1245 0.8080 0.5758
vn -0.1233 0.8088 0.5750
vn -0.2055 0.4024 0.8921
vn -0.2073 0.3998 0.8929
vn -0.2050 0.4031 0.8919
vn 0.1713 -0.7566 0.6310
vn 0.1755 -0.7551 0.6317
vn 0.1758 -0.7550 0.6317
vn -0.2192 -0.3829 0.8974
vn -0.2193 -0.3830 0.8973
vn -0.2191 -0.3824 0.8976
vn 0.0537 0.9916 0.1176
vn -0.2370 0.9337 0.2684
vn -0.2369 0.9336 0.2690
vn -0.2372 0.9339 0.2675
vn -0.3944 0.8115 0.4311
vn -0.3961 0.8107 0.4312
vn -0.3940 0.8117 0.4311
vn 0.5292 -0.6319 -0.5662
vn 0.5286 -0.6325 -0.5662
vn 0.5285 -0.6326 -0.5662
vn 0.9207 -0.3206 0.2225
vn 0.9207 -0.3207 0.2223
vn 0.7507 -0.6340 0.1857
vn 0.7508 -0.6339 0.1857
vn 0.7511 -0.6334 0.1862
vn -0.0743 0.9931 -0.0904
vn 0.0499 0.9907 -0.1266
vn -0.2328 -0.1259 0.9643
vn -0.2314 -0.1230 0.9650
vn -0.2331 -0.1266 0.9642
vn 0.9013 0.3770 0.2133
vn 0.9011 0.3779 0.2127
vn 0.9014 0.3768 0.2134
vn 0.1699 -0.6269 -0.7604
vn 0.1698 -0.6270 -0.7603
vn 0.1700 -0.6267 -0.7605
vn -0.4880 -0.7498 -0.4468
vn -0.4898 -0.7491 -0.4461
vn -0.4899 -0.7490 -0.4461
vn -0.5501 -0.6065 0.5740
vn -0.5502 -0.6088 0.5715
vn -0.5501 -0.6060 0.5746
vn 0.7224 0.1237 0.6804
vn 0.7221 0.1227 0.6808
vn 0.7224 0.1240 0.6802
vn 0.2054 -0.4025 -0.8921
vn 0.2072 -0.3999 -0.8928
vn 0.2076 -0.3993 -0.8930
vn 0.6257 -0.4071 -0.6654
vn 0.6248 -0.4085 -0.6655
vn 0.6246 -0.4087 -0.6655
vn -0.6845 -0.1163 0.7197
vn -0.6839 -0.1178 0.7200
vn -0.6837 -0.1182 0.7201
vn 0.5502 0.6075 -0.5729
vn 0.5503 0.6081 -0.5722
vn 0.5503 0.6083 -0.5720
vn 0.6749 0.3852 0.6294
vn 0.6748 0.3843 0.6301
vn 0.6749 0.3854 0.6292
vn -0.7627 -0.6056 0.2269
vn -0.7636 -0.6047 0.2264
vn -0.7638 -0.6044 0.2263
vn 0.7400 -0.6352 -0.2212
vn 0.7414 -0.6339 -0.2204
vn 0.7416 -0.6336 -0.2203
vn 0.6223 -0.7669 0.1568
vn 0.6225 -0.7668 0.1565
vn 0.6227 -0.7667 0.1562
vn -0.5570 0.6287 -0.5426
vn -0.5575 0.6283 -0.5426
vn -0.5578 0.6280 -0.5426
vn -0.2551 0.9310 -0.2610
vn -0.2555 0.9309 -0.2609
vn -0.2546 0.9312 -0.2611
vn 0.2684 0.3936 0.8792
vn 0.2685 0.3939 0.8791
vn 0.2682 0.3933 0.8794
vn 0.5824 0.6111 0.5361
vn 0.5816 0.6119 0.5361
vn 0.5814 0.6121 0.5361
vn -0.9545 -0.0889 0.2848
vn -0.9545 -0.0889 0.2846
vn -0.9546 -0.0889 0.2843
vn 0.6129 -0.7686 -0.1835
vn 0.6127 -0.7691 -0.1821
vn 0.6127 -0.7691 -0.1820
vn -0.2887 -0.0357 -0.9568
vn -0.2888 -0.0357 -0.9567
vn 0.1368 -0.7620 -0.6330
vn 0.1354 -0.7625 -0.6327
vn 0.2734 0.9222 -0.2736
vn 0.2750 0.9217 -0.2734
vn 0.2774 0.9211 -0.2731
vn -0.6859 -0.0036 0.7277
vn -0.2890 -0.1034 -0.9517
vn -0.2889 -0.1034 -0.9518
vn -0.2884 -0.1035 -0.9519
vn 0.1032 0.9246 -0.3668
vn 0.1049 0.9252 -0.3648
vn 0.1008 0.9237 -0.3696
vn -0.7167 0.1466 -0.6818
vn -0.7180 0.1437 -0.6811
vn -0.7183 0.1430 -0.6809
vn 0.4369 -0.7678 -0.4686
vn 0.4362 -0.7670 -0.4705
vn 0.4362 -0.7670 -0.4706
vn -0.2248 -0.2979 0.9278
vn -0.2249 -0.2980 0.9277
vn -0.2247 -0.2979 0.9278
vn -0.7221 -0.1229 -0.6807
vn -0.7228 -0.1255 -0.6795
vn -0.7230 -0.1263 -0.6792
vn -0.6248 0.4084 0.6655
vn -0.6258 0.4070 0.6654
vn -0.6246 0.4087 0.6655
vn -0.0685 0.9311 0.3583
vn -0.0679 0.9312 0.3581
vn -0.0677 0.9313 0.3580
vn -0.5594 0.8123 0.1652
vn -0.5604 0.8117 0.1646
vn -0.5581 0.8130 0.1658
vn 0.2630 -0.3071 0.9146
vn 0.9571 -0.0571 -0.2841
vn 0.9572 -0.0571 -0.2839
vn -0.7216 -0.0951 -0.6857
vn -0.7212 -0.0950 -0.6861
vn -0.7218 -0.0951 -0.6855
vn 0.2131 -0.3103 -0.9265
vn 0.2131 -0.3102 -0.9265
vn 0.2131 -0.3103 -0.9264
vn 0.2545 -0.3910 0.8845
vn 0.2546 -0.3912 0.8844
vn 0.2545 -0.3909 0.8846
vn 0.6837 0.1183 -0.7201
vn 0.6837 0.1183 -0.7202
vn -0.6517 -0.7434 -0.1503
vn -0.6513 -0.7442 -0.1485
vn -0.6518 -0.7433 -0.1508
vn 0.7628 0.6055 -0.2267
vn 0.7627 0.6058 -0.2265
vn 0.7627 0.6059 -0.2264
vn 0.1220 0.9280 0.3522
vn 0.1218 0.9279 0.3524
vn 0.1215 0.9278 0.3528
vn 0.1517 0.7953 -0.5869
vn 0.1531 0.7944 -0.5877
vn 0.1514 0.7955 -0.5867
vn -0.5675 0.8109 -0.1425
vn -0.5670 0.8112 -0.1428
vn -0.5664 0.8116 -0.1432
vn -0.2343 -0.6196 -0.7491
vn -0.2344 -0.6197 -0.7490
vn -0.2345 -0.6199 -0.7488
vn -0.4631 -0.7448 0.4804
vn -0.4673 -0.7431 0.4790
vn -0.4628 -0.7450 0.4805
vn 0.2845 0.1345 0.9492
vn 0.2847 0.1351 0.9490
vn 0.2844 0.1342 0.9493
vn 0.2332 0.1268 -0.9641
vn 0.2332 0.1267 -0.9641
vn 0.9714 -0.0357 0.2348
vn -0.9583 -0.1728 -0.2278
vn -0.9582 -0.1729 -0.2278
vn -0.9583 -0.1728 -0.2277
vn -0.1646 -0.7477 0.6433
vn -0.1687 -0.7496 0.6400
vn -0.1691 -0.7498 0.6397
vn 0.8891 0.3735 -0.2646
vn 0.8891 0.3734 -0.2646
vn 0.8892 0.3733 -0.2646
vn 0.7177 -0.1436 0.6814
vn 0.7164 -0.1465 0.6822
vn 0.7180 -0.1429 0.6812
vn -0.9686 -0.0897 -0.2321
vn -0.9687 -0.0896 -0.2315
vn -0.9688 -0.0896 -0.2311
vn -0.2683 -0.3936 -0.8793
vn -0.2683 -0.3935 -0.8793
vn -0.2682 -0.3933 -0.8794
vn -0.1719 0.6273 0.7595
vn -0.1696 0.6297 0.7581
vn -0.1724 0.6268 0.7598
vn -0.2840 -0.1359 -0.9491
vn -0.2842 -0.1365 -0.9490
vn -0.2843 -0.1367 -0.9489
vn -0.2546 0.3913 -0.8844
vn -0.2545 0.3914 -0.8843
vn 0.1397 0.9898 0.0296
vn 0.2283 -0.0251 -0.9733
vn -0.6605 0.4003 -0.6352
vn -0.6606 0.4002 -0.6352
vn -0.6605 0.4004 -0.6352
vn 0.1063 0.9897 -0.0960
vn -0.1043 0.9942 0.0264
vn 0.4485 0.7955 0.4075
vn 0.4485 0.7947 0.4090
vn 0.4484 0.7965 0.4055
vn -0.6784 0.1527 0.7186
vn -0.6785 0.1527 0.7186
vn -0.6784 0.1526 0.7186
vn -0.3468 0.9336 -0.0908
vn -0.3467 0.9336 -0.0908
vn -0.3467 0.9336 -0.0909
vn 0.2798 -0.1374 0.9502
vn 0.2799 -0.1372 0.9502
vn 0.2799 -0.1371 0.9502
vn -0.9471 0.1544 0.2813
vn -0.9471 0.1545 0.2813
vn -0.9471 0.1543 0.2814
vn -0.2793 0.1372 -0.9503
vn -0.2792 0.1374 -0.9503
vn -0.2794 0.1371 -0.9503
vn 0.5978 0.7901 0.1354
vn 0.5978 0.7902 0.1354
vn 0.5981 0.7900 0.1352
vn -0.0897 0.9273 -0.3633
vn -0.0900 0.9275 -0.3629
vn -0.0902 0.9276 -0.3626
vn -0.8891 -0.3735 0.2646
vn -0.8890 -0.3736 0.2646
vn -0.8892 -0.3734 0.2645
vn -0.7732 -0.6085 -0.1787
vn -0.7732 -0.6084 -0.1787
vn -0.7732 -0.6085 -0.1786
vn -0.9611 0.1505 -0.2315
vn -0.9611 0.1507 -0.2316
vn -0.9612 0.1504 -0.2315
vn -0.9523 -0.1140 0.2831
vn -0.9523 -0.1141 0.2830
vn -0.9523 -0.1142 0.2830
vn 0.6607 -0.4003 0.6351
vn 0.6607 -0.4002 0.6351
vn 0.6608 -0.4001 0.6350
vn -0.4201 0.8068 -0.4154
vn -0.4200 0.8069 -0.4154
vn -0.4202 0.8068 -0.4154
vn 0.2279 -0.0454 -0.9726
vn 0.2278 -0.0454 -0.9727
vn 0.9647 -0.1245 0.2321
vn 0.9644 -0.1244 0.2333
vn 0.9649 -0.1246 0.2313
vn 0.2790 -0.1105 0.9539
vn 0.2787 -0.1105 0.9540
vn 0.6858 -0.1211 -0.7177
vn 0.6848 -0.1212 -0.7185
vn 0.6863 -0.1210 -0.7172
vn 0.7094 -0.2020 0.6752
vn 0.7095 -0.2021 0.6751
vn 0.7096 -0.2021 0.6750
vn -0.9580 -0.0200 0.2861
vn -0.9581 -0.0200 0.2857
vn 0.9580 -0.0368 -0.2842
vn -0.7245 -0.0066 -0.6893
vn -0.7137 -0.1782 -0.6774
vn 0.7267 -0.0503 0.6851
vn 0.2821 -0.0210 0.9592
vn -0.9720 -0.0211 -0.2338
vn -0.9720 -0.0212 -0.2342
vn -0.9719 -0.0212 -0.2343
vn -0.2882 -0.0154 -0.9574
vn -0.6796 -0.1759 0.7122
vn -0.6793 -0.1760 0.7124
vn -0.6792 -0.1760 0.7125
vn -0.2288 -0.0318 0.9730
vn -0.2287 -0.0318 0.9730
vn 0.9704 -0.0560 0.2349
vn 0.9704 -0.0560 0.2348
vn 0.2258 -0.1132 -0.9676
vn 0.2263 -0.1131 -0.9675
vn 0.9375 -0.2079 -0.2789
vn 0.9376 -0.2079 -0.2789
vn 0.9376 -0.2079 -0.2788
vn -0.6859 -0.0240 0.7273
vn -0.6860 -0.0240 0.7272
vn 0.6908 -0.0533 -0.7211
vn 0.6907 -0.0533 -0.7212
vn -0.2303 -0.1010 0.9679
vn -0.2292 -0.1009 0.9681
vn -0.2285 -0.1008 0.9683
vn -0.2862 -0.1865 -0.9398
vn -0.2864 -0.1864 -0.9398
vn -0.9441 -0.1721 0.2812
vn -0.9441 -0.1720 0.2814
vn 0.2854 0.9247 0.2520
vn 0.2855 0.9247 0.2520
vn -0.9181 -0.2866 0.2737
vn -0.9181 -0.2865 0.2738
vn -0.2798 -0.3008 -0.9117
vn -0.2796 -0.3007 -0.9118
vn -0.2796 -0.3006 -0.9118
vn 0.9076 -0.3214 -0.2702
vn -0.6619 -0.2902 0.6911
vn -0.6619 -0.2903 0.6912
vn -0.6950 -0.2926 -0.6568
vn -0.6950 -0.2926 -0.6567
vn 0.6859 -0.3156 0.6557
vn 0.6859 -0.3157 0.6557
vn 0.6859 -0.3157 0.6556
vn -0.9320 -0.2875 -0.2206
vn -0.9320 -0.2875 -0.2207
vn -0.9320 -0.2874 -0.2206
vn 0.2219 -0.1962 -0.9551
vn 0.2220 -0.1961 -0.9551
vn 0.2735 -0.1933 0.9422
vn 0.2736 -0.1934 0.9422
vn -0.2294 -0.1839 0.9558
vn -0.2297 -0.1839 0.9557
vn -0.2293 -0.1838 0.9558
vn 0.9512 -0.2072 0.2286
vn 0.9512 -0.2071 0.2289
vn 0.9512 -0.2073 0.2285
vn 0.6740 -0.2040 -0.7100
vn 0.6743 -0.2039 -0.7098
vn 0.6744 -0.2039 -0.7097
vn 0.6404 0.3743 -0.6707
vn 0.8873 -0.4072 0.2165
vn -0.8873 0.4072 -0.2165
vn 0.9471 -0.1540 -0.2816
vn -0.5275 0.6352 0.5642
vn 0.1836 0.8024 0.5678
vn -0.3410 0.9350 0.0971
vn 0.5873 0.7904 -0.1743
vn -0.7501 0.6348 -0.1854
vn 0.4628 -0.7610 0.4547
vn 0.3801 0.9209 0.0869
vn -0.5802 -0.6123 -0.5371
vn -0.6748 -0.3840 -0.6303
vn -0.6413 -0.3745 0.6697
vn -0.9017 -0.3770 -0.2118
vn 0.2215 0.3796 -0.8982
vn -0.1962 -0.6158 0.7631
vn 0.9523 0.1142 -0.2830
vn -0.0653 0.9938 0.0900
vn 0.2120 -0.6164 0.7584
vn 0.3734 0.9205 -0.1154
vn 0.7203 -0.1193 0.6833
vn -0.9664 -0.1148 -0.2301
vn -0.2284 0.1453 0.9627
vn 0.7748 0.6057 0.1812
vn 0.4256 0.7919 -0.4379
vn -0.8739 0.4113 0.2592
vn 0.1936 0.6139 -0.7652
vn -0.6862 -0.0927 0.7215
vn 0.5562 -0.6294 0.5426
vn 0.9664 0.1147 0.2301
vn -0.7385 0.6376 0.2194
vn 0.8737 -0.4107 -0.2605
vn -0.1558 0.8007 -0.5785
vn -0.2010 -0.7563 -0.6226
vn -0.6425 -0.7416 0.1932
vn 0.2341 0.6192 0.7495
vn -0.1258 0.8073 0.5766
vn -0.2076 0.3993 0.8930
vn 0.1703 -0.7570 0.6309
vn -0.2195 -0.3835 0.8971
vn -0.2369 0.9335 0.2692
vn -0.3982 0.8096 0.4312
vn 0.5294 -0.6318 -0.5662
vn 0.9207 -0.3206 0.2226
vn 0.7506 -0.6343 0.1854
vn -0.0183 0.9920 -0.1247
vn -0.2311 -0.1223 0.9652
vn 0.9011 0.3780 0.2126
vn 0.1696 -0.6271 -0.7602
vn -0.4876 -0.7500 -0.4469
vn -0.5502 -0.6092 0.5711
vn 0.7220 0.1222 0.6811
vn 0.2050 -0.4031 -0.8919
vn 0.6260 -0.4068 -0.6653
vn -0.6847 -0.1158 0.7196
vn 0.5502 0.6073 -0.5730
vn 0.6748 0.3840 0.6303
vn -0.7625 -0.6059 0.2270
vn 0.7399 -0.6354 -0.2212
vn -0.5566 0.6290 -0.5427
vn -0.2556 0.9309 -0.2609
vn 0.2686 0.3941 0.8790
vn 0.5825 0.6110 0.5361
vn -0.9543 -0.0888 0.2853
vn 0.6130 -0.7684 -0.1839
vn 0.1350 -0.7626 -0.6326
vn 0.2727 0.9224 -0.2737
vn -0.2894 -0.1034 -0.9516
vn 0.1056 0.9254 -0.3640
vn -0.7164 0.1473 -0.6820
vn 0.4371 -0.7680 -0.4681
vn -0.2250 -0.2980 0.9277
vn -0.7220 -0.1222 -0.6810
vn -0.6260 0.4067 0.6653
vn -0.0694 0.9309 0.3587
vn -0.5607 0.8115 0.1645
vn -0.7211 -0.0950 -0.6863
vn 0.2130 -0.3102 -0.9265
vn 0.2547 -0.3914 0.8843
vn 0.6837 0.1182 -0.7202
vn -0.6513 -0.7442 -0.1483
vn 0.7631 0.6050 -0.2272
vn 0.1221 0.9280 0.3520
vn 0.1549 0.7933 -0.5888
vn -0.5677 0.8108 -0.1424
vn -0.2341 -0.6191 -0.7496
vn -0.4683 -0.7426 0.4787
vn 0.2849 0.1355 0.9489
vn 0.2331 0.1267 -0.9642
vn -0.9582 -0.1729 -0.2279
vn -0.1637 -0.7472 0.6441
vn 0.8890 0.3736 -0.2647
vn 0.7160 -0.1473 0.6824
vn -0.9684 -0.0897 -0.2325
vn -0.2686 -0.3941 -0.8789
vn -0.1693 0.6300 0.7579
vn -0.2838 -0.1356 -0.9493
vn -0.2549 0.3909 -0.8844
vn 0.1111 0.9904 0.0823
vn -0.6607 0.4001 -0.6352
vn 0.1375 0.9894 -0.0455
vn -0.1056 0.9939 -0.0325
vn 0.4485 0.7945 0.4094
vn -0.6785 0.1528 0.7186
vn -0.3468 0.9335 -0.0907
vn 0.2797 -0.1375 0.9502
vn -0.2792 0.1375 -0.9503
vn 0.5975 0.7904 0.1356
vn -0.0892 0.9271 -0.3640
vn -0.8890 -0.3737 0.2646
vn -0.7732 -0.6084 -0.1788
vn -0.9610 0.1508 -0.2317
vn -0.9523 -0.1139 0.2832
vn 0.6606 -0.4004 0.6351
vn -0.4198 0.8070 -0.4154
vn 0.9642 -0.1243 0.2342
vn 0.6842 -0.1213 -0.7191
vn 0.7094 -0.2020 0.6753
vn -0.9721 -0.0211 -0.2338
vn -0.6797 -0.1758 0.7121
vn -0.2310 -0.1010 0.9677
vn -0.2865 -0.1864 -0.9398
vn -0.2799 -0.3008 -0.9117
vn 0.9075 -0.3214 -0.2702
vn -0.6620 -0.2902 0.6911
vn -0.6949 -0.2927 -0.6568
vn 0.6858 -0.3156 0.6558
vn 0.2735 -0.1933 0.9423
vn -0.2298 -0.1840 0.9557
vn 0.9511 -0.2071 0.2291
vn 0.6739 -0.2041 -0.7101
vn -0.9254 -0.0457 -0.3762
vn 0.3732 -0.1057 -0.9217
vn 0.3733 -0.1056 -0.9217
vn -0.9867 -0.0209 -0.1613
vn -0.9867 -0.0210 -0.1612
vn 0.1584 -0.1130 -0.9809
vn -0.9980 0.0049 0.0623
vn -0.0639 -0.1148 -0.9913
vn -0.0640 -0.1147 -0.9913
vn -0.2829 -0.1108 -0.9527
vn -0.2830 -0.1108 -0.9527
vn 0.9587 -0.0305 -0.2828
vn -0.4881 -0.1014 -0.8669
vn -0.4882 -0.1014 -0.8668
vn 0.8707 -0.0544 -0.4888
vn -0.6694 -0.0869 -0.7378
vn 0.7388 -0.0756 -0.6697
vn -0.8177 -0.0680 -0.5716
vn 0.5701 -0.0930 -0.8163
vn -0.9849 -0.0961 -0.1436
vn -0.9849 -0.0963 -0.1436
vn 0.1633 -0.3265 -0.9310
vn -0.9974 -0.0209 0.0683
vn -0.0587 -0.3394 -0.9388
vn -0.2777 -0.3355 -0.9002
vn 0.9593 -0.0558 -0.2768
vn -0.4832 -0.3149 -0.8170
vn -0.4832 -0.3148 -0.8169
vn 0.8724 -0.1295 -0.4712
vn 0.8725 -0.1296 -0.4712
vn -0.6649 -0.2787 -0.6930
vn 0.7416 -0.1965 -0.6414
vn -0.8140 -0.2285 -0.5341
vn -0.8140 -0.2284 -0.5341
vn 0.5738 -0.2533 -0.7788
vn -0.9226 -0.1666 -0.3479
vn 0.3777 -0.2974 -0.8769
vn 0.3777 -0.2974 -0.8768
vn 0.1769 -0.5227 -0.8339
vn -0.9958 -0.0440 0.0798
vn -0.0444 -0.5458 -0.8368
vn -0.0445 -0.5458 -0.8368
vn -0.2634 -0.5419 -0.7981
vn 0.9609 -0.0791 -0.2653
vn -0.4695 -0.5111 -0.7199
vn 0.8772 -0.1984 -0.4372
vn 0.8772 -0.1985 -0.4372
vn 0.8772 -0.1985 -0.4371
vn -0.6527 -0.4549 -0.6059
vn -0.6527 -0.4548 -0.6059
vn 0.7493 -0.3075 -0.5865
vn -0.8038 -0.3758 -0.4612
vn 0.5840 -0.4007 -0.7059
vn 0.5840 -0.4008 -0.7059
vn -0.9149 -0.2776 -0.2930
vn -0.9149 -0.2777 -0.2930
vn 0.3899 -0.4736 -0.7897
vn -0.9802 -0.1652 -0.1095
vn -0.9802 -0.1651 -0.1095
vn -0.9933 -0.0642 0.0964
vn -0.0218 -0.7230 -0.6905
vn -0.2409 -0.7190 -0.6519
vn -0.2409 -0.7190 -0.6520
vn 0.9635 -0.0995 -0.2485
vn -0.4481 -0.6795 -0.5810
vn -0.4480 -0.6795 -0.5810
vn 0.8848 -0.2578 -0.3881
vn 0.8848 -0.2577 -0.3882
vn 0.8848 -0.2577 -0.3883
vn -0.6334 -0.6061 -0.4811
vn -0.6334 -0.6061 -0.4810
vn 0.7615 -0.4028 -0.5079
vn 0.7615 -0.4028 -0.5078
vn -0.7876 -0.5023 -0.3569
vn -0.7877 -0.5022 -0.3569
vn 0.6001 -0.5272 -0.6016
vn -0.9028 -0.3729 -0.2144
vn 0.4092 -0.6248 -0.6649
vn -0.9726 -0.2244 -0.0606
vn -0.9726 -0.2243 -0.0607
vn 0.1984 -0.6911 -0.6950
vn 0.0079 -0.8612 -0.5082
vn -0.2112 -0.8573 -0.4696
vn 0.9668 -0.1150 -0.2281
vn -0.4198 -0.8109 -0.4077
vn 0.8947 -0.3039 -0.3273
vn -0.6081 -0.7241 -0.3254
vn 0.7774 -0.4772 -0.4098
vn -0.7665 -0.6010 -0.2267
vn 0.6213 -0.6259 -0.4714
vn -0.8868 -0.4473 -0.1163
vn -0.8868 -0.4473 -0.1162
vn 0.4345 -0.7428 -0.5093
vn 0.4346 -0.7428 -0.5093
vn -0.9627 -0.2706 0.0003
vn -0.9627 -0.2705 0.0003
vn 0.2266 -0.8225 -0.5217
vn -0.9899 -0.0798 0.1170
vn -0.1760 -0.9492 -0.2609
vn 0.9708 -0.1255 -0.2043
vn -0.3864 -0.8983 -0.2093
vn 0.9065 -0.3347 -0.2574
vn 0.9065 -0.3347 -0.2575
vn -0.5781 -0.8026 -0.1472
vn 0.7963 -0.5267 -0.2975
vn -0.7414 -0.6666 -0.0776
vn -0.7413 -0.6666 -0.0776
vn 0.6464 -0.6916 -0.3224
vn 0.6464 -0.6915 -0.3224
vn -0.8679 -0.4967 -0.0039
vn 0.4646 -0.8213 -0.3311
vn 0.4645 -0.8213 -0.3312
vn -0.9509 -0.3013 0.0701
vn -0.9509 -0.3014 0.0702
vn 0.2600 -0.9098 -0.3234
vn 0.2601 -0.9098 -0.3233
vn -0.9859 -0.0903 0.1409
vn 0.0430 -0.9531 -0.2995
vn 0.9752 -0.1300 -0.1790
vn -0.3496 -0.9369 0.0034
vn 0.9194 -0.3483 -0.1826
vn -0.5451 -0.8373 0.0438
vn -0.5451 -0.8372 0.0439
vn 0.8172 -0.5485 -0.1771
vn -0.7137 -0.6956 0.0821
vn 0.6741 -0.7205 -0.1627
vn 0.6741 -0.7205 -0.1626
vn -0.8471 -0.5186 0.1164
vn 0.4976 -0.8560 -0.1401
vn 0.4977 -0.8560 -0.1401
vn -0.9380 -0.3149 0.1449
vn 0.2969 -0.9485 -0.1106
vn 0.2968 -0.9485 -0.1106
vn -0.9815 -0.0949 0.1661
vn 0.0817 -0.9938 -0.0757
vn -0.1373 -0.9898 -0.0371
vn -0.3114 -0.9247 0.2190
vn 0.9329 -0.3440 -0.1067
vn 0.9329 -0.3440 -0.1068
vn -0.5107 -0.8263 0.2374
vn 0.8388 -0.5416 -0.0551
vn 0.8388 -0.5416 -0.0552
vn -0.6850 -0.6865 0.2440
vn -0.6850 -0.6865 0.2441
vn -0.6849 -0.6865 0.2441
vn 0.7028 -0.7114 -0.0007
vn 0.7028 -0.7114 -0.0006
vn -0.8254 -0.5117 0.2385
vn 0.5320 -0.8451 0.0536
vn 0.5319 -0.8451 0.0535
vn -0.9245 -0.3106 0.2208
vn 0.3351 -0.9363 0.1050
vn -0.9770 -0.0935 0.1919
vn 0.1220 -0.9810 0.1512
vn 0.1219 -0.9810 0.1511
vn -0.0970 -0.9770 0.1898
vn -0.0970 -0.9770 0.1897
vn 0.9798 -0.1286 -0.1531
vn 0.9461 -0.3221 -0.0340
vn -0.4769 -0.7703 0.4232
vn 0.8601 -0.5063 0.0621
vn -0.6567 -0.6396 0.3995
vn 0.7310 -0.6646 0.1547
vn -0.8041 -0.4764 0.3555
vn -0.8041 -0.4765 0.3555
vn 0.5657 -0.7891 0.2394
vn 0.5658 -0.7891 0.2394
vn 0.5658 -0.7890 0.2394
vn -0.9113 -0.2887 0.2935
vn -0.9113 -0.2887 0.2934
vn 0.3727 -0.8740 0.3119
vn -0.9725 -0.0861 0.2165
vn 0.1615 -0.9154 0.3688
vn -0.0575 -0.9114 0.4074
vn -0.0574 -0.9114 0.4075
vn 0.9843 -0.1212 -0.1286
vn -0.2738 -0.8624 0.4259
vn -0.2738 -0.8624 0.4258
vn -0.4455 -0.6723 0.5912
vn 0.8799 -0.4446 0.1679
vn 0.8799 -0.4445 0.1679
vn -0.6305 -0.5577 0.5399
vn 0.7573 -0.5825 0.2952
vn 0.7573 -0.5826 0.2951
vn -0.7844 -0.4146 0.4613
vn -0.7843 -0.4146 0.4614
vn -0.7843 -0.4146 0.4615
vn 0.5971 -0.6911 0.4073
vn -0.8990 -0.2503 0.3594
vn -0.8990 -0.2503 0.3593
vn 0.4076 -0.7648 0.4988
vn -0.9683 -0.0730 0.2389
vn 0.1983 -0.8005 0.5655
vn -0.0207 -0.7966 0.6042
vn -0.0207 -0.7966 0.6041
vn 0.9884 -0.1082 -0.1063
vn -0.2388 -0.7532 0.6129
vn -0.2389 -0.7532 0.6129
vn 0.9584 -0.2837 0.0317
vn -0.6076 -0.4449 0.6579
vn 0.7801 -0.4699 0.4131
vn -0.7672 -0.3297 0.5502
vn -0.7672 -0.3296 0.5502
vn 0.6244 -0.5563 0.5483
vn -0.8883 -0.1976 0.4146
vn -0.8883 -0.1976 0.4145
vn 0.4380 -0.6147 0.6559
vn 0.4380 -0.6147 0.6560
vn -0.9647 -0.0552 0.2575
vn 0.2303 -0.6426 0.7308
vn 0.0112 -0.6387 0.7694
vn 0.0113 -0.6387 0.7694
vn 0.9921 -0.0903 -0.0875
vn -0.2085 -0.6031 0.7699
vn 0.9691 -0.2309 0.0870
vn -0.4182 -0.5375 0.7322
vn -0.4182 -0.5376 0.7322
vn 0.8971 -0.3596 0.2568
vn 0.8971 -0.3597 0.2568
vn 0.8971 -0.3597 0.2567
vn 0.7983 -0.3325 0.5022
vn -0.7535 -0.2262 0.6174
vn 0.6462 -0.3920 0.6548
vn 0.6461 -0.3920 0.6548
vn -0.8798 -0.1332 0.4563
vn -0.8798 -0.1330 0.4564
vn -0.8797 -0.1330 0.4565
vn 0.4622 -0.4319 0.7745
vn -0.9618 -0.0330 0.2719
vn 0.2557 -0.4502 0.8555
vn 0.2558 -0.4502 0.8555
vn 0.0367 -0.4463 0.8941
vn 0.9950 -0.0684 -0.0734
vn -0.1843 -0.4203 0.8885
vn 0.9776 -0.1666 0.1287
vn -0.3965 -0.3733 0.8387
vn 0.9108 -0.2561 0.3239
vn -0.5895 -0.3075 0.7469
vn -0.5895 -0.3075 0.7470
vn -0.7440 -0.1097 0.6591
vn 0.6612 -0.2071 0.7211
vn -0.8739 -0.0609 0.4822
vn -0.8739 -0.0608 0.4822
vn 0.4789 -0.2260 0.8483
vn -0.9598 -0.0087 0.2806
vn 0.2733 -0.2337 0.9331
vn 0.0543 -0.2297 0.9717
vn 0.9970 -0.0437 -0.0645
vn -0.1675 -0.2144 0.9623
vn 0.9835 -0.0940 0.1547
vn 0.9835 -0.0941 0.1547
vn -0.3815 -0.1884 0.9050
vn 0.9202 -0.1396 0.3656
vn -0.5770 -0.1529 0.8023
vn -0.5769 -0.1529 0.8023
vn 0.8108 -0.1779 0.5576
vn 0.8108 -0.1778 0.5576
vn 0.6686 -0.0116 0.7435
vn -0.8710 0.0158 0.4910
vn -0.8710 0.0159 0.4910
vn 0.4873 -0.0083 0.8732
vn 0.4873 -0.0082 0.8732
vn -0.9588 0.0173 0.2836
vn 0.2820 -0.0045 0.9594
vn 0.0630 -0.0006 0.9980
vn 0.9979 -0.0180 -0.0616
vn -0.1592 0.0033 0.9872
vn -0.1592 0.0034 0.9872
vn 0.9864 -0.0176 0.1635
vn -0.3740 0.0072 0.9274
vn 0.9250 -0.0163 0.3797
vn -0.5707 0.0106 0.8211
vn 0.8171 -0.0143 0.5764
vn -0.7393 0.0135 0.6732
vn -0.7393 0.0135 0.6733
vn -0.8712 0.0924 0.4822
vn -0.8712 0.0923 0.4822
vn 0.4867 0.2096 0.8480
vn 0.4867 0.2096 0.8481
vn -0.9589 0.0431 0.2806
vn 0.2815 0.2247 0.9329
vn 0.0625 0.2286 0.9715
vn 0.9979 0.0082 -0.0646
vn -0.1598 0.2212 0.9620
vn 0.9862 0.0591 0.1546
vn 0.9862 0.0590 0.1546
vn -0.3745 0.2028 0.9048
vn -0.3745 0.2029 0.9048
vn 0.9246 0.1069 0.3655
vn 0.9246 0.1070 0.3655
vn 0.9247 0.1070 0.3655
vn -0.5711 0.1743 0.8022
vn 0.8167 0.1494 0.5574
vn -0.7396 0.1369 0.6590
vn 0.6681 0.1841 0.7209
vn -0.9600 0.0679 0.2717
vn 0.2717 0.4416 0.8551
vn 0.0526 0.4456 0.8937
vn 0.0527 0.4457 0.8937
vn 0.9968 0.0326 -0.0734
vn -0.1691 0.4275 0.8881
vn 0.9829 0.1316 0.1286
vn 0.9829 0.1317 0.1285
vn -0.3828 0.3881 0.8384
vn -0.3829 0.3881 0.8384
vn -0.3828 0.3880 0.8384
vn 0.9193 0.2238 0.3236
vn -0.5781 0.3292 0.7466
vn 0.8097 0.3043 0.5019
vn 0.8097 0.3042 0.5019
vn -0.7449 0.2536 0.6171
vn -0.7449 0.2537 0.6170
vn 0.6598 0.3693 0.6545
vn 0.6597 0.3693 0.6545
vn -0.8745 0.1651 0.4562
vn -0.8745 0.1651 0.4561
vn 0.4774 0.4158 0.7741
vn 0.2531 0.6348 0.7301
vn 0.0341 0.6387 0.7687
vn 0.0340 0.6387 0.7687
vn 0.9946 0.0548 -0.0877
vn -0.1867 0.6110 0.7693
vn -0.1868 0.6110 0.7693
vn 0.9767 0.1965 0.0866
vn 0.9767 0.1963 0.0867
vn 0.9767 0.1961 0.0868
vn -0.3987 0.5529 0.7316
vn -0.3987 0.5530 0.7316
vn 0.9093 0.3276 0.2565
vn 0.9094 0.3276 0.2564
vn -0.5914 0.4671 0.6573
vn 0.7964 0.4421 0.4126
vn -0.7549 0.3575 0.5499
vn -0.7549 0.3575 0.5498
vn 0.6439 0.5342 0.5478
vn 0.6439 0.5342 0.5477
vn -0.8807 0.2296 0.4144
vn 0.4597 0.5994 0.6553
vn -0.9621 0.0898 0.2575
vn 0.0078 0.7975 0.6033
vn 0.9917 0.0725 -0.1061
vn -0.2118 0.7619 0.6121
vn -0.2117 0.7619 0.6121
vn 0.9679 0.2492 0.0316
vn 0.9679 0.2493 0.0314
vn 0.9679 0.2493 0.0313
vn -0.4212 0.6884 0.5905
vn 0.8952 0.4130 0.1674
vn 0.8952 0.4130 0.1675
vn -0.6102 0.5804 0.5393
vn 0.7776 0.5554 0.2946
vn 0.7777 0.5554 0.2946
vn -0.7690 0.4429 0.4609
vn 0.6214 0.6697 0.4066
vn 0.6215 0.6696 0.4066
vn -0.8895 0.2827 0.3591
vn -0.8895 0.2826 0.3591
vn 0.4347 0.7502 0.4981
vn -0.9651 0.1077 0.2388
vn 0.2268 0.7935 0.5647
vn -0.0249 0.9133 0.4065
vn -0.0248 0.9133 0.4065
vn 0.9880 0.0858 -0.1288
vn -0.2428 0.8720 0.4250
vn 0.9570 0.2880 -0.0344
vn 0.9570 0.2880 -0.0343
vn 0.9570 0.2880 -0.0342
vn -0.4491 0.7873 0.4224
vn -0.4491 0.7874 0.4224
vn 0.8777 0.4753 0.0616
vn 0.8777 0.4753 0.0615
vn -0.6334 0.6631 0.3988
vn -0.6335 0.6631 0.3989
vn 0.7543 0.6382 0.1540
vn -0.7866 0.5052 0.3550
vn -0.7866 0.5052 0.3551
vn 0.5936 0.7686 0.2385
vn -0.9004 0.3215 0.2932
vn -0.9004 0.3215 0.2931
vn -0.9004 0.3216 0.2931
vn 0.4037 0.8604 0.3110
vn -0.9688 0.1210 0.2163
vn 0.1942 0.9094 0.3679
vn 0.1941 0.9094 0.3679
vn -0.2782 0.9355 0.2180
vn 0.9446 0.3103 -0.1071
vn 0.9446 0.3103 -0.1072
vn -0.4808 0.8443 0.2366
vn -0.4808 0.8443 0.2367
vn 0.8576 0.5112 -0.0556
vn -0.6600 0.7107 0.2434
vn -0.6600 0.7108 0.2433
vn -0.6600 0.7108 0.2432
vn 0.7278 0.6858 -0.0014
vn -0.8066 0.5411 0.2379
vn -0.8065 0.5411 0.2380
vn 0.5618 0.8256 0.0527
vn 0.5619 0.8256 0.0527
vn -0.9129 0.3437 0.2204
vn -0.9128 0.3437 0.2205
vn -0.9129 0.3437 0.2203
vn 0.3683 0.9239 0.1040
vn -0.9730 0.1286 0.1917
vn 0.1570 0.9761 0.1501
vn -0.0621 0.9801 0.1888
vn -0.0620 0.9801 0.1887
vn 0.9838 0.0933 -0.1532
vn 0.9313 0.3150 -0.1830
vn 0.9313 0.3150 -0.1829
vn -0.5147 0.8563 0.0429
vn 0.8363 0.5188 -0.1776
vn 0.8363 0.5187 -0.1777
vn -0.6884 0.7207 0.0814
vn 0.6994 0.6958 -0.1633
vn 0.6994 0.6958 -0.1634
vn -0.8279 0.5487 0.1159
vn -0.8280 0.5487 0.1159
vn 0.5279 0.8375 -0.1409
vn 0.5279 0.8376 -0.1409
vn -0.9261 0.3484 0.1447
vn 0.3305 0.9372 -0.1116
vn 0.3305 0.9372 -0.1115
vn -0.9775 0.1301 0.1662
vn 0.1173 0.9901 -0.0767
vn -0.1018 0.9941 -0.0381
vn 0.9793 0.0949 -0.1790
vn -0.3159 0.9488 0.0025
vn -0.5490 0.8226 -0.1481
vn 0.8147 0.4975 -0.2980
vn -0.7171 0.6926 -0.0784
vn -0.7171 0.6926 -0.0783
vn 0.6707 0.6677 -0.3231
vn 0.6707 0.6676 -0.3231
vn 0.6707 0.6676 -0.3232
vn -0.8496 0.5274 -0.0045
vn -0.8496 0.5274 -0.0046
vn -0.8496 0.5275 -0.0046
vn 0.4936 0.8038 -0.3320
vn 0.4936 0.8039 -0.3320
vn -0.9396 0.3352 0.0697
vn -0.9396 0.3352 0.0698
vn -0.9396 0.3352 0.0699
vn 0.2924 0.8997 -0.3243
vn -0.9820 0.1256 0.1407
vn 0.0771 0.9507 -0.3005
vn -0.1420 0.9546 -0.2619
vn 0.9747 0.0904 -0.2045
vn -0.3541 0.9113 -0.2102
vn 0.9178 0.3018 -0.2579
vn 0.7940 0.4487 -0.4102
vn 0.7940 0.4486 -0.4102
vn 0.7940 0.4486 -0.4103
vn -0.7445 0.6277 -0.2273
vn 0.6433 0.6028 -0.4720
vn 0.6433 0.6028 -0.4721
vn -0.8703 0.4785 -0.1167
vn -0.8703 0.4786 -0.1167
vn 0.4608 0.7263 -0.5100
vn 0.4608 0.7263 -0.5101
vn -0.9524 0.3049 -0.0000
vn -0.9524 0.3049 0.0001
vn 0.2559 0.8133 -0.5226
vn -0.9864 0.1153 0.1171
vn 0.0386 0.8598 -0.5091
vn -0.1804 0.8638 -0.4705
vn 0.9703 0.0801 -0.2282
vn -0.3906 0.8249 -0.4085
vn 0.9050 0.2714 -0.3276
vn 0.9050 0.2715 -0.3275
vn -0.5818 0.7450 -0.3262
vn -0.5818 0.7450 -0.3261
vn -0.7692 0.5297 -0.3574
vn 0.6186 0.5048 -0.6021
vn 0.6186 0.5047 -0.6021
vn -0.8889 0.4047 -0.2148
vn -0.8889 0.4047 -0.2147
vn 0.4312 0.6091 -0.6656
vn -0.9640 0.2589 -0.0609
vn 0.2230 0.6828 -0.6957
vn -0.9903 0.0997 0.0963
vn 0.0040 0.7225 -0.6913
vn -0.2150 0.7265 -0.6527
vn 0.9664 0.0647 -0.2486
vn -0.4235 0.6944 -0.5817
vn 0.8935 0.2256 -0.3884
vn -0.6114 0.6278 -0.4817
vn 0.7754 0.3749 -0.5082
vn -0.9044 0.3098 -0.2933
vn -0.9044 0.3099 -0.2933
vn 0.4066 0.4586 -0.7902
vn -0.9736 0.2000 -0.1097
vn -0.9736 0.1999 -0.1098
vn -0.9736 0.1999 -0.1099
vn 0.1955 0.5152 -0.8345
vn -0.9936 0.0796 0.0797
vn -0.0249 0.5462 -0.8373
vn -0.2439 0.5502 -0.7986
vn 0.9631 0.0446 -0.2653
vn -0.4510 0.5269 -0.7204
vn -0.4510 0.5268 -0.7204
vn 0.8838 0.1665 -0.4373
vn -0.6360 0.4773 -0.6063
vn -0.6360 0.4773 -0.6064
vn 0.7598 0.2799 -0.5868
vn -0.7899 0.4038 -0.4616
vn 0.5979 0.3789 -0.7064
vn 0.3881 0.2828 -0.8772
vn -0.9809 0.1312 -0.1438
vn -0.9809 0.1312 -0.1437
vn -0.9809 0.1313 -0.1437
vn 0.1749 0.3195 -0.9313
vn 0.1749 0.3196 -0.9313
vn -0.9961 0.0565 0.0683
vn -0.0465 0.3403 -0.9392
vn -0.2656 0.3442 -0.9005
vn 0.9607 0.0213 -0.2768
vn -0.4716 0.3311 -0.8173
vn 0.8765 0.0978 -0.4713
vn 0.8765 0.0977 -0.4713
vn -0.6546 0.3015 -0.6933
vn 0.7481 0.1692 -0.6416
vn -0.8053 0.2568 -0.5343
vn 0.5825 0.2319 -0.7791
vn -0.9161 0.1991 -0.3481
vn -0.9853 0.0561 -0.1613
vn 0.1624 0.1062 -0.9810
vn -0.9976 0.0310 0.0623
vn -0.0598 0.1159 -0.9915
vn -0.2788 0.1199 -0.9528
vn 0.9592 -0.0042 -0.2828
vn -0.4842 0.1179 -0.8670
vn 0.8721 0.0227 -0.4888
vn -0.6659 0.1100 -0.7379
vn 0.7410 0.0485 -0.6697
vn -0.8148 0.0967 -0.5717
vn 0.5730 0.0717 -0.8164
vn 0.5730 0.0718 -0.8164
vn -0.9232 0.0784 -0.3762
vn 0.3768 0.0913 -0.9218
vn 0.3767 0.0913 -0.9218
vn 0.8707 -0.0545 -0.4888
vn -0.6693 -0.0870 -0.7378
vn -0.9850 -0.0961 -0.1436
vn 0.1634 -0.3265 -0.9310
vn -0.4831 -0.3149 -0.8170
vn 0.8724 -0.1295 -0.4713
vn -0.6649 -0.2786 -0.6930
vn 0.5738 -0.2534 -0.7788
vn -0.0444 -0.5458 -0.8367
vn -0.2635 -0.5418 -0.7981
vn -0.6527 -0.4549 -0.6058
vn -0.8038 -0.3757 -0.4612
vn -0.0218 -0.7230 -0.6906
vn -0.4481 -0.6794 -0.5810
vn 0.8848 -0.2579 -0.3880
vn 0.7614 -0.4028 -0.5079
vn -0.9028 -0.3729 -0.2143
vn 0.0078 -0.8612 -0.5082
vn -0.4199 -0.8109 -0.4077
vn -0.9627 -0.2706 0.0004
vn 0.2267 -0.8225 -0.5217
vn 0.7963 -0.5267 -0.2974
vn -0.3497 -0.9369 0.0034
vn -0.5450 -0.8373 0.0438
vn 0.8172 -0.5485 -0.1770
vn -0.7137 -0.6957 0.0821
vn 0.6740 -0.7206 -0.1626
vn 0.4976 -0.8560 -0.1402
vn 0.7028 -0.7114 -0.0008
vn 0.5320 -0.8450 0.0536
vn -0.4769 -0.7704 0.4232
vn -0.6567 -0.6396 0.3994
vn 0.7311 -0.6645 0.1548
vn -0.8041 -0.4764 0.3556
vn 0.3727 -0.8739 0.3119
vn 0.1616 -0.9154 0.3688
vn -0.2737 -0.8623 0.4259
vn -0.4456 -0.6723 0.5912
vn 0.8798 -0.4446 0.1678
vn 0.5971 -0.6910 0.4073
vn 0.1983 -0.8006 0.5655
vn -0.0208 -0.7966 0.6042
vn -0.6077 -0.4449 0.6579
vn 0.4380 -0.6148 0.6559
vn -0.2085 -0.6031 0.7700
vn 0.0367 -0.4462 0.8942
vn -0.1842 -0.4203 0.8885
vn 0.9108 -0.2562 0.3239
vn 0.6611 -0.2071 0.7211
vn 0.4790 -0.2259 0.8482
vn 0.9203 -0.1396 0.3656
vn -0.5770 -0.1530 0.8023
vn 0.4872 -0.0083 0.8732
vn 0.2821 -0.0045 0.9594
vn 0.0631 -0.0006 0.9980
vn 0.9864 -0.0177 0.1635
vn -0.3740 0.0071 0.9274
vn 0.9250 -0.0164 0.3797
vn -0.7393 0.0136 0.6732
vn 0.2815 0.2246 0.9329
vn 0.9862 0.0592 0.1545
vn 0.9246 0.1069 0.3656
vn 0.8167 0.1494 0.5575
vn 0.2717 0.4417 0.8551
vn -0.1691 0.4275 0.8880
vn -0.3829 0.3881 0.8383
vn -0.5781 0.3291 0.7466
vn 0.6598 0.3693 0.6544
vn 0.9767 0.1964 0.0867
vn -0.3988 0.5529 0.7316
vn 0.9679 0.2492 0.0317
vn 0.8952 0.4130 0.1673
vn 0.2268 0.7935 0.5648
vn -0.2427 0.8720 0.4250
vn 0.9570 0.2880 -0.0345
vn -0.6334 0.6632 0.3988
vn -0.9004 0.3214 0.2932
vn 0.1942 0.9094 0.3678
vn -0.2781 0.9355 0.2180
vn -0.4808 0.8443 0.2365
vn 0.8576 0.5112 -0.0557
vn -0.8066 0.5411 0.2378
vn 0.5619 0.8255 0.0527
vn 0.3683 0.9239 0.1041
vn -0.9261 0.3484 0.1446
vn 0.3306 0.9372 -0.1116
vn 0.1172 0.9901 -0.0767
vn 0.8147 0.4975 -0.2981
vn 0.6432 0.6028 -0.4721
vn 0.0040 0.7226 -0.6913
vn 0.8935 0.2257 -0.3883
vn 0.4065 0.4586 -0.7902
vn 0.1955 0.5153 -0.8344
vn -0.0248 0.5462 -0.8373
vn -0.6361 0.4773 -0.6063
vn -0.7898 0.4038 -0.4616
vn 0.1750 0.3195 -0.9313
vn -0.0466 0.3404 -0.9391
vn -0.6545 0.3015 -0.6933
vn 0.1623 0.1063 -0.9810
vn 0.7410 0.0484 -0.6697
vt 1.802550 -1.850780
vt 1.824570 -1.995690
vt 1.802550 -1.987790
vt 1.871830 -1.875170
vt 1.893850 -1.919280
vt 1.871830 -1.919280
vt 2.094220 -1.919280
vt 2.072200 -1.963400
vt 2.072200 -1.919280
vt 1.831435 -1.915310
vt 1.906000 -1.919280
vt 1.831435 -1.918940
vt 1.848200 -1.919280
vt 1.871830 -1.963400
vt 1.848200 -1.964950
vt 1.908830 -1.987790
vt 1.892440 -1.951580
vt 1.916090 -1.975230
vt 1.906000 -1.926540
vt 1.926850 -1.926165
vt 1.926850 -1.923505
vt 1.892440 -1.886980
vt 1.902690 -1.919280
vt 1.883790 -1.919280
vt 1.936550 -1.939790
vt 1.948390 -1.964980
vt 1.925540 -1.958860
vt 1.948390 -1.854680
vt 1.971230 -1.879710
vt 1.948390 -1.873590
vt 2.113130 -1.919280
vt 2.094220 -1.958840
vt 2.004330 -1.886990
vt 1.968410 -1.884600
vt 1.980680 -1.863340
vt 1.936550 -1.898780
vt 1.925540 -1.879710
vt 1.892450 -1.951580
vt 1.916090 -1.975220
vt 1.756870 -1.918600
vt 2.024940 -1.963400
vt 2.002920 -1.987790
vt 2.002920 -1.958840
vt 2.024940 -1.842880
vt 2.002920 -1.879730
vt 2.002920 -1.850780
vt 1.831435 -1.919280
vt 1.831435 -1.922910
vt 1.756870 -1.919280
vt 2.024940 -1.919280
vt 1.802550 -1.879730
vt 1.824570 -1.919280
vt 1.802550 -1.919280
vt 1.984000 -1.919280
vt 2.002920 -1.919280
vt 1.824570 -1.963400
vt 1.948390 -1.919280
vt 1.927880 -1.931120
vt 1.924710 -1.919280
vt 1.984000 -1.886990
vt 1.948390 -1.895610
vt 1.933340 -1.895655
vt 1.906000 -1.912020
vt 1.906000 -1.906710
vt 1.783640 -1.951580
vt 1.783640 -1.919280
vt 2.048570 -1.964950
vt 2.048570 -1.919280
vt 1.968985 -1.915310
vt 1.968985 -1.912655
vt 1.947200 -1.918600
vt 1.783640 -1.886980
vt 2.004330 -1.886980
vt 1.987960 -1.896440
vt 1.927535 -1.912405
vt 1.927535 -1.915060
vt 1.949070 -1.918100
vt 2.094220 -1.879730
vt 1.963435 -1.919280
vt 1.990770 -1.926540
vt 1.963435 -1.932925
vt 2.016890 -1.879730
vt 1.987940 -1.850780
vt 1.848200 -1.873620
vt 1.824570 -1.875170
vt 2.113130 -1.886980
vt 1.936100 -1.953970
vt 1.949767 -1.936117
vt 1.949767 -1.943482
vt 1.893850 -1.958840
vt 1.994080 -1.919280
vt 2.004330 -1.951580
vt 1.987960 -1.942130
vt 1.908330 -1.919280
vt 1.948390 -1.983880
vt 1.968410 -1.953970
vt 1.980680 -1.975220
vt 1.871830 -1.995690
vt 1.848200 -1.998380
vt 1.908810 -1.942130
vt 2.012980 -1.919280
vt 1.983070 -1.899260
vt 1.927880 -1.907450
vt 1.879880 -1.879730
vt 1.916090 -1.863340
vt 1.892450 -1.886990
vt 1.949767 -1.902450
vt 1.936100 -1.919280
vt 1.936100 -1.899260
vt 1.912770 -1.886990
vt 1.893850 -1.879730
vt 1.968890 -1.931120
vt 1.960220 -1.939790
vt 1.972060 -1.919280
vt 1.968890 -1.907450
vt 1.928360 -1.953970
vt 1.987940 -1.987790
vt 2.072200 -1.875170
vt 2.048570 -1.873620
vt 1.893850 -1.850780
vt 2.024940 -1.875170
vt 2.048570 -1.840190
vt 1.980690 -1.863340
vt 2.072200 -1.842880
vt 2.094220 -1.850780
vt 1.912770 -1.919280
vt 1.912770 -1.951580
vt 1.948390 -1.879230
vt 1.948390 -1.854690
vt 2.016890 -1.958840
vt 1.980690 -1.975230
vt 1.971230 -1.958860
vt 1.933340 -1.919280
vt 1.933340 -1.905640
vt 1.928360 -1.884600
vt 2.065335 -1.923255
vt 1.990770 -1.919280
vt 2.065335 -1.919625
vt 1.913700 -1.899260
vt 1.960220 -1.898780
vt 1.927785 -1.915995
vt 1.949570 -1.919970
vt 1.927785 -1.913340
vt 2.048570 -1.998380
vt 1.947010 -1.919280
vt 1.960680 -1.939310
vt 1.947010 -1.936117
vt 2.024940 -1.995690
vt 1.960680 -1.899260
vt 1.947010 -1.902450
vt 1.933340 -1.932925
vt 1.906000 -1.931860
vt 1.949767 -1.919280
vt 1.948390 -1.959340
vt 1.908810 -1.896440
vt 2.012990 -1.919280
vt 2.065335 -1.915650
vt 2.139900 -1.919280
vt 2.065335 -1.919280
vt 1.988440 -1.919280
vt 1.802550 -1.958840
vt 1.848200 -1.840190
vt 2.113130 -1.951580
vt 2.072200 -1.995690
vt 2.094220 -1.987790
vt 1.948390 -1.942960
vt 1.984000 -1.951580
vt 1.990770 -1.912020
vt 1.963435 -1.905640
vt 1.963435 -1.932995
vt 1.947010 -1.890128
vt 1.921050 -1.898310
vt 2.139900 -1.919970
vt 1.947700 -1.920470
vt 1.947010 -1.948442
vt 1.960680 -1.919280
vt 1.936100 -1.939310
vt 1.960680 -1.884600
vt 1.960680 -1.953970
vt 1.928575 -1.891455
vt 1.824570 -1.842880
vt 1.879880 -1.958840
vt 1.913700 -1.939310
vt 1.908830 -1.850780
vt 1.933340 -1.942915
vt 1.983070 -1.939310
vt 1.990770 -1.906710
vt 1.936100 -1.884600
vt 0.740741 0.214286
vt 0.703704 0.142857
vt 0.740741 0.142857
vt 0.740741 0.642857
vt 0.703704 0.714286
vt 0.703704 0.642857
vt 0.740741 0.071429
vt 0.703704 0.071429
vt 0.703704 0.571429
vt 0.740741 0.571429
vt 0.722222 0.000000
vt 0.703704 0.500000
vt 0.740741 0.500000
vt 0.740741 0.428571
vt 0.703704 0.428571
vt 0.740741 0.928571
vt 0.722222 1.000000
vt 0.703704 0.928572
vt 0.740741 0.357143
vt 0.703704 0.357143
vt 0.703704 0.857143
vt 0.740741 0.857143
vt 0.703704 0.285714
vt 0.740741 0.285714
vt 0.703704 0.785714
vt 0.740741 0.785714
vt 0.703704 0.214286
vt 0.740741 0.714286
vt 0.666667 0.071429
vt 0.666667 0.571429
vt 0.685185 0.000000
vt 0.666667 0.500000
vt 0.666667 0.428571
vt 0.685185 1.000000
vt 0.666667 0.928571
vt 0.666667 0.357143
vt 0.666667 0.857143
vt 0.666667 0.285714
vt 0.666667 0.785714
vt 0.666667 0.214286
vt 0.666667 0.714286
vt 0.666667 0.142857
vt 0.666667 0.642857
vt 0.629630 0.642857
vt 0.629630 0.571429
vt 0.648148 0.000000
vt 0.629630 0.071429
vt 0.629630 0.500000
vt 0.629630 0.428571
vt 0.648148 1.000000
vt 0.629630 0.928571
vt 0.629630 0.357143
vt 0.629630 0.857143
vt 0.629630 0.285714
vt 0.629630 0.785714
vt 0.629630 0.214286
vt 0.629630 0.714286
vt 0.629630 0.142857
vt 0.611111 0.000000
vt 0.592593 0.071429
vt 0.592593 0.500000
vt 0.592593 0.428571
vt 0.611111 1.000000
vt 0.592593 0.928572
vt 0.592593 0.357143
vt 0.592593 0.857143
vt 0.592593 0.285714
vt 0.592593 0.785714
vt 0.592593 0.214286
vt 0.592593 0.714286
vt 0.592593 0.142857
vt 0.592593 0.642857
vt 0.592593 0.571429
vt 0.555556 0.500000
vt 0.555556 0.428571
vt 0.574074 1.000000
vt 0.555556 0.928572
vt 0.555556 0.357143
vt 0.555556 0.857143
vt 0.555556 0.285714
vt 0.555556 0.785714
vt 0.555556 0.214286
vt 0.555556 0.714286
vt 0.555556 0.142857
vt 0.555556 0.642857
vt 0.555556 0.071429
vt 0.555556 0.571429
vt 0.574074 0.000000
vt 0.518519 0.428571
vt 0.537037 1.000000
vt 0.518519 0.928572
vt 0.518519 0.357143
vt 0.518519 0.857143
vt 0.518519 0.285714
vt 0.518519 0.785714
vt 0.518519 0.214286
vt 0.518519 0.714286
vt 0.518519 0.142857
vt 0.518519 0.642857
vt 0.518519 0.071429
vt 0.518519 0.571429
vt 0.537037 0.000000
vt 0.518519 0.500000
vt 0.500000 1.000000
vt 0.481481 0.928572
vt 0.481481 0.357143
vt 0.481481 0.857143
vt 0.481481 0.285714
vt 0.481481 0.785714
vt 0.481481 0.214286
vt 0.481481 0.714286
vt 0.481481 0.142857
vt 0.481481 0.642857
vt 0.481481 0.071429
vt 0.481481 0.571429
vt 0.500000 0.000000
vt 0.481481 0.500000
vt 0.481481 0.428571
vt 0.444444 0.357143
vt 0.444444 0.857143
vt 0.444444 0.285714
vt 0.444444 0.785714
vt 0.444444 0.214286
vt 0.444444 0.714286
vt 0.444444 0.142857
vt 0.444444 0.642857
vt 0.444444 0.071429
vt 0.444444 0.571429
vt 0.462963 0.000000
vt 0.444444 0.500000
vt 0.444444 0.428571
vt 0.462963 1.000000
vt 0.444444 0.928572
vt 0.407407 0.857143
vt 0.407407 0.357143
vt 0.407407 0.285714
vt 0.407407 0.785714
vt 0.407407 0.214286
vt 0.407407 0.714286
vt 0.407407 0.142857
vt 0.407407 0.642857
vt 0.407407 0.071429
vt 0.407407 0.571429
vt 0.425926 0.000000
vt 0.407407 0.500000
vt 0.407407 0.428571
vt 0.425926 1.000000
vt 0.407407 0.928572
vt 0.370370 0.357143
vt 0.370370 0.285714
vt 0.370370 0.785714
vt 0.370370 0.214286
vt 0.370370 0.714286
vt 0.370370 0.142857
vt 0.370370 0.642857
vt 0.370370 0.071429
vt 0.370370 0.571429
vt 0.388889 0.000000
vt 0.370370 0.500000
vt 0.370370 0.428571
vt 0.388889 1.000000
vt 0.370370 0.928571
vt 0.370370 0.857143
vt 0.333333 0.214286
vt 0.333333 0.714286
vt 0.333333 0.142857
vt 0.333333 0.642857
vt 0.333333 0.071429
vt 0.333333 0.571429
vt 0.351852 0.000000
vt 0.333333 0.500000
vt 0.333333 0.428571
vt 0.351852 1.000000
vt 0.333333 0.928572
vt 0.333333 0.357143
vt 0.333333 0.857143
vt 0.333333 0.285714
vt 0.333333 0.785714
vt 0.296296 0.785714
vt 0.296296 0.714286
vt 0.296296 0.214286
vt 0.296296 0.142857
vt 0.296296 0.642857
vt 0.296296 0.071429
vt 0.296296 0.571429
vt 0.314815 0.000000
vt 0.296296 0.500000
vt 0.296296 0.428571
vt 0.314815 1.000000
vt 0.296296 0.928572
vt 0.296296 0.357143
vt 0.296296 0.857143
vt 0.296296 0.285714
vt 0.259259 0.214286
vt 0.259259 0.142857
vt 0.259259 0.642857
vt 0.259259 0.071429
vt 0.259259 0.571429
vt 0.277778 0.000000
vt 0.259259 0.500000
vt 0.259259 0.428571
vt 0.277778 1.000000
vt 0.259259 0.928571
vt 0.259259 0.357143
vt 0.259259 0.857143
vt 0.259259 0.285714
vt 0.259259 0.785714
vt 0.259259 0.714286
vt 0.222222 0.642857
vt 0.222222 0.071429
vt 0.222222 0.571429
vt 0.240741 0.000000
vt 0.222222 0.500000
vt 0.222222 0.428571
vt 0.240741 1.000000
vt 0.222222 0.928571
vt 0.222222 0.357143
vt 0.222222 0.857143
vt 0.222222 0.285714
vt 0.222222 0.785714
vt 0.222222 0.214286
vt 0.222222 0.714286
vt 0.222222 0.142857
vt 0.185185 0.071429
vt 0.185185 0.571429
vt 0.203704 0.000000
vt 0.185185 0.500000
vt 0.185185 0.428571
vt 0.203704 1.000000
vt 0.185185 0.928572
vt 0.185185 0.357143
vt 0.185185 0.857143
vt 0.185185 0.285714
vt 0.185185 0.785714
vt 0.185185 0.214286
vt 0.185185 0.714286
vt 0.185185 0.142857
vt 0.185185 0.642857
vt 0.166667 0.000000
vt 0.148148 0.071429
vt 0.148148 0.571429
vt 0.148148 0.500000
vt 0.148148 0.428571
vt 0.166667 1.000000
vt 0.148148 0.928572
vt 0.148148 0.357143
vt 0.148148 0.857143
vt 0.148148 0.285714
vt 0.148148 0.785714
vt 0.148148 0.214286
vt 0.148148 0.714286
vt 0.148148 0.142857
vt 0.148148 0.642857
vt 0.111111 0.571429
vt 0.111111 0.500000
vt 0.111111 0.428571
vt 0.129630 1.000000
vt 0.111111 0.928571
vt 0.111111 0.357143
vt 0.111111 0.857143
vt 0.111111 0.285714
vt 0.111111 0.785714
vt 0.111111 0.214286
vt 0.111111 0.714286
vt 0.111111 0.142857
vt 0.111111 0.642857
vt 0.111111 0.071429
vt 0.129630 0.000000
vt 0.074074 0.428571
vt 0.092593 1.000000
vt 0.074074 0.928572
vt 0.074074 0.357143
vt 0.074074 0.857143
vt 0.074074 0.285714
vt 0.074074 0.785714
vt 0.074074 0.214286
vt 0.074074 0.714286
vt 0.074074 0.142857
vt 0.074074 0.642857
vt 0.074074 0.071429
vt 0.074074 0.571429
vt 0.092593 0.000000
vt 0.074074 0.500000
vt 0.037037 0.500000
vt 0.037037 0.428571
vt 0.055556 1.000000
vt 0.037037 0.928571
vt 0.037037 0.357143
vt 0.037037 0.857143
vt 0.037037 0.285714
vt 0.037037 0.785714
vt 0.037037 0.214286
vt 0.037037 0.714286
vt 0.037037 0.142857
vt 0.037037 0.642857
vt 0.037037 0.071429
vt 0.037037 0.571429
vt 0.055556 0.000000
vt 0.000000 0.428571
vt 0.000000 0.357143
vt 0.000000 0.857143
vt 0.000000 0.285714
vt 0.000000 0.785714
vt 0.000000 0.214286
vt 0.000000 0.714286
vt 0.000000 0.142857
vt 0.000000 0.642857
vt 0.000000 0.071429
vt 0.000000 0.571429
vt 0.018519 0.000000
vt 0.000000 0.500000
vt 0.018519 1.000000
vt 0.000000 0.928571
vt 1.000000 0.928571
vt 0.962963 0.857143
vt 1.000000 0.857143
vt 1.000000 0.357143
vt 0.962963 0.285714
vt 1.000000 0.285714
vt 0.962963 0.785714
vt 1.000000 0.785714
vt 0.962963 0.214286
vt 1.000000 0.214286
vt 1.000000 0.714286
vt 0.962963 0.714286
vt 1.000000 0.142857
vt 0.962963 0.142857
vt 1.000000 0.642857
vt 0.962963 0.642857
vt 0.962963 0.071429
vt 1.000000 0.071429
vt 0.962963 0.571429
vt 1.000000 0.571429
vt 0.981481 0.000000
vt 0.962963 0.500000
vt 1.000000 0.500000
vt 0.962963 0.428571
vt 1.000000 0.428571
vt 0.981481 1.000000
vt 0.962963 0.928571
vt 0.962963 0.357143
vt 0.925926 0.285714
vt 0.925926 0.785714
vt 0.925926 0.214286
vt 0.925926 0.714286
vt 0.925926 0.142857
vt 0.925926 0.642857
vt 0.925926 0.071429
vt 0.925926 0.571429
vt 0.944444 0.000000
vt 0.925926 0.500000
vt 0.925926 0.428571
vt 0.944444 1.000000
vt 0.925926 0.928571
vt 0.925926 0.357143
vt 0.925926 0.857143
vt 0.888889 0.785714
vt 0.888889 0.214286
vt 0.888889 0.714286
vt 0.888889 0.142857
vt 0.888889 0.642857
vt 0.888889 0.071429
vt 0.888889 0.571429
vt 0.907407 0.000000
vt 0.888889 0.500000
vt 0.888889 0.428571
vt 0.907407 1.000000
vt 0.888889 0.928571
vt 0.888889 0.357143
vt 0.888889 0.857143
vt 0.888889 0.285714
vt 0.851852 0.214286
vt 0.851852 0.714286
vt 0.851852 0.142857
vt 0.851852 0.642857
vt 0.851852 0.071429
vt 0.851852 0.571429
vt 0.870370 0.000000
vt 0.851852 0.500000
vt 0.851852 0.428571
vt 0.870370 1.000000
vt 0.851852 0.928571
vt 0.851852 0.357143
vt 0.851852 0.857143
vt 0.851852 0.285714
vt 0.851852 0.785714
vt 0.814815 0.214286
vt 0.814815 0.142857
vt 0.814815 0.714286
vt 0.814815 0.642857
vt 0.814815 0.071429
vt 0.814815 0.571429
vt 0.833333 0.000000
vt 0.814815 0.500000
vt 0.814815 0.428571
vt 0.833333 1.000000
vt 0.814815 0.928571
vt 0.814815 0.357143
vt 0.814815 0.857143
vt 0.814815 0.285714
vt 0.814815 0.785714
vt 0.777778 0.714286
vt 0.777778 0.642857
vt 0.777778 0.071429
vt 0.777778 0.571429
vt 0.796296 0.000000
vt 0.777778 0.500000
vt 0.777778 0.428571
vt 0.796296 1.000000
vt 0.777778 0.928571
vt 0.777778 0.357143
vt 0.777778 0.857143
vt 0.777778 0.285714
vt 0.777778 0.785714
vt 0.777778 0.214286
vt 0.777778 0.142857
vt 0.759259 0.000000
vt 0.759259 1.000000
s 1
usemtl Material.002
f 876/755/2222 877/756/2223 878/757/2224
f 879/758/2225 880/759/2226 881/760/2227
f 882/761/2228 883/762/2229 884/763/2230
f 885/764/2231 886/765/2232 887/766/2233
f 888/767/2234 889/768/2235 890/769/2236
f 891/770/2237 892/771/2238 893/772/2238
f 894/773/2239 895/774/2240 896/775/2240
f 897/776/2241 898/777/2242 899/778/2243
f 900/779/2244 901/780/2245 902/781/2246
f 903/782/2247 904/783/2248 905/784/2249
f 906/785/2250 907/786/2251 882/761/2251
f 908/787/2252 909/788/2253 910/789/2254
f 905/784/2255 911/790/2256 912/791/2257
f 913/770/2258 914/792/2259 915/793/2260
f 916/766/2261 917/794/2261 918/764/2261
f 919/795/2262 920/796/2263 913/797/2264
f 921/798/2265 922/799/2266 923/800/2267
f 916/801/2268 896/802/2268 917/803/2268
f 913/797/2269 924/804/2270 919/795/2271
f 878/805/2272 925/806/2273 926/807/2274
f 923/797/2275 927/808/2276 928/809/2277
f 888/767/2278 929/810/2279 930/806/2280
f 931/811/2281 932/812/2281 933/813/2281
f 934/799/2282 927/808/2283 908/814/2284
f 904/783/2285 935/815/2286 905/784/2287
f 936/816/2288 937/817/2289 938/818/2290
f 926/807/2291 939/819/2291 940/820/2291
f 924/804/2292 941/821/2293 919/795/2294
f 942/822/2295 943/762/2296 944/821/2297
f 945/823/2298 946/824/2298 917/825/2298
f 947/826/2299 948/807/2300 903/820/2301
f 904/783/2302 949/827/2303 950/828/2304
f 951/829/2305 885/830/2305 917/831/2305
f 884/763/2306 891/832/2307 882/761/2308
f 952/833/2309 953/834/2309 954/835/2309
f 940/820/2310 878/805/2311 926/807/2312
f 955/816/2313 956/817/2314 957/818/2315
f 934/836/2316 910/789/2317 958/837/2318
f 959/838/2319 930/806/2320 960/839/2321
f 893/840/2322 882/761/2323 891/832/2324
f 881/760/2325 959/838/2325 879/758/2326
f 961/841/2327 962/842/2328 963/843/2329
f 881/760/2330 964/844/2331 889/768/2332
f 965/845/2333 939/846/2334 966/847/2335
f 967/767/2336 968/758/2337 969/760/2338
f 970/848/2339 914/792/2340 971/778/2341
f 972/849/2342 973/850/2343 974/851/2344
f 899/785/2345 975/832/2346 897/840/2347
f 976/802/2348 917/803/2348 887/801/2348
f 890/769/2349 968/852/2349 977/853/2349
f 978/854/2350 899/778/2351 898/777/2352
f 979/786/2353 980/763/2354 981/761/2355
f 927/855/2356 982/856/2357 908/787/2358
f 921/795/2359 928/809/2360 983/804/2361
f 984/857/2362 931/811/2362 933/813/2362
f 932/812/2363 902/781/2364 978/854/2365
f 902/781/2366 892/771/2367 978/854/2368
f 985/858/2369 986/859/2370 987/860/2371
f 988/861/2372 989/862/2373 909/863/2374
f 910/864/2375 880/759/2376 958/865/2377
f 931/811/2378 990/866/2378 991/867/2378
f 992/868/2379 931/811/2379 993/869/2379
f 944/821/2380 983/804/2381 942/822/2382
f 994/805/2383 930/806/2384 948/807/2385
f 987/864/2386 995/759/2387 985/865/2388
f 914/792/2389 996/870/2390 915/793/2391
f 997/846/2392 922/871/2393 974/851/2394
f 959/838/2395 998/872/2396 999/873/2397
f 985/865/2398 969/760/2399 968/758/2400
f 964/874/2401 968/852/2402 889/768/2403
f 1000/875/2404 944/876/2405 1001/873/2406
f 876/837/2407 949/827/2408 1002/877/2409
f 975/832/2410 960/878/2411 994/879/2412
f 922/799/2413 972/808/2414 974/814/2415
f 964/844/2416 1003/880/2417 986/881/2418
f 910/789/2419 989/882/2420 1003/883/2421
f 1004/884/2422 1005/885/2423 939/846/2424
f 991/867/2425 966/847/2426 1006/886/2427
f 981/761/2428 998/872/2429 975/832/2430
f 975/858/2431 947/859/2432 897/776/2433
f 1007/887/2434 956/817/2435 1008/888/2436
f 1003/883/2437 1009/889/2438 986/859/2439
f 895/890/2440 1010/891/2441 1011/892/2440
f 961/893/2442 971/778/2443 987/860/2444
f 950/828/2445 1012/894/2446 904/783/2447
f 918/895/2448 917/896/2448 976/897/2448
f 1013/833/2449 1014/834/2450 1015/835/2451
f 992/868/2452 950/828/2453 965/845/2454
f 883/762/2455 1016/898/2456 941/821/2457
f 986/859/2458 961/893/2459 987/860/2460
f 1017/899/2461 1018/900/2462 1019/901/2461
f 1020/902/2463 941/821/2464 1016/898/2465
f 943/878/2466 891/832/2467 1021/872/2468
f 932/812/2469 898/777/2470 933/813/2471
f 893/772/2472 901/780/2473 906/849/2474
f 982/903/2475 1017/899/2475 1022/904/2475
f 946/890/2476 1023/891/2476 1024/892/2477
f 1025/905/2478 1014/906/2479 894/773/2480
f 1026/907/2481 961/863/2482 963/861/2483
f 1027/875/2484 928/809/2485 934/799/2486
f 877/756/2487 890/769/2487 977/853/2487
f 972/849/2488 996/870/2489 1028/908/2490
f 948/807/2491 1002/819/2492 903/820/2493
f 1029/909/2494 933/813/2495 898/777/2496
f 950/828/2497 940/910/2498 965/845/2499
f 901/780/2500 1005/885/2501 906/849/2502
f 920/844/2503 971/880/2504 914/881/2505
f 973/850/2506 997/846/2507 974/851/2508
f 980/763/2509 999/873/2510 998/872/2511
f 977/838/2512 925/806/2513 877/839/2512
f 951/911/2514 917/912/2514 1024/913/2514
f 1030/901/2515 1007/887/2516 1031/899/2515
f 997/846/2517 1032/914/2518 927/855/2519
f 948/807/2520 929/810/2521 876/915/2522
f 999/916/2523 879/798/2524 959/838/2525
f 1025/905/2526 1033/765/2527 1007/887/2528
f 1020/768/2529 995/759/2530 920/844/2531
f 892/917/2532 981/761/2533 899/785/2534
f 1016/769/2535 969/760/2536 1020/768/2537
f 925/806/2538 1004/915/2539 926/807/2540
f 931/811/2541 911/790/2541 935/815/2541
f 945/911/2542 917/912/2542 1011/913/2542
f 1034/918/2543 907/786/2544 1004/919/2543
f 931/811/2545 1012/894/2545 993/869/2545
f 931/811/2546 1035/920/2546 900/779/2546
f 947/859/2547 1029/909/2548 897/776/2549
f 1001/873/2550 943/878/2551 1021/872/2550
f 1035/920/2552 1006/886/2552 901/780/2553
f 1027/875/2554 942/822/2555 983/804/2556
f 1021/872/2557 1036/822/2558 1001/873/2559
f 967/767/2560 1034/810/2561 925/806/2562
f 905/784/2563 947/859/2564 903/782/2565
f 992/868/2566 966/847/2567 990/866/2568
f 1000/875/2569 1037/809/2570 922/799/2571
f 915/921/2572 1037/809/2572 913/797/2573
f 884/763/2574 941/821/2575 1036/822/2576
f 1036/822/2577 1000/875/2578 1001/873/2579
f 1027/875/2580 958/800/2581 879/798/2582
f 1006/886/2583 939/846/2584 1005/885/2585
f 945/911/2586 1010/891/2587 1038/922/2587
f 938/922/2588 952/833/2589 936/923/2590
f 937/817/2591 1039/887/2592 886/765/2591
f 1040/924/2593 953/834/2594 1038/922/2595
f 988/925/2596 1041/926/2597 936/816/2598
f 1033/765/2599 918/764/2600 956/817/2599
f 917/927/2601 946/890/2601 1024/892/2601
f 917/928/2602 896/775/2602 895/774/2602
f 1042/929/2603 1025/905/2604 1030/901/2603
f 938/818/2605 885/830/2605 951/829/2605
f 917/794/2606 885/764/2606 887/766/2606
f 894/773/2607 916/801/2608 1033/765/2607
f 917/927/2609 895/890/2609 1011/892/2609
f 1019/925/2610 1008/888/2611 955/816/2612
f 957/773/2613 887/801/2614 886/765/2613
f 951/911/2615 1023/891/2616 938/922/2616
f 1038/922/2617 1013/833/2618 1040/923/2619
f 952/833/2620 962/842/2620 1043/907/2620
f 918/895/2621 957/818/2621 956/817/2621
f 1038/922/2622 946/824/2623 945/823/2623
f 886/765/2624 955/905/2625 957/773/2626
f 1026/907/2627 1015/835/2628 1042/842/2629
f 1031/899/2630 1008/888/2631 1044/904/2632
f 911/790/2633 1029/909/2633 912/791/2633
f 1028/930/2634 1044/904/2635 973/903/2634
f 1026/907/2636 1045/931/2637 970/862/2638
f 1043/907/2639 1009/931/2639 989/862/2640
f 1018/932/2641 1044/904/2642 1019/925/2643
f 1045/933/2644 1030/901/2645 996/900/2644
f 909/932/2646 1022/934/2647 988/925/2647
f 996/900/2648 1031/899/2648 1028/930/2648
f 1040/923/2649 1026/907/2650 963/861/2650
f 1022/904/2651 1039/887/2652 1041/888/2652
f 1039/887/2653 1019/901/2654 955/905/2655
f 936/923/2656 1043/907/2657 988/861/2658
f 963/843/2659 954/835/2660 1040/924/2661
f 876/755/2222 929/935/2662 877/756/2223
f 879/758/2225 958/865/2663 880/759/2226
f 882/761/2228 907/786/2664 883/762/2229
f 885/764/2231 937/817/2232 886/765/2232
f 888/767/2234 881/760/2665 889/768/2235
f 891/770/2237 979/936/2666 892/771/2238
f 894/773/2239 1014/906/2239 895/774/2240
f 897/776/2241 1029/909/2667 898/777/2242
f 900/779/2244 1035/920/2668 901/780/2245
f 903/782/2247 1002/877/2669 904/783/2248
f 906/785/2250 1005/917/2670 907/786/2251
f 908/787/2252 982/856/2671 909/788/2253
f 905/784/2255 935/815/2672 911/790/2256
f 913/770/2258 920/936/2673 914/792/2259
f 919/795/2262 1020/902/2674 920/796/2263
f 921/798/2265 1000/875/2675 922/799/2266
f 913/797/2269 1037/809/2676 924/804/2270
f 878/805/2272 877/839/2677 925/806/2273
f 923/797/2275 997/921/2678 927/808/2276
f 888/767/2278 890/769/2679 929/810/2279
f 931/811/2680 900/779/2680 932/812/2680
f 934/799/2282 928/809/2681 927/808/2283
f 904/783/2285 1012/894/2682 935/815/2286
f 936/816/2288 1041/926/2683 937/817/2289
f 926/807/2291 1004/915/2291 939/819/2291
f 924/804/2292 1036/822/2684 941/821/2293
f 942/822/2295 980/763/2685 943/762/2296
f 947/826/2299 994/805/2686 948/807/2300
f 904/783/2302 1002/877/2687 949/827/2303
f 884/763/2306 1021/872/2688 891/832/2307
f 952/833/2309 1023/891/2309 953/834/2309
f 940/820/2310 949/826/2689 878/805/2311
f 955/816/2313 1008/888/2690 956/817/2314
f 934/836/2316 908/787/2691 910/789/2317
f 959/838/2319 888/767/2692 930/806/2320
f 893/840/2322 906/785/2693 882/761/2323
f 881/760/2325 888/767/2325 959/838/2325
f 961/841/2327 1009/931/2694 962/842/2328
f 881/760/2330 880/759/2695 964/844/2331
f 965/845/2333 940/910/2696 939/846/2334
f 967/767/2336 977/838/2697 968/758/2337
f 970/848/2339 1045/937/2698 914/792/2340
f 972/849/2342 1028/908/2699 973/850/2343
f 899/785/2345 981/761/2700 975/832/2346
f 890/769/2349 889/768/2349 968/852/2349
f 978/854/2350 892/771/2701 899/778/2351
f 979/786/2353 943/762/2702 980/763/2354
f 927/855/2356 1032/914/2703 982/856/2357
f 921/795/2359 923/797/2704 928/809/2360
f 932/812/2363 900/779/2705 902/781/2364
f 902/781/2366 893/772/2706 892/771/2367
f 985/858/2369 964/938/2707 986/859/2370
f 988/861/2372 1043/907/2708 989/862/2373
f 910/864/2375 1003/880/2709 880/759/2376
f 931/811/2710 992/868/2710 990/866/2710
f 944/821/2380 921/795/2711 983/804/2381
f 994/805/2383 960/839/2712 930/806/2384
f 987/864/2386 971/880/2713 995/759/2387
f 914/792/2389 1045/937/2714 996/870/2390
f 997/846/2392 923/884/2715 922/871/2393
f 959/838/2395 960/839/2716 998/872/2396
f 985/865/2398 995/759/2717 969/760/2399
f 964/874/2401 985/865/2718 968/852/2402
f 1000/875/2404 921/798/2719 944/876/2405
f 876/837/2407 878/836/2720 949/827/2408
f 975/832/2410 998/872/2721 960/878/2411
f 922/799/2413 1037/809/2722 972/808/2414
f 964/844/2416 880/759/2723 1003/880/2417
f 910/789/2419 909/788/2724 989/882/2420
f 1004/884/2422 907/871/2725 1005/885/2423
f 991/867/2425 990/866/2726 966/847/2426
f 981/761/2428 980/763/2727 998/872/2429
f 975/858/2431 994/938/2728 947/859/2432
f 1007/887/2434 1033/765/2729 956/817/2435
f 1003/883/2437 989/882/2730 1009/889/2438
f 895/890/2440 1014/834/2441 1010/891/2441
f 961/893/2442 970/848/2731 971/778/2443
f 950/828/2445 993/869/2732 1012/894/2446
f 1013/833/2449 1010/891/2733 1014/834/2450
f 992/868/2452 993/869/2734 950/828/2453
f 883/762/2455 1034/918/2735 1016/898/2456
f 986/859/2458 1009/889/2736 961/893/2459
f 1017/899/2461 1032/930/2737 1018/900/2462
f 1020/902/2463 919/795/2738 941/821/2464
f 943/878/2466 979/879/2739 891/832/2467
f 932/812/2469 978/854/2740 898/777/2470
f 893/772/2472 902/781/2741 901/780/2473
f 982/903/2475 1032/930/2475 1017/899/2475
f 946/890/2476 953/834/2476 1023/891/2476
f 1025/905/2478 1015/939/2742 1014/906/2479
f 1026/907/2481 970/862/2482 961/863/2482
f 1027/875/2484 983/804/2743 928/809/2485
f 877/756/2487 929/810/2487 890/769/2487
f 972/849/2488 915/793/2744 996/870/2489
f 948/807/2491 876/915/2745 1002/819/2492
f 1029/909/2494 984/857/2746 933/813/2495
f 950/828/2497 949/827/2747 940/910/2498
f 901/780/2500 1006/886/2748 1005/885/2501
f 920/844/2503 995/759/2749 971/880/2504
f 973/850/2506 1018/940/2750 997/846/2507
f 980/763/2509 942/822/2751 999/873/2510
f 977/838/2512 967/767/2752 925/806/2513
f 1030/901/2515 1025/905/2753 1007/887/2516
f 997/846/2517 1018/940/2754 1032/914/2518
f 948/807/2520 930/806/2755 929/810/2521
f 999/916/2523 1027/875/2756 879/798/2524
f 1025/905/2526 894/773/2757 1033/765/2527
f 1020/768/2529 969/760/2758 995/759/2530
f 892/917/2532 979/786/2759 981/761/2533
f 1016/769/2535 967/767/2760 969/760/2536
f 925/806/2538 1034/810/2761 1004/915/2539
f 931/811/2762 984/857/2762 911/790/2762
f 1034/918/2543 883/762/2544 907/786/2544
f 931/811/2763 935/815/2763 1012/894/2763
f 931/811/2764 991/867/2764 1035/920/2764
f 947/859/2547 912/791/2765 1029/909/2548
f 1001/873/2550 944/876/2551 943/878/2551
f 1035/920/2552 991/867/2766 1006/886/2552
f 1027/875/2554 999/873/2767 942/822/2555
f 1021/872/2557 884/763/2558 1036/822/2558
f 967/767/2560 1016/769/2768 1034/810/2561
f 905/784/2563 912/791/2769 947/859/2564
f 992/868/2566 965/845/2770 966/847/2567
f 1000/875/2569 924/804/2771 1037/809/2570
f 915/921/2572 972/808/2772 1037/809/2572
f 884/763/2574 883/762/2574 941/821/2575
f 1036/822/2577 924/804/2773 1000/875/2578
f 1027/875/2580 934/799/2774 958/800/2581
f 1006/886/2583 966/847/2775 939/846/2584
f 945/911/2586 1011/913/2586 1010/891/2587
f 938/922/2588 1023/891/2776 952/833/2589
f 937/817/2591 1041/888/2592 1039/887/2592
f 1040/924/2593 954/835/2777 953/834/2594
f 988/925/2596 1022/934/2596 1041/926/2597
f 1033/765/2599 916/766/2600 918/764/2600
f 1042/929/2603 1015/939/2604 1025/905/2604
f 938/818/2605 937/817/2605 885/830/2605
f 894/773/2607 896/802/2608 916/801/2608
f 1019/925/2610 1044/904/2778 1008/888/2611
f 957/773/2613 976/802/2614 887/801/2614
f 951/911/2615 1024/913/2615 1023/891/2616
f 1038/922/2617 1010/891/2617 1013/833/2618
f 952/833/2620 954/835/2620 962/842/2620
f 918/895/2621 976/897/2621 957/818/2621
f 1038/922/2622 953/941/2622 946/824/2623
f 886/765/2624 1039/887/2779 955/905/2625
f 1026/907/2627 1013/833/2627 1015/835/2628
f 1031/899/2630 1007/887/2780 1008/888/2631
f 911/790/2633 984/857/2781 1029/909/2633
f 1028/930/2634 1031/899/2635 1044/904/2635
f 1026/907/2636 1042/842/2782 1045/931/2637
f 1043/907/2639 962/842/2783 1009/931/2639
f 1018/932/2641 973/903/2641 1044/904/2642
f 1045/933/2644 1042/929/2645 1030/901/2645
f 909/932/2646 982/942/2784 1022/934/2647
f 996/900/2648 1030/901/2648 1031/899/2648
f 1040/923/2649 1013/833/2785 1026/907/2650
f 1022/904/2651 1017/899/2786 1039/887/2652
f 1039/887/2653 1017/899/2787 1019/901/2654
f 936/923/2656 952/833/2788 1043/907/2657
f 963/843/2659 962/842/2789 954/835/2660
f 1046/755/2790 1047/756/2791 1048/757/2792
f 1049/758/2793 1050/759/2794 1051/760/2795
f 1052/761/2796 1053/762/2797 1054/763/2798
f 1055/764/2799 1056/765/2799 1057/766/2799
f 1058/767/2800 1059/768/2801 1060/769/2802
f 1061/770/2803 1062/771/2804 1063/772/2805
f 1064/773/2806 1065/774/2807 1066/775/2807
f 1067/776/2808 1068/777/2809 1069/778/2810
f 1070/779/2811 1071/780/2812 1072/781/2813
f 1073/782/2814 1074/783/2815 1075/784/2816
f 1076/785/2817 1077/786/2818 1052/761/2819
f 1078/787/2820 1079/788/2821 1080/789/2822
f 1075/784/2823 1081/790/2824 1082/791/2825
f 1083/770/2826 1084/792/2827 1085/793/2828
f 1086/766/2829 1087/794/2829 1088/764/2829
f 1089/795/2830 1090/796/2831 1083/797/2832
f 1091/798/2833 1092/799/2834 1093/800/2835
f 1086/801/2836 1066/802/2836 1087/803/2836
f 1083/797/2837 1094/804/2838 1089/795/2839
f 1048/805/2840 1095/806/2841 1096/807/2842
f 1093/797/2843 1097/808/2844 1098/809/2845
f 1058/767/2846 1099/810/2847 1100/806/2848
f 1101/811/2849 1102/812/2849 1103/813/2849
f 1104/799/2850 1097/808/2851 1078/814/2852
f 1074/783/2853 1105/815/2854 1075/784/2855
f 1106/816/2856 1107/817/2857 1108/818/2858
f 1096/807/2859 1109/819/2859 1110/820/2860
f 1094/804/2861 1111/821/2862 1089/795/2863
f 1112/822/2864 1113/762/2865 1114/821/2866
f 1115/823/2867 1116/824/2867 1087/825/2867
f 1117/826/2868 1118/807/2869 1073/820/2870
f 1074/783/2871 1119/827/2872 1120/828/2873
f 1121/829/2874 1055/830/2874 1087/831/2874
f 1054/763/2875 1061/832/2876 1052/761/2877
f 1122/833/2878 1123/834/2879 1124/835/2878
f 1110/820/2880 1048/805/2881 1096/807/2882
f 1125/816/2883 1126/817/2884 1127/818/2885
f 1104/836/2886 1080/789/2887 1128/837/2888
f 1129/838/2889 1100/806/2890 1130/839/2891
f 1063/840/2892 1052/761/2893 1061/832/2894
f 1051/760/2895 1129/838/2896 1049/758/2896
f 1131/841/2897 1132/842/2898 1133/843/2899
f 1051/760/2900 1134/844/2901 1059/768/2902
f 1135/845/2903 1109/846/2904 1136/847/2905
f 1137/767/2906 1138/758/2907 1139/760/2907
f 1140/848/2908 1084/792/2909 1141/778/2910
f 1142/849/2911 1143/850/2912 1144/851/2913
f 1069/785/2914 1145/832/2915 1067/840/2916
f 1146/802/2917 1087/803/2917 1057/801/2917
f 1060/769/2918 1138/852/2918 1147/853/2919
f 1148/854/2920 1069/778/2921 1068/777/2922
f 1149/786/2923 1150/763/2924 1151/761/2925
f 1097/855/2926 1152/856/2927 1078/787/2928
f 1091/795/2929 1098/809/2930 1153/804/2931
f 1154/857/2932 1101/811/2932 1103/813/2932
f 1102/812/2933 1072/781/2934 1148/854/2935
f 1072/781/2936 1062/771/2937 1148/854/2938
f 1155/858/2939 1156/859/2940 1157/860/2941
f 1158/861/2942 1159/862/2943 1079/863/2943
f 1080/864/2944 1050/759/2945 1128/865/2946
f 1101/811/2947 1160/866/2947 1161/867/2947
f 1162/868/2948 1101/811/2948 1163/869/2948
f 1114/821/2949 1153/804/2950 1112/822/2951
f 1164/805/2952 1100/806/2953 1118/807/2954
f 1157/864/2955 1165/759/2956 1155/865/2957
f 1084/792/2958 1166/870/2959 1085/793/2960
f 1167/846/2961 1092/871/2962 1144/851/2963
f 1129/838/2964 1168/872/2965 1169/873/2966
f 1155/865/2967 1139/760/2968 1138/758/2969
f 1134/874/2970 1138/852/2971 1059/768/2972
f 1170/875/2973 1114/876/2974 1171/873/2975
f 1046/837/2976 1119/827/2977 1172/877/2978
f 1145/832/2979 1130/878/2980 1164/879/2981
f 1092/799/2982 1142/808/2983 1144/814/2984
f 1134/844/2985 1173/880/2986 1156/881/2987
f 1080/789/2988 1159/882/2989 1173/883/2990
f 1174/884/2991 1175/885/2992 1109/846/2993
f 1161/867/2994 1136/847/2995 1176/886/2996
f 1151/761/2997 1168/872/2998 1145/832/2999
f 1145/858/3000 1117/859/3001 1067/776/3002
f 1177/887/3003 1126/817/3004 1178/888/3005
f 1173/883/3006 1179/889/3007 1156/859/3008
f 1065/890/3009 1180/891/3010 1181/892/3009
f 1131/893/3011 1141/778/3012 1157/860/3011
f 1120/828/3013 1182/894/3014 1074/783/3015
f 1088/895/3016 1087/896/3016 1146/897/3016
f 1183/833/3017 1184/834/3018 1185/835/3019
f 1162/868/3020 1120/828/3021 1135/845/3022
f 1053/762/3023 1186/898/3024 1111/821/3025
f 1156/859/3026 1131/893/3027 1157/860/3028
f 1187/899/3029 1188/900/3030 1189/901/3031
f 1190/902/3032 1111/821/3033 1186/898/3034
f 1113/878/3035 1061/832/3036 1191/872/3037
f 1102/812/3038 1068/777/3039 1103/813/3040
f 1063/772/3041 1071/780/3042 1076/849/3043
f 1152/903/3044 1187/899/3044 1192/904/3044
f 1116/890/3045 1193/891/3046 1194/892/3045
f 1195/905/3047 1184/906/3048 1064/773/3049
f 1196/907/3050 1131/863/3051 1133/861/3052
f 1197/875/3053 1098/809/3054 1104/799/3055
f 1047/756/3056 1060/769/3057 1147/853/3056
f 1142/849/3058 1166/870/3059 1198/908/3060
f 1118/807/3061 1172/819/3062 1073/820/3063
f 1199/909/3064 1103/813/3065 1068/777/3066
f 1120/828/3067 1110/910/3068 1135/845/3069
f 1071/780/3070 1175/885/3071 1076/849/3072
f 1090/844/3073 1141/880/3074 1084/881/3075
f 1143/850/3076 1167/846/3077 1144/851/3078
f 1150/763/3079 1169/873/3080 1168/872/3081
f 1147/838/3082 1095/806/3083 1047/839/3082
f 1121/911/3084 1087/912/3084 1194/913/3084
f 1200/901/3085 1177/887/3086 1201/899/3087
f 1167/846/3088 1202/914/3089 1097/855/3090
f 1118/807/3091 1099/810/3092 1046/915/3093
f 1169/916/3094 1049/798/3095 1129/838/3096
f 1195/905/3097 1203/765/3098 1177/887/3099
f 1190/768/3100 1165/759/3101 1090/844/3102
f 1062/917/3103 1151/761/3104 1069/785/3105
f 1186/769/3106 1139/760/3107 1190/768/3108
f 1095/806/3109 1174/915/3110 1096/807/3110
f 1101/811/3111 1081/790/3111 1105/815/3111
f 1115/911/3112 1087/912/3112 1181/913/3112
f 1204/918/3113 1077/786/3114 1174/919/3115
f 1101/811/3116 1182/894/3116 1163/869/3116
f 1101/811/3117 1205/920/3117 1070/779/3117
f 1117/859/3118 1199/909/3119 1067/776/3120
f 1171/873/3121 1113/878/3122 1191/872/3123
f 1205/920/3124 1176/886/3125 1071/780/3126
f 1197/875/3127 1112/822/3128 1153/804/3129
f 1191/872/3130 1206/822/3131 1171/873/3132
f 1137/767/3133 1204/810/3134 1095/806/3135
f 1075/784/3136 1117/859/3137 1073/782/3138
f 1162/868/3139 1136/847/3140 1160/866/3141
f 1170/875/3142 1207/809/3143 1092/799/3144
f 1085/921/3145 1207/809/3146 1083/797/3147
f 1054/763/3148 1111/821/3149 1206/822/3150
f 1206/822/3151 1170/875/3152 1171/873/3153
f 1197/875/3154 1128/800/3155 1049/798/3156
f 1176/886/3157 1109/846/3158 1175/885/3159
f 1115/911/3160 1180/891/3161 1208/922/3161
f 1108/922/3162 1122/833/3163 1106/923/3164
f 1107/817/3165 1209/887/3166 1056/765/3165
f 1210/924/3167 1123/834/3168 1208/922/3169
f 1158/925/3170 1211/926/3171 1106/816/3172
f 1203/765/3173 1088/764/3174 1126/817/3173
f 1087/927/3175 1116/890/3175 1194/892/3175
f 1087/928/3176 1066/775/3176 1065/774/3176
f 1212/929/3177 1195/905/3177 1200/901/3177
f 1108/818/3178 1055/830/3178 1121/829/3178
f 1087/794/3179 1055/764/3179 1057/766/3179
f 1064/773/3180 1086/801/3181 1203/765/3182
f 1087/927/3183 1065/890/3183 1181/892/3183
f 1189/925/3184 1178/888/3185 1125/816/3186
f 1127/773/3187 1057/801/3188 1056/765/3187
f 1121/911/3189 1193/891/3190 1108/922/3190
f 1208/922/3191 1183/833/3192 1210/923/3192
f 1122/833/3193 1132/842/3194 1213/907/3195
f 1088/895/3196 1127/818/3197 1126/817/3197
f 1208/922/3198 1116/824/3199 1115/823/3199
f 1056/765/3200 1125/905/3201 1127/773/3202
f 1196/907/3203 1185/835/3204 1212/842/3203
f 1201/899/3205 1178/888/3206 1214/904/3205
f 1081/790/3207 1199/909/3208 1082/791/3208
f 1198/930/3209 1214/904/3210 1143/903/3209
f 1196/907/3211 1215/931/3212 1140/862/3213
f 1213/907/3214 1179/931/3214 1159/862/3214
f 1188/932/3215 1214/904/3215 1189/925/3216
f 1215/933/3217 1200/901/3217 1166/900/3218
f 1079/932/3219 1192/934/3220 1158/925/3221
f 1166/900/3222 1201/899/3223 1198/930/3224
f 1210/923/3225 1196/907/3226 1133/861/3226
f 1192/904/3227 1209/887/3228 1211/888/3228
f 1209/887/3229 1189/901/3230 1125/905/3231
f 1106/923/3232 1213/907/3233 1158/861/3234
f 1133/843/3235 1124/835/3236 1210/924/3237
f 1046/755/2790 1099/935/3238 1047/756/2791
f 1049/758/2793 1128/865/3239 1050/759/2794
f 1052/761/2796 1077/786/3240 1053/762/2797
f 1055/764/2799 1107/817/2799 1056/765/2799
f 1058/767/2800 1051/760/3241 1059/768/2801
f 1061/770/2803 1149/936/3242 1062/771/2804
f 1064/773/2806 1184/906/2806 1065/774/2807
f 1067/776/2808 1199/909/3243 1068/777/2809
f 1070/779/2811 1205/920/3244 1071/780/2812
f 1073/782/2814 1172/877/3245 1074/783/2815
f 1076/785/2817 1175/917/3246 1077/786/2818
f 1078/787/2820 1152/856/3247 1079/788/2821
f 1075/784/2823 1105/815/3248 1081/790/2824
f 1083/770/2826 1090/936/3249 1084/792/2827
f 1089/795/2830 1190/902/3250 1090/796/2831
f 1091/798/2833 1170/875/3251 1092/799/2834
f 1083/797/2837 1207/809/3252 1094/804/2838
f 1048/805/2840 1047/839/3253 1095/806/2841
f 1093/797/2843 1167/921/3254 1097/808/2844
f 1058/767/2846 1060/769/3255 1099/810/2847
f 1101/811/3256 1070/779/3256 1102/812/3256
f 1104/799/2850 1098/809/3257 1097/808/2851
f 1074/783/2853 1182/894/3258 1105/815/2854
f 1106/816/2856 1211/926/3259 1107/817/2857
f 1096/807/2859 1174/915/2859 1109/819/2859
f 1094/804/2861 1206/822/3260 1111/821/2862
f 1112/822/2864 1150/763/3261 1113/762/2865
f 1117/826/2868 1164/805/3262 1118/807/2869
f 1074/783/2871 1172/877/3263 1119/827/2872
f 1054/763/2875 1191/872/3264 1061/832/2876
f 1122/833/2878 1193/891/2879 1123/834/2879
f 1110/820/2880 1119/826/3265 1048/805/2881
f 1125/816/2883 1178/888/3266 1126/817/2884
f 1104/836/2886 1078/787/3267 1080/789/2887
f 1129/838/2889 1058/767/3268 1100/806/2890
f 1063/840/2892 1076/785/3269 1052/761/2893
f 1051/760/2895 1058/767/2895 1129/838/2896
f 1131/841/2897 1179/931/2897 1132/842/2898
f 1051/760/2900 1050/759/3270 1134/844/2901
f 1135/845/2903 1110/910/3271 1109/846/2904
f 1137/767/2906 1147/838/2906 1138/758/2907
f 1140/848/2908 1215/937/3272 1084/792/2909
f 1142/849/2911 1198/908/3273 1143/850/2912
f 1069/785/2914 1151/761/3274 1145/832/2915
f 1060/769/2918 1059/768/2918 1138/852/2918
f 1148/854/2920 1062/771/3275 1069/778/2921
f 1149/786/2923 1113/762/3276 1150/763/2924
f 1097/855/2926 1202/914/3277 1152/856/2927
f 1091/795/2929 1093/797/3278 1098/809/2930
f 1102/812/2933 1070/779/3279 1072/781/2934
f 1072/781/2936 1063/772/3280 1062/771/2937
f 1155/858/2939 1134/938/3281 1156/859/2940
f 1158/861/2942 1213/907/3282 1159/862/2943
f 1080/864/2944 1173/880/3283 1050/759/2945
f 1101/811/3284 1162/868/3284 1160/866/3284
f 1114/821/2949 1091/795/3285 1153/804/2950
f 1164/805/2952 1130/839/3286 1100/806/2953
f 1157/864/2955 1141/880/3287 1165/759/2956
f 1084/792/2958 1215/937/3288 1166/870/2959
f 1167/846/2961 1093/884/3289 1092/871/2962
f 1129/838/2964 1130/839/3290 1168/872/2965
f 1155/865/2967 1165/759/3291 1139/760/2968
f 1134/874/2970 1155/865/3292 1138/852/2971
f 1170/875/2973 1091/798/3293 1114/876/2974
f 1046/837/2976 1048/836/3294 1119/827/2977
f 1145/832/2979 1168/872/3295 1130/878/2980
f 1092/799/2982 1207/809/3296 1142/808/2983
f 1134/844/2985 1050/759/3297 1173/880/2986
f 1080/789/2988 1079/788/2988 1159/882/2989
f 1174/884/2991 1077/871/3298 1175/885/2992
f 1161/867/2994 1160/866/3299 1136/847/2995
f 1151/761/2997 1150/763/3300 1168/872/2998
f 1145/858/3000 1164/938/3301 1117/859/3001
f 1177/887/3003 1203/765/3302 1126/817/3004
f 1173/883/3006 1159/882/3303 1179/889/3007
f 1065/890/3009 1184/834/3010 1180/891/3010
f 1131/893/3011 1140/848/3304 1141/778/3012
f 1120/828/3013 1163/869/3305 1182/894/3014
f 1183/833/3017 1180/891/3306 1184/834/3018
f 1162/868/3020 1163/869/3307 1120/828/3021
f 1053/762/3023 1204/918/3308 1186/898/3024
f 1156/859/3026 1179/889/3309 1131/893/3027
f 1187/899/3029 1202/930/3310 1188/900/3030
f 1190/902/3032 1089/795/3311 1111/821/3033
f 1113/878/3035 1149/879/3312 1061/832/3036
f 1102/812/3038 1148/854/3313 1068/777/3039
f 1063/772/3041 1072/781/3314 1071/780/3042
f 1152/903/3044 1202/930/3044 1187/899/3044
f 1116/890/3045 1123/834/3046 1193/891/3046
f 1195/905/3047 1185/939/3315 1184/906/3048
f 1196/907/3050 1140/862/3316 1131/863/3051
f 1197/875/3053 1153/804/3317 1098/809/3054
f 1047/756/3056 1099/810/3318 1060/769/3057
f 1142/849/3058 1085/793/3319 1166/870/3059
f 1118/807/3061 1046/915/3320 1172/819/3062
f 1199/909/3064 1154/857/3321 1103/813/3065
f 1120/828/3067 1119/827/3322 1110/910/3068
f 1071/780/3070 1176/886/3323 1175/885/3071
f 1090/844/3073 1165/759/3324 1141/880/3074
f 1143/850/3076 1188/940/3325 1167/846/3077
f 1150/763/3079 1112/822/3326 1169/873/3080
f 1147/838/3082 1137/767/3327 1095/806/3083
f 1200/901/3085 1195/905/3328 1177/887/3086
f 1167/846/3088 1188/940/3329 1202/914/3089
f 1118/807/3091 1100/806/3330 1099/810/3092
f 1169/916/3094 1197/875/3331 1049/798/3095
f 1195/905/3097 1064/773/3332 1203/765/3098
f 1190/768/3100 1139/760/3333 1165/759/3101
f 1062/917/3103 1149/786/3334 1151/761/3104
f 1186/769/3106 1137/767/3335 1139/760/3107
f 1095/806/3109 1204/810/3336 1174/915/3110
f 1101/811/3337 1154/857/3337 1081/790/3337
f 1204/918/3113 1053/762/3338 1077/786/3114
f 1101/811/3339 1105/815/3339 1182/894/3339
f 1101/811/3340 1161/867/3340 1205/920/3340
f 1117/859/3118 1082/791/3341 1199/909/3119
f 1171/873/3121 1114/876/3342 1113/878/3122
f 1205/920/3124 1161/867/3343 1176/886/3125
f 1197/875/3127 1169/873/3344 1112/822/3128
f 1191/872/3130 1054/763/3131 1206/822/3131
f 1137/767/3133 1186/769/3345 1204/810/3134
f 1075/784/3136 1082/791/3346 1117/859/3137
f 1162/868/3139 1135/845/3347 1136/847/3140
f 1170/875/3142 1094/804/3348 1207/809/3143
f 1085/921/3145 1142/808/3349 1207/809/3146
f 1054/763/3148 1053/762/3350 1111/821/3149
f 1206/822/3151 1094/804/3351 1170/875/3152
f 1197/875/3154 1104/799/3352 1128/800/3155
f 1176/886/3157 1136/847/3353 1109/846/3158
f 1115/911/3160 1181/913/3160 1180/891/3161
f 1108/922/3162 1193/891/3354 1122/833/3163
f 1107/817/3165 1211/888/3166 1209/887/3166
f 1210/924/3167 1124/835/3355 1123/834/3168
f 1158/925/3170 1192/934/3356 1211/926/3171
f 1203/765/3173 1086/766/3174 1088/764/3174
f 1212/929/3177 1185/939/3177 1195/905/3177
f 1108/818/3178 1107/817/3178 1055/830/3178
f 1064/773/3180 1066/802/3357 1086/801/3181
f 1189/925/3184 1214/904/3358 1178/888/3185
f 1127/773/3187 1146/802/3188 1057/801/3188
f 1121/911/3189 1194/913/3189 1193/891/3190
f 1208/922/3191 1180/891/3191 1183/833/3192
f 1122/833/3193 1124/835/3193 1132/842/3194
f 1088/895/3196 1146/897/3196 1127/818/3197
f 1208/922/3198 1123/941/3198 1116/824/3199
f 1056/765/3200 1209/887/3359 1125/905/3201
f 1196/907/3203 1183/833/3360 1185/835/3204
f 1201/899/3205 1177/887/3206 1178/888/3206
f 1081/790/3207 1154/857/3207 1199/909/3208
f 1198/930/3209 1201/899/3210 1214/904/3210
f 1196/907/3211 1212/842/3361 1215/931/3212
f 1213/907/3214 1132/842/3362 1179/931/3214
f 1188/932/3215 1143/903/3363 1214/904/3215
f 1215/933/3217 1212/929/3364 1200/901/3217
f 1079/932/3219 1152/942/3365 1192/934/3220
f 1166/900/3222 1200/901/3223 1201/899/3223
f 1210/923/3225 1183/833/3225 1196/907/3226
f 1192/904/3227 1187/899/3366 1209/887/3228
f 1209/887/3229 1187/899/3367 1189/901/3230
f 1106/923/3232 1122/833/3368 1213/907/3233
f 1133/843/3235 1132/842/3369 1124/835/3236
f 1216/943/3370 1217/944/3370 1218/945/3370
f 1219/946/3371 1220/947/3371 1221/948/3372
f 1222/949/3373 1217/944/3374 1223/950/3373
f 1219/946/3375 1224/951/3375 1225/952/3375
f 1226/953/3376 1222/949/3376 1223/950/3376
f 1225/952/3377 1227/954/3377 1228/955/3378
f 1229/956/3379 1227/954/3379 1230/957/3380
f 1231/958/3381 1232/959/3381 1233/960/3381
f 1234/961/3382 1230/957/3382 1235/962/3383
f 1231/958/3384 1236/963/3384 1237/964/3384
f 1234/961/3385 1238/965/3385 1239/966/3385
f 1237/964/3386 1240/967/3386 1241/968/3386
f 1239/966/3387 1242/969/3387 1216/943/3387
f 1243/970/3388 1240/967/3388 1220/947/3388
f 1217/944/3389 1244/971/3390 1223/950/3390
f 1221/948/3391 1245/972/3391 1224/951/3391
f 1226/973/3392 1223/950/3392 1244/971/3392
f 1224/951/3393 1246/974/3393 1227/954/3393
f 1230/957/3394 1246/974/3394 1247/975/3394
f 1233/960/3395 1232/976/3395 1248/977/3395
f 1230/957/3396 1249/978/3396 1235/962/3397
f 1233/960/3398 1250/979/3399 1236/963/3399
f 1235/962/3400 1251/980/3400 1238/965/3400
f 1236/963/3401 1252/981/3401 1240/967/3401
f 1242/969/3402 1251/980/3402 1253/982/3403
f 1240/967/3404 1254/983/3404 1220/947/3404
f 1242/969/3405 1255/984/3405 1217/944/3405
f 1220/947/3406 1256/985/3406 1221/948/3407
f 1245/972/3408 1257/986/3408 1258/987/3408
f 1226/988/3409 1244/971/3409 1259/989/3409
f 1245/972/3410 1260/990/3410 1246/974/3411
f 1246/974/3412 1261/991/3412 1247/975/3412
f 1248/977/3413 1232/992/3413 1262/993/3413
f 1247/975/3414 1263/994/3414 1249/978/3414
f 1248/977/3415 1264/995/3416 1250/979/3417
f 1251/980/3418 1263/994/3418 1265/996/3419
f 1250/979/3420 1266/997/3420 1252/981/3420
f 1251/980/3421 1267/998/3421 1253/982/3421
f 1254/983/3422 1266/997/3422 1268/999/3423
f 1253/982/3424 1269/1000/3424 1255/984/3425
f 1254/983/3426 1257/986/3426 1256/985/3426
f 1255/984/3427 1259/989/3428 1244/971/3428
f 1226/1001/3429 1259/989/3429 1270/1002/3429
f 1258/987/3430 1271/1003/3430 1260/990/3430
f 1261/991/3431 1271/1003/3431 1272/1004/3432
f 1262/993/3433 1232/1005/3433 1273/1006/3433
f 1261/991/3434 1274/1007/3434 1263/994/3435
f 1262/993/3436 1275/1008/3437 1264/995/3438
f 1265/996/3439 1274/1007/3439 1276/1009/3440
f 1264/995/3441 1277/1010/3442 1266/997/3442
f 1265/996/3443 1278/1011/3443 1267/998/3444
f 1268/999/3445 1277/1010/3445 1279/1012/3445
f 1269/1000/3446 1278/1011/3446 1280/1013/3446
f 1268/999/3447 1281/1014/3447 1257/986/3447
f 1259/989/3448 1280/1013/3449 1270/1002/3448
f 1258/987/3450 1281/1014/3450 1282/1015/3450
f 1282/1015/3451 1283/1016/3451 1271/1003/3451
f 1272/1004/3452 1283/1016/3452 1284/1017/3452
f 1273/1006/3453 1232/1018/3453 1285/1019/3453
f 1274/1007/3454 1284/1017/3454 1286/1020/3454
f 1273/1006/3455 1287/1021/3455 1275/1008/3455
f 1276/1009/3456 1286/1020/3456 1288/1022/3456
f 1275/1008/3457 1289/1023/3457 1277/1010/3457
f 1276/1009/3458 1290/1024/3458 1278/1011/3458
f 1279/1012/3459 1289/1023/3459 1291/1025/3459
f 1280/1013/3460 1290/1024/3460 1292/1026/3461
f 1279/1012/3462 1293/1027/3462 1281/1014/3463
f 1280/1013/3464 1294/1028/3464 1270/1002/3465
f 1281/1014/3466 1295/1029/3466 1282/1015/3466
f 1226/1030/3467 1270/1002/3467 1294/1028/3467
f 1283/1016/3468 1296/1031/3468 1284/1017/3468
f 1285/1019/3469 1232/1032/3469 1297/1033/3469
f 1284/1017/3470 1298/1034/3470 1286/1020/3470
f 1287/1021/3471 1297/1033/3472 1299/1035/3471
f 1288/1022/3473 1298/1034/3473 1300/1036/3473
f 1287/1021/3474 1301/1037/3474 1289/1023/3474
f 1288/1022/3475 1302/1038/3475 1290/1024/3476
f 1291/1025/3477 1301/1037/3478 1303/1039/3477
f 1292/1026/3479 1302/1038/3479 1304/1040/3479
f 1291/1025/3480 1305/1041/3480 1293/1027/3481
f 1292/1026/3482 1306/1042/3483 1294/1028/3483
f 1293/1027/3484 1307/1043/3484 1295/1029/3485
f 1226/1044/3486 1294/1028/3486 1306/1042/3486
f 1295/1029/3487 1308/1045/3487 1283/1016/3487
f 1297/1033/3488 1232/1046/3488 1309/1047/3488
f 1296/1031/3489 1310/1048/3489 1298/1034/3489
f 1299/1035/3490 1309/1047/3490 1311/1049/3490
f 1300/1036/3491 1310/1048/3491 1312/1050/3492
f 1299/1035/3493 1313/1051/3493 1301/1037/3493
f 1300/1036/3494 1314/1052/3494 1302/1038/3494
f 1303/1039/3495 1313/1051/3496 1315/1053/3495
f 1302/1038/3497 1316/1054/3497 1304/1040/3497
f 1303/1039/3498 1317/1055/3498 1305/1041/3499
f 1306/1042/3500 1316/1054/3500 1318/1056/3500
f 1305/1041/3501 1319/1057/3501 1307/1043/3502
f 1226/1058/3503 1306/1042/3503 1318/1056/3503
f 1307/1043/3504 1320/1059/3504 1308/1045/3504
f 1296/1031/3505 1320/1059/3505 1321/1060/3505
f 1321/1060/3506 1322/1061/3506 1310/1048/3506
f 1309/1047/3507 1323/1062/3508 1311/1049/3508
f 1312/1050/3509 1322/1061/3509 1324/1063/3509
f 1311/1049/3510 1325/1064/3510 1313/1051/3511
f 1312/1050/3512 1326/1065/3513 1314/1052/3514
f 1315/1053/3515 1325/1064/3515 1327/1066/3516
f 1314/1052/3517 1328/1067/3517 1316/1054/3517
f 1315/1053/3518 1329/1068/3518 1317/1055/3519
f 1316/1054/3520 1330/1069/3520 1318/1056/3520
f 1319/1057/3521 1329/1068/3521 1331/1070/3521
f 1226/1071/3522 1318/1056/3522 1330/1069/3522
f 1319/1057/3523 1332/1072/3523 1320/1059/3524
f 1320/1059/3525 1333/1073/3525 1321/1060/3526
f 1309/1047/3527 1232/1074/3527 1334/1075/3527
f 1334/1075/3528 1335/1076/3528 1323/1062/3528
f 1324/1063/3529 1336/1077/3529 1337/1078/3529
f 1323/1062/3530 1338/1079/3530 1325/1064/3530
f 1324/1063/3531 1339/1080/3531 1326/1065/3531
f 1325/1064/3532 1340/1081/3532 1327/1066/3532
f 1328/1067/3533 1339/1080/3533 1341/1082/3534
f 1327/1066/3535 1342/1083/3536 1329/1068/3537
f 1328/1067/3538 1343/1084/3538 1330/1069/3539
f 1329/1068/3540 1344/1085/3540 1331/1070/3540
f 1226/1086/3541 1330/1069/3541 1343/1084/3541
f 1331/1070/3542 1345/1087/3542 1332/1072/3542
f 1332/1072/3543 1346/1088/3543 1333/1073/3544
f 1334/1075/3545 1232/1089/3545 1347/1090/3545
f 1333/1073/3546 1336/1077/3546 1322/1061/3547
f 1337/1078/3548 1348/1091/3548 1349/1092/3548
f 1335/1076/3549 1350/1093/3549 1338/1079/3550
f 1337/1078/3551 1351/1094/3551 1339/1080/3551
f 1340/1081/3552 1350/1093/3552 1352/1095/3553
f 1339/1080/3554 1353/1096/3555 1341/1082/3556
f 1340/1081/3557 1354/1097/3557 1342/1083/3557
f 1341/1082/3558 1355/1098/3558 1343/1084/3559
f 1342/1083/3560 1356/1099/3560 1344/1085/3560
f 1226/1100/3561 1343/1084/3561 1355/1098/3561
f 1344/1085/3562 1357/1101/3562 1345/1087/3562
f 1346/1088/3563 1357/1101/3563 1358/1102/3564
f 1347/1090/3565 1232/1103/3565 1359/1104/3565
f 1336/1077/3566 1358/1102/3566 1348/1091/3567
f 1335/1076/3568 1359/1104/3568 1360/1105/3568
f 1349/1092/3569 1361/1106/3569 1351/1094/3569
f 1350/1093/3570 1362/1107/3570 1352/1095/3570
f 1353/1096/3571 1361/1106/3572 1363/1108/3571
f 1352/1095/3573 1364/1109/3573 1354/1097/3573
f 1353/1096/3574 1365/1110/3574 1355/1098/3575
f 1356/1099/3576 1364/1109/3576 1366/1111/3577
f 1226/1112/3578 1355/1098/3578 1365/1110/3578
f 1356/1099/3579 1367/1113/3579 1357/1101/3579
f 1357/1101/3580 1368/1114/3580 1358/1102/3581
f 1359/1104/3582 1232/1115/3582 1369/1116/3582
f 1358/1102/3583 1370/1117/3583 1348/1091/3583
f 1360/1105/3584 1369/1116/3584 1371/1118/3584
f 1349/1092/3585 1370/1117/3585 1372/1119/3586
f 1360/1105/3587 1373/1120/3588 1350/1093/3589
f 1362/1107/3590 1374/1121/3590 1375/1122/3590
f 1363/1108/3591 1376/1123/3591 1377/1124/3591
f 1362/1107/3592 1378/1125/3592 1364/1109/3593
f 1363/1108/3594 1379/1126/3595 1365/1110/3596
f 1364/1109/3597 1380/1127/3597 1366/1111/3597
f 1226/1128/3598 1365/1110/3598 1379/1126/3598
f 1366/1111/3599 1381/1129/3599 1367/1113/3600
f 1367/1113/3601 1382/1130/3601 1368/1114/3601
f 1369/1116/3602 1232/1131/3602 1383/1132/3602
f 1368/1114/3603 1384/1133/3603 1370/1117/3603
f 1371/1118/3604 1383/1132/3604 1385/1134/3604
f 1372/1119/3605 1384/1133/3605 1386/1135/3605
f 1371/1118/3606 1374/1121/3606 1373/1120/3606
f 1372/1119/3607 1376/1123/3607 1361/1106/3608
f 1377/1124/3609 1387/1136/3609 1388/1137/3609
f 1375/1122/3610 1389/1138/3610 1378/1125/3610
f 1379/1126/3611 1388/1137/3612 1390/1139/3611
f 1378/1125/3613 1391/1140/3613 1380/1127/3613
f 1226/1141/3614 1379/1126/3614 1390/1139/3614
f 1381/1129/3615 1391/1140/3615 1392/1142/3615
f 1381/1129/3616 1393/1143/3616 1382/1130/3616
f 1383/1132/3617 1232/1144/3617 1394/1145/3617
f 1382/1130/3618 1395/1146/3618 1384/1133/3618
f 1383/1132/3619 1396/1147/3620 1385/1134/3620
f 1386/1135/3621 1395/1146/3621 1397/1148/3621
f 1385/1134/3622 1398/1149/3622 1374/1121/3622
f 1386/1135/3623 1387/1136/3623 1376/1123/3624
f 1375/1122/3625 1398/1149/3625 1399/1150/3626
f 1399/1150/3627 1400/1151/3627 1389/1138/3627
f 1388/1137/3628 1401/1152/3628 1390/1139/3629
f 1389/1138/3630 1402/1153/3630 1391/1140/3631
f 1226/1154/3632 1390/1139/3632 1401/1152/3632
f 1391/1140/3633 1403/1155/3633 1392/1142/3633
f 1392/1142/3634 1404/1156/3634 1393/1143/3634
f 1394/1145/3635 1232/1157/3635 1405/1158/3635
f 1395/1146/3636 1404/1156/3636 1406/1159/3637
f 1394/1145/3638 1407/1160/3638 1396/1147/3638
f 1397/1148/3639 1406/1159/3639 1408/1161/3639
f 1396/1147/3640 1409/1162/3640 1398/1149/3640
f 1397/1148/3641 1410/1163/3641 1387/1136/3641
f 1399/1150/3642 1409/1162/3642 1411/1164/3642
f 1388/1137/3643 1410/1163/3643 1412/1165/3644
f 1412/1165/3645 1413/1166/3646 1401/1152/3646
f 1400/1151/3647 1414/1167/3647 1402/1153/3648
f 1226/1168/3649 1401/1152/3649 1413/1166/3649
f 1403/1155/3650 1414/1167/3650 1415/1169/3650
f 1403/1155/3651 1416/1170/3651 1404/1156/3651
f 1405/1158/3652 1232/1171/3652 1417/1172/3652
f 1404/1156/3653 1418/1173/3653 1406/1159/3653
f 1405/1158/3654 1419/1174/3655 1407/1160/3655
f 1408/1161/3656 1418/1173/3657 1420/1175/3656
f 1407/1160/3658 1421/1176/3659 1409/1162/3660
f 1408/1161/3661 1422/1177/3661 1410/1163/3661
f 1411/1164/3662 1421/1176/3662 1423/1178/3662
f 1410/1163/3663 1424/1179/3663 1412/1165/3663
f 1411/1164/3664 1425/1180/3664 1400/1151/3664
f 1226/1181/3665 1413/1166/3665 1426/1182/3665
f 1415/1169/3666 1427/1183/3666 1428/1184/3666
f 1415/1169/3667 1429/1185/3667 1416/1170/3668
f 1417/1172/3669 1232/1186/3669 1430/1187/3669
f 1418/1173/3670 1429/1185/3670 1431/1188/3670
f 1417/1172/3671 1432/1189/3672 1419/1174/3672
f 1420/1175/3673 1431/1188/3674 1433/1190/3675
f 1419/1174/3676 1434/1191/3676 1421/1176/3676
f 1420/1175/3677 1435/1192/3677 1422/1177/3677
f 1423/1178/3678 1434/1191/3678 1436/1193/3679
f 1424/1179/3680 1435/1192/3680 1437/1194/3681
f 1423/1178/3682 1438/1195/3682 1425/1180/3683
f 1413/1166/3684 1437/1194/3685 1426/1182/3684
f 1425/1180/3686 1427/1183/3686 1414/1167/3686
f 1428/1184/3687 1439/1196/3687 1440/1197/3687
f 1428/1184/3688 1441/1198/3688 1429/1185/3689
f 1430/1187/3690 1232/1199/3690 1442/1200/3690
f 1431/1188/3691 1441/1198/3691 1443/1201/3692
f 1432/1189/3693 1442/1200/3694 1444/1202/3695
f 1431/1188/3696 1445/1203/3696 1433/1190/3697
f 1432/1189/3698 1446/1204/3699 1434/1191/3699
f 1433/1190/3700 1447/1205/3700 1435/1192/3700
f 1436/1193/3701 1446/1204/3701 1448/1206/3701
f 1437/1194/3702 1447/1205/3703 1449/1207/3702
f 1436/1193/3704 1450/1208/3704 1438/1195/3705
f 1437/1194/3706 1451/1209/3706 1426/1182/3706
f 1438/1195/3707 1439/1196/3707 1427/1183/3707
f 1226/1210/3708 1426/1182/3708 1451/1209/3708
f 1440/1197/3709 1452/1211/3709 1441/1198/3709
f 1442/1200/3710 1232/1212/3710 1453/1213/3710
f 1443/1201/3711 1452/1211/3711 1454/1214/3712
f 1442/1200/3713 1455/1215/3714 1444/1202/3715
f 1443/1201/3716 1456/1216/3716 1445/1203/3716
f 1444/1202/3717 1457/1217/3718 1446/1204/3718
f 1445/1203/3719 1458/1218/3719 1447/1205/3719
f 1448/1206/3720 1457/1217/3721 1459/1219/3720
f 1449/1207/3722 1458/1218/3722 1460/1220/3722
f 1450/1208/3723 1459/1219/3723 1461/1221/3724
f 1449/1207/3725 1462/1222/3725 1451/1209/3726
f 1450/1208/3727 1463/1223/3727 1439/1196/3727
f 1226/1224/3728 1451/1209/3728 1462/1222/3728
f 1439/1196/3729 1464/1225/3729 1440/1197/3729
f 1452/1211/3730 1465/1226/3730 1466/1227/3731
f 1453/1213/3732 1232/1228/3732 1467/1229/3732
f 1454/1214/3733 1466/1227/3733 1468/1230/3733
f 1453/1213/3734 1469/1231/3735 1455/1215/3736
f 1454/1214/3737 1470/1232/3737 1456/1216/3738
f 1455/1215/3739 1471/1233/3739 1457/1217/3740
f 1456/1216/3741 1472/1234/3741 1458/1218/3742
f 1459/1219/3743 1471/1233/3743 1473/1235/3743
f 1460/1220/3744 1472/1234/3745 1474/1236/3744
f 1459/1219/3746 1475/1237/3746 1461/1221/3746
f 1460/1220/3747 1476/1238/3748 1462/1222/3749
f 1461/1221/3750 1477/1239/3750 1463/1223/3750
f 1226/1240/3751 1462/1222/3751 1476/1238/3751
f 1463/1223/3752 1465/1226/3752 1464/1225/3753
f 1468/1230/3754 1478/1241/3754 1479/1242/3754
f 1467/1229/3755 1480/1243/3756 1469/1231/3756
f 1468/1230/3757 1481/1244/3757 1470/1232/3758
f 1469/1231/3759 1482/1245/3759 1471/1233/3759
f 1470/1232/3760 1483/1246/3761 1472/1234/3762
f 1473/1235/3763 1482/1245/3763 1484/1247/3763
f 1474/1236/3764 1483/1246/3764 1485/1248/3765
f 1475/1237/3766 1484/1247/3767 1486/1249/3766
f 1476/1238/3768 1485/1248/3769 1487/1250/3770
f 1475/1237/3771 1488/1251/3771 1477/1239/3771
f 1226/1252/3772 1476/1238/3772 1487/1250/3772
f 1477/1239/3773 1489/1253/3773 1465/1226/3773
f 1465/1226/3774 1478/1241/3774 1466/1227/3775
f 1467/1229/3776 1232/1254/3776 1490/1255/3776
f 1490/1256/3777 1491/1257/3778 1480/1258/3778
f 1479/1259/3779 1492/1260/3779 1481/1261/3779
f 1480/1258/3780 1493/1262/3780 1482/1263/3781
f 1481/1261/3782 1494/1264/3782 1483/1265/3782
f 1484/1266/3783 1493/1262/3784 1495/1267/3783
f 1485/1268/3785 1494/1264/3786 1496/1269/3785
f 1486/1270/3787 1495/1267/3787 1497/1271/3788
f 1485/1268/3789 1498/1272/3789 1487/1273/3789
f 1486/1270/3790 1499/1274/3790 1488/1275/3791
f 1226/1276/3792 1487/1273/3792 1498/1272/3792
f 1488/1275/3793 1500/1277/3793 1489/1278/3793
f 1489/1278/3794 1501/1279/3794 1478/1280/3794
f 1490/1256/3795 1232/1281/3795 1502/1282/3795
f 1479/1259/3796 1501/1279/3796 1503/1283/3796
f 1503/1283/3797 1504/1284/3797 1492/1260/3797
f 1491/1257/3798 1505/1285/3798 1493/1262/3798
f 1492/1260/3799 1506/1286/3800 1494/1264/3800
f 1493/1262/3801 1507/1287/3802 1495/1267/3803
f 1494/1264/3804 1508/1288/3805 1496/1269/3806
f 1495/1267/3807 1509/1289/3807 1497/1271/3808
f 1496/1269/3809 1510/1290/3810 1498/1272/3811
f 1497/1271/3812 1511/1291/3812 1499/1274/3812
f 1226/1292/3813 1498/1272/3813 1510/1290/3813
f 1499/1274/3814 1512/1293/3814 1500/1277/3814
f 1500/1277/3815 1513/1294/3815 1501/1279/3815
f 1502/1282/3816 1232/1295/3816 1514/1296/3816
f 1503/1283/3817 1513/1294/3817 1515/1297/3817
f 1491/1257/3818 1514/1296/3818 1516/1298/3818
f 1516/1298/3819 1517/1299/3820 1505/1285/3821
f 1504/1284/3822 1518/1300/3822 1506/1286/3822
f 1507/1287/3823 1517/1299/3824 1519/1301/3823
f 1508/1288/3825 1518/1300/3826 1520/1302/3825
f 1509/1289/3827 1519/1301/3827 1521/1303/3828
f 1508/1288/3829 1522/1304/3830 1510/1290/3830
f 1509/1289/3831 1523/1305/3831 1511/1291/3831
f 1226/1306/3832 1510/1290/3832 1522/1304/3832
f 1511/1291/3833 1524/1307/3833 1512/1293/3833
f 1512/1293/3834 1525/1308/3834 1513/1294/3834
f 1514/1296/3835 1232/1309/3835 1526/1310/3835
f 1515/1297/3836 1525/1308/3836 1527/1311/3836
f 1514/1296/3837 1528/1312/3838 1516/1298/3838
f 1515/1297/3839 1529/1313/3839 1504/1284/3840
f 1529/1313/3841 1530/1314/3841 1518/1300/3841
f 1517/1299/3842 1531/1315/3842 1519/1301/3843
f 1518/1300/3844 1532/1316/3844 1520/1302/3845
f 1521/1303/3846 1531/1315/3846 1533/1317/3846
f 1520/1302/3847 1534/1318/3847 1522/1304/3847
f 1521/1303/3848 1535/1319/3848 1523/1305/3848
f 1226/1320/3849 1522/1304/3849 1534/1318/3849
f 1523/1305/3850 1536/1321/3850 1524/1307/3850
f 1524/1307/3851 1537/1322/3851 1525/1308/3851
f 1526/1310/3852 1232/1323/3852 1538/1324/3852
f 1527/1311/3853 1537/1322/3853 1539/1325/3853
f 1526/1310/3854 1540/1326/3854 1528/1312/3854
f 1527/1311/3855 1541/1327/3855 1529/1313/3855
f 1528/1312/3856 1542/1328/3856 1517/1299/3856
f 1532/1316/3857 1543/1329/3857 1544/1330/3858
f 1533/1317/3859 1545/1331/3859 1546/1332/3859
f 1532/1316/3860 1547/1333/3861 1534/1318/3862
f 1533/1317/3863 1548/1334/3863 1535/1319/3863
f 1226/1335/3864 1534/1318/3864 1547/1333/3864
f 1535/1319/3865 1549/1336/3865 1536/1321/3865
f 1536/1321/3866 1550/1337/3866 1537/1322/3866
f 1538/1324/3867 1232/1338/3867 1551/1339/3867
f 1539/1325/3868 1550/1337/3868 1552/1340/3869
f 1538/1324/3870 1553/1341/3870 1540/1326/3870
f 1539/1325/3871 1554/1342/3871 1541/1327/3872
f 1540/1326/3873 1555/1343/3873 1542/1328/3873
f 1541/1327/3874 1543/1329/3874 1530/1314/3874
f 1542/1328/3875 1545/1331/3875 1531/1315/3875
f 1546/1332/3876 1556/1344/3876 1557/1345/3876
f 1544/1330/3877 1558/1346/3878 1547/1333/3879
f 1546/1332/3880 1559/1347/3880 1548/1334/3881
f 1226/1348/3882 1547/1333/3882 1558/1346/3882
f 1548/1334/3883 1560/1349/3883 1549/1336/3883
f 1550/1337/3884 1560/1349/3884 1561/1350/3884
f 1551/1339/3885 1232/1351/3885 1562/1352/3885
f 1552/1340/3886 1561/1350/3886 1563/1353/3886
f 1551/1339/3887 1564/1354/3887 1553/1341/3888
f 1552/1340/3889 1565/1355/3889 1554/1342/3889
f 1553/1341/3890 1566/1356/3890 1555/1343/3890
f 1543/1329/3891 1565/1355/3891 1567/1357/3891
f 1555/1343/3892 1556/1344/3892 1545/1331/3892
f 1543/1329/3893 1568/1358/3893 1544/1330/3893
f 1558/1346/3894 1218/945/3894 1222/949/3894
f 1557/1345/3895 1225/952/3895 1559/1347/3895
f 1226/1359/3896 1558/1346/3896 1222/949/3896
f 1559/1347/3897 1228/955/3897 1560/1349/3897
f 1560/1349/3898 1229/956/3898 1561/1350/3898
f 1562/1352/3899 1232/1360/3899 1231/958/3899
f 1563/1353/3900 1229/956/3900 1234/961/3900
f 1562/1352/3901 1237/964/3901 1564/1354/3901
f 1563/1353/3902 1239/966/3902 1565/1355/3902
f 1564/1354/3903 1241/968/3903 1566/1356/3903
f 1567/1357/3904 1239/966/3904 1216/943/3904
f 1566/1356/3905 1243/970/3906 1556/1344/3906
f 1568/1358/3907 1216/943/3907 1218/945/3907
f 1557/1345/3908 1243/970/3908 1219/946/3909
f 1216/943/3370 1242/969/3370 1217/944/3370
f 1219/946/3371 1243/970/3371 1220/947/3371
f 1222/949/3373 1218/945/3374 1217/944/3374
f 1219/946/3375 1221/948/3375 1224/951/3375
f 1225/952/3377 1224/951/3377 1227/954/3377
f 1229/956/3379 1228/955/3379 1227/954/3379
f 1234/961/3382 1229/956/3382 1230/957/3382
f 1231/958/3384 1233/960/3910 1236/963/3384
f 1234/961/3385 1235/962/3911 1238/965/3385
f 1237/964/3386 1236/963/3386 1240/967/3386
f 1239/966/3387 1238/965/3387 1242/969/3387
f 1243/970/3388 1241/968/3388 1240/967/3388
f 1217/944/3389 1255/984/3912 1244/971/3390
f 1221/948/3391 1256/985/3913 1245/972/3391
f 1224/951/3393 1245/972/3393 1246/974/3393
f 1230/957/3394 1227/954/3394 1246/974/3394
f 1230/957/3396 1247/975/3914 1249/978/3396
f 1233/960/3398 1248/977/3915 1250/979/3399
f 1235/962/3400 1249/978/3916 1251/980/3400
f 1236/963/3401 1250/979/3401 1252/981/3401
f 1242/969/3402 1238/965/3402 1251/980/3402
f 1240/967/3404 1252/981/3917 1254/983/3404
f 1242/969/3405 1253/982/3405 1255/984/3405
f 1220/947/3406 1254/983/3406 1256/985/3406
f 1245/972/3408 1256/985/3408 1257/986/3408
f 1245/972/3410 1258/987/3918 1260/990/3410
f 1246/974/3412 1260/990/3919 1261/991/3412
f 1247/975/3414 1261/991/3414 1263/994/3414
f 1248/977/3415 1262/993/3415 1264/995/3416
f 1251/980/3418 1249/978/3920 1263/994/3418
f 1250/979/3420 1264/995/3420 1266/997/3420
f 1251/980/3421 1265/996/3921 1267/998/3421
f 1254/983/3422 1252/981/3422 1266/997/3422
f 1253/982/3424 1267/998/3424 1269/1000/3424
f 1254/983/3426 1268/999/3426 1257/986/3426
f 1255/984/3427 1269/1000/3427 1259/989/3428
f 1258/987/3430 1282/1015/3922 1271/1003/3430
f 1261/991/3431 1260/990/3431 1271/1003/3431
f 1261/991/3434 1272/1004/3923 1274/1007/3434
f 1262/993/3436 1273/1006/3924 1275/1008/3437
f 1265/996/3439 1263/994/3439 1274/1007/3439
f 1264/995/3441 1275/1008/3925 1277/1010/3442
f 1265/996/3443 1276/1009/3443 1278/1011/3443
f 1268/999/3445 1266/997/3445 1277/1010/3445
f 1269/1000/3446 1267/998/3926 1278/1011/3446
f 1268/999/3447 1279/1012/3447 1281/1014/3447
f 1259/989/3448 1269/1000/3449 1280/1013/3449
f 1258/987/3450 1257/986/3450 1281/1014/3450
f 1282/1015/3451 1295/1029/3927 1283/1016/3451
f 1272/1004/3452 1271/1003/3452 1283/1016/3452
f 1274/1007/3454 1272/1004/3928 1284/1017/3454
f 1273/1006/3455 1285/1019/3455 1287/1021/3455
f 1276/1009/3456 1274/1007/3456 1286/1020/3456
f 1275/1008/3457 1287/1021/3457 1289/1023/3457
f 1276/1009/3458 1288/1022/3458 1290/1024/3458
f 1279/1012/3459 1277/1010/3459 1289/1023/3459
f 1280/1013/3460 1278/1011/3460 1290/1024/3460
f 1279/1012/3462 1291/1025/3462 1293/1027/3462
f 1280/1013/3464 1292/1026/3929 1294/1028/3464
f 1281/1014/3466 1293/1027/3930 1295/1029/3466
f 1283/1016/3468 1308/1045/3468 1296/1031/3468
f 1284/1017/3470 1296/1031/3470 1298/1034/3470
f 1287/1021/3471 1285/1019/3472 1297/1033/3472
f 1288/1022/3473 1286/1020/3473 1298/1034/3473
f 1287/1021/3474 1299/1035/3931 1301/1037/3474
f 1288/1022/3475 1300/1036/3475 1302/1038/3475
f 1291/1025/3477 1289/1023/3478 1301/1037/3478
f 1292/1026/3479 1290/1024/3479 1302/1038/3479
f 1291/1025/3480 1303/1039/3480 1305/1041/3480
f 1292/1026/3482 1304/1040/3482 1306/1042/3483
f 1293/1027/3484 1305/1041/3484 1307/1043/3484
f 1295/1029/3487 1307/1043/3487 1308/1045/3487
f 1296/1031/3489 1321/1060/3932 1310/1048/3489
f 1299/1035/3490 1297/1033/3490 1309/1047/3490
f 1300/1036/3491 1298/1034/3933 1310/1048/3491
f 1299/1035/3493 1311/1049/3934 1313/1051/3493
f 1300/1036/3494 1312/1050/3935 1314/1052/3494
f 1303/1039/3495 1301/1037/3936 1313/1051/3496
f 1302/1038/3497 1314/1052/3497 1316/1054/3497
f 1303/1039/3498 1315/1053/3937 1317/1055/3498
f 1306/1042/3500 1304/1040/3500 1316/1054/3500
f 1305/1041/3501 1317/1055/3501 1319/1057/3501
f 1307/1043/3504 1319/1057/3504 1320/1059/3504
f 1296/1031/3505 1308/1045/3505 1320/1059/3505
f 1321/1060/3506 1333/1073/3506 1322/1061/3506
f 1309/1047/3507 1334/1075/3507 1323/1062/3508
f 1312/1050/3509 1310/1048/3509 1322/1061/3509
f 1311/1049/3510 1323/1062/3510 1325/1064/3510
f 1312/1050/3512 1324/1063/3512 1326/1065/3513
f 1315/1053/3515 1313/1051/3938 1325/1064/3515
f 1314/1052/3517 1326/1065/3517 1328/1067/3517
f 1315/1053/3518 1327/1066/3939 1329/1068/3518
f 1316/1054/3520 1328/1067/3520 1330/1069/3520
f 1319/1057/3521 1317/1055/3521 1329/1068/3521
f 1319/1057/3523 1331/1070/3523 1332/1072/3523
f 1320/1059/3525 1332/1072/3525 1333/1073/3525
f 1334/1075/3528 1347/1090/3528 1335/1076/3528
f 1324/1063/3529 1322/1061/3940 1336/1077/3529
f 1323/1062/3530 1335/1076/3530 1338/1079/3530
f 1324/1063/3531 1337/1078/3941 1339/1080/3531
f 1325/1064/3532 1338/1079/3942 1340/1081/3532
f 1328/1067/3533 1326/1065/3943 1339/1080/3533
f 1327/1066/3535 1340/1081/3535 1342/1083/3536
f 1328/1067/3538 1341/1082/3538 1343/1084/3538
f 1329/1068/3540 1342/1083/3944 1344/1085/3540
f 1331/1070/3542 1344/1085/3945 1345/1087/3542
f 1332/1072/3543 1345/1087/3543 1346/1088/3543
f 1333/1073/3546 1346/1088/3946 1336/1077/3546
f 1337/1078/3548 1336/1077/3947 1348/1091/3548
f 1335/1076/3549 1360/1105/3948 1350/1093/3549
f 1337/1078/3551 1349/1092/3551 1351/1094/3551
f 1340/1081/3552 1338/1079/3552 1350/1093/3552
f 1339/1080/3554 1351/1094/3554 1353/1096/3555
f 1340/1081/3557 1352/1095/3949 1354/1097/3557
f 1341/1082/3558 1353/1096/3558 1355/1098/3558
f 1342/1083/3560 1354/1097/3560 1356/1099/3560
f 1344/1085/3562 1356/1099/3950 1357/1101/3562
f 1346/1088/3563 1345/1087/3951 1357/1101/3563
f 1336/1077/3566 1346/1088/3566 1358/1102/3566
f 1335/1076/3568 1347/1090/3568 1359/1104/3568
f 1349/1092/3569 1372/1119/3952 1361/1106/3569
f 1350/1093/3570 1373/1120/3570 1362/1107/3570
f 1353/1096/3571 1351/1094/3572 1361/1106/3572
f 1352/1095/3573 1362/1107/3573 1364/1109/3573
f 1353/1096/3574 1363/1108/3574 1365/1110/3574
f 1356/1099/3576 1354/1097/3953 1364/1109/3576
f 1356/1099/3579 1366/1111/3579 1367/1113/3579
f 1357/1101/3580 1367/1113/3580 1368/1114/3580
f 1358/1102/3583 1368/1114/3954 1370/1117/3583
f 1360/1105/3584 1359/1104/3584 1369/1116/3584
f 1349/1092/3585 1348/1091/3585 1370/1117/3585
f 1360/1105/3587 1371/1118/3587 1373/1120/3588
f 1362/1107/3590 1373/1120/3590 1374/1121/3590
f 1363/1108/3591 1361/1106/3591 1376/1123/3591
f 1362/1107/3592 1375/1122/3592 1378/1125/3592
f 1363/1108/3594 1377/1124/3594 1379/1126/3595
f 1364/1109/3597 1378/1125/3597 1380/1127/3597
f 1366/1111/3599 1380/1127/3599 1381/1129/3599
f 1367/1113/3601 1381/1129/3955 1382/1130/3601
f 1368/1114/3603 1382/1130/3956 1384/1133/3603
f 1371/1118/3604 1369/1116/3604 1383/1132/3604
f 1372/1119/3605 1370/1117/3605 1384/1133/3605
f 1371/1118/3606 1385/1134/3957 1374/1121/3606
f 1372/1119/3607 1386/1135/3607 1376/1123/3607
f 1377/1124/3609 1376/1123/3609 1387/1136/3609
f 1375/1122/3610 1399/1150/3958 1389/1138/3610
f 1379/1126/3611 1377/1124/3612 1388/1137/3612
f 1378/1125/3613 1389/1138/3959 1391/1140/3613
f 1381/1129/3615 1380/1127/3615 1391/1140/3615
f 1381/1129/3616 1392/1142/3616 1393/1143/3616
f 1382/1130/3618 1393/1143/3618 1395/1146/3618
f 1383/1132/3619 1394/1145/3619 1396/1147/3620
f 1386/1135/3621 1384/1133/3621 1395/1146/3621
f 1385/1134/3622 1396/1147/3960 1398/1149/3622
f 1386/1135/3623 1397/1148/3961 1387/1136/3623
f 1375/1122/3625 1374/1121/3625 1398/1149/3625
f 1399/1150/3627 1411/1164/3627 1400/1151/3627
f 1388/1137/3628 1412/1165/3628 1401/1152/3628
f 1389/1138/3630 1400/1151/3962 1402/1153/3630
f 1391/1140/3633 1402/1153/3963 1403/1155/3633
f 1392/1142/3634 1403/1155/3964 1404/1156/3634
f 1395/1146/3636 1393/1143/3636 1404/1156/3636
f 1394/1145/3638 1405/1158/3965 1407/1160/3638
f 1397/1148/3639 1395/1146/3966 1406/1159/3639
f 1396/1147/3640 1407/1160/3967 1409/1162/3640
f 1397/1148/3641 1408/1161/3641 1410/1163/3641
f 1399/1150/3642 1398/1149/3642 1409/1162/3642
f 1388/1137/3643 1387/1136/3968 1410/1163/3643
f 1412/1165/3645 1424/1179/3645 1413/1166/3646
f 1400/1151/3647 1425/1180/3647 1414/1167/3647
f 1403/1155/3650 1402/1153/3969 1414/1167/3650
f 1403/1155/3651 1415/1169/3651 1416/1170/3651
f 1404/1156/3653 1416/1170/3653 1418/1173/3653
f 1405/1158/3654 1417/1172/3970 1419/1174/3655
f 1408/1161/3656 1406/1159/3657 1418/1173/3657
f 1407/1160/3658 1419/1174/3971 1421/1176/3659
f 1408/1161/3661 1420/1175/3661 1422/1177/3661
f 1411/1164/3662 1409/1162/3972 1421/1176/3662
f 1410/1163/3663 1422/1177/3663 1424/1179/3663
f 1411/1164/3664 1423/1178/3664 1425/1180/3664
f 1415/1169/3666 1414/1167/3973 1427/1183/3666
f 1415/1169/3667 1428/1184/3667 1429/1185/3667
f 1418/1173/3670 1416/1170/3974 1429/1185/3670
f 1417/1172/3671 1430/1187/3671 1432/1189/3672
f 1420/1175/3673 1418/1173/3975 1431/1188/3674
f 1419/1174/3676 1432/1189/3676 1434/1191/3676
f 1420/1175/3677 1433/1190/3976 1435/1192/3677
f 1423/1178/3678 1421/1176/3678 1434/1191/3678
f 1424/1179/3680 1422/1177/3680 1435/1192/3680
f 1423/1178/3682 1436/1193/3977 1438/1195/3682
f 1413/1166/3684 1424/1179/3685 1437/1194/3685
f 1425/1180/3686 1438/1195/3686 1427/1183/3686
f 1428/1184/3687 1427/1183/3687 1439/1196/3687
f 1428/1184/3688 1440/1197/3688 1441/1198/3688
f 1431/1188/3691 1429/1185/3691 1441/1198/3691
f 1432/1189/3693 1430/1187/3978 1442/1200/3694
f 1431/1188/3696 1443/1201/3979 1445/1203/3696
f 1432/1189/3698 1444/1202/3698 1446/1204/3699
f 1433/1190/3700 1445/1203/3700 1447/1205/3700
f 1436/1193/3701 1434/1191/3701 1446/1204/3701
f 1437/1194/3702 1435/1192/3703 1447/1205/3703
f 1436/1193/3704 1448/1206/3704 1450/1208/3704
f 1437/1194/3706 1449/1207/3706 1451/1209/3706
f 1438/1195/3707 1450/1208/3707 1439/1196/3707
f 1440/1197/3709 1464/1225/3709 1452/1211/3709
f 1443/1201/3711 1441/1198/3711 1452/1211/3711
f 1442/1200/3713 1453/1213/3980 1455/1215/3714
f 1443/1201/3716 1454/1214/3716 1456/1216/3716
f 1444/1202/3717 1455/1215/3981 1457/1217/3718
f 1445/1203/3719 1456/1216/3719 1458/1218/3719
f 1448/1206/3720 1446/1204/3721 1457/1217/3721
f 1449/1207/3722 1447/1205/3722 1458/1218/3722
f 1450/1208/3723 1448/1206/3723 1459/1219/3723
f 1449/1207/3725 1460/1220/3725 1462/1222/3725
f 1450/1208/3727 1461/1221/3727 1463/1223/3727
f 1439/1196/3729 1463/1223/3982 1464/1225/3729
f 1452/1211/3730 1464/1225/3730 1465/1226/3730
f 1454/1214/3733 1452/1211/3983 1466/1227/3733
f 1453/1213/3734 1467/1229/3984 1469/1231/3735
f 1454/1214/3737 1468/1230/3737 1470/1232/3737
f 1455/1215/3739 1469/1231/3739 1471/1233/3739
f 1456/1216/3741 1470/1232/3985 1472/1234/3741
f 1459/1219/3743 1457/1217/3743 1471/1233/3743
f 1460/1220/3744 1458/1218/3745 1472/1234/3745
f 1459/1219/3746 1473/1235/3746 1475/1237/3746
f 1460/1220/3747 1474/1236/3986 1476/1238/3748
f 1461/1221/3750 1475/1237/3750 1477/1239/3750
f 1463/1223/3752 1477/1239/3987 1465/1226/3752
f 1468/1230/3754 1466/1227/3988 1478/1241/3754
f 1467/1229/3755 1490/1255/3755 1480/1243/3756
f 1468/1230/3757 1479/1242/3989 1481/1244/3757
f 1469/1231/3759 1480/1243/3990 1482/1245/3759
f 1470/1232/3760 1481/1244/3760 1483/1246/3761
f 1473/1235/3763 1471/1233/3763 1482/1245/3763
f 1474/1236/3764 1472/1234/3991 1483/1246/3764
f 1475/1237/3766 1473/1235/3992 1484/1247/3767
f 1476/1238/3768 1474/1236/3769 1485/1248/3769
f 1475/1237/3771 1486/1249/3993 1488/1251/3771
f 1477/1239/3773 1488/1251/3773 1489/1253/3773
f 1465/1226/3774 1489/1253/3774 1478/1241/3774
f 1490/1256/3777 1502/1282/3777 1491/1257/3778
f 1479/1259/3779 1503/1283/3779 1492/1260/3779
f 1480/1258/3780 1491/1257/3780 1493/1262/3780
f 1481/1261/3782 1492/1260/3782 1494/1264/3782
f 1484/1266/3783 1482/1263/3784 1493/1262/3784
f 1485/1268/3785 1483/1265/3786 1494/1264/3786
f 1486/1270/3787 1484/1266/3787 1495/1267/3787
f 1485/1268/3789 1496/1269/3994 1498/1272/3789
f 1486/1270/3790 1497/1271/3995 1499/1274/3790
f 1488/1275/3793 1499/1274/3996 1500/1277/3793
f 1489/1278/3794 1500/1277/3794 1501/1279/3794
f 1479/1259/3796 1478/1280/3796 1501/1279/3796
f 1503/1283/3797 1515/1297/3797 1504/1284/3797
f 1491/1257/3798 1516/1298/3997 1505/1285/3798
f 1492/1260/3799 1504/1284/3799 1506/1286/3800
f 1493/1262/3801 1505/1285/3801 1507/1287/3802
f 1494/1264/3804 1506/1286/3804 1508/1288/3805
f 1495/1267/3807 1507/1287/3807 1509/1289/3807
f 1496/1269/3809 1508/1288/3809 1510/1290/3810
f 1497/1271/3812 1509/1289/3812 1511/1291/3812
f 1499/1274/3814 1511/1291/3814 1512/1293/3814
f 1500/1277/3815 1512/1293/3815 1513/1294/3815
f 1503/1283/3817 1501/1279/3817 1513/1294/3817
f 1491/1257/3818 1502/1282/3818 1514/1296/3818
f 1516/1298/3819 1528/1312/3819 1517/1299/3820
f 1504/1284/3822 1529/1313/3822 1518/1300/3822
f 1507/1287/3823 1505/1285/3998 1517/1299/3824
f 1508/1288/3825 1506/1286/3826 1518/1300/3826
f 1509/1289/3827 1507/1287/3827 1519/1301/3827
f 1508/1288/3829 1520/1302/3829 1522/1304/3830
f 1509/1289/3831 1521/1303/3831 1523/1305/3831
f 1511/1291/3833 1523/1305/3833 1524/1307/3833
f 1512/1293/3834 1524/1307/3834 1525/1308/3834
f 1515/1297/3836 1513/1294/3836 1525/1308/3836
f 1514/1296/3837 1526/1310/3837 1528/1312/3838
f 1515/1297/3839 1527/1311/3839 1529/1313/3839
f 1529/1313/3841 1541/1327/3841 1530/1314/3841
f 1517/1299/3842 1542/1328/3842 1531/1315/3842
f 1518/1300/3844 1530/1314/3844 1532/1316/3844
f 1521/1303/3846 1519/1301/3846 1531/1315/3846
f 1520/1302/3847 1532/1316/3847 1534/1318/3847
f 1521/1303/3848 1533/1317/3848 1535/1319/3848
f 1523/1305/3850 1535/1319/3999 1536/1321/3850
f 1524/1307/3851 1536/1321/3851 1537/1322/3851
f 1527/1311/3853 1525/1308/3853 1537/1322/3853
f 1526/1310/3854 1538/1324/4000 1540/1326/3854
f 1527/1311/3855 1539/1325/3855 1541/1327/3855
f 1528/1312/3856 1540/1326/3856 1542/1328/3856
f 1532/1316/3857 1530/1314/3857 1543/1329/3857
f 1533/1317/3859 1531/1315/4001 1545/1331/3859
f 1532/1316/3860 1544/1330/3860 1547/1333/3861
f 1533/1317/3863 1546/1332/4002 1548/1334/3863
f 1535/1319/3865 1548/1334/4003 1549/1336/3865
f 1536/1321/3866 1549/1336/3866 1550/1337/3866
f 1539/1325/3868 1537/1322/3868 1550/1337/3868
f 1538/1324/3870 1551/1339/3870 1553/1341/3870
f 1539/1325/3871 1552/1340/4004 1554/1342/3871
f 1540/1326/3873 1553/1341/3873 1555/1343/3873
f 1541/1327/3874 1554/1342/4005 1543/1329/3874
f 1542/1328/3875 1555/1343/3875 1545/1331/3875
f 1546/1332/3876 1545/1331/3876 1556/1344/3876
f 1544/1330/3877 1568/1358/3877 1558/1346/3878
f 1546/1332/3880 1557/1345/4006 1559/1347/3880
f 1548/1334/3883 1559/1347/4007 1560/1349/3883
f 1550/1337/3884 1549/1336/3884 1560/1349/3884
f 1552/1340/3886 1550/1337/3886 1561/1350/3886
f 1551/1339/3887 1562/1352/3887 1564/1354/3887
f 1552/1340/3889 1563/1353/4008 1565/1355/3889
f 1553/1341/3890 1564/1354/3890 1566/1356/3890
f 1543/1329/3891 1554/1342/3891 1565/1355/3891
f 1555/1343/3892 1566/1356/3892 1556/1344/3892
f 1543/1329/3893 1567/1357/3893 1568/1358/3893
f 1558/1346/3894 1568/1358/3894 1218/945/3894
f 1557/1345/3895 1219/946/4009 1225/952/3895
f 1559/1347/3897 1225/952/3897 1228/955/3897
f 1560/1349/3898 1228/955/3898 1229/956/3898
f 1563/1353/3900 1561/1350/3900 1229/956/3900
f 1562/1352/3901 1231/958/3901 1237/964/3901
f 1563/1353/3902 1234/961/3902 1239/966/3902
f 1564/1354/3903 1237/964/4010 1241/968/3903
f 1567/1357/3904 1565/1355/3904 1239/966/3904
f 1566/1356/3905 1241/968/3905 1243/970/3906
f 1568/1358/3907 1567/1357/3907 1216/943/3907
f 1557/1345/3908 1556/1344/3908 1243/970/3908
